match_id,tournament_id,bot_a,bot_a_name,bot_a_commit,bot_b,bot_b_name,bot_b_commit,map,map_set,seed,tle,kind,engine_winner,winner,score_a,win_condition,turns,resign_message,a_titanium,a_titanium_collected,a_units,a_buildings,b_titanium,b_titanium_collected,b_units,b_buildings,status,error,duration_s,host,lsf_job,finished_at
004ef15f54c09ff1,auto-464e99b7c589,hoenir@5907a3b,hoenir,5907a3b,e_t4l7@9e77076,e_t4l7,9e77076,sprint,all_official,1,0,rating,b,b,0.0,titanium_collected,1000,,30,3090,7,19,6326,6730,7,19,ok,,8.837,n-62-31-17,29052882,2026-08-08T18:05:03+0200
005a240640bd0670,auto-464e99b7c589,skadi@1e4eddf,skadi,1e4eddf,hoenir@5907a3b,hoenir,5907a3b,meander,all_official,1,0,rating,a,a,1.0,core_destroyed,97,,9,0,6,5,8,10,7,5,ok,,3.043,n-62-28-28,29052882,2026-08-08T18:07:40+0200
00657c1f3e6d80c9,auto-464e99b7c589,e_t4l7@9e77076,e_t4l7,9e77076,hoenir@5907a3b,hoenir,5907a3b,sweden,all_official,1,0,rating,b,b,0.0,core_destroyed,993,,645,1980,10,85,10,2440,9,21,ok,,12.297,n-62-31-17,29052882,2026-08-08T18:06:05+0200
00686f6bb06fcdd5,auto-464e99b7c589,hoenir@5907a3b,hoenir,5907a3b,prospect_rushonly@bf9b3e3,prospect_rushonly,bf9b3e3,hive,all_official,1,0,rating,b,b,0.0,core_destroyed,113,,9,260,6,16,9,260,9,8,ok,,4.929,n-62-31-16,29052882,2026-08-08T18:06:28+0200
00716bfc50df9c40,auto-464e99b7c589,hodr@ea88247,hodr,ea88247,hoenir@5907a3b,hoenir,5907a3b,bridge,all_official,1,0,rating,b,b,0.0,core_destroyed,145,,48,0,7,12,33,670,11,15,ok,,4.864,n-62-21-53,29052882,2026-08-08T18:04:56+0200
00736fef36ec8ef6,auto-464e99b7c589,prospect@bf9b3e3,prospect,bf9b3e3,hoenir@5907a3b,hoenir,5907a3b,heart,all_official,1,0,rating,a,a,1.0,core_destroyed,313,,9,0,9,4,10,20,7,7,ok,,5.031,n-62-31-21,29052882,2026-08-08T18:06:30+0200
0077375dd1ca190d,auto-464e99b7c589,hoenir@5907a3b,hoenir,5907a3b,audhumla@a7faecd,audhumla,a7faecd,antler,all_official,1,0,rating,b,b,0.0,core_destroyed,214,,6,650,7,10,18,1040,9,15,ok,,4.572,n-62-11-67,29052882,2026-08-08T18:05:12+0200
007d3588acfad578,auto-464e99b7c589,hoenir@5907a3b,hoenir,5907a3b,pantheon_replica_day3@aa8bae0,pantheon_replica_day3,aa8bae0,showdown,all_official,1,0,rating,a,a,1.0,core_destroyed,109,,9,210,7,21,10,0,8,7,ok,,3.278,n-62-30-24,29052882,2026-08-08T18:06:27+0200
007fd257c439561c,auto-464e99b7c589,hoenir@5907a3b,hoenir,5907a3b,odin@93e46da,odin,93e46da,duel,all_official,1,0,rating,a,a,1.0,core_destroyed,48,,26,200,9,7,20,190,8,9,ok,,3.112,n-62-28-28,29052882,2026-08-08T18:06:47+0200
008cefdb5aa62698,auto-464e99b7c589,skadi@6a2af02,skadi,6a2af02,hoenir@5907a3b,hoenir,5907a3b,atoll,all_official,1,0,rating,b,b,0.0,core_destroyed,111,,5,250,8,20,5,500,12,11,ok,,4.486,n-62-21-89,29052882,2026-08-08T18:07:10+0200
00a09d820f27d6ea,auto-464e99b7c589,gobbleglitch@6cdc440,gobbleglitch,6cdc440,hoenir@5907a3b,hoenir,5907a3b,fjord,all_official,1,0,rating,b,b,0.0,core_destroyed,67,,59,140,8,3,9,300,9,16,ok,,2.904,n-62-13-7,29052882,2026-08-08T18:04:42+0200
00d5f35868bd563c,auto-464e99b7c589,pantheon_replica_day3@aa8bae0,pantheon_replica_day3,aa8bae0,hoenir@5907a3b,hoenir,5907a3b,fjordgate,all_official,1,0,rating,b,b,0.0,core_destroyed,157,,10,0,9,1,9,10,5,17,ok,,3.501,n-62-29-5,29052882,2026-08-08T18:06:33+0200
00db54033bba8985,auto-464e99b7c589,ostara@832c68a,ostara,832c68a,hoenir@5907a3b,hoenir,5907a3b,archipelago,all_official,1,0,rating,b,b,0.0,core_destroyed,79,,8,480,9,16,6,420,7,22,ok,,3.994,n-62-29-16,29052882,2026-08-08T18:06:20+0200
00ee37a37577a537,auto-464e99b7c589,lockin@90fc9f3,lockin,90fc9f3,hoenir@5907a3b,hoenir,5907a3b,runestone,all_official,1,0,rating,b,b,0.0,core_destroyed,67,,30,0,12,1,10,140,9,17,ok,,6.195,n-62-29-31,29052882,2026-08-08T18:06:05+0200
00f579acf87e53ae,auto-464e99b7c589,ragnarok_fair@79582fc,ragnarok_fair,79582fc,hoenir@5907a3b,hoenir,5907a3b,saga,all_official,1,0,rating,b,b,0.0,core_destroyed,76,,51,510,8,41,44,290,7,30,ok,,3.789,n-62-11-68,29052882,2026-08-08T18:07:01+0200
00f8fab3b04a579a,auto-464e99b7c589,bastion@840a180,bastion,840a180,hoenir@5907a3b,hoenir,5907a3b,atoll,all_official,1,0,rating,b,b,0.0,core_destroyed,54,,6,120,9,6,8,200,9,7,ok,,3.411,n-62-11-64,29052882,2026-08-08T18:05:08+0200
00ff9e0b639b769e,auto-464e99b7c589,hoenir@5907a3b,hoenir,5907a3b,freyr@c2c0d3d,freyr,c2c0d3d,showdown,all_official,1,0,rating,a,a,1.0,core_destroyed,98,,6,160,6,13,8,190,6,16,ok,,2.967,n-62-12-2,29052882,2026-08-08T18:04:58+0200
011d7ff794fdfbc4,auto-464e99b7c589,aegis@e55aab5,aegis,e55aab5,hoenir@5907a3b,hoenir,5907a3b,antler,all_official,1,0,rating,b,b,0.0,core_destroyed,77,,10,340,7,10,58,330,6,9,ok,,3.084,n-62-31-4,29052882,2026-08-08T18:04:43+0200
0153ebccdcd3d7f5,auto-464e99b7c589,hoenir@5907a3b,hoenir,5907a3b,mjolnir@2e6c876,mjolnir,2e6c876,vault,all_official,1,0,rating,a,a,1.0,core_destroyed,179,,8,840,10,18,10,700,6,21,ok,,6.47,n-62-11-67,29052882,2026-08-08T18:05:51+0200
0183a45253c335eb,auto-464e99b7c589,hoenir@5907a3b,hoenir,5907a3b,ragnarok_fair@79582fc,ragnarok_fair,79582fc,vault,all_official,1,0,rating,a,a,1.0,core_destroyed,92,,18,400,9,14,12,320,10,8,ok,,3.916,n-62-11-66,29052882,2026-08-08T18:07:29+0200
0185ca17ab1ab308,auto-464e99b7c589,fulla@ec5aa19,fulla,ec5aa19,hoenir@5907a3b,hoenir,5907a3b,pinch,all_official,1,0,rating,b,b,0.0,core_destroyed,329,,13,100,8,1,10,800,7,10,ok,,4.587,n-62-21-4,29052882,2026-08-08T18:04:56+0200
019765ba47248d8b,auto-464e99b7c589,spork@05ab6a2,spork,05ab6a2,hoenir@5907a3b,hoenir,5907a3b,showdown,all_official,1,0,rating,a,a,1.0,core_destroyed,139,,40,830,10,24,9,300,6,16,ok,,4.123,n-62-21-89,29052882,2026-08-08T18:07:47+0200
01debaa984bcec3d,auto-464e99b7c589,spork@05ab6a2,spork,05ab6a2,hoenir@5907a3b,hoenir,5907a3b,quarry,all_official,1,0,rating,a,a,1.0,core_destroyed,145,,10,0,8,6,8,0,8,4,ok,,5.606,n-62-21-89,29052882,2026-08-08T18:07:09+0200
01f7a218ef5b62a4,auto-464e99b7c589,gefn@46ac5e6,gefn,46ac5e6,hoenir@5907a3b,hoenir,5907a3b,archipelago,all_official,1,0,rating,b,b,0.0,core_destroyed,63,,100,450,7,26,10,360,7,24,ok,,3.232,n-62-21-18,29052882,2026-08-08T18:05:25+0200
02058e4af0f7b8a4,auto-464e99b7c589,hoenir@5907a3b,hoenir,5907a3b,casemate_oracle@90fc9f3,casemate_oracle,90fc9f3,string,all_official,1,0,rating,b,b,0.0,core_destroyed,95,,10,40,8,7,75,0,5,3,ok,,3.377,n-62-29-27,29052882,2026-08-08T18:04:39+0200
0230c77494f6746c,auto-464e99b7c589,spar_sniper@aa24129,spar_sniper,aa24129,hoenir@5907a3b,hoenir,5907a3b,sprint,all_official,1,0,rating,b,b,0.0,core_destroyed,557,,10,30,6,1,9,90,7,3,ok,,6.007,n-62-31-19,29052882,2026-08-08T18:07:33+0200
025d435cd1aa721d,auto-464e99b7c589,hoenir@5907a3b,hoenir,5907a3b,odin@93e46da,odin,93e46da,twins,all_official,1,0,rating,a,a,1.0,core_destroyed,92,,18,210,7,9,20,120,7,8,ok,,3.378,n-62-29-15,29052882,2026-08-08T18:07:00+0200
028368755a2c6029,auto-464e99b7c589,hoenir@5907a3b,hoenir,5907a3b,magni@3677a66,magni,3677a66,archipelago,all_official,1,0,rating,a,a,1.0,core_destroyed,66,,20,500,9,25,9,150,8,14,ok,,3.706,n-62-11-52,29052882,2026-08-08T18:05:47+0200
028efd386baf9679,auto-464e99b7c589,hoenir@5907a3b,hoenir,5907a3b,loki@832c68a,loki,832c68a,archipelago,all_official,1,0,rating,b,b,0.0,core_destroyed,63,,100,450,7,26,10,360,7,24,ok,,3.168,n-62-29-27,29052882,2026-08-08T18:05:33+0200
029299329966fdf6,auto-464e99b7c589,hoenir@5907a3b,hoenir,5907a3b,gefjon@f66a427,gefjon,f66a427,drumlin,all_official,1,0,rating,a,a,1.0,core_destroyed,87,,59,770,8,23,7,340,5,19,ok,,4.2,n-62-21-14,29052882,2026-08-08T18:04:48+0200
02a4fa409d7faccd,auto-464e99b7c589,hoenir@5907a3b,hoenir,5907a3b,odin@38e1456,odin,38e1456,fjordgate,all_official,1,0,rating,a,a,1.0,core_destroyed,218,,10,0,8,2,9,0,9,0,ok,,3.926,n-62-21-92,29052882,2026-08-08T18:06:25+0200
02a57a43e482fbdd,auto-464e99b7c589,hoenir@5907a3b,hoenir,5907a3b,ostara@832c68a,ostara,832c68a,eider,all_official,1,0,rating,b,b,0.0,core_destroyed,59,,4,120,8,7,20,360,7,12,ok,,3.385,n-62-29-31,29052882,2026-08-08T18:06:30+0200
02d2bb760cf8f672,auto-464e99b7c589,hoenir@5907a3b,hoenir,5907a3b,casemate_oracle@90fc9f3,casemate_oracle,90fc9f3,nordkap,all_official,1,0,rating,a,a,1.0,core_destroyed,62,,8,130,8,5,20,0,8,15,ok,,3.811,n-62-29-31,29052882,2026-08-08T18:04:39+0200
02e679a84d66784b,auto-464e99b7c589,hoenir@5907a3b,hoenir,5907a3b,aegis@e55aab5,aegis,e55aab5,longship,all_official,1,0,rating,a,a,1.0,core_destroyed,68,,29,280,7,12,10,240,9,22,ok,,3.87,n-62-31-24,29052882,2026-08-08T18:04:40+0200
02e865e4b154311e,auto-464e99b7c589,casemate_oracle@90fc9f3,casemate_oracle,90fc9f3,hoenir@5907a3b,hoenir,5907a3b,lighthouse,all_official,1,0,rating,b,b,0.0,core_destroyed,96,,259,0,5,6,20,410,7,13,ok,,2.87,n-62-29-9,29052882,2026-08-08T18:05:00+0200
02f524e96a4e40ee,auto-464e99b7c589,hoenir@5907a3b,hoenir,5907a3b,magni@3677a66,magni,3677a66,skerry,all_official,1,0,rating,b,b,0.0,core_destroyed,74,,8,320,9,10,8,330,8,19,ok,,4.02,n-62-21-90,29052882,2026-08-08T18:05:33+0200
02ff878d749a332b,auto-464e99b7c589,hoenir@5907a3b,hoenir,5907a3b,odin@38e1456,odin,38e1456,duel,all_official,1,0,rating,a,a,1.0,core_destroyed,48,,26,200,9,7,20,190,8,9,ok,,3.119,n-62-21-92,29052882,2026-08-08T18:06:01+0200
0314f9a9c0ab7060,auto-464e99b7c589,njord@f66a427,njord,f66a427,hoenir@5907a3b,hoenir,5907a3b,hive,all_official,1,0,rating,b,b,0.0,core_destroyed,385,,9,50,8,10,8,940,9,22,ok,,7.729,n-62-11-60,29052882,2026-08-08T18:06:37+0200
031acb2047df12bf,auto-464e99b7c589,hoenir@5907a3b,hoenir,5907a3b,prospect_rushonly@bf9b3e3,prospect_rushonly,bf9b3e3,aurora,all_official,1,0,rating,a,a,1.0,core_destroyed,89,,9,380,8,19,9,270,9,19,ok,,3.942,n-62-31-24,29052882,2026-08-08T18:06:32+0200
0332522e26867cbe,auto-464e99b7c589,hoenir@5907a3b,hoenir,5907a3b,loki@9ac8974,loki,9ac8974,hive,all_official,1,0,rating,b,b,0.0,core_destroyed,137,,9,320,8,17,12,410,8,19,ok,,4.689,n-62-31-8,29052882,2026-08-08T18:05:30+0200
035cccd84de7fe27,auto-464e99b7c589,hoenir@5907a3b,hoenir,5907a3b,forseti@37dc858,forseti,37dc858,bridge,all_official,1,0,rating,a,a,1.0,core_destroyed,149,,66,900,15,19,96,0,5,2,ok,,6.244,n-62-11-55,29052882,2026-08-08T18:04:42+0200
0360163ef82b3bc9,auto-464e99b7c589,hoenir@5907a3b,hoenir,5907a3b,snotra@34b0ce8,snotra,34b0ce8,sprint,all_official,1,0,rating,b,b,0.0,core_destroyed,187,,7,20,7,4,17,440,6,6,ok,,3.634,n-62-30-25,29052882,2026-08-08T18:06:54+0200
0369c43488d931e7,auto-464e99b7c589,jonbot_190003d@90fc9f3,jonbot_190003d,90fc9f3,hoenir@5907a3b,hoenir,5907a3b,longship,all_official,1,0,rating,a,a,1.0,core_destroyed,254,,351,610,9,11,10,680,8,18,ok,,5.917,n-62-31-9,29052882,2026-08-08T18:05:36+0200
037d60081fbfd420,auto-464e99b7c589,skadi@6a2af02,skadi,6a2af02,hoenir@5907a3b,hoenir,5907a3b,quarry,all_official,1,0,rating,a,a,1.0,titanium_collected,1000,,17,410,8,33,17,0,6,7,ok,,12.685,n-62-28-34,29052882,2026-08-08T18:06:59+0200
03aaa0d36a1c57bb,auto-464e99b7c589,magni@3677a66,magni,3677a66,hoenir@5907a3b,hoenir,5907a3b,meander,all_official,1,0,rating,b,b,0.0,titanium_collected,1000,,16,230,8,10,16,310,7,7,ok,,8.435,n-62-11-58,29052882,2026-08-08T18:05:56+0200
03bc8c6631e0f004,auto-464e99b7c589,hoenir@5907a3b,hoenir,5907a3b,mjolnir@2e6c876,mjolnir,2e6c876,atoll,all_official,1,0,rating,a,a,1.0,core_destroyed,119,,8,540,12,9,8,540,8,20,ok,,4.691,n-62-31-7,29052882,2026-08-08T18:05:46+0200
03d60d763e6f91eb,auto-464e99b7c589,hoenir@5907a3b,hoenir,5907a3b,njord@f66a427,njord,f66a427,vase,all_official,1,0,rating,a,a,1.0,core_destroyed,254,,10,0,7,7,45,110,8,5,ok,,6.27,n-62-11-63,29052882,2026-08-08T18:06:23+0200
03e147d73aae4846,auto-464e99b7c589,hoenir@5907a3b,hoenir,5907a3b,snotra_h@4437c29,snotra_h,4437c29,showdown,all_official,1,0,rating,a,a,1.0,core_destroyed,466,,8,1120,6,17,8,740,6,7,ok,,5.003,n-62-11-61,29052882,2026-08-08T18:07:05+0200
03e3ca62e6055281,auto-464e99b7c589,magni@3677a66,magni,3677a66,hoenir@5907a3b,hoenir,5907a3b,hive,all_official,1,0,rating,b,b,0.0,core_destroyed,385,,9,50,8,10,8,940,9,22,ok,,7.005,n-62-11-51,29052882,2026-08-08T18:06:07+0200
03e494faa747eaa7,auto-464e99b7c589,hoenir@5907a3b,hoenir,5907a3b,bifrost@c70c467,bifrost,c70c467,bridge,all_official,1,0,rating,b,b,0.0,core_destroyed,239,,102,190,10,9,60,180,9,11,ok,,7.501,n-62-28-28,29052882,2026-08-08T18:05:10+0200
03e949cf72f2a1e4,auto-464e99b7c589,hoenir@5907a3b,hoenir,5907a3b,bifrost@c70c467,bifrost,c70c467,longship,all_official,1,0,rating,b,b,0.0,core_destroyed,217,,9,110,8,7,9,520,6,11,ok,,5.421,n-62-28-33,29052882,2026-08-08T18:05:40+0200
03eec1238e48f3ee,auto-464e99b7c589,njord@f66a427,njord,f66a427,hoenir@5907a3b,hoenir,5907a3b,saga,all_official,1,0,rating,a,a,1.0,core_destroyed,116,,18,440,9,24,20,510,7,26,ok,,4.786,n-62-11-62,29052882,2026-08-08T18:06:23+0200
043c05846aa550e0,auto-464e99b7c589,hoenir@5907a3b,hoenir,5907a3b,jonbot@90fc9f3,jonbot,90fc9f3,snowflake,all_official,1,0,rating,a,a,1.0,core_destroyed,124,,56,2060,17,51,689,810,8,18,ok,,6.124,n-62-11-66,29052882,2026-08-08T18:05:53+0200
0449f71dad515a9f,auto-464e99b7c589,hoenir@5907a3b,hoenir,5907a3b,mjolnir@2e6c876,mjolnir,2e6c876,fjordgate,all_official,1,0,rating,b,b,0.0,core_destroyed,633,,10,0,8,3,9,0,5,5,ok,,5.18,n-62-21-18,29052882,2026-08-08T18:07:07+0200
0487523ffd4ae2bb,auto-464e99b7c589,hoenir@5907a3b,hoenir,5907a3b,mjolnir@2e6c876,mjolnir,2e6c876,skerry,all_official,1,0,rating,a,a,1.0,core_destroyed,97,,8,610,8,12,10,430,6,27,ok,,4.023,n-62-31-22,29052882,2026-08-08T18:06:08+0200
048b8ab014c6176e,auto-464e99b7c589,freyr@c2c0d3d,freyr,c2c0d3d,hoenir@5907a3b,hoenir,5907a3b,duel,all_official,1,0,rating,b,b,0.0,core_destroyed,47,,9,190,8,6,7,200,8,6,ok,,3.119,n-62-12-7,29052882,2026-08-08T18:04:49+0200
04b1545af1d454d2,auto-464e99b7c589,audhumla@a7faecd,audhumla,a7faecd,hoenir@5907a3b,hoenir,5907a3b,saga,all_official,1,0,rating,b,b,0.0,core_destroyed,103,,160,530,9,35,7,490,8,39,ok,,4.167,n-62-11-66,29052882,2026-08-08T18:04:44+0200
04b9962d3417e72c,auto-464e99b7c589,hoenir@5907a3b,hoenir,5907a3b,steward_hardened_reinforced@cdc552f,steward_hardened_reinforced,cdc552f,atoll,all_official,1,0,rating,a,a,1.0,titanium_collected,1000,,26,2470,8,18,22,840,8,7,ok,,9.069,n-62-28-28,29052882,2026-08-08T18:07:43+0200
04c1b8974b6e7202,auto-464e99b7c589,gefjon@f66a427,gefjon,f66a427,hoenir@5907a3b,hoenir,5907a3b,lighthouse,all_official,1,0,rating,b,b,0.0,core_destroyed,109,,8,690,7,25,37,690,7,11,ok,,3.547,n-62-21-17,29052882,2026-08-08T18:06:39+0200
04c87d57c312d225,auto-464e99b7c589,hoenir@5907a3b,hoenir,5907a3b,snotra@34b0ce8,snotra,34b0ce8,crossfire,all_official,1,0,rating,a,a,1.0,core_destroyed,94,,8,220,7,5,8,140,9,2,ok,,3.072,n-62-29-29,29052882,2026-08-08T18:06:44+0200
04cbdba1755d4f0e,auto-464e99b7c589,prospect_rushonly@bf9b3e3,prospect_rushonly,bf9b3e3,hoenir@5907a3b,hoenir,5907a3b,lighthouse,all_official,1,0,rating,b,b,0.0,core_destroyed,60,,14,80,7,11,19,320,8,11,ok,,3.671,n-62-31-16,29052882,2026-08-08T18:06:50+0200
04f20c97cb651938,auto-464e99b7c589,hoenir@5907a3b,hoenir,5907a3b,maporacle@38e1456,maporacle,38e1456,saga,all_official,1,0,rating,b,b,0.0,core_destroyed,134,,58,530,13,23,10,460,7,16,ok,,6.546,n-62-21-1,29052882,2026-08-08T18:05:47+0200
04f3d5f2a333859f,auto-464e99b7c589,hoenir@5907a3b,hoenir,5907a3b,janus@8a1e7a1,janus,8a1e7a1,duel,all_official,1,0,rating,a,a,1.0,core_destroyed,52,,28,220,7,6,20,210,6,8,ok,,3.206,n-62-21-64,29052882,2026-08-08T18:05:22+0200
0500cc9ca8c80a15,auto-464e99b7c589,hoenir@5907a3b,hoenir,5907a3b,magni@3677a66,magni,3677a66,atoll,all_official,1,0,rating,a,a,1.0,core_destroyed,84,,28,370,8,22,10,260,10,7,ok,,3.778,n-62-11-52,29052882,2026-08-08T18:05:54+0200
054d263d569faf71,auto-464e99b7c589,prospect_rushonly@bf9b3e3,prospect_rushonly,bf9b3e3,hoenir@5907a3b,hoenir,5907a3b,meander,all_official,1,0,rating,b,b,0.0,core_destroyed,326,,10,270,4,2,8,130,6,11,ok,,3.828,n-62-31-22,29052882,2026-08-08T18:06:21+0200
056ea9e630979b8e,auto-464e99b7c589,hoenir@5907a3b,hoenir,5907a3b,mistral@90fc9f3,mistral,90fc9f3,fjord,all_official,1,0,rating,a,a,1.0,core_destroyed,52,,19,230,9,20,146,0,7,0,ok,,5.883,n-62-30-23,29052882,2026-08-08T18:06:19+0200
05799c86016fdfc0,auto-464e99b7c589,hoenir@5907a3b,hoenir,5907a3b,skadi@6a2af02,skadi,6a2af02,showdown,all_official,1,0,rating,a,a,1.0,titanium_collected,1000,,16,40,7,10,17,0,6,3,ok,,8.237,n-62-28-34,29052882,2026-08-08T18:07:42+0200
057ac838dd0c97b1,auto-464e99b7c589,hoenir@5907a3b,hoenir,5907a3b,mistral@90fc9f3,mistral,90fc9f3,moonrise,all_official,1,0,rating,a,a,1.0,core_destroyed,49,,20,90,5,8,56,0,9,0,ok,,4.179,n-62-21-24,29052882,2026-08-08T18:06:10+0200
057d41916530ce40,auto-464e99b7c589,hoenir@5907a3b,hoenir,5907a3b,steward_hardened_reinforced@f1f2bda,steward_hardened_reinforced,f1f2bda,atoll,all_official,1,0,rating,a,a,1.0,core_destroyed,79,,9,340,8,22,5,250,10,7,ok,,3.742,n-62-29-27,29052882,2026-08-08T18:07:53+0200
058b3159b2229687,auto-464e99b7c589,hoenir@5907a3b,hoenir,5907a3b,njord@f66a427,njord,f66a427,archipelago,all_official,1,0,rating,a,a,1.0,core_destroyed,66,,20,500,9,25,9,150,8,14,ok,,4.38,n-62-11-67,29052882,2026-08-08T18:06:10+0200
05b329d4a1985c20,auto-464e99b7c589,hoenir@5907a3b,hoenir,5907a3b,freyr@c2c0d3d,freyr,c2c0d3d,sweden,all_official,1,0,rating,a,a,1.0,core_destroyed,138,,10,310,9,14,151,150,7,10,ok,,4.469,n-62-12-3,29052882,2026-08-08T18:05:23+0200
05b431fa0b452c8d,auto-464e99b7c589,fenrir2@6b39ebb,fenrir2,6b39ebb,hoenir@5907a3b,hoenir,5907a3b,duel,all_official,1,0,rating,b,b,0.0,core_destroyed,97,,10,230,4,4,18,450,9,6,ok,,3.569,n-62-31-20,29052882,2026-08-08T18:04:43+0200
05d5587438115847,auto-464e99b7c589,hoenir@5907a3b,hoenir,5907a3b,steward_hardened_reinforced@04300bf,steward_hardened_reinforced,04300bf,runestone,all_official,1,0,rating,a,a,1.0,core_destroyed,310,,9,580,8,14,8,70,8,5,ok,,4.436,n-62-11-55,29052882,2026-08-08T18:07:52+0200
05ed661e4f92f17b,auto-464e99b7c589,hoenir@5907a3b,hoenir,5907a3b,skadi@aad5f44,skadi,aad5f44,skerry,all_official,1,0,rating,a,a,1.0,core_destroyed,110,,26,720,9,13,6,420,8,7,ok,,3.502,n-62-31-21,29052882,2026-08-08T18:06:53+0200
05f49131efd232a8,auto-464e99b7c589,e_t4l7@9e77076,e_t4l7,9e77076,hoenir@5907a3b,hoenir,5907a3b,skerry,all_official,1,0,rating,b,b,0.0,core_destroyed,409,,1802,2960,10,31,10,2950,8,25,ok,,6.761,n-62-30-25,29052882,2026-08-08T18:06:10+0200
060693f42e415b4c,auto-464e99b7c589,odin@93e46da,odin,93e46da,hoenir@5907a3b,hoenir,5907a3b,vase,all_official,1,0,rating,a,a,1.0,titanium_stored,1000,,2351,2460,3,7,249,2460,6,7,ok,,13.679,n-62-29-15,29052882,2026-08-08T18:07:23+0200
060e11a075db480e,auto-464e99b7c589,mjolnir@2e6c876,mjolnir,2e6c876,hoenir@5907a3b,hoenir,5907a3b,fjordgate,all_official,1,0,rating,b,b,0.0,core_destroyed,57,,9,0,6,5,9,0,5,2,ok,,2.386,n-62-21-18,29052882,2026-08-08T18:07:09+0200
0611d7a479870837,auto-464e99b7c589,hoenir@5907a3b,hoenir,5907a3b,gefn@46ac5e6,gefn,46ac5e6,duel,all_official,1,0,rating,b,b,0.0,core_destroyed,47,,9,190,8,6,7,200,8,6,ok,,3.376,n-62-21-12,29052882,2026-08-08T18:04:39+0200
062ff3dc4f89febb,auto-464e99b7c589,hoenir@5907a3b,hoenir,5907a3b,audhumla@a7faecd,audhumla,a7faecd,longship,all_official,1,0,rating,b,b,0.0,core_destroyed,131,,7,140,7,5,20,610,10,18,ok,,4.955,n-62-11-68,29052882,2026-08-08T18:05:44+0200
064b552321c263a0,auto-464e99b7c589,forseti@37dc858,forseti,37dc858,hoenir@5907a3b,hoenir,5907a3b,saga,all_official,1,0,rating,a,a,1.0,core_destroyed,116,,18,440,9,24,20,510,7,26,ok,,4.949,n-62-11-51,29052882,2026-08-08T18:05:11+0200
0656b7ba08f60ea1,auto-464e99b7c589,odin@93e46da,odin,93e46da,hoenir@5907a3b,hoenir,5907a3b,duel,all_official,1,0,rating,b,b,0.0,core_destroyed,97,,10,230,4,4,18,450,9,6,ok,,3.452,n-62-28-28,29052882,2026-08-08T18:06:50+0200
065729e56f4ec0a8,auto-464e99b7c589,hoenir@5907a3b,hoenir,5907a3b,skadi@821d792,skadi,821d792,drumlin,all_official,1,0,rating,a,a,1.0,core_destroyed,73,,28,600,9,23,9,190,7,21,ok,,3.559,n-62-29-15,29052882,2026-08-08T18:06:36+0200
066b5dda849611d3,auto-464e99b7c589,hoenir@5907a3b,hoenir,5907a3b,sif@3fc5cd8,sif,3fc5cd8,moonrise,all_official,1,0,rating,a,a,1.0,core_destroyed,77,,10,310,8,11,9,40,5,15,ok,,3.013,n-62-11-50,29052882,2026-08-08T18:06:42+0200
0677db449add4b7a,auto-464e99b7c589,pantheon_replica_day3@aa8bae0,pantheon_replica_day3,aa8bae0,hoenir@5907a3b,hoenir,5907a3b,meander,all_official,1,0,rating,a,a,1.0,core_destroyed,273,,9,0,9,6,10,60,7,5,ok,,4.344,n-62-30-23,29052882,2026-08-08T18:07:00+0200
06a30a6cbd414814,auto-464e99b7c589,hoenir@5907a3b,hoenir,5907a3b,steward_hardened_reinforced@672ee02,steward_hardened_reinforced,672ee02,crossfire,all_official,1,0,rating,a,a,1.0,core_destroyed,171,,10,380,8,10,7,50,7,4,ok,,3.289,n-62-31-21,29052882,2026-08-08T18:07:50+0200
06df6eb06227a8ec,auto-464e99b7c589,janus@8a1e7a1,janus,8a1e7a1,hoenir@5907a3b,hoenir,5907a3b,heart,all_official,1,0,rating,a,a,1.0,core_destroyed,313,,9,0,9,4,10,20,7,7,ok,,6.193,n-62-31-4,29052882,2026-08-08T18:05:22+0200
06f102403948f786,auto-464e99b7c589,hoenir@5907a3b,hoenir,5907a3b,mistral@90fc9f3,mistral,90fc9f3,meander,all_official,1,0,rating,a,a,1.0,core_destroyed,76,,66,260,6,19,60,0,11,0,ok,,6.051,n-62-21-24,29052882,2026-08-08T18:05:59+0200
06f5bc2453e6e69b,auto-464e99b7c589,casemate_oracle@90fc9f3,casemate_oracle,90fc9f3,hoenir@5907a3b,hoenir,5907a3b,runestone,all_official,1,0,rating,b,b,0.0,core_destroyed,94,,4,0,7,45,70,420,8,32,ok,,6.148,n-62-29-31,29052882,2026-08-08T18:05:21+0200
06ffc7965a0f414f,auto-464e99b7c589,hoenir@5907a3b,hoenir,5907a3b,casemate_oracle@90fc9f3,casemate_oracle,90fc9f3,aurora,all_official,1,0,rating,a,a,1.0,core_destroyed,84,,19,360,9,22,107,0,4,16,ok,,5.682,n-62-29-21,29052882,2026-08-08T18:04:41+0200
07074cc52a5dfaee,auto-464e99b7c589,hoenir@5907a3b,hoenir,5907a3b,loki@832c68a,loki,832c68a,quarry,all_official,1,0,rating,b,b,0.0,core_destroyed,557,,10,170,7,16,13,230,8,7,ok,,9.974,n-62-30-24,29052882,2026-08-08T18:05:35+0200
0727458ec20af97b,auto-464e99b7c589,fenrir2@6b39ebb,fenrir2,6b39ebb,hoenir@5907a3b,hoenir,5907a3b,crossfire,all_official,1,0,rating,b,b,0.0,core_destroyed,207,,10,610,8,6,37,980,11,14,ok,,5.663,n-62-31-18,29052882,2026-08-08T18:05:45+0200
073a31a49937b2ea,auto-464e99b7c589,skadi@aad5f44,skadi,aad5f44,hoenir@5907a3b,hoenir,5907a3b,lighthouse,all_official,1,0,rating,b,b,0.0,core_destroyed,130,,6,170,7,6,10,580,7,12,ok,,3.222,n-62-31-5,29052882,2026-08-08T18:07:22+0200
07486f7f599583af,auto-464e99b7c589,spork@05ab6a2,spork,05ab6a2,hoenir@5907a3b,hoenir,5907a3b,twins,all_official,1,0,rating,a,a,1.0,core_destroyed,345,,9,970,8,8,9,820,8,6,ok,,7.28,n-62-28-31,29052882,2026-08-08T18:07:13+0200
07702b60aa5f947a,auto-464e99b7c589,bastion@840a180,bastion,840a180,hoenir@5907a3b,hoenir,5907a3b,twins,all_official,1,0,rating,b,b,0.0,core_destroyed,106,,10,120,8,6,6,230,8,9,ok,,3.634,n-62-21-97,29052882,2026-08-08T18:04:53+0200
0795be571e5bb1f6,auto-464e99b7c589,fulla@ec5aa19,fulla,ec5aa19,hoenir@5907a3b,hoenir,5907a3b,duel,all_official,1,0,rating,b,b,0.0,core_destroyed,47,,9,190,8,6,7,200,8,6,ok,,3.324,n-62-21-1,29052882,2026-08-08T18:06:04+0200
07b1c2e3d069380c,auto-464e99b7c589,hoenir@5907a3b,hoenir,5907a3b,hodr@ea88247,hodr,ea88247,fjordgate,all_official,1,0,rating,a,a,1.0,core_destroyed,224,,30,1060,6,25,32,10,2,3,ok,,4.045,n-62-21-54,29052882,2026-08-08T18:04:57+0200
07c18a7759160ed3,auto-464e99b7c589,snotra@34b0ce8,snotra,34b0ce8,hoenir@5907a3b,hoenir,5907a3b,archipelago,all_official,1,0,rating,b,b,0.0,core_destroyed,63,,100,450,7,26,10,360,7,24,ok,,3.208,n-62-29-34,29052882,2026-08-08T18:06:55+0200
080b8103202b0892,auto-464e99b7c589,hoenir@5907a3b,hoenir,5907a3b,fenrir2@6b39ebb,fenrir2,6b39ebb,fjord,all_official,1,0,rating,b,b,0.0,core_destroyed,80,,304,530,9,22,41,520,10,32,ok,,4.326,n-62-31-20,29052882,2026-08-08T18:04:56+0200
08275b55ecbba699,auto-464e99b7c589,hoenir@5907a3b,hoenir,5907a3b,sif@3fc5cd8,sif,3fc5cd8,quarry,all_official,1,0,rating,b,b,0.0,core_destroyed,70,,16,130,8,17,9,260,9,14,ok,,3.626,n-62-31-9,29052882,2026-08-08T18:06:26+0200
0849673aa95f76af,auto-464e99b7c589,hoenir@5907a3b,hoenir,5907a3b,bastion@840a180,bastion,840a180,longship,all_official,1,0,rating,a,a,1.0,core_destroyed,209,,9,500,8,6,4,100,7,2,ok,,4.199,n-62-31-10,29052882,2026-08-08T18:04:48+0200
08868978a5114f9a,auto-464e99b7c589,hoenir@5907a3b,hoenir,5907a3b,spar_sniper@aa24129,spar_sniper,aa24129,hive,all_official,1,0,rating,b,b,0.0,core_destroyed,265,,9,640,6,17,9,720,9,14,ok,,7.132,n-62-21-97,29052882,2026-08-08T18:07:42+0200
0898efabb54e1bcf,auto-464e99b7c589,hoenir@5907a3b,hoenir,5907a3b,spar_mender@d5b46bc,spar_mender,d5b46bc,drumlin,all_official,1,0,rating,a,a,1.0,core_destroyed,57,,48,450,7,25,45,270,9,20,ok,,3.258,n-62-11-64,29052882,2026-08-08T18:06:54+0200
089caa4fbce930d1,auto-464e99b7c589,heimdall@daf0de0,heimdall,daf0de0,hoenir@5907a3b,hoenir,5907a3b,sprint,all_official,1,0,rating,b,b,0.0,core_destroyed,153,,10,0,7,1,9,60,6,13,ok,,2.94,n-62-21-51,29052882,2026-08-08T18:04:42+0200
08bc0efceeb05091,auto-464e99b7c589,hoenir@5907a3b,hoenir,5907a3b,prospect@bf9b3e3,prospect,bf9b3e3,drumlin,all_official,1,0,rating,a,a,1.0,core_destroyed,62,,16,210,8,17,23,290,8,15,ok,,3.286,n-62-31-5,29052882,2026-08-08T18:06:28+0200
08d575e4f6fa5769,auto-464e99b7c589,hoenir@5907a3b,hoenir,5907a3b,njord@f66a427,njord,f66a427,meander,all_official,1,0,rating,a,a,1.0,core_destroyed,63,,8,200,5,14,7,0,9,7,ok,,3.335,n-62-11-68,29052882,2026-08-08T18:06:12+0200
08d99c3ccceda7a4,auto-464e99b7c589,janus@8a1e7a1,janus,8a1e7a1,hoenir@5907a3b,hoenir,5907a3b,meander,all_official,1,0,rating,b,b,0.0,core_destroyed,326,,10,270,4,2,8,130,6,11,ok,,3.915,n-62-31-5,29052882,2026-08-08T18:05:27+0200
08e42538926cb207,auto-464e99b7c589,pantheon_replica_day3@aa8bae0,pantheon_replica_day3,aa8bae0,hoenir@5907a3b,hoenir,5907a3b,runestone,all_official,1,0,rating,b,b,0.0,core_destroyed,89,,10,180,7,12,9,190,7,15,ok,,3.432,n-62-30-25,29052882,2026-08-08T18:06:55+0200
08ece8eb61645639,auto-464e99b7c589,hoenir@5907a3b,hoenir,5907a3b,skadi@6a2af02,skadi,6a2af02,atoll,all_official,1,0,rating,b,b,0.0,core_destroyed,379,,7,1090,8,7,9,990,7,16,ok,,5.697,n-62-21-89,29052882,2026-08-08T18:07:06+0200
08f14a0c754435fa,auto-464e99b7c589,hoenir@5907a3b,hoenir,5907a3b,bifrost@c70c467,bifrost,c70c467,heart,all_official,1,0,rating,b,b,0.0,core_destroyed,689,,10,0,8,2,9,40,6,4,ok,,8.725,n-62-28-33,29052882,2026-08-08T18:04:44+0200
08fdc19da6e2a1f4,auto-464e99b7c589,hoenir@5907a3b,hoenir,5907a3b,jonbot_190003d@90fc9f3,jonbot_190003d,90fc9f3,longship,all_official,1,0,rating,a,a,1.0,core_destroyed,90,,9,370,8,13,56,0,7,7,ok,,3.027,n-62-31-9,29052882,2026-08-08T18:05:30+0200
08fff7cdc98d3002,auto-464e99b7c589,hoenir@5907a3b,hoenir,5907a3b,jotunn@6b39ebb,jotunn,6b39ebb,drumlin,all_official,1,0,rating,a,a,1.0,core_destroyed,64,,28,550,9,37,42,320,8,31,ok,,3.845,n-62-28-28,29052882,2026-08-08T18:05:23+0200
09057498d25f1b03,auto-464e99b7c589,janus@8a1e7a1,janus,8a1e7a1,hoenir@5907a3b,hoenir,5907a3b,aurora,all_official,1,0,rating,b,b,0.0,core_destroyed,92,,20,120,9,3,18,210,7,13,ok,,3.777,n-62-21-60,29052882,2026-08-08T18:05:05+0200
0906e480e1754f96,auto-464e99b7c589,hoenir@5907a3b,hoenir,5907a3b,snotra_h@4437c29,snotra_h,4437c29,quarry,all_official,1,0,rating,b,b,0.0,core_destroyed,577,,10,170,7,16,9,230,8,6,ok,,12.703,n-62-11-67,29052882,2026-08-08T18:07:33+0200
0908932b5cf37431,auto-464e99b7c589,gefn@46ac5e6,gefn,46ac5e6,hoenir@5907a3b,hoenir,5907a3b,antler,all_official,1,0,rating,a,a,1.0,core_destroyed,104,,28,660,5,12,16,470,8,12,ok,,3.203,n-62-21-18,29052882,2026-08-08T18:05:18+0200
091275e499463d43,auto-464e99b7c589,hoenir@5907a3b,hoenir,5907a3b,maporacle@38e1456,maporacle,38e1456,vase,all_official,1,0,rating,b,b,0.0,core_destroyed,138,,23,300,9,7,10,130,1,6,ok,,5.055,n-62-21-3,29052882,2026-08-08T18:05:38+0200
091d0450db9b390c,auto-464e99b7c589,hoenir@5907a3b,hoenir,5907a3b,magni@3677a66,magni,3677a66,fjordgate,all_official,1,0,rating,a,a,1.0,core_destroyed,224,,30,1060,6,25,32,10,2,3,ok,,3.817,n-62-11-51,29052882,2026-08-08T18:05:39+0200
09322ae4a05d2f65,auto-464e99b7c589,hoenir@5907a3b,hoenir,5907a3b,skadi@1e4eddf,skadi,1e4eddf,skerry,all_official,1,0,rating,a,a,1.0,core_destroyed,110,,26,720,9,13,6,420,8,7,ok,,3.944,n-62-11-58,29052882,2026-08-08T18:06:54+0200
0944e2a6b8e23555,auto-464e99b7c589,hoenir@5907a3b,hoenir,5907a3b,prospect@bf9b3e3,prospect,bf9b3e3,skerry,all_official,1,0,rating,a,a,1.0,core_destroyed,63,,9,270,9,10,6,230,7,4,ok,,3.753,n-62-31-13,29052882,2026-08-08T18:06:15+0200
094b1e00d6fa7c28,auto-464e99b7c589,hoenir@5907a3b,hoenir,5907a3b,skadi@6a2af02,skadi,6a2af02,snowflake,all_official,1,0,rating,a,a,1.0,core_destroyed,83,,27,820,10,21,42,610,8,25,ok,,4.275,n-62-12-5,29052882,2026-08-08T18:06:44+0200
094e55d527987641,auto-464e99b7c589,hoenir@5907a3b,hoenir,5907a3b,loki@832c68a,loki,832c68a,bridge,all_official,1,0,rating,a,a,1.0,core_destroyed,144,,60,860,11,19,48,0,7,2,ok,,5.396,n-62-29-27,29052882,2026-08-08T18:05:58+0200
0959aaeec00b3c10,auto-464e99b7c589,hoenir@5907a3b,hoenir,5907a3b,sif@3fc5cd8,sif,3fc5cd8,jackpot,all_official,1,0,rating,a,a,1.0,core_destroyed,642,,81,3150,32,22,39,1480,9,16,ok,,30.223,n-62-21-92,29052882,2026-08-08T18:07:23+0200
096256268a4ef00f,auto-464e99b7c589,hoenir@5907a3b,hoenir,5907a3b,skadi@aad5f44,skadi,aad5f44,drumlin,all_official,1,0,rating,a,a,1.0,core_destroyed,73,,28,600,9,23,9,190,7,21,ok,,3.554,n-62-29-9,29052882,2026-08-08T18:07:40+0200
0972c8d4c5dee499,auto-464e99b7c589,audhumla@a7faecd,audhumla,a7faecd,hoenir@5907a3b,hoenir,5907a3b,duel,all_official,1,0,rating,b,b,0.0,core_destroyed,46,,171,200,7,7,19,200,7,13,ok,,2.99,n-62-11-60,29052882,2026-08-08T18:04:44+0200
097a71ab671c5c77,auto-464e99b7c589,e_t4l7@9e77076,e_t4l7,9e77076,hoenir@5907a3b,hoenir,5907a3b,pinch,all_official,1,0,rating,a,a,1.0,titanium_collected,1000,,9124,9600,6,27,18,2480,8,14,ok,,8.253,n-62-30-24,29052882,2026-08-08T18:05:47+0200
097bf5c9f5af5aa8,auto-464e99b7c589,hoenir@5907a3b,hoenir,5907a3b,bifrost@c70c467,bifrost,c70c467,pinch,all_official,1,0,rating,a,a,1.0,core_destroyed,517,,9,100,8,2,10,160,8,5,ok,,5.531,n-62-28-34,29052882,2026-08-08T18:05:18+0200
099c1393378d87c0,auto-464e99b7c589,mistral@90fc9f3,mistral,90fc9f3,hoenir@5907a3b,hoenir,5907a3b,fjordgate,all_official,1,0,rating,b,b,0.0,core_destroyed,57,,60,0,9,0,19,130,8,6,ok,,3.634,n-62-31-5,29052882,2026-08-08T18:05:47+0200
09a19cbd74589b01,auto-464e99b7c589,hoenir@5907a3b,hoenir,5907a3b,prospect@bf9b3e3,prospect,bf9b3e3,crossfire,all_official,1,0,rating,a,a,1.0,core_destroyed,162,,6,390,6,6,28,390,9,5,ok,,3.703,n-62-31-5,29052882,2026-08-08T18:06:21+0200
09aa1c1c6c17110e,auto-464e99b7c589,gobbleglitch@6cdc440,gobbleglitch,6cdc440,hoenir@5907a3b,hoenir,5907a3b,pinch,all_official,1,0,rating,b,b,0.0,core_destroyed,101,,59,0,8,4,9,230,8,7,ok,,2.3,n-62-12-65,29052882,2026-08-08T18:04:41+0200
09aeda42d9baafa0,auto-464e99b7c589,hoenir@5907a3b,hoenir,5907a3b,snotra@34b0ce8,snotra,34b0ce8,skerry,all_official,1,0,rating,b,b,0.0,core_destroyed,66,,8,280,9,10,6,280,9,9,ok,,3.953,n-62-31-4,29052882,2026-08-08T18:07:33+0200
09d8445386daa2f9,auto-464e99b7c589,spar_mender@d5b46bc,spar_mender,d5b46bc,hoenir@5907a3b,hoenir,5907a3b,aurora,all_official,1,0,rating,b,b,0.0,core_destroyed,84,,225,190,9,11,18,190,7,14,ok,,3.61,n-62-11-63,29052882,2026-08-08T18:07:14+0200
09fcc8743274c084,auto-464e99b7c589,hoenir@5907a3b,hoenir,5907a3b,jonbot@90fc9f3,jonbot,90fc9f3,hive,all_official,1,0,rating,a,a,1.0,core_destroyed,177,,10,420,9,32,430,0,4,10,ok,,7.359,n-62-11-60,29052882,2026-08-08T18:05:23+0200
0a4b4df2be38eae4,auto-464e99b7c589,hoenir@5907a3b,hoenir,5907a3b,aegis@e55aab5,aegis,e55aab5,vase,all_official,1,0,rating,b,b,0.0,core_destroyed,209,,40,0,6,3,25,480,7,13,ok,,5.178,n-62-11-67,29052882,2026-08-08T18:04:50+0200
0a520918700ec90c,auto-464e99b7c589,sif@3fc5cd8,sif,3fc5cd8,hoenir@5907a3b,hoenir,5907a3b,jackpot,all_official,1,0,rating,b,b,0.0,core_destroyed,213,,10,1010,17,17,62,970,12,24,ok,,11.294,n-62-21-92,29052882,2026-08-08T18:07:34+0200
0a5ea934d3090f92,auto-464e99b7c589,hoenir@5907a3b,hoenir,5907a3b,fenrir2@6b39ebb,fenrir2,6b39ebb,sweden,all_official,1,0,rating,b,b,0.0,core_destroyed,330,,34,790,8,14,10,1230,7,27,ok,,12.093,n-62-31-16,29052882,2026-08-08T18:05:10+0200
0a6aba1ad7ee523b,auto-464e99b7c589,hoenir@5907a3b,hoenir,5907a3b,odin@93e46da,odin,93e46da,atoll,all_official,1,0,rating,a,a,1.0,core_destroyed,159,,8,740,12,14,9,600,8,21,ok,,5.252,n-62-21-97,29052882,2026-08-08T18:06:51+0200
0aa5ca8fddf42dd2,auto-464e99b7c589,hoenir@5907a3b,hoenir,5907a3b,maporacle@38e1456,maporacle,38e1456,sweden,all_official,1,0,rating,a,a,1.0,titanium_collected,1000,,46,2460,17,14,46,350,6,21,ok,,32.968,n-62-21-2,29052882,2026-08-08T18:06:49+0200
0aab24c2cb1e8236,auto-464e99b7c589,jonbot@90fc9f3,jonbot,90fc9f3,hoenir@5907a3b,hoenir,5907a3b,eider,all_official,1,0,rating,b,b,0.0,core_destroyed,79,,314,490,9,15,20,340,7,14,ok,,4.396,n-62-11-61,29052882,2026-08-08T18:05:36+0200
0ab4da9e4b38d6bd,auto-464e99b7c589,hoenir@5907a3b,hoenir,5907a3b,jotunn@6b39ebb,jotunn,6b39ebb,fjord,all_official,1,0,rating,a,a,1.0,core_destroyed,94,,22,650,11,23,68,600,9,38,ok,,4.454,n-62-28-28,29052882,2026-08-08T18:06:14+0200
0ac91f49b7681401,auto-464e99b7c589,hoenir@5907a3b,hoenir,5907a3b,skadi@821d792,skadi,821d792,heart,all_official,1,0,rating,b,b,0.0,core_destroyed,241,,8,0,6,7,9,0,7,11,ok,,4.704,n-62-12-1,29052882,2026-08-08T18:06:38+0200
0b01814379eac864,auto-464e99b7c589,janus@8a1e7a1,janus,8a1e7a1,hoenir@5907a3b,hoenir,5907a3b,duel,all_official,1,0,rating,b,b,0.0,core_destroyed,49,,10,200,10,10,19,210,8,8,ok,,3.334,n-62-21-64,29052882,2026-08-08T18:05:25+0200
0b0eaf0d34e571a7,auto-464e99b7c589,steward_hardened_reinforced@04300bf,steward_hardened_reinforced,04300bf,hoenir@5907a3b,hoenir,5907a3b,hive,all_official,1,0,rating,b,b,0.0,core_destroyed,385,,9,50,8,10,8,940,9,22,ok,,6.854,n-62-29-13,29052882,2026-08-08T18:07:15+0200
0b204141c0a8e619,auto-464e99b7c589,hoenir@5907a3b,hoenir,5907a3b,heimdall@daf0de0,heimdall,daf0de0,saga,all_official,1,0,rating,b,b,0.0,core_destroyed,92,,42,320,8,23,28,400,6,32,ok,,3.948,n-62-21-50,29052882,2026-08-08T18:04:48+0200
0b22704173a80882,auto-464e99b7c589,spar_mender@d5b46bc,spar_mender,d5b46bc,hoenir@5907a3b,hoenir,5907a3b,snowflake,all_official,1,0,rating,b,b,0.0,core_destroyed,821,,10,1280,9,16,9,720,8,15,ok,,11.072,n-62-31-9,29052882,2026-08-08T18:07:48+0200
0b394512631c68ee,auto-464e99b7c589,jotunn@6b39ebb,jotunn,6b39ebb,hoenir@5907a3b,hoenir,5907a3b,quarry,all_official,1,0,rating,a,a,1.0,titanium_collected,1000,,1458,13850,14,88,201,3510,21,21,ok,,47.05,n-62-28-34,29052882,2026-08-08T18:07:37+0200
0b4c453955cff170,auto-464e99b7c589,bifrost@c70c467,bifrost,c70c467,hoenir@5907a3b,hoenir,5907a3b,moonrise,all_official,1,0,rating,a,a,1.0,core_destroyed,111,,10,480,7,14,26,50,5,4,ok,,4.284,n-62-28-34,29052882,2026-08-08T18:04:59+0200
0b580f0c3b2750a6,auto-464e99b7c589,loki@832c68a,loki,832c68a,hoenir@5907a3b,hoenir,5907a3b,quarry,all_official,1,0,rating,a,a,1.0,core_destroyed,91,,9,190,9,15,7,0,8,5,ok,,4.503,n-62-30-24,29052882,2026-08-08T18:05:39+0200
0b59aaeb61f3fbe0,auto-464e99b7c589,jotunn@6b39ebb,jotunn,6b39ebb,hoenir@5907a3b,hoenir,5907a3b,moonrise,all_official,1,0,rating,b,b,0.0,core_destroyed,81,,37,0,8,7,33,180,4,15,ok,,2.949,n-62-28-34,29052882,2026-08-08T18:05:34+0200
0b73ddd24ed43f2d,auto-464e99b7c589,hoenir@5907a3b,hoenir,5907a3b,jonbot@90fc9f3,jonbot,90fc9f3,jackpot,all_official,1,0,rating,a,a,1.0,core_destroyed,77,,20,330,8,19,308,160,6,6,ok,,3.407,n-62-11-60,29052882,2026-08-08T18:05:31+0200
0b899852a8ab980c,auto-464e99b7c589,spar_mender@7ed1acc,spar_mender,7ed1acc,hoenir@5907a3b,hoenir,5907a3b,fjord,all_official,1,0,rating,b,b,0.0,core_destroyed,98,,36,500,11,15,56,670,11,21,ok,,5.439,n-62-31-14,29052882,2026-08-08T18:06:58+0200
0ba75c3754b7c033,auto-464e99b7c589,hoenir@5907a3b,hoenir,5907a3b,e_t4l7@9e77076,e_t4l7,9e77076,fjordgate,all_official,1,0,rating,a,a,1.0,core_destroyed,58,,20,220,6,8,83,210,4,18,ok,,2.709,n-62-30-23,29052882,2026-08-08T18:04:39+0200
0bc62e599fb283dc,auto-464e99b7c589,hoenir@5907a3b,hoenir,5907a3b,spork@05ab6a2,spork,05ab6a2,atoll,all_official,1,0,rating,a,a,1.0,core_destroyed,170,,18,800,8,21,6,240,8,6,ok,,4.521,n-62-28-28,29052882,2026-08-08T18:07:18+0200
0bd02b576f06d9cb,auto-464e99b7c589,hoenir@5907a3b,hoenir,5907a3b,skadi@aad5f44,skadi,aad5f44,snowflake,all_official,1,0,rating,a,a,1.0,core_destroyed,83,,27,820,10,21,42,610,8,25,ok,,3.985,n-62-31-21,29052882,2026-08-08T18:07:02+0200
0bd3877b51cd0c27,auto-464e99b7c589,hoenir@5907a3b,hoenir,5907a3b,mimir@cfc1ec4,mimir,cfc1ec4,hive,all_official,1,0,rating,b,b,0.0,core_destroyed,265,,9,640,6,17,9,720,9,14,ok,,7.068,n-62-21-9,29052882,2026-08-08T18:06:19+0200
0bf0898cd8e823f2,auto-464e99b7c589,jonbot_190003d@90fc9f3,jonbot_190003d,90fc9f3,hoenir@5907a3b,hoenir,5907a3b,moonrise,all_official,1,0,rating,a,a,1.0,core_destroyed,213,,59,0,7,7,10,20,6,6,ok,,3.258,n-62-31-9,29052882,2026-08-08T18:05:54+0200
0bf220d67bd22dc0,auto-464e99b7c589,loki@832c68a,loki,832c68a,hoenir@5907a3b,hoenir,5907a3b,heart,all_official,1,0,rating,a,a,1.0,core_destroyed,165,,14,360,7,12,9,0,7,7,ok,,3.373,n-62-29-5,29052882,2026-08-08T18:05:44+0200
0c063c7201247445,auto-464e99b7c589,audhumla@a7faecd,audhumla,a7faecd,hoenir@5907a3b,hoenir,5907a3b,longship,all_official,1,0,rating,a,a,1.0,core_destroyed,105,,9,480,10,13,9,140,8,10,ok,,4.246,n-62-11-68,29052882,2026-08-08T18:05:48+0200
0c3a0737422a14a3,auto-464e99b7c589,hoenir@5907a3b,hoenir,5907a3b,hodr@ea88247,hodr,ea88247,skerry,all_official,1,0,rating,b,b,0.0,core_destroyed,74,,8,320,9,10,8,330,8,19,ok,,3.672,n-62-21-57,29052882,2026-08-08T18:04:51+0200
0c4ee2b8ce106e7d,auto-464e99b7c589,odin@38e1456,odin,38e1456,hoenir@5907a3b,hoenir,5907a3b,skerry,all_official,1,0,rating,a,a,1.0,core_destroyed,77,,17,460,8,19,39,460,13,11,ok,,4.939,n-62-31-11,29052882,2026-08-08T18:06:30+0200
0c828d0efbea6b5a,auto-464e99b7c589,jonbot@90fc9f3,jonbot,90fc9f3,hoenir@5907a3b,hoenir,5907a3b,longship,all_official,1,0,rating,b,b,0.0,core_destroyed,76,,419,170,4,15,20,170,8,14,ok,,4.073,n-62-11-60,29052882,2026-08-08T18:06:23+0200
0cb7a60c2c20ea84,auto-464e99b7c589,hoenir@5907a3b,hoenir,5907a3b,skadi@1e4eddf,skadi,1e4eddf,moonrise,all_official,1,0,rating,a,a,1.0,core_destroyed,95,,8,400,5,10,4,210,6,7,ok,,2.663,n-62-11-51,29052882,2026-08-08T18:06:30+0200
0ce54966b8f86bd0,auto-464e99b7c589,hoenir@5907a3b,hoenir,5907a3b,loki@832c68a,loki,832c68a,runestone,all_official,1,0,rating,a,a,1.0,core_destroyed,529,,9,60,7,12,14,280,8,6,ok,,6.533,n-62-30-24,29052882,2026-08-08T18:05:46+0200
0d36f5ffa4a9ad12,auto-464e99b7c589,hoenir@5907a3b,hoenir,5907a3b,steward_hardened_reinforced@04300bf,steward_hardened_reinforced,04300bf,antler,all_official,1,0,rating,b,b,0.0,core_destroyed,56,,20,290,6,13,18,230,7,14,ok,,3.064,n-62-28-31,29052882,2026-08-08T18:07:39+0200
0d4f0629aab75a7d,auto-464e99b7c589,lockin@90fc9f3,lockin,90fc9f3,hoenir@5907a3b,hoenir,5907a3b,pinch,all_official,1,0,rating,b,b,0.0,core_destroyed,71,,254,0,7,1,17,470,8,37,ok,,4.143,n-62-29-31,29052882,2026-08-08T18:05:36+0200
0d5657ddccc11fc1,auto-464e99b7c589,hoenir@5907a3b,hoenir,5907a3b,jonbot@90fc9f3,jonbot,90fc9f3,sprint,all_official,1,0,rating,b,b,0.0,core_destroyed,397,,10,390,6,8,58,60,4,12,ok,,3.911,n-62-11-66,29052882,2026-08-08T18:06:12+0200
0d6c46c39bf72ecd,auto-464e99b7c589,loki@832c68a,loki,832c68a,hoenir@5907a3b,hoenir,5907a3b,sweden,all_official,1,0,rating,a,a,1.0,core_destroyed,391,,18,510,12,12,10,60,9,18,ok,,13.197,n-62-31-18,29052882,2026-08-08T18:06:55+0200
0d7329db48899bb7,auto-464e99b7c589,hoenir@5907a3b,hoenir,5907a3b,prospect@bf9b3e3,prospect,bf9b3e3,pinch,all_official,1,0,rating,a,a,1.0,core_destroyed,165,,8,160,7,13,10,390,6,5,ok,,3.946,n-62-31-20,29052882,2026-08-08T18:06:16+0200
0d9b2333e38e2581,auto-464e99b7c589,ragnarok_fair@79582fc,ragnarok_fair,79582fc,hoenir@5907a3b,hoenir,5907a3b,moonrise,all_official,1,0,rating,b,b,0.0,core_destroyed,188,,19,80,7,3,20,450,8,8,ok,,3.578,n-62-11-60,29052882,2026-08-08T18:07:08+0200
0dc88cc93cdc11bf,auto-464e99b7c589,snotra@34b0ce8,snotra,34b0ce8,hoenir@5907a3b,hoenir,5907a3b,drumlin,all_official,1,0,rating,a,a,1.0,core_destroyed,54,,18,260,7,19,9,330,7,17,ok,,2.936,n-62-29-29,29052882,2026-08-08T18:06:54+0200
0de0d68b492c2d96,auto-464e99b7c589,bastion@840a180,bastion,840a180,hoenir@5907a3b,hoenir,5907a3b,heart,all_official,1,0,rating,b,b,0.0,core_destroyed,454,,9,0,8,7,8,40,7,5,ok,,5.994,n-62-31-9,29052882,2026-08-08T18:05:01+0200
0de4d71c061d468c,auto-464e99b7c589,casemate_oracle@90fc9f3,casemate_oracle,90fc9f3,hoenir@5907a3b,hoenir,5907a3b,vase,all_official,1,0,rating,b,b,0.0,core_destroyed,90,,406,0,4,1,38,190,7,13,ok,,3.099,n-62-29-27,29052882,2026-08-08T18:05:25+0200
0df692aa14f9d35c,auto-464e99b7c589,hoenir@5907a3b,hoenir,5907a3b,steward_hardened_reinforced@cdc552f,steward_hardened_reinforced,cdc552f,fjord,all_official,1,0,rating,a,a,1.0,core_destroyed,82,,34,550,7,21,52,530,8,15,ok,,4.119,n-62-28-31,29052882,2026-08-08T18:07:55+0200
0e0b95ef0b9d0344,auto-464e99b7c589,hoenir@5907a3b,hoenir,5907a3b,steward_hardened_reinforced@366cd1b,steward_hardened_reinforced,366cd1b,drumlin,all_official,1,0,rating,b,b,0.0,core_destroyed,67,,22,300,8,17,19,360,7,17,ok,,3.622,n-62-21-1,29052882,2026-08-08T18:07:29+0200
0e1798db93e6b69d,auto-464e99b7c589,hoenir@5907a3b,hoenir,5907a3b,steward_hardened_reinforced@672ee02,steward_hardened_reinforced,672ee02,fjordgate,all_official,1,0,rating,a,a,1.0,core_destroyed,125,,10,560,6,17,9,10,4,2,ok,,3.346,n-62-29-9,29052882,2026-08-08T18:07:46+0200
0e19bfc1fb2e909a,auto-464e99b7c589,sif@3fc5cd8,sif,3fc5cd8,hoenir@5907a3b,hoenir,5907a3b,snowflake,all_official,1,0,rating,a,a,1.0,core_destroyed,57,,47,600,9,22,7,120,8,11,ok,,3.9,n-62-31-10,29052882,2026-08-08T18:06:32+0200
0e2ae5cff1514812,auto-464e99b7c589,hoenir@5907a3b,hoenir,5907a3b,ostara@832c68a,ostara,832c68a,archipelago,all_official,1,0,rating,b,b,0.0,core_destroyed,70,,24,540,8,26,105,540,8,19,ok,,4.174,n-62-29-16,29052882,2026-08-08T18:06:16+0200
0e31d6574504bdbd,auto-464e99b7c589,hoenir@5907a3b,hoenir,5907a3b,lockin@90fc9f3,lockin,90fc9f3,string,all_official,1,0,rating,a,a,1.0,core_destroyed,37,,10,80,8,7,590,0,0,0,ok,,1.777,n-62-29-21,29052882,2026-08-08T18:05:24+0200
0e473944b25c92e6,auto-464e99b7c589,mimir@cfc1ec4,mimir,cfc1ec4,hoenir@5907a3b,hoenir,5907a3b,atoll,all_official,1,0,rating,a,a,1.0,core_destroyed,89,,8,390,8,16,7,240,9,3,ok,,4.038,n-62-21-3,29052882,2026-08-08T18:06:29+0200
0e473bdd4badc694,auto-464e99b7c589,hoenir@5907a3b,hoenir,5907a3b,spork@05ab6a2,spork,05ab6a2,pinch,all_official,1,0,rating,b,b,0.0,core_destroyed,119,,220,490,6,9,19,530,8,23,ok,,3.404,n-62-11-58,29052882,2026-08-08T18:07:43+0200
0e527ec91f002f93,auto-464e99b7c589,hoenir@5907a3b,hoenir,5907a3b,bastion@840a180,bastion,840a180,antler,all_official,1,0,rating,b,b,0.0,core_destroyed,79,,7,470,8,13,10,350,5,12,ok,,3.343,n-62-11-64,29052882,2026-08-08T18:04:50+0200
0e54b67fe1432684,auto-464e99b7c589,casemate_oracle@90fc9f3,casemate_oracle,90fc9f3,hoenir@5907a3b,hoenir,5907a3b,meander,all_official,1,0,rating,b,b,0.0,core_destroyed,49,,280,0,5,5,10,120,6,17,ok,,2.7,n-62-29-9,29052882,2026-08-08T18:05:17+0200
0e6d4a2309261a01,auto-464e99b7c589,hoenir@5907a3b,hoenir,5907a3b,prospect@bf9b3e3,prospect,bf9b3e3,fjordgate,all_official,1,0,rating,b,b,0.0,core_destroyed,90,,166,210,4,7,9,210,6,5,ok,,2.08,n-62-31-21,29052882,2026-08-08T18:06:19+0200
0ea140b724115d56,auto-464e99b7c589,hoenir@5907a3b,hoenir,5907a3b,e_t4l7@9e77076,e_t4l7,9e77076,crossfire,all_official,1,0,rating,b,b,0.0,titanium_collected,1000,,20,2480,8,11,3375,3570,6,10,ok,,7.878,n-62-29-5,29052882,2026-08-08T18:04:43+0200
0ea6d8bd21a2908d,auto-464e99b7c589,hoenir@5907a3b,hoenir,5907a3b,gefn@46ac5e6,gefn,46ac5e6,atoll,all_official,1,0,rating,a,a,1.0,core_destroyed,66,,16,280,8,22,8,270,11,7,ok,,4.245,n-62-21-7,29052882,2026-08-08T18:04:40+0200
0ebb2f0e0aad9a3f,auto-464e99b7c589,odin@38e1456,odin,38e1456,hoenir@5907a3b,hoenir,5907a3b,vase,all_official,1,0,rating,b,b,0.0,titanium_stored,1000,,102,2460,4,7,229,2460,5,7,ok,,16.89,n-62-21-97,29052882,2026-08-08T18:06:18+0200
0ece02c684d217ec,auto-464e99b7c589,gobbleglitch@6cdc440,gobbleglitch,6cdc440,hoenir@5907a3b,hoenir,5907a3b,aurora,all_official,1,0,rating,b,b,0.0,core_destroyed,84,,114,30,9,5,20,190,9,14,ok,,3.609,n-62-21-23,29052882,2026-08-08T18:05:21+0200
0eea864b6cecfe06,auto-464e99b7c589,steward_hardened_reinforced@672ee02,steward_hardened_reinforced,672ee02,hoenir@5907a3b,hoenir,5907a3b,archipelago,all_official,1,0,rating,b,b,0.0,core_destroyed,63,,13,330,10,27,42,390,7,25,ok,,3.561,n-62-31-21,29052882,2026-08-08T18:07:18+0200
0f0173f0dc6a4438,auto-464e99b7c589,hoenir@5907a3b,hoenir,5907a3b,hodr@ea88247,hodr,ea88247,lighthouse,all_official,1,0,rating,b,b,0.0,core_destroyed,161,,7,390,8,7,20,740,7,14,ok,,3.523,n-62-21-55,29052882,2026-08-08T18:05:37+0200
0f3e37e076614494,auto-464e99b7c589,gefjon@f66a427,gefjon,f66a427,hoenir@5907a3b,hoenir,5907a3b,showdown,all_official,1,0,rating,a,a,1.0,core_destroyed,177,,39,1150,11,39,10,390,6,15,ok,,4.256,n-62-21-5,29052882,2026-08-08T18:05:18+0200
0f55fd9e7c6738ce,auto-464e99b7c589,hoenir@5907a3b,hoenir,5907a3b,odin@38e1456,odin,38e1456,nordkap,all_official,1,0,rating,a,a,1.0,core_destroyed,93,,9,150,9,4,10,210,7,9,ok,,4.196,n-62-31-10,29052882,2026-08-08T18:06:13+0200
0f84adbbc86e352e,auto-464e99b7c589,hoenir@5907a3b,hoenir,5907a3b,pantheon_replica_day3@aa8bae0,pantheon_replica_day3,aa8bae0,vase,all_official,1,0,rating,b,b,0.0,titanium_collected,1000,,222,60,15,5,823,420,13,9,ok,,20.513,n-62-31-17,29052882,2026-08-08T18:07:37+0200
0f8e1a3c6865c1a5,auto-464e99b7c589,hoenir@5907a3b,hoenir,5907a3b,freyr@c2c0d3d,freyr,c2c0d3d,drumlin,all_official,1,0,rating,b,b,0.0,core_destroyed,67,,22,300,8,17,19,360,7,17,ok,,3.611,n-62-12-7,29052882,2026-08-08T18:04:39+0200
0fa218392cd3f3df,auto-464e99b7c589,hoenir@5907a3b,hoenir,5907a3b,pantheon_replica_day3@aa8bae0,pantheon_replica_day3,aa8bae0,archipelago,all_official,1,0,rating,a,a,1.0,core_destroyed,54,,19,280,7,25,10,130,8,19,ok,,3.302,n-62-29-27,29052882,2026-08-08T18:06:50+0200
0fa3e850c881ed55,auto-464e99b7c589,hoenir@5907a3b,hoenir,5907a3b,gefjon@f66a427,gefjon,f66a427,runestone,all_official,1,0,rating,b,b,0.0,core_destroyed,173,,6,70,8,10,10,800,9,37,ok,,4.82,n-62-21-5,29052882,2026-08-08T18:04:56+0200
0fc7015c55a98288,auto-464e99b7c589,ragnarok_fair@79582fc,ragnarok_fair,79582fc,hoenir@5907a3b,hoenir,5907a3b,lighthouse,all_official,1,0,rating,b,b,0.0,core_destroyed,60,,14,80,7,11,19,320,8,11,ok,,3.229,n-62-11-60,29052882,2026-08-08T18:06:40+0200
0fcbc10680f75558,auto-464e99b7c589,hoenir@5907a3b,hoenir,5907a3b,janus@8a1e7a1,janus,8a1e7a1,sweden,all_official,1,0,rating,a,a,1.0,core_destroyed,284,,20,670,9,14,197,760,10,14,ok,,8.032,n-62-31-24,29052882,2026-08-08T18:05:52+0200
0fceb8d197713042,auto-464e99b7c589,bifrost@c70c467,bifrost,c70c467,hoenir@5907a3b,hoenir,5907a3b,longship,all_official,1,0,rating,b,b,0.0,core_destroyed,217,,9,110,8,7,9,520,6,11,ok,,5.549,n-62-28-33,29052882,2026-08-08T18:05:45+0200
0fe9f5aa14401203,auto-464e99b7c589,hoenir@5907a3b,hoenir,5907a3b,njord@f66a427,njord,f66a427,bridge,all_official,1,0,rating,a,a,1.0,core_destroyed,149,,66,900,15,19,96,0,5,2,ok,,6.374,n-62-11-61,29052882,2026-08-08T18:05:53+0200
0ff255d046e52ff8,auto-464e99b7c589,e_t4l7@9e77076,e_t4l7,9e77076,hoenir@5907a3b,hoenir,5907a3b,sprint,all_official,1,0,rating,b,b,0.0,titanium_collected,1000,,86,30,4,14,20,2480,8,11,ok,,7.148,n-62-31-17,29052882,2026-08-08T18:05:10+0200
1029ddd7bb6cd794,auto-464e99b7c589,hoenir@5907a3b,hoenir,5907a3b,freyr@c2c0d3d,freyr,c2c0d3d,heart,all_official,1,0,rating,b,b,0.0,core_destroyed,493,,10,0,8,3,9,0,6,2,ok,,5.687,n-62-12-5,29052882,2026-08-08T18:04:41+0200
1034397524fbb720,auto-464e99b7c589,hoenir@5907a3b,hoenir,5907a3b,janus@8a1e7a1,janus,8a1e7a1,lighthouse,all_official,1,0,rating,a,a,1.0,core_destroyed,88,,39,360,7,12,49,50,7,5,ok,,3.488,n-62-31-4,29052882,2026-08-08T18:06:04+0200
103cbbce5c2229d0,auto-464e99b7c589,hoenir@5907a3b,hoenir,5907a3b,mimir@cfc1ec4,mimir,cfc1ec4,snowflake,all_official,1,0,rating,a,a,1.0,core_destroyed,65,,30,600,11,18,7,140,8,11,ok,,4.108,n-62-21-10,29052882,2026-08-08T18:05:56+0200
104f110b464ce651,auto-464e99b7c589,hoenir@5907a3b,hoenir,5907a3b,spar_sniper@aa24129,spar_sniper,aa24129,longship,all_official,1,0,rating,a,a,1.0,core_destroyed,69,,9,220,9,10,28,150,6,19,ok,,3.563,n-62-31-18,29052882,2026-08-08T18:07:33+0200
105e3b776de23837,auto-464e99b7c589,hoenir@5907a3b,hoenir,5907a3b,mimir@cfc1ec4,mimir,cfc1ec4,atoll,all_official,1,0,rating,a,a,1.0,core_destroyed,79,,9,340,8,22,5,250,10,7,ok,,4.474,n-62-21-3,29052882,2026-08-08T18:06:25+0200
107d194e162bbd91,auto-464e99b7c589,skadi@821d792,skadi,821d792,hoenir@5907a3b,hoenir,5907a3b,lighthouse,all_official,1,0,rating,b,b,0.0,core_destroyed,130,,6,170,7,6,10,580,7,12,ok,,3.062,n-62-12-1,29052882,2026-08-08T18:07:37+0200
10c6d8d31371101a,auto-464e99b7c589,hoenir@5907a3b,hoenir,5907a3b,spar_mender@d5b46bc,spar_mender,d5b46bc,showdown,all_official,1,0,rating,b,b,0.0,core_destroyed,242,,10,80,8,6,10,0,7,11,ok,,4.108,n-62-31-9,29052882,2026-08-08T18:07:20+0200
10ca27cdce8d35f3,auto-464e99b7c589,audhumla@a7faecd,audhumla,a7faecd,hoenir@5907a3b,hoenir,5907a3b,lighthouse,all_official,1,0,rating,b,b,0.0,core_destroyed,72,,18,680,10,23,33,560,7,13,ok,,3.755,n-62-11-68,29052882,2026-08-08T18:05:39+0200
10d8851640cc86f9,auto-464e99b7c589,hoenir@5907a3b,hoenir,5907a3b,spar_sniper@aa24129,spar_sniper,aa24129,drumlin,all_official,1,0,rating,b,b,0.0,core_destroyed,67,,22,300,8,17,19,360,7,17,ok,,3.435,n-62-21-98,29052882,2026-08-08T18:07:42+0200
10f5c6aace452dde,auto-464e99b7c589,spar_sniper@aa24129,spar_sniper,aa24129,hoenir@5907a3b,hoenir,5907a3b,snowflake,all_official,1,0,rating,a,a,1.0,core_destroyed,65,,43,550,9,22,7,140,8,11,ok,,4.012,n-62-31-19,29052882,2026-08-08T18:07:22+0200
1102f14d7125071f,auto-464e99b7c589,hoenir@5907a3b,hoenir,5907a3b,loki@9ac8974,loki,9ac8974,skerry,all_official,1,0,rating,b,b,0.0,core_destroyed,66,,8,280,9,10,6,280,9,9,ok,,4.204,n-62-31-19,29052882,2026-08-08T18:05:51+0200
1124520c4d913dcb,auto-464e99b7c589,steward_hardened_reinforced@672ee02,steward_hardened_reinforced,672ee02,hoenir@5907a3b,hoenir,5907a3b,aurora,all_official,1,0,rating,b,b,0.0,core_destroyed,68,,46,350,10,27,19,370,9,22,ok,,3.806,n-62-31-21,29052882,2026-08-08T18:07:36+0200
11297823c69c9a1d,auto-464e99b7c589,njord@f66a427,njord,f66a427,hoenir@5907a3b,hoenir,5907a3b,atoll,all_official,1,0,rating,a,a,1.0,core_destroyed,89,,8,390,8,16,7,240,9,3,ok,,4.004,n-62-11-67,29052882,2026-08-08T18:06:23+0200
115d1afa064e2115,auto-464e99b7c589,hoenir@5907a3b,hoenir,5907a3b,jonbot@90fc9f3,jonbot,90fc9f3,duel,all_official,1,0,rating,a,a,1.0,core_destroyed,112,,30,680,8,17,224,30,4,5,ok,,4.24,n-62-11-61,29052882,2026-08-08T18:05:20+0200
1162f8ee934445c2,auto-464e99b7c589,hoenir@5907a3b,hoenir,5907a3b,ostara@832c68a,ostara,832c68a,vault,all_official,1,0,rating,b,b,0.0,core_destroyed,114,,9,510,9,26,4,540,11,17,ok,,5.253,n-62-29-27,29052882,2026-08-08T18:06:35+0200
116db05ce0747d2c,auto-464e99b7c589,hoenir@5907a3b,hoenir,5907a3b,njord@f66a427,njord,f66a427,sprint,all_official,1,0,rating,b,b,0.0,core_destroyed,187,,7,20,7,4,17,440,6,6,ok,,3.396,n-62-11-66,29052882,2026-08-08T18:06:07+0200
11971fba3eca0d77,auto-464e99b7c589,hoenir@5907a3b,hoenir,5907a3b,spar_sniper@aa24129,spar_sniper,aa24129,sweden,all_official,1,0,rating,a,a,1.0,core_destroyed,138,,9,310,9,14,56,150,11,10,ok,,4.886,n-62-11-52,29052882,2026-08-08T18:07:16+0200
11a23ef0a0b37c1c,auto-464e99b7c589,hoenir@5907a3b,hoenir,5907a3b,odin@38e1456,odin,38e1456,antler,all_official,1,0,rating,b,b,0.0,core_destroyed,101,,17,330,8,5,9,240,6,7,ok,,3.0,n-62-11-63,29052882,2026-08-08T18:06:38+0200
11c50387cb4d6bfb,auto-464e99b7c589,hoenir@5907a3b,hoenir,5907a3b,prospect@bf9b3e3,prospect,bf9b3e3,snowflake,all_official,1,0,rating,a,a,1.0,core_destroyed,51,,21,420,9,17,10,170,7,12,ok,,3.507,n-62-31-13,29052882,2026-08-08T18:06:23+0200
120c08c9892f07a0,auto-464e99b7c589,prospect_rushonly@bf9b3e3,prospect_rushonly,bf9b3e3,hoenir@5907a3b,hoenir,5907a3b,showdown,all_official,1,0,rating,a,a,1.0,core_destroyed,245,,9,560,6,13,7,50,4,11,ok,,3.027,n-62-31-23,29052882,2026-08-08T18:06:41+0200
1211b753c789cc16,auto-464e99b7c589,hoenir@5907a3b,hoenir,5907a3b,audhumla@a7faecd,audhumla,a7faecd,quarry,all_official,1,0,rating,b,b,0.0,core_destroyed,186,,4,410,8,24,9,600,9,14,ok,,4.671,n-62-11-62,29052882,2026-08-08T18:05:02+0200
1224406556e7af78,auto-464e99b7c589,steward_hardened_reinforced@672ee02,steward_hardened_reinforced,672ee02,hoenir@5907a3b,hoenir,5907a3b,runestone,all_official,1,0,rating,b,b,0.0,core_destroyed,182,,8,420,7,14,34,430,7,10,ok,,4.467,n-62-31-24,29052882,2026-08-08T18:07:30+0200
12417b9a6da5e965,auto-464e99b7c589,hoenir@5907a3b,hoenir,5907a3b,fenrir2@6b39ebb,fenrir2,6b39ebb,snowflake,all_official,1,0,rating,a,a,1.0,core_destroyed,59,,69,520,7,21,10,270,8,18,ok,,3.399,n-62-31-8,29052882,2026-08-08T18:05:05+0200
125725e36ffbd75e,auto-464e99b7c589,spar_mender@7ed1acc,spar_mender,7ed1acc,hoenir@5907a3b,hoenir,5907a3b,vault,all_official,1,0,rating,b,b,0.0,core_destroyed,155,,31,730,11,24,24,730,13,20,ok,,5.916,n-62-11-66,29052882,2026-08-08T18:07:51+0200
1258c4283013a896,auto-464e99b7c589,gefn@46ac5e6,gefn,46ac5e6,hoenir@5907a3b,hoenir,5907a3b,crossfire,all_official,1,0,rating,a,a,1.0,titanium_collected,1000,,16,180,7,6,16,140,9,5,ok,,7.425,n-62-21-7,29052882,2026-08-08T18:05:52+0200
12a093be4eaccc7e,auto-464e99b7c589,hoenir@5907a3b,hoenir,5907a3b,maporacle@38e1456,maporacle,38e1456,jackpot,all_official,1,0,rating,a,a,1.0,core_destroyed,866,,83,4260,19,24,2392,2070,0,2,ok,,28.722,n-62-12-2,29052882,2026-08-08T18:06:21+0200
12b0d0e440fa285f,auto-464e99b7c589,hoenir@5907a3b,hoenir,5907a3b,skadi@1e4eddf,skadi,1e4eddf,duel,all_official,1,0,rating,a,a,1.0,core_destroyed,241,,8,590,7,3,9,610,5,6,ok,,3.846,n-62-21-98,29052882,2026-08-08T18:06:29+0200
12c676f8fbbac0a8,auto-464e99b7c589,hoenir@5907a3b,hoenir,5907a3b,loki@9ac8974,loki,9ac8974,twins,all_official,1,0,rating,a,a,1.0,core_destroyed,257,,9,620,9,8,15,620,9,5,ok,,5.812,n-62-11-55,29052882,2026-08-08T18:06:53+0200
12d8dc40e38720cc,auto-464e99b7c589,hoenir@5907a3b,hoenir,5907a3b,lockin@90fc9f3,lockin,90fc9f3,vase,all_official,1,0,rating,a,a,1.0,core_destroyed,59,,10,110,9,7,640,0,0,0,ok,,1.977,n-62-29-21,29052882,2026-08-08T18:05:46+0200
12efbac654f796dc,auto-464e99b7c589,skadi@6a2af02,skadi,6a2af02,hoenir@5907a3b,hoenir,5907a3b,moonrise,all_official,1,0,rating,b,b,0.0,core_destroyed,225,,10,110,4,8,9,230,8,5,ok,,3.933,n-62-28-33,29052882,2026-08-08T18:07:02+0200
12f1d66c9ad1ada8,auto-464e99b7c589,mistral@90fc9f3,mistral,90fc9f3,hoenir@5907a3b,hoenir,5907a3b,drumlin,all_official,1,0,rating,b,b,0.0,core_destroyed,45,,210,0,5,0,29,250,7,20,ok,,4.228,n-62-30-23,29052882,2026-08-08T18:05:55+0200
1300bee1fa4dcd15,auto-464e99b7c589,hoenir@5907a3b,hoenir,5907a3b,forseti@37dc858,forseti,37dc858,strait,all_official,1,0,rating,b,b,0.0,core_destroyed,297,,29,820,7,18,8,740,8,13,ok,,5.463,n-62-11-58,29052882,2026-08-08T18:05:07+0200
133859638b1af0b1,auto-464e99b7c589,fenrir2@6b39ebb,fenrir2,6b39ebb,hoenir@5907a3b,hoenir,5907a3b,vault,all_official,1,0,rating,a,a,1.0,core_destroyed,139,,7,330,9,22,64,650,13,19,ok,,6.544,n-62-31-19,29052882,2026-08-08T18:04:49+0200
1340b1ae32ed0c2a,auto-464e99b7c589,hoenir@5907a3b,hoenir,5907a3b,mistral@90fc9f3,mistral,90fc9f3,crossfire,all_official,1,0,rating,a,a,1.0,core_destroyed,47,,20,180,8,17,334,0,4,0,ok,,4.369,n-62-30-23,29052882,2026-08-08T18:05:41+0200
134bf651d87da73f,auto-464e99b7c589,hoenir@5907a3b,hoenir,5907a3b,jonbot_190003d@90fc9f3,jonbot_190003d,90fc9f3,quarry,all_official,1,0,rating,a,a,1.0,core_destroyed,93,,9,190,9,23,339,370,6,20,ok,,4.301,n-62-31-10,29052882,2026-08-08T18:05:40+0200
1357407c45dcc9a0,auto-464e99b7c589,hoenir@5907a3b,hoenir,5907a3b,gefn@46ac5e6,gefn,46ac5e6,twins,all_official,1,0,rating,a,a,1.0,core_destroyed,253,,9,610,9,7,9,610,9,5,ok,,5.0,n-62-21-21,29052882,2026-08-08T18:05:52+0200
13994d1776ae7701,auto-464e99b7c589,casemate_oracle@90fc9f3,casemate_oracle,90fc9f3,hoenir@5907a3b,hoenir,5907a3b,strait,all_official,1,0,rating,b,b,0.0,core_destroyed,99,,313,0,3,12,30,520,9,27,ok,,6.96,n-62-29-33,29052882,2026-08-08T18:05:40+0200
13a46a07df1e8680,auto-464e99b7c589,hoenir@5907a3b,hoenir,5907a3b,mimir@cfc1ec4,mimir,cfc1ec4,skerry,all_official,1,0,rating,b,b,0.0,core_destroyed,74,,8,320,9,10,8,330,8,19,ok,,3.837,n-62-21-10,29052882,2026-08-08T18:05:47+0200
13c7886a209f86c4,auto-464e99b7c589,odin@93e46da,odin,93e46da,hoenir@5907a3b,hoenir,5907a3b,lighthouse,all_official,1,0,rating,b,b,0.0,core_destroyed,133,,7,180,5,5,61,870,11,14,ok,,4.684,n-62-28-33,29052882,2026-08-08T18:06:54+0200
13ce8e853eca9897,auto-464e99b7c589,fenrir2@6b39ebb,fenrir2,6b39ebb,hoenir@5907a3b,hoenir,5907a3b,strait,all_official,1,0,rating,b,b,0.0,core_destroyed,95,,10,320,10,28,31,540,8,25,ok,,5.509,n-62-31-16,29052882,2026-08-08T18:04:47+0200
13d601b4236ab856,auto-464e99b7c589,freyr@c2c0d3d,freyr,c2c0d3d,hoenir@5907a3b,hoenir,5907a3b,atoll,all_official,1,0,rating,a,a,1.0,core_destroyed,89,,8,390,8,16,7,240,9,3,ok,,3.739,n-62-21-90,29052882,2026-08-08T18:04:53+0200
13df2a1ff22bc9d2,auto-464e99b7c589,hoenir@5907a3b,hoenir,5907a3b,steward_hardened_reinforced@366cd1b,steward_hardened_reinforced,366cd1b,antler,all_official,1,0,rating,b,b,0.0,core_destroyed,56,,20,290,6,13,18,230,7,14,ok,,3.483,n-62-21-2,29052882,2026-08-08T18:07:19+0200
14153588104d1ece,auto-464e99b7c589,spork@05ab6a2,spork,05ab6a2,hoenir@5907a3b,hoenir,5907a3b,longship,all_official,1,0,rating,b,b,0.0,core_destroyed,589,,10,470,8,6,9,180,7,12,ok,,9.997,n-62-11-58,29052882,2026-08-08T18:07:13+0200
142201a0ae2e1eb4,auto-464e99b7c589,hoenir@5907a3b,hoenir,5907a3b,casemate_oracle@90fc9f3,casemate_oracle,90fc9f3,eider,all_official,1,0,rating,a,a,1.0,core_destroyed,72,,78,700,7,28,219,0,5,10,ok,,3.524,n-62-29-24,29052882,2026-08-08T18:04:39+0200
143c40fca4203ab5,auto-464e99b7c589,hoenir@5907a3b,hoenir,5907a3b,odin@38e1456,odin,38e1456,pinch,all_official,1,0,rating,a,a,1.0,core_destroyed,117,,10,660,11,25,33,540,8,15,ok,,5.014,n-62-31-10,29052882,2026-08-08T18:06:22+0200
144a150caed81d1f,auto-464e99b7c589,lockin@90fc9f3,lockin,90fc9f3,hoenir@5907a3b,hoenir,5907a3b,quarry,all_official,1,0,rating,b,b,0.0,core_destroyed,93,,48,0,14,0,10,0,10,6,ok,,8.486,n-62-29-31,29052882,2026-08-08T18:05:51+0200
146aa30673b1c7d5,auto-464e99b7c589,lockin@90fc9f3,lockin,90fc9f3,hoenir@5907a3b,hoenir,5907a3b,nordkap,all_official,1,0,rating,b,b,0.0,core_destroyed,61,,650,0,0,0,10,120,8,21,ok,,1.965,n-62-29-31,29052882,2026-08-08T18:05:27+0200
14790d7d5a0e7746,auto-464e99b7c589,prospect_rushonly@bf9b3e3,prospect_rushonly,bf9b3e3,hoenir@5907a3b,hoenir,5907a3b,moonrise,all_official,1,0,rating,a,a,1.0,titanium_collected,1000,,16,260,6,3,18,110,8,6,ok,,6.232,n-62-31-22,29052882,2026-08-08T18:06:31+0200
147a0a5af9561715,auto-464e99b7c589,hoenir@5907a3b,hoenir,5907a3b,spar_mender@7ed1acc,spar_mender,7ed1acc,lighthouse,all_official,1,0,rating,a,a,1.0,core_destroyed,95,,63,890,5,28,8,680,10,18,ok,,4.164,n-62-11-60,29052882,2026-08-08T18:07:03+0200
147d7fa1141a49f4,auto-464e99b7c589,steward_hardened_reinforced@366cd1b,steward_hardened_reinforced,366cd1b,hoenir@5907a3b,hoenir,5907a3b,quarry,all_official,1,0,rating,a,a,1.0,core_destroyed,67,,18,320,9,18,10,0,8,5,ok,,3.611,n-62-29-24,29052882,2026-08-08T18:07:28+0200
1484ad32c83c4826,auto-464e99b7c589,jotunn@6b39ebb,jotunn,6b39ebb,hoenir@5907a3b,hoenir,5907a3b,fjord,all_official,1,0,rating,b,b,0.0,core_destroyed,295,,8,2140,8,61,10,2140,16,18,ok,,10.571,n-62-28-28,29052882,2026-08-08T18:06:25+0200
1484d5e6cef97a2c,auto-464e99b7c589,skadi@821d792,skadi,821d792,hoenir@5907a3b,hoenir,5907a3b,archipelago,all_official,1,0,rating,a,a,1.0,core_destroyed,98,,47,850,10,29,185,1090,11,28,ok,,4.899,n-62-11-55,29052882,2026-08-08T18:06:40+0200
1485ed1aa96f6c5a,auto-464e99b7c589,bastion@840a180,bastion,840a180,hoenir@5907a3b,hoenir,5907a3b,jackpot,all_official,1,0,rating,a,a,1.0,core_destroyed,93,,19,200,5,19,10,0,8,1,ok,,3.258,n-62-31-9,29052882,2026-08-08T18:05:20+0200
1492305beacfce70,auto-464e99b7c589,forseti@37dc858,forseti,37dc858,hoenir@5907a3b,hoenir,5907a3b,meander,all_official,1,0,rating,b,b,0.0,titanium_collected,1000,,16,230,8,10,16,310,7,7,ok,,8.864,n-62-11-50,29052882,2026-08-08T18:05:05+0200
14b0fcc0e2519d3c,auto-464e99b7c589,hoenir@5907a3b,hoenir,5907a3b,gefn@46ac5e6,gefn,46ac5e6,vase,all_official,1,0,rating,b,b,0.0,core_destroyed,135,,44,0,10,4,10,260,10,8,ok,,4.842,n-62-21-21,29052882,2026-08-08T18:06:03+0200
14c238e6966365a1,auto-464e99b7c589,hoenir@5907a3b,hoenir,5907a3b,maporacle@38e1456,maporacle,38e1456,twins,all_official,1,0,rating,a,a,1.0,core_destroyed,113,,9,330,7,12,9,110,9,5,ok,,4.659,n-62-21-2,29052882,2026-08-08T18:07:03+0200
14c2b44ad3298ff1,auto-464e99b7c589,hoenir@5907a3b,hoenir,5907a3b,bastion@840a180,bastion,840a180,aurora,all_official,1,0,rating,a,a,1.0,core_destroyed,118,,46,650,7,25,10,190,7,12,ok,,4.825,n-62-11-64,29052882,2026-08-08T18:05:13+0200
14cfc022a8ab2d61,auto-464e99b7c589,hoenir@5907a3b,hoenir,5907a3b,skadi@821d792,skadi,821d792,skerry,all_official,1,0,rating,a,a,1.0,core_destroyed,110,,26,720,9,13,6,420,8,7,ok,,4.782,n-62-29-16,29052882,2026-08-08T18:07:21+0200
14d1ecc150869226,auto-464e99b7c589,pantheon_replica_day3@aa8bae0,pantheon_replica_day3,aa8bae0,hoenir@5907a3b,hoenir,5907a3b,twins,all_official,1,0,rating,b,b,0.0,core_destroyed,69,,10,130,8,8,7,140,8,7,ok,,3.552,n-62-31-17,29052882,2026-08-08T18:07:16+0200
152ef044ffd39368,auto-464e99b7c589,hoenir@5907a3b,hoenir,5907a3b,spork@05ab6a2,spork,05ab6a2,string,all_official,1,0,rating,a,a,1.0,core_destroyed,509,,10,480,10,5,85,210,8,7,ok,,12.22,n-62-21-90,29052882,2026-08-08T18:07:38+0200
15348442226ca9d5,auto-464e99b7c589,njord@f66a427,njord,f66a427,hoenir@5907a3b,hoenir,5907a3b,strait,all_official,1,0,rating,b,b,0.0,core_destroyed,137,,9,370,7,14,7,610,8,20,ok,,3.871,n-62-11-66,29052882,2026-08-08T18:06:22+0200
153c98aba2eb7541,auto-464e99b7c589,hoenir@5907a3b,hoenir,5907a3b,odin@38e1456,odin,38e1456,snowflake,all_official,1,0,rating,a,a,1.0,core_destroyed,61,,65,550,7,24,10,280,7,20,ok,,3.871,n-62-31-11,29052882,2026-08-08T18:06:34+0200
153fe09c92955f11,auto-464e99b7c589,odin@38e1456,odin,38e1456,hoenir@5907a3b,hoenir,5907a3b,longship,all_official,1,0,rating,b,b,0.0,core_destroyed,97,,9,410,9,24,16,370,6,15,ok,,3.579,n-62-31-9,29052882,2026-08-08T18:07:05+0200
156955b3154d792e,auto-464e99b7c589,hoenir@5907a3b,hoenir,5907a3b,fenrir2@6b39ebb,fenrir2,6b39ebb,vase,all_official,1,0,rating,a,a,1.0,core_destroyed,162,,51,370,8,7,8,110,8,3,ok,,5.835,n-62-31-16,29052882,2026-08-08T18:05:32+0200
156ae7aa99d82627,auto-464e99b7c589,hoenir@5907a3b,hoenir,5907a3b,casemate_oracle@90fc9f3,casemate_oracle,90fc9f3,quarry,all_official,1,0,rating,a,a,1.0,core_destroyed,101,,2,210,9,39,204,0,5,38,ok,,6.268,n-62-29-31,29052882,2026-08-08T18:04:59+0200
157ed06153916d8a,auto-464e99b7c589,hoenir@5907a3b,hoenir,5907a3b,gefn@46ac5e6,gefn,46ac5e6,jackpot,all_official,1,0,rating,a,a,1.0,core_destroyed,59,,10,230,7,24,22,0,10,1,ok,,3.762,n-62-21-13,29052882,2026-08-08T18:04:58+0200
158f878ef1bb39c7,auto-464e99b7c589,skadi@1e4eddf,skadi,1e4eddf,hoenir@5907a3b,hoenir,5907a3b,drumlin,all_official,1,0,rating,b,b,0.0,core_destroyed,64,,18,230,8,21,42,510,8,26,ok,,3.685,n-62-21-97,29052882,2026-08-08T18:07:46+0200
159a85a14ce1947b,auto-464e99b7c589,hoenir@5907a3b,hoenir,5907a3b,ostara@832c68a,ostara,832c68a,meander,all_official,1,0,rating,a,a,1.0,core_destroyed,58,,38,260,5,14,37,90,6,11,ok,,2.565,n-62-29-24,29052882,2026-08-08T18:06:25+0200
159f36f20b66b3e0,auto-464e99b7c589,hoenir@5907a3b,hoenir,5907a3b,skadi@1e4eddf,skadi,1e4eddf,jackpot,all_official,1,0,rating,a,a,1.0,core_destroyed,157,,44,730,12,16,40,420,10,7,ok,,6.116,n-62-28-28,29052882,2026-08-08T18:06:44+0200
15a94691b64a00a2,auto-464e99b7c589,steward_hardened_reinforced@672ee02,steward_hardened_reinforced,672ee02,hoenir@5907a3b,hoenir,5907a3b,duel,all_official,1,0,rating,b,b,0.0,core_destroyed,53,,9,220,7,7,19,230,8,6,ok,,3.085,n-62-29-9,29052882,2026-08-08T18:07:25+0200
15ab4f0c87925f2c,auto-464e99b7c589,hoenir@5907a3b,hoenir,5907a3b,steward_hardened_reinforced@04300bf,steward_hardened_reinforced,04300bf,nordkap,all_official,1,0,rating,b,b,0.0,titanium_collected,1000,,20,80,9,8,16,100,8,5,ok,,11.927,n-62-11-55,29052882,2026-08-08T18:07:24+0200
15ab60e0ce759c05,auto-464e99b7c589,e_t4l7@9e77076,e_t4l7,9e77076,hoenir@5907a3b,hoenir,5907a3b,meander,all_official,1,0,rating,a,a,1.0,titanium_collected,1000,,1403,500,10,8,20,0,8,14,ok,,10.825,n-62-30-24,29052882,2026-08-08T18:05:05+0200
15b7c176512c5a2b,auto-464e99b7c589,hoenir@5907a3b,hoenir,5907a3b,mistral@90fc9f3,mistral,90fc9f3,snowflake,all_official,1,0,rating,a,a,1.0,core_destroyed,47,,18,370,8,23,60,0,7,0,ok,,6.294,n-62-21-5,29052882,2026-08-08T18:05:47+0200
15cc6818b3bbf25b,auto-464e99b7c589,hoenir@5907a3b,hoenir,5907a3b,gefjon@f66a427,gefjon,f66a427,eider,all_official,1,0,rating,b,b,0.0,core_destroyed,59,,4,120,8,7,20,360,7,12,ok,,3.675,n-62-21-14,29052882,2026-08-08T18:05:04+0200
15fbdbbb945af9eb,auto-464e99b7c589,hoenir@5907a3b,hoenir,5907a3b,audhumla@a7faecd,audhumla,a7faecd,showdown,all_official,1,0,rating,a,a,1.0,core_destroyed,100,,22,210,6,10,20,390,7,23,ok,,3.177,n-62-11-66,29052882,2026-08-08T18:04:47+0200
1602401224996967,auto-464e99b7c589,heimdall@daf0de0,heimdall,daf0de0,hoenir@5907a3b,hoenir,5907a3b,heart,all_official,1,0,rating,b,b,0.0,titanium_collected,1000,,16,0,9,8,16,30,8,7,ok,,16.516,n-62-21-66,29052882,2026-08-08T18:05:04+0200
1607bca0fd15b1e2,auto-464e99b7c589,hoenir@5907a3b,hoenir,5907a3b,loki@832c68a,loki,832c68a,lighthouse,all_official,1,0,rating,b,b,0.0,core_destroyed,173,,8,790,8,8,22,800,7,11,ok,,3.293,n-62-29-5,29052882,2026-08-08T18:06:18+0200
164943fc975b1073,auto-464e99b7c589,steward_hardened_reinforced@366cd1b,steward_hardened_reinforced,366cd1b,hoenir@5907a3b,hoenir,5907a3b,drumlin,all_official,1,0,rating,b,b,0.0,core_destroyed,55,,8,170,7,18,28,350,7,18,ok,,3.41,n-62-21-1,29052882,2026-08-08T18:07:32+0200
16535c89e5b9646f,auto-464e99b7c589,hoenir@5907a3b,hoenir,5907a3b,spar_mender@7ed1acc,spar_mender,7ed1acc,crossfire,all_official,1,0,rating,a,a,1.0,core_destroyed,234,,18,1200,12,21,123,1130,10,24,ok,,8.212,n-62-31-13,29052882,2026-08-08T18:07:48+0200
165dfa8e7a2fd052,auto-464e99b7c589,janus@8a1e7a1,janus,8a1e7a1,hoenir@5907a3b,hoenir,5907a3b,atoll,all_official,1,0,rating,b,b,0.0,core_destroyed,109,,271,490,5,7,32,490,7,12,ok,,3.689,n-62-21-60,29052882,2026-08-08T18:04:57+0200
16623b0376c1496a,auto-464e99b7c589,odin@93e46da,odin,93e46da,hoenir@5907a3b,hoenir,5907a3b,skerry,all_official,1,0,rating,a,a,1.0,core_destroyed,114,,18,540,9,12,70,730,12,11,ok,,4.252,n-62-29-13,29052882,2026-08-08T18:06:17+0200
16db534de3a887d7,auto-464e99b7c589,odin@93e46da,odin,93e46da,hoenir@5907a3b,hoenir,5907a3b,fjord,all_official,1,0,rating,b,b,0.0,core_destroyed,94,,23,420,9,13,6,630,9,20,ok,,4.517,n-62-28-31,29052882,2026-08-08T18:06:17+0200
16e2a36fee8777bf,auto-464e99b7c589,skadi@1e4eddf,skadi,1e4eddf,hoenir@5907a3b,hoenir,5907a3b,skerry,all_official,1,0,rating,a,a,1.0,core_destroyed,123,,66,810,9,32,57,790,15,11,ok,,5.222,n-62-11-58,29052882,2026-08-08T18:06:59+0200
16e71df419ce90d0,auto-464e99b7c589,odin@93e46da,odin,93e46da,hoenir@5907a3b,hoenir,5907a3b,antler,all_official,1,0,rating,a,a,1.0,core_destroyed,64,,18,270,6,10,204,270,5,6,ok,,2.931,n-62-21-97,29052882,2026-08-08T18:06:35+0200
1711b41bd7761aa9,auto-464e99b7c589,forseti@37dc858,forseti,37dc858,hoenir@5907a3b,hoenir,5907a3b,sprint,all_official,1,0,rating,b,b,0.0,core_destroyed,557,,10,30,6,1,9,90,7,3,ok,,5.378,n-62-11-58,29052882,2026-08-08T18:05:01+0200
1726a60518690601,auto-464e99b7c589,prospect_rushonly@bf9b3e3,prospect_rushonly,bf9b3e3,hoenir@5907a3b,hoenir,5907a3b,aurora,all_official,1,0,rating,b,b,0.0,core_destroyed,92,,20,120,9,3,18,210,7,13,ok,,3.752,n-62-31-24,29052882,2026-08-08T18:06:36+0200
173514265259751c,auto-464e99b7c589,hoenir@5907a3b,hoenir,5907a3b,audhumla@a7faecd,audhumla,a7faecd,fjordgate,all_official,1,0,rating,a,a,1.0,core_destroyed,409,,9,70,7,10,10,310,7,7,ok,,5.211,n-62-11-60,29052882,2026-08-08T18:05:07+0200
17398f4d44a679be,auto-464e99b7c589,gefn@46ac5e6,gefn,46ac5e6,hoenir@5907a3b,hoenir,5907a3b,sprint,all_official,1,0,rating,b,b,0.0,titanium_collected,1000,,41,20,7,4,20,40,5,4,ok,,8.552,n-62-21-16,29052882,2026-08-08T18:05:24+0200
1750f59a4cd50f38,auto-464e99b7c589,hoenir@5907a3b,hoenir,5907a3b,fulla@ec5aa19,fulla,ec5aa19,archipelago,all_official,1,0,rating,b,b,0.0,core_destroyed,63,,100,450,7,26,10,360,7,24,ok,,3.4,n-62-12-4,29052882,2026-08-08T18:05:08+0200
17547dda902b6430,auto-464e99b7c589,gefjon@f66a427,gefjon,f66a427,hoenir@5907a3b,hoenir,5907a3b,fjord,all_official,1,0,rating,b,b,0.0,core_destroyed,61,,181,370,8,12,10,270,9,14,ok,,3.85,n-62-21-14,29052882,2026-08-08T18:05:17+0200
17561f4b117c9e6d,auto-464e99b7c589,gefjon@f66a427,gefjon,f66a427,hoenir@5907a3b,hoenir,5907a3b,twins,all_official,1,0,rating,a,a,1.0,core_destroyed,561,,9,1510,8,8,9,1370,8,8,ok,,8.099,n-62-21-18,29052882,2026-08-08T18:04:49+0200
1777cd1f1065610e,auto-464e99b7c589,hoenir@5907a3b,hoenir,5907a3b,snotra@34b0ce8,snotra,34b0ce8,heart,all_official,1,0,rating,b,b,0.0,core_destroyed,421,,10,0,8,2,8,40,6,6,ok,,5.044,n-62-29-5,29052882,2026-08-08T18:06:54+0200
17937569648924f6,auto-464e99b7c589,hoenir@5907a3b,hoenir,5907a3b,gefjon@f66a427,gefjon,f66a427,pinch,all_official,1,0,rating,b,b,0.0,core_destroyed,122,,89,470,8,9,18,570,8,35,ok,,4.495,n-62-21-24,29052882,2026-08-08T18:05:22+0200
17e4d771e5e2918e,auto-464e99b7c589,jonbot_190003d@90fc9f3,jonbot_190003d,90fc9f3,hoenir@5907a3b,hoenir,5907a3b,crossfire,all_official,1,0,rating,b,b,0.0,core_destroyed,202,,57,0,10,4,10,460,7,9,ok,,4.086,n-62-11-64,29052882,2026-08-08T18:05:33+0200
1801b4fa65d7ce8c,auto-464e99b7c589,loki@9ac8974,loki,9ac8974,hoenir@5907a3b,hoenir,5907a3b,moonrise,all_official,1,0,rating,a,a,1.0,core_destroyed,111,,16,480,7,16,7,50,6,5,ok,,4.794,n-62-31-16,29052882,2026-08-08T18:05:38+0200
180e89cec7a64863,auto-464e99b7c589,sif@3fc5cd8,sif,3fc5cd8,hoenir@5907a3b,hoenir,5907a3b,hive,all_official,1,0,rating,a,a,1.0,core_destroyed,92,,40,470,9,30,38,470,8,32,ok,,4.667,n-62-21-92,29052882,2026-08-08T18:06:53+0200
181ce0e2c9d833ae,auto-464e99b7c589,hoenir@5907a3b,hoenir,5907a3b,ostara@832c68a,ostara,832c68a,lighthouse,all_official,1,0,rating,a,a,1.0,titanium_collected,1000,,16,580,7,10,16,440,7,8,ok,,11.864,n-62-29-21,29052882,2026-08-08T18:07:16+0200
182d6aa6c1d20b76,auto-464e99b7c589,spar_sniper@aa24129,spar_sniper,aa24129,hoenir@5907a3b,hoenir,5907a3b,meander,all_official,1,0,rating,b,b,0.0,core_destroyed,441,,10,230,7,5,9,450,7,12,ok,,5.57,n-62-31-18,29052882,2026-08-08T18:07:47+0200
183b80fc71b91be4,auto-464e99b7c589,hoenir@5907a3b,hoenir,5907a3b,steward_hardened_reinforced@04300bf,steward_hardened_reinforced,04300bf,skerry,all_official,1,0,rating,b,b,0.0,core_destroyed,74,,8,320,9,10,8,330,8,19,ok,,3.571,n-62-12-1,29052882,2026-08-08T18:07:23+0200
1853809fd7a1c20e,auto-464e99b7c589,hoenir@5907a3b,hoenir,5907a3b,spork@05ab6a2,spork,05ab6a2,sprint,all_official,1,0,rating,a,a,1.0,core_destroyed,99,,16,230,6,10,20,270,7,12,ok,,3.689,n-62-21-90,29052882,2026-08-08T18:07:11+0200
185b0fbf93884bf7,auto-464e99b7c589,bastion@840a180,bastion,840a180,hoenir@5907a3b,hoenir,5907a3b,duel,all_official,1,0,rating,b,b,0.0,core_destroyed,97,,9,230,7,5,18,450,8,6,ok,,3.266,n-62-21-92,29052882,2026-08-08T18:05:35+0200
1866e8742262c63c,auto-464e99b7c589,hoenir@5907a3b,hoenir,5907a3b,hodr@ea88247,hodr,ea88247,meander,all_official,1,0,rating,a,a,1.0,core_destroyed,62,,9,200,5,14,8,0,9,7,ok,,3.102,n-62-21-55,29052882,2026-08-08T18:05:55+0200
186a86eb4b7d9979,auto-464e99b7c589,hoenir@5907a3b,hoenir,5907a3b,maporacle@38e1456,maporacle,38e1456,skerry,all_official,1,0,rating,a,a,1.0,core_destroyed,100,,16,640,9,14,16,300,8,22,ok,,4.883,n-62-21-1,29052882,2026-08-08T18:06:06+0200
1871f7367e91de4f,auto-464e99b7c589,hoenir@5907a3b,hoenir,5907a3b,spar_mender@d5b46bc,spar_mender,d5b46bc,skerry,all_official,1,0,rating,a,a,1.0,core_destroyed,80,,37,490,8,14,30,220,8,8,ok,,3.492,n-62-31-9,29052882,2026-08-08T18:07:30+0200
18a7175ab51c0151,auto-464e99b7c589,hoenir@5907a3b,hoenir,5907a3b,loki@9ac8974,loki,9ac8974,duel,all_official,1,0,rating,b,b,0.0,core_destroyed,47,,9,190,8,6,7,200,8,6,ok,,3.06,n-62-31-14,29052882,2026-08-08T18:05:29+0200
18c11cccc7d4d5d4,auto-464e99b7c589,snotra_h@4437c29,snotra_h,4437c29,hoenir@5907a3b,hoenir,5907a3b,showdown,all_official,1,0,rating,a,a,1.0,core_destroyed,466,,8,1120,6,17,8,740,6,7,ok,,4.885,n-62-11-61,29052882,2026-08-08T18:07:10+0200
18d1a3202479e307,auto-464e99b7c589,hoenir@5907a3b,hoenir,5907a3b,steward_hardened_reinforced@04300bf,steward_hardened_reinforced,04300bf,heart,all_official,1,0,rating,a,draw,0.5,coinflip,1000,,16,0,8,7,16,0,6,2,ok,,8.929,n-62-12-5,29052882,2026-08-08T18:07:41+0200
18f3aa72a809821d,auto-464e99b7c589,spork@05ab6a2,spork,05ab6a2,hoenir@5907a3b,hoenir,5907a3b,eider,all_official,1,0,rating,b,b,0.0,core_destroyed,299,,4,1180,7,15,19,1440,7,10,ok,,4.864,n-62-11-50,29052882,2026-08-08T18:07:27+0200
18fd911e9b4a8a5c,auto-464e99b7c589,hoenir@5907a3b,hoenir,5907a3b,spar_sniper@aa24129,spar_sniper,aa24129,aurora,all_official,1,0,rating,a,a,1.0,core_destroyed,140,,19,640,8,19,16,60,8,15,ok,,4.803,n-62-21-98,29052882,2026-08-08T18:07:00+0200
19020680e1fa2842,auto-464e99b7c589,hoenir@5907a3b,hoenir,5907a3b,audhumla@a7faecd,audhumla,a7faecd,crossfire,all_official,1,0,rating,b,b,0.0,core_destroyed,79,,8,170,7,9,17,360,10,10,ok,,4.413,n-62-11-61,29052882,2026-08-08T18:05:59+0200
190ea198ecb03dfd,auto-464e99b7c589,hoenir@5907a3b,hoenir,5907a3b,steward_hardened_reinforced@04300bf,steward_hardened_reinforced,04300bf,archipelago,all_official,1,0,rating,a,a,1.0,core_destroyed,66,,20,500,9,25,9,150,8,14,ok,,3.688,n-62-28-31,29052882,2026-08-08T18:07:46+0200
191b87f46fd187a5,auto-464e99b7c589,hoenir@5907a3b,hoenir,5907a3b,mistral@90fc9f3,mistral,90fc9f3,heart,all_official,1,0,rating,a,a,1.0,core_destroyed,89,,9,0,7,8,52,0,10,0,ok,,5.399,n-62-31-5,29052882,2026-08-08T18:05:53+0200
194c61b6aea563b9,auto-464e99b7c589,odin@38e1456,odin,38e1456,hoenir@5907a3b,hoenir,5907a3b,hive,all_official,1,0,rating,b,b,0.0,core_destroyed,135,,10,380,9,32,101,1020,11,42,ok,,4.692,n-62-31-9,29052882,2026-08-08T18:06:12+0200
19677ced2b9c57a1,auto-464e99b7c589,hoenir@5907a3b,hoenir,5907a3b,hodr@ea88247,hodr,ea88247,sprint,all_official,1,0,rating,b,b,0.0,core_destroyed,187,,7,20,7,4,17,440,6,6,ok,,3.783,n-62-21-57,29052882,2026-08-08T18:05:07+0200
19754d77e1cfa3c9,auto-464e99b7c589,hoenir@5907a3b,hoenir,5907a3b,audhumla@a7faecd,audhumla,a7faecd,twins,all_official,1,0,rating,a,a,1.0,core_destroyed,124,,48,520,5,39,65,770,14,22,ok,,5.573,n-62-11-63,29052882,2026-08-08T18:05:16+0200
1981505cd736ae05,auto-464e99b7c589,bifrost@c70c467,bifrost,c70c467,hoenir@5907a3b,hoenir,5907a3b,skerry,all_official,1,0,rating,b,b,0.0,core_destroyed,193,,6,390,8,6,10,830,9,8,ok,,4.609,n-62-29-13,29052882,2026-08-08T18:05:16+0200
1986c07f673646c9,auto-464e99b7c589,mjolnir@2e6c876,mjolnir,2e6c876,hoenir@5907a3b,hoenir,5907a3b,duel,all_official,1,0,rating,b,b,0.0,core_destroyed,108,,18,260,8,5,16,500,10,6,ok,,3.763,n-62-21-18,29052882,2026-08-08T18:05:49+0200
1994fdacacc2824d,auto-464e99b7c589,aegis@e55aab5,aegis,e55aab5,hoenir@5907a3b,hoenir,5907a3b,vault,all_official,1,0,rating,b,b,0.0,core_destroyed,111,,10,360,9,19,8,510,9,19,ok,,4.571,n-62-11-67,29052882,2026-08-08T18:05:07+0200
199eeccf1c00bd0e,auto-464e99b7c589,hodr@ea88247,hodr,ea88247,hoenir@5907a3b,hoenir,5907a3b,meander,all_official,1,0,rating,b,b,0.0,titanium_collected,1000,,16,230,8,10,16,310,7,7,ok,,9.612,n-62-21-55,29052882,2026-08-08T18:06:05+0200
19cce7161d86676c,auto-464e99b7c589,odin@38e1456,odin,38e1456,hoenir@5907a3b,hoenir,5907a3b,snowflake,all_official,1,0,rating,a,a,1.0,core_destroyed,75,,19,530,10,18,0,160,8,10,ok,,4.64,n-62-31-11,29052882,2026-08-08T18:06:39+0200
19d06fb0484ffa1b,auto-464e99b7c589,hoenir@5907a3b,hoenir,5907a3b,steward_hardened_reinforced@672ee02,steward_hardened_reinforced,672ee02,runestone,all_official,1,0,rating,b,b,0.0,core_destroyed,365,,8,90,9,9,9,70,9,7,ok,,7.221,n-62-31-24,29052882,2026-08-08T18:07:25+0200
1a012745616da32a,auto-464e99b7c589,hoenir@5907a3b,hoenir,5907a3b,spar_mender@d5b46bc,spar_mender,d5b46bc,heart,all_official,1,0,rating,b,b,0.0,core_destroyed,369,,10,0,5,5,9,0,9,9,ok,,6.861,n-62-31-8,29052882,2026-08-08T18:06:58+0200
1a08f37e2adf3418,auto-464e99b7c589,hoenir@5907a3b,hoenir,5907a3b,lockin@90fc9f3,lockin,90fc9f3,sprint,all_official,1,0,rating,a,a,1.0,core_destroyed,43,,10,150,7,16,315,0,6,0,ok,,3.863,n-62-29-33,29052882,2026-08-08T18:05:48+0200
1a146ae55901ef06,auto-464e99b7c589,hoenir@5907a3b,hoenir,5907a3b,mimir@cfc1ec4,mimir,cfc1ec4,lighthouse,all_official,1,0,rating,b,b,0.0,core_destroyed,161,,7,390,8,7,20,740,7,14,ok,,3.733,n-62-21-17,29052882,2026-08-08T18:06:05+0200
1a160256c0b04c99,auto-464e99b7c589,hoenir@5907a3b,hoenir,5907a3b,steward_hardened_reinforced@04300bf,steward_hardened_reinforced,04300bf,drumlin,all_official,1,0,rating,b,b,0.0,core_destroyed,67,,22,300,8,17,19,360,7,17,ok,,3.771,n-62-28-34,29052882,2026-08-08T18:07:45+0200
1a1612ca17ccc092,auto-464e99b7c589,hoenir@5907a3b,hoenir,5907a3b,snotra_h@4437c29,snotra_h,4437c29,longship,all_official,1,0,rating,b,b,0.0,core_destroyed,78,,6,320,8,11,8,310,7,15,ok,,3.699,n-62-31-23,29052882,2026-08-08T18:07:50+0200
1a25116db29cc45c,auto-464e99b7c589,hoenir@5907a3b,hoenir,5907a3b,steward_hardened_reinforced@04300bf,steward_hardened_reinforced,04300bf,moonrise,all_official,1,0,rating,a,a,1.0,core_destroyed,131,,27,580,9,14,10,50,6,3,ok,,4.145,n-62-11-55,29052882,2026-08-08T18:07:07+0200
1a2c8abe2cacce78,auto-464e99b7c589,magni@3677a66,magni,3677a66,hoenir@5907a3b,hoenir,5907a3b,antler,all_official,1,0,rating,a,a,1.0,core_destroyed,104,,28,660,5,12,16,470,8,12,ok,,3.066,n-62-11-52,29052882,2026-08-08T18:05:43+0200
1a2f26df8f5672b6,auto-464e99b7c589,spar_mender@d5b46bc,spar_mender,d5b46bc,hoenir@5907a3b,hoenir,5907a3b,showdown,all_official,1,0,rating,b,b,0.0,titanium_collected,1000,,12,0,8,8,28,2460,7,12,ok,,5.673,n-62-31-9,29052882,2026-08-08T18:07:26+0200
1a4d4483d1b6f667,auto-464e99b7c589,hoenir@5907a3b,hoenir,5907a3b,heimdall@daf0de0,heimdall,daf0de0,drumlin,all_official,1,0,rating,a,a,1.0,core_destroyed,55,,18,370,8,23,10,200,9,19,ok,,3.652,n-62-21-65,29052882,2026-08-08T18:04:39+0200
1a4f195591d37148,auto-464e99b7c589,prospect@bf9b3e3,prospect,bf9b3e3,hoenir@5907a3b,hoenir,5907a3b,moonrise,all_official,1,0,rating,a,a,1.0,titanium_collected,1000,,16,260,6,3,18,110,8,6,ok,,6.295,n-62-31-18,29052882,2026-08-08T18:06:45+0200
1a735a3ca8acba3a,auto-464e99b7c589,hoenir@5907a3b,hoenir,5907a3b,loki@9ac8974,loki,9ac8974,heart,all_official,1,0,rating,b,b,0.0,core_destroyed,989,,10,0,8,5,11,40,6,6,ok,,9.971,n-62-31-14,29052882,2026-08-08T18:06:07+0200
1a7da62b86b5b495,auto-464e99b7c589,hoenir@5907a3b,hoenir,5907a3b,bifrost@c70c467,bifrost,c70c467,saga,all_official,1,0,rating,a,a,1.0,core_destroyed,105,,19,390,9,24,34,480,7,28,ok,,4.786,n-62-29-13,29052882,2026-08-08T18:04:53+0200
1a956dde96015cd7,auto-464e99b7c589,hoenir@5907a3b,hoenir,5907a3b,spork@05ab6a2,spork,05ab6a2,skerry,all_official,1,0,rating,b,b,0.0,core_destroyed,55,,19,230,11,10,9,350,9,21,ok,,4.349,n-62-21-89,29052882,2026-08-08T18:07:52+0200
1b12203fb9d18775,auto-464e99b7c589,ostara@832c68a,ostara,832c68a,hoenir@5907a3b,hoenir,5907a3b,sprint,all_official,1,0,rating,b,b,0.0,core_destroyed,254,,8,40,7,0,10,610,9,9,ok,,4.962,n-62-29-33,29052882,2026-08-08T18:06:23+0200
1b1c9fced50fea5f,auto-464e99b7c589,steward_hardened_reinforced@366cd1b,steward_hardened_reinforced,366cd1b,hoenir@5907a3b,hoenir,5907a3b,longship,all_official,1,0,rating,b,b,0.0,core_destroyed,713,,9,1760,8,11,8,1760,6,12,ok,,6.316,n-62-29-21,29052882,2026-08-08T18:07:25+0200
1b1dc7e9695722f6,auto-464e99b7c589,hoenir@5907a3b,hoenir,5907a3b,maporacle@38e1456,maporacle,38e1456,aurora,all_official,1,0,rating,a,a,1.0,core_destroyed,133,,8,600,7,23,9,490,10,20,ok,,4.901,n-62-12-5,29052882,2026-08-08T18:05:52+0200
1b2216cfc209cbb8,auto-464e99b7c589,skadi@aad5f44,skadi,aad5f44,hoenir@5907a3b,hoenir,5907a3b,twins,all_official,1,0,rating,a,a,1.0,core_destroyed,137,,45,600,5,29,61,610,7,19,ok,,3.906,n-62-29-27,29052882,2026-08-08T18:07:53+0200
1b2727c19247f4b0,auto-464e99b7c589,steward_hardened_reinforced@04300bf,steward_hardened_reinforced,04300bf,hoenir@5907a3b,hoenir,5907a3b,bridge,all_official,1,0,rating,b,b,0.0,core_destroyed,172,,67,0,4,12,56,830,12,15,ok,,5.833,n-62-28-34,29052882,2026-08-08T18:07:32+0200
1b31f1e98a4238d5,auto-464e99b7c589,steward_hardened_reinforced@04300bf,steward_hardened_reinforced,04300bf,hoenir@5907a3b,hoenir,5907a3b,showdown,all_official,1,0,rating,a,a,1.0,core_destroyed,209,,9,210,7,14,10,150,4,14,ok,,3.337,n-62-12-1,29052882,2026-08-08T18:07:19+0200
1b367366e8b89364,auto-464e99b7c589,hoenir@5907a3b,hoenir,5907a3b,pantheon_replica_day3@aa8bae0,pantheon_replica_day3,aa8bae0,eider,all_official,1,0,rating,a,a,1.0,core_destroyed,146,,8,340,8,8,8,70,7,5,ok,,3.532,n-62-29-5,29052882,2026-08-08T18:06:17+0200
1b3f1339759e9968,auto-464e99b7c589,forseti@37dc858,forseti,37dc858,hoenir@5907a3b,hoenir,5907a3b,aurora,all_official,1,0,rating,b,b,0.0,core_destroyed,65,,45,390,8,30,19,340,10,22,ok,,4.256,n-62-31-19,29052882,2026-08-08T18:05:23+0200
1b481471dae19306,auto-464e99b7c589,mistral@90fc9f3,mistral,90fc9f3,hoenir@5907a3b,hoenir,5907a3b,lighthouse,all_official,1,0,rating,b,b,0.0,core_destroyed,49,,40,0,9,0,9,100,8,8,ok,,4.861,n-62-31-5,29052882,2026-08-08T18:06:33+0200
1b5680f6dd26c472,auto-464e99b7c589,hoenir@5907a3b,hoenir,5907a3b,ostara@832c68a,ostara,832c68a,snowflake,all_official,1,0,rating,a,a,1.0,core_destroyed,57,,69,500,8,20,17,540,8,36,ok,,3.993,n-62-29-33,29052882,2026-08-08T18:06:10+0200
1b65ef89bce424d5,auto-464e99b7c589,hoenir@5907a3b,hoenir,5907a3b,forseti@37dc858,forseti,37dc858,runestone,all_official,1,0,rating,a,a,1.0,core_destroyed,221,,19,360,8,14,10,70,8,5,ok,,4.407,n-62-11-51,29052882,2026-08-08T18:04:58+0200
1b87548c26b8f6cc,auto-464e99b7c589,hoenir@5907a3b,hoenir,5907a3b,prospect@bf9b3e3,prospect,bf9b3e3,sprint,all_official,1,0,rating,a,a,1.0,core_destroyed,166,,9,390,7,6,8,240,6,7,ok,,3.112,n-62-31-13,29052882,2026-08-08T18:06:30+0200
1ba0bbc3a65f0dc3,auto-464e99b7c589,hoenir@5907a3b,hoenir,5907a3b,gefn@46ac5e6,gefn,46ac5e6,pinch,all_official,1,0,rating,a,a,1.0,core_destroyed,161,,10,380,8,11,9,160,8,4,ok,,3.578,n-62-21-15,29052882,2026-08-08T18:04:59+0200
1baefc41060c2d6c,auto-464e99b7c589,steward_hardened_reinforced@04300bf,steward_hardened_reinforced,04300bf,hoenir@5907a3b,hoenir,5907a3b,snowflake,all_official,1,0,rating,a,a,1.0,core_destroyed,65,,81,550,9,22,7,140,8,11,ok,,3.513,n-62-12-1,29052882,2026-08-08T18:07:35+0200
1bb960792f34b588,auto-464e99b7c589,hoenir@5907a3b,hoenir,5907a3b,jonbot_190003d@90fc9f3,jonbot_190003d,90fc9f3,hive,all_official,1,0,rating,a,a,1.0,core_destroyed,169,,8,400,9,32,374,0,6,5,ok,,5.518,n-62-21-92,29052882,2026-08-08T18:05:51+0200
1bcaaf04268d62eb,auto-464e99b7c589,hoenir@5907a3b,hoenir,5907a3b,steward_hardened_reinforced@366cd1b,steward_hardened_reinforced,366cd1b,snowflake,all_official,1,0,rating,a,a,1.0,core_destroyed,65,,30,600,11,18,7,140,8,11,ok,,3.949,n-62-31-5,29052882,2026-08-08T18:07:21+0200
1c005fa584c5d747,auto-464e99b7c589,heimdall@daf0de0,heimdall,daf0de0,hoenir@5907a3b,hoenir,5907a3b,moonrise,all_official,1,0,rating,b,b,0.0,core_destroyed,155,,38,340,5,9,17,370,6,7,ok,,3.044,n-62-21-69,29052882,2026-08-08T18:04:49+0200
1c4a91f6ad5532bd,auto-464e99b7c589,odin@38e1456,odin,38e1456,hoenir@5907a3b,hoenir,5907a3b,fjord,all_official,1,0,rating,b,b,0.0,core_destroyed,114,,0,700,11,22,54,790,7,19,ok,,4.619,n-62-21-92,29052882,2026-08-08T18:06:21+0200
1c67f3fe1da9e4f2,auto-464e99b7c589,hoenir@5907a3b,hoenir,5907a3b,audhumla@a7faecd,audhumla,a7faecd,jackpot,all_official,1,0,rating,a,a,1.0,titanium_collected,1000,,161,4930,23,21,167,3260,17,16,ok,,40.082,n-62-11-68,29052882,2026-08-08T18:05:26+0200
1c6b22c6b92163db,auto-464e99b7c589,mimir@cfc1ec4,mimir,cfc1ec4,hoenir@5907a3b,hoenir,5907a3b,duel,all_official,1,0,rating,b,b,0.0,core_destroyed,47,,9,190,8,6,7,200,8,6,ok,,3.216,n-62-21-4,29052882,2026-08-08T18:06:16+0200
1caa95b6979c6ce0,auto-464e99b7c589,hoenir@5907a3b,hoenir,5907a3b,e_t4l7@9e77076,e_t4l7,9e77076,moonrise,all_official,1,0,rating,a,a,1.0,core_destroyed,213,,8,990,7,24,8,90,4,8,ok,,3.238,n-62-30-24,29052882,2026-08-08T18:05:08+0200
1cb08c4d678c48ad,auto-464e99b7c589,hoenir@5907a3b,hoenir,5907a3b,prospect@bf9b3e3,prospect,bf9b3e3,quarry,all_official,1,0,rating,b,b,0.0,core_destroyed,83,,70,160,6,17,20,330,7,12,ok,,4.065,n-62-31-20,29052882,2026-08-08T18:06:24+0200
1cb24de933e829fa,auto-464e99b7c589,hoenir@5907a3b,hoenir,5907a3b,forseti@37dc858,forseti,37dc858,showdown,all_official,1,0,rating,a,a,1.0,core_destroyed,98,,6,160,6,13,8,190,6,16,ok,,2.775,n-62-11-51,29052882,2026-08-08T18:05:14+0200
1cb5a17908d38274,auto-464e99b7c589,hoenir@5907a3b,hoenir,5907a3b,magni@3677a66,magni,3677a66,strait,all_official,1,0,rating,b,b,0.0,core_destroyed,297,,29,820,7,18,8,740,8,13,ok,,6.188,n-62-21-90,29052882,2026-08-08T18:06:03+0200
1ce50bc480fac48a,auto-464e99b7c589,jonbot_190003d@90fc9f3,jonbot_190003d,90fc9f3,hoenir@5907a3b,hoenir,5907a3b,nordkap,all_official,1,0,rating,a,a,1.0,core_destroyed,305,,59,200,9,11,10,20,5,6,ok,,4.009,n-62-31-9,29052882,2026-08-08T18:06:03+0200
1cef03b51dfbeabc,auto-464e99b7c589,hoenir@5907a3b,hoenir,5907a3b,skadi@6a2af02,skadi,6a2af02,lighthouse,all_official,1,0,rating,a,a,1.0,core_destroyed,78,,9,320,7,9,4,60,6,9,ok,,3.291,n-62-28-33,29052882,2026-08-08T18:06:34+0200
1cf113cc126abaa1,auto-464e99b7c589,ostara@832c68a,ostara,832c68a,hoenir@5907a3b,hoenir,5907a3b,fjordgate,all_official,1,0,rating,a,a,1.0,core_destroyed,116,,28,760,12,13,20,270,7,13,ok,,4.148,n-62-29-21,29052882,2026-08-08T18:06:14+0200
1cf19b41b2190981,auto-464e99b7c589,hoenir@5907a3b,hoenir,5907a3b,fenrir2@6b39ebb,fenrir2,6b39ebb,lighthouse,all_official,1,0,rating,a,a,1.0,core_destroyed,109,,16,480,9,11,10,170,8,3,ok,,3.982,n-62-31-13,29052882,2026-08-08T18:05:11+0200
1d1b248dc4f2d502,auto-464e99b7c589,hoenir@5907a3b,hoenir,5907a3b,steward_hardened_reinforced@deba9ec,steward_hardened_reinforced,deba9ec,fjordgate,all_official,1,0,rating,a,a,1.0,core_destroyed,87,,112,400,8,13,16,0,9,4,ok,,4.591,n-62-29-16,29052882,2026-08-08T18:07:53+0200
1d2129d88f659835,auto-464e99b7c589,sif@3fc5cd8,sif,3fc5cd8,hoenir@5907a3b,hoenir,5907a3b,moonrise,all_official,1,0,rating,a,a,1.0,core_destroyed,313,,20,840,9,16,9,30,3,0,ok,,4.988,n-62-11-50,29052882,2026-08-08T18:06:48+0200
1d27a9c9274bd170,auto-464e99b7c589,fenrir2@6b39ebb,fenrir2,6b39ebb,hoenir@5907a3b,hoenir,5907a3b,moonrise,all_official,1,0,rating,b,b,0.0,core_destroyed,45,,10,0,8,6,8,90,6,5,ok,,3.002,n-62-31-14,29052882,2026-08-08T18:04:43+0200
1d29e79c13467b0d,auto-464e99b7c589,hoenir@5907a3b,hoenir,5907a3b,gobbleglitch@6cdc440,gobbleglitch,6cdc440,saga,all_official,1,0,rating,a,a,1.0,core_destroyed,82,,9,170,9,7,60,0,10,1,ok,,3.101,n-62-12-65,29052882,2026-08-08T18:04:58+0200
1d4b8ffa02f6a4ff,auto-464e99b7c589,hoenir@5907a3b,hoenir,5907a3b,spar_mender@d5b46bc,spar_mender,d5b46bc,runestone,all_official,1,0,rating,a,a,1.0,titanium_collected,1000,,19,640,7,19,17,480,10,7,ok,,10.552,n-62-31-9,29052882,2026-08-08T18:07:03+0200
1d64e36f720ddc20,auto-464e99b7c589,bastion@840a180,bastion,840a180,hoenir@5907a3b,hoenir,5907a3b,vault,all_official,1,0,rating,a,a,1.0,core_destroyed,78,,8,330,8,11,0,340,9,6,ok,,4.695,n-62-21-97,29052882,2026-08-08T18:05:15+0200
1d71545ae58fc16f,auto-464e99b7c589,hoenir@5907a3b,hoenir,5907a3b,ostara@832c68a,ostara,832c68a,nordkap,all_official,1,0,rating,a,a,1.0,core_destroyed,645,,10,1580,8,15,8,50,7,5,ok,,7.866,n-62-29-24,29052882,2026-08-08T18:06:46+0200
1d72722f89a4c223,auto-464e99b7c589,audhumla@a7faecd,audhumla,a7faecd,hoenir@5907a3b,hoenir,5907a3b,aurora,all_official,1,0,rating,b,b,0.0,core_destroyed,101,,4,320,10,18,35,560,9,25,ok,,5.205,n-62-11-61,29052882,2026-08-08T18:04:56+0200
1d72b6e0e8099f6b,auto-464e99b7c589,hoenir@5907a3b,hoenir,5907a3b,audhumla@a7faecd,audhumla,a7faecd,fjord,all_official,1,0,rating,b,b,0.0,core_destroyed,78,,45,510,10,22,7,410,10,21,ok,,4.378,n-62-11-60,29052882,2026-08-08T18:04:57+0200
1daeb174f1860d51,auto-464e99b7c589,gobbleglitch@6cdc440,gobbleglitch,6cdc440,hoenir@5907a3b,hoenir,5907a3b,sprint,all_official,1,0,rating,b,b,0.0,core_destroyed,117,,59,80,7,3,10,240,6,11,ok,,2.195,n-62-12-66,29052882,2026-08-08T18:04:54+0200
1daf5ab895e28ce4,auto-464e99b7c589,aegis@e55aab5,aegis,e55aab5,hoenir@5907a3b,hoenir,5907a3b,runestone,all_official,1,0,rating,b,b,0.0,core_destroyed,299,,9,370,9,10,9,720,7,16,ok,,4.919,n-62-31-22,29052882,2026-08-08T18:04:53+0200
1db15ba6b2b83ac6,auto-464e99b7c589,spar_mender@d5b46bc,spar_mender,d5b46bc,hoenir@5907a3b,hoenir,5907a3b,vase,all_official,1,0,rating,b,b,0.0,titanium_collected,1000,,71,0,9,3,77,2460,13,14,ok,,17.603,n-62-31-11,29052882,2026-08-08T18:07:24+0200
1dba4ed96a38e9b8,auto-464e99b7c589,hoenir@5907a3b,hoenir,5907a3b,jonbot@90fc9f3,jonbot,90fc9f3,fjord,all_official,1,0,rating,a,a,1.0,core_destroyed,90,,20,610,9,24,317,200,6,5,ok,,5.364,n-62-11-61,29052882,2026-08-08T18:05:41+0200
1dbed47a5360b119,auto-464e99b7c589,steward_hardened_reinforced@a994296,steward_hardened_reinforced,a994296,hoenir@5907a3b,hoenir,5907a3b,eider,all_official,1,0,rating,a,a,1.0,core_destroyed,144,,60,930,11,15,21,930,7,14,ok,,6.169,n-62-11-60,29052882,2026-08-08T18:07:32+0200
1df7b12ffad25d95,auto-464e99b7c589,hoenir@5907a3b,hoenir,5907a3b,steward_hardened_reinforced@c04e46e,steward_hardened_reinforced,c04e46e,runestone,all_official,1,0,rating,a,a,1.0,core_destroyed,309,,9,530,8,14,9,70,8,5,ok,,5.546,n-62-31-11,29052882,2026-08-08T18:07:47+0200
1df9459f4233ec05,auto-464e99b7c589,hoenir@5907a3b,hoenir,5907a3b,snotra@34b0ce8,snotra,34b0ce8,twins,all_official,1,0,rating,b,b,0.0,core_destroyed,242,,8,580,8,9,6,570,8,9,ok,,4.547,n-62-31-24,29052882,2026-08-08T18:06:47+0200
1dfd87f5ba1eb339,auto-464e99b7c589,hoenir@5907a3b,hoenir,5907a3b,janus@8a1e7a1,janus,8a1e7a1,sprint,all_official,1,0,rating,a,a,1.0,core_destroyed,166,,9,390,7,6,8,240,6,7,ok,,3.102,n-62-31-24,29052882,2026-08-08T18:05:24+0200
1e0968268bb28151,auto-464e99b7c589,steward_hardened_reinforced@672ee02,steward_hardened_reinforced,672ee02,hoenir@5907a3b,hoenir,5907a3b,vault,all_official,1,0,rating,a,a,1.0,core_destroyed,83,,8,360,10,17,40,370,13,18,ok,,6.303,n-62-11-67,29052882,2026-08-08T18:07:45+0200
1e42eeb4cef98383,auto-464e99b7c589,freyr@c2c0d3d,freyr,c2c0d3d,hoenir@5907a3b,hoenir,5907a3b,heart,all_official,1,0,rating,b,b,0.0,titanium_collected,1000,,18,0,8,3,16,60,6,7,ok,,8.534,n-62-12-5,29052882,2026-08-08T18:04:50+0200
1e43ab9893d1dbe1,auto-464e99b7c589,odin@38e1456,odin,38e1456,hoenir@5907a3b,hoenir,5907a3b,crossfire,all_official,1,0,rating,b,b,0.0,core_destroyed,207,,10,610,8,6,37,980,11,14,ok,,5.107,n-62-11-64,29052882,2026-08-08T18:06:42+0200
1e6873f34701a675,auto-464e99b7c589,casemate_oracle@90fc9f3,casemate_oracle,90fc9f3,hoenir@5907a3b,hoenir,5907a3b,pinch,all_official,1,0,rating,b,b,0.0,core_destroyed,121,,369,0,4,3,10,280,8,14,ok,,4.36,n-62-29-31,29052882,2026-08-08T18:04:53+0200
1e6b4c3b34a78e33,auto-464e99b7c589,hoenir@5907a3b,hoenir,5907a3b,ostara@832c68a,ostara,832c68a,runestone,all_official,1,0,rating,a,a,1.0,core_destroyed,609,,9,80,6,13,10,520,10,9,ok,,11.469,n-62-29-9,29052882,2026-08-08T18:06:27+0200
1ea4bf803e492b93,auto-464e99b7c589,maporacle@38e1456,maporacle,38e1456,hoenir@5907a3b,hoenir,5907a3b,nordkap,all_official,1,0,rating,b,b,0.0,core_destroyed,95,,10,100,3,7,7,380,8,9,ok,,3.565,n-62-12-3,29052882,2026-08-08T18:05:50+0200
1eb08ca8b1a6f62b,auto-464e99b7c589,mistral@90fc9f3,mistral,90fc9f3,hoenir@5907a3b,hoenir,5907a3b,skerry,all_official,1,0,rating,b,b,0.0,core_destroyed,44,,334,0,4,0,30,180,9,11,ok,,4.501,n-62-31-21,29052882,2026-08-08T18:06:37+0200
1ec7ee2ee78b8c8a,auto-464e99b7c589,hoenir@5907a3b,hoenir,5907a3b,loki@9ac8974,loki,9ac8974,vault,all_official,1,0,rating,b,b,0.0,core_destroyed,127,,7,580,10,25,16,590,10,13,ok,,5.033,n-62-11-52,29052882,2026-08-08T18:05:32+0200
1ed28d38f62278ce,auto-464e99b7c589,spar_sniper@aa24129,spar_sniper,aa24129,hoenir@5907a3b,hoenir,5907a3b,fjordgate,all_official,1,0,rating,a,a,1.0,core_destroyed,222,,10,1040,6,25,28,10,2,3,ok,,4.454,n-62-21-97,29052882,2026-08-08T18:07:22+0200
1ee223c350ea775f,auto-464e99b7c589,hoenir@5907a3b,hoenir,5907a3b,skadi@1e4eddf,skadi,1e4eddf,runestone,all_official,1,0,rating,a,a,1.0,core_destroyed,184,,20,830,11,19,70,460,8,22,ok,,6.053,n-62-11-51,29052882,2026-08-08T18:07:13+0200
1ef4184db753787c,auto-464e99b7c589,hoenir@5907a3b,hoenir,5907a3b,heimdall@daf0de0,heimdall,daf0de0,sprint,all_official,1,0,rating,a,a,1.0,core_destroyed,115,,7,50,4,4,10,0,5,0,ok,,2.842,n-62-21-51,29052882,2026-08-08T18:04:39+0200
1ef592bdd0dd7a15,auto-464e99b7c589,hoenir@5907a3b,hoenir,5907a3b,casemate_oracle@90fc9f3,casemate_oracle,90fc9f3,sweden,all_official,1,0,rating,a,a,1.0,core_destroyed,458,,8,1110,17,15,967,0,3,9,ok,,15.378,n-62-29-27,29052882,2026-08-08T18:04:58+0200
1efb135168a6c264,auto-464e99b7c589,loki@9ac8974,loki,9ac8974,hoenir@5907a3b,hoenir,5907a3b,nordkap,all_official,1,0,rating,b,b,0.0,core_destroyed,145,,13,80,8,1,9,330,7,7,ok,,4.731,n-62-31-16,29052882,2026-08-08T18:05:51+0200
1f4297adecc5a574,auto-464e99b7c589,skadi@6a2af02,skadi,6a2af02,hoenir@5907a3b,hoenir,5907a3b,bridge,all_official,1,0,rating,a,a,1.0,titanium_stored,1000,,38,0,9,4,20,0,8,9,ok,,14.928,n-62-12-7,29052882,2026-08-08T18:07:03+0200
1f4fdbad4de23b98,auto-464e99b7c589,freyr@c2c0d3d,freyr,c2c0d3d,hoenir@5907a3b,hoenir,5907a3b,drumlin,all_official,1,0,rating,b,b,0.0,core_destroyed,55,,8,170,7,18,28,350,7,18,ok,,3.154,n-62-12-7,29052882,2026-08-08T18:04:43+0200
1f9148714cc5c129,auto-464e99b7c589,hoenir@5907a3b,hoenir,5907a3b,jotunn@6b39ebb,jotunn,6b39ebb,sprint,all_official,1,0,rating,a,a,1.0,core_destroyed,253,,9,0,6,11,10,0,6,0,ok,,3.637,n-62-29-13,29052882,2026-08-08T18:05:25+0200
1fde1bf69f30b644,auto-464e99b7c589,hoenir@5907a3b,hoenir,5907a3b,odin@38e1456,odin,38e1456,crossfire,all_official,1,0,rating,a,a,1.0,core_destroyed,71,,9,300,6,19,9,300,10,7,ok,,3.241,n-62-11-64,29052882,2026-08-08T18:06:37+0200
1fea50aa31eeb5af,auto-464e99b7c589,prospect_rushonly@bf9b3e3,prospect_rushonly,bf9b3e3,hoenir@5907a3b,hoenir,5907a3b,fjordgate,all_official,1,0,rating,b,b,0.0,core_destroyed,90,,8,90,7,1,10,210,7,7,ok,,2.956,n-62-31-8,29052882,2026-08-08T18:06:47+0200
202d1c2d5e364c70,auto-464e99b7c589,steward_hardened_reinforced@c04e46e,steward_hardened_reinforced,c04e46e,hoenir@5907a3b,hoenir,5907a3b,fjordgate,all_official,1,0,rating,a,a,1.0,core_destroyed,198,,8,920,7,23,3,10,5,5,ok,,3.045,n-62-31-9,29052882,2026-08-08T18:07:35+0200
202e7f3f10d89fe0,auto-464e99b7c589,hoenir@5907a3b,hoenir,5907a3b,spar_sniper@aa24129,spar_sniper,aa24129,string,all_official,1,0,rating,a,a,1.0,core_destroyed,78,,16,190,5,3,12,180,9,2,ok,,2.884,n-62-11-52,29052882,2026-08-08T18:06:59+0200
2040c4c8edcad25a,auto-464e99b7c589,hoenir@5907a3b,hoenir,5907a3b,spar_mender@d5b46bc,spar_mender,d5b46bc,fjord,all_official,1,0,rating,a,a,1.0,core_destroyed,125,,10,870,12,18,67,410,8,13,ok,,4.97,n-62-11-64,29052882,2026-08-08T18:07:26+0200
2067f080bd84b089,auto-464e99b7c589,jonbot_190003d@90fc9f3,jonbot_190003d,90fc9f3,hoenir@5907a3b,hoenir,5907a3b,sprint,all_official,1,0,rating,a,a,1.0,core_destroyed,207,,59,380,10,14,10,10,7,7,ok,,4.261,n-62-31-11,29052882,2026-08-08T18:05:50+0200
208580adb266b5fd,auto-464e99b7c589,skadi@aad5f44,skadi,aad5f44,hoenir@5907a3b,hoenir,5907a3b,moonrise,all_official,1,0,rating,b,b,0.0,core_destroyed,221,,10,110,3,8,9,240,8,5,ok,,3.641,n-62-31-5,29052882,2026-08-08T18:07:45+0200
20965f131ccfc862,auto-464e99b7c589,magni@3677a66,magni,3677a66,hoenir@5907a3b,hoenir,5907a3b,vault,all_official,1,0,rating,a,a,1.0,core_destroyed,89,,14,390,10,15,145,400,13,18,ok,,5.123,n-62-12-7,29052882,2026-08-08T18:06:16+0200
2098300471112c13,auto-464e99b7c589,pantheon_replica_day3@aa8bae0,pantheon_replica_day3,aa8bae0,hoenir@5907a3b,hoenir,5907a3b,nordkap,all_official,1,0,rating,b,b,0.0,core_destroyed,169,,10,390,9,12,8,70,8,7,ok,,3.663,n-62-30-25,29052882,2026-08-08T18:06:23+0200
20c2cf28756de850,auto-464e99b7c589,njord@f66a427,njord,f66a427,hoenir@5907a3b,hoenir,5907a3b,quarry,all_official,1,0,rating,a,a,1.0,core_destroyed,67,,19,320,9,18,10,0,8,5,ok,,3.574,n-62-11-62,29052882,2026-08-08T18:06:06+0200
211a72cd7058f802,auto-464e99b7c589,heimdall@daf0de0,heimdall,daf0de0,hoenir@5907a3b,hoenir,5907a3b,archipelago,all_official,1,0,rating,b,b,0.0,core_destroyed,77,,9,510,9,29,78,500,7,27,ok,,3.611,n-62-21-63,29052882,2026-08-08T18:04:43+0200
214a191c7ce657c4,auto-464e99b7c589,hoenir@5907a3b,hoenir,5907a3b,snotra_h@4437c29,snotra_h,4437c29,runestone,all_official,1,0,rating,a,a,1.0,core_destroyed,417,,9,250,8,14,10,390,8,3,ok,,7.758,n-62-11-67,29052882,2026-08-08T18:07:46+0200
2156a0134b13dfcc,auto-464e99b7c589,steward_hardened_reinforced@366cd1b,steward_hardened_reinforced,366cd1b,hoenir@5907a3b,hoenir,5907a3b,duel,all_official,1,0,rating,b,b,0.0,core_destroyed,47,,9,190,8,6,7,200,8,6,ok,,3.27,n-62-21-1,29052882,2026-08-08T18:07:39+0200
2173d9ca8cc5766c,auto-464e99b7c589,hoenir@5907a3b,hoenir,5907a3b,loki@9ac8974,loki,9ac8974,aurora,all_official,1,0,rating,b,b,0.0,core_destroyed,93,,9,320,7,17,9,290,9,13,ok,,4.103,n-62-31-13,29052882,2026-08-08T18:05:38+0200
218e7d0f68037783,auto-464e99b7c589,audhumla@a7faecd,audhumla,a7faecd,hoenir@5907a3b,hoenir,5907a3b,pinch,all_official,1,0,rating,a,a,1.0,core_destroyed,227,,20,1080,8,25,4,230,7,4,ok,,3.924,n-62-11-62,29052882,2026-08-08T18:04:57+0200
21abdfdde2f4b26e,auto-464e99b7c589,snotra_h@4437c29,snotra_h,4437c29,hoenir@5907a3b,hoenir,5907a3b,fjordgate,all_official,1,0,rating,a,a,1.0,core_destroyed,222,,10,1040,6,25,28,10,2,3,ok,,3.841,n-62-31-22,29052882,2026-08-08T18:07:15+0200
21b0b629195b8ce0,auto-464e99b7c589,maporacle@38e1456,maporacle,38e1456,hoenir@5907a3b,hoenir,5907a3b,runestone,all_official,1,0,rating,b,b,0.0,core_destroyed,87,,9,190,9,12,9,190,8,9,ok,,4.203,n-62-21-1,29052882,2026-08-08T18:05:40+0200
21b426d3677b641f,auto-464e99b7c589,hoenir@5907a3b,hoenir,5907a3b,skadi@6a2af02,skadi,6a2af02,twins,all_official,1,0,rating,b,b,0.0,titanium_collected,1000,,30,3620,12,29,3556,11430,20,72,ok,,30.58,n-62-29-13,29052882,2026-08-08T18:07:50+0200
21ccb79507ef5577,auto-464e99b7c589,casemate_oracle@90fc9f3,casemate_oracle,90fc9f3,hoenir@5907a3b,hoenir,5907a3b,snowflake,all_official,1,0,rating,b,b,0.0,core_destroyed,158,,82,0,7,14,10,370,7,13,ok,,6.573,n-62-29-33,29052882,2026-08-08T18:05:12+0200
21ffc875dbe51656,auto-464e99b7c589,hoenir@5907a3b,hoenir,5907a3b,ostara@832c68a,ostara,832c68a,saga,all_official,1,0,rating,b,b,0.0,core_destroyed,80,,19,260,9,24,18,380,8,34,ok,,4.091,n-62-29-9,29052882,2026-08-08T18:06:37+0200
2203b147186e8456,auto-464e99b7c589,prospect_rushonly@bf9b3e3,prospect_rushonly,bf9b3e3,hoenir@5907a3b,hoenir,5907a3b,quarry,all_official,1,0,rating,a,a,1.0,titanium_collected,1000,,16,410,9,4,16,0,7,5,ok,,9.495,n-62-31-22,29052882,2026-08-08T18:06:58+0200
221e4a0bbb7a3d4a,auto-464e99b7c589,snotra_h@4437c29,snotra_h,4437c29,hoenir@5907a3b,hoenir,5907a3b,saga,all_official,1,0,rating,a,a,1.0,core_destroyed,125,,18,490,9,24,9,560,7,25,ok,,6.521,n-62-11-61,29052882,2026-08-08T18:07:00+0200
221fdda64afbbbaa,auto-464e99b7c589,hoenir@5907a3b,hoenir,5907a3b,steward_hardened_reinforced@366cd1b,steward_hardened_reinforced,366cd1b,nordkap,all_official,1,0,rating,a,a,1.0,core_destroyed,413,,9,80,9,7,10,100,8,6,ok,,6.505,n-62-29-21,29052882,2026-08-08T18:07:47+0200
22295e43addb600a,auto-464e99b7c589,hoenir@5907a3b,hoenir,5907a3b,odin@93e46da,odin,93e46da,aurora,all_official,1,0,rating,a,a,1.0,core_destroyed,92,,50,530,7,24,17,520,10,28,ok,,4.882,n-62-28-28,29052882,2026-08-08T18:06:02+0200
222c96276dacfb6d,auto-464e99b7c589,mistral@90fc9f3,mistral,90fc9f3,hoenir@5907a3b,hoenir,5907a3b,fjord,all_official,1,0,rating,b,b,0.0,core_destroyed,51,,8,0,10,0,8,220,9,16,ok,,5.378,n-62-30-23,29052882,2026-08-08T18:06:24+0200
223151228bfaa6dd,auto-464e99b7c589,hoenir@5907a3b,hoenir,5907a3b,lockin@90fc9f3,lockin,90fc9f3,sweden,all_official,1,0,rating,a,a,1.0,core_destroyed,67,,10,130,10,14,660,0,0,0,ok,,2.371,n-62-29-21,29052882,2026-08-08T18:05:29+0200
224cdd0752100b69,auto-464e99b7c589,loki@832c68a,loki,832c68a,hoenir@5907a3b,hoenir,5907a3b,snowflake,all_official,1,0,rating,a,a,1.0,core_destroyed,65,,30,600,11,19,7,140,8,11,ok,,4.236,n-62-31-18,29052882,2026-08-08T18:05:34+0200
224ebd8deb906e81,auto-464e99b7c589,hoenir@5907a3b,hoenir,5907a3b,skadi@6a2af02,skadi,6a2af02,moonrise,all_official,1,0,rating,a,a,1.0,core_destroyed,95,,8,400,5,10,4,210,6,7,ok,,2.791,n-62-28-33,29052882,2026-08-08T18:06:58+0200
2250d386c462d14c,auto-464e99b7c589,hoenir@5907a3b,hoenir,5907a3b,freyr@c2c0d3d,freyr,c2c0d3d,vault,all_official,1,0,rating,a,a,1.0,core_destroyed,77,,20,330,9,26,64,340,13,9,ok,,5.01,n-62-12-4,29052882,2026-08-08T18:04:52+0200
22515286498ef106,auto-464e99b7c589,jotunn@6b39ebb,jotunn,6b39ebb,hoenir@5907a3b,hoenir,5907a3b,heart,all_official,1,0,rating,a,a,1.0,core_destroyed,844,,76,2800,14,38,40,0,11,9,ok,,26.943,n-62-28-33,29052882,2026-08-08T18:06:24+0200
2268da0649396906,auto-464e99b7c589,hoenir@5907a3b,hoenir,5907a3b,loki@9ac8974,loki,9ac8974,saga,all_official,1,0,rating,b,b,0.0,core_destroyed,111,,4,410,9,23,10,510,8,26,ok,,5.603,n-62-31-19,29052882,2026-08-08T18:05:31+0200
2281daa487e656f0,auto-464e99b7c589,heimdall@daf0de0,heimdall,daf0de0,hoenir@5907a3b,hoenir,5907a3b,fjordgate,all_official,1,0,rating,b,b,0.0,core_destroyed,162,,10,0,4,0,69,390,3,5,ok,,2.735,n-62-21-65,29052882,2026-08-08T18:05:28+0200
228c020bc4ce8122,auto-464e99b7c589,forseti@37dc858,forseti,37dc858,hoenir@5907a3b,hoenir,5907a3b,antler,all_official,1,0,rating,a,a,1.0,core_destroyed,104,,28,660,5,12,16,470,8,12,ok,,3.642,n-62-31-19,29052882,2026-08-08T18:04:56+0200
22a3ad4226c97c96,auto-464e99b7c589,mistral@90fc9f3,mistral,90fc9f3,hoenir@5907a3b,hoenir,5907a3b,atoll,all_official,1,0,rating,b,b,0.0,core_destroyed,42,,48,0,9,0,19,160,8,11,ok,,4.681,n-62-31-4,29052882,2026-08-08T18:06:13+0200
22ca43c408525f82,auto-464e99b7c589,hoenir@5907a3b,hoenir,5907a3b,spar_mender@d5b46bc,spar_mender,d5b46bc,eider,all_official,1,0,rating,a,a,1.0,core_destroyed,62,,10,330,8,12,35,130,8,9,ok,,3.46,n-62-11-64,29052882,2026-08-08T18:07:12+0200
22d93bedbf74c030,auto-464e99b7c589,fulla@ec5aa19,fulla,ec5aa19,hoenir@5907a3b,hoenir,5907a3b,quarry,all_official,1,0,rating,a,a,1.0,core_destroyed,91,,9,190,9,15,7,0,8,5,ok,,4.557,n-62-21-4,29052882,2026-08-08T18:05:12+0200
22e4d0bf2f0e5c16,auto-464e99b7c589,sif@3fc5cd8,sif,3fc5cd8,hoenir@5907a3b,hoenir,5907a3b,twins,all_official,1,0,rating,b,b,0.0,core_destroyed,525,,9,1420,8,7,8,1280,8,9,ok,,8.643,n-62-31-11,29052882,2026-08-08T18:06:38+0200
2303567169559163,auto-464e99b7c589,hoenir@5907a3b,hoenir,5907a3b,hodr@ea88247,hodr,ea88247,moonrise,all_official,1,0,rating,a,a,1.0,core_destroyed,131,,27,580,9,14,10,50,6,3,ok,,4.186,n-62-21-55,29052882,2026-08-08T18:06:10+0200
23291343e203ec45,auto-464e99b7c589,audhumla@a7faecd,audhumla,a7faecd,hoenir@5907a3b,hoenir,5907a3b,vase,all_official,1,0,rating,b,b,0.0,core_destroyed,139,,119,130,9,5,28,310,9,20,ok,,4.509,n-62-11-63,29052882,2026-08-08T18:05:32+0200
23443017f9f6cd45,auto-464e99b7c589,hoenir@5907a3b,hoenir,5907a3b,prospect@bf9b3e3,prospect,bf9b3e3,strait,all_official,1,0,rating,a,a,1.0,core_destroyed,200,,19,480,8,11,16,150,8,1,ok,,4.641,n-62-31-13,29052882,2026-08-08T18:06:38+0200
234cb7969664acb7,auto-464e99b7c589,sif@3fc5cd8,sif,3fc5cd8,hoenir@5907a3b,hoenir,5907a3b,string,all_official,1,0,rating,a,a,1.0,core_destroyed,187,,60,520,6,15,39,460,7,3,ok,,4.288,n-62-31-10,29052882,2026-08-08T18:07:00+0200
236e1e81f9526e19,auto-464e99b7c589,jonbot_190003d@90fc9f3,jonbot_190003d,90fc9f3,hoenir@5907a3b,hoenir,5907a3b,archipelago,all_official,1,0,rating,b,b,0.0,core_destroyed,92,,342,500,6,18,45,490,9,18,ok,,4.613,n-62-11-63,29052882,2026-08-08T18:05:45+0200
239e3eb39e8bcf91,auto-464e99b7c589,hoenir@5907a3b,hoenir,5907a3b,gefjon@f66a427,gefjon,f66a427,archipelago,all_official,1,0,rating,b,b,0.0,core_destroyed,82,,173,830,9,32,60,770,10,25,ok,,4.483,n-62-21-10,29052882,2026-08-08T18:04:47+0200
23b9ce13660ed804,auto-464e99b7c589,hoenir@5907a3b,hoenir,5907a3b,heimdall@daf0de0,heimdall,daf0de0,quarry,all_official,1,0,rating,b,b,0.0,core_destroyed,102,,9,210,7,31,18,530,8,31,ok,,4.018,n-62-21-69,29052882,2026-08-08T18:05:12+0200
23c2aa4f780a5204,auto-464e99b7c589,hoenir@5907a3b,hoenir,5907a3b,ragnarok_fair@79582fc,ragnarok_fair,79582fc,bridge,all_official,1,0,rating,a,a,1.0,core_destroyed,175,,156,1080,14,20,60,0,7,3,ok,,5.386,n-62-11-52,29052882,2026-08-08T18:06:29+0200
23dc23b4e0cb3f65,auto-464e99b7c589,hoenir@5907a3b,hoenir,5907a3b,fenrir2@6b39ebb,fenrir2,6b39ebb,strait,all_official,1,0,rating,a,a,1.0,core_destroyed,105,,10,640,8,39,53,350,10,12,ok,,5.415,n-62-31-16,29052882,2026-08-08T18:04:41+0200
23dcf7745315cf49,auto-464e99b7c589,hoenir@5907a3b,hoenir,5907a3b,loki@832c68a,loki,832c68a,crossfire,all_official,1,0,rating,a,a,1.0,core_destroyed,94,,8,220,7,5,8,140,9,2,ok,,3.109,n-62-29-34,29052882,2026-08-08T18:05:28+0200
23ebc660855daad2,auto-464e99b7c589,hoenir@5907a3b,hoenir,5907a3b,mistral@90fc9f3,mistral,90fc9f3,vault,all_official,1,0,rating,a,a,1.0,core_destroyed,53,,18,210,9,16,246,0,5,0,ok,,6.363,n-62-21-11,29052882,2026-08-08T18:06:03+0200
23fcdf0031ec0934,auto-464e99b7c589,hoenir@5907a3b,hoenir,5907a3b,lockin@90fc9f3,lockin,90fc9f3,heart,all_official,1,0,rating,a,a,1.0,core_destroyed,93,,10,0,8,20,730,0,0,0,ok,,1.959,n-62-29-24,29052882,2026-08-08T18:05:43+0200
2411e3e0c8c3bc89,auto-464e99b7c589,hoenir@5907a3b,hoenir,5907a3b,fulla@ec5aa19,fulla,ec5aa19,bridge,all_official,1,0,rating,a,a,1.0,core_destroyed,149,,66,900,15,19,96,0,5,2,ok,,6.754,n-62-21-1,29052882,2026-08-08T18:04:53+0200
241336084f23eb2c,auto-464e99b7c589,prospect@bf9b3e3,prospect,bf9b3e3,hoenir@5907a3b,hoenir,5907a3b,strait,all_official,1,0,rating,a,a,1.0,core_destroyed,121,,9,280,10,6,11,270,7,14,ok,,4.113,n-62-31-13,29052882,2026-08-08T18:06:43+0200
2419bd9a737caf5f,auto-464e99b7c589,spar_mender@7ed1acc,spar_mender,7ed1acc,hoenir@5907a3b,hoenir,5907a3b,pinch,all_official,1,0,rating,b,b,0.0,core_destroyed,101,,58,230,10,13,11,480,6,24,ok,,4.123,n-62-11-68,29052882,2026-08-08T18:06:58+0200
242118a22e948111,auto-464e99b7c589,steward_hardened_reinforced@a994296,steward_hardened_reinforced,a994296,hoenir@5907a3b,hoenir,5907a3b,bridge,all_official,1,0,rating,b,b,0.0,core_destroyed,172,,67,0,4,12,56,830,12,15,ok,,5.69,n-62-11-61,29052882,2026-08-08T18:07:44+0200
2425946c477e9aa3,auto-464e99b7c589,hoenir@5907a3b,hoenir,5907a3b,jotunn@6b39ebb,jotunn,6b39ebb,sweden,all_official,1,0,rating,a,a,1.0,core_destroyed,501,,59,1220,14,14,66,1130,5,9,ok,,14.415,n-62-29-13,29052882,2026-08-08T18:06:11+0200
244415746206134d,auto-464e99b7c589,hoenir@5907a3b,hoenir,5907a3b,spar_mender@7ed1acc,spar_mender,7ed1acc,meander,all_official,1,0,rating,a,a,1.0,core_destroyed,51,,16,200,7,16,43,90,7,20,ok,,2.988,n-62-11-60,29052882,2026-08-08T18:07:21+0200
24573008dc694815,auto-464e99b7c589,hoenir@5907a3b,hoenir,5907a3b,aegis@e55aab5,aegis,e55aab5,quarry,all_official,1,0,rating,b,b,0.0,core_destroyed,107,,23,220,7,19,43,580,7,21,ok,,4.393,n-62-31-22,29052882,2026-08-08T18:04:40+0200
24683f1f53031a87,auto-464e99b7c589,hoenir@5907a3b,hoenir,5907a3b,loki@9ac8974,loki,9ac8974,quarry,all_official,1,0,rating,b,b,0.0,core_destroyed,557,,10,170,7,16,13,230,8,7,ok,,10.994,n-62-31-16,29052882,2026-08-08T18:06:12+0200
24a10d5b871ea660,auto-464e99b7c589,hoenir@5907a3b,hoenir,5907a3b,steward_hardened_reinforced@04300bf,steward_hardened_reinforced,04300bf,hive,all_official,1,0,rating,b,b,0.0,core_destroyed,265,,9,640,6,17,9,720,9,14,ok,,6.021,n-62-29-13,29052882,2026-08-08T18:07:08+0200
24aa9a8c09e2053a,auto-464e99b7c589,prospect_rushonly@bf9b3e3,prospect_rushonly,bf9b3e3,hoenir@5907a3b,hoenir,5907a3b,strait,all_official,1,0,rating,a,a,1.0,core_destroyed,121,,9,280,10,6,11,270,7,14,ok,,4.189,n-62-11-67,29052882,2026-08-08T18:06:31+0200
24ae936a5b9c6d63,auto-464e99b7c589,hoenir@5907a3b,hoenir,5907a3b,snotra@34b0ce8,snotra,34b0ce8,antler,all_official,1,0,rating,a,a,1.0,core_destroyed,104,,28,660,5,12,16,470,8,12,ok,,3.293,n-62-29-34,29052882,2026-08-08T18:06:44+0200
24b6132a213c7090,auto-464e99b7c589,hoenir@5907a3b,hoenir,5907a3b,jonbot_190003d@90fc9f3,jonbot_190003d,90fc9f3,atoll,all_official,1,0,rating,a,a,1.0,core_destroyed,151,,10,700,7,22,218,220,7,1,ok,,5.278,n-62-11-63,29052882,2026-08-08T18:05:50+0200
24c70c03097938dd,auto-464e99b7c589,mjolnir@2e6c876,mjolnir,2e6c876,hoenir@5907a3b,hoenir,5907a3b,bridge,all_official,1,0,rating,a,a,1.0,core_destroyed,133,,10,0,7,7,76,0,11,8,ok,,5.164,n-62-31-7,29052882,2026-08-08T18:06:16+0200
24d3a5f4102f60aa,auto-464e99b7c589,magni@3677a66,magni,3677a66,hoenir@5907a3b,hoenir,5907a3b,snowflake,all_official,1,0,rating,a,a,1.0,core_destroyed,65,,43,550,9,22,7,140,8,11,ok,,3.876,n-62-21-90,29052882,2026-08-08T18:05:46+0200
24e24b350ead7c23,auto-464e99b7c589,jonbot_190003d@90fc9f3,jonbot_190003d,90fc9f3,hoenir@5907a3b,hoenir,5907a3b,pinch,all_official,1,0,rating,b,b,0.0,titanium_collected,1000,,66,0,10,3,16,610,8,12,ok,,7.923,n-62-31-10,29052882,2026-08-08T18:05:36+0200
24e5a20e6c29a166,auto-464e99b7c589,jotunn@6b39ebb,jotunn,6b39ebb,hoenir@5907a3b,hoenir,5907a3b,jackpot,all_official,1,0,rating,b,b,0.0,core_destroyed,282,,72,1260,12,18,31,1320,12,19,ok,,9.828,n-62-28-33,29052882,2026-08-08T18:07:00+0200
2525b3b647f9443c,auto-464e99b7c589,hoenir@5907a3b,hoenir,5907a3b,audhumla@a7faecd,audhumla,a7faecd,aurora,all_official,1,0,rating,a,a,1.0,core_destroyed,113,,9,490,9,22,9,480,11,14,ok,,5.604,n-62-11-61,29052882,2026-08-08T18:04:51+0200
253ba79e3e8b2fac,auto-464e99b7c589,gefn@46ac5e6,gefn,46ac5e6,hoenir@5907a3b,hoenir,5907a3b,heart,all_official,1,0,rating,a,a,1.0,core_destroyed,173,,9,380,7,12,9,0,7,6,ok,,3.762,n-62-21-12,29052882,2026-08-08T18:05:16+0200
25488aad34a90189,auto-464e99b7c589,hoenir@5907a3b,hoenir,5907a3b,bifrost@c70c467,bifrost,c70c467,quarry,all_official,1,0,rating,a,a,1.0,core_destroyed,102,,8,210,8,14,8,0,9,5,ok,,4.231,n-62-28-34,29052882,2026-08-08T18:05:28+0200
2572d20db5498572,auto-464e99b7c589,hoenir@5907a3b,hoenir,5907a3b,ragnarok_fair@79582fc,ragnarok_fair,79582fc,antler,all_official,1,0,rating,a,a,1.0,core_destroyed,151,,8,450,7,8,9,550,8,4,ok,,3.571,n-62-31-19,29052882,2026-08-08T18:06:37+0200
257b0d82a4b3b612,auto-464e99b7c589,hoenir@5907a3b,hoenir,5907a3b,gefn@46ac5e6,gefn,46ac5e6,heart,all_official,1,0,rating,b,b,0.0,core_destroyed,421,,10,0,8,2,8,40,6,6,ok,,5.555,n-62-21-12,29052882,2026-08-08T18:05:12+0200
2589c58a388b21cb,auto-464e99b7c589,hoenir@5907a3b,hoenir,5907a3b,casemate_oracle@90fc9f3,casemate_oracle,90fc9f3,meander,all_official,1,0,rating,a,a,1.0,core_destroyed,57,,20,110,8,10,383,0,4,0,ok,,3.013,n-62-29-9,29052882,2026-08-08T18:05:14+0200
25a3b4e9b6907aaa,auto-464e99b7c589,hoenir@5907a3b,hoenir,5907a3b,audhumla@a7faecd,audhumla,a7faecd,nordkap,all_official,1,0,rating,b,b,0.0,core_destroyed,81,,8,270,7,16,8,450,9,16,ok,,3.23,n-62-11-62,29052882,2026-08-08T18:04:47+0200
25ad3443def41a52,auto-464e99b7c589,hoenir@5907a3b,hoenir,5907a3b,janus@8a1e7a1,janus,8a1e7a1,hive,all_official,1,0,rating,b,b,0.0,core_destroyed,113,,9,260,6,16,9,260,9,8,ok,,4.192,n-62-31-4,29052882,2026-08-08T18:05:27+0200
25b005954c2fc91d,auto-464e99b7c589,njord@f66a427,njord,f66a427,hoenir@5907a3b,hoenir,5907a3b,runestone,all_official,1,0,rating,a,a,1.0,core_destroyed,109,,9,240,7,15,28,240,7,15,ok,,3.364,n-62-11-62,29052882,2026-08-08T18:06:14+0200
25b8b3de403ab9f4,auto-464e99b7c589,gefn@46ac5e6,gefn,46ac5e6,hoenir@5907a3b,hoenir,5907a3b,quarry,all_official,1,0,rating,a,a,1.0,core_destroyed,91,,9,190,9,15,7,0,8,5,ok,,4.224,n-62-21-15,29052882,2026-08-08T18:05:19+0200
25e7864e0da16176,auto-464e99b7c589,hoenir@5907a3b,hoenir,5907a3b,mjolnir@2e6c876,mjolnir,2e6c876,crossfire,all_official,1,0,rating,a,a,1.0,core_destroyed,311,,51,1500,11,19,48,1470,10,12,ok,,10.646,n-62-31-7,29052882,2026-08-08T18:06:26+0200
25ee0e4ea92db9d4,auto-464e99b7c589,hoenir@5907a3b,hoenir,5907a3b,snotra@34b0ce8,snotra,34b0ce8,fjord,all_official,1,0,rating,b,b,0.0,core_destroyed,61,,44,390,8,17,9,390,9,13,ok,,3.307,n-62-29-29,29052882,2026-08-08T18:07:12+0200
25efbe29aa9ae160,auto-464e99b7c589,mimir@cfc1ec4,mimir,cfc1ec4,hoenir@5907a3b,hoenir,5907a3b,heart,all_official,1,0,rating,a,a,1.0,core_destroyed,337,,9,0,8,3,10,40,6,5,ok,,5.882,n-62-21-9,29052882,2026-08-08T18:06:12+0200
25f05a2b6bba16b2,auto-464e99b7c589,janus@8a1e7a1,janus,8a1e7a1,hoenir@5907a3b,hoenir,5907a3b,fjord,all_official,1,0,rating,b,b,0.0,core_destroyed,60,,17,250,10,7,29,380,9,14,ok,,3.785,n-62-21-64,29052882,2026-08-08T18:05:39+0200
26036b58f4f57717,auto-464e99b7c589,hoenir@5907a3b,hoenir,5907a3b,snotra@34b0ce8,snotra,34b0ce8,runestone,all_official,1,0,rating,a,a,1.0,core_destroyed,417,,9,250,8,14,10,390,8,3,ok,,6.346,n-62-31-4,29052882,2026-08-08T18:07:04+0200
260629b9d7eff80f,auto-464e99b7c589,spar_mender@7ed1acc,spar_mender,7ed1acc,hoenir@5907a3b,hoenir,5907a3b,lighthouse,all_official,1,0,rating,b,b,0.0,core_destroyed,157,,20,1110,10,17,28,1060,11,28,ok,,5.387,n-62-11-60,29052882,2026-08-08T18:07:09+0200
260995b84d73ca8a,auto-464e99b7c589,hoenir@5907a3b,hoenir,5907a3b,ragnarok_fair@79582fc,ragnarok_fair,79582fc,longship,all_official,1,0,rating,a,a,1.0,core_destroyed,120,,18,280,8,11,20,470,10,21,ok,,4.555,n-62-11-60,29052882,2026-08-08T18:06:45+0200
26340323fd3a8a04,auto-464e99b7c589,hoenir@5907a3b,hoenir,5907a3b,odin@38e1456,odin,38e1456,sweden,all_official,1,0,rating,a,a,1.0,titanium_collected,1000,,46,2460,17,14,46,350,6,21,ok,,32.604,n-62-21-98,29052882,2026-08-08T18:07:09+0200
266641d4e464373c,auto-464e99b7c589,mjolnir@2e6c876,mjolnir,2e6c876,hoenir@5907a3b,hoenir,5907a3b,jackpot,all_official,1,0,rating,b,b,0.0,core_destroyed,893,,1451,2850,5,12,91,4380,22,22,ok,,33.096,n-62-21-7,29052882,2026-08-08T18:06:53+0200
2668df2d974bbca2,auto-464e99b7c589,prospect@bf9b3e3,prospect,bf9b3e3,hoenir@5907a3b,hoenir,5907a3b,snowflake,all_official,1,0,rating,a,a,1.0,core_destroyed,90,,8,420,8,16,6,200,7,10,ok,,3.506,n-62-31-13,29052882,2026-08-08T18:06:27+0200
2673faf01f1d6607,auto-464e99b7c589,jonbot@90fc9f3,jonbot,90fc9f3,hoenir@5907a3b,hoenir,5907a3b,quarry,all_official,1,0,rating,a,a,1.0,titanium_collected,1000,,1574,10,6,5,20,0,9,5,ok,,24.287,n-62-11-68,29052882,2026-08-08T18:06:24+0200
2688c3b98115b2fe,auto-464e99b7c589,hoenir@5907a3b,hoenir,5907a3b,prospect@bf9b3e3,prospect,bf9b3e3,atoll,all_official,1,0,rating,b,b,0.0,core_destroyed,57,,7,230,8,16,9,230,8,12,ok,,3.383,n-62-31-4,29052882,2026-08-08T18:06:36+0200
2695db9bf517e8e7,auto-464e99b7c589,gefn@46ac5e6,gefn,46ac5e6,hoenir@5907a3b,hoenir,5907a3b,fjord,all_official,1,0,rating,b,b,0.0,core_destroyed,148,,10,380,4,12,49,1050,9,19,ok,,4.439,n-62-21-12,29052882,2026-08-08T18:04:59+0200
2699efd5b9d66e95,auto-464e99b7c589,prospect@bf9b3e3,prospect,bf9b3e3,hoenir@5907a3b,hoenir,5907a3b,eider,all_official,1,0,rating,b,b,0.0,core_destroyed,44,,19,90,8,7,19,150,7,7,ok,,2.904,n-62-31-5,29052882,2026-08-08T18:06:45+0200
26a6975abd6d1d0a,auto-464e99b7c589,forseti@37dc858,forseti,37dc858,hoenir@5907a3b,hoenir,5907a3b,fjord,all_official,1,0,rating,b,b,0.0,core_destroyed,97,,40,530,8,15,24,660,8,19,ok,,4.103,n-62-11-52,29052882,2026-08-08T18:04:44+0200
26d04a234f9c60de,auto-464e99b7c589,hoenir@5907a3b,hoenir,5907a3b,aegis@e55aab5,aegis,e55aab5,antler,all_official,1,0,rating,b,b,0.0,core_destroyed,90,,70,550,7,13,19,410,5,12,ok,,3.648,n-62-31-4,29052882,2026-08-08T18:04:40+0200
26e4b4994a4a3025,auto-464e99b7c589,e_t4l7@9e77076,e_t4l7,9e77076,hoenir@5907a3b,hoenir,5907a3b,archipelago,all_official,1,0,rating,b,b,0.0,core_destroyed,102,,87,370,5,28,101,1300,9,49,ok,,3.541,n-62-29-34,29052882,2026-08-08T18:05:04+0200
270a36cbf700c376,auto-464e99b7c589,pantheon_replica_day3@aa8bae0,pantheon_replica_day3,aa8bae0,hoenir@5907a3b,hoenir,5907a3b,drumlin,all_official,1,0,rating,b,b,0.0,core_destroyed,52,,20,140,8,14,38,350,7,21,ok,,3.307,n-62-29-34,29052882,2026-08-08T18:06:46+0200
271c8092857273f8,auto-464e99b7c589,hoenir@5907a3b,hoenir,5907a3b,skadi@aad5f44,skadi,aad5f44,saga,all_official,1,0,rating,b,b,0.0,core_destroyed,298,,127,1350,7,29,6,1410,8,34,ok,,7.634,n-62-29-33,29052882,2026-08-08T18:07:40+0200
27230547262fef86,auto-464e99b7c589,hoenir@5907a3b,hoenir,5907a3b,skadi@aad5f44,skadi,aad5f44,sprint,all_official,1,0,rating,b,b,0.0,titanium_collected,1000,,17,10,8,7,17,140,5,3,ok,,5.514,n-62-31-21,29052882,2026-08-08T18:07:12+0200
272a25a58bdd634d,auto-464e99b7c589,heimdall@daf0de0,heimdall,daf0de0,hoenir@5907a3b,hoenir,5907a3b,antler,all_official,1,0,rating,a,a,1.0,core_destroyed,87,,9,390,6,10,194,530,8,12,ok,,3.337,n-62-21-62,29052882,2026-08-08T18:05:39+0200
273072092b3df07d,auto-464e99b7c589,hoenir@5907a3b,hoenir,5907a3b,pantheon_replica_day3@aa8bae0,pantheon_replica_day3,aa8bae0,lighthouse,all_official,1,0,rating,a,a,1.0,core_destroyed,429,,9,200,7,3,10,450,5,1,ok,,4.451,n-62-30-23,29052882,2026-08-08T18:06:35+0200
273073248d76a933,auto-464e99b7c589,skadi@aad5f44,skadi,aad5f44,hoenir@5907a3b,hoenir,5907a3b,showdown,all_official,1,0,rating,a,a,1.0,core_destroyed,333,,9,0,6,10,10,90,2,8,ok,,2.714,n-62-31-21,29052882,2026-08-08T18:06:50+0200
2732f1fbb2ea5ba7,auto-464e99b7c589,hoenir@5907a3b,hoenir,5907a3b,gobbleglitch@6cdc440,gobbleglitch,6cdc440,drumlin,all_official,1,0,rating,a,a,1.0,core_destroyed,113,,8,250,8,8,59,250,7,5,ok,,2.684,n-62-13-6,29052882,2026-08-08T18:04:57+0200
27471a6199f3a9fa,auto-464e99b7c589,hoenir@5907a3b,hoenir,5907a3b,steward_hardened_reinforced@366cd1b,steward_hardened_reinforced,366cd1b,sweden,all_official,1,0,rating,a,a,1.0,core_destroyed,138,,10,310,9,14,151,150,7,10,ok,,5.715,n-62-29-33,29052882,2026-08-08T18:07:16+0200
27511bf05917cc49,auto-464e99b7c589,hoenir@5907a3b,hoenir,5907a3b,jotunn@6b39ebb,jotunn,6b39ebb,runestone,all_official,1,0,rating,a,a,1.0,core_destroyed,104,,31,430,7,19,43,80,8,19,ok,,3.667,n-62-28-31,29052882,2026-08-08T18:05:24+0200
275f12d9456f0eb6,auto-464e99b7c589,hoenir@5907a3b,hoenir,5907a3b,steward_hardened_reinforced@672ee02,steward_hardened_reinforced,672ee02,fjord,all_official,1,0,rating,a,a,1.0,core_destroyed,66,,45,430,8,17,7,410,9,14,ok,,3.711,n-62-29-9,29052882,2026-08-08T18:07:37+0200
277bf6268c67f7b7,auto-464e99b7c589,hoenir@5907a3b,hoenir,5907a3b,spar_mender@d5b46bc,spar_mender,d5b46bc,sprint,all_official,1,0,rating,a,a,1.0,core_destroyed,66,,10,0,6,3,31,0,8,2,ok,,3.517,n-62-31-10,29052882,2026-08-08T18:06:58+0200
278b7230a8610d34,auto-464e99b7c589,loki@9ac8974,loki,9ac8974,hoenir@5907a3b,hoenir,5907a3b,vase,all_official,1,0,rating,b,b,0.0,core_destroyed,48,,60,0,8,5,20,80,5,12,ok,,3.231,n-62-11-55,29052882,2026-08-08T18:07:06+0200
278c39bc5ce6a227,auto-464e99b7c589,mimir@cfc1ec4,mimir,cfc1ec4,hoenir@5907a3b,hoenir,5907a3b,archipelago,all_official,1,0,rating,b,b,0.0,core_destroyed,63,,59,330,7,27,9,360,7,24,ok,,3.704,n-62-21-3,29052882,2026-08-08T18:06:20+0200
27b05ac5b518adb1,auto-464e99b7c589,loki@832c68a,loki,832c68a,hoenir@5907a3b,hoenir,5907a3b,nordkap,all_official,1,0,rating,b,b,0.0,core_destroyed,145,,13,80,8,1,9,330,7,7,ok,,3.676,n-62-30-25,29052882,2026-08-08T18:06:08+0200
27ba60493cd4104e,auto-464e99b7c589,lockin@90fc9f3,lockin,90fc9f3,hoenir@5907a3b,hoenir,5907a3b,heart,all_official,1,0,rating,b,b,0.0,core_destroyed,89,,720,0,0,0,10,0,8,19,ok,,1.997,n-62-29-24,29052882,2026-08-08T18:05:45+0200
27c32bf360a9712f,auto-464e99b7c589,hodr@ea88247,hodr,ea88247,hoenir@5907a3b,hoenir,5907a3b,moonrise,all_official,1,0,rating,a,a,1.0,core_destroyed,114,,12,500,7,14,4,70,6,6,ok,,3.412,n-62-21-55,29052882,2026-08-08T18:06:13+0200
27c6be676850bd84,auto-464e99b7c589,hoenir@5907a3b,hoenir,5907a3b,steward_hardened_reinforced@cdc552f,steward_hardened_reinforced,cdc552f,strait,all_official,1,0,rating,a,a,1.0,core_destroyed,149,,10,510,7,19,6,130,8,8,ok,,5.257,n-62-29-24,29052882,2026-08-08T18:07:43+0200
27ca7d6a4aa52d8e,auto-464e99b7c589,hoenir@5907a3b,hoenir,5907a3b,hodr@ea88247,hodr,ea88247,drumlin,all_official,1,0,rating,b,b,0.0,core_destroyed,67,,22,300,8,17,19,360,7,17,ok,,3.305,n-62-21-53,29052882,2026-08-08T18:05:07+0200
27cc55c32a4da25b,auto-464e99b7c589,steward_hardened_reinforced@366cd1b,steward_hardened_reinforced,366cd1b,hoenir@5907a3b,hoenir,5907a3b,pinch,all_official,1,0,rating,b,b,0.0,titanium_collected,1000,,12,100,8,2,20,2480,7,10,ok,,6.269,n-62-29-24,29052882,2026-08-08T18:07:17+0200
27ea706f8024291b,auto-464e99b7c589,hoenir@5907a3b,hoenir,5907a3b,mimir@cfc1ec4,mimir,cfc1ec4,pinch,all_official,1,0,rating,a,a,1.0,core_destroyed,161,,10,380,8,11,9,160,8,4,ok,,3.814,n-62-21-6,29052882,2026-08-08T18:05:51+0200
27ee91823c245a36,auto-464e99b7c589,hoenir@5907a3b,hoenir,5907a3b,fulla@ec5aa19,fulla,ec5aa19,string,all_official,1,0,rating,a,a,1.0,core_destroyed,78,,16,190,5,3,12,180,9,2,ok,,3.554,n-62-21-9,29052882,2026-08-08T18:04:39+0200
27f8740147da82bd,auto-464e99b7c589,snotra_h@4437c29,snotra_h,4437c29,hoenir@5907a3b,hoenir,5907a3b,skerry,all_official,1,0,rating,b,b,0.0,core_destroyed,60,,18,260,8,7,29,260,8,11,ok,,3.876,n-62-11-61,29052882,2026-08-08T18:07:19+0200
280883e8ffe8ac49,auto-464e99b7c589,bastion@840a180,bastion,840a180,hoenir@5907a3b,hoenir,5907a3b,nordkap,all_official,1,0,rating,b,b,0.0,core_destroyed,72,,14,150,7,7,12,260,7,11,ok,,3.806,n-62-31-10,29052882,2026-08-08T18:05:14+0200
28293341048e53e9,auto-464e99b7c589,hoenir@5907a3b,hoenir,5907a3b,e_t4l7@9e77076,e_t4l7,9e77076,vase,all_official,1,0,rating,b,b,0.0,titanium_collected,1000,,16,2460,8,9,1862,2470,9,15,ok,,9.645,n-62-31-7,29052882,2026-08-08T18:05:00+0200
287e78fae3b63cc0,auto-464e99b7c589,hoenir@5907a3b,hoenir,5907a3b,steward_hardened_reinforced@f1f2bda,steward_hardened_reinforced,f1f2bda,heart,all_official,1,0,rating,b,b,0.0,core_destroyed,493,,10,0,8,3,9,0,6,2,ok,,5.776,n-62-31-23,29052882,2026-08-08T18:07:51+0200
2891a153ed1ff21d,auto-464e99b7c589,hoenir@5907a3b,hoenir,5907a3b,heimdall@daf0de0,heimdall,daf0de0,nordkap,all_official,1,0,rating,a,a,1.0,core_destroyed,49,,9,100,8,5,10,160,7,16,ok,,3.073,n-62-21-69,29052882,2026-08-08T18:04:52+0200
28c04d22e880a3f6,auto-464e99b7c589,fulla@ec5aa19,fulla,ec5aa19,hoenir@5907a3b,hoenir,5907a3b,archipelago,all_official,1,0,rating,b,b,0.0,core_destroyed,63,,100,450,7,26,10,360,7,24,ok,,3.344,n-62-12-4,29052882,2026-08-08T18:05:11+0200
28ce1a9e5cf6cf66,auto-464e99b7c589,prospect_rushonly@bf9b3e3,prospect_rushonly,bf9b3e3,hoenir@5907a3b,hoenir,5907a3b,hive,all_official,1,0,rating,b,b,0.0,core_destroyed,98,,10,220,9,7,6,220,7,13,ok,,4.656,n-62-31-16,29052882,2026-08-08T18:06:33+0200
28d1be03d025e305,auto-464e99b7c589,steward_hardened_reinforced@04300bf,steward_hardened_reinforced,04300bf,hoenir@5907a3b,hoenir,5907a3b,eider,all_official,1,0,rating,a,a,1.0,core_destroyed,144,,60,930,11,15,21,930,7,14,ok,,5.841,n-62-12-5,29052882,2026-08-08T18:07:17+0200
28e3afb2b27040ec,auto-464e99b7c589,hoenir@5907a3b,hoenir,5907a3b,prospect_rushonly@bf9b3e3,prospect_rushonly,bf9b3e3,bridge,all_official,1,0,rating,a,a,1.0,core_destroyed,986,,10,30,15,8,7377,7100,7,3,ok,,19.882,n-62-31-24,29052882,2026-08-08T18:06:56+0200
28e776f963d44c68,auto-464e99b7c589,hoenir@5907a3b,hoenir,5907a3b,spar_mender@7ed1acc,spar_mender,7ed1acc,longship,all_official,1,0,rating,a,a,1.0,core_destroyed,72,,46,300,9,15,46,300,9,33,ok,,3.937,n-62-11-60,29052882,2026-08-08T18:07:13+0200
290b09924503ddb4,auto-464e99b7c589,hoenir@5907a3b,hoenir,5907a3b,njord@f66a427,njord,f66a427,atoll,all_official,1,0,rating,a,a,1.0,core_destroyed,79,,9,340,8,22,5,250,10,7,ok,,4.497,n-62-11-67,29052882,2026-08-08T18:06:18+0200
2929b849499623c6,auto-464e99b7c589,hoenir@5907a3b,hoenir,5907a3b,spork@05ab6a2,spork,05ab6a2,moonrise,all_official,1,0,rating,a,a,1.0,core_destroyed,112,,20,480,7,17,34,80,5,11,ok,,3.366,n-62-11-58,29052882,2026-08-08T18:07:25+0200
2935ea54e9eb686a,auto-464e99b7c589,jotunn@6b39ebb,jotunn,6b39ebb,hoenir@5907a3b,hoenir,5907a3b,crossfire,all_official,1,0,rating,b,b,0.0,core_destroyed,87,,3,250,10,3,2,380,8,23,ok,,4.363,n-62-21-97,29052882,2026-08-08T18:06:46+0200
293693abbc384975,auto-464e99b7c589,magni@3677a66,magni,3677a66,hoenir@5907a3b,hoenir,5907a3b,bridge,all_official,1,0,rating,b,b,0.0,core_destroyed,145,,48,0,7,12,33,670,11,15,ok,,4.603,n-62-11-50,29052882,2026-08-08T18:05:38+0200
294f74b371855dc5,auto-464e99b7c589,prospect_rushonly@bf9b3e3,prospect_rushonly,bf9b3e3,hoenir@5907a3b,hoenir,5907a3b,bridge,all_official,1,0,rating,b,b,0.0,core_destroyed,101,,11,0,11,6,10,0,7,7,ok,,4.256,n-62-31-24,29052882,2026-08-08T18:07:00+0200
2956bb81c78536d5,auto-464e99b7c589,jotunn@6b39ebb,jotunn,6b39ebb,hoenir@5907a3b,hoenir,5907a3b,saga,all_official,1,0,rating,a,a,1.0,core_destroyed,231,,27,1470,17,30,55,1650,15,34,ok,,11.167,n-62-28-31,29052882,2026-08-08T18:05:44+0200
2998f702f12a2ef7,auto-464e99b7c589,hoenir@5907a3b,hoenir,5907a3b,hodr@ea88247,hodr,ea88247,archipelago,all_official,1,0,rating,a,a,1.0,core_destroyed,66,,20,500,9,25,9,150,8,14,ok,,3.95,n-62-21-52,29052882,2026-08-08T18:05:13+0200
29e9f5a7ce63d940,auto-464e99b7c589,loki@9ac8974,loki,9ac8974,hoenir@5907a3b,hoenir,5907a3b,pinch,all_official,1,0,rating,b,b,0.0,core_destroyed,329,,13,100,8,1,10,800,7,10,ok,,4.978,n-62-31-16,29052882,2026-08-08T18:06:00+0200
29f8900c56e4e386,auto-464e99b7c589,fulla@ec5aa19,fulla,ec5aa19,hoenir@5907a3b,hoenir,5907a3b,lighthouse,all_official,1,0,rating,a,a,1.0,titanium_collected,1000,,22,440,8,10,20,230,7,11,ok,,9.908,n-62-21-3,29052882,2026-08-08T18:05:12+0200
2a08e21db0e42138,auto-464e99b7c589,skadi@aad5f44,skadi,aad5f44,hoenir@5907a3b,hoenir,5907a3b,longship,all_official,1,0,rating,a,a,1.0,core_destroyed,105,,8,240,7,18,10,430,7,19,ok,,3.998,n-62-31-5,29052882,2026-08-08T18:07:31+0200
2a11849f6e11c1d5,auto-464e99b7c589,hoenir@5907a3b,hoenir,5907a3b,prospect_rushonly@bf9b3e3,prospect_rushonly,bf9b3e3,moonrise,all_official,1,0,rating,a,a,1.0,core_destroyed,106,,8,240,7,6,8,180,7,11,ok,,3.008,n-62-31-22,29052882,2026-08-08T18:06:24+0200
2a2b6bf5f108433c,auto-464e99b7c589,odin@38e1456,odin,38e1456,hoenir@5907a3b,hoenir,5907a3b,duel,all_official,1,0,rating,b,b,0.0,core_destroyed,97,,10,230,4,4,18,450,9,6,ok,,3.384,n-62-21-92,29052882,2026-08-08T18:06:05+0200
2a2bcac1e03984b2,auto-464e99b7c589,pantheon_replica_day3@aa8bae0,pantheon_replica_day3,aa8bae0,hoenir@5907a3b,hoenir,5907a3b,longship,all_official,1,0,rating,b,b,0.0,core_destroyed,53,,15,100,8,11,8,110,6,11,ok,,3.36,n-62-30-23,29052882,2026-08-08T18:06:51+0200
2a4c2cbe089c3830,auto-464e99b7c589,hoenir@5907a3b,hoenir,5907a3b,prospect_rushonly@bf9b3e3,prospect_rushonly,bf9b3e3,duel,all_official,1,0,rating,a,a,1.0,core_destroyed,52,,28,220,7,6,20,210,6,8,ok,,3.093,n-62-31-8,29052882,2026-08-08T18:06:23+0200
2a56d44025dd1f47,auto-464e99b7c589,spar_sniper@aa24129,spar_sniper,aa24129,hoenir@5907a3b,hoenir,5907a3b,heart,all_official,1,0,rating,a,a,1.0,core_destroyed,337,,9,0,8,3,10,40,6,5,ok,,6.055,n-62-21-97,29052882,2026-08-08T18:07:34+0200
2a5bc3999805d812,auto-464e99b7c589,hoenir@5907a3b,hoenir,5907a3b,forseti@37dc858,forseti,37dc858,drumlin,all_official,1,0,rating,b,b,0.0,core_destroyed,67,,22,300,8,17,19,360,7,17,ok,,3.15,n-62-11-55,29052882,2026-08-08T18:04:58+0200
2a625e7ce57c3ad8,auto-464e99b7c589,jonbot_190003d@90fc9f3,jonbot_190003d,90fc9f3,hoenir@5907a3b,hoenir,5907a3b,lighthouse,all_official,1,0,rating,a,a,1.0,core_destroyed,171,,58,400,8,9,7,40,7,10,ok,,4.421,n-62-31-9,29052882,2026-08-08T18:05:27+0200
2a792ae8ed8f2fd4,auto-464e99b7c589,bastion@840a180,bastion,840a180,hoenir@5907a3b,hoenir,5907a3b,showdown,all_official,1,0,rating,b,b,0.0,core_destroyed,281,,10,0,3,0,9,100,8,8,ok,,4.754,n-62-31-11,29052882,2026-08-08T18:05:29+0200
2a930543e04d2cc7,auto-464e99b7c589,hoenir@5907a3b,hoenir,5907a3b,lockin@90fc9f3,lockin,90fc9f3,nordkap,all_official,1,0,rating,a,a,1.0,core_destroyed,49,,2,100,8,16,620,0,0,0,ok,,1.954,n-62-29-31,29052882,2026-08-08T18:05:25+0200
2aa6d4a5c5be8866,auto-464e99b7c589,hoenir@5907a3b,hoenir,5907a3b,steward_hardened_reinforced@04300bf,steward_hardened_reinforced,04300bf,sprint,all_official,1,0,rating,b,b,0.0,core_destroyed,183,,7,20,7,5,33,430,5,7,ok,,2.965,n-62-12-1,29052882,2026-08-08T18:07:38+0200
2aad64020e69660c,auto-464e99b7c589,hodr@ea88247,hodr,ea88247,hoenir@5907a3b,hoenir,5907a3b,jackpot,all_official,1,0,rating,a,a,1.0,titanium_collected,1000,,62,4930,20,24,147,4910,27,17,ok,,53.818,n-62-21-55,29052882,2026-08-08T18:05:34+0200
2ab2c808b8199000,auto-464e99b7c589,hoenir@5907a3b,hoenir,5907a3b,njord@f66a427,njord,f66a427,showdown,all_official,1,0,rating,a,a,1.0,core_destroyed,98,,6,160,6,13,8,190,6,16,ok,,2.652,n-62-11-62,29052882,2026-08-08T18:06:26+0200
2abf265f61edd50c,auto-464e99b7c589,hoenir@5907a3b,hoenir,5907a3b,odin@38e1456,odin,38e1456,fjord,all_official,1,0,rating,b,b,0.0,core_destroyed,80,,304,530,9,22,41,520,10,32,ok,,4.021,n-62-21-92,29052882,2026-08-08T18:06:17+0200
2abfcbc529267895,auto-464e99b7c589,casemate_oracle@90fc9f3,casemate_oracle,90fc9f3,hoenir@5907a3b,hoenir,5907a3b,jackpot,all_official,1,0,rating,b,b,0.0,core_destroyed,93,,320,0,2,21,33,200,8,14,ok,,3.951,n-62-29-9,29052882,2026-08-08T18:04:45+0200
2acaaed607101e1e,auto-464e99b7c589,lockin@90fc9f3,lockin,90fc9f3,hoenir@5907a3b,hoenir,5907a3b,string,all_official,1,0,rating,b,b,0.0,core_destroyed,51,,620,0,0,0,10,120,9,9,ok,,1.945,n-62-29-21,29052882,2026-08-08T18:05:26+0200
2ad90ebbbe33d392,auto-464e99b7c589,bifrost@c70c467,bifrost,c70c467,hoenir@5907a3b,hoenir,5907a3b,hive,all_official,1,0,rating,b,b,0.0,core_destroyed,164,,12,110,5,15,27,370,9,17,ok,,6.244,n-62-28-33,29052882,2026-08-08T18:05:06+0200
2adaa6b0f79178e8,auto-464e99b7c589,spar_mender@7ed1acc,spar_mender,7ed1acc,hoenir@5907a3b,hoenir,5907a3b,nordkap,all_official,1,0,rating,b,b,0.0,core_destroyed,174,,90,410,10,9,10,570,6,19,ok,,4.885,n-62-11-60,29052882,2026-08-08T18:07:45+0200
2ae262d0ffd1f8c9,auto-464e99b7c589,steward_hardened_reinforced@366cd1b,steward_hardened_reinforced,366cd1b,hoenir@5907a3b,hoenir,5907a3b,eider,all_official,1,0,rating,a,a,1.0,core_destroyed,144,,60,930,11,15,21,930,7,14,ok,,6.411,n-62-21-1,29052882,2026-08-08T18:07:50+0200
2afcdc4e51a6c62e,auto-464e99b7c589,aegis@e55aab5,aegis,e55aab5,hoenir@5907a3b,hoenir,5907a3b,strait,all_official,1,0,rating,b,b,0.0,core_destroyed,89,,3,460,8,38,26,460,9,21,ok,,4.572,n-62-31-23,29052882,2026-08-08T18:05:00+0200
2b034d744fd11a42,auto-464e99b7c589,hoenir@5907a3b,hoenir,5907a3b,skadi@6a2af02,skadi,6a2af02,duel,all_official,1,0,rating,a,a,1.0,core_destroyed,221,,8,540,6,3,9,560,5,6,ok,,3.399,n-62-12-7,29052882,2026-08-08T18:07:30+0200
2b0bb1b864ed8e7b,auto-464e99b7c589,steward_hardened_reinforced@672ee02,steward_hardened_reinforced,672ee02,hoenir@5907a3b,hoenir,5907a3b,string,all_official,1,0,rating,a,a,1.0,core_destroyed,391,,27,2020,14,12,52,860,3,2,ok,,9.576,n-62-31-22,29052882,2026-08-08T18:07:51+0200
2b21c45ff33598b4,auto-464e99b7c589,hoenir@5907a3b,hoenir,5907a3b,skadi@aad5f44,skadi,aad5f44,hive,all_official,1,0,rating,b,b,0.0,core_destroyed,123,,7,280,7,22,40,510,7,27,ok,,4.243,n-62-29-31,29052882,2026-08-08T18:07:44+0200
2b409ffb989e647b,auto-464e99b7c589,hoenir@5907a3b,hoenir,5907a3b,mjolnir@2e6c876,mjolnir,2e6c876,moonrise,all_official,1,0,rating,a,a,1.0,core_destroyed,281,,19,1320,12,10,9,460,6,8,ok,,6.596,n-62-31-24,29052882,2026-08-08T18:05:50+0200
2b4c3f00f7d3ae85,auto-464e99b7c589,hoenir@5907a3b,hoenir,5907a3b,spar_mender@7ed1acc,spar_mender,7ed1acc,skerry,all_official,1,0,rating,a,a,1.0,core_destroyed,64,,20,370,7,23,90,400,12,16,ok,,3.678,n-62-11-62,29052882,2026-08-08T18:06:52+0200
2b69aab7d9e92770,auto-464e99b7c589,hoenir@5907a3b,hoenir,5907a3b,jonbot_190003d@90fc9f3,jonbot_190003d,90fc9f3,meander,all_official,1,0,rating,b,b,0.0,core_destroyed,153,,10,0,4,8,59,270,9,9,ok,,2.879,n-62-31-9,29052882,2026-08-08T18:05:39+0200
2b6d10077ce5a917,auto-464e99b7c589,freyr@c2c0d3d,freyr,c2c0d3d,hoenir@5907a3b,hoenir,5907a3b,meander,all_official,1,0,rating,b,b,0.0,core_destroyed,86,,208,70,5,9,10,180,7,14,ok,,2.742,n-62-12-1,29052882,2026-08-08T18:04:42+0200
2b75594193be1851,auto-464e99b7c589,hoenir@5907a3b,hoenir,5907a3b,steward_hardened_reinforced@672ee02,steward_hardened_reinforced,672ee02,moonrise,all_official,1,0,rating,a,a,1.0,core_destroyed,52,,30,190,6,14,60,100,6,8,ok,,2.605,n-62-31-23,29052882,2026-08-08T18:07:26+0200
2b7561a3f1ed14af,auto-464e99b7c589,spar_mender@d5b46bc,spar_mender,d5b46bc,hoenir@5907a3b,hoenir,5907a3b,drumlin,all_official,1,0,rating,a,a,1.0,core_destroyed,112,,139,630,8,19,139,1100,9,25,ok,,4.503,n-62-11-64,29052882,2026-08-08T18:06:59+0200
2b96721d0f7147cc,auto-464e99b7c589,prospect_rushonly@bf9b3e3,prospect_rushonly,bf9b3e3,hoenir@5907a3b,hoenir,5907a3b,string,all_official,1,0,rating,a,a,1.0,core_destroyed,61,,20,250,6,12,76,140,8,4,ok,,3.669,n-62-11-67,29052882,2026-08-08T18:06:38+0200
2bcdfd7cb5825b0d,auto-464e99b7c589,hoenir@5907a3b,hoenir,5907a3b,steward_hardened_reinforced@366cd1b,steward_hardened_reinforced,366cd1b,saga,all_official,1,0,rating,b,b,0.0,core_destroyed,79,,8,250,8,28,9,360,8,23,ok,,3.898,n-62-29-24,29052882,2026-08-08T18:07:41+0200
2bdb6d556af6ef8b,auto-464e99b7c589,steward_hardened_reinforced@04300bf,steward_hardened_reinforced,04300bf,hoenir@5907a3b,hoenir,5907a3b,vault,all_official,1,0,rating,a,a,1.0,core_destroyed,88,,30,390,10,15,136,390,13,18,ok,,5.705,n-62-21-2,29052882,2026-08-08T18:07:15+0200
2be46236a110d2ef,auto-464e99b7c589,bifrost@c70c467,bifrost,c70c467,hoenir@5907a3b,hoenir,5907a3b,fjordgate,all_official,1,0,rating,a,a,1.0,core_destroyed,222,,10,1040,6,25,28,10,2,3,ok,,3.663,n-62-28-31,29052882,2026-08-08T18:05:12+0200
2beb4bcdaf64782a,auto-464e99b7c589,hoenir@5907a3b,hoenir,5907a3b,steward_hardened_reinforced@366cd1b,steward_hardened_reinforced,366cd1b,heart,all_official,1,0,rating,b,b,0.0,core_destroyed,493,,10,0,8,3,9,0,6,2,ok,,7.109,n-62-29-16,29052882,2026-08-08T18:07:32+0200
2bee152e4c42fde6,auto-464e99b7c589,hoenir@5907a3b,hoenir,5907a3b,mistral@90fc9f3,mistral,90fc9f3,saga,all_official,1,0,rating,a,a,1.0,core_destroyed,107,,273,610,7,35,408,0,6,0,ok,,8.106,n-62-31-21,29052882,2026-08-08T18:06:13+0200
2c050b23eebfc75d,auto-464e99b7c589,hoenir@5907a3b,hoenir,5907a3b,steward_hardened_reinforced@f1f2bda,steward_hardened_reinforced,f1f2bda,duel,all_official,1,0,rating,a,a,1.0,core_destroyed,57,,9,240,8,7,208,240,5,6,ok,,2.781,n-62-31-4,29052882,2026-08-08T18:07:53+0200
2c066724bc6f9696,auto-464e99b7c589,hoenir@5907a3b,hoenir,5907a3b,steward_hardened_reinforced@a994296,steward_hardened_reinforced,a994296,bridge,all_official,1,0,rating,a,a,1.0,core_destroyed,143,,44,850,15,19,257,0,3,2,ok,,6.468,n-62-11-61,29052882,2026-08-08T18:07:39+0200
2c1b14d66a0fe77b,auto-464e99b7c589,hoenir@5907a3b,hoenir,5907a3b,e_t4l7@9e77076,e_t4l7,9e77076,archipelago,all_official,1,0,rating,a,a,1.0,core_destroyed,149,,30,2380,20,45,97,830,5,56,ok,,6.66,n-62-29-34,29052882,2026-08-08T18:05:01+0200
2c45aa14ee9a85b0,auto-464e99b7c589,hoenir@5907a3b,hoenir,5907a3b,fenrir2@6b39ebb,fenrir2,6b39ebb,bridge,all_official,1,0,rating,a,a,1.0,core_destroyed,275,,42,650,12,14,44,0,8,4,ok,,8.046,n-62-31-18,29052882,2026-08-08T18:05:02+0200
2c4ee7480fca474b,auto-464e99b7c589,hodr@ea88247,hodr,ea88247,hoenir@5907a3b,hoenir,5907a3b,twins,all_official,1,0,rating,b,b,0.0,core_destroyed,253,,9,150,9,3,10,600,8,14,ok,,4.775,n-62-21-59,29052882,2026-08-08T18:05:27+0200
2c533b77c0e60b29,auto-464e99b7c589,freyr@c2c0d3d,freyr,c2c0d3d,hoenir@5907a3b,hoenir,5907a3b,strait,all_official,1,0,rating,b,b,0.0,core_destroyed,138,,9,380,7,14,4,610,8,20,ok,,3.797,n-62-12-3,29052882,2026-08-08T18:04:52+0200
2c715b5a7a172580,auto-464e99b7c589,gobbleglitch@6cdc440,gobbleglitch,6cdc440,hoenir@5907a3b,hoenir,5907a3b,bridge,all_official,1,0,rating,b,b,0.0,core_destroyed,737,,1200,1140,10,8,8,1800,12,15,ok,,9.633,n-62-13-6,29052882,2026-08-08T18:04:49+0200
2c723fe421c93584,auto-464e99b7c589,hoenir@5907a3b,hoenir,5907a3b,steward_hardened_reinforced@672ee02,steward_hardened_reinforced,672ee02,archipelago,all_official,1,0,rating,a,a,1.0,core_destroyed,64,,29,470,9,27,20,140,8,14,ok,,3.68,n-62-31-21,29052882,2026-08-08T18:07:14+0200
2c80cf7e2b4ab2e1,auto-464e99b7c589,hoenir@5907a3b,hoenir,5907a3b,mistral@90fc9f3,mistral,90fc9f3,fjordgate,all_official,1,0,rating,a,a,1.0,core_destroyed,77,,151,230,5,16,60,0,11,0,ok,,3.833,n-62-31-5,29052882,2026-08-08T18:05:43+0200
2cae0fb869d4eaf2,auto-464e99b7c589,hoenir@5907a3b,hoenir,5907a3b,gefn@46ac5e6,gefn,46ac5e6,moonrise,all_official,1,0,rating,a,a,1.0,core_destroyed,176,,18,880,10,19,16,20,3,2,ok,,4.629,n-62-21-15,29052882,2026-08-08T18:04:40+0200
2caf0253023e71c6,auto-464e99b7c589,hoenir@5907a3b,hoenir,5907a3b,forseti@37dc858,forseti,37dc858,crossfire,all_official,1,0,rating,a,a,1.0,core_destroyed,188,,58,1270,12,31,16,50,6,2,ok,,4.34,n-62-11-55,29052882,2026-08-08T18:04:52+0200
2cb5d77e30fac9e8,auto-464e99b7c589,hoenir@5907a3b,hoenir,5907a3b,prospect_rushonly@bf9b3e3,prospect_rushonly,bf9b3e3,eider,all_official,1,0,rating,a,a,1.0,core_destroyed,117,,10,270,7,8,9,120,8,2,ok,,3.467,n-62-31-8,29052882,2026-08-08T18:06:31+0200
2cc521f3db0d73fd,auto-464e99b7c589,ragnarok_fair@79582fc,ragnarok_fair,79582fc,hoenir@5907a3b,hoenir,5907a3b,bridge,all_official,1,0,rating,b,b,0.0,titanium_collected,1000,,1625,0,7,7,199,2400,22,11,ok,,28.856,n-62-11-52,29052882,2026-08-08T18:06:58+0200
2cd7bc675fb72edb,auto-464e99b7c589,prospect@bf9b3e3,prospect,bf9b3e3,hoenir@5907a3b,hoenir,5907a3b,vase,all_official,1,0,rating,b,b,0.0,core_destroyed,84,,48,0,8,1,42,170,6,15,ok,,3.405,n-62-31-14,29052882,2026-08-08T18:06:47+0200
2cef86e7e4a826cb,auto-464e99b7c589,spar_sniper@aa24129,spar_sniper,aa24129,hoenir@5907a3b,hoenir,5907a3b,runestone,all_official,1,0,rating,a,a,1.0,core_destroyed,109,,9,240,7,15,28,240,7,15,ok,,4.266,n-62-31-16,29052882,2026-08-08T18:07:43+0200
2cefa9a524de3199,auto-464e99b7c589,hoenir@5907a3b,hoenir,5907a3b,steward_hardened_reinforced@c04e46e,steward_hardened_reinforced,c04e46e,eider,all_official,1,0,rating,a,a,1.0,core_destroyed,101,,8,630,9,16,10,260,5,9,ok,,4.051,n-62-21-92,29052882,2026-08-08T18:07:53+0200
2cff8bd119190b72,auto-464e99b7c589,spar_sniper@aa24129,spar_sniper,aa24129,hoenir@5907a3b,hoenir,5907a3b,vault,all_official,1,0,rating,a,a,1.0,core_destroyed,88,,30,390,10,15,136,390,13,18,ok,,4.89,n-62-11-52,29052882,2026-08-08T18:07:51+0200
2d07d8ef7624bcb6,auto-464e99b7c589,hoenir@5907a3b,hoenir,5907a3b,spork@05ab6a2,spork,05ab6a2,jackpot,all_official,1,0,rating,b,b,0.0,core_destroyed,485,,54,2360,18,19,98,2380,11,18,ok,,16.748,n-62-11-51,29052882,2026-08-08T18:07:41+0200
2d33bc9351baa4aa,auto-464e99b7c589,hoenir@5907a3b,hoenir,5907a3b,heimdall@daf0de0,heimdall,daf0de0,jackpot,all_official,1,0,rating,a,a,1.0,core_destroyed,258,,100,1220,11,24,30,720,4,22,ok,,7.988,n-62-21-66,29052882,2026-08-08T18:05:20+0200
2d3d50fb09e648d9,auto-464e99b7c589,hoenir@5907a3b,hoenir,5907a3b,odin@93e46da,odin,93e46da,antler,all_official,1,0,rating,b,b,0.0,core_destroyed,101,,17,330,8,5,9,240,6,7,ok,,3.592,n-62-21-97,29052882,2026-08-08T18:06:32+0200
2d3d6018c3eed629,auto-464e99b7c589,steward_hardened_reinforced@04300bf,steward_hardened_reinforced,04300bf,hoenir@5907a3b,hoenir,5907a3b,antler,all_official,1,0,rating,a,a,1.0,core_destroyed,104,,28,660,5,12,16,470,8,12,ok,,3.137,n-62-28-31,29052882,2026-08-08T18:07:42+0200
2d5836270d39637f,auto-464e99b7c589,hoenir@5907a3b,hoenir,5907a3b,odin@93e46da,odin,93e46da,heart,all_official,1,0,rating,a,a,1.0,core_destroyed,165,,9,60,7,11,10,0,7,6,ok,,3.5,n-62-28-31,29052882,2026-08-08T18:06:31+0200
2d61a1f1bcb42291,auto-464e99b7c589,hoenir@5907a3b,hoenir,5907a3b,gefjon@f66a427,gefjon,f66a427,snowflake,all_official,1,0,rating,a,a,1.0,core_destroyed,56,,27,480,9,20,42,460,8,24,ok,,3.891,n-62-21-11,29052882,2026-08-08T18:04:40+0200
2d7e6615e250f791,auto-464e99b7c589,hoenir@5907a3b,hoenir,5907a3b,freyr@c2c0d3d,freyr,c2c0d3d,skerry,all_official,1,0,rating,b,b,0.0,core_destroyed,74,,8,320,9,10,8,330,8,19,ok,,3.697,n-62-12-2,29052882,2026-08-08T18:05:05+0200
2d8f4f934f75c278,auto-464e99b7c589,hoenir@5907a3b,hoenir,5907a3b,loki@9ac8974,loki,9ac8974,eider,all_official,1,0,rating,a,a,1.0,core_destroyed,88,,28,460,7,12,16,450,7,9,ok,,3.491,n-62-31-14,29052882,2026-08-08T18:05:36+0200
2d95f7ae475d0f5e,auto-464e99b7c589,freyr@c2c0d3d,freyr,c2c0d3d,hoenir@5907a3b,hoenir,5907a3b,vase,all_official,1,0,rating,b,b,0.0,core_destroyed,48,,60,0,8,5,20,80,5,12,ok,,3.131,n-62-12-4,29052882,2026-08-08T18:04:46+0200
2da05fcb3f838204,auto-464e99b7c589,hoenir@5907a3b,hoenir,5907a3b,steward_hardened_reinforced@672ee02,steward_hardened_reinforced,672ee02,duel,all_official,1,0,rating,a,a,1.0,core_destroyed,51,,9,210,8,7,4,210,9,6,ok,,3.32,n-62-29-9,29052882,2026-08-08T18:07:22+0200
2db5b3221f708999,auto-464e99b7c589,mimir@cfc1ec4,mimir,cfc1ec4,hoenir@5907a3b,hoenir,5907a3b,eider,all_official,1,0,rating,a,a,1.0,core_destroyed,119,,29,740,10,18,46,760,7,15,ok,,4.955,n-62-21-9,29052882,2026-08-08T18:05:43+0200
2dbf9fd3c9c5b2ab,auto-464e99b7c589,hoenir@5907a3b,hoenir,5907a3b,loki@832c68a,loki,832c68a,fjord,all_official,1,0,rating,b,b,0.0,core_destroyed,61,,44,390,8,17,9,390,9,13,ok,,3.431,n-62-29-34,29052882,2026-08-08T18:05:59+0200
2dc9ba9128b265ad,auto-464e99b7c589,ostara@832c68a,ostara,832c68a,hoenir@5907a3b,hoenir,5907a3b,eider,all_official,1,0,rating,b,b,0.0,core_destroyed,275,,7,1100,7,15,19,1320,7,11,ok,,4.929,n-62-29-31,29052882,2026-08-08T18:06:35+0200
2dd83aac8a931564,auto-464e99b7c589,hoenir@5907a3b,hoenir,5907a3b,steward_hardened_reinforced@a994296,steward_hardened_reinforced,a994296,sweden,all_official,1,0,rating,a,a,1.0,core_destroyed,138,,10,310,9,14,151,150,7,10,ok,,4.511,n-62-11-63,29052882,2026-08-08T18:07:55+0200
2dde94188588122d,auto-464e99b7c589,hoenir@5907a3b,hoenir,5907a3b,jonbot_190003d@90fc9f3,jonbot_190003d,90fc9f3,pinch,all_official,1,0,rating,a,a,1.0,titanium_collected,1000,,16,240,8,16,66,0,10,9,ok,,8.676,n-62-31-10,29052882,2026-08-08T18:05:28+0200
2dfbddc94b5fdbfc,auto-464e99b7c589,hoenir@5907a3b,hoenir,5907a3b,odin@93e46da,odin,93e46da,hive,all_official,1,0,rating,b,b,0.0,core_destroyed,227,,45,720,9,47,17,860,8,56,ok,,7.176,n-62-28-31,29052882,2026-08-08T18:06:45+0200
2e04937e2b988061,auto-464e99b7c589,hoenir@5907a3b,hoenir,5907a3b,jotunn@6b39ebb,jotunn,6b39ebb,crossfire,all_official,1,0,rating,a,a,1.0,core_destroyed,176,,20,880,11,28,49,590,10,12,ok,,7.125,n-62-21-97,29052882,2026-08-08T18:06:41+0200
2e2d1d86e53e6ef3,auto-464e99b7c589,forseti@37dc858,forseti,37dc858,hoenir@5907a3b,hoenir,5907a3b,longship,all_official,1,0,rating,b,b,0.0,core_destroyed,409,,9,1000,8,11,8,1000,6,12,ok,,5.404,n-62-11-50,29052882,2026-08-08T18:04:53+0200
2e38a3438eef0d4b,auto-464e99b7c589,gefn@46ac5e6,gefn,46ac5e6,hoenir@5907a3b,hoenir,5907a3b,drumlin,all_official,1,0,rating,a,a,1.0,core_destroyed,54,,18,260,7,19,9,330,7,17,ok,,3.171,n-62-21-7,29052882,2026-08-08T18:05:59+0200
2e4333033167d4df,auto-464e99b7c589,fulla@ec5aa19,fulla,ec5aa19,hoenir@5907a3b,hoenir,5907a3b,aurora,all_official,1,0,rating,b,b,0.0,core_destroyed,316,,22,360,9,2,19,770,7,13,ok,,5.966,n-62-21-1,29052882,2026-08-08T18:04:47+0200
2e7a1051d5ccc55d,auto-464e99b7c589,hoenir@5907a3b,hoenir,5907a3b,skadi@aad5f44,skadi,aad5f44,heart,all_official,1,0,rating,b,b,0.0,core_destroyed,241,,8,0,6,7,9,0,7,11,ok,,4.867,n-62-29-31,29052882,2026-08-08T18:07:32+0200
2e946e372b81bbc6,auto-464e99b7c589,hoenir@5907a3b,hoenir,5907a3b,magni@3677a66,magni,3677a66,showdown,all_official,1,0,rating,a,a,1.0,core_destroyed,98,,6,160,6,13,8,190,6,16,ok,,3.149,n-62-21-89,29052882,2026-08-08T18:06:10+0200
2eb8b00e6333af2e,auto-464e99b7c589,freyr@c2c0d3d,freyr,c2c0d3d,hoenir@5907a3b,hoenir,5907a3b,skerry,all_official,1,0,rating,b,b,0.0,core_destroyed,150,,8,450,8,11,18,710,9,10,ok,,4.22,n-62-12-2,29052882,2026-08-08T18:05:10+0200
2ebd2ab6637e4355,auto-464e99b7c589,hoenir@5907a3b,hoenir,5907a3b,spar_mender@d5b46bc,spar_mender,d5b46bc,antler,all_official,1,0,rating,a,a,1.0,core_destroyed,67,,5,280,8,8,9,160,8,5,ok,,3.009,n-62-11-66,29052882,2026-08-08T18:07:54+0200
2ebeafea3e08e4b7,auto-464e99b7c589,hoenir@5907a3b,hoenir,5907a3b,mjolnir@2e6c876,mjolnir,2e6c876,eider,all_official,1,0,rating,b,b,0.0,core_destroyed,413,,8,1010,6,7,2,1990,9,18,ok,,7.503,n-62-21-18,29052882,2026-08-08T18:05:57+0200
2ec136069ea2a9ce,auto-464e99b7c589,bifrost@c70c467,bifrost,c70c467,hoenir@5907a3b,hoenir,5907a3b,runestone,all_official,1,0,rating,a,a,1.0,core_destroyed,337,,10,60,8,8,10,270,7,5,ok,,6.095,n-62-29-13,29052882,2026-08-08T18:04:48+0200
2eca933d01b2b3a7,auto-464e99b7c589,hoenir@5907a3b,hoenir,5907a3b,sif@3fc5cd8,sif,3fc5cd8,hive,all_official,1,0,rating,b,b,0.0,core_destroyed,145,,28,340,5,21,9,630,11,21,ok,,5.697,n-62-21-92,29052882,2026-08-08T18:06:48+0200
2ecd68a08567a014,auto-464e99b7c589,hoenir@5907a3b,hoenir,5907a3b,odin@93e46da,odin,93e46da,crossfire,all_official,1,0,rating,a,a,1.0,core_destroyed,311,,51,1500,11,19,48,1470,10,12,ok,,9.854,n-62-28-28,29052882,2026-08-08T18:06:30+0200
2ef45d61e5d108b2,auto-464e99b7c589,hoenir@5907a3b,hoenir,5907a3b,prospect_rushonly@bf9b3e3,prospect_rushonly,bf9b3e3,quarry,all_official,1,0,rating,b,b,0.0,core_destroyed,83,,70,160,6,17,20,330,7,12,ok,,3.517,n-62-31-22,29052882,2026-08-08T18:06:49+0200
2f16eb3ac0a393a1,auto-464e99b7c589,prospect@bf9b3e3,prospect,bf9b3e3,hoenir@5907a3b,hoenir,5907a3b,fjord,all_official,1,0,rating,b,b,0.0,core_destroyed,60,,17,250,10,7,29,380,9,14,ok,,3.263,n-62-31-21,29052882,2026-08-08T18:06:17+0200
2f23bba9e9f76e1f,auto-464e99b7c589,hoenir@5907a3b,hoenir,5907a3b,prospect_rushonly@bf9b3e3,prospect_rushonly,bf9b3e3,sprint,all_official,1,0,rating,a,a,1.0,core_destroyed,166,,9,390,7,6,8,240,6,7,ok,,3.293,n-62-11-67,29052882,2026-08-08T18:06:18+0200
2f78d5dae3ef2b07,auto-464e99b7c589,steward_hardened_reinforced@672ee02,steward_hardened_reinforced,672ee02,hoenir@5907a3b,hoenir,5907a3b,moonrise,all_official,1,0,rating,a,a,1.0,core_destroyed,83,,25,420,7,15,7,30,5,6,ok,,3.13,n-62-31-23,29052882,2026-08-08T18:07:29+0200
2f965d49bdbf5306,auto-464e99b7c589,hoenir@5907a3b,hoenir,5907a3b,freyr@c2c0d3d,freyr,c2c0d3d,vase,all_official,1,0,rating,a,a,1.0,core_destroyed,279,,10,0,6,7,85,110,8,2,ok,,7.115,n-62-12-4,29052882,2026-08-08T18:04:43+0200
2fabb8b349107f3c,auto-464e99b7c589,hoenir@5907a3b,hoenir,5907a3b,ragnarok_fair@79582fc,ragnarok_fair,79582fc,duel,all_official,1,0,rating,a,a,1.0,core_destroyed,81,,22,360,6,9,10,360,8,7,ok,,3.191,n-62-11-52,29052882,2026-08-08T18:07:16+0200
2fb166392f5f5bdf,auto-464e99b7c589,steward_hardened_reinforced@cdc552f,steward_hardened_reinforced,cdc552f,hoenir@5907a3b,hoenir,5907a3b,hive,all_official,1,0,rating,b,b,0.0,core_destroyed,97,,60,220,7,9,19,390,7,15,ok,,5.179,n-62-28-33,29052882,2026-08-08T18:07:46+0200
2fdabc6ba8226a0a,auto-464e99b7c589,hoenir@5907a3b,hoenir,5907a3b,casemate_oracle@90fc9f3,casemate_oracle,90fc9f3,pinch,all_official,1,0,rating,a,a,1.0,core_destroyed,108,,20,250,8,14,352,0,4,5,ok,,4.09,n-62-29-31,29052882,2026-08-08T18:04:49+0200
2ff4c73db3bf125f,auto-464e99b7c589,spar_mender@d5b46bc,spar_mender,d5b46bc,hoenir@5907a3b,hoenir,5907a3b,hive,all_official,1,0,rating,b,b,0.0,core_destroyed,124,,118,140,7,19,30,720,8,37,ok,,4.287,n-62-31-8,29052882,2026-08-08T18:07:19+0200
2ff5d27210a187e5,auto-464e99b7c589,pantheon_replica_day3@aa8bae0,pantheon_replica_day3,aa8bae0,hoenir@5907a3b,hoenir,5907a3b,archipelago,all_official,1,0,rating,b,b,0.0,core_destroyed,54,,29,240,9,16,29,240,7,23,ok,,3.383,n-62-29-27,29052882,2026-08-08T18:06:54+0200
2ff5df86a9a44722,auto-464e99b7c589,hoenir@5907a3b,hoenir,5907a3b,odin@93e46da,odin,93e46da,skerry,all_official,1,0,rating,a,a,1.0,core_destroyed,85,,8,520,9,13,1,340,8,25,ok,,3.659,n-62-29-13,29052882,2026-08-08T18:06:13+0200
3013e8dfbe5b17d7,auto-464e99b7c589,hoenir@5907a3b,hoenir,5907a3b,casemate_oracle@90fc9f3,casemate_oracle,90fc9f3,twins,all_official,1,0,rating,a,a,1.0,core_destroyed,133,,8,310,8,12,204,0,4,24,ok,,5.917,n-62-29-27,29052882,2026-08-08T18:05:14+0200
30405bd7f652a465,auto-464e99b7c589,fulla@ec5aa19,fulla,ec5aa19,hoenir@5907a3b,hoenir,5907a3b,string,all_official,1,0,rating,a,a,1.0,titanium_collected,1000,,4143,7210,12,14,241,2510,13,13,ok,,37.223,n-62-21-9,29052882,2026-08-08T18:05:17+0200
308475be549e97bc,auto-464e99b7c589,gefjon@f66a427,gefjon,f66a427,hoenir@5907a3b,hoenir,5907a3b,hive,all_official,1,0,rating,a,a,1.0,core_destroyed,92,,41,470,9,30,38,470,8,32,ok,,4.511,n-62-21-17,29052882,2026-08-08T18:05:10+0200
3089d406ad16e98b,auto-464e99b7c589,hoenir@5907a3b,hoenir,5907a3b,bastion@840a180,bastion,840a180,runestone,all_official,1,0,rating,a,a,1.0,core_destroyed,143,,10,330,8,8,9,70,8,5,ok,,4.433,n-62-31-11,29052882,2026-08-08T18:05:08+0200
30971b098d60253f,auto-464e99b7c589,hoenir@5907a3b,hoenir,5907a3b,spar_mender@d5b46bc,spar_mender,d5b46bc,aurora,all_official,1,0,rating,a,a,1.0,core_destroyed,181,,10,840,7,23,61,190,8,7,ok,,4.071,n-62-11-63,29052882,2026-08-08T18:07:10+0200
30ffcbd9d761bcc4,auto-464e99b7c589,e_t4l7@9e77076,e_t4l7,9e77076,hoenir@5907a3b,hoenir,5907a3b,fjordgate,all_official,1,0,rating,a,a,1.0,titanium_collected,1000,,4588,4950,8,13,20,2480,7,8,ok,,7.724,n-62-30-23,29052882,2026-08-08T18:04:46+0200
3108fc86277f1b76,auto-464e99b7c589,jonbot@90fc9f3,jonbot,90fc9f3,hoenir@5907a3b,hoenir,5907a3b,hive,all_official,1,0,rating,b,b,0.0,core_destroyed,99,,501,210,4,15,12,400,9,28,ok,,3.701,n-62-11-60,29052882,2026-08-08T18:05:27+0200
310c4fd885c61921,auto-464e99b7c589,hoenir@5907a3b,hoenir,5907a3b,spar_mender@7ed1acc,spar_mender,7ed1acc,hive,all_official,1,0,rating,a,a,1.0,core_destroyed,104,,20,240,8,24,21,240,11,27,ok,,4.76,n-62-31-14,29052882,2026-08-08T18:07:45+0200
311e4c5068a79104,auto-464e99b7c589,forseti@37dc858,forseti,37dc858,hoenir@5907a3b,hoenir,5907a3b,pinch,all_official,1,0,rating,b,b,0.0,core_destroyed,345,,9,100,8,1,9,840,7,10,ok,,4.107,n-62-11-51,29052882,2026-08-08T18:04:44+0200
31682cfb146e02be,auto-464e99b7c589,spar_mender@7ed1acc,spar_mender,7ed1acc,hoenir@5907a3b,hoenir,5907a3b,antler,all_official,1,0,rating,b,b,0.0,core_destroyed,243,,2,1390,9,16,40,1760,13,25,ok,,8.415,n-62-31-20,29052882,2026-08-08T18:07:12+0200
3170637cc14aba78,auto-464e99b7c589,casemate_oracle@90fc9f3,casemate_oracle,90fc9f3,hoenir@5907a3b,hoenir,5907a3b,archipelago,all_official,1,0,rating,b,b,0.0,core_destroyed,60,,306,0,4,13,20,270,7,24,ok,,3.071,n-62-29-16,29052882,2026-08-08T18:05:13+0200
317ac1eed12506a1,auto-464e99b7c589,hoenir@5907a3b,hoenir,5907a3b,pantheon_replica_day3@aa8bae0,pantheon_replica_day3,aa8bae0,skerry,all_official,1,0,rating,a,a,1.0,core_destroyed,48,,18,200,9,10,20,180,9,8,ok,,3.795,n-62-30-24,29052882,2026-08-08T18:06:37+0200
31aa7badb0718ae6,auto-464e99b7c589,casemate_oracle@90fc9f3,casemate_oracle,90fc9f3,hoenir@5907a3b,hoenir,5907a3b,fjord,all_official,1,0,rating,b,b,0.0,core_destroyed,133,,242,0,5,4,10,630,9,20,ok,,6.508,n-62-29-24,29052882,2026-08-08T18:04:55+0200
31ad2e4f643ebc19,auto-464e99b7c589,spar_mender@7ed1acc,spar_mender,7ed1acc,hoenir@5907a3b,hoenir,5907a3b,quarry,all_official,1,0,rating,a,a,1.0,core_destroyed,139,,8,590,13,30,7,0,8,5,ok,,5.327,n-62-11-68,29052882,2026-08-08T18:07:10+0200
31b158157968da3c,auto-464e99b7c589,heimdall@daf0de0,heimdall,daf0de0,hoenir@5907a3b,hoenir,5907a3b,vase,all_official,1,0,rating,b,b,0.0,core_destroyed,695,,1576,1700,5,6,59,1700,11,7,ok,,11.687,n-62-21-52,29052882,2026-08-08T18:04:52+0200
31bd5dd68e4102cf,auto-464e99b7c589,mjolnir@2e6c876,mjolnir,2e6c876,hoenir@5907a3b,hoenir,5907a3b,vault,all_official,1,0,rating,b,b,0.0,core_destroyed,132,,49,500,8,36,20,620,14,21,ok,,6.556,n-62-11-67,29052882,2026-08-08T18:05:58+0200
31c9ca514d5018e3,auto-464e99b7c589,hoenir@5907a3b,hoenir,5907a3b,njord@f66a427,njord,f66a427,fjord,all_official,1,0,rating,a,a,1.0,core_destroyed,64,,49,420,8,18,17,390,9,14,ok,,3.719,n-62-11-60,29052882,2026-08-08T18:05:52+0200
31fbce03bb620940,auto-464e99b7c589,janus@8a1e7a1,janus,8a1e7a1,hoenir@5907a3b,hoenir,5907a3b,drumlin,all_official,1,0,rating,b,b,0.0,core_destroyed,58,,8,180,7,14,9,220,8,16,ok,,3.189,n-62-21-64,29052882,2026-08-08T18:05:18+0200
31fcc6b0faf4c757,auto-464e99b7c589,spork@05ab6a2,spork,05ab6a2,hoenir@5907a3b,hoenir,5907a3b,nordkap,all_official,1,0,rating,a,a,1.0,core_destroyed,54,,8,230,7,14,4,100,8,9,ok,,3.101,n-62-11-58,29052882,2026-08-08T18:07:40+0200
3203e74d8c1276cc,auto-464e99b7c589,mjolnir@2e6c876,mjolnir,2e6c876,hoenir@5907a3b,hoenir,5907a3b,vase,all_official,1,0,rating,b,b,0.0,core_destroyed,597,,30,0,7,0,60,530,10,7,ok,,7.664,n-62-31-23,29052882,2026-08-08T18:07:49+0200
3208505fe125d25f,auto-464e99b7c589,hoenir@5907a3b,hoenir,5907a3b,pantheon_replica_day3@aa8bae0,pantheon_replica_day3,aa8bae0,sweden,all_official,1,0,rating,a,a,1.0,titanium_collected,1000,,30,2460,18,14,18,90,4,10,ok,,32.825,n-62-31-17,29052882,2026-08-08T18:07:01+0200
321beac7dfb6e4ba,auto-464e99b7c589,hoenir@5907a3b,hoenir,5907a3b,mimir@cfc1ec4,mimir,cfc1ec4,fjordgate,all_official,1,0,rating,a,a,1.0,core_destroyed,222,,10,1040,6,25,28,10,2,3,ok,,4.175,n-62-21-9,29052882,2026-08-08T18:05:56+0200
3254558541d4e465,auto-464e99b7c589,hoenir@5907a3b,hoenir,5907a3b,fulla@ec5aa19,fulla,ec5aa19,sprint,all_official,1,0,rating,b,b,0.0,core_destroyed,187,,7,20,7,4,19,440,6,6,ok,,4.062,n-62-21-6,29052882,2026-08-08T18:05:07+0200
326764669c139b2a,auto-464e99b7c589,hoenir@5907a3b,hoenir,5907a3b,jonbot_190003d@90fc9f3,jonbot_190003d,90fc9f3,fjord,all_official,1,0,rating,a,a,1.0,core_destroyed,83,,10,550,9,23,300,190,7,6,ok,,4.604,n-62-21-92,29052882,2026-08-08T18:05:23+0200
32688e6e2e6e8362,auto-464e99b7c589,hoenir@5907a3b,hoenir,5907a3b,njord@f66a427,njord,f66a427,snowflake,all_official,1,0,rating,a,a,1.0,core_destroyed,65,,30,600,11,18,7,140,8,11,ok,,3.552,n-62-11-66,29052882,2026-08-08T18:06:00+0200
3281b0a6c579236d,auto-464e99b7c589,hoenir@5907a3b,hoenir,5907a3b,snotra@34b0ce8,snotra,34b0ce8,drumlin,all_official,1,0,rating,a,a,1.0,core_destroyed,54,,18,260,7,19,9,330,7,17,ok,,2.988,n-62-29-29,29052882,2026-08-08T18:06:51+0200
328c911ff43754b3,auto-464e99b7c589,hoenir@5907a3b,hoenir,5907a3b,jotunn@6b39ebb,jotunn,6b39ebb,heart,all_official,1,0,rating,b,b,0.0,titanium_collected,1000,,76,0,14,29,531,4220,12,59,ok,,37.24,n-62-28-33,29052882,2026-08-08T18:05:57+0200
32ae00507a5f7a54,auto-464e99b7c589,gefjon@f66a427,gefjon,f66a427,hoenir@5907a3b,hoenir,5907a3b,meander,all_official,1,0,rating,a,a,1.0,core_destroyed,154,,87,1270,7,53,22,70,7,18,ok,,5.299,n-62-21-24,29052882,2026-08-08T18:04:56+0200
32f2c7f43422d827,auto-464e99b7c589,gobbleglitch@6cdc440,gobbleglitch,6cdc440,hoenir@5907a3b,hoenir,5907a3b,nordkap,all_official,1,0,rating,b,b,0.0,core_destroyed,89,,60,0,7,3,9,190,9,5,ok,,2.671,n-62-12-64,29052882,2026-08-08T18:05:02+0200
32fcd6b05baa5dc2,auto-464e99b7c589,steward_hardened_reinforced@cdc552f,steward_hardened_reinforced,cdc552f,hoenir@5907a3b,hoenir,5907a3b,moonrise,all_official,1,0,rating,a,a,1.0,core_destroyed,301,,10,620,12,9,9,30,5,2,ok,,6.713,n-62-29-15,29052882,2026-08-08T18:07:46+0200
3347995a5cb51845,auto-464e99b7c589,prospect_rushonly@bf9b3e3,prospect_rushonly,bf9b3e3,hoenir@5907a3b,hoenir,5907a3b,crossfire,all_official,1,0,rating,b,b,0.0,core_destroyed,93,,10,220,7,11,9,100,9,4,ok,,3.336,n-62-31-24,29052882,2026-08-08T18:07:07+0200
334ddb71bab91073,auto-464e99b7c589,hoenir@5907a3b,hoenir,5907a3b,mimir@cfc1ec4,mimir,cfc1ec4,longship,all_official,1,0,rating,a,a,1.0,core_destroyed,69,,9,220,9,10,28,150,6,19,ok,,3.707,n-62-21-17,29052882,2026-08-08T18:06:14+0200
33589edb0df52f25,auto-464e99b7c589,hoenir@5907a3b,hoenir,5907a3b,steward_hardened_reinforced@a994296,steward_hardened_reinforced,a994296,heart,all_official,1,0,rating,b,b,0.0,core_destroyed,493,,10,0,8,3,9,0,6,2,ok,,6.329,n-62-11-60,29052882,2026-08-08T18:07:54+0200
33747281391773af,auto-464e99b7c589,hoenir@5907a3b,hoenir,5907a3b,forseti@37dc858,forseti,37dc858,lighthouse,all_official,1,0,rating,b,b,0.0,core_destroyed,161,,7,390,8,7,20,740,7,14,ok,,3.652,n-62-11-50,29052882,2026-08-08T18:04:39+0200
337a8de5cf79ec38,auto-464e99b7c589,heimdall@daf0de0,heimdall,daf0de0,hoenir@5907a3b,hoenir,5907a3b,eider,all_official,1,0,rating,b,b,0.0,titanium_collected,1000,,16,90,8,8,18,450,9,10,ok,,14.466,n-62-21-65,29052882,2026-08-08T18:05:09+0200
3388211bc2d51470,auto-464e99b7c589,bifrost@c70c467,bifrost,c70c467,hoenir@5907a3b,hoenir,5907a3b,aurora,all_official,1,0,rating,b,b,0.0,core_destroyed,309,,9,360,7,2,9,750,7,12,ok,,5.5,n-62-28-28,29052882,2026-08-08T18:05:03+0200
339044df0de389de,auto-464e99b7c589,hoenir@5907a3b,hoenir,5907a3b,janus@8a1e7a1,janus,8a1e7a1,twins,all_official,1,0,rating,a,a,1.0,core_destroyed,216,,19,520,8,18,16,140,6,2,ok,,4.067,n-62-31-22,29052882,2026-08-08T18:05:17+0200
3390e8afdff1607e,auto-464e99b7c589,gobbleglitch@6cdc440,gobbleglitch,6cdc440,hoenir@5907a3b,hoenir,5907a3b,snowflake,all_official,1,0,rating,b,b,0.0,core_destroyed,277,,913,1360,10,17,8,670,7,33,ok,,4.636,n-62-12-66,29052882,2026-08-08T18:04:49+0200
339b6c077f7637ea,auto-464e99b7c589,pantheon_replica_day3@aa8bae0,pantheon_replica_day3,aa8bae0,hoenir@5907a3b,hoenir,5907a3b,moonrise,all_official,1,0,rating,a,a,1.0,core_destroyed,167,,10,390,7,9,25,180,5,6,ok,,3.234,n-62-30-25,29052882,2026-08-08T18:06:13+0200
339bf823da900a04,auto-464e99b7c589,hoenir@5907a3b,hoenir,5907a3b,gefjon@f66a427,gefjon,f66a427,hive,all_official,1,0,rating,b,b,0.0,core_destroyed,184,,33,440,5,21,28,830,11,21,ok,,5.856,n-62-21-17,29052882,2026-08-08T18:05:06+0200
33a545d847690af4,auto-464e99b7c589,jonbot@90fc9f3,jonbot,90fc9f3,hoenir@5907a3b,hoenir,5907a3b,strait,all_official,1,0,rating,b,b,0.0,core_destroyed,196,,44,0,7,7,20,900,9,22,ok,,4.777,n-62-11-62,29052882,2026-08-08T18:05:24+0200
33b50d23565a9d0b,auto-464e99b7c589,heimdall@daf0de0,heimdall,daf0de0,hoenir@5907a3b,hoenir,5907a3b,saga,all_official,1,0,rating,b,b,0.0,core_destroyed,76,,51,510,8,41,44,290,7,30,ok,,3.69,n-62-21-50,29052882,2026-08-08T18:04:52+0200
33bd0bf78de091a2,auto-464e99b7c589,hoenir@5907a3b,hoenir,5907a3b,spork@05ab6a2,spork,05ab6a2,twins,all_official,1,0,rating,a,a,1.0,core_destroyed,81,,6,180,9,7,10,260,9,10,ok,,4.389,n-62-28-31,29052882,2026-08-08T18:07:05+0200
33c20606cba7a25f,auto-464e99b7c589,hoenir@5907a3b,hoenir,5907a3b,steward_hardened_reinforced@cdc552f,steward_hardened_reinforced,cdc552f,vault,all_official,1,0,rating,b,b,0.0,core_destroyed,130,,9,590,12,18,11,610,12,21,ok,,7.658,n-62-31-5,29052882,2026-08-08T18:07:47+0200
33d40076640f18ff,auto-464e99b7c589,sif@3fc5cd8,sif,3fc5cd8,hoenir@5907a3b,hoenir,5907a3b,longship,all_official,1,0,rating,a,a,1.0,core_destroyed,129,,10,600,8,26,6,120,7,12,ok,,3.733,n-62-11-50,29052882,2026-08-08T18:06:30+0200
33dcac271dd395ec,auto-464e99b7c589,magni@3677a66,magni,3677a66,hoenir@5907a3b,hoenir,5907a3b,lighthouse,all_official,1,0,rating,a,a,1.0,core_destroyed,417,,9,440,8,9,10,230,7,9,ok,,4.317,n-62-11-58,29052882,2026-08-08T18:05:35+0200
341c604a6ae61e1d,auto-464e99b7c589,hoenir@5907a3b,hoenir,5907a3b,steward_hardened_reinforced@366cd1b,steward_hardened_reinforced,366cd1b,fjord,all_official,1,0,rating,a,a,1.0,core_destroyed,64,,49,420,8,18,17,390,9,14,ok,,4.231,n-62-29-16,29052882,2026-08-08T18:07:10+0200
34447c3d95e698a0,auto-464e99b7c589,hoenir@5907a3b,hoenir,5907a3b,gobbleglitch@6cdc440,gobbleglitch,6cdc440,heart,all_official,1,0,rating,a,a,1.0,core_destroyed,81,,9,140,8,9,60,0,5,10,ok,,2.69,n-62-13-7,29052882,2026-08-08T18:04:51+0200
345c2fb5b365e051,auto-464e99b7c589,steward_hardened_reinforced@deba9ec,steward_hardened_reinforced,deba9ec,hoenir@5907a3b,hoenir,5907a3b,sweden,all_official,1,0,rating,b,b,0.0,core_destroyed,113,,36,0,10,18,60,240,9,21,ok,,4.877,n-62-29-31,29052882,2026-08-08T18:07:52+0200
34818882fe9b5d8f,auto-464e99b7c589,mimir@cfc1ec4,mimir,cfc1ec4,hoenir@5907a3b,hoenir,5907a3b,fjord,all_official,1,0,rating,b,b,0.0,core_destroyed,97,,40,530,8,15,24,660,8,19,ok,,4.643,n-62-21-9,29052882,2026-08-08T18:05:51+0200
3484f218d2ee7db7,auto-464e99b7c589,hoenir@5907a3b,hoenir,5907a3b,skadi@821d792,skadi,821d792,saga,all_official,1,0,rating,b,b,0.0,core_destroyed,298,,127,1350,7,29,6,1410,8,34,ok,,7.782,n-62-29-16,29052882,2026-08-08T18:06:58+0200
348967039e0f480c,auto-464e99b7c589,hoenir@5907a3b,hoenir,5907a3b,jonbot_190003d@90fc9f3,jonbot_190003d,90fc9f3,runestone,all_official,1,0,rating,a,a,1.0,core_destroyed,227,,20,900,8,23,54,0,9,8,ok,,8.615,n-62-31-10,29052882,2026-08-08T18:05:54+0200
349363ba29c7abb9,auto-464e99b7c589,ostara@832c68a,ostara,832c68a,hoenir@5907a3b,hoenir,5907a3b,drumlin,all_official,1,0,rating,b,b,0.0,core_destroyed,59,,40,380,7,30,53,450,7,22,ok,,3.25,n-62-29-31,29052882,2026-08-08T18:06:19+0200
34b393381259f43b,auto-464e99b7c589,steward_hardened_reinforced@a994296,steward_hardened_reinforced,a994296,hoenir@5907a3b,hoenir,5907a3b,sprint,all_official,1,0,rating,a,a,1.0,core_destroyed,349,,9,20,6,3,10,90,7,1,ok,,3.664,n-62-11-62,29052882,2026-08-08T18:07:52+0200
34bae3b5d382db8e,auto-464e99b7c589,gefn@46ac5e6,gefn,46ac5e6,hoenir@5907a3b,hoenir,5907a3b,saga,all_official,1,0,rating,a,a,1.0,core_destroyed,116,,18,440,9,24,20,510,7,26,ok,,5.35,n-62-21-16,29052882,2026-08-08T18:04:47+0200
34c4c4180c9bc934,auto-464e99b7c589,steward_hardened_reinforced@cdc552f,steward_hardened_reinforced,cdc552f,hoenir@5907a3b,hoenir,5907a3b,duel,all_official,1,0,rating,b,b,0.0,core_destroyed,58,,8,240,8,5,19,260,8,6,ok,,2.943,n-62-28-31,29052882,2026-08-08T18:07:41+0200
34d1a1bcede7f858,auto-464e99b7c589,bastion@840a180,bastion,840a180,hoenir@5907a3b,hoenir,5907a3b,fjord,all_official,1,0,rating,a,a,1.0,core_destroyed,60,,11,230,7,8,14,260,8,8,ok,,3.129,n-62-31-9,29052882,2026-08-08T18:04:43+0200
34f683544ef2376a,auto-464e99b7c589,hoenir@5907a3b,hoenir,5907a3b,sif@3fc5cd8,sif,3fc5cd8,drumlin,all_official,1,0,rating,a,a,1.0,core_destroyed,87,,59,770,8,23,7,340,5,19,ok,,3.457,n-62-11-64,29052882,2026-08-08T18:06:30+0200
353701f21d0acbdc,auto-464e99b7c589,hoenir@5907a3b,hoenir,5907a3b,gobbleglitch@6cdc440,gobbleglitch,6cdc440,moonrise,all_official,1,0,rating,a,a,1.0,core_destroyed,145,,10,390,8,12,60,0,3,10,ok,,2.297,n-62-12-64,29052882,2026-08-08T18:04:54+0200
3578aad6f6988221,auto-464e99b7c589,hoenir@5907a3b,hoenir,5907a3b,prospect@bf9b3e3,prospect,bf9b3e3,antler,all_official,1,0,rating,a,a,1.0,core_destroyed,151,,8,450,7,8,9,550,8,4,ok,,3.421,n-62-31-4,29052882,2026-08-08T18:06:22+0200
3580d6f32346cd31,auto-464e99b7c589,hoenir@5907a3b,hoenir,5907a3b,njord@f66a427,njord,f66a427,sweden,all_official,1,0,rating,a,a,1.0,core_destroyed,318,,60,760,12,14,74,150,9,10,ok,,8.982,n-62-11-63,29052882,2026-08-08T18:05:58+0200
35bcbe4f01518a48,auto-464e99b7c589,e_t4l7@9e77076,e_t4l7,9e77076,hoenir@5907a3b,hoenir,5907a3b,drumlin,all_official,1,0,rating,b,b,0.0,core_destroyed,115,,205,460,6,16,83,1150,9,29,ok,,3.893,n-62-29-5,29052882,2026-08-08T18:05:02+0200
35bd49311d11fb49,auto-464e99b7c589,hoenir@5907a3b,hoenir,5907a3b,freyr@c2c0d3d,freyr,c2c0d3d,string,all_official,1,0,rating,a,a,1.0,core_destroyed,78,,16,190,5,3,12,180,9,2,ok,,2.718,n-62-12-3,29052882,2026-08-08T18:04:55+0200
35cc4cc5b429c374,auto-464e99b7c589,skadi@1e4eddf,skadi,1e4eddf,hoenir@5907a3b,hoenir,5907a3b,pinch,all_official,1,0,rating,b,b,0.0,core_destroyed,200,,16,220,9,8,20,480,5,26,ok,,3.908,n-62-11-51,29052882,2026-08-08T18:06:53+0200
35dbe4d18e6bf458,auto-464e99b7c589,snotra_h@4437c29,snotra_h,4437c29,hoenir@5907a3b,hoenir,5907a3b,moonrise,all_official,1,0,rating,a,a,1.0,core_destroyed,111,,16,480,7,16,7,50,6,5,ok,,4.019,n-62-11-67,29052882,2026-08-08T18:06:56+0200
35eeac62745b37fa,auto-464e99b7c589,jonbot_190003d@90fc9f3,jonbot_190003d,90fc9f3,hoenir@5907a3b,hoenir,5907a3b,jackpot,all_official,1,0,rating,b,b,0.0,core_destroyed,73,,389,140,6,6,13,150,8,12,ok,,3.07,n-62-21-92,29052882,2026-08-08T18:06:03+0200
35ef439c051d2b44,auto-464e99b7c589,hoenir@5907a3b,hoenir,5907a3b,skadi@821d792,skadi,821d792,aurora,all_official,1,0,rating,a,a,1.0,core_destroyed,135,,19,620,8,23,4,470,10,13,ok,,4.798,n-62-11-55,29052882,2026-08-08T18:06:55+0200
360c9bf7d3004352,auto-464e99b7c589,odin@93e46da,odin,93e46da,hoenir@5907a3b,hoenir,5907a3b,vault,all_official,1,0,rating,a,a,1.0,core_destroyed,139,,7,330,9,22,64,650,13,19,ok,,6.155,n-62-29-15,29052882,2026-08-08T18:07:34+0200
36457972665db03b,auto-464e99b7c589,hoenir@5907a3b,hoenir,5907a3b,jonbot_190003d@90fc9f3,jonbot_190003d,90fc9f3,aurora,all_official,1,0,rating,a,a,1.0,core_destroyed,84,,18,360,9,23,444,250,5,11,ok,,3.4,n-62-11-63,29052882,2026-08-08T18:05:57+0200
36510f01ac64201f,auto-464e99b7c589,prospect_rushonly@bf9b3e3,prospect_rushonly,bf9b3e3,hoenir@5907a3b,hoenir,5907a3b,sprint,all_official,1,0,rating,b,b,0.0,core_destroyed,167,,7,30,5,10,48,400,8,6,ok,,3.531,n-62-11-67,29052882,2026-08-08T18:06:22+0200
36642d827d138d02,auto-464e99b7c589,hoenir@5907a3b,hoenir,5907a3b,pantheon_replica_day3@aa8bae0,pantheon_replica_day3,aa8bae0,jackpot,all_official,1,0,rating,a,a,1.0,core_destroyed,149,,153,690,11,20,434,430,6,18,ok,,4.914,n-62-30-23,29052882,2026-08-08T18:06:25+0200
3668c37ef13e9022,auto-464e99b7c589,skadi@6a2af02,skadi,6a2af02,hoenir@5907a3b,hoenir,5907a3b,fjord,all_official,1,0,rating,a,a,1.0,core_destroyed,115,,7,530,8,23,9,790,12,19,ok,,5.503,n-62-28-31,29052882,2026-08-08T18:06:42+0200
366fc8ae6b2d7bff,auto-464e99b7c589,hoenir@5907a3b,hoenir,5907a3b,spork@05ab6a2,spork,05ab6a2,saga,all_official,1,0,rating,a,a,1.0,core_destroyed,85,,17,280,9,26,9,410,8,42,ok,,4.496,n-62-21-89,29052882,2026-08-08T18:07:35+0200
367a4442306096ee,auto-464e99b7c589,hoenir@5907a3b,hoenir,5907a3b,fenrir2@6b39ebb,fenrir2,6b39ebb,nordkap,all_official,1,0,rating,a,a,1.0,core_destroyed,93,,9,150,9,4,10,210,7,9,ok,,3.96,n-62-31-14,29052882,2026-08-08T18:04:47+0200
36b37f55a59ebb48,auto-464e99b7c589,hoenir@5907a3b,hoenir,5907a3b,e_t4l7@9e77076,e_t4l7,9e77076,pinch,all_official,1,0,rating,b,b,0.0,titanium_collected,1000,,18,2480,8,14,6778,7340,10,29,ok,,9.941,n-62-30-24,29052882,2026-08-08T18:05:39+0200
36d07328eebe64d7,auto-464e99b7c589,hoenir@5907a3b,hoenir,5907a3b,jonbot_190003d@90fc9f3,jonbot_190003d,90fc9f3,saga,all_official,1,0,rating,a,a,1.0,core_destroyed,533,,9,100,8,20,60,0,7,1,ok,,7.15,n-62-31-10,29052882,2026-08-08T18:06:05+0200
36d0e37a5b9c8215,auto-464e99b7c589,hoenir@5907a3b,hoenir,5907a3b,steward_hardened_reinforced@f1f2bda,steward_hardened_reinforced,f1f2bda,sprint,all_official,1,0,rating,b,b,0.0,core_destroyed,187,,7,20,7,4,17,440,6,6,ok,,3.527,n-62-29-5,29052882,2026-08-08T18:07:50+0200
36e250ec716ef935,auto-464e99b7c589,fulla@ec5aa19,fulla,ec5aa19,hoenir@5907a3b,hoenir,5907a3b,twins,all_official,1,0,rating,b,b,0.0,core_destroyed,386,,14,940,9,5,6,930,8,9,ok,,5.588,n-62-21-9,29052882,2026-08-08T18:05:52+0200
36f7b3ad061745bc,auto-464e99b7c589,hoenir@5907a3b,hoenir,5907a3b,njord@f66a427,njord,f66a427,fjordgate,all_official,1,0,rating,a,a,1.0,core_destroyed,222,,10,1040,6,25,28,10,2,3,ok,,4.182,n-62-11-60,29052882,2026-08-08T18:06:01+0200
37008ba4c0d6b069,auto-464e99b7c589,hoenir@5907a3b,hoenir,5907a3b,maporacle@38e1456,maporacle,38e1456,drumlin,all_official,1,0,rating,a,a,1.0,core_destroyed,77,,28,640,8,23,1,430,8,24,ok,,3.736,n-62-12-1,29052882,2026-08-08T18:05:33+0200
37012b25697ed0d7,auto-464e99b7c589,hoenir@5907a3b,hoenir,5907a3b,spar_mender@d5b46bc,spar_mender,d5b46bc,lighthouse,all_official,1,0,rating,a,a,1.0,core_destroyed,94,,6,400,9,9,8,140,8,4,ok,,3.955,n-62-31-8,29052882,2026-08-08T18:07:36+0200
371f1d3c14a378cd,auto-464e99b7c589,hoenir@5907a3b,hoenir,5907a3b,jonbot@90fc9f3,jonbot,90fc9f3,showdown,all_official,1,0,rating,a,a,1.0,core_destroyed,870,,10,50,6,15,1228,0,5,19,ok,,6.379,n-62-11-66,29052882,2026-08-08T18:05:31+0200
373d2c5a097c6b47,auto-464e99b7c589,hoenir@5907a3b,hoenir,5907a3b,steward_hardened_reinforced@04300bf,steward_hardened_reinforced,04300bf,pinch,all_official,1,0,rating,a,a,1.0,core_destroyed,161,,10,380,8,11,9,160,8,4,ok,,3.264,n-62-11-55,29052882,2026-08-08T18:07:31+0200
37421eb95e61cc5a,auto-464e99b7c589,gobbleglitch@6cdc440,gobbleglitch,6cdc440,hoenir@5907a3b,hoenir,5907a3b,antler,all_official,1,0,rating,b,b,0.0,core_destroyed,134,,58,0,3,0,32,980,12,25,ok,,4.232,n-62-21-23,29052882,2026-08-08T18:04:55+0200
37535c5f0eb1d130,auto-464e99b7c589,hoenir@5907a3b,hoenir,5907a3b,loki@9ac8974,loki,9ac8974,strait,all_official,1,0,rating,a,a,1.0,core_destroyed,92,,29,550,8,24,18,390,9,16,ok,,3.906,n-62-11-55,29052882,2026-08-08T18:05:30+0200
375b98b195ee5db8,auto-464e99b7c589,fulla@ec5aa19,fulla,ec5aa19,hoenir@5907a3b,hoenir,5907a3b,saga,all_official,1,0,rating,a,a,1.0,core_destroyed,116,,18,440,9,24,20,510,7,26,ok,,5.693,n-62-21-4,29052882,2026-08-08T18:05:35+0200
378320d1ed5a18e4,auto-464e99b7c589,snotra@34b0ce8,snotra,34b0ce8,hoenir@5907a3b,hoenir,5907a3b,runestone,all_official,1,0,rating,a,a,1.0,core_destroyed,79,,8,310,7,14,17,170,7,15,ok,,3.68,n-62-31-4,29052882,2026-08-08T18:07:08+0200
37911ded91b48fa1,auto-464e99b7c589,hoenir@5907a3b,hoenir,5907a3b,spar_sniper@aa24129,spar_sniper,aa24129,snowflake,all_official,1,0,rating,a,a,1.0,core_destroyed,65,,30,600,11,18,7,140,8,11,ok,,4.325,n-62-31-19,29052882,2026-08-08T18:07:18+0200
37ae3652f241d0c5,auto-464e99b7c589,hodr@ea88247,hodr,ea88247,hoenir@5907a3b,hoenir,5907a3b,lighthouse,all_official,1,0,rating,a,a,1.0,core_destroyed,417,,9,440,8,9,10,230,7,9,ok,,5.047,n-62-21-55,29052882,2026-08-08T18:05:43+0200
37b43c9edb8d00df,auto-464e99b7c589,hoenir@5907a3b,hoenir,5907a3b,casemate_oracle@90fc9f3,casemate_oracle,90fc9f3,longship,all_official,1,0,rating,a,a,1.0,core_destroyed,87,,20,200,9,11,379,0,3,7,ok,,4.886,n-62-29-9,29052882,2026-08-08T18:05:05+0200
37bbe3fff53ba0a5,auto-464e99b7c589,hoenir@5907a3b,hoenir,5907a3b,sif@3fc5cd8,sif,3fc5cd8,snowflake,all_official,1,0,rating,a,a,1.0,core_destroyed,56,,27,480,9,20,42,460,8,24,ok,,3.813,n-62-31-10,29052882,2026-08-08T18:06:27+0200
37e40e89639ad296,auto-464e99b7c589,hoenir@5907a3b,hoenir,5907a3b,gefn@46ac5e6,gefn,46ac5e6,aurora,all_official,1,0,rating,b,b,0.0,core_destroyed,93,,9,320,7,17,9,290,9,13,ok,,3.944,n-62-21-7,29052882,2026-08-08T18:04:48+0200
37fcfc2125b73344,auto-464e99b7c589,skadi@1e4eddf,skadi,1e4eddf,hoenir@5907a3b,hoenir,5907a3b,fjordgate,all_official,1,0,rating,b,b,0.0,titanium_collected,1000,,17,0,5,2,16,10,5,1,ok,,6.195,n-62-21-98,29052882,2026-08-08T18:07:27+0200
380652232db157fd,auto-464e99b7c589,heimdall@daf0de0,heimdall,daf0de0,hoenir@5907a3b,hoenir,5907a3b,drumlin,all_official,1,0,rating,b,b,0.0,core_destroyed,52,,20,210,8,20,19,310,7,20,ok,,3.181,n-62-21-65,29052882,2026-08-08T18:04:43+0200
3813b19c2441912a,auto-464e99b7c589,hoenir@5907a3b,hoenir,5907a3b,skadi@1e4eddf,skadi,1e4eddf,aurora,all_official,1,0,rating,a,a,1.0,core_destroyed,135,,19,620,8,23,4,470,10,13,ok,,5.38,n-62-21-97,29052882,2026-08-08T18:06:42+0200
38171501a58b504a,auto-464e99b7c589,hoenir@5907a3b,hoenir,5907a3b,e_t4l7@9e77076,e_t4l7,9e77076,bridge,all_official,1,0,rating,b,b,0.0,titanium_collected,1000,,241,2460,13,16,6873,7150,9,31,ok,,14.864,n-62-29-34,29052882,2026-08-08T18:05:55+0200
382780a001d0d01b,auto-464e99b7c589,njord@f66a427,njord,f66a427,hoenir@5907a3b,hoenir,5907a3b,vase,all_official,1,0,rating,b,b,0.0,core_destroyed,48,,60,0,8,5,20,80,5,12,ok,,2.657,n-62-11-63,29052882,2026-08-08T18:06:25+0200
3841c0de57f199f2,auto-464e99b7c589,magni@3677a66,magni,3677a66,hoenir@5907a3b,hoenir,5907a3b,runestone,all_official,1,0,rating,a,a,1.0,core_destroyed,109,,9,240,7,15,28,240,7,15,ok,,3.93,n-62-21-89,29052882,2026-08-08T18:05:57+0200
384e879214bdc737,auto-464e99b7c589,freyr@c2c0d3d,freyr,c2c0d3d,hoenir@5907a3b,hoenir,5907a3b,archipelago,all_official,1,0,rating,b,b,0.0,core_destroyed,64,,69,340,7,27,18,360,7,24,ok,,3.856,n-62-21-90,29052882,2026-08-08T18:04:44+0200
3856ae4818160fa5,auto-464e99b7c589,mistral@90fc9f3,mistral,90fc9f3,hoenir@5907a3b,hoenir,5907a3b,longship,all_official,1,0,rating,b,b,0.0,core_destroyed,53,,78,0,6,0,8,110,8,14,ok,,6.608,n-62-21-24,29052882,2026-08-08T18:05:53+0200
386a54f94bf43112,auto-464e99b7c589,ostara@832c68a,ostara,832c68a,hoenir@5907a3b,hoenir,5907a3b,showdown,all_official,1,0,rating,a,a,1.0,core_destroyed,139,,40,830,10,24,9,300,6,16,ok,,3.684,n-62-29-9,29052882,2026-08-08T18:06:48+0200
38786e75200facb1,auto-464e99b7c589,jonbot@90fc9f3,jonbot,90fc9f3,hoenir@5907a3b,hoenir,5907a3b,vault,all_official,1,0,rating,b,b,0.0,core_destroyed,121,,37,0,8,4,9,550,9,18,ok,,4.977,n-62-11-63,29052882,2026-08-08T18:05:28+0200
3888122dc6f99d05,auto-464e99b7c589,lockin@90fc9f3,lockin,90fc9f3,hoenir@5907a3b,hoenir,5907a3b,aurora,all_official,1,0,rating,b,b,0.0,core_destroyed,73,,30,0,13,2,10,400,11,28,ok,,9.106,n-62-29-16,29052882,2026-08-08T18:05:44+0200
38c4d29ecc895d96,auto-464e99b7c589,hoenir@5907a3b,hoenir,5907a3b,casemate_oracle@90fc9f3,casemate_oracle,90fc9f3,fjordgate,all_official,1,0,rating,a,a,1.0,core_destroyed,113,,20,270,7,14,359,0,2,5,ok,,2.711,n-62-29-24,29052882,2026-08-08T18:04:58+0200
38c92f4dec5969bc,auto-464e99b7c589,hoenir@5907a3b,hoenir,5907a3b,jonbot_190003d@90fc9f3,jonbot_190003d,90fc9f3,showdown,all_official,1,0,rating,a,a,1.0,core_destroyed,169,,9,0,5,10,60,130,9,12,ok,,3.369,n-62-31-10,29052882,2026-08-08T18:06:13+0200
38d67eee5c3cf5b3,auto-464e99b7c589,hoenir@5907a3b,hoenir,5907a3b,spar_mender@d5b46bc,spar_mender,d5b46bc,string,all_official,1,0,rating,a,a,1.0,core_destroyed,156,,68,380,6,6,24,380,8,2,ok,,3.605,n-62-31-10,29052882,2026-08-08T18:07:18+0200
38ebc5dc0fcee8ba,auto-464e99b7c589,steward_hardened_reinforced@c04e46e,steward_hardened_reinforced,c04e46e,hoenir@5907a3b,hoenir,5907a3b,duel,all_official,1,0,rating,b,b,0.0,core_destroyed,53,,9,220,7,7,19,230,8,6,ok,,3.062,n-62-21-92,29052882,2026-08-08T18:07:49+0200
38f4716a8bc6efc5,auto-464e99b7c589,hoenir@5907a3b,hoenir,5907a3b,loki@9ac8974,loki,9ac8974,moonrise,all_official,1,0,rating,a,a,1.0,core_destroyed,232,,19,1160,13,19,16,20,4,2,ok,,6.765,n-62-31-16,29052882,2026-08-08T18:05:33+0200
38f9b486a90146a8,auto-464e99b7c589,hoenir@5907a3b,hoenir,5907a3b,jonbot@90fc9f3,jonbot,90fc9f3,skerry,all_official,1,0,rating,a,a,1.0,core_destroyed,154,,103,1220,13,37,350,250,6,9,ok,,6.282,n-62-11-66,29052882,2026-08-08T18:05:43+0200
3900c26eadd1285c,auto-464e99b7c589,gefjon@f66a427,gefjon,f66a427,hoenir@5907a3b,hoenir,5907a3b,atoll,all_official,1,0,rating,a,a,1.0,core_destroyed,147,,7,690,8,23,4,280,9,3,ok,,4.216,n-62-21-10,29052882,2026-08-08T18:05:00+0200
3906cca6346a7964,auto-464e99b7c589,hoenir@5907a3b,hoenir,5907a3b,njord@f66a427,njord,f66a427,string,all_official,1,0,rating,a,a,1.0,core_destroyed,78,,16,190,5,3,12,180,9,2,ok,,2.748,n-62-11-66,29052882,2026-08-08T18:06:24+0200
3934ff5050fa33f2,auto-464e99b7c589,hoenir@5907a3b,hoenir,5907a3b,lockin@90fc9f3,lockin,90fc9f3,pinch,all_official,1,0,rating,a,a,1.0,core_destroyed,78,,159,540,7,32,317,0,6,1,ok,,4.427,n-62-29-31,29052882,2026-08-08T18:05:31+0200
395841bb624fca02,auto-464e99b7c589,hoenir@5907a3b,hoenir,5907a3b,aegis@e55aab5,aegis,e55aab5,pinch,all_official,1,0,rating,b,b,0.0,titanium_collected,1000,,14,100,6,7,20,580,8,8,ok,,7.769,n-62-31-24,29052882,2026-08-08T18:05:14+0200
39638081556fc048,auto-464e99b7c589,hoenir@5907a3b,hoenir,5907a3b,steward_hardened_reinforced@672ee02,steward_hardened_reinforced,672ee02,pinch,all_official,1,0,rating,a,a,1.0,core_destroyed,77,,6,170,8,8,10,170,6,7,ok,,3.069,n-62-31-23,29052882,2026-08-08T18:07:48+0200
396cfd1f5afa9381,auto-464e99b7c589,jonbot_190003d@90fc9f3,jonbot_190003d,90fc9f3,hoenir@5907a3b,hoenir,5907a3b,meander,all_official,1,0,rating,a,a,1.0,titanium_collected,1000,,66,530,10,9,17,0,6,8,ok,,7.306,n-62-31-9,29052882,2026-08-08T18:05:46+0200
397a048f2f084ab8,auto-464e99b7c589,hoenir@5907a3b,hoenir,5907a3b,loki@9ac8974,loki,9ac8974,drumlin,all_official,1,0,rating,a,a,1.0,core_destroyed,54,,18,260,7,19,9,330,7,17,ok,,3.313,n-62-31-13,29052882,2026-08-08T18:06:19+0200
39c52a7abbc2dbf7,auto-464e99b7c589,janus@8a1e7a1,janus,8a1e7a1,hoenir@5907a3b,hoenir,5907a3b,jackpot,all_official,1,0,rating,b,b,0.0,core_destroyed,794,,2722,3720,6,6,96,3880,20,24,ok,,23.323,n-62-31-4,29052882,2026-08-08T18:06:01+0200
39d054d558b820e1,auto-464e99b7c589,hoenir@5907a3b,hoenir,5907a3b,snotra_h@4437c29,snotra_h,4437c29,aurora,all_official,1,0,rating,a,a,1.0,core_destroyed,107,,9,360,7,16,8,320,9,12,ok,,4.039,n-62-30-24,29052882,2026-08-08T18:06:55+0200
39e493a885804bbe,auto-464e99b7c589,hoenir@5907a3b,hoenir,5907a3b,janus@8a1e7a1,janus,8a1e7a1,heart,all_official,1,0,rating,a,a,1.0,core_destroyed,82,,6,50,5,6,10,0,6,8,ok,,3.134,n-62-31-4,29052882,2026-08-08T18:05:16+0200
39e6dd2678cf1c9d,auto-464e99b7c589,steward_hardened_reinforced@cdc552f,steward_hardened_reinforced,cdc552f,hoenir@5907a3b,hoenir,5907a3b,nordkap,all_official,1,0,rating,b,b,0.0,core_destroyed,357,,10,80,9,3,9,30,7,8,ok,,5.591,n-62-29-15,29052882,2026-08-08T18:07:55+0200
39fb2f0be78d5ea6,auto-464e99b7c589,hoenir@5907a3b,hoenir,5907a3b,forseti@37dc858,forseti,37dc858,duel,all_official,1,0,rating,a,a,1.0,core_destroyed,57,,9,240,8,7,208,240,5,6,ok,,2.54,n-62-11-55,29052882,2026-08-08T18:05:04+0200
3a412bdd9f6e9f6d,auto-464e99b7c589,hoenir@5907a3b,hoenir,5907a3b,steward_hardened_reinforced@04300bf,steward_hardened_reinforced,04300bf,saga,all_official,1,0,rating,b,b,0.0,core_destroyed,79,,8,250,8,28,9,360,8,23,ok,,3.963,n-62-12-1,29052882,2026-08-08T18:07:08+0200
3a69205147d527e1,auto-464e99b7c589,hoenir@5907a3b,hoenir,5907a3b,mistral@90fc9f3,mistral,90fc9f3,vase,all_official,1,0,rating,a,a,1.0,core_destroyed,84,,20,170,10,15,434,0,4,0,ok,,3.499,n-62-21-11,29052882,2026-08-08T18:05:53+0200
3a792340bd3b7468,auto-464e99b7c589,jonbot@90fc9f3,jonbot,90fc9f3,hoenir@5907a3b,hoenir,5907a3b,sprint,all_official,1,0,rating,b,b,0.0,core_destroyed,75,,59,440,6,15,17,170,5,6,ok,,2.129,n-62-11-66,29052882,2026-08-08T18:06:15+0200
3a974d729300b9b0,auto-464e99b7c589,fulla@ec5aa19,fulla,ec5aa19,hoenir@5907a3b,hoenir,5907a3b,jackpot,all_official,1,0,rating,b,b,0.0,core_destroyed,339,,66,1630,18,24,136,1600,15,27,ok,,17.522,n-62-21-3,29052882,2026-08-08T18:04:58+0200
3aa2a989f41e8b6a,auto-464e99b7c589,odin@38e1456,odin,38e1456,hoenir@5907a3b,hoenir,5907a3b,sprint,all_official,1,0,rating,b,b,0.0,core_destroyed,46,,10,0,9,1,6,20,6,5,ok,,2.909,n-62-21-98,29052882,2026-08-08T18:06:02+0200
3aa9e360c1bfc93b,auto-464e99b7c589,hoenir@5907a3b,hoenir,5907a3b,freyr@c2c0d3d,freyr,c2c0d3d,snowflake,all_official,1,0,rating,a,a,1.0,core_destroyed,65,,30,600,11,18,7,140,8,11,ok,,4.054,n-62-12-2,29052882,2026-08-08T18:05:14+0200
3aae140ba671a394,auto-464e99b7c589,hoenir@5907a3b,hoenir,5907a3b,magni@3677a66,magni,3677a66,meander,all_official,1,0,rating,a,a,1.0,core_destroyed,62,,9,200,5,14,8,0,9,7,ok,,3.067,n-62-11-58,29052882,2026-08-08T18:05:47+0200
3aba501722fb791d,auto-464e99b7c589,gobbleglitch@6cdc440,gobbleglitch,6cdc440,hoenir@5907a3b,hoenir,5907a3b,meander,all_official,1,0,rating,b,b,0.0,core_destroyed,96,,70,0,5,5,19,180,8,16,ok,,2.352,n-62-12-64,29052882,2026-08-08T18:04:51+0200
3ac813fb10375fef,auto-464e99b7c589,hoenir@5907a3b,hoenir,5907a3b,jonbot@90fc9f3,jonbot,90fc9f3,lighthouse,all_official,1,0,rating,a,a,1.0,core_destroyed,421,,20,2040,6,15,1043,1470,9,10,ok,,9.18,n-62-11-60,29052882,2026-08-08T18:05:46+0200
3ad5aa8a9a93e345,auto-464e99b7c589,e_t4l7@9e77076,e_t4l7,9e77076,hoenir@5907a3b,hoenir,5907a3b,eider,all_official,1,0,rating,b,b,0.0,core_destroyed,208,,374,1150,6,19,33,2200,8,22,ok,,4.767,n-62-29-5,29052882,2026-08-08T18:05:17+0200
3ae17de78429b259,auto-464e99b7c589,hoenir@5907a3b,hoenir,5907a3b,loki@9ac8974,loki,9ac8974,jackpot,all_official,1,0,rating,a,a,1.0,core_destroyed,59,,10,230,7,24,22,0,10,1,ok,,3.773,n-62-31-8,29052882,2026-08-08T18:05:46+0200
3ae79cc29b967a42,auto-464e99b7c589,spar_sniper@aa24129,spar_sniper,aa24129,hoenir@5907a3b,hoenir,5907a3b,skerry,all_official,1,0,rating,b,b,0.0,core_destroyed,150,,8,450,8,11,18,710,9,10,ok,,4.641,n-62-31-19,29052882,2026-08-08T18:07:13+0200
3af40f6435d2d0eb,auto-464e99b7c589,hoenir@5907a3b,hoenir,5907a3b,odin@38e1456,odin,38e1456,skerry,all_official,1,0,rating,a,a,1.0,core_destroyed,100,,16,640,9,14,16,300,8,22,ok,,4.586,n-62-31-11,29052882,2026-08-08T18:06:25+0200
3af9c9f016459149,auto-464e99b7c589,hoenir@5907a3b,hoenir,5907a3b,maporacle@38e1456,maporacle,38e1456,pinch,all_official,1,0,rating,a,a,1.0,core_destroyed,117,,10,660,11,25,33,540,8,15,ok,,4.48,n-62-12-3,29052882,2026-08-08T18:05:55+0200
3b1f9a199dabdaf5,auto-464e99b7c589,forseti@37dc858,forseti,37dc858,hoenir@5907a3b,hoenir,5907a3b,strait,all_official,1,0,rating,b,b,0.0,core_destroyed,137,,9,370,7,14,7,610,8,20,ok,,4.101,n-62-11-58,29052882,2026-08-08T18:05:11+0200
3b21e0f4bd034a36,auto-464e99b7c589,maporacle@38e1456,maporacle,38e1456,hoenir@5907a3b,hoenir,5907a3b,saga,all_official,1,0,rating,a,a,1.0,core_destroyed,80,,29,370,9,24,45,310,9,29,ok,,4.95,n-62-21-1,29052882,2026-08-08T18:05:52+0200
3b2fd3100e0889c2,auto-464e99b7c589,spar_mender@7ed1acc,spar_mender,7ed1acc,hoenir@5907a3b,hoenir,5907a3b,bridge,all_official,1,0,rating,b,b,0.0,core_destroyed,102,,217,370,10,15,48,0,7,9,ok,,4.212,n-62-31-13,29052882,2026-08-08T18:07:39+0200
3b35a007d8e423a0,auto-464e99b7c589,skadi@6a2af02,skadi,6a2af02,hoenir@5907a3b,hoenir,5907a3b,heart,all_official,1,0,rating,b,b,0.0,titanium_collected,1000,,17,0,4,16,10,60,6,15,ok,,16.97,n-62-28-31,29052882,2026-08-08T18:07:18+0200
3b3d219abc80d91c,auto-464e99b7c589,steward_hardened_reinforced@366cd1b,steward_hardened_reinforced,366cd1b,hoenir@5907a3b,hoenir,5907a3b,heart,all_official,1,0,rating,b,b,0.0,titanium_collected,1000,,18,0,8,3,16,60,6,7,ok,,11.248,n-62-29-16,29052882,2026-08-08T18:07:43+0200
3b682ee65a7e2df9,auto-464e99b7c589,hoenir@5907a3b,hoenir,5907a3b,snotra_h@4437c29,snotra_h,4437c29,atoll,all_official,1,0,rating,a,a,1.0,core_destroyed,66,,16,280,8,22,8,270,11,7,ok,,4.04,n-62-30-24,29052882,2026-08-08T18:06:47+0200
3b77fd7ef9ffd86e,auto-464e99b7c589,hoenir@5907a3b,hoenir,5907a3b,aegis@e55aab5,aegis,e55aab5,string,all_official,1,0,rating,a,a,1.0,core_destroyed,870,,26,4250,15,13,10,1670,1,1,ok,,25.405,n-62-31-23,29052882,2026-08-08T18:05:26+0200
3ba94861a3cfa126,auto-464e99b7c589,hoenir@5907a3b,hoenir,5907a3b,freyr@c2c0d3d,freyr,c2c0d3d,aurora,all_official,1,0,rating,a,a,1.0,core_destroyed,140,,19,640,8,19,16,60,8,15,ok,,4.678,n-62-21-90,29052882,2026-08-08T18:04:58+0200
3bb5c6a7904ed7df,auto-464e99b7c589,hoenir@5907a3b,hoenir,5907a3b,steward_hardened_reinforced@c04e46e,steward_hardened_reinforced,c04e46e,meander,all_official,1,0,rating,a,a,1.0,core_destroyed,90,,9,190,5,14,8,90,9,8,ok,,3.357,n-62-31-10,29052882,2026-08-08T18:07:42+0200
3be63ccafc3ca527,auto-464e99b7c589,hoenir@5907a3b,hoenir,5907a3b,mistral@90fc9f3,mistral,90fc9f3,longship,all_official,1,0,rating,a,a,1.0,core_destroyed,50,,8,180,8,11,60,0,9,0,ok,,6.802,n-62-21-24,29052882,2026-08-08T18:05:46+0200
3bee8b65d132caf1,auto-464e99b7c589,mistral@90fc9f3,mistral,90fc9f3,hoenir@5907a3b,hoenir,5907a3b,string,all_official,1,0,rating,b,b,0.0,core_destroyed,101,,60,0,6,0,9,60,9,1,ok,,3.42,n-62-21-5,29052882,2026-08-08T18:06:20+0200
3bf36efbfead6e83,auto-464e99b7c589,loki@9ac8974,loki,9ac8974,hoenir@5907a3b,hoenir,5907a3b,archipelago,all_official,1,0,rating,b,b,0.0,core_destroyed,63,,100,450,7,26,10,360,7,24,ok,,3.497,n-62-31-20,29052882,2026-08-08T18:06:10+0200
3c0bba2aa27fa6ca,auto-464e99b7c589,hoenir@5907a3b,hoenir,5907a3b,spar_mender@7ed1acc,spar_mender,7ed1acc,bridge,all_official,1,0,rating,b,b,0.0,titanium_collected,1000,,59,2460,22,15,2425,2760,18,15,ok,,47.082,n-62-31-13,29052882,2026-08-08T18:07:35+0200
3c167ff9aae41ce7,auto-464e99b7c589,gefjon@f66a427,gefjon,f66a427,hoenir@5907a3b,hoenir,5907a3b,heart,all_official,1,0,rating,a,a,1.0,core_destroyed,207,,7,460,6,16,7,150,6,6,ok,,3.995,n-62-21-17,29052882,2026-08-08T18:05:00+0200
3c29ec2b15b91c9b,auto-464e99b7c589,hoenir@5907a3b,hoenir,5907a3b,aegis@e55aab5,aegis,e55aab5,fjordgate,all_official,1,0,rating,a,a,1.0,titanium_collected,1000,,16,10,6,2,20,0,8,2,ok,,5.736,n-62-31-21,29052882,2026-08-08T18:04:41+0200
3c5b4f0536df4e22,auto-464e99b7c589,hoenir@5907a3b,hoenir,5907a3b,bastion@840a180,bastion,840a180,strait,all_official,1,0,rating,a,a,1.0,core_destroyed,77,,10,430,9,34,36,300,9,28,ok,,4.2,n-62-21-98,29052882,2026-08-08T18:05:05+0200
3c6e1921290b7c0d,auto-464e99b7c589,hoenir@5907a3b,hoenir,5907a3b,hodr@ea88247,hodr,ea88247,string,all_official,1,0,rating,a,a,1.0,core_destroyed,78,,16,190,5,3,12,180,9,2,ok,,3.285,n-62-21-59,29052882,2026-08-08T18:04:39+0200
3c8f952b81039030,auto-464e99b7c589,prospect_rushonly@bf9b3e3,prospect_rushonly,bf9b3e3,hoenir@5907a3b,hoenir,5907a3b,jackpot,all_official,1,0,rating,a,a,1.0,core_destroyed,176,,17,420,9,6,16,70,6,8,ok,,4.322,n-62-31-16,29052882,2026-08-08T18:06:43+0200
3ca7fb45f4247361,auto-464e99b7c589,steward_hardened_reinforced@366cd1b,steward_hardened_reinforced,366cd1b,hoenir@5907a3b,hoenir,5907a3b,sprint,all_official,1,0,rating,a,a,1.0,core_destroyed,349,,9,20,6,3,10,90,7,1,ok,,4.036,n-62-31-5,29052882,2026-08-08T18:07:33+0200
3cb4c27c2cb6b0fd,auto-464e99b7c589,jonbot@90fc9f3,jonbot,90fc9f3,hoenir@5907a3b,hoenir,5907a3b,twins,all_official,1,0,rating,b,b,0.0,titanium_collected,1000,,62,0,7,3,29,2470,9,13,ok,,12.403,n-62-11-62,29052882,2026-08-08T18:06:00+0200
3cb64f70494ef5c0,auto-464e99b7c589,snotra_h@4437c29,snotra_h,4437c29,hoenir@5907a3b,hoenir,5907a3b,antler,all_official,1,0,rating,a,a,1.0,core_destroyed,104,,28,660,5,12,16,470,8,12,ok,,3.278,n-62-31-24,29052882,2026-08-08T18:07:20+0200
3cbc4da18a1ffe9c,auto-464e99b7c589,hoenir@5907a3b,hoenir,5907a3b,aegis@e55aab5,aegis,e55aab5,crossfire,all_official,1,0,rating,a,a,1.0,core_destroyed,90,,4,210,7,7,10,40,8,5,ok,,3.609,n-62-31-5,29052882,2026-08-08T18:04:39+0200
3cc85ef0b7cef9d9,auto-464e99b7c589,sif@3fc5cd8,sif,3fc5cd8,hoenir@5907a3b,hoenir,5907a3b,archipelago,all_official,1,0,rating,b,b,0.0,core_destroyed,67,,6,470,9,25,10,330,7,23,ok,,3.367,n-62-11-63,29052882,2026-08-08T18:06:32+0200
3ccfc0626e7e1fe8,auto-464e99b7c589,bifrost@c70c467,bifrost,c70c467,hoenir@5907a3b,hoenir,5907a3b,pinch,all_official,1,0,rating,a,a,1.0,core_destroyed,517,,9,100,8,2,10,160,8,5,ok,,5.562,n-62-28-34,29052882,2026-08-08T18:05:24+0200
3cf11f61fa7feeb8,auto-464e99b7c589,steward_hardened_reinforced@a994296,steward_hardened_reinforced,a994296,hoenir@5907a3b,hoenir,5907a3b,snowflake,all_official,1,0,rating,a,a,1.0,core_destroyed,65,,81,550,9,22,7,140,8,11,ok,,3.292,n-62-11-62,29052882,2026-08-08T18:07:44+0200
3d01963c15af5975,auto-464e99b7c589,snotra_h@4437c29,snotra_h,4437c29,hoenir@5907a3b,hoenir,5907a3b,pinch,all_official,1,0,rating,b,b,0.0,core_destroyed,345,,9,100,8,1,9,840,7,10,ok,,4.776,n-62-11-67,29052882,2026-08-08T18:07:20+0200
3d146c5ffcb844af,auto-464e99b7c589,hodr@ea88247,hodr,ea88247,hoenir@5907a3b,hoenir,5907a3b,runestone,all_official,1,0,rating,a,a,1.0,core_destroyed,109,,9,240,7,15,28,240,7,15,ok,,3.723,n-62-21-56,29052882,2026-08-08T18:05:14+0200
3d2e1b901ac2046b,auto-464e99b7c589,skadi@1e4eddf,skadi,1e4eddf,hoenir@5907a3b,hoenir,5907a3b,nordkap,all_official,1,0,rating,a,a,1.0,core_destroyed,163,,68,930,7,39,109,370,5,6,ok,,4.945,n-62-11-51,29052882,2026-08-08T18:06:44+0200
3d6f889051dc9334,auto-464e99b7c589,hoenir@5907a3b,hoenir,5907a3b,ostara@832c68a,ostara,832c68a,showdown,all_official,1,0,rating,b,b,0.0,core_destroyed,133,,67,350,3,15,9,800,7,26,ok,,2.984,n-62-29-9,29052882,2026-08-08T18:06:44+0200
3d6fd9c76b36e7fc,auto-464e99b7c589,pantheon_replica_day3@aa8bae0,pantheon_replica_day3,aa8bae0,hoenir@5907a3b,hoenir,5907a3b,crossfire,all_official,1,0,rating,b,b,0.0,core_destroyed,101,,10,0,9,3,9,100,8,4,ok,,3.522,n-62-29-34,29052882,2026-08-08T18:06:39+0200
3d7f3e13262bed3b,auto-464e99b7c589,forseti@37dc858,forseti,37dc858,hoenir@5907a3b,hoenir,5907a3b,skerry,all_official,1,0,rating,b,b,0.0,core_destroyed,150,,8,450,8,11,18,710,9,10,ok,,4.133,n-62-11-58,29052882,2026-08-08T18:04:44+0200
3d80a0ed80d41a9e,auto-464e99b7c589,hoenir@5907a3b,hoenir,5907a3b,bastion@840a180,bastion,840a180,pinch,all_official,1,0,rating,a,a,1.0,core_destroyed,152,,19,360,7,11,16,110,8,4,ok,,3.97,n-62-31-11,29052882,2026-08-08T18:04:40+0200
3d973ea4737aa598,auto-464e99b7c589,hoenir@5907a3b,hoenir,5907a3b,snotra_h@4437c29,snotra_h,4437c29,moonrise,all_official,1,0,rating,a,a,1.0,core_destroyed,131,,27,580,9,14,10,50,6,3,ok,,4.705,n-62-11-67,29052882,2026-08-08T18:06:52+0200
3dbcb79048d41f90,auto-464e99b7c589,steward_hardened_reinforced@c04e46e,steward_hardened_reinforced,c04e46e,hoenir@5907a3b,hoenir,5907a3b,quarry,all_official,1,0,rating,a,a,1.0,core_destroyed,67,,20,320,8,18,26,0,8,5,ok,,4.346,n-62-31-11,29052882,2026-08-08T18:07:41+0200
3dcd6b57dcc8f88f,auto-464e99b7c589,njord@f66a427,njord,f66a427,hoenir@5907a3b,hoenir,5907a3b,sweden,all_official,1,0,rating,a,a,1.0,core_destroyed,509,,10,0,7,18,17,890,10,16,ok,,9.163,n-62-11-63,29052882,2026-08-08T18:06:07+0200
3dd6c34e84c24e5f,auto-464e99b7c589,hoenir@5907a3b,hoenir,5907a3b,spar_mender@7ed1acc,spar_mender,7ed1acc,archipelago,all_official,1,0,rating,a,a,1.0,core_destroyed,498,,40,9170,35,44,35,6410,21,26,ok,,42.574,n-62-31-20,29052882,2026-08-08T18:07:55+0200
3de09360d47e90ee,auto-464e99b7c589,hoenir@5907a3b,hoenir,5907a3b,sif@3fc5cd8,sif,3fc5cd8,bridge,all_official,1,0,rating,a,a,1.0,core_destroyed,210,,39,1350,16,21,63,0,7,7,ok,,7.795,n-62-11-63,29052882,2026-08-08T18:06:56+0200
3e150edacbd82884,auto-464e99b7c589,hoenir@5907a3b,hoenir,5907a3b,steward_hardened_reinforced@deba9ec,steward_hardened_reinforced,deba9ec,bridge,all_official,1,0,rating,a,a,1.0,core_destroyed,195,,20,1240,15,19,105,0,6,4,ok,,9.254,n-62-28-34,29052882,2026-08-08T18:07:48+0200
3e474eedeb2fa787,auto-464e99b7c589,hoenir@5907a3b,hoenir,5907a3b,skadi@aad5f44,skadi,aad5f44,pinch,all_official,1,0,rating,a,a,1.0,core_destroyed,95,,20,560,8,25,35,610,10,26,ok,,5.037,n-62-29-33,29052882,2026-08-08T18:06:55+0200
3e5a4a64e36a528e,auto-464e99b7c589,prospect_rushonly@bf9b3e3,prospect_rushonly,bf9b3e3,hoenir@5907a3b,hoenir,5907a3b,pinch,all_official,1,0,rating,b,b,0.0,core_destroyed,136,,16,100,8,4,19,320,6,13,ok,,3.237,n-62-31-22,29052882,2026-08-08T18:06:45+0200
3e7421377dd995cb,auto-464e99b7c589,hoenir@5907a3b,hoenir,5907a3b,odin@38e1456,odin,38e1456,eider,all_official,1,0,rating,a,a,1.0,core_destroyed,111,,14,260,8,8,10,170,8,21,ok,,3.983,n-62-21-92,29052882,2026-08-08T18:06:09+0200
3e884c8ad421e7ff,auto-464e99b7c589,loki@9ac8974,loki,9ac8974,hoenir@5907a3b,hoenir,5907a3b,atoll,all_official,1,0,rating,a,a,1.0,core_destroyed,73,,8,310,8,15,16,240,9,6,ok,,3.638,n-62-31-13,29052882,2026-08-08T18:05:34+0200
3e97210cb4bb0c93,auto-464e99b7c589,gobbleglitch@6cdc440,gobbleglitch,6cdc440,hoenir@5907a3b,hoenir,5907a3b,quarry,all_official,1,0,rating,b,b,0.0,core_destroyed,713,,60,80,7,6,9,0,9,6,ok,,5.06,n-62-12-65,29052882,2026-08-08T18:04:49+0200
3ea3d34a99314420,auto-464e99b7c589,hoenir@5907a3b,hoenir,5907a3b,prospect_rushonly@bf9b3e3,prospect_rushonly,bf9b3e3,runestone,all_official,1,0,rating,a,a,1.0,core_destroyed,201,,10,470,8,12,9,80,9,1,ok,,4.141,n-62-31-23,29052882,2026-08-08T18:06:19+0200
3ea42dd72153d2cf,auto-464e99b7c589,hoenir@5907a3b,hoenir,5907a3b,ragnarok_fair@79582fc,ragnarok_fair,79582fc,hive,all_official,1,0,rating,b,b,0.0,core_destroyed,71,,10,150,8,20,20,230,8,21,ok,,4.869,n-62-11-61,29052882,2026-08-08T18:06:57+0200
3ea93fe36845bfbc,auto-464e99b7c589,loki@9ac8974,loki,9ac8974,hoenir@5907a3b,hoenir,5907a3b,drumlin,all_official,1,0,rating,a,a,1.0,core_destroyed,54,,18,260,7,19,9,330,7,17,ok,,3.284,n-62-31-13,29052882,2026-08-08T18:06:23+0200
3eaae0361bdb0c56,auto-464e99b7c589,jonbot@90fc9f3,jonbot,90fc9f3,hoenir@5907a3b,hoenir,5907a3b,duel,all_official,1,0,rating,b,b,0.0,core_destroyed,184,,10,0,7,0,40,1110,9,21,ok,,4.921,n-62-11-61,29052882,2026-08-08T18:05:25+0200
3ed03252bffb8990,auto-464e99b7c589,loki@832c68a,loki,832c68a,hoenir@5907a3b,hoenir,5907a3b,crossfire,all_official,1,0,rating,a,a,1.0,titanium_collected,1000,,18,180,7,6,16,140,9,5,ok,,7.147,n-62-29-34,29052882,2026-08-08T18:05:35+0200
3edc60487d19648c,auto-464e99b7c589,hoenir@5907a3b,hoenir,5907a3b,spar_mender@d5b46bc,spar_mender,d5b46bc,nordkap,all_official,1,0,rating,a,a,1.0,core_destroyed,113,,9,260,9,10,10,0,8,2,ok,,4.687,n-62-21-92,29052882,2026-08-08T18:07:27+0200
3ee471d599a50d62,auto-464e99b7c589,hoenir@5907a3b,hoenir,5907a3b,odin@38e1456,odin,38e1456,aurora,all_official,1,0,rating,a,a,1.0,core_destroyed,133,,8,600,7,23,9,490,10,20,ok,,4.378,n-62-11-64,29052882,2026-08-08T18:06:12+0200
3ee838aa843d8867,auto-464e99b7c589,hoenir@5907a3b,hoenir,5907a3b,lockin@90fc9f3,lockin,90fc9f3,snowflake,all_official,1,0,rating,a,a,1.0,core_destroyed,48,,30,380,8,24,620,0,0,0,ok,,2.282,n-62-29-33,29052882,2026-08-08T18:05:41+0200
3eedc8d0cc9975b5,auto-464e99b7c589,steward_hardened_reinforced@366cd1b,steward_hardened_reinforced,366cd1b,hoenir@5907a3b,hoenir,5907a3b,archipelago,all_official,1,0,rating,b,b,0.0,core_destroyed,64,,69,340,7,27,18,360,7,24,ok,,3.617,n-62-21-2,29052882,2026-08-08T18:07:31+0200
3f066b4f8c8514a3,auto-464e99b7c589,hoenir@5907a3b,hoenir,5907a3b,steward_hardened_reinforced@672ee02,steward_hardened_reinforced,672ee02,nordkap,all_official,1,0,rating,b,b,0.0,core_destroyed,909,,10,80,9,13,9,100,8,4,ok,,9.55,n-62-31-23,29052882,2026-08-08T18:07:39+0200
3f43d92dfefa3fc9,auto-464e99b7c589,maporacle@38e1456,maporacle,38e1456,hoenir@5907a3b,hoenir,5907a3b,longship,all_official,1,0,rating,b,b,0.0,core_destroyed,97,,9,410,9,24,16,370,6,15,ok,,4.022,n-62-12-2,29052882,2026-08-08T18:06:49+0200
3f46499cb163977f,auto-464e99b7c589,hoenir@5907a3b,hoenir,5907a3b,gobbleglitch@6cdc440,gobbleglitch,6cdc440,snowflake,all_official,1,0,rating,a,a,1.0,core_destroyed,53,,18,290,8,9,59,160,7,11,ok,,2.53,n-62-12-66,29052882,2026-08-08T18:04:45+0200
3f5c830edc90766c,auto-464e99b7c589,hoenir@5907a3b,hoenir,5907a3b,bifrost@c70c467,bifrost,c70c467,meander,all_official,1,0,rating,a,a,1.0,core_destroyed,489,,9,230,7,4,10,450,7,5,ok,,7.471,n-62-28-34,29052882,2026-08-08T18:04:43+0200
3f5cb8a78f93a0bf,auto-464e99b7c589,spar_sniper@aa24129,spar_sniper,aa24129,hoenir@5907a3b,hoenir,5907a3b,quarry,all_official,1,0,rating,a,a,1.0,core_destroyed,67,,19,320,9,18,10,0,8,5,ok,,4.671,n-62-31-16,29052882,2026-08-08T18:07:33+0200
3f6ce0757f0270a6,auto-464e99b7c589,hoenir@5907a3b,hoenir,5907a3b,steward_hardened_reinforced@a994296,steward_hardened_reinforced,a994296,lighthouse,all_official,1,0,rating,b,b,0.0,core_destroyed,161,,7,390,8,7,20,740,7,14,ok,,3.635,n-62-11-68,29052882,2026-08-08T18:07:54+0200
3f6dd11a5b278905,auto-464e99b7c589,hoenir@5907a3b,hoenir,5907a3b,steward_hardened_reinforced@deba9ec,steward_hardened_reinforced,deba9ec,fjord,all_official,1,0,rating,a,a,1.0,core_destroyed,62,,16,400,9,19,5,380,8,15,ok,,4.685,n-62-29-16,29052882,2026-08-08T18:07:44+0200
3f78bccbf4b8efb1,auto-464e99b7c589,gefn@46ac5e6,gefn,46ac5e6,hoenir@5907a3b,hoenir,5907a3b,moonrise,all_official,1,0,rating,a,a,1.0,core_destroyed,111,,16,480,7,16,7,50,6,5,ok,,3.864,n-62-21-15,29052882,2026-08-08T18:04:44+0200
3f80378ff0bcb6d6,auto-464e99b7c589,magni@3677a66,magni,3677a66,hoenir@5907a3b,hoenir,5907a3b,atoll,all_official,1,0,rating,a,a,1.0,core_destroyed,89,,8,390,8,16,7,240,9,3,ok,,3.288,n-62-11-52,29052882,2026-08-08T18:05:57+0200
3f8d6fdbe36c025d,auto-464e99b7c589,snotra@34b0ce8,snotra,34b0ce8,hoenir@5907a3b,hoenir,5907a3b,meander,all_official,1,0,rating,b,b,0.0,core_destroyed,441,,10,230,7,5,9,450,7,12,ok,,5.305,n-62-30-23,29052882,2026-08-08T18:06:58+0200
3fb3c5bc9ac09d6a,auto-464e99b7c589,hoenir@5907a3b,hoenir,5907a3b,hodr@ea88247,hodr,ea88247,vase,all_official,1,0,rating,a,a,1.0,core_destroyed,255,,10,0,7,7,45,110,8,5,ok,,6.655,n-62-21-59,29052882,2026-08-08T18:05:33+0200
3fd621d9e43973d7,auto-464e99b7c589,hoenir@5907a3b,hoenir,5907a3b,gefn@46ac5e6,gefn,46ac5e6,bridge,all_official,1,0,rating,a,a,1.0,core_destroyed,149,,66,900,15,19,96,0,5,2,ok,,6.089,n-62-21-7,29052882,2026-08-08T18:05:00+0200
3fe37b61ae67f747,auto-464e99b7c589,hoenir@5907a3b,hoenir,5907a3b,casemate_oracle@90fc9f3,casemate_oracle,90fc9f3,sprint,all_official,1,0,rating,a,a,1.0,core_destroyed,185,,9,0,7,13,30,0,5,5,ok,,5.663,n-62-29-33,29052882,2026-08-08T18:05:17+0200
3fe78ef0fa87d4f7,auto-464e99b7c589,hoenir@5907a3b,hoenir,5907a3b,skadi@6a2af02,skadi,6a2af02,archipelago,all_official,1,0,rating,a,a,1.0,core_destroyed,66,,19,500,8,26,23,310,6,17,ok,,3.49,n-62-21-89,29052882,2026-08-08T18:06:55+0200
3fee91ebaa70df5c,auto-464e99b7c589,hoenir@5907a3b,hoenir,5907a3b,gobbleglitch@6cdc440,gobbleglitch,6cdc440,crossfire,all_official,1,0,rating,a,a,1.0,core_destroyed,61,,10,140,9,4,60,0,8,3,ok,,2.622,n-62-13-6,29052882,2026-08-08T18:04:52+0200
401122978ea7417c,auto-464e99b7c589,jonbot@90fc9f3,jonbot,90fc9f3,hoenir@5907a3b,hoenir,5907a3b,antler,all_official,1,0,rating,a,a,1.0,core_destroyed,241,,58,580,9,11,10,620,4,10,ok,,3.432,n-62-31-22,29052882,2026-08-08T18:05:58+0200
4056de3d717e4791,auto-464e99b7c589,steward_hardened_reinforced@a994296,steward_hardened_reinforced,a994296,hoenir@5907a3b,hoenir,5907a3b,string,all_official,1,0,rating,b,b,0.0,titanium_collected,1000,,503,1690,6,7,144,4670,26,19,ok,,23.133,n-62-11-63,29052882,2026-08-08T18:07:50+0200
4059ddb43559781a,auto-464e99b7c589,hoenir@5907a3b,hoenir,5907a3b,skadi@821d792,skadi,821d792,moonrise,all_official,1,0,rating,a,a,1.0,core_destroyed,95,,8,400,5,10,4,210,6,7,ok,,2.513,n-62-12-2,29052882,2026-08-08T18:06:42+0200
407b0a6cfc1d1ab4,auto-464e99b7c589,hoenir@5907a3b,hoenir,5907a3b,gefjon@f66a427,gefjon,f66a427,saga,all_official,1,0,rating,b,b,0.0,core_destroyed,101,,23,440,8,30,18,470,8,36,ok,,4.853,n-62-21-5,29052882,2026-08-08T18:05:05+0200
408bab32eff55749,auto-464e99b7c589,hoenir@5907a3b,hoenir,5907a3b,ostara@832c68a,ostara,832c68a,duel,all_official,1,0,rating,b,b,0.0,core_destroyed,83,,17,370,13,7,19,390,7,18,ok,,4.379,n-62-29-31,29052882,2026-08-08T18:06:23+0200
408f48e5e4234859,auto-464e99b7c589,freyr@c2c0d3d,freyr,c2c0d3d,hoenir@5907a3b,hoenir,5907a3b,snowflake,all_official,1,0,rating,a,a,1.0,core_destroyed,65,,81,550,9,22,7,140,8,11,ok,,3.87,n-62-12-2,29052882,2026-08-08T18:05:18+0200
409ec5de5d029dca,auto-464e99b7c589,hoenir@5907a3b,hoenir,5907a3b,prospect@bf9b3e3,prospect,bf9b3e3,eider,all_official,1,0,rating,a,a,1.0,core_destroyed,117,,10,270,7,8,9,120,8,2,ok,,3.337,n-62-31-5,29052882,2026-08-08T18:06:42+0200
40c6c515de39dd2a,auto-464e99b7c589,hoenir@5907a3b,hoenir,5907a3b,skadi@1e4eddf,skadi,1e4eddf,snowflake,all_official,1,0,rating,a,a,1.0,core_destroyed,83,,27,820,10,21,42,610,8,25,ok,,4.074,n-62-11-58,29052882,2026-08-08T18:07:04+0200
40ca49bf4f7f4221,auto-464e99b7c589,bifrost@c70c467,bifrost,c70c467,hoenir@5907a3b,hoenir,5907a3b,saga,all_official,1,0,rating,a,a,1.0,core_destroyed,105,,19,390,9,24,34,480,7,28,ok,,4.801,n-62-29-13,29052882,2026-08-08T18:04:58+0200
40cb0d8fe103fc91,auto-464e99b7c589,hoenir@5907a3b,hoenir,5907a3b,pantheon_replica_day3@aa8bae0,pantheon_replica_day3,aa8bae0,crossfire,all_official,1,0,rating,a,a,1.0,core_destroyed,134,,28,320,7,5,8,0,7,3,ok,,3.66,n-62-29-34,29052882,2026-08-08T18:06:35+0200
413b26fc20b04834,auto-464e99b7c589,fenrir2@6b39ebb,fenrir2,6b39ebb,hoenir@5907a3b,hoenir,5907a3b,string,all_official,1,0,rating,a,a,1.0,core_destroyed,206,,57,1410,7,14,52,60,5,7,ok,,5.498,n-62-31-16,29052882,2026-08-08T18:04:58+0200
414aa3e486fa0853,auto-464e99b7c589,gefjon@f66a427,gefjon,f66a427,hoenir@5907a3b,hoenir,5907a3b,vase,all_official,1,0,rating,a,a,1.0,core_destroyed,120,,40,260,7,13,48,260,7,13,ok,,4.435,n-62-21-18,29052882,2026-08-08T18:05:01+0200
4157f7b0f659add2,auto-464e99b7c589,hoenir@5907a3b,hoenir,5907a3b,bastion@840a180,bastion,840a180,vase,all_official,1,0,rating,b,b,0.0,core_destroyed,209,,40,0,6,3,25,480,7,13,ok,,5.208,n-62-21-97,29052882,2026-08-08T18:04:58+0200
4168e7e06b532e82,auto-464e99b7c589,hoenir@5907a3b,hoenir,5907a3b,mimir@cfc1ec4,mimir,cfc1ec4,heart,all_official,1,0,rating,b,b,0.0,core_destroyed,421,,10,0,8,2,8,40,6,6,ok,,5.687,n-62-21-9,29052882,2026-08-08T18:06:06+0200
417c00df0bd51bea,auto-464e99b7c589,hoenir@5907a3b,hoenir,5907a3b,spar_sniper@aa24129,spar_sniper,aa24129,antler,all_official,1,0,rating,b,b,0.0,core_destroyed,56,,20,290,6,13,18,230,7,14,ok,,3.602,n-62-31-11,29052882,2026-08-08T18:07:39+0200
4194dd8a7c00d120,auto-464e99b7c589,aegis@e55aab5,aegis,e55aab5,hoenir@5907a3b,hoenir,5907a3b,skerry,all_official,1,0,rating,b,b,0.0,core_destroyed,246,,9,720,9,7,6,780,9,8,ok,,4.908,n-62-31-22,29052882,2026-08-08T18:05:18+0200
41ac40a5be911652,auto-464e99b7c589,odin@38e1456,odin,38e1456,hoenir@5907a3b,hoenir,5907a3b,quarry,all_official,1,0,rating,a,a,1.0,core_destroyed,115,,39,660,10,23,36,200,8,9,ok,,5.132,n-62-31-10,29052882,2026-08-08T18:06:39+0200
41b534bf2d5e9551,auto-464e99b7c589,hodr@ea88247,hodr,ea88247,hoenir@5907a3b,hoenir,5907a3b,saga,all_official,1,0,rating,a,a,1.0,core_destroyed,116,,18,440,9,24,20,510,7,26,ok,,5.258,n-62-21-56,29052882,2026-08-08T18:05:24+0200
41d85cb21e483d25,auto-464e99b7c589,hoenir@5907a3b,hoenir,5907a3b,freyr@c2c0d3d,freyr,c2c0d3d,pinch,all_official,1,0,rating,a,a,1.0,core_destroyed,161,,10,380,8,11,9,160,8,4,ok,,3.348,n-62-12-1,29052882,2026-08-08T18:05:04+0200
41f170f11c43a9c0,auto-464e99b7c589,hoenir@5907a3b,hoenir,5907a3b,maporacle@38e1456,maporacle,38e1456,atoll,all_official,1,0,rating,b,b,0.0,core_destroyed,95,,28,420,10,11,9,320,7,15,ok,,4.107,n-62-12-5,29052882,2026-08-08T18:05:43+0200
4201d3b46b701c81,auto-464e99b7c589,hoenir@5907a3b,hoenir,5907a3b,prospect_rushonly@bf9b3e3,prospect_rushonly,bf9b3e3,sweden,all_official,1,0,rating,b,b,0.0,titanium_collected,1000,,229,2460,26,27,4979,3510,6,13,ok,,44.131,n-62-11-67,29052882,2026-08-08T18:07:23+0200
422ccf6864ed9845,auto-464e99b7c589,skadi@821d792,skadi,821d792,hoenir@5907a3b,hoenir,5907a3b,pinch,all_official,1,0,rating,b,b,0.0,core_destroyed,200,,16,220,9,8,20,480,5,26,ok,,3.893,n-62-12-2,29052882,2026-08-08T18:07:06+0200
42337165f34c93f1,auto-464e99b7c589,hoenir@5907a3b,hoenir,5907a3b,snotra_h@4437c29,snotra_h,4437c29,saga,all_official,1,0,rating,a,a,1.0,core_destroyed,105,,19,390,9,24,34,480,7,28,ok,,6.408,n-62-11-61,29052882,2026-08-08T18:06:53+0200
42483f9284aba034,auto-464e99b7c589,bifrost@c70c467,bifrost,c70c467,hoenir@5907a3b,hoenir,5907a3b,vase,all_official,1,0,rating,b,b,0.0,core_destroyed,48,,60,0,8,5,20,80,5,12,ok,,3.157,n-62-29-16,29052882,2026-08-08T18:04:46+0200
425c2a4f0c814a86,auto-464e99b7c589,hoenir@5907a3b,hoenir,5907a3b,snotra@34b0ce8,snotra,34b0ce8,snowflake,all_official,1,0,rating,a,a,1.0,core_destroyed,65,,30,600,11,18,7,140,8,11,ok,,3.836,n-62-30-25,29052882,2026-08-08T18:06:46+0200
4271e6ea57145b94,auto-464e99b7c589,hoenir@5907a3b,hoenir,5907a3b,loki@832c68a,loki,832c68a,snowflake,all_official,1,0,rating,a,a,1.0,core_destroyed,57,,55,500,9,19,7,110,8,13,ok,,3.783,n-62-31-18,29052882,2026-08-08T18:05:30+0200
42734ab2b0b1a810,auto-464e99b7c589,bifrost@c70c467,bifrost,c70c467,hoenir@5907a3b,hoenir,5907a3b,string,all_official,1,0,rating,b,b,0.0,core_destroyed,422,,8,1030,6,4,6,1060,9,8,ok,,6.035,n-62-29-15,29052882,2026-08-08T18:05:01+0200
4282ab8b86656f51,auto-464e99b7c589,maporacle@38e1456,maporacle,38e1456,hoenir@5907a3b,hoenir,5907a3b,twins,all_official,1,0,rating,b,b,0.0,core_destroyed,302,,8,250,8,4,8,720,8,13,ok,,6.116,n-62-21-2,29052882,2026-08-08T18:07:09+0200
428533d8f8c21251,auto-464e99b7c589,spork@05ab6a2,spork,05ab6a2,hoenir@5907a3b,hoenir,5907a3b,fjord,all_official,1,0,rating,b,b,0.0,core_destroyed,75,,21,500,11,20,54,500,9,15,ok,,4.043,n-62-11-50,29052882,2026-08-08T18:07:36+0200
42a90cc41e06f3ba,auto-464e99b7c589,hoenir@5907a3b,hoenir,5907a3b,mjolnir@2e6c876,mjolnir,2e6c876,sweden,all_official,1,0,rating,b,b,0.0,titanium_collected,1000,,26,440,4,1,3137,4650,7,24,ok,,23.693,n-62-31-23,29052882,2026-08-08T18:06:40+0200
42c65065f5dc1ce7,auto-464e99b7c589,gefn@46ac5e6,gefn,46ac5e6,hoenir@5907a3b,hoenir,5907a3b,vase,all_official,1,0,rating,b,b,0.0,core_destroyed,48,,60,0,8,5,20,80,5,12,ok,,2.912,n-62-21-21,29052882,2026-08-08T18:06:06+0200
42d2b642fe5c625a,auto-464e99b7c589,casemate_oracle@90fc9f3,casemate_oracle,90fc9f3,hoenir@5907a3b,hoenir,5907a3b,vault,all_official,1,0,rating,b,b,0.0,core_destroyed,115,,256,0,4,11,10,530,9,21,ok,,6.898,n-62-29-27,29052882,2026-08-08T18:05:37+0200
42d302828eb9aaa3,auto-464e99b7c589,jotunn@6b39ebb,jotunn,6b39ebb,hoenir@5907a3b,hoenir,5907a3b,fjordgate,all_official,1,0,rating,b,b,0.0,core_destroyed,474,,10,0,6,0,8,30,6,1,ok,,6.197,n-62-28-28,29052882,2026-08-08T18:06:35+0200
430832b41069172f,auto-464e99b7c589,loki@9ac8974,loki,9ac8974,hoenir@5907a3b,hoenir,5907a3b,string,all_official,1,0,rating,a,a,1.0,titanium_collected,1000,,78,5060,16,12,367,1260,12,8,ok,,23.572,n-62-11-55,29052882,2026-08-08T18:06:00+0200
4311973f00717102,auto-464e99b7c589,snotra_h@4437c29,snotra_h,4437c29,hoenir@5907a3b,hoenir,5907a3b,sprint,all_official,1,0,rating,b,b,0.0,core_destroyed,187,,7,20,7,4,17,440,6,6,ok,,4.591,n-62-11-61,29052882,2026-08-08T18:07:39+0200
431d394b9bd93bfc,auto-464e99b7c589,hoenir@5907a3b,hoenir,5907a3b,janus@8a1e7a1,janus,8a1e7a1,vault,all_official,1,0,rating,a,a,1.0,core_destroyed,94,,16,420,7,15,8,420,11,5,ok,,4.223,n-62-31-22,29052882,2026-08-08T18:05:33+0200
432af8b4cd840249,auto-464e99b7c589,hoenir@5907a3b,hoenir,5907a3b,skadi@1e4eddf,skadi,1e4eddf,crossfire,all_official,1,0,rating,a,a,1.0,core_destroyed,414,,70,2020,13,17,8,730,11,6,ok,,13.07,n-62-21-97,29052882,2026-08-08T18:07:35+0200
4334573b33fdf1b1,auto-464e99b7c589,hoenir@5907a3b,hoenir,5907a3b,forseti@37dc858,forseti,37dc858,twins,all_official,1,0,rating,a,a,1.0,core_destroyed,101,,8,230,8,10,10,210,6,15,ok,,4.004,n-62-21-89,29052882,2026-08-08T18:05:00+0200
435568d4537f0a9f,auto-464e99b7c589,hoenir@5907a3b,hoenir,5907a3b,lockin@90fc9f3,lockin,90fc9f3,twins,all_official,1,0,rating,a,a,1.0,core_destroyed,93,,10,400,13,9,193,10,9,3,ok,,6.913,n-62-29-21,29052882,2026-08-08T18:05:39+0200
43629f9c1a8e96ea,auto-464e99b7c589,odin@38e1456,odin,38e1456,hoenir@5907a3b,hoenir,5907a3b,moonrise,all_official,1,0,rating,b,b,0.0,core_destroyed,45,,10,0,8,6,8,90,6,5,ok,,3.101,n-62-31-10,29052882,2026-08-08T18:06:08+0200
4388909610741b28,auto-464e99b7c589,hoenir@5907a3b,hoenir,5907a3b,jotunn@6b39ebb,jotunn,6b39ebb,quarry,all_official,1,0,rating,b,b,0.0,titanium_collected,1000,,46,2450,18,33,9201,15880,13,68,ok,,47.576,n-62-28-34,29052882,2026-08-08T18:06:50+0200
43eda8f280a42a95,auto-464e99b7c589,hoenir@5907a3b,hoenir,5907a3b,spork@05ab6a2,spork,05ab6a2,longship,all_official,1,0,rating,a,a,1.0,core_destroyed,93,,9,400,8,12,139,410,6,17,ok,,3.459,n-62-11-58,29052882,2026-08-08T18:07:03+0200
442c5f714a8da4e5,auto-464e99b7c589,hoenir@5907a3b,hoenir,5907a3b,bifrost@c70c467,bifrost,c70c467,moonrise,all_official,1,0,rating,a,a,1.0,core_destroyed,111,,10,480,7,14,26,50,5,4,ok,,4.345,n-62-28-34,29052882,2026-08-08T18:04:55+0200
443f4667461a6268,auto-464e99b7c589,hoenir@5907a3b,hoenir,5907a3b,loki@832c68a,loki,832c68a,atoll,all_official,1,0,rating,a,a,1.0,core_destroyed,66,,16,280,8,22,8,270,11,7,ok,,3.741,n-62-29-27,29052882,2026-08-08T18:05:40+0200
444ee764eaf6a05d,auto-464e99b7c589,hoenir@5907a3b,hoenir,5907a3b,bifrost@c70c467,bifrost,c70c467,aurora,all_official,1,0,rating,b,b,0.0,core_destroyed,309,,9,360,7,2,9,750,7,12,ok,,5.496,n-62-28-28,29052882,2026-08-08T18:04:57+0200
4460b961fba06fd6,auto-464e99b7c589,hoenir@5907a3b,hoenir,5907a3b,hodr@ea88247,hodr,ea88247,twins,all_official,1,0,rating,a,a,1.0,core_destroyed,101,,8,230,8,10,10,210,6,15,ok,,3.638,n-62-21-59,29052882,2026-08-08T18:05:22+0200
44831611cb38bf12,auto-464e99b7c589,hoenir@5907a3b,hoenir,5907a3b,skadi@1e4eddf,skadi,1e4eddf,drumlin,all_official,1,0,rating,a,a,1.0,core_destroyed,73,,28,600,9,23,9,190,7,21,ok,,3.695,n-62-21-97,29052882,2026-08-08T18:07:42+0200
44c0e74a507f6c7e,auto-464e99b7c589,hoenir@5907a3b,hoenir,5907a3b,mimir@cfc1ec4,mimir,cfc1ec4,drumlin,all_official,1,0,rating,b,b,0.0,core_destroyed,67,,22,300,8,17,19,360,7,17,ok,,3.542,n-62-21-4,29052882,2026-08-08T18:06:06+0200
44c67da5c4637919,auto-464e99b7c589,odin@38e1456,odin,38e1456,hoenir@5907a3b,hoenir,5907a3b,runestone,all_official,1,0,rating,b,b,0.0,core_destroyed,119,,10,80,5,12,9,600,9,22,ok,,4.39,n-62-31-11,29052882,2026-08-08T18:06:03+0200
44c94e0f6a92ca7a,auto-464e99b7c589,fenrir2@6b39ebb,fenrir2,6b39ebb,hoenir@5907a3b,hoenir,5907a3b,antler,all_official,1,0,rating,a,a,1.0,core_destroyed,64,,18,270,6,10,204,270,5,6,ok,,3.002,n-62-31-7,29052882,2026-08-08T18:05:29+0200
44cc7c372a7655d6,auto-464e99b7c589,hoenir@5907a3b,hoenir,5907a3b,heimdall@daf0de0,heimdall,daf0de0,pinch,all_official,1,0,rating,a,a,1.0,core_destroyed,117,,20,510,7,17,1,150,9,16,ok,,4.475,n-62-21-69,29052882,2026-08-08T18:05:02+0200
44e1077f66e9af0d,auto-464e99b7c589,spar_mender@7ed1acc,spar_mender,7ed1acc,hoenir@5907a3b,hoenir,5907a3b,runestone,all_official,1,0,rating,b,b,0.0,core_destroyed,90,,68,300,9,30,48,620,9,29,ok,,4.112,n-62-11-68,29052882,2026-08-08T18:07:19+0200
44e87fc79ce7c261,auto-464e99b7c589,hoenir@5907a3b,hoenir,5907a3b,ragnarok_fair@79582fc,ragnarok_fair,79582fc,meander,all_official,1,0,rating,a,a,1.0,core_destroyed,94,,8,120,8,7,10,70,8,8,ok,,3.568,n-62-11-60,29052882,2026-08-08T18:06:54+0200
45136b4b5fc5bd6e,auto-464e99b7c589,mjolnir@2e6c876,mjolnir,2e6c876,hoenir@5907a3b,hoenir,5907a3b,archipelago,all_official,1,0,rating,b,b,0.0,core_destroyed,95,,60,690,8,40,85,1160,14,33,ok,,5.956,n-62-21-11,29052882,2026-08-08T18:06:26+0200
4514b2e00566588f,auto-464e99b7c589,hoenir@5907a3b,hoenir,5907a3b,sif@3fc5cd8,sif,3fc5cd8,nordkap,all_official,1,0,rating,a,a,1.0,core_destroyed,354,,8,860,8,15,8,80,6,3,ok,,4.735,n-62-11-50,29052882,2026-08-08T18:06:52+0200
452776c27a6bfd69,auto-464e99b7c589,hodr@ea88247,hodr,ea88247,hoenir@5907a3b,hoenir,5907a3b,atoll,all_official,1,0,rating,a,a,1.0,core_destroyed,89,,8,390,8,16,7,240,9,3,ok,,3.419,n-62-21-52,29052882,2026-08-08T18:05:24+0200
453ae9300609c4ad,auto-464e99b7c589,hoenir@5907a3b,hoenir,5907a3b,bifrost@c70c467,bifrost,c70c467,sprint,all_official,1,0,rating,b,b,0.0,core_destroyed,187,,7,20,7,4,17,440,6,6,ok,,4.152,n-62-29-15,29052882,2026-08-08T18:04:40+0200
45408d9e5a5a5f59,auto-464e99b7c589,spar_mender@7ed1acc,spar_mender,7ed1acc,hoenir@5907a3b,hoenir,5907a3b,fjordgate,all_official,1,0,rating,b,b,0.0,core_destroyed,962,,10,10,10,5,8,80,6,1,ok,,8.719,n-62-31-14,29052882,2026-08-08T18:07:14+0200
45687e5ba2699eb6,auto-464e99b7c589,spar_sniper@aa24129,spar_sniper,aa24129,hoenir@5907a3b,hoenir,5907a3b,strait,all_official,1,0,rating,b,b,0.0,core_destroyed,137,,9,370,8,14,7,610,8,20,ok,,4.624,n-62-31-19,29052882,2026-08-08T18:07:44+0200
457f9cb6b9712584,auto-464e99b7c589,hoenir@5907a3b,hoenir,5907a3b,gobbleglitch@6cdc440,gobbleglitch,6cdc440,hive,all_official,1,0,rating,a,a,1.0,core_destroyed,80,,19,180,8,21,70,10,7,8,ok,,3.232,n-62-13-7,29052882,2026-08-08T18:04:58+0200
458e8f2775c172ca,auto-464e99b7c589,hoenir@5907a3b,hoenir,5907a3b,sif@3fc5cd8,sif,3fc5cd8,meander,all_official,1,0,rating,a,a,1.0,core_destroyed,73,,17,140,8,10,10,60,6,20,ok,,3.154,n-62-11-50,29052882,2026-08-08T18:06:33+0200
4594105f5625646b,auto-464e99b7c589,hoenir@5907a3b,hoenir,5907a3b,snotra@34b0ce8,snotra,34b0ce8,jackpot,all_official,1,0,rating,a,a,1.0,core_destroyed,59,,10,230,7,24,22,0,10,1,ok,,3.442,n-62-29-5,29052882,2026-08-08T18:07:16+0200
4599c47c52ee7c17,auto-464e99b7c589,hoenir@5907a3b,hoenir,5907a3b,prospect@bf9b3e3,prospect,bf9b3e3,sweden,all_official,1,0,rating,a,a,1.0,core_destroyed,153,,20,350,7,15,1,110,9,8,ok,,4.501,n-62-31-14,29052882,2026-08-08T18:06:16+0200
459b4a5cd7f3c309,auto-464e99b7c589,loki@9ac8974,loki,9ac8974,hoenir@5907a3b,hoenir,5907a3b,hive,all_official,1,0,rating,a,a,1.0,core_destroyed,681,,12,140,8,11,10,1680,7,22,ok,,11.595,n-62-31-8,29052882,2026-08-08T18:05:42+0200
45aa537df1466b27,auto-464e99b7c589,mjolnir@2e6c876,mjolnir,2e6c876,hoenir@5907a3b,hoenir,5907a3b,twins,all_official,1,0,rating,b,b,0.0,core_destroyed,86,,32,280,9,31,37,350,6,35,ok,,3.754,n-62-31-23,29052882,2026-08-08T18:07:37+0200
45ab2f2386fe5dc7,auto-464e99b7c589,hoenir@5907a3b,hoenir,5907a3b,mistral@90fc9f3,mistral,90fc9f3,skerry,all_official,1,0,rating,a,a,1.0,core_destroyed,43,,9,180,9,11,72,0,8,0,ok,,5.023,n-62-31-21,29052882,2026-08-08T18:06:32+0200
45c285905ebdcc86,auto-464e99b7c589,hoenir@5907a3b,hoenir,5907a3b,jonbot_190003d@90fc9f3,jonbot_190003d,90fc9f3,sprint,all_official,1,0,rating,b,b,0.0,core_destroyed,712,,16,130,7,6,70,490,9,17,ok,,6.486,n-62-31-11,29052882,2026-08-08T18:05:45+0200
45fa5f0f6626014e,auto-464e99b7c589,hoenir@5907a3b,hoenir,5907a3b,spar_sniper@aa24129,spar_sniper,aa24129,eider,all_official,1,0,rating,a,a,1.0,core_destroyed,88,,28,460,7,12,16,450,7,9,ok,,3.867,n-62-21-97,29052882,2026-08-08T18:06:59+0200
460ac3e429f29078,auto-464e99b7c589,hoenir@5907a3b,hoenir,5907a3b,bastion@840a180,bastion,840a180,skerry,all_official,1,0,rating,a,a,1.0,core_destroyed,122,,44,570,8,6,8,480,7,7,ok,,4.381,n-62-21-98,29052882,2026-08-08T18:04:40+0200
46182d498448d19a,auto-464e99b7c589,fenrir2@6b39ebb,fenrir2,6b39ebb,hoenir@5907a3b,hoenir,5907a3b,saga,all_official,1,0,rating,a,a,1.0,core_destroyed,80,,19,330,9,27,18,310,9,32,ok,,4.556,n-62-31-8,29052882,2026-08-08T18:04:45+0200
4619213daa81c26a,auto-464e99b7c589,hoenir@5907a3b,hoenir,5907a3b,prospect_rushonly@bf9b3e3,prospect_rushonly,bf9b3e3,vase,all_official,1,0,rating,a,a,1.0,core_destroyed,97,,9,10,8,4,40,200,9,6,ok,,3.722,n-62-31-19,29052882,2026-08-08T18:06:19+0200
462ef8fedf7c32a0,auto-464e99b7c589,steward_hardened_reinforced@04300bf,steward_hardened_reinforced,04300bf,hoenir@5907a3b,hoenir,5907a3b,sprint,all_official,1,0,rating,a,a,1.0,core_destroyed,105,,9,10,6,4,10,40,7,6,ok,,2.996,n-62-12-1,29052882,2026-08-08T18:07:41+0200
463dda96df0dde0a,auto-464e99b7c589,hoenir@5907a3b,hoenir,5907a3b,jotunn@6b39ebb,jotunn,6b39ebb,nordkap,all_official,1,0,rating,a,a,1.0,core_destroyed,228,,62,1370,12,34,74,1410,10,20,ok,,7.058,n-62-28-34,29052882,2026-08-08T18:05:41+0200
46435655be8d0558,auto-464e99b7c589,hoenir@5907a3b,hoenir,5907a3b,spar_mender@d5b46bc,spar_mender,d5b46bc,snowflake,all_official,1,0,rating,a,a,1.0,core_destroyed,68,,61,660,9,23,18,110,10,4,ok,,3.511,n-62-31-9,29052882,2026-08-08T18:07:37+0200
4647c8b111932a8e,auto-464e99b7c589,spork@05ab6a2,spork,05ab6a2,hoenir@5907a3b,hoenir,5907a3b,meander,all_official,1,0,rating,a,a,1.0,core_destroyed,207,,42,1890,12,68,4,90,7,15,ok,,6.067,n-62-11-58,29052882,2026-08-08T18:07:22+0200
466282f5598d2295,auto-464e99b7c589,jonbot@90fc9f3,jonbot,90fc9f3,hoenir@5907a3b,hoenir,5907a3b,string,all_official,1,0,rating,b,b,0.0,core_destroyed,150,,459,0,0,2,71,970,13,18,ok,,3.663,n-62-11-62,29052882,2026-08-08T18:05:31+0200
466873ede7944dc0,auto-464e99b7c589,hoenir@5907a3b,hoenir,5907a3b,forseti@37dc858,forseti,37dc858,skerry,all_official,1,0,rating,b,b,0.0,core_destroyed,74,,8,320,9,10,8,330,8,19,ok,,4.03,n-62-11-58,29052882,2026-08-08T18:04:40+0200
4687a4c54abbf2bf,auto-464e99b7c589,skadi@1e4eddf,skadi,1e4eddf,hoenir@5907a3b,hoenir,5907a3b,atoll,all_official,1,0,rating,b,b,0.0,core_destroyed,111,,5,250,8,20,5,500,12,11,ok,,4.58,n-62-21-97,29052882,2026-08-08T18:06:36+0200
46ae03bfcfd4cfc5,auto-464e99b7c589,hoenir@5907a3b,hoenir,5907a3b,loki@832c68a,loki,832c68a,moonrise,all_official,1,0,rating,a,a,1.0,core_destroyed,193,,9,960,10,19,9,20,3,2,ok,,4.272,n-62-30-25,29052882,2026-08-08T18:05:55+0200
46f668c41b2698d2,auto-464e99b7c589,hoenir@5907a3b,hoenir,5907a3b,snotra@34b0ce8,snotra,34b0ce8,sweden,all_official,1,0,rating,a,a,1.0,core_destroyed,318,,60,760,12,14,74,150,9,10,ok,,10.004,n-62-30-25,29052882,2026-08-08T18:07:51+0200
47082305f894df65,auto-464e99b7c589,pantheon_replica_day3@aa8bae0,pantheon_replica_day3,aa8bae0,hoenir@5907a3b,hoenir,5907a3b,bridge,all_official,1,0,rating,b,b,0.0,core_destroyed,89,,34,0,10,13,10,0,8,4,ok,,3.614,n-62-29-34,29052882,2026-08-08T18:06:31+0200
471da27045de1773,auto-464e99b7c589,janus@8a1e7a1,janus,8a1e7a1,hoenir@5907a3b,hoenir,5907a3b,pinch,all_official,1,0,rating,b,b,0.0,core_destroyed,136,,16,100,8,4,19,320,6,13,ok,,3.419,n-62-31-5,29052882,2026-08-08T18:05:52+0200
473807772fc7b863,auto-464e99b7c589,spar_mender@d5b46bc,spar_mender,d5b46bc,hoenir@5907a3b,hoenir,5907a3b,skerry,all_official,1,0,rating,b,b,0.0,core_destroyed,66,,8,280,10,7,8,280,9,11,ok,,3.478,n-62-31-9,29052882,2026-08-08T18:07:33+0200
4769fe1c9e0ca5e3,auto-464e99b7c589,jotunn@6b39ebb,jotunn,6b39ebb,hoenir@5907a3b,hoenir,5907a3b,pinch,all_official,1,0,rating,b,b,0.0,core_destroyed,228,,26,1020,6,19,28,2040,13,29,ok,,7.846,n-62-28-34,29052882,2026-08-08T18:06:02+0200
478f3484b9e2b257,auto-464e99b7c589,freyr@c2c0d3d,freyr,c2c0d3d,hoenir@5907a3b,hoenir,5907a3b,lighthouse,all_official,1,0,rating,b,b,0.0,core_destroyed,397,,10,440,8,7,9,230,7,9,ok,,4.391,n-62-12-5,29052882,2026-08-08T18:05:38+0200
479f62911ded4e57,auto-464e99b7c589,fenrir2@6b39ebb,fenrir2,6b39ebb,hoenir@5907a3b,hoenir,5907a3b,meander,all_official,1,0,rating,b,b,0.0,core_destroyed,101,,10,0,8,6,9,0,8,2,ok,,3.665,n-62-31-13,29052882,2026-08-08T18:05:48+0200
479fbce43dc25af6,auto-464e99b7c589,lockin@90fc9f3,lockin,90fc9f3,hoenir@5907a3b,hoenir,5907a3b,atoll,all_official,1,0,rating,b,b,0.0,core_destroyed,104,,37,70,10,5,24,510,11,26,ok,,7.701,n-62-29-15,29052882,2026-08-08T18:06:26+0200
47c9bc62f17194a5,auto-464e99b7c589,hoenir@5907a3b,hoenir,5907a3b,fenrir2@6b39ebb,fenrir2,6b39ebb,aurora,all_official,1,0,rating,a,a,1.0,core_destroyed,92,,50,530,7,24,17,520,10,28,ok,,4.321,n-62-31-18,29052882,2026-08-08T18:04:50+0200
47d582024ef2c5dd,auto-464e99b7c589,hoenir@5907a3b,hoenir,5907a3b,freyr@c2c0d3d,freyr,c2c0d3d,jackpot,all_official,1,0,rating,a,a,1.0,core_destroyed,59,,10,230,7,24,22,0,10,1,ok,,3.49,n-62-12-5,29052882,2026-08-08T18:05:07+0200
47db2a0c006d1a54,auto-464e99b7c589,mimir@cfc1ec4,mimir,cfc1ec4,hoenir@5907a3b,hoenir,5907a3b,runestone,all_official,1,0,rating,a,a,1.0,core_destroyed,109,,9,240,7,15,28,240,7,15,ok,,4.015,n-62-21-6,29052882,2026-08-08T18:06:17+0200
47eb8dba12fdeae4,auto-464e99b7c589,hoenir@5907a3b,hoenir,5907a3b,odin@93e46da,odin,93e46da,longship,all_official,1,0,rating,b,b,0.0,titanium_collected,1000,,52,4940,25,27,108,7640,7,55,ok,,44.597,n-62-28-33,29052882,2026-08-08T18:07:39+0200
47eba15c6cc77a25,auto-464e99b7c589,steward_hardened_reinforced@04300bf,steward_hardened_reinforced,04300bf,hoenir@5907a3b,hoenir,5907a3b,atoll,all_official,1,0,rating,a,a,1.0,core_destroyed,89,,8,390,8,16,7,240,9,3,ok,,4.006,n-62-28-34,29052882,2026-08-08T18:07:10+0200
47f2b597f7a003f1,auto-464e99b7c589,hoenir@5907a3b,hoenir,5907a3b,odin@93e46da,odin,93e46da,meander,all_official,1,0,rating,a,a,1.0,core_destroyed,101,,18,130,8,7,10,70,8,8,ok,,3.904,n-62-28-33,29052882,2026-08-08T18:07:47+0200
48043307335d6921,auto-464e99b7c589,hoenir@5907a3b,hoenir,5907a3b,mjolnir@2e6c876,mjolnir,2e6c876,vase,all_official,1,0,rating,b,b,0.0,core_destroyed,86,,24,170,11,6,40,180,6,8,ok,,3.886,n-62-31-23,29052882,2026-08-08T18:07:41+0200
480fa8b2cd1f730e,auto-464e99b7c589,mimir@cfc1ec4,mimir,cfc1ec4,hoenir@5907a3b,hoenir,5907a3b,meander,all_official,1,0,rating,b,b,0.0,core_destroyed,441,,10,230,7,5,9,450,7,12,ok,,5.876,n-62-21-17,29052882,2026-08-08T18:06:29+0200
483afe0e229c0606,auto-464e99b7c589,magni@3677a66,magni,3677a66,hoenir@5907a3b,hoenir,5907a3b,pinch,all_official,1,0,rating,b,b,0.0,core_destroyed,345,,9,100,8,1,9,840,7,10,ok,,4.567,n-62-21-89,29052882,2026-08-08T18:05:36+0200
484cf7ed81ae1893,auto-464e99b7c589,mistral@90fc9f3,mistral,90fc9f3,hoenir@5907a3b,hoenir,5907a3b,twins,all_official,1,0,rating,b,b,0.0,core_destroyed,54,,60,0,7,0,8,100,8,13,ok,,4.238,n-62-21-11,29052882,2026-08-08T18:05:50+0200
485cb13c782dc2b8,auto-464e99b7c589,pantheon_replica_day3@aa8bae0,pantheon_replica_day3,aa8bae0,hoenir@5907a3b,hoenir,5907a3b,atoll,all_official,1,0,rating,b,b,0.0,core_destroyed,113,,3,250,8,17,9,270,9,4,ok,,3.547,n-62-29-34,29052882,2026-08-08T18:06:13+0200
4868dd173153bab0,auto-464e99b7c589,hoenir@5907a3b,hoenir,5907a3b,skadi@1e4eddf,skadi,1e4eddf,pinch,all_official,1,0,rating,a,a,1.0,core_destroyed,95,,20,560,8,25,35,610,10,26,ok,,3.942,n-62-11-51,29052882,2026-08-08T18:06:48+0200
488e25fb80d3d7ea,auto-464e99b7c589,jotunn@6b39ebb,jotunn,6b39ebb,hoenir@5907a3b,hoenir,5907a3b,sprint,all_official,1,0,rating,b,b,0.0,core_destroyed,46,,10,0,9,1,6,20,6,5,ok,,2.722,n-62-29-13,29052882,2026-08-08T18:05:28+0200
48a109c64f765e65,auto-464e99b7c589,hoenir@5907a3b,hoenir,5907a3b,gobbleglitch@6cdc440,gobbleglitch,6cdc440,strait,all_official,1,0,rating,a,a,1.0,core_destroyed,79,,29,340,7,19,56,0,6,0,ok,,3.046,n-62-12-66,29052882,2026-08-08T18:04:58+0200
48a5998de36096db,auto-464e99b7c589,skadi@6a2af02,skadi,6a2af02,hoenir@5907a3b,hoenir,5907a3b,aurora,all_official,1,0,rating,b,b,0.0,core_destroyed,87,,66,530,10,28,28,510,9,28,ok,,4.643,n-62-21-89,29052882,2026-08-08T18:07:21+0200
48eacdc26e8ffa70,auto-464e99b7c589,hoenir@5907a3b,hoenir,5907a3b,spork@05ab6a2,spork,05ab6a2,vault,all_official,1,0,rating,b,b,0.0,core_destroyed,114,,9,510,9,26,4,540,11,17,ok,,5.185,n-62-28-31,29052882,2026-08-08T18:07:32+0200
48eb34e66bdd8996,auto-464e99b7c589,jonbot_190003d@90fc9f3,jonbot_190003d,90fc9f3,hoenir@5907a3b,hoenir,5907a3b,aurora,all_official,1,0,rating,b,b,0.0,core_destroyed,147,,378,220,6,6,20,570,8,23,ok,,3.753,n-62-11-63,29052882,2026-08-08T18:06:01+0200
4925a7ada7983ea3,auto-464e99b7c589,hoenir@5907a3b,hoenir,5907a3b,snotra_h@4437c29,snotra_h,4437c29,antler,all_official,1,0,rating,a,a,1.0,core_destroyed,104,,28,660,5,12,16,470,8,12,ok,,3.34,n-62-31-24,29052882,2026-08-08T18:07:16+0200
4947e8d834ab0bc1,auto-464e99b7c589,hoenir@5907a3b,hoenir,5907a3b,audhumla@a7faecd,audhumla,a7faecd,strait,all_official,1,0,rating,a,a,1.0,core_destroyed,229,,9,550,7,7,5,620,9,11,ok,,6.064,n-62-11-63,29052882,2026-08-08T18:04:42+0200
49665877618c4f65,auto-464e99b7c589,hoenir@5907a3b,hoenir,5907a3b,odin@38e1456,odin,38e1456,bridge,all_official,1,0,rating,a,a,1.0,core_destroyed,329,,70,790,8,14,95,0,6,5,ok,,7.723,n-62-11-64,29052882,2026-08-08T18:06:24+0200
497960f1ca024daa,auto-464e99b7c589,hoenir@5907a3b,hoenir,5907a3b,mjolnir@2e6c876,mjolnir,2e6c876,aurora,all_official,1,0,rating,a,a,1.0,core_destroyed,94,,58,540,7,24,36,530,9,35,ok,,4.576,n-62-31-7,29052882,2026-08-08T18:05:56+0200
49a3738115001f77,auto-464e99b7c589,jonbot_190003d@90fc9f3,jonbot_190003d,90fc9f3,hoenir@5907a3b,hoenir,5907a3b,quarry,all_official,1,0,rating,b,b,0.0,core_destroyed,126,,319,0,6,14,10,0,10,6,ok,,4.584,n-62-31-10,29052882,2026-08-08T18:05:45+0200
49bba464b5d8a3ca,auto-464e99b7c589,skadi@821d792,skadi,821d792,hoenir@5907a3b,hoenir,5907a3b,nordkap,all_official,1,0,rating,a,a,1.0,core_destroyed,163,,68,930,7,39,109,370,5,6,ok,,5.565,n-62-12-2,29052882,2026-08-08T18:06:57+0200
49e2c9b87f7bf379,auto-464e99b7c589,casemate_oracle@90fc9f3,casemate_oracle,90fc9f3,hoenir@5907a3b,hoenir,5907a3b,longship,all_official,1,0,rating,b,b,0.0,core_destroyed,74,,35,0,6,33,16,490,10,26,ok,,5.64,n-62-29-9,29052882,2026-08-08T18:05:11+0200
4a36d5bad7767859,auto-464e99b7c589,hoenir@5907a3b,hoenir,5907a3b,maporacle@38e1456,maporacle,38e1456,heart,all_official,1,0,rating,a,a,1.0,core_destroyed,165,,9,60,7,11,10,0,7,6,ok,,4.058,n-62-12-2,29052882,2026-08-08T18:05:34+0200
4a46d0aaa9a247c7,auto-464e99b7c589,gefn@46ac5e6,gefn,46ac5e6,hoenir@5907a3b,hoenir,5907a3b,twins,all_official,1,0,rating,b,b,0.0,core_destroyed,466,,8,1140,9,5,6,1130,8,9,ok,,5.884,n-62-21-21,29052882,2026-08-08T18:05:58+0200
4a9d8e6a6291a893,auto-464e99b7c589,hoenir@5907a3b,hoenir,5907a3b,ostara@832c68a,ostara,832c68a,fjord,all_official,1,0,rating,a,a,1.0,core_destroyed,79,,45,530,8,15,7,410,9,11,ok,,3.669,n-62-29-31,29052882,2026-08-08T18:06:39+0200
4acd67d86d775947,auto-464e99b7c589,hoenir@5907a3b,hoenir,5907a3b,magni@3677a66,magni,3677a66,pinch,all_official,1,0,rating,a,a,1.0,core_destroyed,161,,10,380,8,11,9,160,8,4,ok,,3.902,n-62-21-89,29052882,2026-08-08T18:05:32+0200
4ad64bf0efa205c8,auto-464e99b7c589,aegis@e55aab5,aegis,e55aab5,hoenir@5907a3b,hoenir,5907a3b,crossfire,all_official,1,0,rating,a,a,1.0,core_destroyed,62,,5,250,6,11,8,140,8,3,ok,,3.147,n-62-31-5,29052882,2026-08-08T18:04:43+0200
4ae08e52b9560178,auto-464e99b7c589,lockin@90fc9f3,lockin,90fc9f3,hoenir@5907a3b,hoenir,5907a3b,archipelago,all_official,1,0,rating,b,b,0.0,core_destroyed,55,,630,0,0,0,18,240,7,24,ok,,2.016,n-62-29-15,29052882,2026-08-08T18:06:09+0200
4ae91bf784d7e24c,auto-464e99b7c589,hoenir@5907a3b,hoenir,5907a3b,gefn@46ac5e6,gefn,46ac5e6,runestone,all_official,1,0,rating,a,a,1.0,core_destroyed,417,,9,250,8,14,10,390,8,3,ok,,6.145,n-62-21-15,29052882,2026-08-08T18:05:25+0200
4b13008043edaa3e,auto-464e99b7c589,prospect@bf9b3e3,prospect,bf9b3e3,hoenir@5907a3b,hoenir,5907a3b,nordkap,all_official,1,0,rating,b,b,0.0,core_destroyed,47,,10,90,9,6,7,90,8,7,ok,,3.211,n-62-31-18,29052882,2026-08-08T18:06:52+0200
4b26b3316da13b7f,auto-464e99b7c589,hoenir@5907a3b,hoenir,5907a3b,mimir@cfc1ec4,mimir,cfc1ec4,aurora,all_official,1,0,rating,a,a,1.0,core_destroyed,140,,19,640,8,19,16,60,8,15,ok,,4.873,n-62-21-4,29052882,2026-08-08T18:05:38+0200
4b30aa4b5b1167fb,auto-464e99b7c589,hoenir@5907a3b,hoenir,5907a3b,mistral@90fc9f3,mistral,90fc9f3,pinch,all_official,1,0,rating,a,a,1.0,core_destroyed,49,,10,100,8,14,344,0,4,0,ok,,4.6,n-62-21-24,29052882,2026-08-08T18:06:36+0200
4b4f2db60b27e0d7,auto-464e99b7c589,hoenir@5907a3b,hoenir,5907a3b,jotunn@6b39ebb,jotunn,6b39ebb,longship,all_official,1,0,rating,a,a,1.0,core_destroyed,153,,8,700,13,15,15,440,9,30,ok,,5.98,n-62-28-33,29052882,2026-08-08T18:07:16+0200
4b5804b6190e998d,auto-464e99b7c589,mistral@90fc9f3,mistral,90fc9f3,hoenir@5907a3b,hoenir,5907a3b,antler,all_official,1,0,rating,b,b,0.0,core_destroyed,81,,50,0,11,0,52,200,8,7,ok,,5.678,n-62-31-4,29052882,2026-08-08T18:05:48+0200
4b64f4c9d505726d,auto-464e99b7c589,spork@05ab6a2,spork,05ab6a2,hoenir@5907a3b,hoenir,5907a3b,atoll,all_official,1,0,rating,b,b,0.0,core_destroyed,73,,9,330,8,17,9,310,10,8,ok,,4.091,n-62-28-28,29052882,2026-08-08T18:07:22+0200
4b6aba28a478d302,auto-464e99b7c589,steward_hardened_reinforced@c04e46e,steward_hardened_reinforced,c04e46e,hoenir@5907a3b,hoenir,5907a3b,longship,all_official,1,0,rating,b,b,0.0,core_destroyed,453,,9,1110,8,8,8,1110,6,12,ok,,5.314,n-62-31-10,29052882,2026-08-08T18:07:38+0200
4b6b9da62367dc6a,auto-464e99b7c589,hoenir@5907a3b,hoenir,5907a3b,steward_hardened_reinforced@a994296,steward_hardened_reinforced,a994296,sprint,all_official,1,0,rating,b,b,0.0,core_destroyed,187,,7,20,7,4,17,440,6,6,ok,,3.358,n-62-11-62,29052882,2026-08-08T18:07:48+0200
4b72214ee8497c55,auto-464e99b7c589,hoenir@5907a3b,hoenir,5907a3b,loki@9ac8974,loki,9ac8974,runestone,all_official,1,0,rating,a,a,1.0,core_destroyed,529,,9,60,7,12,14,280,8,6,ok,,8.241,n-62-31-16,29052882,2026-08-08T18:06:24+0200
4b834430cc69b142,auto-464e99b7c589,hoenir@5907a3b,hoenir,5907a3b,gefjon@f66a427,gefjon,f66a427,fjordgate,all_official,1,0,rating,b,b,0.0,harvesters,1000,,16,30,4,11,20,30,6,4,ok,,7.964,n-62-21-17,29052882,2026-08-08T18:04:44+0200
4bb6f74a24e1d37d,auto-464e99b7c589,hoenir@5907a3b,hoenir,5907a3b,mimir@cfc1ec4,mimir,cfc1ec4,moonrise,all_official,1,0,rating,a,a,1.0,core_destroyed,131,,27,580,9,14,10,50,6,3,ok,,4.591,n-62-21-17,29052882,2026-08-08T18:06:34+0200
4bc9087fd220a019,auto-464e99b7c589,hoenir@5907a3b,hoenir,5907a3b,steward_hardened_reinforced@a994296,steward_hardened_reinforced,a994296,quarry,all_official,1,0,rating,b,b,0.0,core_destroyed,212,,18,480,6,31,82,1390,15,20,ok,,6.268,n-62-11-66,29052882,2026-08-08T18:07:48+0200
4bf93d6d014bd8e4,auto-464e99b7c589,hoenir@5907a3b,hoenir,5907a3b,e_t4l7@9e77076,e_t4l7,9e77076,string,all_official,1,0,rating,a,a,1.0,core_destroyed,194,,31,1290,10,19,549,860,0,4,ok,,4.244,n-62-31-17,29052882,2026-08-08T18:05:34+0200
4c087004c2c99d83,auto-464e99b7c589,hoenir@5907a3b,hoenir,5907a3b,spork@05ab6a2,spork,05ab6a2,quarry,all_official,1,0,rating,b,b,0.0,core_destroyed,70,,6,130,9,17,26,230,8,15,ok,,4.196,n-62-21-89,29052882,2026-08-08T18:07:04+0200
4c0c8b7c276d98f0,auto-464e99b7c589,hoenir@5907a3b,hoenir,5907a3b,skadi@821d792,skadi,821d792,quarry,all_official,1,0,rating,b,b,0.0,core_destroyed,146,,30,310,6,37,79,980,11,33,ok,,4.611,n-62-12-2,29052882,2026-08-08T18:07:11+0200
4c134dc3ef68770d,auto-464e99b7c589,spar_sniper@aa24129,spar_sniper,aa24129,hoenir@5907a3b,hoenir,5907a3b,eider,all_official,1,0,rating,a,a,1.0,core_destroyed,119,,29,740,10,18,46,760,7,15,ok,,4.944,n-62-21-97,29052882,2026-08-08T18:07:05+0200
4c3ad4be579573da,auto-464e99b7c589,hoenir@5907a3b,hoenir,5907a3b,casemate_oracle@90fc9f3,casemate_oracle,90fc9f3,crossfire,all_official,1,0,rating,a,a,1.0,core_destroyed,105,,20,470,9,19,330,0,4,7,ok,,4.874,n-62-29-21,29052882,2026-08-08T18:04:58+0200
4c3ea9b09546c9ad,auto-464e99b7c589,hoenir@5907a3b,hoenir,5907a3b,heimdall@daf0de0,heimdall,daf0de0,eider,all_official,1,0,rating,a,a,1.0,core_destroyed,125,,7,560,9,11,10,280,7,13,ok,,4.166,n-62-21-65,29052882,2026-08-08T18:04:54+0200
4c418b450f6b7ad5,auto-464e99b7c589,spar_mender@d5b46bc,spar_mender,d5b46bc,hoenir@5907a3b,hoenir,5907a3b,duel,all_official,1,0,rating,b,b,0.0,core_destroyed,240,,35,140,7,2,10,1160,12,10,ok,,6.666,n-62-11-64,29052882,2026-08-08T18:07:09+0200
4c7eec52d3ea3c01,auto-464e99b7c589,freyr@c2c0d3d,freyr,c2c0d3d,hoenir@5907a3b,hoenir,5907a3b,sweden,all_official,1,0,rating,a,a,1.0,core_destroyed,509,,10,0,7,18,17,890,10,16,ok,,8.828,n-62-12-3,29052882,2026-08-08T18:05:32+0200
4cba124761e2b66b,auto-464e99b7c589,fulla@ec5aa19,fulla,ec5aa19,hoenir@5907a3b,hoenir,5907a3b,crossfire,all_official,1,0,rating,a,a,1.0,titanium_collected,1000,,18,180,7,6,16,140,9,5,ok,,7.98,n-62-21-1,29052882,2026-08-08T18:05:50+0200
4cc4bcb655a00b63,auto-464e99b7c589,hoenir@5907a3b,hoenir,5907a3b,njord@f66a427,njord,f66a427,lighthouse,all_official,1,0,rating,b,b,0.0,core_destroyed,161,,7,390,8,7,20,740,7,14,ok,,3.634,n-62-11-68,29052882,2026-08-08T18:05:53+0200
4d2042fe880df7fb,auto-464e99b7c589,aegis@e55aab5,aegis,e55aab5,hoenir@5907a3b,hoenir,5907a3b,duel,all_official,1,0,rating,b,b,0.0,core_destroyed,73,,9,170,7,9,18,330,8,6,ok,,3.191,n-62-31-5,29052882,2026-08-08T18:04:56+0200
4d226e0188682fd3,auto-464e99b7c589,hoenir@5907a3b,hoenir,5907a3b,njord@f66a427,njord,f66a427,pinch,all_official,1,0,rating,a,a,1.0,core_destroyed,161,,10,380,8,11,9,160,8,4,ok,,3.16,n-62-11-62,29052882,2026-08-08T18:05:52+0200
4d260b72680a53e9,auto-464e99b7c589,heimdall@daf0de0,heimdall,daf0de0,hoenir@5907a3b,hoenir,5907a3b,hive,all_official,1,0,rating,b,b,0.0,core_destroyed,81,,10,250,9,20,19,310,9,19,ok,,4.012,n-62-21-66,29052882,2026-08-08T18:05:12+0200
4d287c4721d3633e,auto-464e99b7c589,hoenir@5907a3b,hoenir,5907a3b,jonbot_190003d@90fc9f3,jonbot_190003d,90fc9f3,string,all_official,1,0,rating,a,a,1.0,core_destroyed,208,,118,1360,19,20,713,130,1,1,ok,,6.449,n-62-31-11,29052882,2026-08-08T18:06:06+0200
4d30bd9c35307f54,auto-464e99b7c589,skadi@1e4eddf,skadi,1e4eddf,hoenir@5907a3b,hoenir,5907a3b,longship,all_official,1,0,rating,a,a,1.0,core_destroyed,105,,8,240,7,18,10,430,7,19,ok,,4.266,n-62-28-28,29052882,2026-08-08T18:07:33+0200
4d488008ca01e4dc,auto-464e99b7c589,jotunn@6b39ebb,jotunn,6b39ebb,hoenir@5907a3b,hoenir,5907a3b,eider,all_official,1,0,rating,b,b,0.0,core_destroyed,171,,22,400,7,12,20,1090,11,29,ok,,6.505,n-62-28-28,29052882,2026-08-08T18:06:10+0200
4d4a9d3f3a9c29d0,auto-464e99b7c589,gobbleglitch@6cdc440,gobbleglitch,6cdc440,hoenir@5907a3b,hoenir,5907a3b,longship,all_official,1,0,rating,b,b,0.0,core_destroyed,78,,58,30,8,8,8,300,8,21,ok,,2.729,n-62-12-64,29052882,2026-08-08T18:04:47+0200
4d5eba1a03199c5e,auto-464e99b7c589,hoenir@5907a3b,hoenir,5907a3b,skadi@aad5f44,skadi,aad5f44,quarry,all_official,1,0,rating,b,b,0.0,core_destroyed,144,,34,310,7,37,89,960,11,33,ok,,5.618,n-62-29-33,29052882,2026-08-08T18:07:06+0200
4d6bd0d1d45ec94c,auto-464e99b7c589,heimdall@daf0de0,heimdall,daf0de0,hoenir@5907a3b,hoenir,5907a3b,lighthouse,all_official,1,0,rating,b,b,0.0,core_destroyed,72,,10,80,6,10,19,410,6,20,ok,,2.936,n-62-21-66,29052882,2026-08-08T18:05:38+0200
4d8a4f006741dcc3,auto-464e99b7c589,hoenir@5907a3b,hoenir,5907a3b,gefjon@f66a427,gefjon,f66a427,sweden,all_official,1,0,rating,b,b,0.0,core_destroyed,413,,10,320,10,12,9,230,10,17,ok,,10.013,n-62-21-11,29052882,2026-08-08T18:05:23+0200
4d8da59ce5f057fa,auto-464e99b7c589,spar_mender@7ed1acc,spar_mender,7ed1acc,hoenir@5907a3b,hoenir,5907a3b,vase,all_official,1,0,rating,b,b,0.0,core_destroyed,291,,83,130,9,4,31,690,14,20,ok,,8.006,n-62-11-66,29052882,2026-08-08T18:07:41+0200
4da41a0bd2139c9c,auto-464e99b7c589,hoenir@5907a3b,hoenir,5907a3b,pantheon_replica_day3@aa8bae0,pantheon_replica_day3,aa8bae0,hive,all_official,1,0,rating,a,a,1.0,core_destroyed,117,,9,270,6,16,10,90,7,4,ok,,4.038,n-62-30-23,29052882,2026-08-08T18:06:11+0200
4dbf6779a542654c,auto-464e99b7c589,fenrir2@6b39ebb,fenrir2,6b39ebb,hoenir@5907a3b,hoenir,5907a3b,hive,all_official,1,0,rating,b,b,0.0,core_destroyed,96,,69,350,10,31,20,540,9,40,ok,,4.722,n-62-31-13,29052882,2026-08-08T18:04:48+0200
4dc34dc7591e0fb1,auto-464e99b7c589,maporacle@38e1456,maporacle,38e1456,hoenir@5907a3b,hoenir,5907a3b,archipelago,all_official,1,0,rating,b,b,0.0,core_destroyed,89,,41,620,10,34,58,750,12,26,ok,,4.858,n-62-12-5,29052882,2026-08-08T18:05:39+0200
4dc5d6c49cd41663,auto-464e99b7c589,hoenir@5907a3b,hoenir,5907a3b,skadi@aad5f44,skadi,aad5f44,nordkap,all_official,1,0,rating,a,a,1.0,core_destroyed,66,,8,140,8,5,43,240,7,11,ok,,3.665,n-62-29-33,29052882,2026-08-08T18:06:44+0200
4dc66a40ed83b1ad,auto-464e99b7c589,hoenir@5907a3b,hoenir,5907a3b,skadi@1e4eddf,skadi,1e4eddf,eider,all_official,1,0,rating,a,a,1.0,titanium_collected,1000,,20,2480,8,9,12,0,6,9,ok,,15.524,n-62-21-98,29052882,2026-08-08T18:06:48+0200
4dd5e4752ea2e424,auto-464e99b7c589,gefn@46ac5e6,gefn,46ac5e6,hoenir@5907a3b,hoenir,5907a3b,vault,all_official,1,0,rating,b,b,0.0,core_destroyed,79,,23,330,10,9,9,350,9,19,ok,,4.219,n-62-21-23,29052882,2026-08-08T18:04:47+0200
4de09eb28c9de716,auto-464e99b7c589,njord@f66a427,njord,f66a427,hoenir@5907a3b,hoenir,5907a3b,skerry,all_official,1,0,rating,b,b,0.0,core_destroyed,150,,8,450,8,11,18,710,9,10,ok,,3.806,n-62-11-66,29052882,2026-08-08T18:05:56+0200
4e05f9af3b88efaf,auto-464e99b7c589,hoenir@5907a3b,hoenir,5907a3b,jotunn@6b39ebb,jotunn,6b39ebb,moonrise,all_official,1,0,rating,b,b,0.0,core_destroyed,187,,55,180,5,7,405,1790,11,24,ok,,4.001,n-62-28-34,29052882,2026-08-08T18:05:31+0200
4e2af9dd579c0c2d,auto-464e99b7c589,njord@f66a427,njord,f66a427,hoenir@5907a3b,hoenir,5907a3b,jackpot,all_official,1,0,rating,a,a,1.0,core_destroyed,378,,30,1820,22,24,66,1790,24,19,ok,,20.792,n-62-11-60,29052882,2026-08-08T18:07:02+0200
4e4feed3b77cc9c9,auto-464e99b7c589,hoenir@5907a3b,hoenir,5907a3b,ragnarok_fair@79582fc,ragnarok_fair,79582fc,string,all_official,1,0,rating,b,b,0.0,core_destroyed,103,,124,320,8,13,67,330,5,7,ok,,3.321,n-62-11-66,29052882,2026-08-08T18:06:22+0200
4e8340130b398103,auto-464e99b7c589,ostara@832c68a,ostara,832c68a,hoenir@5907a3b,hoenir,5907a3b,fjord,all_official,1,0,rating,a,a,1.0,core_destroyed,180,,48,930,9,11,72,1280,12,17,ok,,6.838,n-62-29-31,29052882,2026-08-08T18:06:46+0200
4e94855121c84652,auto-464e99b7c589,hoenir@5907a3b,hoenir,5907a3b,steward_hardened_reinforced@cdc552f,steward_hardened_reinforced,cdc552f,moonrise,all_official,1,0,rating,a,a,1.0,core_destroyed,74,,20,290,8,10,10,0,6,1,ok,,3.408,n-62-29-15,29052882,2026-08-08T18:07:39+0200
4e98c23d1ba37356,auto-464e99b7c589,jonbot@90fc9f3,jonbot,90fc9f3,hoenir@5907a3b,hoenir,5907a3b,showdown,all_official,1,0,rating,a,a,1.0,titanium_collected,1000,,1330,50,7,13,20,0,6,14,ok,,5.221,n-62-11-66,29052882,2026-08-08T18:05:36+0200
4eb882d69c5fd10c,auto-464e99b7c589,njord@f66a427,njord,f66a427,hoenir@5907a3b,hoenir,5907a3b,aurora,all_official,1,0,rating,b,b,0.0,core_destroyed,65,,45,390,8,30,19,340,10,22,ok,,4.441,n-62-11-67,29052882,2026-08-08T18:06:32+0200
4ebd1c4de92eb328,auto-464e99b7c589,e_t4l7@9e77076,e_t4l7,9e77076,hoenir@5907a3b,hoenir,5907a3b,string,all_official,1,0,rating,b,b,0.0,titanium_collected,1000,,2252,2480,8,12,20,2490,7,13,ok,,8.946,n-62-31-17,29052882,2026-08-08T18:05:44+0200
4ebd54be6fcdf5e5,auto-464e99b7c589,fulla@ec5aa19,fulla,ec5aa19,hoenir@5907a3b,hoenir,5907a3b,longship,all_official,1,0,rating,b,b,0.0,core_destroyed,253,,13,120,8,4,9,610,6,12,ok,,5.581,n-62-21-3,29052882,2026-08-08T18:05:23+0200
4ec3f0e305ecae43,auto-464e99b7c589,bifrost@c70c467,bifrost,c70c467,hoenir@5907a3b,hoenir,5907a3b,antler,all_official,1,0,rating,a,a,1.0,core_destroyed,104,,28,660,5,12,16,470,8,12,ok,,3.465,n-62-21-97,29052882,2026-08-08T18:05:22+0200
4ed2bb43b302b4de,auto-464e99b7c589,hoenir@5907a3b,hoenir,5907a3b,steward_hardened_reinforced@c04e46e,steward_hardened_reinforced,c04e46e,quarry,all_official,1,0,rating,a,a,1.0,core_destroyed,334,,8,790,7,32,8,740,11,12,ok,,7.615,n-62-31-11,29052882,2026-08-08T18:07:37+0200
4ed46448ffb152ce,auto-464e99b7c589,spar_mender@d5b46bc,spar_mender,d5b46bc,hoenir@5907a3b,hoenir,5907a3b,saga,all_official,1,0,rating,a,a,1.0,core_destroyed,103,,10,370,9,15,265,570,10,31,ok,,4.589,n-62-31-9,29052882,2026-08-08T18:07:16+0200
4efe7178d519a9a4,auto-464e99b7c589,fenrir2@6b39ebb,fenrir2,6b39ebb,hoenir@5907a3b,hoenir,5907a3b,jackpot,all_official,1,0,rating,b,b,0.0,core_destroyed,270,,40,1180,9,7,32,1260,17,21,ok,,9.383,n-62-31-13,29052882,2026-08-08T18:05:07+0200
4f02fbbf18db2937,auto-464e99b7c589,hodr@ea88247,hodr,ea88247,hoenir@5907a3b,hoenir,5907a3b,antler,all_official,1,0,rating,a,a,1.0,core_destroyed,104,,28,660,5,12,16,470,8,12,ok,,3.287,n-62-21-52,29052882,2026-08-08T18:05:09+0200
4f062ef210c4f07f,auto-464e99b7c589,hoenir@5907a3b,hoenir,5907a3b,gobbleglitch@6cdc440,gobbleglitch,6cdc440,fjord,all_official,1,0,rating,a,a,1.0,core_destroyed,59,,28,390,9,23,49,0,10,0,ok,,3.382,n-62-13-7,29052882,2026-08-08T18:04:39+0200
4f20e8cb42089087,auto-464e99b7c589,odin@38e1456,odin,38e1456,hoenir@5907a3b,hoenir,5907a3b,twins,all_official,1,0,rating,a,a,1.0,core_destroyed,111,,30,680,10,31,34,650,10,31,ok,,5.011,n-62-21-98,29052882,2026-08-08T18:07:26+0200
4f4958bb318fd2bc,auto-464e99b7c589,hoenir@5907a3b,hoenir,5907a3b,mistral@90fc9f3,mistral,90fc9f3,aurora,all_official,1,0,rating,a,a,1.0,core_destroyed,56,,19,220,9,20,62,0,8,0,ok,,8.619,n-62-31-4,29052882,2026-08-08T18:06:22+0200
4f4a5617e476a157,auto-464e99b7c589,hoenir@5907a3b,hoenir,5907a3b,ostara@832c68a,ostara,832c68a,antler,all_official,1,0,rating,a,a,1.0,core_destroyed,55,,8,290,6,11,10,240,6,10,ok,,3.191,n-62-29-16,29052882,2026-08-08T18:06:08+0200
4f4efc10872fc7f3,auto-464e99b7c589,skadi@821d792,skadi,821d792,hoenir@5907a3b,hoenir,5907a3b,fjord,all_official,1,0,rating,a,a,1.0,core_destroyed,115,,9,530,8,23,9,790,12,19,ok,,5.098,n-62-29-15,29052882,2026-08-08T18:07:25+0200
4f61eb2d74cc9feb,auto-464e99b7c589,hoenir@5907a3b,hoenir,5907a3b,steward_hardened_reinforced@366cd1b,steward_hardened_reinforced,366cd1b,archipelago,all_official,1,0,rating,a,a,1.0,core_destroyed,66,,20,500,9,25,9,150,8,14,ok,,4.25,n-62-21-2,29052882,2026-08-08T18:07:27+0200
4f6344e19fe28874,auto-464e99b7c589,hoenir@5907a3b,hoenir,5907a3b,jonbot@90fc9f3,jonbot,90fc9f3,pinch,all_official,1,0,rating,a,a,1.0,core_destroyed,308,,20,750,6,13,66,0,9,6,ok,,6.198,n-62-11-68,29052882,2026-08-08T18:05:46+0200
4f7d01632b3883bb,auto-464e99b7c589,lockin@90fc9f3,lockin,90fc9f3,hoenir@5907a3b,hoenir,5907a3b,vase,all_official,1,0,rating,b,b,0.0,core_destroyed,57,,640,0,0,0,10,100,8,16,ok,,1.862,n-62-29-21,29052882,2026-08-08T18:05:48+0200
4f7d744512e60c78,auto-464e99b7c589,hoenir@5907a3b,hoenir,5907a3b,skadi@6a2af02,skadi,6a2af02,strait,all_official,1,0,rating,a,a,1.0,core_destroyed,249,,9,1670,13,32,9,1050,8,26,ok,,7.018,n-62-12-5,29052882,2026-08-08T18:07:08+0200
4f981fd2315afea5,auto-464e99b7c589,heimdall@daf0de0,heimdall,daf0de0,hoenir@5907a3b,hoenir,5907a3b,showdown,all_official,1,0,rating,b,b,0.0,core_destroyed,66,,10,0,4,4,8,120,5,8,ok,,2.675,n-62-21-50,29052882,2026-08-08T18:04:58+0200
4f99d4401a97d2b8,auto-464e99b7c589,hoenir@5907a3b,hoenir,5907a3b,ostara@832c68a,ostara,832c68a,moonrise,all_official,1,0,rating,a,a,1.0,core_destroyed,112,,20,480,7,17,34,80,5,11,ok,,3.294,n-62-29-24,29052882,2026-08-08T18:06:34+0200
4f9ab6364e50479f,auto-464e99b7c589,hoenir@5907a3b,hoenir,5907a3b,audhumla@a7faecd,audhumla,a7faecd,archipelago,all_official,1,0,rating,a,a,1.0,core_destroyed,110,,18,1290,10,47,432,1070,11,21,ok,,5.817,n-62-11-67,29052882,2026-08-08T18:05:24+0200
4fbae9f1ebe9b7e6,auto-464e99b7c589,steward_hardened_reinforced@04300bf,steward_hardened_reinforced,04300bf,hoenir@5907a3b,hoenir,5907a3b,nordkap,all_official,1,0,rating,b,b,0.0,core_destroyed,145,,9,80,8,1,9,330,7,7,ok,,3.547,n-62-11-55,29052882,2026-08-08T18:07:27+0200
4fccb73707190b25,auto-464e99b7c589,e_t4l7@9e77076,e_t4l7,9e77076,hoenir@5907a3b,hoenir,5907a3b,showdown,all_official,1,0,rating,a,a,1.0,harvesters,1000,,707,0,10,17,12,0,8,14,ok,,7.355,n-62-30-25,29052882,2026-08-08T18:05:56+0200
4fec2c3402ab9d17,auto-464e99b7c589,steward_hardened_reinforced@366cd1b,steward_hardened_reinforced,366cd1b,hoenir@5907a3b,hoenir,5907a3b,nordkap,all_official,1,0,rating,b,b,0.0,core_destroyed,145,,9,80,8,1,9,320,7,5,ok,,3.757,n-62-29-21,29052882,2026-08-08T18:07:51+0200
500fee82f164a863,auto-464e99b7c589,hoenir@5907a3b,hoenir,5907a3b,mistral@90fc9f3,mistral,90fc9f3,hive,all_official,1,0,rating,a,a,1.0,core_destroyed,72,,19,160,9,20,70,0,8,0,ok,,9.288,n-62-31-5,29052882,2026-08-08T18:06:06+0200
50109f0f584d23bf,auto-464e99b7c589,hoenir@5907a3b,hoenir,5907a3b,skadi@6a2af02,skadi,6a2af02,runestone,all_official,1,0,rating,a,a,1.0,core_destroyed,184,,20,830,11,19,70,460,8,22,ok,,6.96,n-62-28-34,29052882,2026-08-08T18:07:06+0200
50180266dfd72180,auto-464e99b7c589,hoenir@5907a3b,hoenir,5907a3b,casemate_oracle@90fc9f3,casemate_oracle,90fc9f3,skerry,all_official,1,0,rating,a,a,1.0,core_destroyed,86,,18,390,8,10,30,0,4,9,ok,,5.532,n-62-29-33,29052882,2026-08-08T18:04:52+0200
5022170a8a5d8728,auto-464e99b7c589,audhumla@a7faecd,audhumla,a7faecd,hoenir@5907a3b,hoenir,5907a3b,fjord,all_official,1,0,rating,b,b,0.0,core_destroyed,71,,52,440,11,12,9,320,9,17,ok,,4.144,n-62-11-60,29052882,2026-08-08T18:05:02+0200
5033ad052826ad7b,auto-464e99b7c589,magni@3677a66,magni,3677a66,hoenir@5907a3b,hoenir,5907a3b,archipelago,all_official,1,0,rating,b,b,0.0,core_destroyed,63,,59,330,7,27,9,360,7,24,ok,,3.119,n-62-11-52,29052882,2026-08-08T18:05:50+0200
5037e09c52292284,auto-464e99b7c589,jotunn@6b39ebb,jotunn,6b39ebb,hoenir@5907a3b,hoenir,5907a3b,string,all_official,1,0,rating,b,b,0.0,core_destroyed,442,,60,770,3,7,77,2050,12,11,ok,,11.58,n-62-29-13,29052882,2026-08-08T18:05:56+0200
5041f45fd264d9b0,auto-464e99b7c589,odin@93e46da,odin,93e46da,hoenir@5907a3b,hoenir,5907a3b,runestone,all_official,1,0,rating,b,b,0.0,core_destroyed,104,,20,80,5,12,18,600,9,23,ok,,3.751,n-62-28-34,29052882,2026-08-08T18:06:40+0200
505acd1eeb73aee5,auto-464e99b7c589,hoenir@5907a3b,hoenir,5907a3b,steward_hardened_reinforced@deba9ec,steward_hardened_reinforced,deba9ec,lighthouse,all_official,1,0,rating,b,b,0.0,titanium_collected,1000,,12,180,8,7,19,2480,8,10,ok,,11.641,n-62-29-33,29052882,2026-08-08T18:07:51+0200
50726602340305ce,auto-464e99b7c589,hoenir@5907a3b,hoenir,5907a3b,gefn@46ac5e6,gefn,46ac5e6,lighthouse,all_official,1,0,rating,b,b,0.0,core_destroyed,161,,7,390,8,7,20,740,7,14,ok,,3.564,n-62-21-13,29052882,2026-08-08T18:05:18+0200
509bde756dfd6991,auto-464e99b7c589,hoenir@5907a3b,hoenir,5907a3b,sif@3fc5cd8,sif,3fc5cd8,strait,all_official,1,0,rating,a,a,1.0,core_destroyed,66,,6,260,7,21,8,300,9,25,ok,,3.824,n-62-31-10,29052882,2026-08-08T18:06:44+0200
50a2cc9e5fcbf288,auto-464e99b7c589,hoenir@5907a3b,hoenir,5907a3b,loki@832c68a,loki,832c68a,aurora,all_official,1,0,rating,b,b,0.0,core_destroyed,93,,9,320,7,17,9,290,9,13,ok,,3.616,n-62-29-27,29052882,2026-08-08T18:05:47+0200
50a3c08a8844e37e,auto-464e99b7c589,hoenir@5907a3b,hoenir,5907a3b,snotra@34b0ce8,snotra,34b0ce8,strait,all_official,1,0,rating,b,b,0.0,core_destroyed,109,,9,350,7,17,9,470,11,11,ok,,4.415,n-62-30-25,29052882,2026-08-08T18:07:02+0200
50ac11b0e06d31ea,auto-464e99b7c589,odin@93e46da,odin,93e46da,hoenir@5907a3b,hoenir,5907a3b,aurora,all_official,1,0,rating,b,b,0.0,core_destroyed,94,,10,330,7,20,39,570,9,22,ok,,4.528,n-62-28-28,29052882,2026-08-08T18:06:07+0200
50d573fc94937074,auto-464e99b7c589,gobbleglitch@6cdc440,gobbleglitch,6cdc440,hoenir@5907a3b,hoenir,5907a3b,vase,all_official,1,0,rating,a,a,1.0,titanium_stored,1000,,2956,2460,9,8,12,2460,14,18,ok,,15.301,n-62-21-62,29052882,2026-08-08T18:05:26+0200
50da955affae2b10,auto-464e99b7c589,loki@832c68a,loki,832c68a,hoenir@5907a3b,hoenir,5907a3b,duel,all_official,1,0,rating,b,b,0.0,core_destroyed,47,,9,190,8,6,7,200,8,6,ok,,3.021,n-62-29-34,29052882,2026-08-08T18:05:48+0200
5115f9449a1da175,auto-464e99b7c589,hoenir@5907a3b,hoenir,5907a3b,snotra_h@4437c29,snotra_h,4437c29,crossfire,all_official,1,0,rating,b,b,0.0,core_destroyed,956,,16,200,7,4,20,470,9,5,ok,,7.079,n-62-30-24,29052882,2026-08-08T18:07:55+0200
5118f51f755eaa4e,auto-464e99b7c589,hoenir@5907a3b,hoenir,5907a3b,njord@f66a427,njord,f66a427,drumlin,all_official,1,0,rating,b,b,0.0,core_destroyed,67,,22,300,8,17,19,360,7,17,ok,,3.638,n-62-11-61,29052882,2026-08-08T18:06:11+0200
51219536abdf0914,auto-464e99b7c589,hoenir@5907a3b,hoenir,5907a3b,janus@8a1e7a1,janus,8a1e7a1,skerry,all_official,1,0,rating,a,a,1.0,core_destroyed,63,,9,270,9,10,6,230,7,4,ok,,3.284,n-62-31-21,29052882,2026-08-08T18:05:48+0200
513866348126f326,auto-464e99b7c589,hoenir@5907a3b,hoenir,5907a3b,odin@38e1456,odin,38e1456,moonrise,all_official,1,0,rating,a,a,1.0,core_destroyed,119,,9,520,7,9,10,90,8,6,ok,,3.675,n-62-31-10,29052882,2026-08-08T18:06:05+0200
514e7e561fabd534,auto-464e99b7c589,skadi@821d792,skadi,821d792,hoenir@5907a3b,hoenir,5907a3b,duel,all_official,1,0,rating,a,a,1.0,core_destroyed,63,,10,150,4,5,60,160,7,4,ok,,2.935,n-62-29-15,29052882,2026-08-08T18:06:47+0200
5156aab72c84cc8b,auto-464e99b7c589,hoenir@5907a3b,hoenir,5907a3b,aegis@e55aab5,aegis,e55aab5,skerry,all_official,1,0,rating,a,a,1.0,core_destroyed,135,,19,650,8,10,0,650,9,16,ok,,4.443,n-62-31-22,29052882,2026-08-08T18:05:13+0200
5161ff2aa07129f9,auto-464e99b7c589,magni@3677a66,magni,3677a66,hoenir@5907a3b,hoenir,5907a3b,crossfire,all_official,1,0,rating,a,a,1.0,core_destroyed,56,,24,130,7,5,16,120,9,4,ok,,2.945,n-62-11-50,29052882,2026-08-08T18:05:45+0200
5163eef121359ff4,auto-464e99b7c589,magni@3677a66,magni,3677a66,hoenir@5907a3b,hoenir,5907a3b,sweden,all_official,1,0,rating,b,b,0.0,core_destroyed,261,,29,0,8,23,10,610,7,21,ok,,7.197,n-62-12-7,29052882,2026-08-08T18:05:47+0200
516a2c38974ee71b,auto-464e99b7c589,hoenir@5907a3b,hoenir,5907a3b,hodr@ea88247,hodr,ea88247,showdown,all_official,1,0,rating,a,a,1.0,core_destroyed,98,,6,160,6,13,8,190,6,16,ok,,3.434,n-62-21-57,29052882,2026-08-08T18:04:39+0200
519e94745ce82400,auto-464e99b7c589,casemate_oracle@90fc9f3,casemate_oracle,90fc9f3,hoenir@5907a3b,hoenir,5907a3b,atoll,all_official,1,0,rating,b,b,0.0,core_destroyed,97,,118,0,6,19,13,430,10,23,ok,,6.017,n-62-29-16,29052882,2026-08-08T18:05:25+0200
51ce20cfb7819114,auto-464e99b7c589,heimdall@daf0de0,heimdall,daf0de0,hoenir@5907a3b,hoenir,5907a3b,aurora,all_official,1,0,rating,b,b,0.0,core_destroyed,105,,10,280,7,16,18,590,8,22,ok,,4.437,n-62-21-63,29052882,2026-08-08T18:05:01+0200
51f3c2be3249f63d,auto-464e99b7c589,hoenir@5907a3b,hoenir,5907a3b,forseti@37dc858,forseti,37dc858,sprint,all_official,1,0,rating,b,b,0.0,core_destroyed,187,,7,20,7,4,17,440,6,6,ok,,3.629,n-62-11-58,29052882,2026-08-08T18:04:56+0200
5219150b3c6fc9e5,auto-464e99b7c589,casemate_oracle@90fc9f3,casemate_oracle,90fc9f3,hoenir@5907a3b,hoenir,5907a3b,crossfire,all_official,1,0,rating,b,b,0.0,core_destroyed,93,,296,0,5,4,10,220,8,13,ok,,4.206,n-62-29-21,29052882,2026-08-08T18:05:03+0200
522f068bca3352f6,auto-464e99b7c589,odin@38e1456,odin,38e1456,hoenir@5907a3b,hoenir,5907a3b,eider,all_official,1,0,rating,b,b,0.0,core_destroyed,80,,40,180,5,7,19,340,5,11,ok,,3.405,n-62-21-92,29052882,2026-08-08T18:06:12+0200
52313edb6690f440,auto-464e99b7c589,hoenir@5907a3b,hoenir,5907a3b,steward_hardened_reinforced@04300bf,steward_hardened_reinforced,04300bf,strait,all_official,1,0,rating,b,b,0.0,core_destroyed,297,,29,820,7,18,8,740,8,13,ok,,5.232,n-62-12-2,29052882,2026-08-08T18:07:09+0200
52531112675d61ba,auto-464e99b7c589,hoenir@5907a3b,hoenir,5907a3b,sif@3fc5cd8,sif,3fc5cd8,fjordgate,all_official,1,0,rating,a,a,1.0,core_destroyed,353,,9,30,4,10,10,30,6,3,ok,,4.361,n-62-21-92,29052882,2026-08-08T18:06:26+0200
526b11295330fcf4,auto-464e99b7c589,mistral@90fc9f3,mistral,90fc9f3,hoenir@5907a3b,hoenir,5907a3b,eider,all_official,1,0,rating,b,b,0.0,core_destroyed,85,,26,0,9,0,9,70,7,4,ok,,4.871,n-62-30-23,29052882,2026-08-08T18:06:13+0200
526bf88148ac5759,auto-464e99b7c589,heimdall@daf0de0,heimdall,daf0de0,hoenir@5907a3b,hoenir,5907a3b,longship,all_official,1,0,rating,b,b,0.0,core_destroyed,105,,7,440,9,26,24,450,7,20,ok,,4.309,n-62-21-66,29052882,2026-08-08T18:05:49+0200
526efc7a63a18185,auto-464e99b7c589,ragnarok_fair@79582fc,ragnarok_fair,79582fc,hoenir@5907a3b,hoenir,5907a3b,duel,all_official,1,0,rating,b,b,0.0,core_destroyed,67,,9,160,7,9,8,300,8,6,ok,,2.898,n-62-11-52,29052882,2026-08-08T18:07:19+0200
526fc02cdcb6c6a4,auto-464e99b7c589,hoenir@5907a3b,hoenir,5907a3b,spar_sniper@aa24129,spar_sniper,aa24129,sprint,all_official,1,0,rating,b,b,0.0,core_destroyed,187,,7,20,7,4,17,440,6,6,ok,,4.094,n-62-31-19,29052882,2026-08-08T18:07:26+0200
52847707d09d4b4b,auto-464e99b7c589,pantheon_replica_day3@aa8bae0,pantheon_replica_day3,aa8bae0,hoenir@5907a3b,hoenir,5907a3b,string,all_official,1,0,rating,b,b,0.0,core_destroyed,94,,10,220,6,7,20,230,6,4,ok,,3.913,n-62-31-17,29052882,2026-08-08T18:06:28+0200
5296d8e6d3ee987c,auto-464e99b7c589,hoenir@5907a3b,hoenir,5907a3b,skadi@aad5f44,skadi,aad5f44,antler,all_official,1,0,rating,a,a,1.0,core_destroyed,73,,18,320,6,8,60,310,5,9,ok,,2.863,n-62-29-24,29052882,2026-08-08T18:07:03+0200
5298114b13f64d26,auto-464e99b7c589,hoenir@5907a3b,hoenir,5907a3b,skadi@1e4eddf,skadi,1e4eddf,strait,all_official,1,0,rating,a,a,1.0,core_destroyed,252,,91,1750,14,35,70,1610,9,32,ok,,8.705,n-62-21-90,29052882,2026-08-08T18:06:37+0200
52b508be94363d4b,auto-464e99b7c589,hoenir@5907a3b,hoenir,5907a3b,skadi@6a2af02,skadi,6a2af02,nordkap,all_official,1,0,rating,a,a,1.0,core_destroyed,70,,8,150,8,5,4,250,7,9,ok,,3.534,n-62-28-33,29052882,2026-08-08T18:07:05+0200
52b8887ad927f0ee,auto-464e99b7c589,hoenir@5907a3b,hoenir,5907a3b,mistral@90fc9f3,mistral,90fc9f3,eider,all_official,1,0,rating,a,a,1.0,core_destroyed,53,,10,110,8,6,32,0,10,0,ok,,4.325,n-62-30-23,29052882,2026-08-08T18:06:08+0200
52c328299d007bf1,auto-464e99b7c589,freyr@c2c0d3d,freyr,c2c0d3d,hoenir@5907a3b,hoenir,5907a3b,nordkap,all_official,1,0,rating,b,b,0.0,core_destroyed,145,,9,80,8,1,9,320,7,5,ok,,3.648,n-62-12-1,29052882,2026-08-08T18:05:01+0200
52eb361309d4e49a,auto-464e99b7c589,prospect_rushonly@bf9b3e3,prospect_rushonly,bf9b3e3,hoenir@5907a3b,hoenir,5907a3b,saga,all_official,1,0,rating,b,b,0.0,core_destroyed,249,,9,260,9,17,9,560,7,19,ok,,5.111,n-62-31-23,29052882,2026-08-08T18:06:35+0200
52ee1805b6d273b2,auto-464e99b7c589,hoenir@5907a3b,hoenir,5907a3b,spork@05ab6a2,spork,05ab6a2,aurora,all_official,1,0,rating,a,a,1.0,core_destroyed,108,,16,480,7,22,16,260,8,20,ok,,4.634,n-62-28-28,29052882,2026-08-08T18:07:27+0200
52f1df884313b203,auto-464e99b7c589,aegis@e55aab5,aegis,e55aab5,hoenir@5907a3b,hoenir,5907a3b,sprint,all_official,1,0,rating,b,b,0.0,core_destroyed,74,,8,0,7,1,8,80,5,3,ok,,3.178,n-62-31-23,29052882,2026-08-08T18:04:51+0200
530d8c8d920c5580,auto-464e99b7c589,hoenir@5907a3b,hoenir,5907a3b,e_t4l7@9e77076,e_t4l7,9e77076,saga,all_official,1,0,rating,a,a,1.0,titanium_collected,1000,,20,4860,10,30,1107,2610,10,44,ok,,11.541,n-62-30-25,29052882,2026-08-08T18:05:20+0200
5345ce141b8d0e6c,auto-464e99b7c589,spar_sniper@aa24129,spar_sniper,aa24129,hoenir@5907a3b,hoenir,5907a3b,hive,all_official,1,0,rating,b,b,0.0,core_destroyed,385,,9,50,8,10,8,940,9,22,ok,,8.145,n-62-21-97,29052882,2026-08-08T18:07:50+0200
537d4a55f7975f97,auto-464e99b7c589,hoenir@5907a3b,hoenir,5907a3b,heimdall@daf0de0,heimdall,daf0de0,twins,all_official,1,0,rating,a,a,1.0,core_destroyed,111,,14,260,8,8,10,300,8,12,ok,,3.732,n-62-21-51,29052882,2026-08-08T18:05:24+0200
53b2bf6e68cebb74,auto-464e99b7c589,jonbot_190003d@90fc9f3,jonbot_190003d,90fc9f3,hoenir@5907a3b,hoenir,5907a3b,runestone,all_official,1,0,rating,b,b,0.0,core_destroyed,103,,57,230,9,12,9,230,8,13,ok,,4.048,n-62-31-10,29052882,2026-08-08T18:05:58+0200
53b4de6cb5b32328,auto-464e99b7c589,hoenir@5907a3b,hoenir,5907a3b,steward_hardened_reinforced@672ee02,steward_hardened_reinforced,672ee02,drumlin,all_official,1,0,rating,a,a,1.0,core_destroyed,94,,31,550,8,18,8,150,7,13,ok,,3.866,n-62-29-9,29052882,2026-08-08T18:07:14+0200
53c335e621983ac5,auto-464e99b7c589,audhumla@a7faecd,audhumla,a7faecd,hoenir@5907a3b,hoenir,5907a3b,skerry,all_official,1,0,rating,b,b,0.0,core_destroyed,58,,192,360,9,19,6,310,9,17,ok,,3.328,n-62-11-66,29052882,2026-08-08T18:04:59+0200
53c42768654b589f,auto-464e99b7c589,hoenir@5907a3b,hoenir,5907a3b,prospect@bf9b3e3,prospect,bf9b3e3,vault,all_official,1,0,rating,a,a,1.0,core_destroyed,94,,16,420,7,15,8,420,11,5,ok,,4.55,n-62-31-14,29052882,2026-08-08T18:06:51+0200
53efb040679690d8,auto-464e99b7c589,bastion@840a180,bastion,840a180,hoenir@5907a3b,hoenir,5907a3b,saga,all_official,1,0,rating,b,b,0.0,core_destroyed,78,,39,310,7,34,34,310,7,33,ok,,4.459,n-62-31-11,29052882,2026-08-08T18:05:21+0200
5400fc7b4420e2ef,auto-464e99b7c589,heimdall@daf0de0,heimdall,daf0de0,hoenir@5907a3b,hoenir,5907a3b,pinch,all_official,1,0,rating,b,b,0.0,core_destroyed,158,,50,480,8,25,0,1310,15,33,ok,,6.05,n-62-21-69,29052882,2026-08-08T18:05:08+0200
54074fd97b8c0eab,auto-464e99b7c589,gefn@46ac5e6,gefn,46ac5e6,hoenir@5907a3b,hoenir,5907a3b,nordkap,all_official,1,0,rating,b,b,0.0,core_destroyed,145,,9,80,8,1,9,320,7,5,ok,,3.863,n-62-21-15,29052882,2026-08-08T18:04:55+0200
540823f430407109,auto-464e99b7c589,casemate_oracle@90fc9f3,casemate_oracle,90fc9f3,hoenir@5907a3b,hoenir,5907a3b,nordkap,all_official,1,0,rating,b,b,0.0,core_destroyed,181,,29,0,5,18,9,430,8,13,ok,,4.679,n-62-29-31,29052882,2026-08-08T18:04:44+0200
540aad6fa78e80e4,auto-464e99b7c589,mimir@cfc1ec4,mimir,cfc1ec4,hoenir@5907a3b,hoenir,5907a3b,longship,all_official,1,0,rating,b,b,0.0,core_destroyed,409,,9,1000,8,11,8,1000,6,12,ok,,5.887,n-62-21-17,29052882,2026-08-08T18:06:20+0200
540ea0271e9cd0b6,auto-464e99b7c589,hoenir@5907a3b,hoenir,5907a3b,e_t4l7@9e77076,e_t4l7,9e77076,antler,all_official,1,0,rating,a,a,1.0,core_destroyed,428,,26,3090,6,19,999,2180,9,20,ok,,5.777,n-62-29-34,29052882,2026-08-08T18:04:41+0200
542132a8dfd91114,auto-464e99b7c589,spar_mender@d5b46bc,spar_mender,d5b46bc,hoenir@5907a3b,hoenir,5907a3b,runestone,all_official,1,0,rating,b,b,0.0,core_destroyed,163,,1,270,8,12,9,380,7,17,ok,,3.701,n-62-31-9,29052882,2026-08-08T18:07:07+0200
54491633e227ff67,auto-464e99b7c589,hoenir@5907a3b,hoenir,5907a3b,spork@05ab6a2,spork,05ab6a2,fjord,all_official,1,0,rating,a,a,1.0,core_destroyed,157,,44,1110,8,15,8,670,7,13,ok,,3.942,n-62-11-50,29052882,2026-08-08T18:07:31+0200
5463b052563c5203,auto-464e99b7c589,ostara@832c68a,ostara,832c68a,hoenir@5907a3b,hoenir,5907a3b,sweden,all_official,1,0,rating,b,b,0.0,core_destroyed,417,,86,470,5,6,10,1000,12,21,ok,,17.88,n-62-29-33,29052882,2026-08-08T18:07:21+0200
5468f4909a82c45f,auto-464e99b7c589,hoenir@5907a3b,hoenir,5907a3b,magni@3677a66,magni,3677a66,bridge,all_official,1,0,rating,a,a,1.0,core_destroyed,149,,66,900,15,19,96,0,5,2,ok,,5.686,n-62-11-50,29052882,2026-08-08T18:05:33+0200
54703eabfe78cee8,auto-464e99b7c589,snotra_h@4437c29,snotra_h,4437c29,hoenir@5907a3b,hoenir,5907a3b,bridge,all_official,1,0,rating,b,b,0.0,titanium_collected,1000,,80,2460,17,10,129,4830,15,18,ok,,40.879,n-62-30-24,29052882,2026-08-08T18:07:48+0200
548952f2dd717f02,auto-464e99b7c589,fenrir2@6b39ebb,fenrir2,6b39ebb,hoenir@5907a3b,hoenir,5907a3b,aurora,all_official,1,0,rating,b,b,0.0,core_destroyed,94,,10,330,7,20,39,570,9,22,ok,,4.232,n-62-31-18,29052882,2026-08-08T18:04:54+0200
548f3649f810a13c,auto-464e99b7c589,lockin@90fc9f3,lockin,90fc9f3,hoenir@5907a3b,hoenir,5907a3b,lighthouse,all_official,1,0,rating,b,b,0.0,core_destroyed,37,,590,0,0,0,20,120,7,13,ok,,1.825,n-62-29-9,29052882,2026-08-08T18:05:31+0200
5493c4d55adcd279,auto-464e99b7c589,jotunn@6b39ebb,jotunn,6b39ebb,hoenir@5907a3b,hoenir,5907a3b,bridge,all_official,1,0,rating,a,a,1.0,titanium_stored,1000,,1099,0,9,8,44,0,11,5,ok,,23.385,n-62-21-97,29052882,2026-08-08T18:06:34+0200
54a790a2d4eb1ba7,auto-464e99b7c589,ragnarok_fair@79582fc,ragnarok_fair,79582fc,hoenir@5907a3b,hoenir,5907a3b,meander,all_official,1,0,rating,b,b,0.0,core_destroyed,58,,10,110,8,9,8,50,7,6,ok,,3.047,n-62-11-60,29052882,2026-08-08T18:06:57+0200
54c107a94af37bd5,auto-464e99b7c589,hoenir@5907a3b,hoenir,5907a3b,forseti@37dc858,forseti,37dc858,vault,all_official,1,0,rating,a,a,1.0,core_destroyed,77,,19,330,9,26,60,340,12,11,ok,,5.264,n-62-21-89,29052882,2026-08-08T18:05:22+0200
54cc8bc4231aaae6,auto-464e99b7c589,gobbleglitch@6cdc440,gobbleglitch,6cdc440,hoenir@5907a3b,hoenir,5907a3b,hive,all_official,1,0,rating,b,b,0.0,core_destroyed,88,,70,0,6,0,20,200,9,19,ok,,3.245,n-62-13-7,29052882,2026-08-08T18:05:01+0200
54df6133ba087f65,auto-464e99b7c589,hoenir@5907a3b,hoenir,5907a3b,maporacle@38e1456,maporacle,38e1456,antler,all_official,1,0,rating,b,b,0.0,core_destroyed,101,,17,330,8,5,9,240,6,7,ok,,3.602,n-62-12-7,29052882,2026-08-08T18:06:20+0200
54e2a653646e6222,auto-464e99b7c589,e_t4l7@9e77076,e_t4l7,9e77076,hoenir@5907a3b,hoenir,5907a3b,longship,all_official,1,0,rating,b,b,0.0,core_destroyed,694,,1380,1710,9,31,6,1710,7,14,ok,,8.589,n-62-30-24,29052882,2026-08-08T18:04:51+0200
54f9b883c4621f78,auto-464e99b7c589,gobbleglitch@6cdc440,gobbleglitch,6cdc440,hoenir@5907a3b,hoenir,5907a3b,runestone,all_official,1,0,rating,b,b,0.0,core_destroyed,85,,60,0,7,5,10,180,8,17,ok,,2.6,n-62-12-65,29052882,2026-08-08T18:04:55+0200
550af0c3b46cd57c,auto-464e99b7c589,hodr@ea88247,hodr,ea88247,hoenir@5907a3b,hoenir,5907a3b,showdown,all_official,1,0,rating,b,b,0.0,titanium_collected,1000,,16,210,7,10,17,440,6,3,ok,,7.605,n-62-21-57,29052882,2026-08-08T18:04:47+0200
550e88c6f0ad697d,auto-464e99b7c589,hoenir@5907a3b,hoenir,5907a3b,fenrir2@6b39ebb,fenrir2,6b39ebb,vault,all_official,1,0,rating,b,b,0.0,core_destroyed,117,,49,530,13,13,17,550,8,23,ok,,5.92,n-62-31-19,29052882,2026-08-08T18:04:42+0200
556e6e3c4fbf9c9f,auto-464e99b7c589,hoenir@5907a3b,hoenir,5907a3b,janus@8a1e7a1,janus,8a1e7a1,archipelago,all_official,1,0,rating,a,a,1.0,core_destroyed,52,,18,200,8,10,10,0,9,9,ok,,3.452,n-62-21-60,29052882,2026-08-08T18:04:46+0200
5571d20912289394,auto-464e99b7c589,hoenir@5907a3b,hoenir,5907a3b,prospect_rushonly@bf9b3e3,prospect_rushonly,bf9b3e3,string,all_official,1,0,rating,a,a,1.0,core_destroyed,70,,10,60,5,4,183,380,7,17,ok,,3.052,n-62-11-67,29052882,2026-08-08T18:06:35+0200
55740c9aef91ceae,auto-464e99b7c589,spar_sniper@aa24129,spar_sniper,aa24129,hoenir@5907a3b,hoenir,5907a3b,saga,all_official,1,0,rating,a,a,1.0,core_destroyed,116,,18,440,9,24,20,510,7,26,ok,,5.4,n-62-31-16,29052882,2026-08-08T18:07:53+0200
5599fd5064be3e75,auto-464e99b7c589,hoenir@5907a3b,hoenir,5907a3b,odin@38e1456,odin,38e1456,showdown,all_official,1,0,rating,a,a,1.0,core_destroyed,185,,9,70,8,7,10,0,8,3,ok,,4.069,n-62-31-11,29052882,2026-08-08T18:06:16+0200
559fbb40c92c6cef,auto-464e99b7c589,hodr@ea88247,hodr,ea88247,hoenir@5907a3b,hoenir,5907a3b,crossfire,all_official,1,0,rating,a,a,1.0,core_destroyed,56,,24,130,7,5,16,120,9,4,ok,,3.105,n-62-21-53,29052882,2026-08-08T18:05:04+0200
55b9caf9aba51ec5,auto-464e99b7c589,ostara@832c68a,ostara,832c68a,hoenir@5907a3b,hoenir,5907a3b,moonrise,all_official,1,0,rating,a,a,1.0,core_destroyed,156,,30,680,8,18,16,30,5,5,ok,,3.527,n-62-29-24,29052882,2026-08-08T18:06:38+0200
55e43080d1e38b89,auto-464e99b7c589,hoenir@5907a3b,hoenir,5907a3b,bifrost@c70c467,bifrost,c70c467,vase,all_official,1,0,rating,a,a,1.0,core_destroyed,254,,10,0,7,7,45,110,8,5,ok,,7.192,n-62-29-16,29052882,2026-08-08T18:04:43+0200
55efd105866ed249,auto-464e99b7c589,jotunn@6b39ebb,jotunn,6b39ebb,hoenir@5907a3b,hoenir,5907a3b,aurora,all_official,1,0,rating,b,b,0.0,core_destroyed,173,,33,830,12,33,119,1150,11,32,ok,,7.386,n-62-21-97,29052882,2026-08-08T18:05:57+0200
55f2d0b8c2fa1df9,auto-464e99b7c589,hoenir@5907a3b,hoenir,5907a3b,spar_sniper@aa24129,spar_sniper,aa24129,archipelago,all_official,1,0,rating,a,a,1.0,core_destroyed,66,,20,500,9,25,9,150,8,14,ok,,4.414,n-62-31-11,29052882,2026-08-08T18:07:48+0200
560a477fab796d44,auto-464e99b7c589,hoenir@5907a3b,hoenir,5907a3b,loki@832c68a,loki,832c68a,fjordgate,all_official,1,0,rating,a,a,1.0,core_destroyed,167,,20,770,6,27,32,10,5,5,ok,,3.044,n-62-29-5,29052882,2026-08-08T18:05:28+0200
5637e0cdf5684118,auto-464e99b7c589,audhumla@a7faecd,audhumla,a7faecd,hoenir@5907a3b,hoenir,5907a3b,fjordgate,all_official,1,0,rating,a,a,1.0,core_destroyed,125,,94,330,6,9,10,280,7,13,ok,,3.081,n-62-11-60,29052882,2026-08-08T18:05:10+0200
564000d2d095c0a8,auto-464e99b7c589,pantheon_replica_day3@aa8bae0,pantheon_replica_day3,aa8bae0,hoenir@5907a3b,hoenir,5907a3b,showdown,all_official,1,0,rating,b,b,0.0,core_destroyed,885,,10,0,8,2,9,50,6,10,ok,,6.446,n-62-30-24,29052882,2026-08-08T18:06:33+0200
565b0ac9273a4695,auto-464e99b7c589,spar_mender@7ed1acc,spar_mender,7ed1acc,hoenir@5907a3b,hoenir,5907a3b,strait,all_official,1,0,rating,b,b,0.0,core_destroyed,138,,50,630,14,14,10,850,13,29,ok,,6.344,n-62-11-62,29052882,2026-08-08T18:07:34+0200
565f3acafda0f257,auto-464e99b7c589,spar_mender@7ed1acc,spar_mender,7ed1acc,hoenir@5907a3b,hoenir,5907a3b,longship,all_official,1,0,rating,b,b,0.0,core_destroyed,124,,40,690,11,23,86,800,8,25,ok,,5.331,n-62-11-60,29052882,2026-08-08T18:07:18+0200
567587d3964015d0,auto-464e99b7c589,steward_hardened_reinforced@c04e46e,steward_hardened_reinforced,c04e46e,hoenir@5907a3b,hoenir,5907a3b,runestone,all_official,1,0,rating,a,a,1.0,core_destroyed,109,,9,240,7,15,28,240,7,15,ok,,4.229,n-62-31-11,29052882,2026-08-08T18:07:51+0200
5681dc99d6dd4d07,auto-464e99b7c589,hoenir@5907a3b,hoenir,5907a3b,spork@05ab6a2,spork,05ab6a2,duel,all_official,1,0,rating,b,b,0.0,core_destroyed,83,,17,370,13,7,19,390,7,18,ok,,4.174,n-62-11-50,29052882,2026-08-08T18:07:16+0200
569b7fdd555531b7,auto-464e99b7c589,hoenir@5907a3b,hoenir,5907a3b,audhumla@a7faecd,audhumla,a7faecd,hive,all_official,1,0,rating,b,b,0.0,core_destroyed,110,,6,250,8,27,9,410,8,31,ok,,4.479,n-62-11-68,29052882,2026-08-08T18:04:40+0200
56a66a4c81fc4093,auto-464e99b7c589,hoenir@5907a3b,hoenir,5907a3b,gefjon@f66a427,gefjon,f66a427,duel,all_official,1,0,rating,a,a,1.0,core_destroyed,74,,18,320,9,13,0,340,9,18,ok,,3.982,n-62-21-14,29052882,2026-08-08T18:04:56+0200
56c2d86f7f23b301,auto-464e99b7c589,hoenir@5907a3b,hoenir,5907a3b,skadi@821d792,skadi,821d792,crossfire,all_official,1,0,rating,a,a,1.0,core_destroyed,414,,70,2020,13,17,8,730,11,6,ok,,11.457,n-62-11-55,29052882,2026-08-08T18:07:43+0200
56d4495dcdd48db7,auto-464e99b7c589,prospect@bf9b3e3,prospect,bf9b3e3,hoenir@5907a3b,hoenir,5907a3b,archipelago,all_official,1,0,rating,b,b,0.0,core_destroyed,58,,91,290,8,15,28,270,7,22,ok,,3.339,n-62-31-4,29052882,2026-08-08T18:06:32+0200
56d9168df2f65e13,auto-464e99b7c589,jonbot_190003d@90fc9f3,jonbot_190003d,90fc9f3,hoenir@5907a3b,hoenir,5907a3b,showdown,all_official,1,0,rating,b,b,0.0,core_destroyed,110,,2,0,8,9,10,230,5,16,ok,,3.078,n-62-31-10,29052882,2026-08-08T18:06:16+0200
56dddce604e03c7b,auto-464e99b7c589,ragnarok_fair@79582fc,ragnarok_fair,79582fc,hoenir@5907a3b,hoenir,5907a3b,drumlin,all_official,1,0,rating,b,b,0.0,core_destroyed,52,,20,140,8,18,19,310,7,20,ok,,2.902,n-62-11-52,29052882,2026-08-08T18:07:13+0200
56e7c1c0bf340f5a,auto-464e99b7c589,loki@9ac8974,loki,9ac8974,hoenir@5907a3b,hoenir,5907a3b,sweden,all_official,1,0,rating,a,a,1.0,core_destroyed,309,,51,740,11,16,9,60,5,16,ok,,9.103,n-62-11-55,29052882,2026-08-08T18:06:47+0200
56ee0655d8ebaaa0,auto-464e99b7c589,spar_mender@7ed1acc,spar_mender,7ed1acc,hoenir@5907a3b,hoenir,5907a3b,moonrise,all_official,1,0,rating,b,b,0.0,core_destroyed,134,,35,0,10,6,10,0,5,2,ok,,3.97,n-62-11-60,29052882,2026-08-08T18:07:36+0200
56ef4e155a55ac16,auto-464e99b7c589,ostara@832c68a,ostara,832c68a,hoenir@5907a3b,hoenir,5907a3b,nordkap,all_official,1,0,rating,a,a,1.0,core_destroyed,54,,8,230,7,14,4,100,8,9,ok,,3.14,n-62-29-24,29052882,2026-08-08T18:06:49+0200
57032cdeb6d904b9,auto-464e99b7c589,bastion@840a180,bastion,840a180,hoenir@5907a3b,hoenir,5907a3b,moonrise,all_official,1,0,rating,a,a,1.0,core_destroyed,76,,15,280,5,9,19,170,6,6,ok,,3.203,n-62-31-10,29052882,2026-08-08T18:05:07+0200
5717fbf989fe6069,auto-464e99b7c589,bifrost@c70c467,bifrost,c70c467,hoenir@5907a3b,hoenir,5907a3b,twins,all_official,1,0,rating,b,b,0.0,core_destroyed,386,,8,940,8,7,6,930,8,9,ok,,6.08,n-62-29-15,29052882,2026-08-08T18:05:28+0200
573389452506585a,auto-464e99b7c589,snotra_h@4437c29,snotra_h,4437c29,hoenir@5907a3b,hoenir,5907a3b,hive,all_official,1,0,rating,b,b,0.0,core_destroyed,262,,10,50,9,11,10,130,7,11,ok,,6.3,n-62-31-23,29052882,2026-08-08T18:06:57+0200
575553d765648195,auto-464e99b7c589,e_t4l7@9e77076,e_t4l7,9e77076,hoenir@5907a3b,hoenir,5907a3b,aurora,all_official,1,0,rating,a,a,1.0,titanium_collected,1000,,5684,5960,5,22,20,2470,7,14,ok,,12.297,n-62-29-34,29052882,2026-08-08T18:05:40+0200
5769373b31e8a5e4,auto-464e99b7c589,hoenir@5907a3b,hoenir,5907a3b,jonbot_190003d@90fc9f3,jonbot_190003d,90fc9f3,antler,all_official,1,0,rating,b,b,0.0,core_destroyed,156,,20,40,7,2,69,360,9,14,ok,,3.02,n-62-11-63,29052882,2026-08-08T18:05:31+0200
576d0fd3cadbce5e,auto-464e99b7c589,bifrost@c70c467,bifrost,c70c467,hoenir@5907a3b,hoenir,5907a3b,drumlin,all_official,1,0,rating,a,a,1.0,core_destroyed,54,,18,260,7,19,9,330,7,17,ok,,3.196,n-62-28-31,29052882,2026-08-08T18:04:42+0200
577870bb5c1a0bc6,auto-464e99b7c589,jonbot_190003d@90fc9f3,jonbot_190003d,90fc9f3,hoenir@5907a3b,hoenir,5907a3b,skerry,all_official,1,0,rating,b,b,0.0,core_destroyed,77,,127,0,8,3,10,340,9,11,ok,,5.197,n-62-31-11,29052882,2026-08-08T18:05:31+0200
57b14929938dd7de,auto-464e99b7c589,ostara@832c68a,ostara,832c68a,hoenir@5907a3b,hoenir,5907a3b,longship,all_official,1,0,rating,b,b,0.0,core_destroyed,589,,10,470,8,6,9,180,7,12,ok,,10.794,n-62-29-24,29052882,2026-08-08T18:06:22+0200
57c8fd8a36a1035e,auto-464e99b7c589,hoenir@5907a3b,hoenir,5907a3b,casemate_oracle@90fc9f3,casemate_oracle,90fc9f3,moonrise,all_official,1,0,rating,a,a,1.0,core_destroyed,69,,21,480,8,19,295,0,5,3,ok,,3.109,n-62-29-9,29052882,2026-08-08T18:05:20+0200
57d11a6b1aa43fe9,auto-464e99b7c589,skadi@6a2af02,skadi,6a2af02,hoenir@5907a3b,hoenir,5907a3b,snowflake,all_official,1,0,rating,a,a,1.0,core_destroyed,87,,9,650,10,21,12,190,7,14,ok,,4.107,n-62-12-5,29052882,2026-08-08T18:06:48+0200
57e2ea76c0c441d7,auto-464e99b7c589,hoenir@5907a3b,hoenir,5907a3b,odin@38e1456,odin,38e1456,quarry,all_official,1,0,rating,a,a,1.0,core_destroyed,141,,9,310,7,32,10,500,10,38,ok,,4.941,n-62-31-10,29052882,2026-08-08T18:06:33+0200
57f5119dd4c69d5d,auto-464e99b7c589,hoenir@5907a3b,hoenir,5907a3b,steward_hardened_reinforced@f61245f,steward_hardened_reinforced,f61245f,showdown,all_official,1,0,rating,a,a,1.0,core_destroyed,98,,6,200,6,14,8,190,6,16,ok,,3.191,n-62-31-18,29052882,2026-08-08T18:07:52+0200
58071cd845c34236,auto-464e99b7c589,hoenir@5907a3b,hoenir,5907a3b,heimdall@daf0de0,heimdall,daf0de0,skerry,all_official,1,0,rating,b,b,0.0,core_destroyed,61,,20,340,10,12,3,330,7,11,ok,,3.818,n-62-21-50,29052882,2026-08-08T18:05:02+0200
58257fcd88bea18c,auto-464e99b7c589,hoenir@5907a3b,hoenir,5907a3b,lockin@90fc9f3,lockin,90fc9f3,fjord,all_official,1,0,rating,a,a,1.0,core_destroyed,73,,10,330,9,20,21,130,10,3,ok,,6.027,n-62-29-24,29052882,2026-08-08T18:05:32+0200
5828175058bc5b77,auto-464e99b7c589,e_t4l7@9e77076,e_t4l7,9e77076,hoenir@5907a3b,hoenir,5907a3b,moonrise,all_official,1,0,rating,b,b,0.0,titanium_collected,1000,,98,20,4,17,20,2470,7,17,ok,,6.249,n-62-30-24,29052882,2026-08-08T18:05:15+0200
586a4c8a1baa73cc,auto-464e99b7c589,hoenir@5907a3b,hoenir,5907a3b,steward_hardened_reinforced@f1f2bda,steward_hardened_reinforced,f1f2bda,drumlin,all_official,1,0,rating,b,b,0.0,core_destroyed,67,,22,300,8,17,19,360,7,17,ok,,3.486,n-62-31-4,29052882,2026-08-08T18:07:47+0200
5871ad67507f580a,auto-464e99b7c589,hoenir@5907a3b,hoenir,5907a3b,aegis@e55aab5,aegis,e55aab5,moonrise,all_official,1,0,rating,a,a,1.0,core_destroyed,118,,20,520,7,11,10,40,2,6,ok,,2.934,n-62-31-24,29052882,2026-08-08T18:04:54+0200
587e531d5bd6dca7,auto-464e99b7c589,hoenir@5907a3b,hoenir,5907a3b,spar_sniper@aa24129,spar_sniper,aa24129,quarry,all_official,1,0,rating,b,b,0.0,core_destroyed,206,,7,470,7,31,32,1340,15,20,ok,,8.285,n-62-31-16,29052882,2026-08-08T18:07:28+0200
588b7ed1774fccea,auto-464e99b7c589,hoenir@5907a3b,hoenir,5907a3b,bastion@840a180,bastion,840a180,eider,all_official,1,0,rating,a,a,1.0,core_destroyed,249,,8,600,8,8,10,600,8,6,ok,,5.15,n-62-21-92,29052882,2026-08-08T18:05:40+0200
58913498e476c39c,auto-464e99b7c589,ostara@832c68a,ostara,832c68a,hoenir@5907a3b,hoenir,5907a3b,snowflake,all_official,1,0,rating,b,b,0.0,core_destroyed,69,,45,410,8,25,9,150,8,11,ok,,4.036,n-62-29-33,29052882,2026-08-08T18:06:14+0200
58b032a95eef1fc8,auto-464e99b7c589,lockin@90fc9f3,lockin,90fc9f3,hoenir@5907a3b,hoenir,5907a3b,fjord,all_official,1,0,rating,b,b,0.0,core_destroyed,48,,133,100,11,4,40,300,9,22,ok,,4.773,n-62-29-24,29052882,2026-08-08T18:05:37+0200
58c7dc18aebab604,auto-464e99b7c589,loki@832c68a,loki,832c68a,hoenir@5907a3b,hoenir,5907a3b,archipelago,all_official,1,0,rating,b,b,0.0,core_destroyed,63,,100,450,7,26,10,360,7,24,ok,,3.163,n-62-29-27,29052882,2026-08-08T18:05:36+0200
58d5707a7f36baa9,auto-464e99b7c589,hoenir@5907a3b,hoenir,5907a3b,jonbot@90fc9f3,jonbot,90fc9f3,runestone,all_official,1,0,rating,a,a,1.0,core_destroyed,301,,10,720,8,15,177,0,7,9,ok,,12.455,n-62-11-68,29052882,2026-08-08T18:06:36+0200
58ea49400f141975,auto-464e99b7c589,hoenir@5907a3b,hoenir,5907a3b,gobbleglitch@6cdc440,gobbleglitch,6cdc440,vase,all_official,1,0,rating,a,a,1.0,core_destroyed,85,,9,170,7,7,60,0,6,0,ok,,3.154,n-62-21-62,29052882,2026-08-08T18:05:10+0200
58fd8e24850c3400,auto-464e99b7c589,jonbot@90fc9f3,jonbot,90fc9f3,hoenir@5907a3b,hoenir,5907a3b,atoll,all_official,1,0,rating,b,b,0.0,core_destroyed,155,,16,0,8,4,3,710,8,18,ok,,5.652,n-62-11-67,29052882,2026-08-08T18:05:28+0200
590f010d93abb8bc,auto-464e99b7c589,snotra@34b0ce8,snotra,34b0ce8,hoenir@5907a3b,hoenir,5907a3b,heart,all_official,1,0,rating,a,a,1.0,core_destroyed,337,,9,0,8,3,10,40,6,5,ok,,5.001,n-62-29-5,29052882,2026-08-08T18:06:59+0200
591791d47c01bbe3,auto-464e99b7c589,bifrost@c70c467,bifrost,c70c467,hoenir@5907a3b,hoenir,5907a3b,jackpot,all_official,1,0,rating,b,b,0.0,core_destroyed,302,,3,1440,15,19,10,620,11,4,ok,,11.505,n-62-28-33,29052882,2026-08-08T18:05:26+0200
591e99d1f9ccd8bb,auto-464e99b7c589,hoenir@5907a3b,hoenir,5907a3b,spork@05ab6a2,spork,05ab6a2,nordkap,all_official,1,0,rating,a,a,1.0,core_destroyed,645,,10,1580,8,15,8,50,7,5,ok,,7.283,n-62-11-58,29052882,2026-08-08T18:07:36+0200
59227987bd2ada50,auto-464e99b7c589,hoenir@5907a3b,hoenir,5907a3b,snotra_h@4437c29,snotra_h,4437c29,pinch,all_official,1,0,rating,b,b,0.0,core_destroyed,333,,10,100,8,6,9,160,8,5,ok,,5.003,n-62-11-67,29052882,2026-08-08T18:07:15+0200
59328ff211df98a5,auto-464e99b7c589,hoenir@5907a3b,hoenir,5907a3b,skadi@1e4eddf,skadi,1e4eddf,antler,all_official,1,0,rating,a,a,1.0,core_destroyed,73,,18,320,6,8,60,310,5,9,ok,,3.482,n-62-31-11,29052882,2026-08-08T18:07:09+0200
593cc18d6b3ce1a6,auto-464e99b7c589,ostara@832c68a,ostara,832c68a,hoenir@5907a3b,hoenir,5907a3b,twins,all_official,1,0,rating,a,a,1.0,core_destroyed,345,,9,970,8,8,9,820,8,6,ok,,6.37,n-62-29-27,29052882,2026-08-08T18:06:17+0200
596659df6d4710da,auto-464e99b7c589,skadi@821d792,skadi,821d792,hoenir@5907a3b,hoenir,5907a3b,aurora,all_official,1,0,rating,b,b,0.0,core_destroyed,87,,66,530,10,28,28,510,9,28,ok,,4.12,n-62-11-55,29052882,2026-08-08T18:06:59+0200
596aff0e072115bd,auto-464e99b7c589,hoenir@5907a3b,hoenir,5907a3b,steward_hardened_reinforced@04300bf,steward_hardened_reinforced,04300bf,bridge,all_official,1,0,rating,a,a,1.0,core_destroyed,143,,44,850,15,19,257,0,3,2,ok,,6.176,n-62-28-34,29052882,2026-08-08T18:07:26+0200
598ca5ce62e3cb29,auto-464e99b7c589,prospect_rushonly@bf9b3e3,prospect_rushonly,bf9b3e3,hoenir@5907a3b,hoenir,5907a3b,vase,all_official,1,0,rating,b,b,0.0,core_destroyed,99,,7,0,8,5,9,210,6,7,ok,,3.5,n-62-31-19,29052882,2026-08-08T18:06:23+0200
5997e6bff62a42ef,auto-464e99b7c589,forseti@37dc858,forseti,37dc858,hoenir@5907a3b,hoenir,5907a3b,bridge,all_official,1,0,rating,b,b,0.0,core_destroyed,145,,48,0,7,12,33,670,11,15,ok,,5.115,n-62-11-55,29052882,2026-08-08T18:04:47+0200
59a0ad1b6336f08f,auto-464e99b7c589,ostara@832c68a,ostara,832c68a,hoenir@5907a3b,hoenir,5907a3b,runestone,all_official,1,0,rating,b,b,0.0,core_destroyed,313,,9,970,8,15,8,890,7,14,ok,,5.325,n-62-29-9,29052882,2026-08-08T18:06:32+0200
59b5e171df9cf84e,auto-464e99b7c589,sif@3fc5cd8,sif,3fc5cd8,hoenir@5907a3b,hoenir,5907a3b,heart,all_official,1,0,rating,b,b,0.0,core_destroyed,93,,7,170,6,15,9,140,6,11,ok,,3.309,n-62-21-92,29052882,2026-08-08T18:06:42+0200
59bbd5de2ff7d54c,auto-464e99b7c589,hoenir@5907a3b,hoenir,5907a3b,steward_hardened_reinforced@04300bf,steward_hardened_reinforced,04300bf,duel,all_official,1,0,rating,a,a,1.0,core_destroyed,57,,9,240,8,7,208,240,5,6,ok,,2.753,n-62-12-5,29052882,2026-08-08T18:07:04+0200
59c122f18266f5c2,auto-464e99b7c589,odin@38e1456,odin,38e1456,hoenir@5907a3b,hoenir,5907a3b,sweden,all_official,1,0,rating,b,b,0.0,core_destroyed,275,,47,160,6,12,21,650,10,18,ok,,7.759,n-62-21-98,29052882,2026-08-08T18:07:17+0200
59d0b5b8dd62810b,auto-464e99b7c589,aegis@e55aab5,aegis,e55aab5,hoenir@5907a3b,hoenir,5907a3b,atoll,all_official,1,0,rating,b,b,0.0,core_destroyed,57,,8,130,9,6,7,210,9,7,ok,,3.488,n-62-31-4,29052882,2026-08-08T18:04:58+0200
59d341caf2ce4ebb,auto-464e99b7c589,hoenir@5907a3b,hoenir,5907a3b,odin@93e46da,odin,93e46da,moonrise,all_official,1,0,rating,a,a,1.0,core_destroyed,119,,9,520,7,9,10,90,8,6,ok,,3.471,n-62-28-33,29052882,2026-08-08T18:07:55+0200
59d7565754f5f2a2,auto-464e99b7c589,steward_hardened_reinforced@672ee02,steward_hardened_reinforced,672ee02,hoenir@5907a3b,hoenir,5907a3b,pinch,all_official,1,0,rating,b,b,0.0,core_destroyed,312,,16,100,8,1,20,760,6,9,ok,,3.92,n-62-31-23,29052882,2026-08-08T18:07:52+0200
59f6bec09e428be2,auto-464e99b7c589,hoenir@5907a3b,hoenir,5907a3b,spork@05ab6a2,spork,05ab6a2,archipelago,all_official,1,0,rating,b,b,0.0,core_destroyed,67,,112,610,9,28,80,640,8,39,ok,,4.11,n-62-28-28,29052882,2026-08-08T18:07:09+0200
5a09212bfd616d3b,auto-464e99b7c589,hoenir@5907a3b,hoenir,5907a3b,odin@93e46da,odin,93e46da,jackpot,all_official,1,0,rating,a,a,1.0,core_destroyed,355,,64,1260,9,18,71,860,13,10,ok,,9.685,n-62-28-33,29052882,2026-08-08T18:06:11+0200
5a15bc836919722d,auto-464e99b7c589,gobbleglitch@6cdc440,gobbleglitch,6cdc440,hoenir@5907a3b,hoenir,5907a3b,skerry,all_official,1,0,rating,b,b,0.0,core_destroyed,71,,50,110,11,2,10,310,9,11,ok,,3.142,n-62-12-66,29052882,2026-08-08T18:04:42+0200
5a2240fac19787df,auto-464e99b7c589,hoenir@5907a3b,hoenir,5907a3b,snotra@34b0ce8,snotra,34b0ce8,eider,all_official,1,0,rating,a,a,1.0,core_destroyed,88,,28,460,7,12,16,450,7,9,ok,,3.311,n-62-29-29,29052882,2026-08-08T18:07:04+0200
5a35b5ca376e41c1,auto-464e99b7c589,maporacle@38e1456,maporacle,38e1456,hoenir@5907a3b,hoenir,5907a3b,vault,all_official,1,0,rating,b,b,0.0,core_destroyed,83,,4,260,10,8,7,370,9,7,ok,,5.155,n-62-21-3,29052882,2026-08-08T18:06:04+0200
5a37899c255d08e1,auto-464e99b7c589,spork@05ab6a2,spork,05ab6a2,hoenir@5907a3b,hoenir,5907a3b,heart,all_official,1,0,rating,b,b,0.0,core_destroyed,93,,7,170,6,15,9,140,6,11,ok,,2.869,n-62-11-51,29052882,2026-08-08T18:07:16+0200
5a4d832e4cb1aa4d,auto-464e99b7c589,hoenir@5907a3b,hoenir,5907a3b,mistral@90fc9f3,mistral,90fc9f3,sweden,all_official,1,0,rating,a,a,1.0,core_destroyed,67,,10,130,10,14,384,0,4,0,ok,,5.091,n-62-21-5,29052882,2026-08-08T18:06:25+0200
5a66d62ab75fd726,auto-464e99b7c589,janus@8a1e7a1,janus,8a1e7a1,hoenir@5907a3b,hoenir,5907a3b,eider,all_official,1,0,rating,b,b,0.0,core_destroyed,44,,19,90,8,7,19,150,7,7,ok,,2.964,n-62-21-64,29052882,2026-08-08T18:05:32+0200
5a6ef17885c373ad,auto-464e99b7c589,hoenir@5907a3b,hoenir,5907a3b,magni@3677a66,magni,3677a66,fjord,all_official,1,0,rating,a,a,1.0,core_destroyed,64,,49,420,8,18,17,390,9,14,ok,,3.342,n-62-11-51,29052882,2026-08-08T18:05:31+0200
5a78952218d31fdb,auto-464e99b7c589,hoenir@5907a3b,hoenir,5907a3b,steward_hardened_reinforced@a994296,steward_hardened_reinforced,a994296,showdown,all_official,1,0,rating,a,a,1.0,core_destroyed,98,,6,160,6,13,8,190,6,16,ok,,2.65,n-62-11-62,29052882,2026-08-08T18:07:26+0200
5a7d0cf17ae8248e,auto-464e99b7c589,audhumla@a7faecd,audhumla,a7faecd,hoenir@5907a3b,hoenir,5907a3b,heart,all_official,1,0,rating,b,b,0.0,core_destroyed,151,,5,310,9,23,7,310,7,26,ok,,5.341,n-62-11-60,29052882,2026-08-08T18:05:20+0200
5a7d9b1e39084a3c,auto-464e99b7c589,loki@832c68a,loki,832c68a,hoenir@5907a3b,hoenir,5907a3b,string,all_official,1,0,rating,a,a,1.0,titanium_collected,1000,,208,5050,25,13,58,2510,12,9,ok,,33.295,n-62-31-18,29052882,2026-08-08T18:06:33+0200
5a7f9989960917d5,auto-464e99b7c589,hoenir@5907a3b,hoenir,5907a3b,audhumla@a7faecd,audhumla,a7faecd,atoll,all_official,1,0,rating,a,a,1.0,core_destroyed,72,,18,300,8,19,19,320,11,17,ok,,4.683,n-62-11-61,29052882,2026-08-08T18:04:40+0200
5a842d68601d7842,auto-464e99b7c589,hoenir@5907a3b,hoenir,5907a3b,skadi@aad5f44,skadi,aad5f44,duel,all_official,1,0,rating,a,a,1.0,core_destroyed,241,,8,590,7,3,9,610,5,6,ok,,3.602,n-62-29-9,29052882,2026-08-08T18:07:48+0200
5a88a26ffd5c47a4,auto-464e99b7c589,sif@3fc5cd8,sif,3fc5cd8,hoenir@5907a3b,hoenir,5907a3b,lighthouse,all_official,1,0,rating,b,b,0.0,core_destroyed,109,,8,690,7,25,37,690,7,11,ok,,3.519,n-62-21-92,29052882,2026-08-08T18:07:51+0200
5a9872f1327df12a,auto-464e99b7c589,hoenir@5907a3b,hoenir,5907a3b,hodr@ea88247,hodr,ea88247,fjord,all_official,1,0,rating,a,a,1.0,core_destroyed,64,,49,420,8,18,17,390,9,14,ok,,3.522,n-62-21-54,29052882,2026-08-08T18:04:48+0200
5ab0fc3a970b6016,auto-464e99b7c589,hoenir@5907a3b,hoenir,5907a3b,gefn@46ac5e6,gefn,46ac5e6,drumlin,all_official,1,0,rating,a,a,1.0,core_destroyed,54,,18,260,7,19,9,330,7,17,ok,,3.176,n-62-21-7,29052882,2026-08-08T18:05:55+0200
5abb34089418e7db,auto-464e99b7c589,bastion@840a180,bastion,840a180,hoenir@5907a3b,hoenir,5907a3b,sweden,all_official,1,0,rating,b,b,0.0,core_destroyed,128,,66,0,8,14,39,280,6,14,ok,,4.627,n-62-21-97,29052882,2026-08-08T18:04:45+0200
5ac87c485c84e8d4,auto-464e99b7c589,jonbot_190003d@90fc9f3,jonbot_190003d,90fc9f3,hoenir@5907a3b,hoenir,5907a3b,heart,all_official,1,0,rating,b,b,0.0,core_destroyed,83,,1,90,8,17,8,210,5,16,ok,,3.16,n-62-21-92,29052882,2026-08-08T18:05:45+0200
5acc73c6ba3f530c,auto-464e99b7c589,pantheon_replica_day3@aa8bae0,pantheon_replica_day3,aa8bae0,hoenir@5907a3b,hoenir,5907a3b,vase,all_official,1,0,rating,b,b,0.0,core_destroyed,470,,108,0,4,4,36,1140,11,9,ok,,11.005,n-62-31-17,29052882,2026-08-08T18:07:48+0200
5ae9d65a96a35481,auto-464e99b7c589,hoenir@5907a3b,hoenir,5907a3b,mjolnir@2e6c876,mjolnir,2e6c876,drumlin,all_official,1,0,rating,a,a,1.0,core_destroyed,64,,31,550,9,37,72,320,8,30,ok,,3.879,n-62-31-7,29052882,2026-08-08T18:06:35+0200
5aef8a4ce2342b89,auto-464e99b7c589,hoenir@5907a3b,hoenir,5907a3b,hodr@ea88247,hodr,ea88247,nordkap,all_official,1,0,rating,a,a,1.0,core_destroyed,413,,9,80,9,7,10,100,8,6,ok,,7.55,n-62-21-56,29052882,2026-08-08T18:04:43+0200
5b023fdf4c95b7ed,auto-464e99b7c589,hoenir@5907a3b,hoenir,5907a3b,snotra@34b0ce8,snotra,34b0ce8,archipelago,all_official,1,0,rating,b,b,0.0,core_destroyed,63,,100,450,7,26,10,360,7,24,ok,,3.557,n-62-29-34,29052882,2026-08-08T18:06:51+0200
5b506ab759877609,auto-464e99b7c589,fulla@ec5aa19,fulla,ec5aa19,hoenir@5907a3b,hoenir,5907a3b,fjord,all_official,1,0,rating,b,b,0.0,core_destroyed,148,,10,380,4,12,49,1050,9,19,ok,,4.87,n-62-21-2,29052882,2026-08-08T18:04:54+0200
5b518bfdf70635cc,auto-464e99b7c589,sif@3fc5cd8,sif,3fc5cd8,hoenir@5907a3b,hoenir,5907a3b,bridge,all_official,1,0,rating,b,b,0.0,core_destroyed,489,,73,0,9,6,10,1080,15,14,ok,,13.674,n-62-11-63,29052882,2026-08-08T18:07:09+0200
5b548bb34e969dcd,auto-464e99b7c589,janus@8a1e7a1,janus,8a1e7a1,hoenir@5907a3b,hoenir,5907a3b,longship,all_official,1,0,rating,b,b,0.0,core_destroyed,278,,27,670,9,5,6,670,6,13,ok,,5.055,n-62-31-5,29052882,2026-08-08T18:05:19+0200
5b5a30e11c847bc1,auto-464e99b7c589,hoenir@5907a3b,hoenir,5907a3b,bastion@840a180,bastion,840a180,archipelago,all_official,1,0,rating,a,a,1.0,core_destroyed,69,,33,500,8,26,26,180,9,27,ok,,3.863,n-62-11-64,29052882,2026-08-08T18:04:57+0200
5b74d4c0f4b999bb,auto-464e99b7c589,jonbot@90fc9f3,jonbot,90fc9f3,hoenir@5907a3b,hoenir,5907a3b,crossfire,all_official,1,0,rating,b,b,0.0,core_destroyed,486,,310,0,7,8,10,1200,7,16,ok,,7.554,n-62-11-67,29052882,2026-08-08T18:06:39+0200
5b7e017cd175beca,auto-464e99b7c589,hoenir@5907a3b,hoenir,5907a3b,pantheon_replica_day3@aa8bae0,pantheon_replica_day3,aa8bae0,snowflake,all_official,1,0,rating,a,a,1.0,core_destroyed,45,,29,350,8,20,10,60,9,9,ok,,3.498,n-62-30-24,29052882,2026-08-08T18:06:45+0200
5b82e5988a4c31fc,auto-464e99b7c589,hoenir@5907a3b,hoenir,5907a3b,steward_hardened_reinforced@04300bf,steward_hardened_reinforced,04300bf,fjordgate,all_official,1,0,rating,a,a,1.0,core_destroyed,123,,20,550,6,25,227,10,2,3,ok,,2.859,n-62-12-5,29052882,2026-08-08T18:07:28+0200
5b83cdb793efbdfb,auto-464e99b7c589,hoenir@5907a3b,hoenir,5907a3b,steward_hardened_reinforced@cdc552f,steward_hardened_reinforced,cdc552f,duel,all_official,1,0,rating,a,a,1.0,core_destroyed,43,,9,170,8,7,10,170,8,6,ok,,3.07,n-62-28-31,29052882,2026-08-08T18:07:38+0200
5b98cbfab9268f30,auto-464e99b7c589,hoenir@5907a3b,hoenir,5907a3b,njord@f66a427,njord,f66a427,aurora,all_official,1,0,rating,a,a,1.0,core_destroyed,140,,19,640,8,19,16,60,8,15,ok,,4.937,n-62-11-67,29052882,2026-08-08T18:06:28+0200
5ba89feafb0cc59a,auto-464e99b7c589,loki@832c68a,loki,832c68a,hoenir@5907a3b,hoenir,5907a3b,fjord,all_official,1,0,rating,b,b,0.0,core_destroyed,146,,4,380,4,16,37,1030,9,19,ok,,4.278,n-62-29-34,29052882,2026-08-08T18:06:04+0200
5bb821e5984a95cf,auto-464e99b7c589,hoenir@5907a3b,hoenir,5907a3b,maporacle@38e1456,maporacle,38e1456,vault,all_official,1,0,rating,a,a,1.0,core_destroyed,71,,8,300,8,8,9,310,9,8,ok,,4.377,n-62-21-3,29052882,2026-08-08T18:05:58+0200
5bc099e92389f811,auto-464e99b7c589,skadi@1e4eddf,skadi,1e4eddf,hoenir@5907a3b,hoenir,5907a3b,snowflake,all_official,1,0,rating,a,a,1.0,core_destroyed,87,,9,650,10,21,12,190,7,14,ok,,3.946,n-62-11-58,29052882,2026-08-08T18:07:08+0200
5bd7745741f4d024,auto-464e99b7c589,skadi@1e4eddf,skadi,1e4eddf,hoenir@5907a3b,hoenir,5907a3b,jackpot,all_official,1,0,rating,a,a,1.0,titanium_collected,1000,,2579,6000,9,25,45,4910,20,19,ok,,31.903,n-62-28-28,29052882,2026-08-08T18:07:16+0200
5bfb009265c84ba3,auto-464e99b7c589,hoenir@5907a3b,hoenir,5907a3b,gefn@46ac5e6,gefn,46ac5e6,sprint,all_official,1,0,rating,b,b,0.0,core_destroyed,187,,7,20,7,4,17,440,6,6,ok,,3.778,n-62-21-16,29052882,2026-08-08T18:05:15+0200
5bfbe2a2b3205bb1,auto-464e99b7c589,hoenir@5907a3b,hoenir,5907a3b,pantheon_replica_day3@aa8bae0,pantheon_replica_day3,aa8bae0,strait,all_official,1,0,rating,a,a,1.0,core_destroyed,114,,16,260,8,12,2,120,8,14,ok,,4.574,n-62-31-17,29052882,2026-08-08T18:06:13+0200
5bffd1ee8bbb0616,auto-464e99b7c589,hoenir@5907a3b,hoenir,5907a3b,steward_hardened_reinforced@a994296,steward_hardened_reinforced,a994296,fjord,all_official,1,0,rating,a,a,1.0,core_destroyed,64,,49,420,8,18,17,390,9,14,ok,,3.629,n-62-11-60,29052882,2026-08-08T18:07:36+0200
5c3baaec2cda3115,auto-464e99b7c589,hoenir@5907a3b,hoenir,5907a3b,e_t4l7@9e77076,e_t4l7,9e77076,heart,all_official,1,0,rating,b,b,0.0,harvesters,1000,,16,2440,7,18,1971,2440,9,21,ok,,10.803,n-62-30-23,29052882,2026-08-08T18:04:57+0200
5c42d750c1354aae,auto-464e99b7c589,hoenir@5907a3b,hoenir,5907a3b,bastion@840a180,bastion,840a180,showdown,all_official,1,0,rating,a,a,1.0,core_destroyed,59,,4,0,4,5,10,0,8,0,ok,,2.744,n-62-31-11,29052882,2026-08-08T18:05:24+0200
5c46d0627928f49c,auto-464e99b7c589,jonbot_190003d@90fc9f3,jonbot_190003d,90fc9f3,hoenir@5907a3b,hoenir,5907a3b,fjord,all_official,1,0,rating,b,b,0.0,core_destroyed,95,,0,0,8,4,9,440,8,16,ok,,3.725,n-62-21-92,29052882,2026-08-08T18:05:27+0200
5c4c49b81180829d,auto-464e99b7c589,steward_hardened_reinforced@04300bf,steward_hardened_reinforced,04300bf,hoenir@5907a3b,hoenir,5907a3b,quarry,all_official,1,0,rating,a,a,1.0,core_destroyed,67,,18,320,9,18,10,0,8,5,ok,,3.576,n-62-11-55,29052882,2026-08-08T18:07:47+0200
5c5feccd8fce1289,auto-464e99b7c589,loki@9ac8974,loki,9ac8974,hoenir@5907a3b,hoenir,5907a3b,crossfire,all_official,1,0,rating,a,a,1.0,titanium_collected,1000,,18,180,7,6,16,140,9,5,ok,,7.487,n-62-31-13,29052882,2026-08-08T18:06:16+0200
5c77c2d1c1895092,auto-464e99b7c589,hoenir@5907a3b,hoenir,5907a3b,spar_mender@d5b46bc,spar_mender,d5b46bc,strait,all_official,1,0,rating,a,a,1.0,core_destroyed,199,,30,1050,7,55,35,0,10,6,ok,,5.369,n-62-31-10,29052882,2026-08-08T18:07:08+0200
5c7e5013115599ca,auto-464e99b7c589,hoenir@5907a3b,hoenir,5907a3b,e_t4l7@9e77076,e_t4l7,9e77076,showdown,all_official,1,0,rating,a,a,1.0,core_destroyed,65,,8,120,6,15,64,0,6,12,ok,,2.352,n-62-30-25,29052882,2026-08-08T18:05:48+0200
5c8abc5367dd0b0c,auto-464e99b7c589,hoenir@5907a3b,hoenir,5907a3b,skadi@821d792,skadi,821d792,nordkap,all_official,1,0,rating,a,a,1.0,core_destroyed,66,,8,140,8,5,43,240,7,11,ok,,3.143,n-62-12-2,29052882,2026-08-08T18:06:52+0200
5ca1984a1ec9a4f7,auto-464e99b7c589,hoenir@5907a3b,hoenir,5907a3b,ostara@832c68a,ostara,832c68a,skerry,all_official,1,0,rating,b,b,0.0,core_destroyed,55,,19,230,11,10,9,350,9,21,ok,,4.051,n-62-29-9,29052882,2026-08-08T18:06:52+0200
5cadcd275e1445db,auto-464e99b7c589,gefjon@f66a427,gefjon,f66a427,hoenir@5907a3b,hoenir,5907a3b,archipelago,all_official,1,0,rating,b,b,0.0,core_destroyed,68,,18,480,9,25,19,330,7,23,ok,,3.968,n-62-21-10,29052882,2026-08-08T18:04:52+0200
5cb096b7c5227d11,auto-464e99b7c589,mimir@cfc1ec4,mimir,cfc1ec4,hoenir@5907a3b,hoenir,5907a3b,jackpot,all_official,1,0,rating,a,a,1.0,core_destroyed,378,,30,1820,22,24,66,1790,24,19,ok,,21.733,n-62-21-17,29052882,2026-08-08T18:06:01+0200
5cbc258ef4c9c798,auto-464e99b7c589,hoenir@5907a3b,hoenir,5907a3b,magni@3677a66,magni,3677a66,hive,all_official,1,0,rating,b,b,0.0,core_destroyed,267,,7,640,6,17,17,730,9,14,ok,,6.15,n-62-11-51,29052882,2026-08-08T18:06:00+0200
5cd644a20f633225,auto-464e99b7c589,hoenir@5907a3b,hoenir,5907a3b,skadi@1e4eddf,skadi,1e4eddf,sprint,all_official,1,0,rating,a,a,1.0,core_destroyed,201,,9,0,7,3,10,0,4,1,ok,,2.732,n-62-11-58,29052882,2026-08-08T18:07:11+0200
5cdfb791d580acb0,auto-464e99b7c589,aegis@e55aab5,aegis,e55aab5,hoenir@5907a3b,hoenir,5907a3b,quarry,all_official,1,0,rating,a,a,1.0,core_destroyed,75,,42,360,7,23,37,120,10,7,ok,,3.883,n-62-31-22,29052882,2026-08-08T18:04:44+0200
5cfe934c2bd7de9b,auto-464e99b7c589,hoenir@5907a3b,hoenir,5907a3b,jonbot_190003d@90fc9f3,jonbot_190003d,90fc9f3,strait,all_official,1,0,rating,a,a,1.0,core_destroyed,72,,23,300,8,24,271,130,7,9,ok,,3.547,n-62-31-11,29052882,2026-08-08T18:05:54+0200
5d01ce75b91c98ae,auto-464e99b7c589,prospect@bf9b3e3,prospect,bf9b3e3,hoenir@5907a3b,hoenir,5907a3b,aurora,all_official,1,0,rating,b,b,0.0,core_destroyed,92,,20,120,9,3,18,210,7,13,ok,,3.703,n-62-31-4,29052882,2026-08-08T18:06:48+0200
5d0a299c4bd22d24,auto-464e99b7c589,janus@8a1e7a1,janus,8a1e7a1,hoenir@5907a3b,hoenir,5907a3b,snowflake,all_official,1,0,rating,a,a,1.0,core_destroyed,90,,8,420,8,16,6,200,7,10,ok,,3.466,n-62-31-24,29052882,2026-08-08T18:05:21+0200
5d0b8ac5bd3219e1,auto-464e99b7c589,hoenir@5907a3b,hoenir,5907a3b,odin@38e1456,odin,38e1456,longship,all_official,1,0,rating,a,a,1.0,core_destroyed,202,,6,940,11,15,20,740,8,27,ok,,5.364,n-62-31-9,29052882,2026-08-08T18:07:02+0200
5d0d8055649277ab,auto-464e99b7c589,hoenir@5907a3b,hoenir,5907a3b,gefjon@f66a427,gefjon,f66a427,sprint,all_official,1,0,rating,a,a,1.0,core_destroyed,139,,34,860,8,16,7,490,6,6,ok,,4.121,n-62-21-11,29052882,2026-08-08T18:04:48+0200
5d211de9f5183f21,auto-464e99b7c589,hoenir@5907a3b,hoenir,5907a3b,jotunn@6b39ebb,jotunn,6b39ebb,aurora,all_official,1,0,rating,a,a,1.0,core_destroyed,233,,47,1570,12,32,17,690,6,33,ok,,7.289,n-62-21-97,29052882,2026-08-08T18:05:49+0200
5d46a7e3739f7520,auto-464e99b7c589,hoenir@5907a3b,hoenir,5907a3b,njord@f66a427,njord,f66a427,jackpot,all_official,1,0,rating,a,a,1.0,core_destroyed,59,,10,230,7,24,22,0,10,1,ok,,3.839,n-62-11-60,29052882,2026-08-08T18:06:41+0200
5d6eece7abf0f41d,auto-464e99b7c589,hoenir@5907a3b,hoenir,5907a3b,heimdall@daf0de0,heimdall,daf0de0,snowflake,all_official,1,0,rating,a,a,1.0,core_destroyed,71,,39,670,9,21,10,210,6,16,ok,,3.767,n-62-21-50,29052882,2026-08-08T18:05:10+0200
5d72c3ad7f300d7b,auto-464e99b7c589,hoenir@5907a3b,hoenir,5907a3b,fulla@ec5aa19,fulla,ec5aa19,showdown,all_official,1,0,rating,a,a,1.0,core_destroyed,525,,9,1270,6,17,11,760,6,2,ok,,5.096,n-62-21-6,29052882,2026-08-08T18:04:41+0200
5d8c66088486e8d4,auto-464e99b7c589,bifrost@c70c467,bifrost,c70c467,hoenir@5907a3b,hoenir,5907a3b,heart,all_official,1,0,rating,b,b,0.0,core_destroyed,689,,10,0,8,2,9,40,6,4,ok,,8.477,n-62-28-33,29052882,2026-08-08T18:04:53+0200
5d90c921f0c9a3a1,auto-464e99b7c589,hoenir@5907a3b,hoenir,5907a3b,gefjon@f66a427,gefjon,f66a427,strait,all_official,1,0,rating,a,a,1.0,core_destroyed,66,,6,260,7,21,8,300,9,25,ok,,3.71,n-62-21-11,29052882,2026-08-08T18:04:58+0200
5d952c0a117ad4e7,auto-464e99b7c589,hoenir@5907a3b,hoenir,5907a3b,gefjon@f66a427,gefjon,f66a427,moonrise,all_official,1,0,rating,a,a,1.0,core_destroyed,77,,10,310,8,11,9,40,5,15,ok,,3.607,n-62-21-24,29052882,2026-08-08T18:05:00+0200
5daf040e73e3040f,auto-464e99b7c589,aegis@e55aab5,aegis,e55aab5,hoenir@5907a3b,hoenir,5907a3b,moonrise,all_official,1,0,rating,a,a,1.0,core_destroyed,111,,10,470,7,12,7,110,4,5,ok,,3.276,n-62-31-24,29052882,2026-08-08T18:04:58+0200
5db24400c9e1b0fb,auto-464e99b7c589,loki@832c68a,loki,832c68a,hoenir@5907a3b,hoenir,5907a3b,eider,all_official,1,0,rating,b,b,0.0,core_destroyed,112,,253,720,8,18,20,700,7,19,ok,,4.17,n-62-29-34,29052882,2026-08-08T18:05:56+0200
5db5a15e7ee75028,auto-464e99b7c589,hoenir@5907a3b,hoenir,5907a3b,casemate_oracle@90fc9f3,casemate_oracle,90fc9f3,vault,all_official,1,0,rating,a,a,1.0,core_destroyed,66,,12,280,9,25,245,0,3,24,ok,,4.844,n-62-29-27,29052882,2026-08-08T18:05:30+0200
5db6c40dfe74c132,auto-464e99b7c589,snotra@34b0ce8,snotra,34b0ce8,hoenir@5907a3b,hoenir,5907a3b,snowflake,all_official,1,0,rating,a,a,1.0,core_destroyed,65,,30,600,11,19,7,140,8,11,ok,,3.861,n-62-30-25,29052882,2026-08-08T18:06:50+0200
5dc1a9d52369a577,auto-464e99b7c589,steward_hardened_reinforced@c04e46e,steward_hardened_reinforced,c04e46e,hoenir@5907a3b,hoenir,5907a3b,antler,all_official,1,0,rating,a,a,1.0,core_destroyed,104,,33,660,5,12,16,470,8,12,ok,,2.863,n-62-11-64,29052882,2026-08-08T18:07:32+0200
5de05afe52be7bc9,auto-464e99b7c589,hoenir@5907a3b,hoenir,5907a3b,bifrost@c70c467,bifrost,c70c467,archipelago,all_official,1,0,rating,b,b,0.0,core_destroyed,63,,100,450,7,26,10,360,7,24,ok,,3.908,n-62-28-28,29052882,2026-08-08T18:04:39+0200
5de6874a2fb9bb16,auto-464e99b7c589,hoenir@5907a3b,hoenir,5907a3b,gobbleglitch@6cdc440,gobbleglitch,6cdc440,atoll,all_official,1,0,rating,a,a,1.0,core_destroyed,63,,9,260,10,7,59,110,6,10,ok,,3.195,n-62-21-23,29052882,2026-08-08T18:05:10+0200
5df52fef744e0910,auto-464e99b7c589,fulla@ec5aa19,fulla,ec5aa19,hoenir@5907a3b,hoenir,5907a3b,snowflake,all_official,1,0,rating,a,a,1.0,core_destroyed,65,,30,600,11,19,7,140,8,11,ok,,4.3,n-62-21-6,29052882,2026-08-08T18:05:02+0200
5e045086ff7b61f5,auto-464e99b7c589,heimdall@daf0de0,heimdall,daf0de0,hoenir@5907a3b,hoenir,5907a3b,nordkap,all_official,1,0,rating,b,b,0.0,core_destroyed,345,,10,120,6,1,9,30,8,10,ok,,4.659,n-62-21-69,29052882,2026-08-08T18:04:57+0200
5e1162f7ba328c69,auto-464e99b7c589,hoenir@5907a3b,hoenir,5907a3b,sif@3fc5cd8,sif,3fc5cd8,runestone,all_official,1,0,rating,b,b,0.0,core_destroyed,168,,10,70,8,11,20,780,9,37,ok,,4.135,n-62-31-9,29052882,2026-08-08T18:06:35+0200
5e21272b0e6238a5,auto-464e99b7c589,pantheon_replica_day3@aa8bae0,pantheon_replica_day3,aa8bae0,hoenir@5907a3b,hoenir,5907a3b,hive,all_official,1,0,rating,a,a,1.0,core_destroyed,825,,10,150,8,11,10,2040,9,18,ok,,9.427,n-62-30-23,29052882,2026-08-08T18:06:20+0200
5e370d8cc82372ae,auto-464e99b7c589,hoenir@5907a3b,hoenir,5907a3b,mjolnir@2e6c876,mjolnir,2e6c876,archipelago,all_official,1,0,rating,a,a,1.0,core_destroyed,102,,89,1240,11,31,59,380,9,17,ok,,5.082,n-62-21-11,29052882,2026-08-08T18:06:20+0200
5e450fde9cdd8391,auto-464e99b7c589,hoenir@5907a3b,hoenir,5907a3b,bastion@840a180,bastion,840a180,fjord,all_official,1,0,rating,a,a,1.0,core_destroyed,92,,18,430,8,7,20,250,5,4,ok,,3.591,n-62-31-9,29052882,2026-08-08T18:04:39+0200
5e8fc47f4fa79469,auto-464e99b7c589,hoenir@5907a3b,hoenir,5907a3b,e_t4l7@9e77076,e_t4l7,9e77076,runestone,all_official,1,0,rating,a,a,1.0,core_destroyed,399,,10,970,8,15,1758,1920,8,13,ok,,5.546,n-62-30-25,29052882,2026-08-08T18:05:05+0200
5ea87b881be27b21,auto-464e99b7c589,hoenir@5907a3b,hoenir,5907a3b,gefn@46ac5e6,gefn,46ac5e6,showdown,all_official,1,0,rating,a,a,1.0,core_destroyed,466,,8,1120,6,17,8,740,6,7,ok,,4.183,n-62-21-16,29052882,2026-08-08T18:04:51+0200
5eb743c777b44d97,auto-464e99b7c589,spar_mender@7ed1acc,spar_mender,7ed1acc,hoenir@5907a3b,hoenir,5907a3b,string,all_official,1,0,rating,b,b,0.0,core_destroyed,197,,91,480,4,5,54,1270,13,17,ok,,6.746,n-62-11-62,29052882,2026-08-08T18:07:45+0200
5ec4a8286f309863,auto-464e99b7c589,spork@05ab6a2,spork,05ab6a2,hoenir@5907a3b,hoenir,5907a3b,vault,all_official,1,0,rating,b,b,0.0,core_destroyed,91,,6,320,10,12,8,410,8,18,ok,,3.968,n-62-28-31,29052882,2026-08-08T18:07:36+0200
5f0b9593271e1a96,auto-464e99b7c589,hoenir@5907a3b,hoenir,5907a3b,aegis@e55aab5,aegis,e55aab5,snowflake,all_official,1,0,rating,a,a,1.0,core_destroyed,72,,29,680,9,21,16,290,5,16,ok,,4.176,n-62-31-23,29052882,2026-08-08T18:04:40+0200
5f21e7ed77da7a01,auto-464e99b7c589,hodr@ea88247,hodr,ea88247,hoenir@5907a3b,hoenir,5907a3b,longship,all_official,1,0,rating,b,b,0.0,core_destroyed,409,,9,1000,8,11,8,1000,6,12,ok,,5.764,n-62-21-55,29052882,2026-08-08T18:05:52+0200
5f2c42d25976de57,auto-464e99b7c589,hoenir@5907a3b,hoenir,5907a3b,jotunn@6b39ebb,jotunn,6b39ebb,twins,all_official,1,0,rating,a,a,1.0,core_destroyed,187,,2,810,8,46,0,470,11,20,ok,,5.048,n-62-29-13,29052882,2026-08-08T18:06:24+0200
5f33652248a79724,auto-464e99b7c589,hoenir@5907a3b,hoenir,5907a3b,pantheon_replica_day3@aa8bae0,pantheon_replica_day3,aa8bae0,string,all_official,1,0,rating,b,b,0.0,core_destroyed,213,,125,40,8,3,10,0,6,2,ok,,5.211,n-62-31-17,29052882,2026-08-08T18:06:24+0200
5f7193cf55f36c1a,auto-464e99b7c589,spar_mender@7ed1acc,spar_mender,7ed1acc,hoenir@5907a3b,hoenir,5907a3b,heart,all_official,1,0,rating,a,draw,0.5,coinflip,1000,,18,0,13,4,18,0,5,4,ok,,20.312,n-62-31-14,29052882,2026-08-08T18:07:40+0200
5f8e0d1b0628fa85,auto-464e99b7c589,hoenir@5907a3b,hoenir,5907a3b,ragnarok_fair@79582fc,ragnarok_fair,79582fc,twins,all_official,1,0,rating,a,a,1.0,core_destroyed,186,,8,440,8,8,8,90,7,12,ok,,3.881,n-62-11-66,29052882,2026-08-08T18:07:02+0200
5fa2b6def5414305,auto-464e99b7c589,hoenir@5907a3b,hoenir,5907a3b,lockin@90fc9f3,lockin,90fc9f3,runestone,all_official,1,0,rating,a,a,1.0,core_destroyed,72,,20,270,9,16,67,150,10,7,ok,,7.086,n-62-29-31,29052882,2026-08-08T18:05:58+0200
5fa34ced97bb6683,auto-464e99b7c589,jonbot@90fc9f3,jonbot,90fc9f3,hoenir@5907a3b,hoenir,5907a3b,fjord,all_official,1,0,rating,b,b,0.0,core_destroyed,159,,1,130,8,2,20,1120,9,25,ok,,6.262,n-62-11-61,29052882,2026-08-08T18:05:48+0200
5fb822679ecd35e2,auto-464e99b7c589,hoenir@5907a3b,hoenir,5907a3b,mistral@90fc9f3,mistral,90fc9f3,atoll,all_official,1,0,rating,a,a,1.0,core_destroyed,57,,8,130,9,5,60,0,8,0,ok,,4.994,n-62-31-4,29052882,2026-08-08T18:06:08+0200
5fb95738343b58fc,auto-464e99b7c589,hoenir@5907a3b,hoenir,5907a3b,mimir@cfc1ec4,mimir,cfc1ec4,duel,all_official,1,0,rating,a,a,1.0,core_destroyed,57,,9,240,8,7,208,240,5,6,ok,,2.854,n-62-21-4,29052882,2026-08-08T18:06:13+0200
5fc82baeb6ae2de0,auto-464e99b7c589,gobbleglitch@6cdc440,gobbleglitch,6cdc440,hoenir@5907a3b,hoenir,5907a3b,eider,all_official,1,0,rating,b,b,0.0,core_destroyed,753,,60,110,8,16,9,0,9,3,ok,,5.927,n-62-13-6,29052882,2026-08-08T18:05:15+0200
5fed6d16157da1ca,auto-464e99b7c589,hoenir@5907a3b,hoenir,5907a3b,spar_mender@7ed1acc,spar_mender,7ed1acc,nordkap,all_official,1,0,rating,a,a,1.0,core_destroyed,97,,48,350,8,16,1,30,6,26,ok,,4.032,n-62-11-60,29052882,2026-08-08T18:07:40+0200
5fee457f05cfabd1,auto-464e99b7c589,hoenir@5907a3b,hoenir,5907a3b,hodr@ea88247,hodr,ea88247,pinch,all_official,1,0,rating,a,a,1.0,core_destroyed,161,,10,380,8,11,9,160,8,4,ok,,3.501,n-62-21-56,29052882,2026-08-08T18:04:51+0200
5ff4015a63c7e699,auto-464e99b7c589,hoenir@5907a3b,hoenir,5907a3b,prospect@bf9b3e3,prospect,bf9b3e3,moonrise,all_official,1,0,rating,a,a,1.0,core_destroyed,106,,8,240,7,6,8,180,7,11,ok,,3.008,n-62-31-18,29052882,2026-08-08T18:06:38+0200
5ff5189b41bd480b,auto-464e99b7c589,aegis@e55aab5,aegis,e55aab5,hoenir@5907a3b,hoenir,5907a3b,showdown,all_official,1,0,rating,b,b,0.0,core_destroyed,281,,10,0,3,0,9,100,8,8,ok,,4.167,n-62-31-22,29052882,2026-08-08T18:05:08+0200
6001ebdbcf80ca4d,auto-464e99b7c589,hoenir@5907a3b,hoenir,5907a3b,steward_hardened_reinforced@366cd1b,steward_hardened_reinforced,366cd1b,meander,all_official,1,0,rating,a,a,1.0,core_destroyed,63,,8,200,5,14,7,0,9,7,ok,,3.109,n-62-29-21,29052882,2026-08-08T18:07:29+0200
6014f60f5eb193d4,auto-464e99b7c589,hoenir@5907a3b,hoenir,5907a3b,skadi@6a2af02,skadi,6a2af02,pinch,all_official,1,0,rating,a,a,1.0,core_destroyed,100,,20,480,7,19,43,580,10,26,ok,,4.87,n-62-28-34,29052882,2026-08-08T18:06:35+0200
601f09b03526d7f3,auto-464e99b7c589,forseti@37dc858,forseti,37dc858,hoenir@5907a3b,hoenir,5907a3b,snowflake,all_official,1,0,rating,a,a,1.0,core_destroyed,65,,43,550,9,22,7,140,8,11,ok,,3.563,n-62-11-58,29052882,2026-08-08T18:04:52+0200
602c92f40b5b96f2,auto-464e99b7c589,pantheon_replica_day3@aa8bae0,pantheon_replica_day3,aa8bae0,hoenir@5907a3b,hoenir,5907a3b,quarry,all_official,1,0,rating,b,b,0.0,core_destroyed,165,,10,130,6,9,9,0,10,4,ok,,4.249,n-62-30-25,29052882,2026-08-08T18:06:45+0200
605ad1ca068a9413,auto-464e99b7c589,janus@8a1e7a1,janus,8a1e7a1,hoenir@5907a3b,hoenir,5907a3b,sprint,all_official,1,0,rating,b,b,0.0,core_destroyed,167,,7,30,5,10,48,400,8,6,ok,,3.303,n-62-31-24,29052882,2026-08-08T18:05:27+0200
60b2f1d0984702cd,auto-464e99b7c589,hoenir@5907a3b,hoenir,5907a3b,janus@8a1e7a1,janus,8a1e7a1,saga,all_official,1,0,rating,a,a,1.0,core_destroyed,250,,9,590,10,11,8,0,9,0,ok,,5.776,n-62-31-21,29052882,2026-08-08T18:05:34+0200
60c5e6df2e834e02,auto-464e99b7c589,hoenir@5907a3b,hoenir,5907a3b,njord@f66a427,njord,f66a427,eider,all_official,1,0,rating,a,a,1.0,core_destroyed,88,,28,460,7,12,16,450,7,9,ok,,3.603,n-62-11-61,29052882,2026-08-08T18:06:24+0200
60d5e90bf3efaf5b,auto-464e99b7c589,hoenir@5907a3b,hoenir,5907a3b,spar_sniper@aa24129,spar_sniper,aa24129,lighthouse,all_official,1,0,rating,b,b,0.0,core_destroyed,161,,7,390,8,7,20,740,7,14,ok,,3.484,n-62-31-18,29052882,2026-08-08T18:07:24+0200
60e37f1f53056df1,auto-464e99b7c589,loki@9ac8974,loki,9ac8974,hoenir@5907a3b,hoenir,5907a3b,showdown,all_official,1,0,rating,b,b,0.0,core_destroyed,349,,13,830,6,15,9,800,6,14,ok,,4.17,n-62-31-19,29052882,2026-08-08T18:05:46+0200
60f51d600c2d07b8,auto-464e99b7c589,hoenir@5907a3b,hoenir,5907a3b,hodr@ea88247,hodr,ea88247,vault,all_official,1,0,rating,a,a,1.0,core_destroyed,77,,19,330,9,26,60,340,12,11,ok,,4.834,n-62-21-59,29052882,2026-08-08T18:05:42+0200
6113a2e3f76e97a5,auto-464e99b7c589,freyr@c2c0d3d,freyr,c2c0d3d,hoenir@5907a3b,hoenir,5907a3b,jackpot,all_official,1,0,rating,a,a,1.0,core_destroyed,500,,36,2430,16,24,168,2280,20,14,ok,,22.99,n-62-12-5,29052882,2026-08-08T18:05:30+0200
611e261810b2cb9e,auto-464e99b7c589,hoenir@5907a3b,hoenir,5907a3b,forseti@37dc858,forseti,37dc858,fjordgate,all_official,1,0,rating,a,a,1.0,core_destroyed,224,,30,1060,6,25,32,10,2,3,ok,,3.747,n-62-11-52,29052882,2026-08-08T18:04:48+0200
613ccf1e1c8c31be,auto-464e99b7c589,hoenir@5907a3b,hoenir,5907a3b,loki@832c68a,loki,832c68a,sprint,all_official,1,0,rating,b,b,0.0,core_destroyed,187,,7,20,7,4,19,440,6,6,ok,,3.983,n-62-31-18,29052882,2026-08-08T18:05:38+0200
616ec0e22e9596a5,auto-464e99b7c589,loki@9ac8974,loki,9ac8974,hoenir@5907a3b,hoenir,5907a3b,antler,all_official,1,0,rating,a,a,1.0,core_destroyed,104,,28,660,5,12,16,470,8,12,ok,,3.421,n-62-31-20,29052882,2026-08-08T18:06:03+0200
6197cec08a8b3095,auto-464e99b7c589,loki@832c68a,loki,832c68a,hoenir@5907a3b,hoenir,5907a3b,runestone,all_official,1,0,rating,a,a,1.0,core_destroyed,77,,9,240,8,12,9,160,7,15,ok,,3.409,n-62-30-24,29052882,2026-08-08T18:05:50+0200
61a28f942c2f65d6,auto-464e99b7c589,hoenir@5907a3b,hoenir,5907a3b,magni@3677a66,magni,3677a66,heart,all_official,1,0,rating,b,b,0.0,core_destroyed,421,,10,0,8,2,8,40,6,6,ok,,5.11,n-62-11-51,29052882,2026-08-08T18:05:48+0200
61b373d6427ca3ee,auto-464e99b7c589,gefn@46ac5e6,gefn,46ac5e6,hoenir@5907a3b,hoenir,5907a3b,jackpot,all_official,1,0,rating,b,b,0.0,core_destroyed,339,,66,1630,18,24,136,1600,15,27,ok,,15.809,n-62-21-13,29052882,2026-08-08T18:05:14+0200
61bd9658546021f3,auto-464e99b7c589,hoenir@5907a3b,hoenir,5907a3b,snotra@34b0ce8,snotra,34b0ce8,pinch,all_official,1,0,rating,a,a,1.0,core_destroyed,161,,10,380,8,11,9,160,8,4,ok,,3.357,n-62-30-23,29052882,2026-08-08T18:07:19+0200
61c9bbca80b91ebc,auto-464e99b7c589,hoenir@5907a3b,hoenir,5907a3b,aegis@e55aab5,aegis,e55aab5,showdown,all_official,1,0,rating,a,a,1.0,core_destroyed,59,,4,0,4,5,10,0,8,0,ok,,2.443,n-62-31-22,29052882,2026-08-08T18:05:04+0200
61da7b0ae43f97de,auto-464e99b7c589,gefn@46ac5e6,gefn,46ac5e6,hoenir@5907a3b,hoenir,5907a3b,longship,all_official,1,0,rating,b,b,0.0,core_destroyed,253,,9,120,8,4,9,610,6,12,ok,,5.031,n-62-21-13,29052882,2026-08-08T18:05:36+0200
61e45bc16c8306a0,auto-464e99b7c589,njord@f66a427,njord,f66a427,hoenir@5907a3b,hoenir,5907a3b,moonrise,all_official,1,0,rating,a,a,1.0,core_destroyed,217,,34,1020,10,12,9,70,4,2,ok,,4.804,n-62-11-68,29052882,2026-08-08T18:06:27+0200
61e72b4932443a77,auto-464e99b7c589,hoenir@5907a3b,hoenir,5907a3b,fulla@ec5aa19,fulla,ec5aa19,duel,all_official,1,0,rating,b,b,0.0,core_destroyed,47,,9,190,8,6,7,200,8,6,ok,,3.381,n-62-21-1,29052882,2026-08-08T18:06:01+0200
61eb774c3eddd6dc,auto-464e99b7c589,njord@f66a427,njord,f66a427,hoenir@5907a3b,hoenir,5907a3b,vault,all_official,1,0,rating,a,a,1.0,core_destroyed,88,,30,390,10,15,136,390,13,18,ok,,5.009,n-62-11-63,29052882,2026-08-08T18:06:35+0200
62047f8026006fc6,auto-464e99b7c589,prospect_rushonly@bf9b3e3,prospect_rushonly,bf9b3e3,hoenir@5907a3b,hoenir,5907a3b,sweden,all_official,1,0,rating,b,b,0.0,core_destroyed,229,,444,460,10,12,15,530,11,24,ok,,7.291,n-62-11-67,29052882,2026-08-08T18:07:30+0200
6231bfa3303610f6,auto-464e99b7c589,pantheon_replica_day3@aa8bae0,pantheon_replica_day3,aa8bae0,hoenir@5907a3b,hoenir,5907a3b,aurora,all_official,1,0,rating,a,a,1.0,core_destroyed,101,,9,310,8,16,9,230,8,13,ok,,4.099,n-62-29-34,29052882,2026-08-08T18:06:24+0200
624e317787872679,auto-464e99b7c589,loki@832c68a,loki,832c68a,hoenir@5907a3b,hoenir,5907a3b,saga,all_official,1,0,rating,a,a,1.0,core_destroyed,113,,18,430,9,24,16,500,7,27,ok,,5.163,n-62-30-24,29052882,2026-08-08T18:06:00+0200
62935d27cd17ee17,auto-464e99b7c589,hoenir@5907a3b,hoenir,5907a3b,heimdall@daf0de0,heimdall,daf0de0,strait,all_official,1,0,rating,a,a,1.0,core_destroyed,110,,99,670,7,34,181,470,9,33,ok,,4.975,n-62-21-51,29052882,2026-08-08T18:04:47+0200
62a8e0d0846d3dc4,auto-464e99b7c589,hoenir@5907a3b,hoenir,5907a3b,steward_hardened_reinforced@a994296,steward_hardened_reinforced,a994296,crossfire,all_official,1,0,rating,a,a,1.0,core_destroyed,188,,58,1270,12,31,16,50,6,2,ok,,5.168,n-62-11-61,29052882,2026-08-08T18:07:50+0200
62e83313204073dc,auto-464e99b7c589,hoenir@5907a3b,hoenir,5907a3b,fenrir2@6b39ebb,fenrir2,6b39ebb,heart,all_official,1,0,rating,a,a,1.0,core_destroyed,165,,9,60,7,11,10,0,7,6,ok,,3.958,n-62-31-20,29052882,2026-08-08T18:05:18+0200
630d0c24d319cb66,auto-464e99b7c589,heimdall@daf0de0,heimdall,daf0de0,hoenir@5907a3b,hoenir,5907a3b,meander,all_official,1,0,rating,b,b,0.0,core_destroyed,104,,17,220,7,8,36,350,5,13,ok,,3.184,n-62-21-69,29052882,2026-08-08T18:04:43+0200
635ec2e3ccb19ada,auto-464e99b7c589,skadi@aad5f44,skadi,aad5f44,hoenir@5907a3b,hoenir,5907a3b,atoll,all_official,1,0,rating,b,b,0.0,core_destroyed,111,,5,250,8,20,5,500,12,11,ok,,4.083,n-62-29-24,29052882,2026-08-08T18:07:28+0200
636c1cf11b4d7f60,auto-464e99b7c589,steward_hardened_reinforced@deba9ec,steward_hardened_reinforced,deba9ec,hoenir@5907a3b,hoenir,5907a3b,skerry,all_official,1,0,rating,b,b,0.0,core_destroyed,58,,7,350,10,10,8,240,9,9,ok,,3.979,n-62-29-9,29052882,2026-08-08T18:07:50+0200
63b8654418dca3cc,auto-464e99b7c589,heimdall@daf0de0,heimdall,daf0de0,hoenir@5907a3b,hoenir,5907a3b,atoll,all_official,1,0,rating,a,a,1.0,core_destroyed,59,,9,240,8,12,33,240,11,10,ok,,3.755,n-62-21-63,29052882,2026-08-08T18:04:52+0200
63bbcb568c3f9759,auto-464e99b7c589,steward_hardened_reinforced@c04e46e,steward_hardened_reinforced,c04e46e,hoenir@5907a3b,hoenir,5907a3b,twins,all_official,1,0,rating,b,b,0.0,core_destroyed,363,,7,240,9,3,9,870,8,14,ok,,6.076,n-62-21-97,29052882,2026-08-08T18:07:42+0200
63d584a25ac02d9d,auto-464e99b7c589,audhumla@a7faecd,audhumla,a7faecd,hoenir@5907a3b,hoenir,5907a3b,atoll,all_official,1,0,rating,b,b,0.0,core_destroyed,87,,142,600,9,34,9,380,8,21,ok,,4.108,n-62-11-61,29052882,2026-08-08T18:04:45+0200
63f3791efb6f0cce,auto-464e99b7c589,skadi@1e4eddf,skadi,1e4eddf,hoenir@5907a3b,hoenir,5907a3b,hive,all_official,1,0,rating,a,a,1.0,core_destroyed,136,,79,580,9,23,80,910,9,35,ok,,5.672,n-62-28-28,29052882,2026-08-08T18:06:38+0200
63f4e2f7ddd3b55c,auto-464e99b7c589,hoenir@5907a3b,hoenir,5907a3b,jonbot@90fc9f3,jonbot,90fc9f3,moonrise,all_official,1,0,rating,a,a,1.0,core_destroyed,505,,9,290,6,20,60,120,6,10,ok,,4.973,n-62-11-68,29052882,2026-08-08T18:05:22+0200
641074a0056219f1,auto-464e99b7c589,hoenir@5907a3b,hoenir,5907a3b,steward_hardened_reinforced@cdc552f,steward_hardened_reinforced,cdc552f,aurora,all_official,1,0,rating,a,a,1.0,core_destroyed,154,,8,600,9,20,8,50,9,11,ok,,6.108,n-62-28-28,29052882,2026-08-08T18:07:54+0200
6417bd9dc6d602aa,auto-464e99b7c589,odin@38e1456,odin,38e1456,hoenir@5907a3b,hoenir,5907a3b,showdown,all_official,1,0,rating,b,b,0.0,core_destroyed,105,,10,0,7,6,19,280,8,17,ok,,3.726,n-62-31-11,29052882,2026-08-08T18:06:20+0200
64361266455a6754,auto-464e99b7c589,prospect@bf9b3e3,prospect,bf9b3e3,hoenir@5907a3b,hoenir,5907a3b,skerry,all_official,1,0,rating,b,b,0.0,core_destroyed,142,,8,210,7,3,8,450,8,8,ok,,3.893,n-62-31-13,29052882,2026-08-08T18:06:19+0200
643978923de962e8,auto-464e99b7c589,loki@9ac8974,loki,9ac8974,hoenir@5907a3b,hoenir,5907a3b,fjord,all_official,1,0,rating,b,b,0.0,core_destroyed,148,,10,380,4,12,49,1050,9,19,ok,,4.376,n-62-31-14,29052882,2026-08-08T18:05:49+0200
645bc5371fa0284e,auto-464e99b7c589,odin@38e1456,odin,38e1456,hoenir@5907a3b,hoenir,5907a3b,string,all_official,1,0,rating,b,b,0.0,core_destroyed,855,,65,3670,2,5,59,2130,17,5,ok,,19.353,n-62-21-98,29052882,2026-08-08T18:06:36+0200
64813aab7df6675b,auto-464e99b7c589,hoenir@5907a3b,hoenir,5907a3b,ostara@832c68a,ostara,832c68a,twins,all_official,1,0,rating,a,a,1.0,core_destroyed,81,,6,180,9,7,10,260,9,10,ok,,3.719,n-62-29-27,29052882,2026-08-08T18:06:10+0200
648c07caa99f2a66,auto-464e99b7c589,jonbot@90fc9f3,jonbot,90fc9f3,hoenir@5907a3b,hoenir,5907a3b,jackpot,all_official,1,0,rating,b,b,0.0,core_destroyed,173,,589,400,2,5,48,710,11,21,ok,,5.791,n-62-11-60,29052882,2026-08-08T18:05:37+0200
64e373f105ed8262,auto-464e99b7c589,hoenir@5907a3b,hoenir,5907a3b,skadi@6a2af02,skadi,6a2af02,aurora,all_official,1,0,rating,a,a,1.0,core_destroyed,135,,19,620,8,23,4,470,10,13,ok,,5.388,n-62-21-89,29052882,2026-08-08T18:07:16+0200
64e6689d2415a753,auto-464e99b7c589,spar_sniper@aa24129,spar_sniper,aa24129,hoenir@5907a3b,hoenir,5907a3b,archipelago,all_official,1,0,rating,b,b,0.0,core_destroyed,63,,59,330,7,27,9,360,7,24,ok,,3.748,n-62-31-11,29052882,2026-08-08T18:07:52+0200
64ea17995d9da6d3,auto-464e99b7c589,prospect@bf9b3e3,prospect,bf9b3e3,hoenir@5907a3b,hoenir,5907a3b,jackpot,all_official,1,0,rating,b,b,0.0,core_destroyed,155,,220,700,10,17,105,680,13,19,ok,,4.953,n-62-31-21,29052882,2026-08-08T18:06:50+0200
64f5a6f47e5bfbcd,auto-464e99b7c589,sif@3fc5cd8,sif,3fc5cd8,hoenir@5907a3b,hoenir,5907a3b,saga,all_official,1,0,rating,a,a,1.0,core_destroyed,83,,21,480,8,37,10,340,8,29,ok,,3.566,n-62-31-9,29052882,2026-08-08T18:06:46+0200
64fff91076d26353,auto-464e99b7c589,snotra@34b0ce8,snotra,34b0ce8,hoenir@5907a3b,hoenir,5907a3b,longship,all_official,1,0,rating,b,b,0.0,core_destroyed,253,,9,120,8,4,9,610,6,12,ok,,4.667,n-62-30-23,29052882,2026-08-08T18:06:49+0200
65146e9fb8627da7,auto-464e99b7c589,prospect_rushonly@bf9b3e3,prospect_rushonly,bf9b3e3,hoenir@5907a3b,hoenir,5907a3b,skerry,all_official,1,0,rating,b,b,0.0,core_destroyed,142,,8,210,7,3,8,450,8,8,ok,,3.58,n-62-31-23,29052882,2026-08-08T18:06:48+0200
651ce48f97f903ee,auto-464e99b7c589,hoenir@5907a3b,hoenir,5907a3b,lockin@90fc9f3,lockin,90fc9f3,bridge,all_official,1,0,rating,a,a,1.0,core_destroyed,49,,20,90,8,13,620,0,0,0,ok,,2.222,n-62-29-16,29052882,2026-08-08T18:05:46+0200
6529c9fad8bc46d0,auto-464e99b7c589,fulla@ec5aa19,fulla,ec5aa19,hoenir@5907a3b,hoenir,5907a3b,strait,all_official,1,0,rating,b,b,0.0,core_destroyed,72,,157,300,8,15,42,370,8,23,ok,,4.101,n-62-21-6,29052882,2026-08-08T18:05:25+0200
652a978d7b31604a,auto-464e99b7c589,hoenir@5907a3b,hoenir,5907a3b,maporacle@38e1456,maporacle,38e1456,nordkap,all_official,1,0,rating,a,a,1.0,core_destroyed,93,,9,150,9,4,10,210,7,9,ok,,3.638,n-62-12-3,29052882,2026-08-08T18:05:47+0200
652b31f76dee27c7,auto-464e99b7c589,hoenir@5907a3b,hoenir,5907a3b,loki@832c68a,loki,832c68a,duel,all_official,1,0,rating,b,b,0.0,core_destroyed,47,,9,190,8,6,7,200,8,6,ok,,2.969,n-62-29-34,29052882,2026-08-08T18:05:44+0200
6531f18c4d6c7e4e,auto-464e99b7c589,ostara@832c68a,ostara,832c68a,hoenir@5907a3b,hoenir,5907a3b,jackpot,all_official,1,0,rating,b,b,0.0,core_destroyed,213,,171,1010,17,16,70,980,15,21,ok,,9.918,n-62-29-21,29052882,2026-08-08T18:07:04+0200
6543087973547289,auto-464e99b7c589,hoenir@5907a3b,hoenir,5907a3b,steward_hardened_reinforced@cdc552f,steward_hardened_reinforced,cdc552f,jackpot,all_official,1,0,rating,a,a,1.0,core_destroyed,187,,37,1330,16,33,20,0,6,5,ok,,7.797,n-62-28-33,29052882,2026-08-08T18:07:54+0200
6556d6bb4b7175a9,auto-464e99b7c589,mimir@cfc1ec4,mimir,cfc1ec4,hoenir@5907a3b,hoenir,5907a3b,skerry,all_official,1,0,rating,b,b,0.0,core_destroyed,150,,8,450,8,11,18,710,9,10,ok,,4.386,n-62-21-10,29052882,2026-08-08T18:05:52+0200
65652869586ff5c4,auto-464e99b7c589,hoenir@5907a3b,hoenir,5907a3b,aegis@e55aab5,aegis,e55aab5,atoll,all_official,1,0,rating,a,a,1.0,core_destroyed,53,,9,210,7,24,10,210,9,17,ok,,3.606,n-62-31-4,29052882,2026-08-08T18:04:54+0200
656c1d66bf902760,auto-464e99b7c589,hoenir@5907a3b,hoenir,5907a3b,steward_hardened_reinforced@deba9ec,steward_hardened_reinforced,deba9ec,sweden,all_official,1,0,rating,a,a,1.0,core_destroyed,146,,9,330,9,14,8,150,8,10,ok,,5.44,n-62-29-31,29052882,2026-08-08T18:07:47+0200
6583291b0d28f67c,auto-464e99b7c589,hoenir@5907a3b,hoenir,5907a3b,casemate_oracle@90fc9f3,casemate_oracle,90fc9f3,archipelago,all_official,1,0,rating,a,a,1.0,core_destroyed,89,,70,820,9,29,362,0,4,3,ok,,4.029,n-62-29-16,29052882,2026-08-08T18:05:10+0200
65a147805f5e2dcd,auto-464e99b7c589,odin@93e46da,odin,93e46da,hoenir@5907a3b,hoenir,5907a3b,jackpot,all_official,1,0,rating,b,b,0.0,core_destroyed,893,,1451,2850,5,12,91,4380,22,22,ok,,34.024,n-62-28-33,29052882,2026-08-08T18:06:45+0200
66022159b1e15172,auto-464e99b7c589,hoenir@5907a3b,hoenir,5907a3b,fulla@ec5aa19,fulla,ec5aa19,sweden,all_official,1,0,rating,a,a,1.0,core_destroyed,318,,60,760,12,14,74,150,9,10,ok,,10.681,n-62-21-9,29052882,2026-08-08T18:05:28+0200
66473d9eb8d51a27,auto-464e99b7c589,jonbot@90fc9f3,jonbot,90fc9f3,hoenir@5907a3b,hoenir,5907a3b,fjordgate,all_official,1,0,rating,a,a,1.0,core_destroyed,82,,69,430,7,20,117,100,4,3,ok,,2.872,n-62-11-61,29052882,2026-08-08T18:05:54+0200
665b2da59d8cca52,auto-464e99b7c589,hoenir@5907a3b,hoenir,5907a3b,odin@93e46da,odin,93e46da,strait,all_official,1,0,rating,a,a,1.0,core_destroyed,105,,10,640,8,39,53,350,10,12,ok,,4.162,n-62-29-13,29052882,2026-08-08T18:06:35+0200
6667697d51400383,auto-464e99b7c589,hoenir@5907a3b,hoenir,5907a3b,gefjon@f66a427,gefjon,f66a427,antler,all_official,1,0,rating,a,a,1.0,core_destroyed,55,,8,290,6,11,10,240,6,10,ok,,3.173,n-62-21-10,29052882,2026-08-08T18:04:39+0200
666f5b14643b603a,auto-464e99b7c589,steward_hardened_reinforced@a994296,steward_hardened_reinforced,a994296,hoenir@5907a3b,hoenir,5907a3b,fjordgate,all_official,1,0,rating,a,a,1.0,core_destroyed,222,,10,1040,6,25,28,10,2,3,ok,,4.126,n-62-11-60,29052882,2026-08-08T18:07:47+0200
669e4db170b0cf3a,auto-464e99b7c589,mimir@cfc1ec4,mimir,cfc1ec4,hoenir@5907a3b,hoenir,5907a3b,aurora,all_official,1,0,rating,b,b,0.0,core_destroyed,65,,45,390,8,30,19,340,10,22,ok,,4.306,n-62-21-4,29052882,2026-08-08T18:05:42+0200
66a48658d344df2c,auto-464e99b7c589,hoenir@5907a3b,hoenir,5907a3b,gefjon@f66a427,gefjon,f66a427,meander,all_official,1,0,rating,b,b,0.0,core_destroyed,238,,10,10,8,6,8,70,7,12,ok,,4.996,n-62-21-24,29052882,2026-08-08T18:04:51+0200
66acaa6e2ad0166d,auto-464e99b7c589,spar_mender@d5b46bc,spar_mender,d5b46bc,hoenir@5907a3b,hoenir,5907a3b,string,all_official,1,0,rating,b,b,0.0,core_destroyed,799,,157,1250,7,3,10,2150,14,10,ok,,21.135,n-62-31-10,29052882,2026-08-08T18:07:39+0200
66af8df832cb2988,auto-464e99b7c589,hoenir@5907a3b,hoenir,5907a3b,mistral@90fc9f3,mistral,90fc9f3,showdown,all_official,1,0,rating,a,a,1.0,core_destroyed,94,,58,280,5,25,60,0,7,0,ok,,3.439,n-62-31-21,29052882,2026-08-08T18:06:23+0200
66b9a50d38274199,auto-464e99b7c589,hoenir@5907a3b,hoenir,5907a3b,e_t4l7@9e77076,e_t4l7,9e77076,nordkap,all_official,1,0,rating,a,a,1.0,core_destroyed,440,,30,2130,7,19,2675,3180,6,10,ok,,6.325,n-62-30-24,29052882,2026-08-08T18:05:21+0200
6727477e23bd0248,auto-464e99b7c589,freyr@c2c0d3d,freyr,c2c0d3d,hoenir@5907a3b,hoenir,5907a3b,quarry,all_official,1,0,rating,a,a,1.0,core_destroyed,67,,18,320,9,18,10,0,8,5,ok,,3.711,n-62-12-1,29052882,2026-08-08T18:05:21+0200
673fd4c4318768d3,auto-464e99b7c589,snotra_h@4437c29,snotra_h,4437c29,hoenir@5907a3b,hoenir,5907a3b,duel,all_official,1,0,rating,b,b,0.0,core_destroyed,47,,9,190,8,6,7,200,8,6,ok,,3.023,n-62-31-22,29052882,2026-08-08T18:06:51+0200
67542cf7be389a09,auto-464e99b7c589,janus@8a1e7a1,janus,8a1e7a1,hoenir@5907a3b,hoenir,5907a3b,showdown,all_official,1,0,rating,a,a,1.0,core_destroyed,245,,9,560,6,13,7,50,4,11,ok,,2.753,n-62-31-21,29052882,2026-08-08T18:05:45+0200
675f438f677900dc,auto-464e99b7c589,bifrost@c70c467,bifrost,c70c467,hoenir@5907a3b,hoenir,5907a3b,fjord,all_official,1,0,rating,a,a,1.0,core_destroyed,88,,19,460,5,16,19,590,9,10,ok,,3.522,n-62-28-31,29052882,2026-08-08T18:05:05+0200
6766adfffa239435,auto-464e99b7c589,hoenir@5907a3b,hoenir,5907a3b,steward_reinforced@a8dc58a,steward_reinforced,a8dc58a,crossfire,all_official,1,0,rating,a,a,1.0,core_destroyed,79,,68,180,6,5,10,180,7,11,ok,,3.163,n-62-31-20,29052882,2026-08-08T18:07:53+0200
677600669166dd16,auto-464e99b7c589,hoenir@5907a3b,hoenir,5907a3b,bifrost@c70c467,bifrost,c70c467,drumlin,all_official,1,0,rating,a,a,1.0,core_destroyed,54,,18,260,7,19,9,330,7,17,ok,,3.563,n-62-28-31,29052882,2026-08-08T18:04:39+0200
67779753f50109e0,auto-464e99b7c589,audhumla@a7faecd,audhumla,a7faecd,hoenir@5907a3b,hoenir,5907a3b,bridge,all_official,1,0,rating,b,b,0.0,core_destroyed,102,,217,370,10,15,48,0,7,9,ok,,4.9,n-62-11-61,29052882,2026-08-08T18:05:55+0200
6796ddffba5d3e0c,auto-464e99b7c589,forseti@37dc858,forseti,37dc858,hoenir@5907a3b,hoenir,5907a3b,archipelago,all_official,1,0,rating,b,b,0.0,core_destroyed,63,,59,330,7,27,9,360,7,24,ok,,3.601,n-62-31-19,29052882,2026-08-08T18:05:05+0200
67aaa344680eefbf,auto-464e99b7c589,hoenir@5907a3b,hoenir,5907a3b,janus@8a1e7a1,janus,8a1e7a1,antler,all_official,1,0,rating,a,a,1.0,core_destroyed,151,,8,450,7,8,9,550,8,4,ok,,3.719,n-62-21-60,29052882,2026-08-08T18:04:39+0200
67b61b546b3d9f4b,auto-464e99b7c589,hoenir@5907a3b,hoenir,5907a3b,loki@9ac8974,loki,9ac8974,atoll,all_official,1,0,rating,a,a,1.0,core_destroyed,66,,16,280,8,22,8,270,11,7,ok,,4.117,n-62-31-13,29052882,2026-08-08T18:05:30+0200
67c2ade3e7f6c3ef,auto-464e99b7c589,hoenir@5907a3b,hoenir,5907a3b,steward_hardened_reinforced@a994296,steward_hardened_reinforced,a994296,antler,all_official,1,0,rating,b,b,0.0,core_destroyed,56,,20,290,6,13,18,230,7,14,ok,,3.614,n-62-11-67,29052882,2026-08-08T18:07:48+0200
67c328707b3c62ee,auto-464e99b7c589,hoenir@5907a3b,hoenir,5907a3b,lockin@90fc9f3,lockin,90fc9f3,eider,all_official,1,0,rating,a,a,1.0,core_destroyed,45,,10,90,8,11,610,0,0,0,ok,,1.864,n-62-29-24,29052882,2026-08-08T18:05:24+0200
67ca80fc788ed8d3,auto-464e99b7c589,hoenir@5907a3b,hoenir,5907a3b,steward_hardened_reinforced@c04e46e,steward_hardened_reinforced,c04e46e,atoll,all_official,1,0,rating,a,a,1.0,core_destroyed,79,,9,340,8,22,5,250,10,7,ok,,3.413,n-62-11-64,29052882,2026-08-08T18:07:43+0200
680f56aaf6789c5b,auto-464e99b7c589,njord@f66a427,njord,f66a427,hoenir@5907a3b,hoenir,5907a3b,lighthouse,all_official,1,0,rating,a,a,1.0,core_destroyed,417,,9,440,8,9,10,230,7,9,ok,,5.274,n-62-11-68,29052882,2026-08-08T18:05:58+0200
6826240a7f5c02b0,auto-464e99b7c589,odin@93e46da,odin,93e46da,hoenir@5907a3b,hoenir,5907a3b,saga,all_official,1,0,rating,a,a,1.0,core_destroyed,80,,19,330,9,27,18,310,9,32,ok,,4.933,n-62-28-34,29052882,2026-08-08T18:06:49+0200
683056c900161a01,auto-464e99b7c589,hoenir@5907a3b,hoenir,5907a3b,prospect_rushonly@bf9b3e3,prospect_rushonly,bf9b3e3,pinch,all_official,1,0,rating,a,a,1.0,core_destroyed,165,,8,160,7,13,10,390,6,5,ok,,3.295,n-62-31-22,29052882,2026-08-08T18:06:42+0200
683a4e44dd53aa21,auto-464e99b7c589,hoenir@5907a3b,hoenir,5907a3b,jonbot_190003d@90fc9f3,jonbot_190003d,90fc9f3,eider,all_official,1,0,rating,a,a,1.0,core_destroyed,131,,9,310,7,12,132,590,10,9,ok,,3.588,n-62-11-64,29052882,2026-08-08T18:05:51+0200
68413910cd54bec2,auto-464e99b7c589,hoenir@5907a3b,hoenir,5907a3b,jonbot@90fc9f3,jonbot,90fc9f3,quarry,all_official,1,0,rating,a,a,1.0,core_destroyed,286,,6,670,7,46,363,0,8,8,ok,,6.701,n-62-11-68,29052882,2026-08-08T18:05:59+0200
686d1926b6ee4061,auto-464e99b7c589,skadi@aad5f44,skadi,aad5f44,hoenir@5907a3b,hoenir,5907a3b,pinch,all_official,1,0,rating,b,b,0.0,core_destroyed,200,,16,220,9,8,20,480,5,26,ok,,4.697,n-62-29-33,29052882,2026-08-08T18:07:00+0200
68b88aa3dfc2ba55,auto-464e99b7c589,hoenir@5907a3b,hoenir,5907a3b,loki@832c68a,loki,832c68a,nordkap,all_official,1,0,rating,a,a,1.0,core_destroyed,501,,9,80,8,7,14,80,7,4,ok,,5.995,n-62-30-25,29052882,2026-08-08T18:06:04+0200
68cd0cb05f39340c,auto-464e99b7c589,hoenir@5907a3b,hoenir,5907a3b,heimdall@daf0de0,heimdall,daf0de0,bridge,all_official,1,0,rating,a,a,1.0,core_destroyed,338,,205,2310,15,20,10,0,5,5,ok,,10.805,n-62-21-63,29052882,2026-08-08T18:05:12+0200
68ce03a80e39f81f,auto-464e99b7c589,hoenir@5907a3b,hoenir,5907a3b,gobbleglitch@6cdc440,gobbleglitch,6cdc440,sprint,all_official,1,0,rating,a,a,1.0,core_destroyed,157,,9,0,6,8,60,40,7,3,ok,,2.375,n-62-12-66,29052882,2026-08-08T18:04:52+0200
68d4463cb0a68e09,auto-464e99b7c589,hoenir@5907a3b,hoenir,5907a3b,odin@93e46da,odin,93e46da,sweden,all_official,1,0,rating,b,b,0.0,titanium_collected,1000,,26,440,4,1,3137,4650,7,24,ok,,24.133,n-62-29-15,29052882,2026-08-08T18:06:50+0200
68d815f5d8683c6f,auto-464e99b7c589,hoenir@5907a3b,hoenir,5907a3b,heimdall@daf0de0,heimdall,daf0de0,runestone,all_official,1,0,rating,a,a,1.0,core_destroyed,74,,18,260,8,15,10,150,9,18,ok,,4.008,n-62-21-50,29052882,2026-08-08T18:04:40+0200
68f28264a7867652,auto-464e99b7c589,hoenir@5907a3b,hoenir,5907a3b,casemate_oracle@90fc9f3,casemate_oracle,90fc9f3,fjord,all_official,1,0,rating,a,a,1.0,core_destroyed,71,,18,330,9,20,243,0,4,10,ok,,4.473,n-62-29-24,29052882,2026-08-08T18:04:48+0200
68fc1d1afd146a32,auto-464e99b7c589,hoenir@5907a3b,hoenir,5907a3b,e_t4l7@9e77076,e_t4l7,9e77076,hive,all_official,1,0,rating,a,a,1.0,core_destroyed,365,,8,890,7,32,1263,1540,7,26,ok,,6.241,n-62-30-23,29052882,2026-08-08T18:05:10+0200
690d9ced85be8163,auto-464e99b7c589,freyr@c2c0d3d,freyr,c2c0d3d,hoenir@5907a3b,hoenir,5907a3b,moonrise,all_official,1,0,rating,a,a,1.0,core_destroyed,240,,54,1130,9,13,16,70,5,2,ok,,4.403,n-62-12-1,29052882,2026-08-08T18:04:51+0200
69193b5ba89ca940,auto-464e99b7c589,magni@3677a66,magni,3677a66,hoenir@5907a3b,hoenir,5907a3b,strait,all_official,1,0,rating,b,b,0.0,core_destroyed,137,,9,370,7,14,7,610,8,20,ok,,4.6,n-62-21-90,29052882,2026-08-08T18:06:07+0200
691cf1b6ca07cacc,auto-464e99b7c589,hoenir@5907a3b,hoenir,5907a3b,steward_hardened_reinforced@deba9ec,steward_hardened_reinforced,deba9ec,snowflake,all_official,1,0,rating,a,a,1.0,core_destroyed,63,,71,570,9,21,3,130,8,10,ok,,4.175,n-62-29-9,29052882,2026-08-08T18:07:54+0200
6930941a0607ae22,auto-464e99b7c589,jonbot@90fc9f3,jonbot,90fc9f3,hoenir@5907a3b,hoenir,5907a3b,snowflake,all_official,1,0,rating,b,b,0.0,core_destroyed,727,,2216,1910,6,19,10,1780,7,42,ok,,14.945,n-62-11-66,29052882,2026-08-08T18:06:08+0200
695bb83e2eb08c4c,auto-464e99b7c589,hoenir@5907a3b,hoenir,5907a3b,e_t4l7@9e77076,e_t4l7,9e77076,drumlin,all_official,1,0,rating,a,a,1.0,core_destroyed,180,,38,2230,9,36,354,1390,10,24,ok,,4.32,n-62-29-5,29052882,2026-08-08T18:04:58+0200
6978fe2dc5089164,auto-464e99b7c589,gobbleglitch@6cdc440,gobbleglitch,6cdc440,hoenir@5907a3b,hoenir,5907a3b,lighthouse,all_official,1,0,rating,b,b,0.0,core_destroyed,77,,59,290,9,10,8,170,7,8,ok,,2.352,n-62-12-64,29052882,2026-08-08T18:04:41+0200
6985d5b891d71836,auto-464e99b7c589,hodr@ea88247,hodr,ea88247,hoenir@5907a3b,hoenir,5907a3b,pinch,all_official,1,0,rating,b,b,0.0,core_destroyed,345,,9,100,8,1,9,840,7,10,ok,,4.354,n-62-21-56,29052882,2026-08-08T18:04:55+0200
69c2b4796b72c1a7,auto-464e99b7c589,hoenir@5907a3b,hoenir,5907a3b,ragnarok_fair@79582fc,ragnarok_fair,79582fc,archipelago,all_official,1,0,rating,a,a,1.0,core_destroyed,59,,39,390,7,26,4,120,8,19,ok,,3.644,n-62-31-19,29052882,2026-08-08T18:06:44+0200
69cddd03e7bdf3ce,auto-464e99b7c589,hoenir@5907a3b,hoenir,5907a3b,spar_mender@d5b46bc,spar_mender,d5b46bc,sweden,all_official,1,0,rating,a,a,1.0,core_destroyed,282,,10,670,8,14,64,150,11,10,ok,,6.828,n-62-31-10,29052882,2026-08-08T18:07:46+0200
69d26c73f7908fe1,auto-464e99b7c589,bifrost@c70c467,bifrost,c70c467,hoenir@5907a3b,hoenir,5907a3b,archipelago,all_official,1,0,rating,b,b,0.0,core_destroyed,63,,100,450,7,26,10,360,7,24,ok,,3.654,n-62-28-28,29052882,2026-08-08T18:04:43+0200
69e19f0e3a5a4c41,auto-464e99b7c589,skadi@6a2af02,skadi,6a2af02,hoenir@5907a3b,hoenir,5907a3b,nordkap,all_official,1,0,rating,a,a,1.0,core_destroyed,160,,83,870,7,42,83,110,5,3,ok,,5.337,n-62-28-33,29052882,2026-08-08T18:07:11+0200
69ea28f323933b27,auto-464e99b7c589,snotra_h@4437c29,snotra_h,4437c29,hoenir@5907a3b,hoenir,5907a3b,fjord,all_official,1,0,rating,b,b,0.0,core_destroyed,148,,10,380,4,12,49,1050,9,19,ok,,4.341,n-62-31-22,29052882,2026-08-08T18:07:07+0200
69f18dfe9cc289f2,auto-464e99b7c589,casemate_oracle@90fc9f3,casemate_oracle,90fc9f3,hoenir@5907a3b,hoenir,5907a3b,skerry,all_official,1,0,rating,b,b,0.0,core_destroyed,52,,254,0,5,17,64,280,8,15,ok,,4.588,n-62-29-33,29052882,2026-08-08T18:04:57+0200
69f658be4a4b6de8,auto-464e99b7c589,hoenir@5907a3b,hoenir,5907a3b,maporacle@38e1456,maporacle,38e1456,fjordgate,all_official,1,0,rating,a,a,1.0,core_destroyed,218,,10,0,8,2,9,0,9,0,ok,,3.981,n-62-12-1,29052882,2026-08-08T18:06:04+0200
6a2df6c3794dbcfe,auto-464e99b7c589,hoenir@5907a3b,hoenir,5907a3b,freyr@c2c0d3d,freyr,c2c0d3d,nordkap,all_official,1,0,rating,a,a,1.0,core_destroyed,413,,9,80,9,7,10,100,8,6,ok,,6.094,n-62-12-1,29052882,2026-08-08T18:04:57+0200
6a2eb5ee88e71149,auto-464e99b7c589,hoenir@5907a3b,hoenir,5907a3b,spar_mender@d5b46bc,spar_mender,d5b46bc,bridge,all_official,1,0,rating,a,a,1.0,titanium_collected,1000,,77,6460,25,15,42,0,8,4,ok,,38.315,n-62-11-63,29052882,2026-08-08T18:07:53+0200
6a498aff443bcdfc,auto-464e99b7c589,loki@832c68a,loki,832c68a,hoenir@5907a3b,hoenir,5907a3b,meander,all_official,1,0,rating,b,b,0.0,core_destroyed,871,,115,230,10,16,10,1520,4,7,ok,,12.896,n-62-30-25,29052882,2026-08-08T18:05:50+0200
6a52202637f869a8,auto-464e99b7c589,skadi@1e4eddf,skadi,1e4eddf,hoenir@5907a3b,hoenir,5907a3b,duel,all_official,1,0,rating,a,a,1.0,core_destroyed,63,,10,150,4,5,60,160,7,4,ok,,3.081,n-62-21-98,29052882,2026-08-08T18:06:33+0200
6a5b153d4e1b7548,auto-464e99b7c589,hoenir@5907a3b,hoenir,5907a3b,steward_hardened_reinforced@672ee02,steward_hardened_reinforced,672ee02,hive,all_official,1,0,rating,a,a,1.0,core_destroyed,785,,10,1930,7,23,8,370,9,13,ok,,14.323,n-62-31-4,29052882,2026-08-08T18:07:43+0200
6a5c657910ba86ac,auto-464e99b7c589,hoenir@5907a3b,hoenir,5907a3b,janus@8a1e7a1,janus,8a1e7a1,atoll,all_official,1,0,rating,b,b,0.0,core_destroyed,57,,7,230,8,16,9,230,8,12,ok,,3.277,n-62-21-60,29052882,2026-08-08T18:04:53+0200
6a6d21b4bed1e5ff,auto-464e99b7c589,janus@8a1e7a1,janus,8a1e7a1,hoenir@5907a3b,hoenir,5907a3b,archipelago,all_official,1,0,rating,b,b,0.0,core_destroyed,58,,91,290,8,15,28,270,7,22,ok,,3.258,n-62-21-60,29052882,2026-08-08T18:04:50+0200
6a6eb481d2e670fd,auto-464e99b7c589,hoenir@5907a3b,hoenir,5907a3b,mistral@90fc9f3,mistral,90fc9f3,quarry,all_official,1,0,rating,a,a,1.0,core_destroyed,93,,10,40,8,15,170,0,5,0,ok,,5.309,n-62-31-21,29052882,2026-08-08T18:05:46+0200
6a73549019d31cba,auto-464e99b7c589,skadi@821d792,skadi,821d792,hoenir@5907a3b,hoenir,5907a3b,crossfire,all_official,1,0,rating,b,b,0.0,core_destroyed,89,,72,390,4,14,43,390,7,13,ok,,3.343,n-62-11-55,29052882,2026-08-08T18:07:46+0200
6a78f12cbb8f664e,auto-464e99b7c589,aegis@e55aab5,aegis,e55aab5,hoenir@5907a3b,hoenir,5907a3b,pinch,all_official,1,0,rating,b,b,0.0,core_destroyed,262,,10,140,8,8,10,630,7,7,ok,,4.312,n-62-31-24,29052882,2026-08-08T18:05:18+0200
6a8b36ae857ae8f1,auto-464e99b7c589,hoenir@5907a3b,hoenir,5907a3b,mistral@90fc9f3,mistral,90fc9f3,drumlin,all_official,1,0,rating,a,a,1.0,core_destroyed,47,,19,210,6,21,54,0,8,0,ok,,5.272,n-62-30-23,29052882,2026-08-08T18:05:51+0200
6a9f739a1fd27ab2,auto-464e99b7c589,hoenir@5907a3b,hoenir,5907a3b,magni@3677a66,magni,3677a66,crossfire,all_official,1,0,rating,a,a,1.0,core_destroyed,188,,58,1270,12,31,16,50,6,2,ok,,4.246,n-62-11-50,29052882,2026-08-08T18:05:42+0200
6af684a668c9476c,auto-464e99b7c589,audhumla@a7faecd,audhumla,a7faecd,hoenir@5907a3b,hoenir,5907a3b,antler,all_official,1,0,rating,b,b,0.0,core_destroyed,199,,9,550,10,8,8,650,8,14,ok,,5.259,n-62-11-67,29052882,2026-08-08T18:05:18+0200
6b1c06847be2ef15,auto-464e99b7c589,hoenir@5907a3b,hoenir,5907a3b,odin@38e1456,odin,38e1456,twins,all_official,1,0,rating,a,a,1.0,core_destroyed,92,,18,210,7,9,20,120,7,8,ok,,3.726,n-62-21-98,29052882,2026-08-08T18:07:21+0200
6b1c958b050e6ac8,auto-464e99b7c589,janus@8a1e7a1,janus,8a1e7a1,hoenir@5907a3b,hoenir,5907a3b,sweden,all_official,1,0,rating,b,b,0.0,core_destroyed,796,,2422,2240,10,11,53,1950,20,23,ok,,18.968,n-62-31-24,29052882,2026-08-08T18:06:11+0200
6b1d536223c2aa92,auto-464e99b7c589,hoenir@5907a3b,hoenir,5907a3b,gobbleglitch@6cdc440,gobbleglitch,6cdc440,duel,all_official,1,0,rating,a,a,1.0,core_destroyed,129,,9,310,8,4,59,70,8,3,ok,,2.592,n-62-13-6,29052882,2026-08-08T18:05:03+0200
6b2928dc04948c56,auto-464e99b7c589,hoenir@5907a3b,hoenir,5907a3b,audhumla@a7faecd,audhumla,a7faecd,snowflake,all_official,1,0,rating,a,a,1.0,core_destroyed,64,,51,640,7,37,372,590,5,32,ok,,2.983,n-62-11-66,29052882,2026-08-08T18:05:02+0200
6b413666eb989bae,auto-464e99b7c589,skadi@aad5f44,skadi,aad5f44,hoenir@5907a3b,hoenir,5907a3b,sweden,all_official,1,0,rating,b,b,0.0,titanium_collected,1000,,46,520,4,17,173,2460,10,18,ok,,23.852,n-62-29-27,29052882,2026-08-08T18:07:27+0200
6ba0c1ac4791840b,auto-464e99b7c589,hoenir@5907a3b,hoenir,5907a3b,spar_mender@7ed1acc,spar_mender,7ed1acc,quarry,all_official,1,0,rating,a,a,1.0,core_destroyed,181,,22,410,8,25,17,340,12,23,ok,,5.822,n-62-11-68,29052882,2026-08-08T18:07:04+0200
6bb30155110ba4de,auto-464e99b7c589,hoenir@5907a3b,hoenir,5907a3b,jotunn@6b39ebb,jotunn,6b39ebb,hive,all_official,1,0,rating,a,a,1.0,core_destroyed,125,,8,290,9,24,12,290,8,48,ok,,4.896,n-62-28-33,29052882,2026-08-08T18:06:29+0200
6bd3a2f74f5d9f94,auto-464e99b7c589,hoenir@5907a3b,hoenir,5907a3b,magni@3677a66,magni,3677a66,runestone,all_official,1,0,rating,a,a,1.0,core_destroyed,221,,19,360,8,14,10,70,8,5,ok,,4.973,n-62-21-89,29052882,2026-08-08T18:05:52+0200
6bd84ca22b5806bd,auto-464e99b7c589,hoenir@5907a3b,hoenir,5907a3b,spar_sniper@aa24129,spar_sniper,aa24129,moonrise,all_official,1,0,rating,a,a,1.0,core_destroyed,131,,27,580,9,14,10,50,6,3,ok,,4.149,n-62-31-18,29052882,2026-08-08T18:07:52+0200
6c0e754018cdbf89,auto-464e99b7c589,gefjon@f66a427,gefjon,f66a427,hoenir@5907a3b,hoenir,5907a3b,saga,all_official,1,0,rating,a,a,1.0,core_destroyed,83,,17,480,8,37,10,340,8,29,ok,,4.458,n-62-21-5,29052882,2026-08-08T18:05:10+0200
6c26aa54fca5614b,auto-464e99b7c589,hoenir@5907a3b,hoenir,5907a3b,spar_mender@d5b46bc,spar_mender,d5b46bc,archipelago,all_official,1,0,rating,a,a,1.0,core_destroyed,75,,59,670,9,28,7,10,8,9,ok,,3.881,n-62-11-63,29052882,2026-08-08T18:06:55+0200
6c517d6f98b50944,auto-464e99b7c589,hoenir@5907a3b,hoenir,5907a3b,odin@93e46da,odin,93e46da,archipelago,all_official,1,0,rating,a,a,1.0,core_destroyed,102,,89,1240,11,31,0,380,10,17,ok,,5.352,n-62-21-97,29052882,2026-08-08T18:06:41+0200
6c52ff53ffae2fb4,auto-464e99b7c589,spar_mender@7ed1acc,spar_mender,7ed1acc,hoenir@5907a3b,hoenir,5907a3b,snowflake,all_official,1,0,rating,a,a,1.0,core_destroyed,239,,127,2770,23,25,12,540,3,26,ok,,9.914,n-62-11-62,29052882,2026-08-08T18:07:09+0200
6c5682d3cf64010e,auto-464e99b7c589,hoenir@5907a3b,hoenir,5907a3b,forseti@37dc858,forseti,37dc858,jackpot,all_official,1,0,rating,a,a,1.0,core_destroyed,59,,10,230,7,24,22,0,10,1,ok,,3.429,n-62-11-52,29052882,2026-08-08T18:05:19+0200
6c652cc078277899,auto-464e99b7c589,jonbot_190003d@90fc9f3,jonbot_190003d,90fc9f3,hoenir@5907a3b,hoenir,5907a3b,atoll,all_official,1,0,rating,b,b,0.0,core_destroyed,99,,54,0,8,4,9,430,7,19,ok,,3.105,n-62-11-63,29052882,2026-08-08T18:05:54+0200
6c777bd8b0eb0a56,auto-464e99b7c589,hoenir@5907a3b,hoenir,5907a3b,gobbleglitch@6cdc440,gobbleglitch,6cdc440,sweden,all_official,1,0,rating,a,a,1.0,core_destroyed,329,,60,780,11,26,2014,2630,14,24,ok,,8.243,n-62-21-62,29052882,2026-08-08T18:04:44+0200
6c7eb0621c0f6fd8,auto-464e99b7c589,pantheon_replica_day3@aa8bae0,pantheon_replica_day3,aa8bae0,hoenir@5907a3b,hoenir,5907a3b,saga,all_official,1,0,rating,a,a,1.0,core_destroyed,77,,10,230,8,18,134,290,8,22,ok,,4.356,n-62-30-24,29052882,2026-08-08T18:06:23+0200
6c9eb2c2aad7256d,auto-464e99b7c589,sif@3fc5cd8,sif,3fc5cd8,hoenir@5907a3b,hoenir,5907a3b,showdown,all_official,1,0,rating,a,a,1.0,core_destroyed,189,,8,480,5,17,9,430,6,16,ok,,2.776,n-62-31-9,29052882,2026-08-08T18:06:52+0200
6ca18d121abe1dae,auto-464e99b7c589,hoenir@5907a3b,hoenir,5907a3b,pantheon_replica_day3@aa8bae0,pantheon_replica_day3,aa8bae0,drumlin,all_official,1,0,rating,a,a,1.0,core_destroyed,51,,4,240,7,19,6,160,9,10,ok,,3.353,n-62-29-34,29052882,2026-08-08T18:06:42+0200
6cde9230a0c44bd7,auto-464e99b7c589,odin@38e1456,odin,38e1456,hoenir@5907a3b,hoenir,5907a3b,nordkap,all_official,1,0,rating,b,b,0.0,core_destroyed,95,,10,100,3,7,7,380,8,9,ok,,3.846,n-62-31-10,29052882,2026-08-08T18:06:17+0200
6ce2635eefadd7f6,auto-464e99b7c589,forseti@37dc858,forseti,37dc858,hoenir@5907a3b,hoenir,5907a3b,twins,all_official,1,0,rating,b,b,0.0,core_destroyed,253,,9,150,9,3,10,600,8,14,ok,,5.212,n-62-21-89,29052882,2026-08-08T18:05:05+0200
6cecb237ce7b49c6,auto-464e99b7c589,mistral@90fc9f3,mistral,90fc9f3,hoenir@5907a3b,hoenir,5907a3b,vase,all_official,1,0,rating,b,b,0.0,core_destroyed,61,,126,0,5,0,8,110,8,7,ok,,2.638,n-62-21-11,29052882,2026-08-08T18:05:56+0200
6cfc409bc55abb66,auto-464e99b7c589,hoenir@5907a3b,hoenir,5907a3b,skadi@1e4eddf,skadi,1e4eddf,vault,all_official,1,0,rating,a,a,1.0,core_destroyed,194,,48,920,6,26,28,910,8,19,ok,,6.33,n-62-21-89,29052882,2026-08-08T18:06:35+0200
6d06050ce5be3353,auto-464e99b7c589,hodr@ea88247,hodr,ea88247,hoenir@5907a3b,hoenir,5907a3b,duel,all_official,1,0,rating,b,b,0.0,core_destroyed,47,,9,190,8,6,7,200,8,6,ok,,3.246,n-62-21-53,29052882,2026-08-08T18:05:17+0200
6d0a44c5a5002b59,auto-464e99b7c589,hoenir@5907a3b,hoenir,5907a3b,odin@93e46da,odin,93e46da,nordkap,all_official,1,0,rating,a,a,1.0,core_destroyed,93,,9,150,9,4,10,210,7,9,ok,,4.117,n-62-28-34,29052882,2026-08-08T18:06:05+0200
6d0bb72cfd91f802,auto-464e99b7c589,hoenir@5907a3b,hoenir,5907a3b,steward_hardened_reinforced@366cd1b,steward_hardened_reinforced,366cd1b,crossfire,all_official,1,0,rating,a,a,1.0,core_destroyed,188,,58,1270,12,31,16,50,6,2,ok,,4.857,n-62-21-1,29052882,2026-08-08T18:07:21+0200
6d0c854e794f2961,auto-464e99b7c589,hoenir@5907a3b,hoenir,5907a3b,odin@93e46da,odin,93e46da,snowflake,all_official,1,0,rating,a,a,1.0,core_destroyed,59,,69,520,7,21,10,270,8,18,ok,,3.065,n-62-29-13,29052882,2026-08-08T18:06:20+0200
6d168badcb8123fa,auto-464e99b7c589,hoenir@5907a3b,hoenir,5907a3b,magni@3677a66,magni,3677a66,vault,all_official,1,0,rating,a,a,1.0,core_destroyed,77,,19,330,9,26,60,340,12,11,ok,,4.797,n-62-12-7,29052882,2026-08-08T18:06:11+0200
6d3172850969d358,auto-464e99b7c589,hoenir@5907a3b,hoenir,5907a3b,prospect@bf9b3e3,prospect,bf9b3e3,jackpot,all_official,1,0,rating,b,b,0.0,core_destroyed,228,,71,950,10,12,20,1070,10,15,ok,,7.749,n-62-31-21,29052882,2026-08-08T18:06:45+0200
6d64d9fb94578cf9,auto-464e99b7c589,gefjon@f66a427,gefjon,f66a427,hoenir@5907a3b,hoenir,5907a3b,sweden,all_official,1,0,rating,a,a,1.0,core_destroyed,565,,10,1370,14,15,8,1100,8,12,ok,,13.777,n-62-21-11,29052882,2026-08-08T18:05:37+0200
6d8a34198c9ff1ae,auto-464e99b7c589,hoenir@5907a3b,hoenir,5907a3b,snotra@34b0ce8,snotra,34b0ce8,vault,all_official,1,0,rating,b,b,0.0,core_destroyed,100,,20,440,9,25,28,460,11,12,ok,,5.205,n-62-31-24,29052882,2026-08-08T18:07:08+0200
6db1282d7a722cb9,auto-464e99b7c589,hoenir@5907a3b,hoenir,5907a3b,pantheon_replica_day3@aa8bae0,pantheon_replica_day3,aa8bae0,runestone,all_official,1,0,rating,b,b,0.0,core_destroyed,474,,8,1150,8,10,9,1150,8,17,ok,,6.525,n-62-30-25,29052882,2026-08-08T18:06:51+0200
6dc31355c9b435ba,auto-464e99b7c589,spork@05ab6a2,spork,05ab6a2,hoenir@5907a3b,hoenir,5907a3b,aurora,all_official,1,0,rating,a,a,1.0,core_destroyed,78,,8,450,9,33,58,430,8,21,ok,,4.354,n-62-28-28,29052882,2026-08-08T18:07:32+0200
6dcac2857acb0325,auto-464e99b7c589,skadi@1e4eddf,skadi,1e4eddf,hoenir@5907a3b,hoenir,5907a3b,sprint,all_official,1,0,rating,b,b,0.0,core_destroyed,229,,8,0,6,4,42,820,9,14,ok,,3.441,n-62-11-58,29052882,2026-08-08T18:07:14+0200
6dcf0ff299abbc5f,auto-464e99b7c589,steward_hardened_reinforced@a994296,steward_hardened_reinforced,a994296,hoenir@5907a3b,hoenir,5907a3b,pinch,all_official,1,0,rating,b,b,0.0,titanium_collected,1000,,12,100,8,2,20,2480,7,10,ok,,5.742,n-62-11-66,29052882,2026-08-08T18:07:42+0200
6dcf64bdbcdcc1ce,auto-464e99b7c589,hoenir@5907a3b,hoenir,5907a3b,skadi@aad5f44,skadi,aad5f44,fjordgate,all_official,1,0,rating,b,b,0.0,titanium_collected,1000,,11,0,6,2,17,210,6,14,ok,,6.66,n-62-29-31,29052882,2026-08-08T18:07:22+0200
6dd85c06c587f0ba,auto-464e99b7c589,spar_sniper@aa24129,spar_sniper,aa24129,hoenir@5907a3b,hoenir,5907a3b,bridge,all_official,1,0,rating,b,b,0.0,core_destroyed,145,,48,0,7,12,33,670,11,15,ok,,5.068,n-62-21-98,29052882,2026-08-08T18:07:30+0200
6df4a8a684e53775,auto-464e99b7c589,freyr@c2c0d3d,freyr,c2c0d3d,hoenir@5907a3b,hoenir,5907a3b,sprint,all_official,1,0,rating,a,a,1.0,core_destroyed,349,,9,20,6,3,10,90,7,1,ok,,3.627,n-62-12-3,29052882,2026-08-08T18:04:43+0200
6e0586785eb80cf0,auto-464e99b7c589,odin@93e46da,odin,93e46da,hoenir@5907a3b,hoenir,5907a3b,pinch,all_official,1,0,rating,b,b,0.0,core_destroyed,169,,31,860,9,19,61,1420,13,52,ok,,6.217,n-62-28-34,29052882,2026-08-08T18:06:21+0200
6e09c40f4c13bd2e,auto-464e99b7c589,hoenir@5907a3b,hoenir,5907a3b,steward_hardened_reinforced@04300bf,steward_hardened_reinforced,04300bf,atoll,all_official,1,0,rating,a,a,1.0,core_destroyed,79,,9,340,8,22,5,250,10,7,ok,,4.492,n-62-28-34,29052882,2026-08-08T18:07:05+0200
6e2fb252ba764b36,auto-464e99b7c589,bastion@840a180,bastion,840a180,hoenir@5907a3b,hoenir,5907a3b,sprint,all_official,1,0,rating,b,b,0.0,core_destroyed,121,,10,0,6,1,9,20,6,1,ok,,3.36,n-62-21-98,29052882,2026-08-08T18:05:01+0200
6e585f39f6530cf6,auto-464e99b7c589,gefjon@f66a427,gefjon,f66a427,hoenir@5907a3b,hoenir,5907a3b,runestone,all_official,1,0,rating,a,a,1.0,core_destroyed,122,,30,750,8,25,2,270,7,16,ok,,4.138,n-62-21-5,29052882,2026-08-08T18:05:00+0200
6e5cbcf2286706d1,auto-464e99b7c589,steward_hardened_reinforced@cdc552f,steward_hardened_reinforced,cdc552f,hoenir@5907a3b,hoenir,5907a3b,eider,all_official,1,0,rating,a,a,1.0,core_destroyed,128,,29,580,9,9,20,180,4,6,ok,,4.303,n-62-28-31,29052882,2026-08-08T18:07:50+0200
6e6780dbc6fab5ee,auto-464e99b7c589,hoenir@5907a3b,hoenir,5907a3b,jonbot_190003d@90fc9f3,jonbot_190003d,90fc9f3,archipelago,all_official,1,0,rating,b,b,0.0,core_destroyed,185,,10,240,7,21,59,150,9,15,ok,,4.276,n-62-11-63,29052882,2026-08-08T18:05:40+0200
6e8744b8d89249ce,auto-464e99b7c589,hoenir@5907a3b,hoenir,5907a3b,ragnarok_fair@79582fc,ragnarok_fair,79582fc,atoll,all_official,1,0,rating,a,a,1.0,core_destroyed,51,,7,200,9,12,10,200,9,13,ok,,3.723,n-62-31-19,29052882,2026-08-08T18:06:52+0200
6eab21f29821a57a,auto-464e99b7c589,mimir@cfc1ec4,mimir,cfc1ec4,hoenir@5907a3b,hoenir,5907a3b,quarry,all_official,1,0,rating,a,a,1.0,core_destroyed,67,,19,320,9,18,10,0,8,5,ok,,4.245,n-62-21-6,29052882,2026-08-08T18:06:07+0200
6ecf6443672a3351,auto-464e99b7c589,hoenir@5907a3b,hoenir,5907a3b,loki@832c68a,loki,832c68a,jackpot,all_official,1,0,rating,a,a,1.0,core_destroyed,59,,10,230,7,24,22,0,10,1,ok,,3.475,n-62-29-5,29052882,2026-08-08T18:06:03+0200
6ee650d7e38ee8e0,auto-464e99b7c589,hoenir@5907a3b,hoenir,5907a3b,e_t4l7@9e77076,e_t4l7,9e77076,duel,all_official,1,0,rating,a,a,1.0,core_destroyed,270,,20,1910,8,26,424,910,3,8,ok,,4.088,n-62-29-5,29052882,2026-08-08T18:05:06+0200
6f15486221ef167a,auto-464e99b7c589,hoenir@5907a3b,hoenir,5907a3b,hodr@ea88247,hodr,ea88247,atoll,all_official,1,0,rating,a,a,1.0,core_destroyed,84,,28,370,8,22,10,260,10,7,ok,,3.951,n-62-21-52,29052882,2026-08-08T18:05:20+0200
6f1cfa006e21b77a,auto-464e99b7c589,hoenir@5907a3b,hoenir,5907a3b,odin@38e1456,odin,38e1456,vault,all_official,1,0,rating,b,b,0.0,core_destroyed,117,,49,530,13,13,17,550,8,23,ok,,5.439,n-62-21-97,29052882,2026-08-08T18:06:23+0200
6f1f845fa9410de0,auto-464e99b7c589,hoenir@5907a3b,hoenir,5907a3b,steward_hardened_reinforced@366cd1b,steward_hardened_reinforced,366cd1b,eider,all_official,1,0,rating,a,a,1.0,core_destroyed,88,,28,460,7,12,16,450,7,9,ok,,3.868,n-62-21-1,29052882,2026-08-08T18:07:43+0200
6f3c961a653d7360,auto-464e99b7c589,hoenir@5907a3b,hoenir,5907a3b,jotunn@6b39ebb,jotunn,6b39ebb,bridge,all_official,1,0,rating,a,a,1.0,core_destroyed,422,,20,1020,15,11,168,0,3,5,ok,,13.326,n-62-21-97,29052882,2026-08-08T18:06:10+0200
6f4378b70ec666c3,auto-464e99b7c589,pantheon_replica_day3@aa8bae0,pantheon_replica_day3,aa8bae0,hoenir@5907a3b,hoenir,5907a3b,strait,all_official,1,0,rating,b,b,0.0,core_destroyed,313,,9,100,8,2,9,480,6,12,ok,,5.317,n-62-31-17,29052882,2026-08-08T18:06:18+0200
6f44d81920b39b9c,auto-464e99b7c589,lockin@90fc9f3,lockin,90fc9f3,hoenir@5907a3b,hoenir,5907a3b,crossfire,all_official,1,0,rating,b,b,0.0,core_destroyed,66,,323,50,6,2,10,150,9,10,ok,,4.843,n-62-29-16,29052882,2026-08-08T18:05:59+0200
6f51a7146f398d21,auto-464e99b7c589,e_t4l7@9e77076,e_t4l7,9e77076,hoenir@5907a3b,hoenir,5907a3b,crossfire,all_official,1,0,rating,b,b,0.0,titanium_collected,1000,,1510,3370,9,35,16,4940,7,24,ok,,10.192,n-62-29-5,29052882,2026-08-08T18:04:54+0200
6f762d1474677346,auto-464e99b7c589,hoenir@5907a3b,hoenir,5907a3b,mimir@cfc1ec4,mimir,cfc1ec4,strait,all_official,1,0,rating,b,b,0.0,core_destroyed,297,,29,820,7,18,8,740,8,13,ok,,6.087,n-62-21-10,29052882,2026-08-08T18:06:16+0200
6f7e0fe6b26b4846,auto-464e99b7c589,steward_hardened_reinforced@c04e46e,steward_hardened_reinforced,c04e46e,hoenir@5907a3b,hoenir,5907a3b,snowflake,all_official,1,0,rating,a,a,1.0,core_destroyed,65,,19,420,8,17,7,140,8,11,ok,,3.809,n-62-21-98,29052882,2026-08-08T18:07:41+0200
6f80cbbf0ac38022,auto-464e99b7c589,lockin@90fc9f3,lockin,90fc9f3,hoenir@5907a3b,hoenir,5907a3b,vault,all_official,1,0,rating,b,b,0.0,core_destroyed,54,,58,80,13,3,20,230,9,17,ok,,5.871,n-62-29-21,29052882,2026-08-08T18:06:00+0200
6f86b824aabcabda,auto-464e99b7c589,spar_mender@d5b46bc,spar_mender,d5b46bc,hoenir@5907a3b,hoenir,5907a3b,lighthouse,all_official,1,0,rating,b,b,0.0,core_destroyed,109,,8,250,8,7,8,480,7,11,ok,,3.078,n-62-31-8,29052882,2026-08-08T18:07:40+0200
6f9154fc4d03397b,auto-464e99b7c589,hoenir@5907a3b,hoenir,5907a3b,steward_hardened_reinforced@672ee02,steward_hardened_reinforced,672ee02,vase,all_official,1,0,rating,a,a,1.0,core_destroyed,250,,10,0,7,7,6,110,9,6,ok,,7.938,n-62-11-67,29052882,2026-08-08T18:07:27+0200
6f99fb6774e97465,auto-464e99b7c589,fenrir2@6b39ebb,fenrir2,6b39ebb,hoenir@5907a3b,hoenir,5907a3b,archipelago,all_official,1,0,rating,b,b,0.0,core_destroyed,97,,66,710,10,33,92,810,11,26,ok,,5.039,n-62-31-7,29052882,2026-08-08T18:05:40+0200
6fad26211d6ce956,auto-464e99b7c589,steward_hardened_reinforced@366cd1b,steward_hardened_reinforced,366cd1b,hoenir@5907a3b,hoenir,5907a3b,crossfire,all_official,1,0,rating,a,a,1.0,core_destroyed,56,,24,130,7,5,16,120,9,4,ok,,3.401,n-62-21-1,29052882,2026-08-08T18:07:25+0200
6fd8f10c604ad1cb,auto-464e99b7c589,hoenir@5907a3b,hoenir,5907a3b,ragnarok_fair@79582fc,ragnarok_fair,79582fc,runestone,all_official,1,0,rating,a,a,1.0,core_destroyed,175,,9,410,7,15,10,250,10,5,ok,,4.263,n-62-11-68,29052882,2026-08-08T18:06:49+0200
6fee94ab703f059f,auto-464e99b7c589,spar_mender@7ed1acc,spar_mender,7ed1acc,hoenir@5907a3b,hoenir,5907a3b,showdown,all_official,1,0,rating,b,b,0.0,core_destroyed,180,,49,1310,12,29,66,1270,10,30,ok,,5.6,n-62-11-68,29052882,2026-08-08T18:07:40+0200
700f96d42e697e50,auto-464e99b7c589,hoenir@5907a3b,hoenir,5907a3b,spar_sniper@aa24129,spar_sniper,aa24129,saga,all_official,1,0,rating,b,b,0.0,core_destroyed,79,,8,250,8,28,9,360,8,23,ok,,4.662,n-62-31-16,29052882,2026-08-08T18:07:48+0200
702f2a81950a2747,auto-464e99b7c589,hoenir@5907a3b,hoenir,5907a3b,pantheon_replica_day3@aa8bae0,pantheon_replica_day3,aa8bae0,fjord,all_official,1,0,rating,a,a,1.0,core_destroyed,56,,18,330,7,18,18,310,8,16,ok,,3.123,n-62-29-5,29052882,2026-08-08T18:06:23+0200
703bc510f5ab386f,auto-464e99b7c589,hoenir@5907a3b,hoenir,5907a3b,bifrost@c70c467,bifrost,c70c467,nordkap,all_official,1,0,rating,b,b,0.0,core_destroyed,453,,10,80,8,3,9,80,7,5,ok,,6.616,n-62-28-34,29052882,2026-08-08T18:05:06+0200
70aa005023eda534,auto-464e99b7c589,magni@3677a66,magni,3677a66,hoenir@5907a3b,hoenir,5907a3b,string,all_official,1,0,rating,a,a,1.0,titanium_collected,1000,,311,2960,11,7,180,2510,14,8,ok,,30.45,n-62-21-90,29052882,2026-08-08T18:06:41+0200
70b5746b4d4ac91f,auto-464e99b7c589,mjolnir@2e6c876,mjolnir,2e6c876,hoenir@5907a3b,hoenir,5907a3b,skerry,all_official,1,0,rating,a,a,1.0,core_destroyed,217,,87,2300,14,56,44,1500,17,34,ok,,8.907,n-62-31-22,29052882,2026-08-08T18:06:17+0200
70dba537c0783b5f,auto-464e99b7c589,aegis@e55aab5,aegis,e55aab5,hoenir@5907a3b,hoenir,5907a3b,jackpot,all_official,1,0,rating,a,a,1.0,core_destroyed,151,,44,360,6,12,2,660,12,24,ok,,4.627,n-62-31-21,29052882,2026-08-08T18:05:29+0200
70dde96c02dd0961,auto-464e99b7c589,gefn@46ac5e6,gefn,46ac5e6,hoenir@5907a3b,hoenir,5907a3b,string,all_official,1,0,rating,a,a,1.0,titanium_collected,1000,,4143,7210,12,14,241,2510,13,13,ok,,35.727,n-62-21-21,29052882,2026-08-08T18:05:23+0200
7125841a3873e671,auto-464e99b7c589,hoenir@5907a3b,hoenir,5907a3b,njord@f66a427,njord,f66a427,nordkap,all_official,1,0,rating,a,a,1.0,core_destroyed,413,,9,80,9,7,10,100,8,6,ok,,7.088,n-62-11-68,29052882,2026-08-08T18:06:35+0200
712dd0834bff3205,auto-464e99b7c589,hoenir@5907a3b,hoenir,5907a3b,audhumla@a7faecd,audhumla,a7faecd,pinch,all_official,1,0,rating,b,b,0.0,core_destroyed,148,,10,420,8,11,20,700,8,17,ok,,3.309,n-62-11-62,29052882,2026-08-08T18:04:53+0200
714533f64dac3c94,auto-464e99b7c589,ragnarok_fair@79582fc,ragnarok_fair,79582fc,hoenir@5907a3b,hoenir,5907a3b,nordkap,all_official,1,0,rating,b,b,0.0,core_destroyed,253,,10,610,9,4,8,30,7,10,ok,,4.287,n-62-11-68,29052882,2026-08-08T18:06:26+0200
716f1298c73355f7,auto-464e99b7c589,odin@38e1456,odin,38e1456,hoenir@5907a3b,hoenir,5907a3b,fjordgate,all_official,1,0,rating,b,b,0.0,core_destroyed,490,,10,0,6,0,8,30,6,1,ok,,6.081,n-62-21-92,29052882,2026-08-08T18:06:32+0200
717786e462c0551d,auto-464e99b7c589,heimdall@daf0de0,heimdall,daf0de0,hoenir@5907a3b,hoenir,5907a3b,duel,all_official,1,0,rating,b,b,0.0,core_destroyed,147,,9,360,8,8,128,700,8,6,ok,,3.447,n-62-21-65,29052882,2026-08-08T18:04:50+0200
719abaca864f1ae9,auto-464e99b7c589,skadi@1e4eddf,skadi,1e4eddf,hoenir@5907a3b,hoenir,5907a3b,crossfire,all_official,1,0,rating,b,b,0.0,core_destroyed,89,,72,390,4,14,43,390,7,13,ok,,3.73,n-62-21-97,29052882,2026-08-08T18:07:39+0200
71a9e057f06f7228,auto-464e99b7c589,hodr@ea88247,hodr,ea88247,hoenir@5907a3b,hoenir,5907a3b,fjord,all_official,1,0,rating,b,b,0.0,core_destroyed,97,,40,530,8,15,24,660,8,19,ok,,4.402,n-62-21-54,29052882,2026-08-08T18:04:53+0200
71adb07934b712df,auto-464e99b7c589,hoenir@5907a3b,hoenir,5907a3b,odin@93e46da,odin,93e46da,eider,all_official,1,0,rating,a,a,1.0,core_destroyed,111,,14,260,8,8,10,170,8,21,ok,,4.17,n-62-28-31,29052882,2026-08-08T18:06:04+0200
71aecfb4042fd8f9,auto-464e99b7c589,hoenir@5907a3b,hoenir,5907a3b,lockin@90fc9f3,lockin,90fc9f3,longship,all_official,1,0,rating,a,a,1.0,core_destroyed,59,,20,220,9,13,49,120,12,6,ok,,6.68,n-62-29-9,29052882,2026-08-08T18:05:38+0200
71c306bd26c0b86a,auto-464e99b7c589,e_t4l7@9e77076,e_t4l7,9e77076,hoenir@5907a3b,hoenir,5907a3b,quarry,all_official,1,0,rating,a,a,1.0,titanium_collected,1000,,3136,2470,9,33,12,0,8,6,ok,,15.852,n-62-30-25,29052882,2026-08-08T18:04:59+0200
71ce4494c4c86e23,auto-464e99b7c589,steward_hardened_reinforced@366cd1b,steward_hardened_reinforced,366cd1b,hoenir@5907a3b,hoenir,5907a3b,vase,all_official,1,0,rating,b,b,0.0,core_destroyed,48,,60,0,8,5,20,80,5,12,ok,,3.306,n-62-29-33,29052882,2026-08-08T18:07:48+0200
71cfee58166af959,auto-464e99b7c589,hoenir@5907a3b,hoenir,5907a3b,steward_hardened_reinforced@672ee02,steward_hardened_reinforced,672ee02,sprint,all_official,1,0,rating,b,b,0.0,harvesters,1000,,17,20,7,7,18,20,7,4,ok,,7.465,n-62-31-22,29052882,2026-08-08T18:07:26+0200
71f391c7856c9f8c,auto-464e99b7c589,hoenir@5907a3b,hoenir,5907a3b,steward_reinforced@a8dc58a,steward_reinforced,a8dc58a,longship,all_official,1,0,rating,a,a,1.0,core_destroyed,65,,8,260,9,12,36,130,6,22,ok,,4.389,n-62-31-14,29052882,2026-08-08T18:07:54+0200
7220fe728c040ce9,auto-464e99b7c589,lockin@90fc9f3,lockin,90fc9f3,hoenir@5907a3b,hoenir,5907a3b,strait,all_official,1,0,rating,b,b,0.0,core_destroyed,65,,162,90,9,4,8,130,7,15,ok,,5.781,n-62-29-33,29052882,2026-08-08T18:06:03+0200
7229ebfbee3089e2,auto-464e99b7c589,ragnarok_fair@79582fc,ragnarok_fair,79582fc,hoenir@5907a3b,hoenir,5907a3b,string,all_official,1,0,rating,b,b,0.0,titanium_collected,1000,,30,2020,4,7,1339,7070,19,15,ok,,25.667,n-62-11-66,29052882,2026-08-08T18:06:47+0200
722b979c5cbfcce6,auto-464e99b7c589,steward_hardened_reinforced@366cd1b,steward_hardened_reinforced,366cd1b,hoenir@5907a3b,hoenir,5907a3b,meander,all_official,1,0,rating,b,b,0.0,core_destroyed,86,,208,70,5,9,10,180,7,14,ok,,2.887,n-62-29-21,29052882,2026-08-08T18:07:32+0200
72362ba3ee3a7fd4,auto-464e99b7c589,sif@3fc5cd8,sif,3fc5cd8,hoenir@5907a3b,hoenir,5907a3b,antler,all_official,1,0,rating,a,a,1.0,core_destroyed,109,,19,740,8,18,8,490,5,12,ok,,3.172,n-62-11-63,29052882,2026-08-08T18:06:24+0200
7255dfb65e28bf4e,auto-464e99b7c589,audhumla@a7faecd,audhumla,a7faecd,hoenir@5907a3b,hoenir,5907a3b,jackpot,all_official,1,0,rating,b,b,0.0,core_destroyed,99,,202,450,10,15,70,410,8,19,ok,,4.798,n-62-11-68,29052882,2026-08-08T18:05:31+0200
72569803aeb6560a,auto-464e99b7c589,forseti@37dc858,forseti,37dc858,hoenir@5907a3b,hoenir,5907a3b,quarry,all_official,1,0,rating,a,a,1.0,core_destroyed,67,,19,320,9,18,10,0,8,5,ok,,3.726,n-62-11-51,29052882,2026-08-08T18:04:53+0200
7257641401681525,auto-464e99b7c589,hoenir@5907a3b,hoenir,5907a3b,jonbot@90fc9f3,jonbot,90fc9f3,aurora,all_official,1,0,rating,a,a,1.0,core_destroyed,127,,20,580,9,22,57,60,7,15,ok,,4.474,n-62-11-67,29052882,2026-08-08T18:05:33+0200
7257747e8531fcf8,auto-464e99b7c589,hoenir@5907a3b,hoenir,5907a3b,lockin@90fc9f3,lockin,90fc9f3,skerry,all_official,1,0,rating,a,a,1.0,core_destroyed,41,,10,160,9,10,22,160,12,10,ok,,5.9,n-62-29-33,29052882,2026-08-08T18:05:32+0200
72776ca06d9a5bf8,auto-464e99b7c589,hoenir@5907a3b,hoenir,5907a3b,casemate_oracle@90fc9f3,casemate_oracle,90fc9f3,atoll,all_official,1,0,rating,a,a,1.0,core_destroyed,78,,16,340,8,20,78,0,6,9,ok,,5.652,n-62-29-16,29052882,2026-08-08T18:05:19+0200
7279d98f4699969a,auto-464e99b7c589,hodr@ea88247,hodr,ea88247,hoenir@5907a3b,hoenir,5907a3b,hive,all_official,1,0,rating,b,b,0.0,core_destroyed,385,,9,50,8,10,8,940,9,22,ok,,7.6,n-62-21-54,29052882,2026-08-08T18:05:28+0200
72901a3fb0569883,auto-464e99b7c589,lockin@90fc9f3,lockin,90fc9f3,hoenir@5907a3b,hoenir,5907a3b,fjordgate,all_official,1,0,rating,b,b,0.0,core_destroyed,44,,610,0,0,0,20,90,7,14,ok,,1.626,n-62-29-24,29052882,2026-08-08T18:05:41+0200
729a33bffaf0aaf9,auto-464e99b7c589,spork@05ab6a2,spork,05ab6a2,hoenir@5907a3b,hoenir,5907a3b,strait,all_official,1,0,rating,a,a,1.0,core_destroyed,92,,28,420,10,13,12,260,6,13,ok,,4.339,n-62-21-90,29052882,2026-08-08T18:07:26+0200
72c21c961c21b835,auto-464e99b7c589,hoenir@5907a3b,hoenir,5907a3b,freyr@c2c0d3d,freyr,c2c0d3d,meander,all_official,1,0,rating,a,a,1.0,core_destroyed,63,,8,200,5,14,7,0,9,7,ok,,3.285,n-62-12-1,29052882,2026-08-08T18:04:39+0200
72cb17fdd52135fd,auto-464e99b7c589,steward_hardened_reinforced@366cd1b,steward_hardened_reinforced,366cd1b,hoenir@5907a3b,hoenir,5907a3b,showdown,all_official,1,0,rating,a,a,1.0,core_destroyed,329,,9,210,8,8,10,170,4,7,ok,,3.933,n-62-29-24,29052882,2026-08-08T18:07:53+0200
72f07c45bbe71a1d,auto-464e99b7c589,hoenir@5907a3b,hoenir,5907a3b,gefjon@f66a427,gefjon,f66a427,longship,all_official,1,0,rating,b,b,0.0,core_destroyed,116,,10,80,8,8,29,540,9,15,ok,,4.855,n-62-21-24,29052882,2026-08-08T18:04:41+0200
72fdada97aaaf2ed,auto-464e99b7c589,spar_mender@d5b46bc,spar_mender,d5b46bc,hoenir@5907a3b,hoenir,5907a3b,strait,all_official,1,0,rating,a,a,1.0,core_destroyed,190,,6,800,9,28,6,560,7,29,ok,,5.899,n-62-31-10,29052882,2026-08-08T18:07:14+0200
730da20d4ca93dfe,auto-464e99b7c589,casemate_oracle@90fc9f3,casemate_oracle,90fc9f3,hoenir@5907a3b,hoenir,5907a3b,duel,all_official,1,0,rating,b,b,0.0,core_destroyed,39,,30,0,7,5,9,160,7,8,ok,,2.961,n-62-29-21,29052882,2026-08-08T18:05:18+0200
731a8f22022afa88,auto-464e99b7c589,hoenir@5907a3b,hoenir,5907a3b,steward_hardened_reinforced@366cd1b,steward_hardened_reinforced,366cd1b,showdown,all_official,1,0,rating,a,a,1.0,core_destroyed,98,,6,160,6,13,8,190,6,16,ok,,2.781,n-62-29-24,29052882,2026-08-08T18:07:49+0200
73399c44679779e9,auto-464e99b7c589,audhumla@a7faecd,audhumla,a7faecd,hoenir@5907a3b,hoenir,5907a3b,strait,all_official,1,0,rating,b,b,0.0,core_destroyed,133,,2,590,9,36,18,590,9,21,ok,,4.708,n-62-11-63,29052882,2026-08-08T18:04:47+0200
734895cdc64d5bdd,auto-464e99b7c589,hoenir@5907a3b,hoenir,5907a3b,jonbot@90fc9f3,jonbot,90fc9f3,nordkap,all_official,1,0,rating,a,a,1.0,core_destroyed,300,,30,1430,7,14,10,0,7,1,ok,,5.379,n-62-11-68,29052882,2026-08-08T18:05:36+0200
734b3bdacae7ebd1,auto-464e99b7c589,heimdall@daf0de0,heimdall,daf0de0,hoenir@5907a3b,hoenir,5907a3b,jackpot,all_official,1,0,rating,b,b,0.0,core_destroyed,304,,61,1430,13,21,20,1430,11,17,ok,,11.029,n-62-21-66,29052882,2026-08-08T18:05:32+0200
7376b6a4ed28b564,auto-464e99b7c589,mistral@90fc9f3,mistral,90fc9f3,hoenir@5907a3b,hoenir,5907a3b,showdown,all_official,1,0,rating,b,b,0.0,core_destroyed,45,,14,0,10,0,9,70,7,8,ok,,3.477,n-62-31-21,29052882,2026-08-08T18:06:27+0200
737ae82734405c8e,auto-464e99b7c589,hoenir@5907a3b,hoenir,5907a3b,skadi@821d792,skadi,821d792,vase,all_official,1,0,rating,a,a,1.0,core_destroyed,210,,10,450,5,6,8,140,4,5,ok,,4.631,n-62-29-24,29052882,2026-08-08T18:06:41+0200
739d5adf4129b10e,auto-464e99b7c589,mimir@cfc1ec4,mimir,cfc1ec4,hoenir@5907a3b,hoenir,5907a3b,bridge,all_official,1,0,rating,b,b,0.0,core_destroyed,145,,48,0,7,12,33,670,11,15,ok,,5.212,n-62-21-4,29052882,2026-08-08T18:05:54+0200
73a343e40db86691,auto-464e99b7c589,hoenir@5907a3b,hoenir,5907a3b,steward_hardened_reinforced@04300bf,steward_hardened_reinforced,04300bf,quarry,all_official,1,0,rating,b,b,0.0,core_destroyed,212,,18,480,6,31,82,1390,15,20,ok,,6.515,n-62-11-55,29052882,2026-08-08T18:07:44+0200
73bcb805c925e1f7,auto-464e99b7c589,hoenir@5907a3b,hoenir,5907a3b,mjolnir@2e6c876,mjolnir,2e6c876,string,all_official,1,0,rating,b,b,0.0,core_destroyed,137,,117,240,7,7,322,1150,9,17,ok,,4.873,n-62-31-23,29052882,2026-08-08T18:05:59+0200
73c83a7f67ed8263,auto-464e99b7c589,gefjon@f66a427,gefjon,f66a427,hoenir@5907a3b,hoenir,5907a3b,moonrise,all_official,1,0,rating,b,b,0.0,core_destroyed,573,,10,100,5,7,9,30,6,10,ok,,6.711,n-62-21-24,29052882,2026-08-08T18:05:07+0200
73ea2036cb7d9e19,auto-464e99b7c589,skadi@aad5f44,skadi,aad5f44,hoenir@5907a3b,hoenir,5907a3b,crossfire,all_official,1,0,rating,b,b,0.0,core_destroyed,89,,72,390,4,14,43,390,7,13,ok,,3.728,n-62-29-9,29052882,2026-08-08T18:07:37+0200
73f982a72d20fe49,auto-464e99b7c589,hoenir@5907a3b,hoenir,5907a3b,ragnarok_fair@79582fc,ragnarok_fair,79582fc,fjord,all_official,1,0,rating,b,b,0.0,core_destroyed,65,,22,420,9,20,17,400,10,15,ok,,3.864,n-62-11-61,29052882,2026-08-08T18:06:28+0200
740e8cda49648fef,auto-464e99b7c589,hoenir@5907a3b,hoenir,5907a3b,spar_mender@d5b46bc,spar_mender,d5b46bc,vault,all_official,1,0,rating,a,a,1.0,core_destroyed,139,,10,640,8,32,49,500,7,9,ok,,5.52,n-62-31-11,29052882,2026-08-08T18:07:30+0200
743033133e1096d5,auto-464e99b7c589,hoenir@5907a3b,hoenir,5907a3b,steward_hardened_reinforced@a994296,steward_hardened_reinforced,a994296,pinch,all_official,1,0,rating,a,a,1.0,core_destroyed,161,,10,380,8,11,9,160,8,4,ok,,3.15,n-62-11-66,29052882,2026-08-08T18:07:36+0200
7431df10b21a029c,auto-464e99b7c589,hodr@ea88247,hodr,ea88247,hoenir@5907a3b,hoenir,5907a3b,strait,all_official,1,0,rating,b,b,0.0,core_destroyed,137,,9,370,7,14,7,610,8,20,ok,,4.283,n-62-21-57,29052882,2026-08-08T18:05:24+0200
745c59b593e791e7,auto-464e99b7c589,hoenir@5907a3b,hoenir,5907a3b,gefn@46ac5e6,gefn,46ac5e6,skerry,all_official,1,0,rating,b,b,0.0,core_destroyed,66,,8,280,9,10,6,280,9,9,ok,,3.705,n-62-21-16,29052882,2026-08-08T18:05:00+0200
74669b45be95e76f,auto-464e99b7c589,hodr@ea88247,hodr,ea88247,hoenir@5907a3b,hoenir,5907a3b,snowflake,all_official,1,0,rating,a,a,1.0,core_destroyed,65,,43,550,9,22,7,140,8,11,ok,,3.611,n-62-21-57,29052882,2026-08-08T18:05:03+0200
746d498d45f29a0c,auto-464e99b7c589,hoenir@5907a3b,hoenir,5907a3b,gefn@46ac5e6,gefn,46ac5e6,saga,all_official,1,0,rating,b,b,0.0,core_destroyed,111,,4,410,9,23,10,510,7,26,ok,,5.649,n-62-21-16,29052882,2026-08-08T18:04:41+0200
748b26c6a7277636,auto-464e99b7c589,mjolnir@2e6c876,mjolnir,2e6c876,hoenir@5907a3b,hoenir,5907a3b,runestone,all_official,1,0,rating,b,b,0.0,core_destroyed,111,,10,80,5,12,25,670,9,22,ok,,3.995,n-62-31-24,29052882,2026-08-08T18:06:46+0200
74aa723a99823053,auto-464e99b7c589,ostara@832c68a,ostara,832c68a,hoenir@5907a3b,hoenir,5907a3b,duel,all_official,1,0,rating,b,b,0.0,core_destroyed,51,,9,210,8,6,9,220,8,6,ok,,3.061,n-62-29-31,29052882,2026-08-08T18:06:27+0200
74bbe4f12758ea16,auto-464e99b7c589,hoenir@5907a3b,hoenir,5907a3b,fenrir2@6b39ebb,fenrir2,6b39ebb,archipelago,all_official,1,0,rating,a,a,1.0,core_destroyed,102,,89,1240,11,31,0,380,10,17,ok,,5.375,n-62-31-7,29052882,2026-08-08T18:05:35+0200
74d3158247f8cf4d,auto-464e99b7c589,jonbot_190003d@90fc9f3,jonbot_190003d,90fc9f3,hoenir@5907a3b,hoenir,5907a3b,vase,all_official,1,0,rating,b,b,0.0,core_destroyed,55,,288,0,5,6,10,100,8,17,ok,,2.756,n-62-21-98,29052882,2026-08-08T18:05:51+0200
750b2d0a1798c6d2,auto-464e99b7c589,fenrir2@6b39ebb,fenrir2,6b39ebb,hoenir@5907a3b,hoenir,5907a3b,sweden,all_official,1,0,rating,b,b,0.0,core_destroyed,187,,24,200,9,18,40,430,9,20,ok,,7.103,n-62-31-16,29052882,2026-08-08T18:05:17+0200
750cdcb38f998573,auto-464e99b7c589,hoenir@5907a3b,hoenir,5907a3b,jonbot_190003d@90fc9f3,jonbot_190003d,90fc9f3,moonrise,all_official,1,0,rating,b,b,0.0,core_destroyed,349,,10,20,7,12,59,30,8,7,ok,,4.186,n-62-31-9,29052882,2026-08-08T18:05:51+0200
7512f8beee375cd4,auto-464e99b7c589,ragnarok_fair@79582fc,ragnarok_fair,79582fc,hoenir@5907a3b,hoenir,5907a3b,strait,all_official,1,0,rating,b,b,0.0,core_destroyed,77,,35,190,8,20,20,310,8,20,ok,,3.289,n-62-11-62,29052882,2026-08-08T18:06:54+0200
751ec1eb6776c668,auto-464e99b7c589,hoenir@5907a3b,hoenir,5907a3b,fulla@ec5aa19,fulla,ec5aa19,meander,all_official,1,0,rating,a,a,1.0,core_destroyed,132,,17,360,8,10,21,290,7,11,ok,,4.205,n-62-21-3,29052882,2026-08-08T18:05:27+0200
75298f29741f2b1b,auto-464e99b7c589,loki@832c68a,loki,832c68a,hoenir@5907a3b,hoenir,5907a3b,skerry,all_official,1,0,rating,b,b,0.0,core_destroyed,60,,18,260,8,7,29,260,8,11,ok,,3.474,n-62-30-24,29052882,2026-08-08T18:06:16+0200
75339dee3a830acd,auto-464e99b7c589,gefjon@f66a427,gefjon,f66a427,hoenir@5907a3b,hoenir,5907a3b,quarry,all_official,1,0,rating,b,b,0.0,core_destroyed,505,,10,0,8,2,9,0,8,6,ok,,10.058,n-62-21-5,29052882,2026-08-08T18:04:51+0200
755dfb7788ac609d,auto-464e99b7c589,hoenir@5907a3b,hoenir,5907a3b,loki@832c68a,loki,832c68a,drumlin,all_official,1,0,rating,a,a,1.0,core_destroyed,54,,18,260,7,19,9,330,7,17,ok,,3.078,n-62-29-34,29052882,2026-08-08T18:05:38+0200
756e075cdf9f9b89,auto-464e99b7c589,fulla@ec5aa19,fulla,ec5aa19,hoenir@5907a3b,hoenir,5907a3b,bridge,all_official,1,0,rating,b,b,0.0,titanium_collected,1000,,80,2460,17,10,129,4830,15,18,ok,,44.724,n-62-21-1,29052882,2026-08-08T18:05:38+0200
7579bae6a12bcb2c,auto-464e99b7c589,fenrir2@6b39ebb,fenrir2,6b39ebb,hoenir@5907a3b,hoenir,5907a3b,lighthouse,all_official,1,0,rating,b,b,0.0,core_destroyed,133,,7,180,5,5,61,870,11,14,ok,,4.671,n-62-31-13,29052882,2026-08-08T18:05:16+0200
75a2c094bc8fdf4f,auto-464e99b7c589,hoenir@5907a3b,hoenir,5907a3b,ostara@832c68a,ostara,832c68a,vase,all_official,1,0,rating,b,b,0.0,core_destroyed,420,,26,40,7,4,20,190,6,6,ok,,8.391,n-62-29-27,29052882,2026-08-08T18:06:25+0200
75b044809900b697,auto-464e99b7c589,bifrost@c70c467,bifrost,c70c467,hoenir@5907a3b,hoenir,5907a3b,duel,all_official,1,0,rating,b,b,0.0,core_destroyed,47,,9,190,8,6,7,200,8,6,ok,,3.233,n-62-28-31,29052882,2026-08-08T18:04:50+0200
75b567d3e01535a5,auto-464e99b7c589,skadi@821d792,skadi,821d792,hoenir@5907a3b,hoenir,5907a3b,sprint,all_official,1,0,rating,a,a,1.0,titanium_collected,1000,,17,790,8,16,16,150,7,5,ok,,7.559,n-62-29-21,29052882,2026-08-08T18:06:51+0200
75b5d8a8ed0afe02,auto-464e99b7c589,mjolnir@2e6c876,mjolnir,2e6c876,hoenir@5907a3b,hoenir,5907a3b,atoll,all_official,1,0,rating,a,a,1.0,titanium_collected,110,,2,500,9,18,8,490,12,11,ok,,4.948,n-62-31-7,29052882,2026-08-08T18:05:52+0200
75bca33afc0dc6cd,auto-464e99b7c589,hoenir@5907a3b,hoenir,5907a3b,spork@05ab6a2,spork,05ab6a2,drumlin,all_official,1,0,rating,b,b,0.0,core_destroyed,75,,8,410,8,16,18,450,7,16,ok,,3.331,n-62-11-50,29052882,2026-08-08T18:07:08+0200
760602d8724fb13c,auto-464e99b7c589,hoenir@5907a3b,hoenir,5907a3b,spork@05ab6a2,spork,05ab6a2,antler,all_official,1,0,rating,a,a,1.0,core_destroyed,55,,8,290,6,11,10,240,6,10,ok,,3.09,n-62-28-28,29052882,2026-08-08T18:07:01+0200
761597de3b0f8253,auto-464e99b7c589,steward_hardened_reinforced@672ee02,steward_hardened_reinforced,672ee02,hoenir@5907a3b,hoenir,5907a3b,heart,all_official,1,0,rating,b,b,0.0,core_destroyed,485,,10,0,8,2,9,40,6,8,ok,,6.617,n-62-31-4,29052882,2026-08-08T18:07:29+0200
761a83639db40e0e,auto-464e99b7c589,skadi@6a2af02,skadi,6a2af02,hoenir@5907a3b,hoenir,5907a3b,strait,all_official,1,0,rating,a,a,1.0,core_destroyed,133,,9,690,7,41,50,930,11,37,ok,,4.849,n-62-12-5,29052882,2026-08-08T18:07:13+0200
7635d8c851e5531b,auto-464e99b7c589,hoenir@5907a3b,hoenir,5907a3b,mjolnir@2e6c876,mjolnir,2e6c876,showdown,all_official,1,0,rating,a,a,1.0,titanium_collected,1000,,16,40,7,8,12,0,7,3,ok,,6.835,n-62-31-22,29052882,2026-08-08T18:06:01+0200
763732fa971eac83,auto-464e99b7c589,njord@f66a427,njord,f66a427,hoenir@5907a3b,hoenir,5907a3b,sprint,all_official,1,0,rating,b,b,0.0,core_destroyed,557,,10,30,6,1,9,90,7,3,ok,,5.066,n-62-11-66,29052882,2026-08-08T18:06:12+0200
7648f191a941d6e7,auto-464e99b7c589,ragnarok_fair@79582fc,ragnarok_fair,79582fc,hoenir@5907a3b,hoenir,5907a3b,antler,all_official,1,0,rating,b,b,0.0,core_destroyed,77,,10,340,7,10,58,330,6,9,ok,,3.174,n-62-31-19,29052882,2026-08-08T18:06:40+0200
76574325a8af52b4,auto-464e99b7c589,hoenir@5907a3b,hoenir,5907a3b,snotra@34b0ce8,snotra,34b0ce8,nordkap,all_official,1,0,rating,a,a,1.0,core_destroyed,501,,9,80,8,6,10,80,7,4,ok,,5.82,n-62-30-23,29052882,2026-08-08T18:07:12+0200
76743cbd95e49147,auto-464e99b7c589,jotunn@6b39ebb,jotunn,6b39ebb,hoenir@5907a3b,hoenir,5907a3b,showdown,all_official,1,0,rating,b,b,0.0,core_destroyed,105,,10,0,7,6,19,280,8,17,ok,,3.539,n-62-28-31,29052882,2026-08-08T18:05:52+0200
769400d9c9cffc30,auto-464e99b7c589,fulla@ec5aa19,fulla,ec5aa19,hoenir@5907a3b,hoenir,5907a3b,drumlin,all_official,1,0,rating,a,a,1.0,core_destroyed,54,,18,260,7,19,9,330,7,17,ok,,3.399,n-62-21-1,29052882,2026-08-08T18:05:57+0200
769e01044cb715aa,auto-464e99b7c589,bifrost@c70c467,bifrost,c70c467,hoenir@5907a3b,hoenir,5907a3b,crossfire,all_official,1,0,rating,a,a,1.0,core_destroyed,313,,9,370,7,7,9,140,9,2,ok,,4.67,n-62-28-28,29052882,2026-08-08T18:05:29+0200
76b53537eea68408,auto-464e99b7c589,hoenir@5907a3b,hoenir,5907a3b,audhumla@a7faecd,audhumla,a7faecd,string,all_official,1,0,rating,a,a,1.0,core_destroyed,154,,28,730,10,19,44,320,3,1,ok,,4.319,n-62-11-63,29052882,2026-08-08T18:04:51+0200
76eb24859b6937fb,auto-464e99b7c589,fulla@ec5aa19,fulla,ec5aa19,hoenir@5907a3b,hoenir,5907a3b,antler,all_official,1,0,rating,a,a,1.0,core_destroyed,104,,28,660,5,12,16,470,8,12,ok,,3.295,n-62-12-4,29052882,2026-08-08T18:05:04+0200
76fa86a8c9fc9864,auto-464e99b7c589,prospect@bf9b3e3,prospect,bf9b3e3,hoenir@5907a3b,hoenir,5907a3b,runestone,all_official,1,0,rating,b,b,0.0,core_destroyed,73,,10,30,8,7,9,150,8,9,ok,,3.997,n-62-31-20,29052882,2026-08-08T18:06:43+0200
77044709efea7236,auto-464e99b7c589,hoenir@5907a3b,hoenir,5907a3b,hodr@ea88247,hodr,ea88247,jackpot,all_official,1,0,rating,a,a,1.0,core_destroyed,59,,10,230,7,24,22,0,10,1,ok,,4.067,n-62-21-55,29052882,2026-08-08T18:04:40+0200
7716d71004e4c0bf,auto-464e99b7c589,ostara@832c68a,ostara,832c68a,hoenir@5907a3b,hoenir,5907a3b,saga,all_official,1,0,rating,a,a,1.0,core_destroyed,78,,26,440,8,38,60,290,8,29,ok,,4.01,n-62-29-9,29052882,2026-08-08T18:06:41+0200
774ac7c05cee957f,auto-464e99b7c589,aegis@e55aab5,aegis,e55aab5,hoenir@5907a3b,hoenir,5907a3b,fjord,all_official,1,0,rating,b,b,0.0,core_destroyed,76,,20,470,8,24,26,410,8,19,ok,,3.611,n-62-31-5,29052882,2026-08-08T18:05:11+0200
774ba44ac60e86f2,auto-464e99b7c589,skadi@6a2af02,skadi,6a2af02,hoenir@5907a3b,hoenir,5907a3b,saga,all_official,1,0,rating,b,b,0.0,core_destroyed,83,,4,420,8,36,9,250,8,19,ok,,4.198,n-62-28-34,29052882,2026-08-08T18:07:34+0200
7786e46d6bfa42ab,auto-464e99b7c589,janus@8a1e7a1,janus,8a1e7a1,hoenir@5907a3b,hoenir,5907a3b,runestone,all_official,1,0,rating,b,b,0.0,core_destroyed,73,,10,30,8,7,9,150,8,9,ok,,3.139,n-62-31-21,29052882,2026-08-08T18:05:28+0200
77bcc3f006be0efe,auto-464e99b7c589,casemate_oracle@90fc9f3,casemate_oracle,90fc9f3,hoenir@5907a3b,hoenir,5907a3b,showdown,all_official,1,0,rating,b,b,0.0,core_destroyed,141,,29,0,7,0,10,310,6,16,ok,,4.53,n-62-29-33,29052882,2026-08-08T18:04:46+0200
77cac4946da95be3,auto-464e99b7c589,fenrir2@6b39ebb,fenrir2,6b39ebb,hoenir@5907a3b,hoenir,5907a3b,eider,all_official,1,0,rating,b,b,0.0,core_destroyed,80,,40,180,5,7,19,340,5,11,ok,,3.529,n-62-31-20,29052882,2026-08-08T18:04:51+0200
77cc4778f8d3d929,auto-464e99b7c589,skadi@aad5f44,skadi,aad5f44,hoenir@5907a3b,hoenir,5907a3b,antler,all_official,1,0,rating,b,b,0.0,core_destroyed,454,,8,450,8,9,21,1780,12,21,ok,,6.817,n-62-29-24,29052882,2026-08-08T18:07:10+0200
77d89efa784e084a,auto-464e99b7c589,steward_hardened_reinforced@366cd1b,steward_hardened_reinforced,366cd1b,hoenir@5907a3b,hoenir,5907a3b,snowflake,all_official,1,0,rating,a,a,1.0,core_destroyed,65,,81,550,9,22,7,140,8,11,ok,,3.612,n-62-31-5,29052882,2026-08-08T18:07:25+0200
780a69cbfb999514,auto-464e99b7c589,hoenir@5907a3b,hoenir,5907a3b,loki@9ac8974,loki,9ac8974,sprint,all_official,1,0,rating,b,b,0.0,core_destroyed,187,,7,20,7,4,19,440,6,6,ok,,4.036,n-62-31-19,29052882,2026-08-08T18:06:08+0200
782ef9fb1bf24dba,auto-464e99b7c589,freyr@c2c0d3d,freyr,c2c0d3d,hoenir@5907a3b,hoenir,5907a3b,twins,all_official,1,0,rating,b,b,0.0,core_destroyed,253,,9,150,9,3,10,600,8,14,ok,,4.198,n-62-12-3,29052882,2026-08-08T18:05:40+0200
7847b9367be574cf,auto-464e99b7c589,loki@9ac8974,loki,9ac8974,hoenir@5907a3b,hoenir,5907a3b,runestone,all_official,1,0,rating,a,a,1.0,core_destroyed,77,,9,240,8,12,9,160,7,15,ok,,4.383,n-62-31-16,29052882,2026-08-08T18:06:29+0200
7861f224c9cd972f,auto-464e99b7c589,spork@05ab6a2,spork,05ab6a2,hoenir@5907a3b,hoenir,5907a3b,saga,all_official,1,0,rating,a,a,1.0,core_destroyed,83,,8,480,9,41,60,380,9,30,ok,,4.586,n-62-21-89,29052882,2026-08-08T18:07:40+0200
787944ae21e85de7,auto-464e99b7c589,hoenir@5907a3b,hoenir,5907a3b,snotra@34b0ce8,snotra,34b0ce8,meander,all_official,1,0,rating,b,b,0.0,core_destroyed,126,,191,100,6,8,10,280,7,14,ok,,3.096,n-62-30-23,29052882,2026-08-08T18:06:53+0200
788a3c55ccf63d27,auto-464e99b7c589,skadi@6a2af02,skadi,6a2af02,hoenir@5907a3b,hoenir,5907a3b,pinch,all_official,1,0,rating,b,b,0.0,core_destroyed,303,,7,220,6,3,7,730,7,25,ok,,4.473,n-62-28-34,29052882,2026-08-08T18:06:40+0200
78b1edcee590ce4c,auto-464e99b7c589,spar_sniper@aa24129,spar_sniper,aa24129,hoenir@5907a3b,hoenir,5907a3b,jackpot,all_official,1,0,rating,a,a,1.0,core_destroyed,378,,30,1820,22,24,66,1790,24,19,ok,,20.425,n-62-31-18,29052882,2026-08-08T18:07:20+0200
78c08297d9ad2156,auto-464e99b7c589,hoenir@5907a3b,hoenir,5907a3b,njord@f66a427,njord,f66a427,runestone,all_official,1,0,rating,a,a,1.0,core_destroyed,221,,19,360,8,14,10,70,8,5,ok,,4.149,n-62-11-62,29052882,2026-08-08T18:06:11+0200
78c3bf65bc999500,auto-464e99b7c589,hoenir@5907a3b,hoenir,5907a3b,prospect_rushonly@bf9b3e3,prospect_rushonly,bf9b3e3,longship,all_official,1,0,rating,a,a,1.0,core_destroyed,257,,8,620,8,11,9,620,9,7,ok,,5.144,n-62-31-16,29052882,2026-08-08T18:06:56+0200
78c6d81aa90f33c8,auto-464e99b7c589,hoenir@5907a3b,hoenir,5907a3b,njord@f66a427,njord,f66a427,saga,all_official,1,0,rating,b,b,0.0,core_destroyed,79,,8,250,8,28,9,360,8,23,ok,,3.738,n-62-11-62,29052882,2026-08-08T18:06:18+0200
78e0ba2b6524f9c4,auto-464e99b7c589,hoenir@5907a3b,hoenir,5907a3b,bifrost@c70c467,bifrost,c70c467,eider,all_official,1,0,rating,a,a,1.0,core_destroyed,88,,28,460,7,12,16,450,7,9,ok,,3.658,n-62-28-31,29052882,2026-08-08T18:04:54+0200
79149ad9d06574d3,auto-464e99b7c589,mjolnir@2e6c876,mjolnir,2e6c876,hoenir@5907a3b,hoenir,5907a3b,snowflake,all_official,1,0,rating,a,a,1.0,core_destroyed,112,,92,900,12,26,32,250,7,36,ok,,5.185,n-62-31-22,29052882,2026-08-08T18:06:26+0200
791d1be207ecb635,auto-464e99b7c589,mimir@cfc1ec4,mimir,cfc1ec4,hoenir@5907a3b,hoenir,5907a3b,sweden,all_official,1,0,rating,b,b,0.0,core_destroyed,261,,29,0,8,23,10,610,7,21,ok,,8.072,n-62-21-14,29052882,2026-08-08T18:06:13+0200
79202e786e582b4c,auto-464e99b7c589,hoenir@5907a3b,hoenir,5907a3b,mjolnir@2e6c876,mjolnir,2e6c876,quarry,all_official,1,0,rating,b,b,0.0,core_destroyed,148,,18,320,8,39,81,1530,11,65,ok,,5.473,n-62-31-24,29052882,2026-08-08T18:06:31+0200
7936b915b7435b79,auto-464e99b7c589,hoenir@5907a3b,hoenir,5907a3b,prospect@bf9b3e3,prospect,bf9b3e3,duel,all_official,1,0,rating,a,a,1.0,core_destroyed,52,,28,220,7,6,20,210,6,8,ok,,2.997,n-62-31-5,29052882,2026-08-08T18:06:35+0200
7949012f872dd178,auto-464e99b7c589,mimir@cfc1ec4,mimir,cfc1ec4,hoenir@5907a3b,hoenir,5907a3b,snowflake,all_official,1,0,rating,a,a,1.0,core_destroyed,65,,43,550,9,22,7,140,8,11,ok,,3.722,n-62-21-10,29052882,2026-08-08T18:06:00+0200
79872a7dc571ac4b,auto-464e99b7c589,casemate_oracle@90fc9f3,casemate_oracle,90fc9f3,hoenir@5907a3b,hoenir,5907a3b,antler,all_official,1,0,rating,b,b,0.0,core_destroyed,55,,271,0,5,7,20,360,7,21,ok,,3.001,n-62-29-16,29052882,2026-08-08T18:05:06+0200
7998cc99dce33465,auto-464e99b7c589,hoenir@5907a3b,hoenir,5907a3b,prospect@bf9b3e3,prospect,bf9b3e3,meander,all_official,1,0,rating,a,a,1.0,core_destroyed,129,,19,250,7,10,10,0,5,8,ok,,3.37,n-62-31-18,29052882,2026-08-08T18:06:31+0200
799ec018c711400e,auto-464e99b7c589,hoenir@5907a3b,hoenir,5907a3b,heimdall@daf0de0,heimdall,daf0de0,string,all_official,1,0,rating,b,b,0.0,core_destroyed,170,,21,440,9,10,10,440,4,5,ok,,4.633,n-62-21-51,29052882,2026-08-08T18:04:56+0200
79a5d305752f25f7,auto-464e99b7c589,skadi@aad5f44,skadi,aad5f44,hoenir@5907a3b,hoenir,5907a3b,duel,all_official,1,0,rating,a,a,1.0,core_destroyed,63,,10,150,4,5,60,160,7,4,ok,,2.862,n-62-29-9,29052882,2026-08-08T18:07:51+0200
79e48f868a7f2fd5,auto-464e99b7c589,hoenir@5907a3b,hoenir,5907a3b,steward_hardened_reinforced@c04e46e,steward_hardened_reinforced,c04e46e,drumlin,all_official,1,0,rating,b,b,0.0,core_destroyed,67,,22,300,8,17,19,360,7,17,ok,,3.311,n-62-21-92,29052882,2026-08-08T18:07:39+0200
7a1336df77896687,auto-464e99b7c589,hoenir@5907a3b,hoenir,5907a3b,snotra_h@4437c29,snotra_h,4437c29,skerry,all_official,1,0,rating,b,b,0.0,core_destroyed,66,,8,280,9,10,6,280,9,9,ok,,4.078,n-62-11-61,29052882,2026-08-08T18:07:15+0200
7a245bd161788d3a,auto-464e99b7c589,skadi@1e4eddf,skadi,1e4eddf,hoenir@5907a3b,hoenir,5907a3b,quarry,all_official,1,0,rating,a,a,1.0,titanium_collected,1000,,17,410,8,33,17,0,6,7,ok,,9.893,n-62-11-51,29052882,2026-08-08T18:07:07+0200
7a4c76d0241855eb,auto-464e99b7c589,hoenir@5907a3b,hoenir,5907a3b,skadi@aad5f44,skadi,aad5f44,lighthouse,all_official,1,0,rating,a,a,1.0,core_destroyed,78,,9,320,7,9,4,60,6,9,ok,,2.993,n-62-31-5,29052882,2026-08-08T18:07:19+0200
7a589112e47b67b9,auto-464e99b7c589,hoenir@5907a3b,hoenir,5907a3b,steward_hardened_reinforced@366cd1b,steward_hardened_reinforced,366cd1b,strait,all_official,1,0,rating,b,b,0.0,core_destroyed,297,,29,820,7,18,8,740,8,13,ok,,5.711,n-62-31-5,29052882,2026-08-08T18:07:39+0200
7a6fc8c4769a306f,auto-464e99b7c589,hodr@ea88247,hodr,ea88247,hoenir@5907a3b,hoenir,5907a3b,sprint,all_official,1,0,rating,b,b,0.0,core_destroyed,557,,10,30,6,1,9,90,7,3,ok,,5.847,n-62-21-57,29052882,2026-08-08T18:05:13+0200
7a73f74005f2c43c,auto-464e99b7c589,hoenir@5907a3b,hoenir,5907a3b,mjolnir@2e6c876,mjolnir,2e6c876,snowflake,all_official,1,0,rating,a,a,1.0,core_destroyed,54,,37,460,6,21,10,280,8,24,ok,,3.356,n-62-31-22,29052882,2026-08-08T18:06:21+0200
7a8100aeabfc6e7d,auto-464e99b7c589,heimdall@daf0de0,heimdall,daf0de0,hoenir@5907a3b,hoenir,5907a3b,vault,all_official,1,0,rating,b,b,0.0,core_destroyed,97,,10,430,9,24,7,440,12,19,ok,,4.783,n-62-21-52,29052882,2026-08-08T18:05:02+0200
7a945b91009ac2d1,auto-464e99b7c589,hoenir@5907a3b,hoenir,5907a3b,loki@9ac8974,loki,9ac8974,string,all_official,1,0,rating,a,a,1.0,core_destroyed,78,,16,190,5,3,12,180,9,2,ok,,2.922,n-62-11-55,29052882,2026-08-08T18:05:36+0200
7aa80f73f914c8e0,auto-464e99b7c589,hoenir@5907a3b,hoenir,5907a3b,bastion@840a180,bastion,840a180,jackpot,all_official,1,0,rating,b,b,0.0,core_destroyed,134,,105,610,10,12,18,320,5,6,ok,,4.266,n-62-31-9,29052882,2026-08-08T18:05:17+0200
7ab66a0fe66340fa,auto-464e99b7c589,hoenir@5907a3b,hoenir,5907a3b,skadi@aad5f44,skadi,aad5f44,longship,all_official,1,0,rating,b,b,0.0,core_destroyed,140,,30,630,7,14,44,1040,10,21,ok,,4.771,n-62-31-5,29052882,2026-08-08T18:07:27+0200
7ac3b4aa90366509,auto-464e99b7c589,hoenir@5907a3b,hoenir,5907a3b,spar_mender@d5b46bc,spar_mender,d5b46bc,jackpot,all_official,1,0,rating,a,a,1.0,core_destroyed,59,,10,230,7,24,22,0,10,1,ok,,3.624,n-62-31-8,29052882,2026-08-08T18:07:22+0200
7ad49019061d7400,auto-464e99b7c589,hoenir@5907a3b,hoenir,5907a3b,magni@3677a66,magni,3677a66,eider,all_official,1,0,rating,a,a,1.0,core_destroyed,88,,28,460,7,12,16,450,7,9,ok,,3.342,n-62-11-50,29052882,2026-08-08T18:06:01+0200
7ae931b090cb6f53,auto-464e99b7c589,njord@f66a427,njord,f66a427,hoenir@5907a3b,hoenir,5907a3b,pinch,all_official,1,0,rating,b,b,0.0,core_destroyed,345,,9,100,8,1,9,840,7,10,ok,,3.851,n-62-11-62,29052882,2026-08-08T18:05:56+0200
7b11767af3a79dbe,auto-464e99b7c589,bastion@840a180,bastion,840a180,hoenir@5907a3b,hoenir,5907a3b,antler,all_official,1,0,rating,b,b,0.0,core_destroyed,79,,10,340,4,9,8,340,8,10,ok,,3.091,n-62-11-64,29052882,2026-08-08T18:04:53+0200
7b1cc26d639f1187,auto-464e99b7c589,hoenir@5907a3b,hoenir,5907a3b,steward_hardened_reinforced@c04e46e,steward_hardened_reinforced,c04e46e,antler,all_official,1,0,rating,b,b,0.0,core_destroyed,57,,31,300,6,13,19,240,8,13,ok,,2.915,n-62-11-64,29052882,2026-08-08T18:07:29+0200
7b31e7108f0f823c,auto-464e99b7c589,steward_hardened_reinforced@366cd1b,steward_hardened_reinforced,366cd1b,hoenir@5907a3b,hoenir,5907a3b,strait,all_official,1,0,rating,b,b,0.0,core_destroyed,138,,9,380,7,14,4,610,8,20,ok,,4.216,n-62-31-5,29052882,2026-08-08T18:07:43+0200
7b4870a9d5846dd9,auto-464e99b7c589,steward_hardened_reinforced@a994296,steward_hardened_reinforced,a994296,hoenir@5907a3b,hoenir,5907a3b,quarry,all_official,1,0,rating,a,a,1.0,core_destroyed,67,,18,320,9,18,10,0,8,5,ok,,3.473,n-62-11-66,29052882,2026-08-08T18:07:52+0200
7b58977d0f73b75d,auto-464e99b7c589,hoenir@5907a3b,hoenir,5907a3b,ragnarok_fair@79582fc,ragnarok_fair,79582fc,moonrise,all_official,1,0,rating,b,b,0.0,core_destroyed,353,,36,1680,12,10,10,80,5,6,ok,,6.759,n-62-11-60,29052882,2026-08-08T18:07:04+0200
7b5c9b2ea8e7511b,auto-464e99b7c589,hoenir@5907a3b,hoenir,5907a3b,aegis@e55aab5,aegis,e55aab5,eider,all_official,1,0,rating,a,a,1.0,core_destroyed,125,,3,290,8,9,10,120,9,4,ok,,3.896,n-62-31-5,29052882,2026-08-08T18:05:00+0200
7b61b88545824a6d,auto-464e99b7c589,mistral@90fc9f3,mistral,90fc9f3,hoenir@5907a3b,hoenir,5907a3b,moonrise,all_official,1,0,rating,b,b,0.0,core_destroyed,84,,70,0,7,0,250,360,5,8,ok,,5.347,n-62-21-24,29052882,2026-08-08T18:06:15+0200
7b64d77b874cc454,auto-464e99b7c589,hoenir@5907a3b,hoenir,5907a3b,e_t4l7@9e77076,e_t4l7,9e77076,lighthouse,all_official,1,0,rating,a,a,1.0,core_destroyed,375,,28,2940,9,39,1184,2380,0,17,ok,,5.37,n-62-30-23,29052882,2026-08-08T18:05:38+0200
7b71d435645d4ac2,auto-464e99b7c589,spar_mender@d5b46bc,spar_mender,d5b46bc,hoenir@5907a3b,hoenir,5907a3b,sprint,all_official,1,0,rating,b,b,0.0,core_destroyed,230,,7,0,9,4,9,540,8,13,ok,,4.497,n-62-31-10,29052882,2026-08-08T18:07:03+0200
7b880af1bd241438,auto-464e99b7c589,hoenir@5907a3b,hoenir,5907a3b,steward_hardened_reinforced@c04e46e,steward_hardened_reinforced,c04e46e,hive,all_official,1,0,rating,b,b,0.0,core_destroyed,311,,7,750,6,14,15,870,9,22,ok,,5.144,n-62-31-9,29052882,2026-08-08T18:07:54+0200
7baafd2e69ec2b3d,auto-464e99b7c589,jonbot@90fc9f3,jonbot,90fc9f3,hoenir@5907a3b,hoenir,5907a3b,archipelago,all_official,1,0,rating,b,b,0.0,core_destroyed,65,,569,480,4,29,32,530,7,37,ok,,3.568,n-62-31-22,29052882,2026-08-08T18:06:06+0200
7bb5b04fb64598ec,auto-464e99b7c589,hoenir@5907a3b,hoenir,5907a3b,steward_hardened_reinforced@c04e46e,steward_hardened_reinforced,c04e46e,aurora,all_official,1,0,rating,a,a,1.0,core_destroyed,140,,19,640,8,19,16,60,8,15,ok,,4.275,n-62-11-64,29052882,2026-08-08T18:07:54+0200
7bc20eefa475bde2,auto-464e99b7c589,hoenir@5907a3b,hoenir,5907a3b,prospect_rushonly@bf9b3e3,prospect_rushonly,bf9b3e3,vault,all_official,1,0,rating,a,a,1.0,core_destroyed,94,,16,420,7,15,8,420,11,5,ok,,4.657,n-62-31-19,29052882,2026-08-08T18:06:28+0200
7bc8cac3a15b5f1c,auto-464e99b7c589,hoenir@5907a3b,hoenir,5907a3b,freyr@c2c0d3d,freyr,c2c0d3d,fjordgate,all_official,1,0,rating,a,a,1.0,core_destroyed,164,,30,760,6,25,230,10,2,3,ok,,2.673,n-62-12-7,29052882,2026-08-08T18:05:10+0200
7bc925d872b12e3a,auto-464e99b7c589,loki@9ac8974,loki,9ac8974,hoenir@5907a3b,hoenir,5907a3b,strait,all_official,1,0,rating,b,b,0.0,core_destroyed,72,,157,300,8,15,42,370,8,23,ok,,3.677,n-62-11-55,29052882,2026-08-08T18:05:33+0200
7bd24ab229a84f42,auto-464e99b7c589,spork@05ab6a2,spork,05ab6a2,hoenir@5907a3b,hoenir,5907a3b,sprint,all_official,1,0,rating,b,b,0.0,core_destroyed,254,,8,40,7,0,10,610,9,9,ok,,4.775,n-62-21-90,29052882,2026-08-08T18:07:16+0200
7c00a1f7c9d602e2,auto-464e99b7c589,hoenir@5907a3b,hoenir,5907a3b,skadi@1e4eddf,skadi,1e4eddf,bridge,all_official,1,0,rating,b,b,0.0,titanium_collected,1000,,148,2460,9,15,1709,2600,5,7,ok,,20.955,n-62-21-97,29052882,2026-08-08T18:07:08+0200
7c01e98825736763,auto-464e99b7c589,hoenir@5907a3b,hoenir,5907a3b,hodr@ea88247,hodr,ea88247,duel,all_official,1,0,rating,a,a,1.0,core_destroyed,57,,9,240,8,7,208,240,5,6,ok,,2.828,n-62-21-53,29052882,2026-08-08T18:05:14+0200
7c24701590428311,auto-464e99b7c589,hoenir@5907a3b,hoenir,5907a3b,jotunn@6b39ebb,jotunn,6b39ebb,archipelago,all_official,1,0,rating,a,a,1.0,core_destroyed,67,,50,580,8,28,6,120,9,15,ok,,3.976,n-62-21-97,29052882,2026-08-08T18:05:24+0200
7c3411c1f0f78b88,auto-464e99b7c589,hoenir@5907a3b,hoenir,5907a3b,maporacle@38e1456,maporacle,38e1456,quarry,all_official,1,0,rating,a,a,1.0,titanium_collected,1000,,16,170,7,12,16,0,9,6,ok,,10.736,n-62-12-3,29052882,2026-08-08T18:06:12+0200
7c3c9a80863a6bb2,auto-464e99b7c589,magni@3677a66,magni,3677a66,hoenir@5907a3b,hoenir,5907a3b,heart,all_official,1,0,rating,a,a,1.0,core_destroyed,337,,9,0,8,3,10,40,6,5,ok,,5.301,n-62-11-51,29052882,2026-08-08T18:05:54+0200
7c4e1af554c2585d,auto-464e99b7c589,e_t4l7@9e77076,e_t4l7,9e77076,hoenir@5907a3b,hoenir,5907a3b,snowflake,all_official,1,0,rating,a,a,1.0,titanium_collected,1000,,5511,5470,6,23,44,2480,8,37,ok,,13.415,n-62-31-17,29052882,2026-08-08T18:04:54+0200
7c69186ae2a600cc,auto-464e99b7c589,prospect_rushonly@bf9b3e3,prospect_rushonly,bf9b3e3,hoenir@5907a3b,hoenir,5907a3b,fjord,all_official,1,0,rating,b,b,0.0,core_destroyed,60,,17,250,10,7,29,380,9,14,ok,,3.884,n-62-31-8,29052882,2026-08-08T18:06:42+0200
7c6af7e281816842,auto-464e99b7c589,hoenir@5907a3b,hoenir,5907a3b,janus@8a1e7a1,janus,8a1e7a1,fjord,all_official,1,0,rating,a,a,1.0,core_destroyed,71,,18,470,8,19,197,440,7,12,ok,,3.299,n-62-21-64,29052882,2026-08-08T18:05:35+0200
7c7d83f50355e3d1,auto-464e99b7c589,hoenir@5907a3b,hoenir,5907a3b,gefjon@f66a427,gefjon,f66a427,nordkap,all_official,1,0,rating,a,a,1.0,core_destroyed,354,,8,860,8,15,8,80,6,3,ok,,5.686,n-62-21-24,29052882,2026-08-08T18:05:13+0200
7cec76904e60872f,auto-464e99b7c589,hoenir@5907a3b,hoenir,5907a3b,bastion@840a180,bastion,840a180,bridge,all_official,1,0,rating,a,a,1.0,core_destroyed,273,,9,130,9,8,10,500,8,9,ok,,6.549,n-62-21-92,29052882,2026-08-08T18:04:42+0200
7d09f34eb700609a,auto-464e99b7c589,gobbleglitch@6cdc440,gobbleglitch,6cdc440,hoenir@5907a3b,hoenir,5907a3b,moonrise,all_official,1,0,rating,b,b,0.0,core_destroyed,80,,70,0,6,2,19,180,8,6,ok,,2.253,n-62-12-64,29052882,2026-08-08T18:04:56+0200
7d0f52ee256e7774,auto-464e99b7c589,odin@93e46da,odin,93e46da,hoenir@5907a3b,hoenir,5907a3b,drumlin,all_official,1,0,rating,b,b,0.0,core_destroyed,57,,10,180,8,22,22,420,8,21,ok,,3.219,n-62-28-28,29052882,2026-08-08T18:06:44+0200
7d1ce6834b59ac63,auto-464e99b7c589,hoenir@5907a3b,hoenir,5907a3b,magni@3677a66,magni,3677a66,lighthouse,all_official,1,0,rating,b,b,0.0,core_destroyed,161,,7,390,8,7,20,740,7,14,ok,,3.155,n-62-11-58,29052882,2026-08-08T18:05:30+0200
7d558dffbc46a3f0,auto-464e99b7c589,hoenir@5907a3b,hoenir,5907a3b,mjolnir@2e6c876,mjolnir,2e6c876,twins,all_official,1,0,rating,b,b,0.0,titanium_collected,1000,,140,4780,28,31,8069,10740,11,44,ok,,42.581,n-62-31-23,29052882,2026-08-08T18:07:33+0200
7d882aaa23f9689c,auto-464e99b7c589,sif@3fc5cd8,sif,3fc5cd8,hoenir@5907a3b,hoenir,5907a3b,fjord,all_official,1,0,rating,b,b,0.0,core_destroyed,61,,105,370,9,12,10,270,9,14,ok,,3.15,n-62-11-64,29052882,2026-08-08T18:06:54+0200
7d9030666163a9a5,auto-464e99b7c589,hoenir@5907a3b,hoenir,5907a3b,audhumla@a7faecd,audhumla,a7faecd,vase,all_official,1,0,rating,a,a,1.0,core_destroyed,401,,9,50,7,8,10,150,7,6,ok,,6.073,n-62-11-63,29052882,2026-08-08T18:05:27+0200
7d94d70d1e79bd72,auto-464e99b7c589,sif@3fc5cd8,sif,3fc5cd8,hoenir@5907a3b,hoenir,5907a3b,eider,all_official,1,0,rating,a,a,1.0,core_destroyed,69,,9,390,7,12,9,270,7,13,ok,,3.23,n-62-11-64,29052882,2026-08-08T18:06:46+0200
7d94f67df306a8cd,auto-464e99b7c589,gobbleglitch@6cdc440,gobbleglitch,6cdc440,hoenir@5907a3b,hoenir,5907a3b,jackpot,all_official,1,0,rating,b,b,0.0,core_destroyed,129,,60,0,7,0,9,290,9,11,ok,,3.197,n-62-13-7,29052882,2026-08-08T18:05:08+0200
7da16633850c363a,auto-464e99b7c589,hoenir@5907a3b,hoenir,5907a3b,magni@3677a66,magni,3677a66,drumlin,all_official,1,0,rating,b,b,0.0,core_destroyed,67,,22,300,8,17,19,360,7,17,ok,,3.167,n-62-11-50,29052882,2026-08-08T18:05:49+0200
7da6c81d47af7651,auto-464e99b7c589,hoenir@5907a3b,hoenir,5907a3b,njord@f66a427,njord,f66a427,moonrise,all_official,1,0,rating,a,a,1.0,core_destroyed,131,,27,580,9,14,10,50,6,3,ok,,4.383,n-62-11-68,29052882,2026-08-08T18:06:22+0200
7dc7bdb4e4c3f58f,auto-464e99b7c589,skadi@821d792,skadi,821d792,hoenir@5907a3b,hoenir,5907a3b,longship,all_official,1,0,rating,a,a,1.0,core_destroyed,105,,8,240,7,18,10,430,7,19,ok,,3.882,n-62-12-1,29052882,2026-08-08T18:07:45+0200
7dd9cff1604dc843,auto-464e99b7c589,hoenir@5907a3b,hoenir,5907a3b,snotra_h@4437c29,snotra_h,4437c29,lighthouse,all_official,1,0,rating,b,b,0.0,core_destroyed,161,,7,390,8,7,20,740,7,14,ok,,3.463,n-62-31-23,29052882,2026-08-08T18:07:43+0200
7e064722e87040d3,auto-464e99b7c589,hoenir@5907a3b,hoenir,5907a3b,steward_relent@7ed1acc,steward_relent,7ed1acc,duel,all_official,1,0,rating,a,a,1.0,core_destroyed,57,,9,240,8,7,208,240,5,6,ok,,2.626,n-62-11-55,29052882,2026-08-08T18:07:53+0200
7e1b9e341a80ac30,auto-464e99b7c589,spork@05ab6a2,spork,05ab6a2,hoenir@5907a3b,hoenir,5907a3b,hive,all_official,1,0,rating,b,b,0.0,core_destroyed,70,,10,150,11,18,7,310,10,25,ok,,4.036,n-62-11-51,29052882,2026-08-08T18:07:24+0200
7e279e5151649130,auto-464e99b7c589,hoenir@5907a3b,hoenir,5907a3b,fenrir2@6b39ebb,fenrir2,6b39ebb,sprint,all_official,1,0,rating,a,a,1.0,core_destroyed,253,,9,0,6,11,10,0,6,0,ok,,3.698,n-62-31-8,29052882,2026-08-08T18:05:14+0200
7e292f484cc7bac6,auto-464e99b7c589,spar_sniper@aa24129,spar_sniper,aa24129,hoenir@5907a3b,hoenir,5907a3b,vase,all_official,1,0,rating,b,b,0.0,core_destroyed,48,,60,0,8,5,20,80,5,12,ok,,2.742,n-62-11-52,29052882,2026-08-08T18:07:41+0200
7e4e7781a79afa4d,auto-464e99b7c589,hoenir@5907a3b,hoenir,5907a3b,odin@93e46da,odin,93e46da,quarry,all_official,1,0,rating,a,a,1.0,core_destroyed,141,,9,310,7,32,10,500,10,38,ok,,5.01,n-62-28-34,29052882,2026-08-08T18:06:26+0200
7e58bb5641c191c4,auto-464e99b7c589,hoenir@5907a3b,hoenir,5907a3b,skadi@1e4eddf,skadi,1e4eddf,saga,all_official,1,0,rating,b,b,0.0,core_destroyed,298,,127,1350,7,29,6,1410,8,34,ok,,6.276,n-62-11-58,29052882,2026-08-08T18:06:34+0200
7e7cdb947017d3ee,auto-464e99b7c589,odin@93e46da,odin,93e46da,hoenir@5907a3b,hoenir,5907a3b,twins,all_official,1,0,rating,b,b,0.0,core_destroyed,81,,1,260,9,30,9,330,8,29,ok,,3.829,n-62-29-15,29052882,2026-08-08T18:07:04+0200
7e8416bcaac41a5b,auto-464e99b7c589,hoenir@5907a3b,hoenir,5907a3b,steward_hardened_reinforced@c04e46e,steward_hardened_reinforced,c04e46e,twins,all_official,1,0,rating,a,a,1.0,core_destroyed,101,,8,230,8,10,10,210,6,15,ok,,3.952,n-62-21-97,29052882,2026-08-08T18:07:36+0200
7e9569c809d0149f,auto-464e99b7c589,bastion@840a180,bastion,840a180,hoenir@5907a3b,hoenir,5907a3b,archipelago,all_official,1,0,rating,b,b,0.0,core_destroyed,65,,37,340,8,33,39,400,6,25,ok,,3.516,n-62-11-64,29052882,2026-08-08T18:05:00+0200
7eb0d72456ec6786,auto-464e99b7c589,hoenir@5907a3b,hoenir,5907a3b,steward_hardened_reinforced@672ee02,steward_hardened_reinforced,672ee02,jackpot,all_official,1,0,rating,a,a,1.0,core_destroyed,59,,10,230,7,22,10,0,10,1,ok,,3.961,n-62-31-4,29052882,2026-08-08T18:07:54+0200
7eb54f6b3ba42c32,auto-464e99b7c589,ostara@832c68a,ostara,832c68a,hoenir@5907a3b,hoenir,5907a3b,vault,all_official,1,0,rating,b,b,0.0,core_destroyed,91,,6,320,10,12,8,410,8,18,ok,,3.937,n-62-29-27,29052882,2026-08-08T18:06:39+0200
7eec3d832f466154,auto-464e99b7c589,hoenir@5907a3b,hoenir,5907a3b,audhumla@a7faecd,audhumla,a7faecd,sprint,all_official,1,0,rating,a,a,1.0,core_destroyed,467,,55,1490,9,22,7,790,7,13,ok,,5.5,n-62-11-66,29052882,2026-08-08T18:05:13+0200
7ef191aedae82ce6,auto-464e99b7c589,hoenir@5907a3b,hoenir,5907a3b,loki@9ac8974,loki,9ac8974,sweden,all_official,1,0,rating,a,a,1.0,titanium_collected,1000,,44,2460,21,14,46,150,14,7,ok,,37.413,n-62-11-55,29052882,2026-08-08T18:06:38+0200
7ef8597ecf8f86dd,auto-464e99b7c589,maporacle@38e1456,maporacle,38e1456,hoenir@5907a3b,hoenir,5907a3b,strait,all_official,1,0,rating,b,b,0.0,core_destroyed,95,,10,320,10,28,31,540,8,25,ok,,5.538,n-62-21-2,29052882,2026-08-08T18:05:50+0200
7f32ae38db88e0aa,auto-464e99b7c589,hoenir@5907a3b,hoenir,5907a3b,skadi@821d792,skadi,821d792,strait,all_official,1,0,rating,a,a,1.0,core_destroyed,252,,91,1750,14,35,70,1610,9,32,ok,,7.792,n-62-29-21,29052882,2026-08-08T18:06:59+0200
7f538afd989e2e0f,auto-464e99b7c589,janus@8a1e7a1,janus,8a1e7a1,hoenir@5907a3b,hoenir,5907a3b,crossfire,all_official,1,0,rating,b,b,0.0,core_destroyed,93,,10,220,7,11,9,100,9,4,ok,,3.394,n-62-21-64,29052882,2026-08-08T18:05:11+0200
7f83bae2ac5103ba,auto-464e99b7c589,hoenir@5907a3b,hoenir,5907a3b,odin@93e46da,odin,93e46da,vase,all_official,1,0,rating,a,a,1.0,core_destroyed,162,,51,370,7,7,8,110,8,3,ok,,4.631,n-62-29-15,29052882,2026-08-08T18:07:09+0200
7f83cf4fe99f2910,auto-464e99b7c589,fenrir2@6b39ebb,fenrir2,6b39ebb,hoenir@5907a3b,hoenir,5907a3b,runestone,all_official,1,0,rating,b,b,0.0,core_destroyed,104,,20,80,5,12,18,600,9,23,ok,,4.067,n-62-31-14,29052882,2026-08-08T18:05:21+0200
7f972dfe035a61f7,auto-464e99b7c589,fulla@ec5aa19,fulla,ec5aa19,hoenir@5907a3b,hoenir,5907a3b,sprint,all_official,1,0,rating,b,b,0.0,titanium_collected,1000,,45,20,7,4,20,40,5,4,ok,,9.108,n-62-21-6,29052882,2026-08-08T18:05:16+0200
7f97304aed22bc20,auto-464e99b7c589,hoenir@5907a3b,hoenir,5907a3b,steward_hardened_reinforced@672ee02,steward_hardened_reinforced,672ee02,eider,all_official,1,0,rating,a,a,1.0,core_destroyed,101,,8,630,9,16,10,260,5,9,ok,,3.859,n-62-29-9,29052882,2026-08-08T18:07:29+0200
7f9bc2e805636a12,auto-464e99b7c589,skadi@1e4eddf,skadi,1e4eddf,hoenir@5907a3b,hoenir,5907a3b,strait,all_official,1,0,rating,a,a,1.0,core_destroyed,133,,9,690,7,41,60,940,11,38,ok,,5.634,n-62-21-90,29052882,2026-08-08T18:06:43+0200
7f9d82098f12dc2b,auto-464e99b7c589,hoenir@5907a3b,hoenir,5907a3b,jonbot@90fc9f3,jonbot,90fc9f3,fjordgate,all_official,1,0,rating,a,a,1.0,core_destroyed,82,,6,320,5,12,59,180,6,6,ok,,3.179,n-62-11-61,29052882,2026-08-08T18:05:51+0200
7f9f98ba6682dc35,auto-464e99b7c589,hoenir@5907a3b,hoenir,5907a3b,steward_hardened_reinforced@366cd1b,steward_hardened_reinforced,366cd1b,aurora,all_official,1,0,rating,a,a,1.0,core_destroyed,140,,19,640,8,19,16,60,8,15,ok,,4.889,n-62-21-2,29052882,2026-08-08T18:07:44+0200
7fb71ebb5d015039,auto-464e99b7c589,hoenir@5907a3b,hoenir,5907a3b,freyr@c2c0d3d,freyr,c2c0d3d,runestone,all_official,1,0,rating,a,a,1.0,core_destroyed,310,,9,580,8,14,8,70,8,5,ok,,5.186,n-62-12-2,29052882,2026-08-08T18:04:41+0200
7fb811749e67cdde,auto-464e99b7c589,skadi@821d792,skadi,821d792,hoenir@5907a3b,hoenir,5907a3b,heart,all_official,1,0,rating,a,a,1.0,core_destroyed,313,,10,0,4,17,29,60,7,10,ok,,7.01,n-62-12-1,29052882,2026-08-08T18:06:46+0200
7fbace3d72da3ade,auto-464e99b7c589,hoenir@5907a3b,hoenir,5907a3b,forseti@37dc858,forseti,37dc858,fjord,all_official,1,0,rating,a,a,1.0,core_destroyed,64,,49,420,8,18,17,390,9,14,ok,,3.643,n-62-11-52,29052882,2026-08-08T18:04:39+0200
7fbba11ce6f2c31c,auto-464e99b7c589,magni@3677a66,magni,3677a66,hoenir@5907a3b,hoenir,5907a3b,sprint,all_official,1,0,rating,b,b,0.0,core_destroyed,557,,10,30,6,1,9,90,7,3,ok,,6.201,n-62-21-90,29052882,2026-08-08T18:05:56+0200
7fcbc0e24e5e354b,auto-464e99b7c589,hoenir@5907a3b,hoenir,5907a3b,mimir@cfc1ec4,mimir,cfc1ec4,sprint,all_official,1,0,rating,b,b,0.0,core_destroyed,187,,7,20,7,4,17,440,6,6,ok,,3.909,n-62-21-10,29052882,2026-08-08T18:06:04+0200
7fe867bb475ec360,auto-464e99b7c589,hoenir@5907a3b,hoenir,5907a3b,prospect@bf9b3e3,prospect,bf9b3e3,hive,all_official,1,0,rating,b,b,0.0,core_destroyed,113,,9,260,6,16,9,260,9,8,ok,,3.536,n-62-31-21,29052882,2026-08-08T18:06:33+0200
7ffc111db437085f,auto-464e99b7c589,prospect_rushonly@bf9b3e3,prospect_rushonly,bf9b3e3,hoenir@5907a3b,hoenir,5907a3b,heart,all_official,1,0,rating,a,a,1.0,core_destroyed,313,,9,0,9,4,10,20,7,7,ok,,7.055,n-62-31-16,29052882,2026-08-08T18:06:23+0200
800db1af3d161fcd,auto-464e99b7c589,magni@3677a66,magni,3677a66,hoenir@5907a3b,hoenir,5907a3b,twins,all_official,1,0,rating,b,b,0.0,core_destroyed,253,,9,150,9,3,10,600,8,14,ok,,4.809,n-62-12-7,29052882,2026-08-08T18:05:56+0200
803548ae5c92a477,auto-464e99b7c589,hoenir@5907a3b,hoenir,5907a3b,janus@8a1e7a1,janus,8a1e7a1,eider,all_official,1,0,rating,a,a,1.0,core_destroyed,117,,10,270,7,8,9,120,8,2,ok,,3.371,n-62-21-64,29052882,2026-08-08T18:05:29+0200
8056924713274311,auto-464e99b7c589,hoenir@5907a3b,hoenir,5907a3b,audhumla@a7faecd,audhumla,a7faecd,heart,all_official,1,0,rating,a,a,1.0,core_destroyed,86,,10,10,6,13,123,150,9,16,ok,,3.499,n-62-11-60,29052882,2026-08-08T18:05:14+0200
80626d18bf6dc211,auto-464e99b7c589,lockin@90fc9f3,lockin,90fc9f3,hoenir@5907a3b,hoenir,5907a3b,showdown,all_official,1,0,rating,b,b,0.0,core_destroyed,42,,600,0,0,0,10,60,6,18,ok,,1.731,n-62-29-33,29052882,2026-08-08T18:05:26+0200
806b03aa168cf646,auto-464e99b7c589,hoenir@5907a3b,hoenir,5907a3b,loki@832c68a,loki,832c68a,string,all_official,1,0,rating,a,a,1.0,core_destroyed,78,,16,190,5,3,12,180,9,2,ok,,3.369,n-62-31-18,29052882,2026-08-08T18:05:59+0200
808022b27e1a7c16,auto-464e99b7c589,odin@93e46da,odin,93e46da,hoenir@5907a3b,hoenir,5907a3b,hive,all_official,1,0,rating,b,b,0.0,core_destroyed,96,,69,350,10,31,20,540,9,40,ok,,5.05,n-62-28-31,29052882,2026-08-08T18:06:50+0200
8090401844355632,auto-464e99b7c589,njord@f66a427,njord,f66a427,hoenir@5907a3b,hoenir,5907a3b,duel,all_official,1,0,rating,b,b,0.0,core_destroyed,47,,9,190,8,6,7,200,8,6,ok,,3.208,n-62-11-61,29052882,2026-08-08T18:06:21+0200
80bd9ae2ee3d83c1,auto-464e99b7c589,steward_hardened_reinforced@04300bf,steward_hardened_reinforced,04300bf,hoenir@5907a3b,hoenir,5907a3b,skerry,all_official,1,0,rating,b,b,0.0,core_destroyed,150,,8,450,8,11,18,710,9,10,ok,,4.107,n-62-12-1,29052882,2026-08-08T18:07:27+0200
80c0cc81d2107753,auto-464e99b7c589,skadi@6a2af02,skadi,6a2af02,hoenir@5907a3b,hoenir,5907a3b,crossfire,all_official,1,0,rating,b,b,0.0,core_destroyed,89,,72,390,4,14,43,390,7,13,ok,,3.526,n-62-12-7,29052882,2026-08-08T18:07:19+0200
810e469bd030656c,auto-464e99b7c589,hoenir@5907a3b,hoenir,5907a3b,ostara@832c68a,ostara,832c68a,sweden,all_official,1,0,rating,b,b,0.0,core_destroyed,413,,10,320,10,12,9,230,10,17,ok,,11.753,n-62-29-33,29052882,2026-08-08T18:07:03+0200
811e69eaf9c5ba1b,auto-464e99b7c589,hoenir@5907a3b,hoenir,5907a3b,loki@832c68a,loki,832c68a,saga,all_official,1,0,rating,b,b,0.0,core_destroyed,111,,4,410,9,23,10,510,8,26,ok,,5.262,n-62-30-24,29052882,2026-08-08T18:05:55+0200
81231eb574942331,auto-464e99b7c589,mjolnir@2e6c876,mjolnir,2e6c876,hoenir@5907a3b,hoenir,5907a3b,strait,all_official,1,0,rating,b,b,0.0,core_destroyed,95,,50,320,8,32,37,540,8,25,ok,,4.495,n-62-31-23,29052882,2026-08-08T18:05:54+0200
81242ed33634dba8,auto-464e99b7c589,aegis@e55aab5,aegis,e55aab5,hoenir@5907a3b,hoenir,5907a3b,aurora,all_official,1,0,rating,a,a,1.0,core_destroyed,113,,10,340,8,17,9,590,8,18,ok,,4.776,n-62-31-4,29052882,2026-08-08T18:05:08+0200
81310af527e9bd07,auto-464e99b7c589,hoenir@5907a3b,hoenir,5907a3b,skadi@6a2af02,skadi,6a2af02,longship,all_official,1,0,rating,b,b,0.0,core_destroyed,140,,30,630,7,14,44,1040,10,21,ok,,5.048,n-62-28-33,29052882,2026-08-08T18:06:43+0200
816a46a0b4964dbd,auto-464e99b7c589,hoenir@5907a3b,hoenir,5907a3b,fulla@ec5aa19,fulla,ec5aa19,quarry,all_official,1,0,rating,b,b,0.0,core_destroyed,533,,10,170,7,14,13,230,8,7,ok,,11.341,n-62-21-4,29052882,2026-08-08T18:05:07+0200
817330343f1edf12,auto-464e99b7c589,hoenir@5907a3b,hoenir,5907a3b,skadi@821d792,skadi,821d792,bridge,all_official,1,0,rating,b,b,0.0,titanium_collected,1000,,148,2460,9,15,1709,2600,5,7,ok,,18.97,n-62-11-55,29052882,2026-08-08T18:07:18+0200
817bff32ebdd1583,auto-464e99b7c589,prospect@bf9b3e3,prospect,bf9b3e3,hoenir@5907a3b,hoenir,5907a3b,pinch,all_official,1,0,rating,b,b,0.0,core_destroyed,136,,16,100,8,4,19,320,6,13,ok,,3.792,n-62-31-20,29052882,2026-08-08T18:06:20+0200
818c7619ea820c66,auto-464e99b7c589,steward_hardened_reinforced@f1f2bda,steward_hardened_reinforced,f1f2bda,hoenir@5907a3b,hoenir,5907a3b,sprint,all_official,1,0,rating,a,a,1.0,core_destroyed,349,,9,20,6,3,10,90,7,1,ok,,3.879,n-62-29-5,29052882,2026-08-08T18:07:54+0200
81ab7ff671656ee9,auto-464e99b7c589,hoenir@5907a3b,hoenir,5907a3b,casemate_oracle@90fc9f3,casemate_oracle,90fc9f3,heart,all_official,1,0,rating,a,a,1.0,core_destroyed,111,,26,220,8,9,125,0,3,18,ok,,3.303,n-62-29-24,29052882,2026-08-08T18:05:06+0200
81b9e3ebde7f4eea,auto-464e99b7c589,hoenir@5907a3b,hoenir,5907a3b,ragnarok_fair@79582fc,ragnarok_fair,79582fc,aurora,all_official,1,0,rating,b,b,0.0,core_destroyed,92,,18,340,7,19,10,440,10,23,ok,,3.739,n-62-11-52,29052882,2026-08-08T18:06:19+0200
81bb1910a2afdd01,auto-464e99b7c589,janus@8a1e7a1,janus,8a1e7a1,hoenir@5907a3b,hoenir,5907a3b,strait,all_official,1,0,rating,a,a,1.0,core_destroyed,121,,9,280,10,6,11,270,7,14,ok,,4.104,n-62-31-24,29052882,2026-08-08T18:05:36+0200
81cbfed159325bbb,auto-464e99b7c589,steward_hardened_reinforced@cdc552f,steward_hardened_reinforced,cdc552f,hoenir@5907a3b,hoenir,5907a3b,strait,all_official,1,0,rating,b,b,0.0,core_destroyed,138,,0,80,8,10,0,790,11,31,ok,,6.053,n-62-29-24,29052882,2026-08-08T18:07:49+0200
81deba2d8f614547,auto-464e99b7c589,hoenir@5907a3b,hoenir,5907a3b,steward_hardened_reinforced@366cd1b,steward_hardened_reinforced,366cd1b,hive,all_official,1,0,rating,b,b,0.0,core_destroyed,265,,9,640,6,17,9,720,9,14,ok,,7.462,n-62-29-16,29052882,2026-08-08T18:07:51+0200
81f9fdd3d54f3b3c,auto-464e99b7c589,maporacle@38e1456,maporacle,38e1456,hoenir@5907a3b,hoenir,5907a3b,fjord,all_official,1,0,rating,b,b,0.0,core_destroyed,57,,9,230,8,7,9,250,8,7,ok,,3.624,n-62-12-1,29052882,2026-08-08T18:06:00+0200
820da67c86873fe4,auto-464e99b7c589,hoenir@5907a3b,hoenir,5907a3b,mistral@90fc9f3,mistral,90fc9f3,jackpot,all_official,1,0,rating,a,a,1.0,core_destroyed,48,,20,170,8,19,344,0,4,0,ok,,3.397,n-62-31-5,29052882,2026-08-08T18:06:20+0200
82138f1c76a6dd0c,auto-464e99b7c589,hoenir@5907a3b,hoenir,5907a3b,prospect_rushonly@bf9b3e3,prospect_rushonly,bf9b3e3,saga,all_official,1,0,rating,a,a,1.0,core_destroyed,250,,9,590,10,11,8,0,9,0,ok,,6.513,n-62-31-23,29052882,2026-08-08T18:06:29+0200
8216c5a3b7493d46,auto-464e99b7c589,hoenir@5907a3b,hoenir,5907a3b,mimir@cfc1ec4,mimir,cfc1ec4,archipelago,all_official,1,0,rating,a,a,1.0,core_destroyed,66,,20,500,9,25,9,150,8,14,ok,,4.534,n-62-21-3,29052882,2026-08-08T18:06:16+0200
821e220536b1c320,auto-464e99b7c589,hoenir@5907a3b,hoenir,5907a3b,freyr@c2c0d3d,freyr,c2c0d3d,lighthouse,all_official,1,0,rating,b,b,0.0,core_destroyed,161,,7,390,8,7,20,740,7,14,ok,,3.201,n-62-12-5,29052882,2026-08-08T18:05:33+0200
821f64c963a68873,auto-464e99b7c589,ragnarok_fair@79582fc,ragnarok_fair,79582fc,hoenir@5907a3b,hoenir,5907a3b,quarry,all_official,1,0,rating,a,a,1.0,core_destroyed,82,,9,170,8,21,10,0,10,3,ok,,4.273,n-62-11-68,29052882,2026-08-08T18:06:44+0200
8229e2760d3f6ac2,auto-464e99b7c589,jotunn@6b39ebb,jotunn,6b39ebb,hoenir@5907a3b,hoenir,5907a3b,twins,all_official,1,0,rating,b,b,0.0,core_destroyed,86,,32,280,9,31,37,350,6,35,ok,,3.488,n-62-29-13,29052882,2026-08-08T18:06:28+0200
824ef96de675a85c,auto-464e99b7c589,hoenir@5907a3b,hoenir,5907a3b,skadi@aad5f44,skadi,aad5f44,sweden,all_official,1,0,rating,a,a,1.0,core_destroyed,474,,17,1150,15,18,39,80,2,15,ok,,11.575,n-62-29-27,29052882,2026-08-08T18:07:03+0200
82592f89860cd8c5,auto-464e99b7c589,hoenir@5907a3b,hoenir,5907a3b,janus@8a1e7a1,janus,8a1e7a1,snowflake,all_official,1,0,rating,a,a,1.0,core_destroyed,51,,21,420,9,17,10,170,7,12,ok,,3.559,n-62-31-24,29052882,2026-08-08T18:05:17+0200
826c4e96748841ff,auto-464e99b7c589,hoenir@5907a3b,hoenir,5907a3b,mjolnir@2e6c876,mjolnir,2e6c876,fjord,all_official,1,0,rating,a,a,1.0,core_destroyed,424,,58,3120,14,24,164,2270,13,48,ok,,15.463,n-62-21-18,29052882,2026-08-08T18:06:16+0200
8271e79ff27c2c81,auto-464e99b7c589,jonbot_190003d@90fc9f3,jonbot_190003d,90fc9f3,hoenir@5907a3b,hoenir,5907a3b,sweden,all_official,1,0,rating,b,b,0.0,core_destroyed,96,,275,0,6,11,16,180,7,23,ok,,4.043,n-62-21-98,29052882,2026-08-08T18:05:36+0200
827a6828a93ed03c,auto-464e99b7c589,ragnarok_fair@79582fc,ragnarok_fair,79582fc,hoenir@5907a3b,hoenir,5907a3b,pinch,all_official,1,0,rating,b,b,0.0,core_destroyed,207,,23,470,7,23,60,1120,13,26,ok,,6.234,n-62-11-68,29052882,2026-08-08T18:06:36+0200
828fe8a8eb547f06,auto-464e99b7c589,spork@05ab6a2,spork,05ab6a2,hoenir@5907a3b,hoenir,5907a3b,fjordgate,all_official,1,0,rating,a,a,1.0,core_destroyed,116,,28,760,12,13,20,270,7,13,ok,,3.733,n-62-11-51,29052882,2026-08-08T18:07:06+0200
82aec82080794003,auto-464e99b7c589,hoenir@5907a3b,hoenir,5907a3b,jonbot@90fc9f3,jonbot,90fc9f3,strait,all_official,1,0,rating,a,a,1.0,core_destroyed,98,,10,420,9,29,427,250,6,10,ok,,2.838,n-62-11-62,29052882,2026-08-08T18:05:19+0200
82b1e28d9f534052,auto-464e99b7c589,hoenir@5907a3b,hoenir,5907a3b,freyr@c2c0d3d,freyr,c2c0d3d,eider,all_official,1,0,rating,a,a,1.0,core_destroyed,88,,28,460,7,12,16,450,7,9,ok,,3.577,n-62-12-7,29052882,2026-08-08T18:04:52+0200
82b7f4ddd6c41c0b,auto-464e99b7c589,hoenir@5907a3b,hoenir,5907a3b,pantheon_replica_day3@aa8bae0,pantheon_replica_day3,aa8bae0,moonrise,all_official,1,0,rating,a,a,1.0,core_destroyed,91,,9,200,7,8,10,0,7,3,ok,,3.147,n-62-30-25,29052882,2026-08-08T18:06:10+0200
82ba6835da9f9cbc,auto-464e99b7c589,steward_hardened_reinforced@c04e46e,steward_hardened_reinforced,c04e46e,hoenir@5907a3b,hoenir,5907a3b,atoll,all_official,1,0,rating,b,b,0.0,core_destroyed,618,,8,230,7,9,21,680,8,11,ok,,6.417,n-62-11-64,29052882,2026-08-08T18:07:49+0200
82d1ec361da9861b,auto-464e99b7c589,hoenir@5907a3b,hoenir,5907a3b,magni@3677a66,magni,3677a66,sprint,all_official,1,0,rating,b,b,0.0,core_destroyed,187,,7,20,7,4,17,440,6,6,ok,,4.051,n-62-21-90,29052882,2026-08-08T18:05:50+0200
82faeaf09d26459a,auto-464e99b7c589,prospect@bf9b3e3,prospect,bf9b3e3,hoenir@5907a3b,hoenir,5907a3b,meander,all_official,1,0,rating,b,b,0.0,core_destroyed,326,,10,270,4,2,8,130,6,11,ok,,3.833,n-62-31-18,29052882,2026-08-08T18:06:35+0200
82fecb3225dbf258,auto-464e99b7c589,hoenir@5907a3b,hoenir,5907a3b,skadi@6a2af02,skadi,6a2af02,meander,all_official,1,0,rating,b,b,0.0,core_destroyed,176,,16,0,6,6,19,360,6,12,ok,,3.777,n-62-28-33,29052882,2026-08-08T18:06:51+0200
830d3a7a3cbeb5cc,auto-464e99b7c589,hoenir@5907a3b,hoenir,5907a3b,jonbot@90fc9f3,jonbot,90fc9f3,archipelago,all_official,1,0,rating,a,a,1.0,core_destroyed,83,,245,970,6,46,355,170,5,21,ok,,4.153,n-62-31-22,29052882,2026-08-08T18:06:02+0200
83156f1edb9252ec,auto-464e99b7c589,hoenir@5907a3b,hoenir,5907a3b,maporacle@38e1456,maporacle,38e1456,bridge,all_official,1,0,rating,a,a,1.0,core_destroyed,329,,70,790,8,14,95,0,6,5,ok,,8.727,n-62-12-5,29052882,2026-08-08T18:06:06+0200
836fbf6d4f202a10,auto-464e99b7c589,hoenir@5907a3b,hoenir,5907a3b,skadi@1e4eddf,skadi,1e4eddf,meander,all_official,1,0,rating,b,b,0.0,core_destroyed,176,,16,0,6,6,19,360,6,12,ok,,3.438,n-62-28-28,29052882,2026-08-08T18:07:37+0200
8371b8956005b797,auto-464e99b7c589,odin@93e46da,odin,93e46da,hoenir@5907a3b,hoenir,5907a3b,string,all_official,1,0,rating,b,b,0.0,core_destroyed,855,,65,3670,2,5,59,2130,17,5,ok,,18.252,n-62-29-15,29052882,2026-08-08T18:06:26+0200
838da10d9ee9786e,auto-464e99b7c589,hoenir@5907a3b,hoenir,5907a3b,heimdall@daf0de0,heimdall,daf0de0,lighthouse,all_official,1,0,rating,a,a,1.0,core_destroyed,149,,59,750,7,27,9,120,8,7,ok,,3.226,n-62-21-66,29052882,2026-08-08T18:05:35+0200
83e445b76bc90014,auto-464e99b7c589,hoenir@5907a3b,hoenir,5907a3b,maporacle@38e1456,maporacle,38e1456,meander,all_official,1,0,rating,a,a,1.0,core_destroyed,101,,18,130,8,7,10,70,8,8,ok,,3.437,n-62-12-3,29052882,2026-08-08T18:05:33+0200
840d78cb2131d03e,auto-464e99b7c589,hoenir@5907a3b,hoenir,5907a3b,steward_hardened_reinforced@366cd1b,steward_hardened_reinforced,366cd1b,runestone,all_official,1,0,rating,a,a,1.0,core_destroyed,310,,9,580,8,14,8,70,8,5,ok,,4.459,n-62-29-24,29052882,2026-08-08T18:07:33+0200
841978c6a813f087,auto-464e99b7c589,hoenir@5907a3b,hoenir,5907a3b,spar_mender@7ed1acc,spar_mender,7ed1acc,pinch,all_official,1,0,rating,a,a,1.0,core_destroyed,124,,54,960,13,28,47,490,8,20,ok,,5.209,n-62-11-68,29052882,2026-08-08T18:06:54+0200
8437170bb598de40,auto-464e99b7c589,hoenir@5907a3b,hoenir,5907a3b,loki@9ac8974,loki,9ac8974,pinch,all_official,1,0,rating,a,a,1.0,core_destroyed,165,,9,390,8,12,13,160,8,4,ok,,4.146,n-62-31-16,29052882,2026-08-08T18:05:55+0200
8441f2623f8b3b5a,auto-464e99b7c589,hoenir@5907a3b,hoenir,5907a3b,jotunn@6b39ebb,jotunn,6b39ebb,duel,all_official,1,0,rating,a,a,1.0,core_destroyed,736,,20,1840,12,7,63,2480,12,13,ok,,18.185,n-62-28-28,29052882,2026-08-08T18:05:46+0200
8465feb884a2892a,auto-464e99b7c589,hoenir@5907a3b,hoenir,5907a3b,spar_sniper@aa24129,spar_sniper,aa24129,bridge,all_official,1,0,rating,a,a,1.0,core_destroyed,465,,68,3270,28,19,164,0,8,1,ok,,20.195,n-62-21-98,29052882,2026-08-08T18:07:25+0200
8477e4d48b17bf46,auto-464e99b7c589,hoenir@5907a3b,hoenir,5907a3b,loki@832c68a,loki,832c68a,sweden,all_official,1,0,rating,a,a,1.0,core_destroyed,330,,45,790,10,14,14,150,9,14,ok,,9.234,n-62-31-18,29052882,2026-08-08T18:06:42+0200
847ee766984a8c39,auto-464e99b7c589,hoenir@5907a3b,hoenir,5907a3b,lockin@90fc9f3,lockin,90fc9f3,drumlin,all_official,1,0,rating,a,a,1.0,core_destroyed,46,,20,200,7,21,610,0,0,0,ok,,2.17,n-62-29-16,29052882,2026-08-08T18:06:01+0200
848ee9f5f326bc48,auto-464e99b7c589,hoenir@5907a3b,hoenir,5907a3b,fenrir2@6b39ebb,fenrir2,6b39ebb,atoll,all_official,1,0,rating,a,a,1.0,core_destroyed,159,,8,740,12,14,9,600,8,21,ok,,5.187,n-62-31-18,29052882,2026-08-08T18:04:41+0200
8493a8b50a4a58ee,auto-464e99b7c589,spar_mender@7ed1acc,spar_mender,7ed1acc,hoenir@5907a3b,hoenir,5907a3b,sprint,all_official,1,0,rating,b,b,0.0,core_destroyed,73,,51,30,7,8,23,290,6,13,ok,,2.779,n-62-11-62,29052882,2026-08-08T18:07:23+0200
84b1dddcfaebec87,auto-464e99b7c589,hoenir@5907a3b,hoenir,5907a3b,skadi@aad5f44,skadi,aad5f44,string,all_official,1,0,rating,b,b,0.0,core_destroyed,130,,169,540,9,13,20,500,6,7,ok,,4.487,n-62-29-27,29052882,2026-08-08T18:06:45+0200
84db67e90fff4128,auto-464e99b7c589,fenrir2@6b39ebb,fenrir2,6b39ebb,hoenir@5907a3b,hoenir,5907a3b,vase,all_official,1,0,rating,a,a,1.0,titanium_stored,1000,,2353,2460,3,7,249,2460,6,7,ok,,17.489,n-62-31-16,29052882,2026-08-08T18:05:50+0200
850cb2a799c9ec72,auto-464e99b7c589,jonbot@90fc9f3,jonbot,90fc9f3,hoenir@5907a3b,hoenir,5907a3b,vase,all_official,1,0,rating,b,b,0.0,core_destroyed,53,,263,0,6,2,10,90,8,11,ok,,2.404,n-62-11-62,29052882,2026-08-08T18:06:05+0200
8520f79dafdb653f,auto-464e99b7c589,spork@05ab6a2,spork,05ab6a2,hoenir@5907a3b,hoenir,5907a3b,duel,all_official,1,0,rating,b,b,0.0,core_destroyed,51,,9,210,8,6,9,220,8,6,ok,,2.894,n-62-11-50,29052882,2026-08-08T18:07:19+0200
852270b619e84c86,auto-464e99b7c589,fenrir2@6b39ebb,fenrir2,6b39ebb,hoenir@5907a3b,hoenir,5907a3b,sprint,all_official,1,0,rating,b,b,0.0,core_destroyed,46,,10,0,9,1,6,20,6,5,ok,,2.846,n-62-31-8,29052882,2026-08-08T18:05:17+0200
8522b5a5d72157fc,auto-464e99b7c589,forseti@37dc858,forseti,37dc858,hoenir@5907a3b,hoenir,5907a3b,hive,all_official,1,0,rating,b,b,0.0,core_destroyed,385,,9,50,8,10,8,940,9,22,ok,,6.936,n-62-11-52,29052882,2026-08-08T18:05:15+0200
8537c6bca22c6017,auto-464e99b7c589,gefjon@f66a427,gefjon,f66a427,hoenir@5907a3b,hoenir,5907a3b,antler,all_official,1,0,rating,a,a,1.0,core_destroyed,109,,19,740,8,18,8,490,5,12,ok,,3.666,n-62-21-10,29052882,2026-08-08T18:04:43+0200
854a2de7e6324edb,auto-464e99b7c589,hoenir@5907a3b,hoenir,5907a3b,e_t4l7@9e77076,e_t4l7,9e77076,meander,all_official,1,0,rating,a,a,1.0,core_destroyed,81,,18,300,6,24,13,100,6,21,ok,,2.524,n-62-30-24,29052882,2026-08-08T18:04:54+0200
855b821f69898b72,auto-464e99b7c589,odin@93e46da,odin,93e46da,hoenir@5907a3b,hoenir,5907a3b,atoll,all_official,1,0,rating,a,a,1.0,core_destroyed,60,,40,260,9,14,14,240,11,10,ok,,3.997,n-62-21-97,29052882,2026-08-08T18:06:56+0200
8560ade1452dcd8d,auto-464e99b7c589,hoenir@5907a3b,hoenir,5907a3b,aegis@e55aab5,aegis,e55aab5,sweden,all_official,1,0,rating,a,a,1.0,core_destroyed,321,,50,770,11,14,621,350,5,21,ok,,10.175,n-62-31-23,29052882,2026-08-08T18:06:09+0200
85626bbac3ae0d9b,auto-464e99b7c589,hoenir@5907a3b,hoenir,5907a3b,e_t4l7@9e77076,e_t4l7,9e77076,twins,all_official,1,0,rating,a,a,1.0,core_destroyed,205,,10,940,8,51,793,980,5,13,ok,,5.383,n-62-31-7,29052882,2026-08-08T18:04:41+0200
857529b83e10b1a5,auto-464e99b7c589,hoenir@5907a3b,hoenir,5907a3b,mimir@cfc1ec4,mimir,cfc1ec4,quarry,all_official,1,0,rating,b,b,0.0,core_destroyed,198,,7,450,7,30,40,1280,14,20,ok,,7.571,n-62-21-6,29052882,2026-08-08T18:06:03+0200
858f048265c348b2,auto-464e99b7c589,snotra@34b0ce8,snotra,34b0ce8,hoenir@5907a3b,hoenir,5907a3b,vault,all_official,1,0,rating,b,b,0.0,core_destroyed,74,,59,310,9,10,16,330,9,19,ok,,4.197,n-62-31-24,29052882,2026-08-08T18:07:13+0200
859142d0fe3b348b,auto-464e99b7c589,hoenir@5907a3b,hoenir,5907a3b,skadi@1e4eddf,skadi,1e4eddf,lighthouse,all_official,1,0,rating,a,a,1.0,core_destroyed,78,,9,320,7,9,4,60,6,9,ok,,3.263,n-62-28-28,29052882,2026-08-08T18:07:20+0200
85b94861e40277c5,auto-464e99b7c589,mistral@90fc9f3,mistral,90fc9f3,hoenir@5907a3b,hoenir,5907a3b,pinch,all_official,1,0,rating,b,b,0.0,core_destroyed,49,,264,0,6,0,10,100,8,14,ok,,4.606,n-62-21-24,29052882,2026-08-08T18:06:41+0200
85d1771e95874c45,auto-464e99b7c589,spork@05ab6a2,spork,05ab6a2,hoenir@5907a3b,hoenir,5907a3b,moonrise,all_official,1,0,rating,a,a,1.0,core_destroyed,156,,30,680,8,18,16,30,5,5,ok,,3.438,n-62-11-58,29052882,2026-08-08T18:07:29+0200
85d42f16fe89bbd5,auto-464e99b7c589,hoenir@5907a3b,hoenir,5907a3b,bifrost@c70c467,bifrost,c70c467,string,all_official,1,0,rating,a,a,1.0,core_destroyed,49,,9,110,7,4,38,110,7,2,ok,,2.939,n-62-29-15,29052882,2026-08-08T18:04:55+0200
85ef201d135adc3c,auto-464e99b7c589,mimir@cfc1ec4,mimir,cfc1ec4,hoenir@5907a3b,hoenir,5907a3b,antler,all_official,1,0,rating,a,a,1.0,core_destroyed,104,,28,660,5,12,16,470,8,12,ok,,3.753,n-62-21-3,29052882,2026-08-08T18:06:11+0200
8626f4e8177d2c2a,auto-464e99b7c589,ragnarok_fair@79582fc,ragnarok_fair,79582fc,hoenir@5907a3b,hoenir,5907a3b,longship,all_official,1,0,rating,b,b,0.0,core_destroyed,133,,9,340,10,16,42,550,7,20,ok,,4.884,n-62-11-60,29052882,2026-08-08T18:06:50+0200
8629720c4a2709a7,auto-464e99b7c589,skadi@1e4eddf,skadi,1e4eddf,hoenir@5907a3b,hoenir,5907a3b,moonrise,all_official,1,0,rating,b,b,0.0,titanium_collected,1000,,16,190,5,8,16,200,7,6,ok,,5.936,n-62-11-51,29052882,2026-08-08T18:06:36+0200
86604317a2fa810a,auto-464e99b7c589,fulla@ec5aa19,fulla,ec5aa19,hoenir@5907a3b,hoenir,5907a3b,nordkap,all_official,1,0,rating,b,b,0.0,core_destroyed,145,,13,80,8,1,9,320,7,5,ok,,4.085,n-62-21-4,29052882,2026-08-08T18:04:47+0200
868263605ae353df,auto-464e99b7c589,hoenir@5907a3b,hoenir,5907a3b,ragnarok_fair@79582fc,ragnarok_fair,79582fc,lighthouse,all_official,1,0,rating,a,a,1.0,core_destroyed,88,,32,360,7,14,22,50,8,5,ok,,3.577,n-62-11-60,29052882,2026-08-08T18:06:37+0200
868ed000dfa58d24,auto-464e99b7c589,mistral@90fc9f3,mistral,90fc9f3,hoenir@5907a3b,hoenir,5907a3b,duel,all_official,1,0,rating,b,b,0.0,core_destroyed,41,,26,0,9,0,19,170,8,6,ok,,3.526,n-62-30-23,29052882,2026-08-08T18:06:03+0200
86995fd6ce988a73,auto-464e99b7c589,maporacle@38e1456,maporacle,38e1456,hoenir@5907a3b,hoenir,5907a3b,string,all_official,1,0,rating,b,b,0.0,core_destroyed,855,,65,3670,2,5,59,2130,17,5,ok,,20.497,n-62-21-2,29052882,2026-08-08T18:06:16+0200
86a50db9df613282,auto-464e99b7c589,spork@05ab6a2,spork,05ab6a2,hoenir@5907a3b,hoenir,5907a3b,jackpot,all_official,1,0,rating,b,b,0.0,core_destroyed,213,,171,1010,17,16,70,980,15,21,ok,,9.317,n-62-11-51,29052882,2026-08-08T18:07:51+0200
86a618a2eb54f36d,auto-464e99b7c589,steward_hardened_reinforced@366cd1b,steward_hardened_reinforced,366cd1b,hoenir@5907a3b,hoenir,5907a3b,saga,all_official,1,0,rating,a,a,1.0,core_destroyed,117,,18,450,9,24,10,510,7,26,ok,,5.028,n-62-29-24,29052882,2026-08-08T18:07:46+0200
86b90da1a03a863a,auto-464e99b7c589,hoenir@5907a3b,hoenir,5907a3b,snotra@34b0ce8,snotra,34b0ce8,saga,all_official,1,0,rating,a,a,1.0,core_destroyed,105,,19,390,9,24,34,480,7,28,ok,,5.462,n-62-31-4,29052882,2026-08-08T18:07:14+0200
86be0c1e1ee4b26b,auto-464e99b7c589,hoenir@5907a3b,hoenir,5907a3b,odin@38e1456,odin,38e1456,drumlin,all_official,1,0,rating,a,a,1.0,core_destroyed,77,,28,640,8,23,1,430,8,24,ok,,3.567,n-62-21-92,29052882,2026-08-08T18:05:54+0200
86cea3ce01b4660f,auto-464e99b7c589,mjolnir@2e6c876,mjolnir,2e6c876,hoenir@5907a3b,hoenir,5907a3b,fjord,all_official,1,0,rating,a,a,1.0,titanium_collected,1000,,433,12710,12,48,153,7750,27,18,ok,,45.737,n-62-21-18,29052882,2026-08-08T18:07:02+0200
870746402a436971,auto-464e99b7c589,hoenir@5907a3b,hoenir,5907a3b,steward_hardened_reinforced@672ee02,steward_hardened_reinforced,672ee02,string,all_official,1,0,rating,a,a,1.0,core_destroyed,78,,16,190,5,3,12,180,9,2,ok,,2.948,n-62-31-22,29052882,2026-08-08T18:07:42+0200
871c1fb2dcd6aa73,auto-464e99b7c589,hoenir@5907a3b,hoenir,5907a3b,lockin@90fc9f3,lockin,90fc9f3,hive,all_official,1,0,rating,a,a,1.0,core_destroyed,77,,10,170,8,30,89,170,15,4,ok,,7.034,n-62-29-24,29052882,2026-08-08T18:05:52+0200
871ffc68df0cfe5b,auto-464e99b7c589,aegis@e55aab5,aegis,e55aab5,hoenir@5907a3b,hoenir,5907a3b,longship,all_official,1,0,rating,b,b,0.0,core_destroyed,113,,7,110,8,12,10,660,9,21,ok,,4.284,n-62-31-24,29052882,2026-08-08T18:04:44+0200
8721231ae82a828e,auto-464e99b7c589,hoenir@5907a3b,hoenir,5907a3b,steward_hardened_reinforced@366cd1b,steward_hardened_reinforced,366cd1b,fjordgate,all_official,1,0,rating,a,a,1.0,core_destroyed,164,,30,760,6,25,230,10,2,3,ok,,3.14,n-62-29-16,29052882,2026-08-08T18:07:19+0200
87451716771eff58,auto-464e99b7c589,hoenir@5907a3b,hoenir,5907a3b,skadi@821d792,skadi,821d792,meander,all_official,1,0,rating,b,b,0.0,core_destroyed,176,,16,0,6,6,19,360,6,12,ok,,3.122,n-62-12-2,29052882,2026-08-08T18:06:37+0200
875a6e11ec93bf28,auto-464e99b7c589,hoenir@5907a3b,hoenir,5907a3b,bastion@840a180,bastion,840a180,meander,all_official,1,0,rating,a,a,1.0,core_destroyed,145,,9,20,8,6,10,0,9,6,ok,,4.068,n-62-31-10,29052882,2026-08-08T18:04:57+0200
8776e1e356bc6e09,auto-464e99b7c589,hoenir@5907a3b,hoenir,5907a3b,janus@8a1e7a1,janus,8a1e7a1,longship,all_official,1,0,rating,a,a,1.0,core_destroyed,257,,8,620,8,11,9,620,9,7,ok,,4.438,n-62-31-5,29052882,2026-08-08T18:05:14+0200
8777fa597140a0ba,auto-464e99b7c589,hoenir@5907a3b,hoenir,5907a3b,audhumla@a7faecd,audhumla,a7faecd,vault,all_official,1,0,rating,a,a,1.0,core_destroyed,114,,20,520,10,34,176,520,12,26,ok,,5.386,n-62-11-64,29052882,2026-08-08T18:04:41+0200
87aa791ecc9bc771,auto-464e99b7c589,hoenir@5907a3b,hoenir,5907a3b,spork@05ab6a2,spork,05ab6a2,showdown,all_official,1,0,rating,a,a,1.0,core_destroyed,99,,4,300,4,15,7,200,6,16,ok,,2.735,n-62-21-89,29052882,2026-08-08T18:07:43+0200
87c383214ce328b1,auto-464e99b7c589,snotra@34b0ce8,snotra,34b0ce8,hoenir@5907a3b,hoenir,5907a3b,hive,all_official,1,0,rating,b,b,0.0,core_destroyed,385,,9,50,8,10,8,940,9,22,ok,,6.942,n-62-29-5,29052882,2026-08-08T18:07:12+0200
87e3755865f0523d,auto-464e99b7c589,hoenir@5907a3b,hoenir,5907a3b,bastion@840a180,bastion,840a180,quarry,all_official,1,0,rating,a,a,1.0,titanium_collected,1000,,16,150,8,12,16,0,6,8,ok,,13.145,n-62-31-11,29052882,2026-08-08T18:04:58+0200
87f559c1a97ad501,auto-464e99b7c589,hoenir@5907a3b,hoenir,5907a3b,spar_sniper@aa24129,spar_sniper,aa24129,showdown,all_official,1,0,rating,a,a,1.0,core_destroyed,98,,6,160,6,13,8,190,6,16,ok,,3.288,n-62-31-19,29052882,2026-08-08T18:07:00+0200
88105c2c100320a5,auto-464e99b7c589,gefjon@f66a427,gefjon,f66a427,hoenir@5907a3b,hoenir,5907a3b,string,all_official,1,0,rating,a,a,1.0,core_destroyed,187,,60,520,6,15,39,460,7,3,ok,,4.032,n-62-21-11,29052882,2026-08-08T18:05:13+0200
8842184a2ac8b9d0,auto-464e99b7c589,hoenir@5907a3b,hoenir,5907a3b,steward_hardened_reinforced@672ee02,steward_hardened_reinforced,672ee02,aurora,all_official,1,0,rating,a,a,1.0,core_destroyed,146,,18,670,8,20,8,60,8,14,ok,,4.055,n-62-31-21,29052882,2026-08-08T18:07:33+0200
886ba25916975cc0,auto-464e99b7c589,hoenir@5907a3b,hoenir,5907a3b,mjolnir@2e6c876,mjolnir,2e6c876,jackpot,all_official,1,0,rating,a,a,1.0,titanium_collected,1000,,100,2530,21,22,1088,2470,7,11,ok,,27.928,n-62-21-7,29052882,2026-08-08T18:06:20+0200
88a8e5c2309bdd36,auto-464e99b7c589,sif@3fc5cd8,sif,3fc5cd8,hoenir@5907a3b,hoenir,5907a3b,crossfire,all_official,1,0,rating,a,a,1.0,core_destroyed,82,,9,380,8,11,8,100,9,4,ok,,3.06,n-62-11-64,29052882,2026-08-08T18:06:26+0200
88c5f21ae319fb63,auto-464e99b7c589,hoenir@5907a3b,hoenir,5907a3b,gobbleglitch@6cdc440,gobbleglitch,6cdc440,quarry,all_official,1,0,rating,a,a,1.0,core_destroyed,198,,19,450,7,19,58,80,7,3,ok,,3.013,n-62-12-65,29052882,2026-08-08T18:04:44+0200
88c96c9e1054266c,auto-464e99b7c589,hoenir@5907a3b,hoenir,5907a3b,jonbot@90fc9f3,jonbot,90fc9f3,sweden,all_official,1,0,rating,a,a,1.0,core_destroyed,300,,23,710,15,14,640,0,3,3,ok,,8.54,n-62-11-62,29052882,2026-08-08T18:05:40+0200
88cb7eaebba1ee19,auto-464e99b7c589,magni@3677a66,magni,3677a66,hoenir@5907a3b,hoenir,5907a3b,saga,all_official,1,0,rating,a,a,1.0,core_destroyed,116,,18,440,9,24,20,510,7,26,ok,,5.644,n-62-21-89,29052882,2026-08-08T18:06:07+0200
88f78ca7860b6bc6,auto-464e99b7c589,hoenir@5907a3b,hoenir,5907a3b,janus@8a1e7a1,janus,8a1e7a1,meander,all_official,1,0,rating,a,a,1.0,core_destroyed,129,,19,250,7,10,10,0,5,8,ok,,3.468,n-62-31-5,29052882,2026-08-08T18:05:23+0200
8911a09f27552a86,auto-464e99b7c589,hoenir@5907a3b,hoenir,5907a3b,skadi@aad5f44,skadi,aad5f44,archipelago,all_official,1,0,rating,a,a,1.0,core_destroyed,66,,19,500,8,27,43,310,6,17,ok,,3.181,n-62-29-24,29052882,2026-08-08T18:07:13+0200
8929370b06f6caa1,auto-464e99b7c589,hoenir@5907a3b,hoenir,5907a3b,casemate_oracle@90fc9f3,casemate_oracle,90fc9f3,hive,all_official,1,0,rating,a,a,1.0,core_destroyed,89,,9,200,7,24,30,0,8,12,ok,,5.644,n-62-29-24,29052882,2026-08-08T18:05:16+0200
893db6ec0fe764ce,auto-464e99b7c589,hoenir@5907a3b,hoenir,5907a3b,snotra_h@4437c29,snotra_h,4437c29,sprint,all_official,1,0,rating,b,b,0.0,core_destroyed,187,,7,20,7,4,17,440,6,6,ok,,4.491,n-62-11-61,29052882,2026-08-08T18:07:34+0200
894b1481c0415319,auto-464e99b7c589,hoenir@5907a3b,hoenir,5907a3b,gobbleglitch@6cdc440,gobbleglitch,6cdc440,string,all_official,1,0,rating,a,a,1.0,core_destroyed,90,,20,220,8,6,84,0,3,1,ok,,2.821,n-62-12-66,29052882,2026-08-08T18:05:04+0200
89706bfb0f6a59af,auto-464e99b7c589,mimir@cfc1ec4,mimir,cfc1ec4,hoenir@5907a3b,hoenir,5907a3b,pinch,all_official,1,0,rating,b,b,0.0,core_destroyed,345,,9,100,8,1,9,840,7,10,ok,,4.62,n-62-21-6,29052882,2026-08-08T18:05:55+0200
899526c2c1d67f52,auto-464e99b7c589,hoenir@5907a3b,hoenir,5907a3b,snotra_h@4437c29,snotra_h,4437c29,sweden,all_official,1,0,rating,a,a,1.0,core_destroyed,318,,60,760,12,14,74,150,9,10,ok,,10.779,n-62-31-7,29052882,2026-08-08T18:07:45+0200
899ba2b5fc388c1e,auto-464e99b7c589,hoenir@5907a3b,hoenir,5907a3b,gefn@46ac5e6,gefn,46ac5e6,eider,all_official,1,0,rating,a,a,1.0,core_destroyed,88,,28,460,7,12,16,450,7,9,ok,,3.596,n-62-21-12,29052882,2026-08-08T18:04:46+0200
899fce267819b9e7,auto-464e99b7c589,steward_hardened_reinforced@04300bf,steward_hardened_reinforced,04300bf,hoenir@5907a3b,hoenir,5907a3b,pinch,all_official,1,0,rating,b,b,0.0,titanium_collected,1000,,12,100,8,2,20,2480,7,10,ok,,6.023,n-62-11-55,29052882,2026-08-08T18:07:37+0200
89a4843dbd2fc77a,auto-464e99b7c589,hoenir@5907a3b,hoenir,5907a3b,fulla@ec5aa19,fulla,ec5aa19,drumlin,all_official,1,0,rating,a,a,1.0,core_destroyed,54,,18,260,7,19,9,330,7,17,ok,,3.415,n-62-21-1,29052882,2026-08-08T18:05:54+0200
89b521220f291677,auto-464e99b7c589,skadi@aad5f44,skadi,aad5f44,hoenir@5907a3b,hoenir,5907a3b,archipelago,all_official,1,0,rating,a,a,1.0,core_destroyed,98,,47,850,10,29,185,1090,11,28,ok,,4.564,n-62-29-24,29052882,2026-08-08T18:07:18+0200
89d5a5c23ea7b8e4,auto-464e99b7c589,janus@8a1e7a1,janus,8a1e7a1,hoenir@5907a3b,hoenir,5907a3b,bridge,all_official,1,0,rating,b,b,0.0,core_destroyed,669,,2045,1630,11,12,10,0,6,9,ok,,12.953,n-62-21-60,29052882,2026-08-08T18:05:23+0200
89dc91460be66ee0,auto-464e99b7c589,prospect@bf9b3e3,prospect,bf9b3e3,hoenir@5907a3b,hoenir,5907a3b,drumlin,all_official,1,0,rating,b,b,0.0,core_destroyed,58,,8,180,7,14,9,220,8,16,ok,,3.167,n-62-31-5,29052882,2026-08-08T18:06:32+0200
89ddd8b73f27b40e,auto-464e99b7c589,hoenir@5907a3b,hoenir,5907a3b,mimir@cfc1ec4,mimir,cfc1ec4,fjord,all_official,1,0,rating,a,a,1.0,core_destroyed,64,,49,420,8,18,17,390,9,14,ok,,3.842,n-62-21-9,29052882,2026-08-08T18:05:47+0200
89f27c49df122ad3,auto-464e99b7c589,hoenir@5907a3b,hoenir,5907a3b,mimir@cfc1ec4,mimir,cfc1ec4,antler,all_official,1,0,rating,b,b,0.0,core_destroyed,56,,20,290,6,13,18,230,7,14,ok,,3.596,n-62-21-3,29052882,2026-08-08T18:06:07+0200
8a0168084c4dc5eb,auto-464e99b7c589,hoenir@5907a3b,hoenir,5907a3b,snotra_h@4437c29,snotra_h,4437c29,strait,all_official,1,0,rating,b,b,0.0,core_destroyed,109,,9,350,7,17,9,470,11,11,ok,,4.964,n-62-31-7,29052882,2026-08-08T18:06:52+0200
8a097765a37474a7,auto-464e99b7c589,hoenir@5907a3b,hoenir,5907a3b,janus@8a1e7a1,janus,8a1e7a1,drumlin,all_official,1,0,rating,a,a,1.0,core_destroyed,62,,16,210,8,17,23,290,8,15,ok,,3.6,n-62-21-64,29052882,2026-08-08T18:05:15+0200
8a1e5ae60a7483d7,auto-464e99b7c589,jotunn@6b39ebb,jotunn,6b39ebb,hoenir@5907a3b,hoenir,5907a3b,meander,all_official,1,0,rating,b,b,0.0,core_destroyed,74,,30,140,9,10,10,10,4,10,ok,,2.734,n-62-28-34,29052882,2026-08-08T18:05:27+0200
8a2ce28f9c85547d,auto-464e99b7c589,steward_hardened_reinforced@04300bf,steward_hardened_reinforced,04300bf,hoenir@5907a3b,hoenir,5907a3b,fjordgate,all_official,1,0,rating,a,a,1.0,core_destroyed,222,,10,1040,6,25,28,10,2,3,ok,,4.067,n-62-12-5,29052882,2026-08-08T18:07:32+0200
8a3ae40b1c3ac051,auto-464e99b7c589,hoenir@5907a3b,hoenir,5907a3b,heimdall@daf0de0,heimdall,daf0de0,crossfire,all_official,1,0,rating,a,a,1.0,core_destroyed,98,,40,440,8,15,28,420,10,13,ok,,4.76,n-62-21-63,29052882,2026-08-08T18:05:38+0200
8a61624896ed7a5b,auto-464e99b7c589,hoenir@5907a3b,hoenir,5907a3b,sif@3fc5cd8,sif,3fc5cd8,vault,all_official,1,0,rating,b,b,0.0,core_destroyed,193,,8,900,8,24,18,940,10,15,ok,,6.74,n-62-31-11,29052882,2026-08-08T18:07:00+0200
8a921fa833ba955e,auto-464e99b7c589,spar_mender@d5b46bc,spar_mender,d5b46bc,hoenir@5907a3b,hoenir,5907a3b,sweden,all_official,1,0,rating,b,b,0.0,core_destroyed,92,,16,0,9,13,20,190,8,14,ok,,4.354,n-62-31-10,29052882,2026-08-08T18:07:51+0200
8ab27970cfce7c1f,auto-464e99b7c589,hoenir@5907a3b,hoenir,5907a3b,freyr@c2c0d3d,freyr,c2c0d3d,sprint,all_official,1,0,rating,b,b,0.0,core_destroyed,187,,7,20,7,4,17,440,6,6,ok,,3.689,n-62-12-3,29052882,2026-08-08T18:04:39+0200
8ada9f937a898a92,auto-464e99b7c589,hoenir@5907a3b,hoenir,5907a3b,aegis@e55aab5,aegis,e55aab5,duel,all_official,1,0,rating,a,a,1.0,core_destroyed,70,,16,310,7,9,6,210,7,5,ok,,3.221,n-62-31-5,29052882,2026-08-08T18:04:53+0200
8b02c02a5d02b2be,auto-464e99b7c589,loki@832c68a,loki,832c68a,hoenir@5907a3b,hoenir,5907a3b,showdown,all_official,1,0,rating,b,b,0.0,core_destroyed,349,,13,830,6,15,9,800,6,14,ok,,3.864,n-62-30-24,29052882,2026-08-08T18:06:09+0200
8b54d6b63a6e66cb,auto-464e99b7c589,hoenir@5907a3b,hoenir,5907a3b,gobbleglitch@6cdc440,gobbleglitch,6cdc440,bridge,all_official,1,0,rating,b,b,0.0,core_destroyed,102,,257,220,7,7,60,220,5,14,ok,,3.185,n-62-13-6,29052882,2026-08-08T18:04:39+0200
8b554f4e04eee5a3,auto-464e99b7c589,hoenir@5907a3b,hoenir,5907a3b,aegis@e55aab5,aegis,e55aab5,sprint,all_official,1,0,rating,a,a,1.0,core_destroyed,97,,8,60,6,6,10,0,7,0,ok,,2.893,n-62-31-23,29052882,2026-08-08T18:04:47+0200
8b62eb730d7fd647,auto-464e99b7c589,loki@9ac8974,loki,9ac8974,hoenir@5907a3b,hoenir,5907a3b,sprint,all_official,1,0,rating,b,b,0.0,titanium_collected,1000,,45,20,7,5,20,40,5,7,ok,,7.635,n-62-31-19,29052882,2026-08-08T18:06:16+0200
8b6691a8abef04d8,auto-464e99b7c589,hoenir@5907a3b,hoenir,5907a3b,freyr@c2c0d3d,freyr,c2c0d3d,crossfire,all_official,1,0,rating,a,a,1.0,core_destroyed,188,,58,1270,12,31,16,50,6,2,ok,,5.007,n-62-21-90,29052882,2026-08-08T18:05:19+0200
8ba1f778c2591445,auto-464e99b7c589,prospect_rushonly@bf9b3e3,prospect_rushonly,bf9b3e3,hoenir@5907a3b,hoenir,5907a3b,drumlin,all_official,1,0,rating,b,b,0.0,core_destroyed,58,,8,180,7,14,9,220,8,16,ok,,3.278,n-62-31-8,29052882,2026-08-08T18:06:20+0200
8ba201939ebe8709,auto-464e99b7c589,hoenir@5907a3b,hoenir,5907a3b,mjolnir@2e6c876,mjolnir,2e6c876,saga,all_official,1,0,rating,a,a,1.0,core_destroyed,101,,35,370,6,30,107,730,8,41,ok,,4.385,n-62-31-22,29052882,2026-08-08T18:05:48+0200
8bc58bff4fc5ea3f,auto-464e99b7c589,gefn@46ac5e6,gefn,46ac5e6,hoenir@5907a3b,hoenir,5907a3b,duel,all_official,1,0,rating,b,b,0.0,core_destroyed,47,,9,190,8,6,7,200,8,6,ok,,3.0,n-62-21-12,29052882,2026-08-08T18:04:42+0200
8bd233bceb5fc6fe,auto-464e99b7c589,skadi@aad5f44,skadi,aad5f44,hoenir@5907a3b,hoenir,5907a3b,meander,all_official,1,0,rating,a,a,1.0,core_destroyed,97,,9,0,6,5,8,10,7,5,ok,,3.009,n-62-31-5,29052882,2026-08-08T18:07:38+0200
8bdf0479bd1f3be9,auto-464e99b7c589,hoenir@5907a3b,hoenir,5907a3b,skadi@6a2af02,skadi,6a2af02,sprint,all_official,1,0,rating,b,b,0.0,titanium_collected,1000,,17,10,8,7,17,140,5,3,ok,,6.135,n-62-12-5,29052882,2026-08-08T18:06:55+0200
8c1fe15e43e91389,auto-464e99b7c589,skadi@6a2af02,skadi,6a2af02,hoenir@5907a3b,hoenir,5907a3b,showdown,all_official,1,0,rating,a,a,1.0,core_destroyed,333,,9,0,6,10,10,90,2,8,ok,,3.531,n-62-28-34,29052882,2026-08-08T18:07:46+0200
8c4f708f85260148,auto-464e99b7c589,gefjon@f66a427,gefjon,f66a427,hoenir@5907a3b,hoenir,5907a3b,aurora,all_official,1,0,rating,a,a,1.0,core_destroyed,81,,9,360,10,21,249,450,6,21,ok,,4.221,n-62-21-10,29052882,2026-08-08T18:05:10+0200
8c901e2e87f8b1a4,auto-464e99b7c589,odin@38e1456,odin,38e1456,hoenir@5907a3b,hoenir,5907a3b,jackpot,all_official,1,0,rating,b,b,0.0,core_destroyed,244,,41,1150,16,8,117,1130,14,21,ok,,7.491,n-62-31-9,29052882,2026-08-08T18:06:48+0200
8ca24d3fef602ee5,auto-464e99b7c589,hoenir@5907a3b,hoenir,5907a3b,bastion@840a180,bastion,840a180,snowflake,all_official,1,0,rating,a,a,1.0,core_destroyed,80,,56,880,11,24,20,340,6,20,ok,,4.61,n-62-21-98,29052882,2026-08-08T18:04:49+0200
8cb6d9b2d78b44b4,auto-464e99b7c589,spork@05ab6a2,spork,05ab6a2,hoenir@5907a3b,hoenir,5907a3b,archipelago,all_official,1,0,rating,b,b,0.0,core_destroyed,61,,50,360,9,20,19,280,7,23,ok,,3.902,n-62-28-28,29052882,2026-08-08T18:07:14+0200
8cd90fef234c3436,auto-464e99b7c589,hoenir@5907a3b,hoenir,5907a3b,aegis@e55aab5,aegis,e55aab5,bridge,all_official,1,0,rating,a,a,1.0,core_destroyed,140,,19,620,11,20,75,610,12,14,ok,,5.868,n-62-31-4,29052882,2026-08-08T18:05:14+0200
8cdf34614c7c711f,auto-464e99b7c589,odin@93e46da,odin,93e46da,hoenir@5907a3b,hoenir,5907a3b,sweden,all_official,1,0,rating,a,a,1.0,core_destroyed,225,,10,520,3,28,10,320,8,20,ok,,6.467,n-62-29-15,29052882,2026-08-08T18:06:56+0200
8ce291db9862473b,auto-464e99b7c589,jonbot@90fc9f3,jonbot,90fc9f3,hoenir@5907a3b,hoenir,5907a3b,heart,all_official,1,0,rating,b,b,0.0,core_destroyed,52,,92,140,5,23,19,40,6,11,ok,,3.234,n-62-11-61,29052882,2026-08-08T18:06:02+0200
8d04348388365aab,auto-464e99b7c589,hoenir@5907a3b,hoenir,5907a3b,ostara@832c68a,ostara,832c68a,strait,all_official,1,0,rating,a,a,1.0,core_destroyed,93,,9,310,7,20,7,350,11,9,ok,,4.972,n-62-29-33,29052882,2026-08-08T18:06:28+0200
8d1bf654aa43e178,auto-464e99b7c589,hoenir@5907a3b,hoenir,5907a3b,jonbot@90fc9f3,jonbot,90fc9f3,bridge,all_official,1,0,rating,a,a,1.0,core_destroyed,188,,84,430,7,15,444,0,4,8,ok,,4.107,n-62-11-67,29052882,2026-08-08T18:06:17+0200
8d2bfe4765c75382,auto-464e99b7c589,hoenir@5907a3b,hoenir,5907a3b,aegis@e55aab5,aegis,e55aab5,strait,all_official,1,0,rating,a,a,1.0,core_destroyed,97,,13,420,7,20,0,360,9,32,ok,,4.547,n-62-31-23,29052882,2026-08-08T18:04:55+0200
8d318de48429178a,auto-464e99b7c589,hoenir@5907a3b,hoenir,5907a3b,casemate_oracle@90fc9f3,casemate_oracle,90fc9f3,lighthouse,all_official,1,0,rating,a,a,1.0,titanium_collected,1000,,10,10,7,28,38,0,7,19,ok,,11.985,n-62-29-9,29052882,2026-08-08T18:04:57+0200
8d48ba87686da3fa,auto-464e99b7c589,skadi@6a2af02,skadi,6a2af02,hoenir@5907a3b,hoenir,5907a3b,runestone,all_official,1,0,rating,a,a,1.0,core_destroyed,311,,9,940,8,17,8,1450,7,19,ok,,5.729,n-62-28-34,29052882,2026-08-08T18:07:12+0200
8d4adf8eaeeb79ba,auto-464e99b7c589,hoenir@5907a3b,hoenir,5907a3b,freyr@c2c0d3d,freyr,c2c0d3d,archipelago,all_official,1,0,rating,a,a,1.0,core_destroyed,66,,20,500,9,25,9,150,8,14,ok,,4.515,n-62-21-90,29052882,2026-08-08T18:04:40+0200
8d587b1b9a8553b7,auto-464e99b7c589,mjolnir@2e6c876,mjolnir,2e6c876,hoenir@5907a3b,hoenir,5907a3b,lighthouse,all_official,1,0,rating,b,b,0.0,core_destroyed,140,,16,240,7,8,74,1530,13,34,ok,,5.675,n-62-21-7,29052882,2026-08-08T18:07:06+0200
8d99759274f540c8,auto-464e99b7c589,ragnarok_fair@79582fc,ragnarok_fair,79582fc,hoenir@5907a3b,hoenir,5907a3b,runestone,all_official,1,0,rating,b,b,0.0,core_destroyed,93,,10,140,8,7,7,200,7,16,ok,,3.758,n-62-11-68,29052882,2026-08-08T18:06:53+0200
8da8d369a585d1d3,auto-464e99b7c589,spar_sniper@aa24129,spar_sniper,aa24129,hoenir@5907a3b,hoenir,5907a3b,lighthouse,all_official,1,0,rating,a,a,1.0,core_destroyed,417,,9,440,8,9,10,230,7,9,ok,,4.866,n-62-31-18,29052882,2026-08-08T18:07:29+0200
8da8f021fda41a3a,auto-464e99b7c589,casemate_oracle@90fc9f3,casemate_oracle,90fc9f3,hoenir@5907a3b,hoenir,5907a3b,heart,all_official,1,0,rating,b,b,0.0,core_destroyed,145,,30,0,7,19,9,0,8,6,ok,,4.153,n-62-29-24,29052882,2026-08-08T18:05:11+0200
8daf7bab06621f85,auto-464e99b7c589,hoenir@5907a3b,hoenir,5907a3b,skadi@1e4eddf,skadi,1e4eddf,string,all_official,1,0,rating,b,b,0.0,core_destroyed,130,,169,540,9,13,20,500,6,7,ok,,5.197,n-62-21-90,29052882,2026-08-08T18:06:49+0200
8dd379fdadaf11d2,auto-464e99b7c589,hoenir@5907a3b,hoenir,5907a3b,freyr@c2c0d3d,freyr,c2c0d3d,quarry,all_official,1,0,rating,b,b,0.0,core_destroyed,212,,18,480,6,31,82,1390,15,20,ok,,6.677,n-62-12-1,29052882,2026-08-08T18:05:17+0200
8dd86a03e3372e1e,auto-464e99b7c589,hoenir@5907a3b,hoenir,5907a3b,steward_hardened_reinforced@366cd1b,steward_hardened_reinforced,366cd1b,moonrise,all_official,1,0,rating,a,a,1.0,core_destroyed,131,,27,580,9,14,10,50,6,3,ok,,4.126,n-62-29-21,29052882,2026-08-08T18:07:36+0200
8de0c0643ce427c3,auto-464e99b7c589,hoenir@5907a3b,hoenir,5907a3b,mistral@90fc9f3,mistral,90fc9f3,sprint,all_official,1,0,rating,a,a,1.0,core_destroyed,53,,8,80,6,8,14,0,10,0,ok,,3.401,n-62-21-5,29052882,2026-08-08T18:05:58+0200
8e00725c86535680,auto-464e99b7c589,hoenir@5907a3b,hoenir,5907a3b,loki@9ac8974,loki,9ac8974,nordkap,all_official,1,0,rating,a,a,1.0,core_destroyed,501,,9,80,8,7,14,80,7,4,ok,,8.009,n-62-31-16,29052882,2026-08-08T18:05:46+0200
8e048779ca6d870e,auto-464e99b7c589,loki@9ac8974,loki,9ac8974,hoenir@5907a3b,hoenir,5907a3b,vault,all_official,1,0,rating,b,b,0.0,core_destroyed,79,,23,330,10,9,9,350,9,19,ok,,3.949,n-62-11-52,29052882,2026-08-08T18:05:36+0200
8e0cb4e27b88f74f,auto-464e99b7c589,hoenir@5907a3b,hoenir,5907a3b,mistral@90fc9f3,mistral,90fc9f3,lighthouse,all_official,1,0,rating,a,a,1.0,core_destroyed,44,,18,150,7,9,36,0,9,0,ok,,3.974,n-62-31-5,29052882,2026-08-08T18:06:28+0200
8e2feedf65e1fafd,auto-464e99b7c589,mjolnir@2e6c876,mjolnir,2e6c876,hoenir@5907a3b,hoenir,5907a3b,aurora,all_official,1,0,rating,b,b,0.0,core_destroyed,94,,10,330,7,23,37,570,9,23,ok,,4.518,n-62-31-7,29052882,2026-08-08T18:06:01+0200
8e30588739beba72,auto-464e99b7c589,hoenir@5907a3b,hoenir,5907a3b,jonbot_190003d@90fc9f3,jonbot_190003d,90fc9f3,lighthouse,all_official,1,0,rating,b,b,0.0,core_destroyed,105,,7,70,6,12,77,720,9,22,ok,,3.236,n-62-31-9,29052882,2026-08-08T18:05:22+0200
8e3f49dbfd9719ba,auto-464e99b7c589,fulla@ec5aa19,fulla,ec5aa19,hoenir@5907a3b,hoenir,5907a3b,atoll,all_official,1,0,rating,a,a,1.0,core_destroyed,87,,8,380,8,15,1,230,9,3,ok,,3.52,n-62-12-4,29052882,2026-08-08T18:05:19+0200
8e75de66d20d11ee,auto-464e99b7c589,hoenir@5907a3b,hoenir,5907a3b,steward_relent@7ed1acc,steward_relent,7ed1acc,atoll,all_official,1,0,rating,a,a,1.0,core_destroyed,79,,9,340,8,22,5,250,10,7,ok,,3.859,n-62-11-52,29052882,2026-08-08T18:07:54+0200
8e7e006494af54f8,auto-464e99b7c589,hoenir@5907a3b,hoenir,5907a3b,sif@3fc5cd8,sif,3fc5cd8,sprint,all_official,1,0,rating,a,a,1.0,core_destroyed,90,,24,440,7,12,20,380,7,9,ok,,3.83,n-62-31-10,29052882,2026-08-08T18:06:36+0200
8e95f53be2345f60,auto-464e99b7c589,prospect@bf9b3e3,prospect,bf9b3e3,hoenir@5907a3b,hoenir,5907a3b,atoll,all_official,1,0,rating,b,b,0.0,core_destroyed,109,,271,490,5,7,32,490,7,12,ok,,3.781,n-62-31-4,29052882,2026-08-08T18:06:40+0200
8ea1f9bc20d5e9a8,auto-464e99b7c589,hoenir@5907a3b,hoenir,5907a3b,gobbleglitch@6cdc440,gobbleglitch,6cdc440,longship,all_official,1,0,rating,a,a,1.0,core_destroyed,65,,9,260,8,15,27,0,7,9,ok,,2.749,n-62-12-64,29052882,2026-08-08T18:04:44+0200
8eaf936cdcafba33,auto-464e99b7c589,hoenir@5907a3b,hoenir,5907a3b,gefjon@f66a427,gefjon,f66a427,vase,all_official,1,0,rating,b,b,0.0,core_destroyed,349,,10,40,5,5,10,190,9,7,ok,,6.997,n-62-21-18,29052882,2026-08-08T18:04:56+0200
8ef8ba88a1b8f45a,auto-464e99b7c589,steward_hardened_reinforced@c04e46e,steward_hardened_reinforced,c04e46e,hoenir@5907a3b,hoenir,5907a3b,sprint,all_official,1,0,rating,a,a,1.0,core_destroyed,105,,9,10,6,4,10,40,7,6,ok,,3.617,n-62-21-98,29052882,2026-08-08T18:07:52+0200
8f097edc0cd9ff97,auto-464e99b7c589,hoenir@5907a3b,hoenir,5907a3b,odin@93e46da,odin,93e46da,string,all_official,1,0,rating,b,b,0.0,core_destroyed,170,,65,440,8,10,8,430,4,5,ok,,4.344,n-62-29-15,29052882,2026-08-08T18:06:07+0200
8f0f519188f3ff69,auto-464e99b7c589,gefn@46ac5e6,gefn,46ac5e6,hoenir@5907a3b,hoenir,5907a3b,sweden,all_official,1,0,rating,a,a,1.0,core_destroyed,365,,10,450,10,15,32,60,8,19,ok,,12.87,n-62-21-21,29052882,2026-08-08T18:05:47+0200
8f150977c69c48c3,auto-464e99b7c589,hoenir@5907a3b,hoenir,5907a3b,janus@8a1e7a1,janus,8a1e7a1,crossfire,all_official,1,0,rating,a,a,1.0,core_destroyed,162,,6,390,6,6,28,390,9,5,ok,,3.915,n-62-21-64,29052882,2026-08-08T18:05:08+0200
8f1c24e34a126bae,auto-464e99b7c589,hoenir@5907a3b,hoenir,5907a3b,steward_hardened_reinforced@c04e46e,steward_hardened_reinforced,c04e46e,duel,all_official,1,0,rating,a,a,1.0,core_destroyed,58,,18,250,8,7,170,240,6,5,ok,,2.924,n-62-21-92,29052882,2026-08-08T18:07:46+0200
8f1d09105e90e57a,auto-464e99b7c589,mistral@90fc9f3,mistral,90fc9f3,hoenir@5907a3b,hoenir,5907a3b,archipelago,all_official,1,0,rating,b,b,0.0,core_destroyed,55,,294,0,5,0,18,240,7,24,ok,,7.135,n-62-31-4,29052882,2026-08-08T18:06:03+0200
8f1ff71496f59728,auto-464e99b7c589,snotra@34b0ce8,snotra,34b0ce8,hoenir@5907a3b,hoenir,5907a3b,strait,all_official,1,0,rating,b,b,0.0,core_destroyed,72,,157,300,8,15,42,370,8,23,ok,,3.771,n-62-30-25,29052882,2026-08-08T18:07:06+0200
8f2bb04739dc4e1a,auto-464e99b7c589,hoenir@5907a3b,hoenir,5907a3b,steward_hardened_reinforced@366cd1b,steward_hardened_reinforced,366cd1b,atoll,all_official,1,0,rating,a,a,1.0,core_destroyed,79,,9,340,8,22,5,250,10,7,ok,,4.35,n-62-21-2,29052882,2026-08-08T18:07:35+0200
8f3d0878f88872c7,auto-464e99b7c589,gefjon@f66a427,gefjon,f66a427,hoenir@5907a3b,hoenir,5907a3b,skerry,all_official,1,0,rating,a,a,1.0,core_destroyed,57,,9,360,9,18,7,240,9,10,ok,,3.814,n-62-21-5,29052882,2026-08-08T18:05:26+0200
8f4603634a51872e,auto-464e99b7c589,gobbleglitch@6cdc440,gobbleglitch,6cdc440,hoenir@5907a3b,hoenir,5907a3b,showdown,all_official,1,0,rating,b,b,0.0,core_destroyed,134,,58,290,8,7,58,290,5,9,ok,,2.049,n-62-12-65,29052882,2026-08-08T18:05:05+0200
8f476790be9efca4,auto-464e99b7c589,hoenir@5907a3b,hoenir,5907a3b,jotunn@6b39ebb,jotunn,6b39ebb,antler,all_official,1,0,rating,a,a,1.0,core_destroyed,99,,25,450,7,10,9,440,6,10,ok,,3.295,n-62-21-98,29052882,2026-08-08T18:06:02+0200
8f48129ca64c2368,auto-464e99b7c589,hoenir@5907a3b,hoenir,5907a3b,gefn@46ac5e6,gefn,46ac5e6,string,all_official,1,0,rating,a,a,1.0,core_destroyed,78,,16,190,5,3,12,180,9,2,ok,,3.028,n-62-21-21,29052882,2026-08-08T18:04:47+0200
8f4a28c710a0de23,auto-464e99b7c589,spar_sniper@aa24129,spar_sniper,aa24129,hoenir@5907a3b,hoenir,5907a3b,drumlin,all_official,1,0,rating,b,b,0.0,core_destroyed,55,,8,170,7,18,28,350,7,18,ok,,3.228,n-62-21-98,29052882,2026-08-08T18:07:45+0200
8f8ede107933ba37,auto-464e99b7c589,maporacle@38e1456,maporacle,38e1456,hoenir@5907a3b,hoenir,5907a3b,heart,all_official,1,0,rating,a,a,1.0,core_destroyed,321,,9,0,8,8,10,100,8,6,ok,,6.085,n-62-12-2,29052882,2026-08-08T18:05:40+0200
8fa45d3124e7f2cc,auto-464e99b7c589,hoenir@5907a3b,hoenir,5907a3b,skadi@821d792,skadi,821d792,vault,all_official,1,0,rating,a,a,1.0,core_destroyed,194,,48,920,6,26,28,910,8,19,ok,,5.562,n-62-29-24,29052882,2026-08-08T18:06:56+0200
8fa9b51511fa421c,auto-464e99b7c589,hoenir@5907a3b,hoenir,5907a3b,snotra@34b0ce8,snotra,34b0ce8,fjordgate,all_official,1,0,rating,a,a,1.0,core_destroyed,222,,10,1040,6,25,28,10,2,3,ok,,3.806,n-62-29-5,29052882,2026-08-08T18:06:45+0200
8faab32340ec4519,auto-464e99b7c589,steward_hardened_reinforced@a994296,steward_hardened_reinforced,a994296,hoenir@5907a3b,hoenir,5907a3b,nordkap,all_official,1,0,rating,b,b,0.0,core_destroyed,145,,9,80,8,1,9,320,7,5,ok,,3.376,n-62-11-66,29052882,2026-08-08T18:07:33+0200
8fbaab5452d0c4d7,auto-464e99b7c589,hoenir@5907a3b,hoenir,5907a3b,jotunn@6b39ebb,jotunn,6b39ebb,showdown,all_official,1,0,rating,a,a,1.0,core_destroyed,185,,9,70,8,7,10,0,8,3,ok,,3.961,n-62-28-31,29052882,2026-08-08T18:05:48+0200
8fbf90c96a7e3625,auto-464e99b7c589,forseti@37dc858,forseti,37dc858,hoenir@5907a3b,hoenir,5907a3b,duel,all_official,1,0,rating,b,b,0.0,core_destroyed,47,,9,190,8,6,7,200,8,6,ok,,2.916,n-62-11-55,29052882,2026-08-08T18:05:07+0200
8fd31125bf079480,auto-464e99b7c589,hoenir@5907a3b,hoenir,5907a3b,steward_hardened_reinforced@a994296,steward_hardened_reinforced,a994296,string,all_official,1,0,rating,a,a,1.0,core_destroyed,78,,16,190,5,3,12,180,9,2,ok,,2.68,n-62-11-63,29052882,2026-08-08T18:07:27+0200
8fd79ed5e56dbb7a,auto-464e99b7c589,hoenir@5907a3b,hoenir,5907a3b,mimir@cfc1ec4,mimir,cfc1ec4,crossfire,all_official,1,0,rating,a,a,1.0,core_destroyed,188,,58,1270,12,31,16,50,6,2,ok,,4.912,n-62-21-4,29052882,2026-08-08T18:05:59+0200
903026022cca9599,auto-464e99b7c589,hoenir@5907a3b,hoenir,5907a3b,audhumla@a7faecd,audhumla,a7faecd,eider,all_official,1,0,rating,a,a,1.0,core_destroyed,80,,45,900,11,24,19,510,9,14,ok,,4.552,n-62-11-60,29052882,2026-08-08T18:04:49+0200
9047225546356778,auto-464e99b7c589,hoenir@5907a3b,hoenir,5907a3b,spork@05ab6a2,spork,05ab6a2,eider,all_official,1,0,rating,b,b,0.0,core_destroyed,59,,4,120,8,7,20,360,7,12,ok,,3.171,n-62-11-50,29052882,2026-08-08T18:07:22+0200
904d59c7dbd4d077,auto-464e99b7c589,hoenir@5907a3b,hoenir,5907a3b,forseti@37dc858,forseti,37dc858,hive,all_official,1,0,rating,b,b,0.0,core_destroyed,265,,9,640,6,17,9,720,9,14,ok,,6.099,n-62-11-52,29052882,2026-08-08T18:05:08+0200
9051ef01f9be9e21,auto-464e99b7c589,skadi@1e4eddf,skadi,1e4eddf,hoenir@5907a3b,hoenir,5907a3b,sweden,all_official,1,0,rating,b,b,0.0,titanium_collected,1000,,46,520,4,17,173,2460,10,18,ok,,28.255,n-62-21-90,29052882,2026-08-08T18:07:38+0200
905ea419736d8879,auto-464e99b7c589,maporacle@38e1456,maporacle,38e1456,hoenir@5907a3b,hoenir,5907a3b,antler,all_official,1,0,rating,a,a,1.0,core_destroyed,64,,18,270,6,10,204,270,5,6,ok,,3.017,n-62-12-7,29052882,2026-08-08T18:06:23+0200
90709284cdb48b05,auto-464e99b7c589,hoenir@5907a3b,hoenir,5907a3b,loki@832c68a,loki,832c68a,vault,all_official,1,0,rating,b,b,0.0,core_destroyed,127,,7,580,9,25,16,590,10,16,ok,,5.722,n-62-31-20,29052882,2026-08-08T18:05:51+0200
90905f69de8906ab,auto-464e99b7c589,gefjon@f66a427,gefjon,f66a427,hoenir@5907a3b,hoenir,5907a3b,vault,all_official,1,0,rating,b,b,0.0,core_destroyed,190,,8,880,10,17,16,910,8,19,ok,,4.857,n-62-21-18,29052882,2026-08-08T18:05:11+0200
90931aa60a9347a7,auto-464e99b7c589,heimdall@daf0de0,heimdall,daf0de0,hoenir@5907a3b,hoenir,5907a3b,twins,all_official,1,0,rating,b,b,0.0,core_destroyed,97,,34,590,9,36,39,410,7,27,ok,,3.956,n-62-21-51,29052882,2026-08-08T18:05:28+0200
90ad3b5791542b68,auto-464e99b7c589,hoenir@5907a3b,hoenir,5907a3b,lockin@90fc9f3,lockin,90fc9f3,quarry,all_official,1,0,rating,a,a,1.0,core_destroyed,73,,10,130,9,19,169,0,11,0,ok,,6.557,n-62-29-31,29052882,2026-08-08T18:05:42+0200
90b044f85b61881c,auto-464e99b7c589,gefjon@f66a427,gefjon,f66a427,hoenir@5907a3b,hoenir,5907a3b,drumlin,all_official,1,0,rating,b,b,0.0,core_destroyed,66,,37,450,7,30,19,530,8,22,ok,,3.748,n-62-21-14,29052882,2026-08-08T18:04:52+0200
90b7efd6ed273131,auto-464e99b7c589,njord@f66a427,njord,f66a427,hoenir@5907a3b,hoenir,5907a3b,longship,all_official,1,0,rating,b,b,0.0,core_destroyed,409,,9,1000,8,11,8,1000,6,12,ok,,6.019,n-62-11-68,29052882,2026-08-08T18:06:08+0200
90baa58978767129,auto-464e99b7c589,hoenir@5907a3b,hoenir,5907a3b,prospect@bf9b3e3,prospect,bf9b3e3,string,all_official,1,0,rating,a,a,1.0,core_destroyed,215,,10,430,4,3,40,670,8,5,ok,,5.74,n-62-31-13,29052882,2026-08-08T18:06:49+0200
90c348b0e73a0a3f,auto-464e99b7c589,loki@832c68a,loki,832c68a,hoenir@5907a3b,hoenir,5907a3b,lighthouse,all_official,1,0,rating,b,b,0.0,core_destroyed,158,,10,390,8,7,10,720,7,11,ok,,3.288,n-62-29-5,29052882,2026-08-08T18:06:22+0200
9113c19a69452fa8,auto-464e99b7c589,hoenir@5907a3b,hoenir,5907a3b,spar_mender@d5b46bc,spar_mender,d5b46bc,atoll,all_official,1,0,rating,a,a,1.0,core_destroyed,78,,18,340,7,18,8,220,8,7,ok,,3.06,n-62-11-63,29052882,2026-08-08T18:07:03+0200
912464c9547c7966,auto-464e99b7c589,pantheon_replica_day3@aa8bae0,pantheon_replica_day3,aa8bae0,hoenir@5907a3b,hoenir,5907a3b,antler,all_official,1,0,rating,b,b,0.0,core_destroyed,46,,10,100,8,9,19,190,7,7,ok,,3.031,n-62-29-27,29052882,2026-08-08T18:06:47+0200
9148449af79b50b5,auto-464e99b7c589,bastion@840a180,bastion,840a180,hoenir@5907a3b,hoenir,5907a3b,lighthouse,all_official,1,0,rating,b,b,0.0,core_destroyed,92,,29,440,7,15,18,530,8,9,ok,,3.664,n-62-31-10,29052882,2026-08-08T18:04:44+0200
914c5f50f0835b9f,auto-464e99b7c589,audhumla@a7faecd,audhumla,a7faecd,hoenir@5907a3b,hoenir,5907a3b,meander,all_official,1,0,rating,a,a,1.0,core_destroyed,101,,20,720,9,40,8,0,8,16,ok,,3.871,n-62-11-68,29052882,2026-08-08T18:05:56+0200
9169e0ae690d0d3e,auto-464e99b7c589,hoenir@5907a3b,hoenir,5907a3b,prospect_rushonly@bf9b3e3,prospect_rushonly,bf9b3e3,fjord,all_official,1,0,rating,a,a,1.0,core_destroyed,71,,18,470,8,19,197,440,7,12,ok,,3.414,n-62-31-8,29052882,2026-08-08T18:06:38+0200
91885c75fff67384,auto-464e99b7c589,snotra@34b0ce8,snotra,34b0ce8,hoenir@5907a3b,hoenir,5907a3b,duel,all_official,1,0,rating,b,b,0.0,core_destroyed,47,,9,190,8,6,7,200,8,6,ok,,2.876,n-62-29-29,29052882,2026-08-08T18:07:00+0200
9190f8081b55b564,auto-464e99b7c589,steward_hardened_reinforced@04300bf,steward_hardened_reinforced,04300bf,hoenir@5907a3b,hoenir,5907a3b,crossfire,all_official,1,0,rating,a,a,1.0,core_destroyed,56,,24,130,7,5,16,120,9,4,ok,,3.518,n-62-28-34,29052882,2026-08-08T18:07:41+0200
91a4ee55ce1f5eaf,auto-464e99b7c589,hoenir@5907a3b,hoenir,5907a3b,prospect_rushonly@bf9b3e3,prospect_rushonly,bf9b3e3,crossfire,all_official,1,0,rating,a,a,1.0,core_destroyed,162,,6,390,6,6,28,390,9,5,ok,,3.782,n-62-31-24,29052882,2026-08-08T18:07:04+0200
91ba78f726729117,auto-464e99b7c589,prospect@bf9b3e3,prospect,bf9b3e3,hoenir@5907a3b,hoenir,5907a3b,lighthouse,all_official,1,0,rating,b,b,0.0,core_destroyed,60,,14,80,7,11,19,320,8,11,ok,,3.066,n-62-31-18,29052882,2026-08-08T18:06:18+0200
91cf77bfac61a872,auto-464e99b7c589,prospect_rushonly@bf9b3e3,prospect_rushonly,bf9b3e3,hoenir@5907a3b,hoenir,5907a3b,nordkap,all_official,1,0,rating,b,b,0.0,core_destroyed,47,,10,90,9,6,7,90,8,7,ok,,3.206,n-62-31-22,29052882,2026-08-08T18:06:38+0200
91d7fdcbe0a83b74,auto-464e99b7c589,hoenir@5907a3b,hoenir,5907a3b,steward_hardened_reinforced@672ee02,steward_hardened_reinforced,672ee02,meander,all_official,1,0,rating,a,a,1.0,core_destroyed,60,,29,290,6,14,10,50,9,8,ok,,3.316,n-62-31-23,29052882,2026-08-08T18:07:20+0200
91efa1c5c7bbb0fd,auto-464e99b7c589,hoenir@5907a3b,hoenir,5907a3b,freyr@c2c0d3d,freyr,c2c0d3d,hive,all_official,1,0,rating,b,b,0.0,core_destroyed,265,,9,640,6,17,9,720,9,14,ok,,6.053,n-62-12-5,29052882,2026-08-08T18:04:56+0200
91fe8722e9b0d60b,auto-464e99b7c589,hoenir@5907a3b,hoenir,5907a3b,bastion@840a180,bastion,840a180,lighthouse,all_official,1,0,rating,a,a,1.0,core_destroyed,88,,33,360,7,13,11,50,8,5,ok,,3.869,n-62-31-10,29052882,2026-08-08T18:04:40+0200
92155193480e58db,auto-464e99b7c589,hoenir@5907a3b,hoenir,5907a3b,mjolnir@2e6c876,mjolnir,2e6c876,lighthouse,all_official,1,0,rating,a,a,1.0,core_destroyed,234,,16,1550,12,31,87,1930,7,18,ok,,6.779,n-62-21-7,29052882,2026-08-08T18:07:00+0200
921b1e6d7846bbfd,auto-464e99b7c589,hoenir@5907a3b,hoenir,5907a3b,spar_mender@7ed1acc,spar_mender,7ed1acc,fjordgate,all_official,1,0,rating,a,a,1.0,core_destroyed,905,,10,50,6,7,36,120,7,3,ok,,7.682,n-62-31-14,29052882,2026-08-08T18:07:06+0200
921eb3bf845e8d9e,auto-464e99b7c589,ostara@832c68a,ostara,832c68a,hoenir@5907a3b,hoenir,5907a3b,atoll,all_official,1,0,rating,a,a,1.0,core_destroyed,90,,6,420,8,20,4,340,9,5,ok,,4.318,n-62-29-16,29052882,2026-08-08T18:06:29+0200
92443c1913a7b70f,auto-464e99b7c589,hoenir@5907a3b,hoenir,5907a3b,spar_mender@7ed1acc,spar_mender,7ed1acc,heart,all_official,1,0,rating,a,a,1.0,core_destroyed,149,,9,0,7,2,10,200,10,11,ok,,5.068,n-62-31-14,29052882,2026-08-08T18:07:20+0200
927f407e6da6d0b3,auto-464e99b7c589,hoenir@5907a3b,hoenir,5907a3b,skadi@821d792,skadi,821d792,fjord,all_official,1,0,rating,b,b,0.0,core_destroyed,240,,155,1730,11,22,94,1780,12,35,ok,,8.444,n-62-29-15,29052882,2026-08-08T18:07:20+0200
9286616cd3cbbdef,auto-464e99b7c589,hoenir@5907a3b,hoenir,5907a3b,gobbleglitch@6cdc440,gobbleglitch,6cdc440,showdown,all_official,1,0,rating,a,a,1.0,core_destroyed,79,,9,210,5,16,54,160,4,23,ok,,2.023,n-62-12-65,29052882,2026-08-08T18:05:03+0200
92a28af41d99d550,auto-464e99b7c589,hoenir@5907a3b,hoenir,5907a3b,e_t4l7@9e77076,e_t4l7,9e77076,jackpot,all_official,1,0,rating,a,a,1.0,core_destroyed,91,,10,380,8,23,29,500,7,35,ok,,2.887,n-62-30-23,29052882,2026-08-08T18:05:25+0200
92a4923aafe91cf7,auto-464e99b7c589,steward_hardened_reinforced@04300bf,steward_hardened_reinforced,04300bf,hoenir@5907a3b,hoenir,5907a3b,archipelago,all_official,1,0,rating,b,b,0.0,core_destroyed,64,,69,340,7,27,18,360,7,24,ok,,3.031,n-62-28-31,29052882,2026-08-08T18:07:49+0200
92c25ebe2118cded,auto-464e99b7c589,spar_mender@d5b46bc,spar_mender,d5b46bc,hoenir@5907a3b,hoenir,5907a3b,heart,all_official,1,0,rating,a,draw,0.5,coinflip,1000,,17,0,8,1,17,0,7,7,ok,,11.13,n-62-31-8,29052882,2026-08-08T18:07:09+0200
92df2062cdb32346,auto-464e99b7c589,odin@93e46da,odin,93e46da,hoenir@5907a3b,hoenir,5907a3b,nordkap,all_official,1,0,rating,b,b,0.0,core_destroyed,95,,10,100,3,7,7,380,8,9,ok,,3.989,n-62-28-34,29052882,2026-08-08T18:06:09+0200
92f26369503e5948,auto-464e99b7c589,snotra@34b0ce8,snotra,34b0ce8,hoenir@5907a3b,hoenir,5907a3b,string,all_official,1,0,rating,a,a,1.0,titanium_collected,1000,,1926,7210,21,13,1055,2510,8,9,ok,,31.26,n-62-30-25,29052882,2026-08-08T18:07:40+0200
92f3385f6d6e4e31,auto-464e99b7c589,hoenir@5907a3b,hoenir,5907a3b,forseti@37dc858,forseti,37dc858,pinch,all_official,1,0,rating,a,a,1.0,core_destroyed,161,,10,380,8,11,9,160,8,4,ok,,3.601,n-62-11-51,29052882,2026-08-08T18:04:39+0200
92f9bb70315a9795,auto-464e99b7c589,audhumla@a7faecd,audhumla,a7faecd,hoenir@5907a3b,hoenir,5907a3b,archipelago,all_official,1,0,rating,b,b,0.0,core_destroyed,62,,286,430,8,25,59,350,7,25,ok,,3.52,n-62-11-67,29052882,2026-08-08T18:05:27+0200
930d378c8be8d7f0,auto-464e99b7c589,gefn@46ac5e6,gefn,46ac5e6,hoenir@5907a3b,hoenir,5907a3b,aurora,all_official,1,0,rating,b,b,0.0,core_destroyed,316,,16,360,9,2,19,770,7,13,ok,,5.492,n-62-21-7,29052882,2026-08-08T18:04:53+0200
9326626ae7d800a6,auto-464e99b7c589,hoenir@5907a3b,hoenir,5907a3b,loki@9ac8974,loki,9ac8974,antler,all_official,1,0,rating,a,a,1.0,core_destroyed,104,,28,660,5,12,16,470,8,12,ok,,3.503,n-62-31-20,29052882,2026-08-08T18:05:59+0200
9344374475a1fc5a,auto-464e99b7c589,aegis@e55aab5,aegis,e55aab5,hoenir@5907a3b,hoenir,5907a3b,saga,all_official,1,0,rating,b,b,0.0,core_destroyed,76,,51,510,8,41,44,290,7,30,ok,,3.649,n-62-31-22,29052882,2026-08-08T18:05:01+0200
934cd5a33803072f,auto-464e99b7c589,loki@9ac8974,loki,9ac8974,hoenir@5907a3b,hoenir,5907a3b,jackpot,all_official,1,0,rating,b,b,0.0,core_destroyed,221,,66,820,11,15,21,1020,12,29,ok,,8.099,n-62-31-8,29052882,2026-08-08T18:05:54+0200
93812247954433a8,auto-464e99b7c589,sif@3fc5cd8,sif,3fc5cd8,hoenir@5907a3b,hoenir,5907a3b,nordkap,all_official,1,0,rating,b,b,0.0,core_destroyed,203,,7,310,7,8,9,470,7,9,ok,,3.746,n-62-11-50,29052882,2026-08-08T18:06:56+0200
9393661b39774583,auto-464e99b7c589,fulla@ec5aa19,fulla,ec5aa19,hoenir@5907a3b,hoenir,5907a3b,fjordgate,all_official,1,0,rating,a,a,1.0,core_destroyed,172,,34,800,6,21,34,10,3,3,ok,,3.8,n-62-21-2,29052882,2026-08-08T18:05:03+0200
939385049ebdd5dc,auto-464e99b7c589,fulla@ec5aa19,fulla,ec5aa19,hoenir@5907a3b,hoenir,5907a3b,runestone,all_official,1,0,rating,a,a,1.0,core_destroyed,77,,9,240,8,12,9,160,7,15,ok,,3.681,n-62-21-4,29052882,2026-08-08T18:05:23+0200
93a293e6aac99333,auto-464e99b7c589,hoenir@5907a3b,hoenir,5907a3b,gobbleglitch@6cdc440,gobbleglitch,6cdc440,pinch,all_official,1,0,rating,a,a,1.0,core_destroyed,153,,8,360,8,14,97,0,10,4,ok,,3.078,n-62-12-65,29052882,2026-08-08T18:04:39+0200
93cec97453e61191,auto-464e99b7c589,odin@93e46da,odin,93e46da,hoenir@5907a3b,hoenir,5907a3b,meander,all_official,1,0,rating,b,b,0.0,core_destroyed,101,,10,0,8,6,9,0,8,2,ok,,3.801,n-62-28-33,29052882,2026-08-08T18:07:51+0200
93deb8c72926b082,auto-464e99b7c589,magni@3677a66,magni,3677a66,hoenir@5907a3b,hoenir,5907a3b,skerry,all_official,1,0,rating,b,b,0.0,core_destroyed,150,,8,450,8,11,18,710,9,10,ok,,4.557,n-62-21-90,29052882,2026-08-08T18:05:37+0200
93e326c6d5dbc8b7,auto-464e99b7c589,bifrost@c70c467,bifrost,c70c467,hoenir@5907a3b,hoenir,5907a3b,sweden,all_official,1,0,rating,a,a,1.0,core_destroyed,186,,18,430,10,14,63,420,9,15,ok,,7.004,n-62-29-15,29052882,2026-08-08T18:05:15+0200
93e9d5eb69534e27,auto-464e99b7c589,loki@832c68a,loki,832c68a,hoenir@5907a3b,hoenir,5907a3b,twins,all_official,1,0,rating,b,b,0.0,core_destroyed,386,,14,940,9,5,6,930,8,9,ok,,5.403,n-62-31-20,29052882,2026-08-08T18:05:37+0200
9400a9998f72c304,auto-464e99b7c589,jotunn@6b39ebb,jotunn,6b39ebb,hoenir@5907a3b,hoenir,5907a3b,hive,all_official,1,0,rating,b,b,0.0,core_destroyed,98,,116,360,9,31,1,420,11,28,ok,,4.954,n-62-28-33,29052882,2026-08-08T18:06:34+0200
9407944a81938315,auto-464e99b7c589,jonbot_190003d@90fc9f3,jonbot_190003d,90fc9f3,hoenir@5907a3b,hoenir,5907a3b,fjordgate,all_official,1,0,rating,b,b,0.0,titanium_collected,1000,,70,0,7,4,16,20,7,6,ok,,7.119,n-62-21-92,29052882,2026-08-08T18:05:38+0200
941e7d791e3e2936,auto-464e99b7c589,hoenir@5907a3b,hoenir,5907a3b,fenrir2@6b39ebb,fenrir2,6b39ebb,longship,all_official,1,0,rating,a,a,1.0,core_destroyed,573,,92,2800,19,17,1378,4870,11,60,ok,,19.245,n-62-31-13,29052882,2026-08-08T18:05:35+0200
942cc45a1b0da8aa,auto-464e99b7c589,hoenir@5907a3b,hoenir,5907a3b,prospect_rushonly@bf9b3e3,prospect_rushonly,bf9b3e3,archipelago,all_official,1,0,rating,a,a,1.0,core_destroyed,52,,18,200,8,10,10,0,9,9,ok,,3.42,n-62-31-24,29052882,2026-08-08T18:06:17+0200
94381b49e8de56d4,auto-464e99b7c589,hoenir@5907a3b,hoenir,5907a3b,lockin@90fc9f3,lockin,90fc9f3,saga,all_official,1,0,rating,a,a,1.0,core_destroyed,107,,229,640,8,34,760,0,0,0,ok,,2.83,n-62-29-31,29052882,2026-08-08T18:06:08+0200
943d75b099022ca6,auto-464e99b7c589,hoenir@5907a3b,hoenir,5907a3b,spar_mender@7ed1acc,spar_mender,7ed1acc,sweden,all_official,1,0,rating,a,a,1.0,core_destroyed,199,,155,1170,12,32,82,250,6,13,ok,,7.883,n-62-11-66,29052882,2026-08-08T18:06:59+0200
9456687843a4e99c,auto-464e99b7c589,hoenir@5907a3b,hoenir,5907a3b,ragnarok_fair@79582fc,ragnarok_fair,79582fc,eider,all_official,1,0,rating,a,a,1.0,core_destroyed,129,,9,300,8,9,10,120,9,4,ok,,4.25,n-62-11-61,29052882,2026-08-08T18:06:21+0200
946a70a2a6d4d31b,auto-464e99b7c589,fenrir2@6b39ebb,fenrir2,6b39ebb,hoenir@5907a3b,hoenir,5907a3b,twins,all_official,1,0,rating,b,b,0.0,core_destroyed,81,,1,260,9,30,9,330,8,29,ok,,4.325,n-62-31-16,29052882,2026-08-08T18:05:26+0200
9492599941b188ee,auto-464e99b7c589,hoenir@5907a3b,hoenir,5907a3b,mimir@cfc1ec4,mimir,cfc1ec4,string,all_official,1,0,rating,a,a,1.0,core_destroyed,78,,16,190,5,3,12,180,9,2,ok,,3.315,n-62-21-14,29052882,2026-08-08T18:05:39+0200
949b593bdd69e939,auto-464e99b7c589,bifrost@c70c467,bifrost,c70c467,hoenir@5907a3b,hoenir,5907a3b,atoll,all_official,1,0,rating,b,b,0.0,core_destroyed,73,,7,310,8,19,9,220,9,5,ok,,3.932,n-62-28-28,29052882,2026-08-08T18:04:51+0200
94e4842d519e9ec5,auto-464e99b7c589,hoenir@5907a3b,hoenir,5907a3b,pantheon_replica_day3@aa8bae0,pantheon_replica_day3,aa8bae0,antler,all_official,1,0,rating,a,a,1.0,core_destroyed,275,,9,680,8,4,9,460,5,1,ok,,4.474,n-62-29-27,29052882,2026-08-08T18:06:44+0200
94e62e3a3f4d5dae,auto-464e99b7c589,hoenir@5907a3b,hoenir,5907a3b,steward_hardened_reinforced@c04e46e,steward_hardened_reinforced,c04e46e,heart,all_official,1,0,rating,a,a,1.0,titanium_stored,1000,,19,0,8,7,16,0,6,5,ok,,8.155,n-62-31-9,29052882,2026-08-08T18:07:43+0200
94e8775894ed0ffb,auto-464e99b7c589,hoenir@5907a3b,hoenir,5907a3b,skadi@1e4eddf,skadi,1e4eddf,atoll,all_official,1,0,rating,b,b,0.0,core_destroyed,379,,7,1090,8,7,9,990,7,16,ok,,5.925,n-62-21-97,29052882,2026-08-08T18:06:31+0200
94fbe5114f4b5d88,auto-464e99b7c589,hoenir@5907a3b,hoenir,5907a3b,loki@832c68a,loki,832c68a,hive,all_official,1,0,rating,b,b,0.0,core_destroyed,170,,8,400,8,18,10,490,8,19,ok,,4.687,n-62-29-5,29052882,2026-08-08T18:05:48+0200
9528ecd81c59b9d0,auto-464e99b7c589,freyr@c2c0d3d,freyr,c2c0d3d,hoenir@5907a3b,hoenir,5907a3b,runestone,all_official,1,0,rating,a,a,1.0,core_destroyed,109,,9,240,7,15,28,240,7,15,ok,,3.814,n-62-12-2,29052882,2026-08-08T18:04:45+0200
95455c2a6707d74e,auto-464e99b7c589,hoenir@5907a3b,hoenir,5907a3b,skadi@821d792,skadi,821d792,runestone,all_official,1,0,rating,a,a,1.0,core_destroyed,184,,20,830,11,19,70,460,8,22,ok,,7.489,n-62-29-16,29052882,2026-08-08T18:06:44+0200
9550ebb0db5e090d,auto-464e99b7c589,steward_hardened_reinforced@c04e46e,steward_hardened_reinforced,c04e46e,hoenir@5907a3b,hoenir,5907a3b,crossfire,all_official,1,0,rating,a,a,1.0,core_destroyed,105,,9,250,6,7,7,110,8,3,ok,,3.519,n-62-21-92,29052882,2026-08-08T18:07:36+0200
9559736d9481cca4,auto-464e99b7c589,freyr@c2c0d3d,freyr,c2c0d3d,hoenir@5907a3b,hoenir,5907a3b,saga,all_official,1,0,rating,a,a,1.0,core_destroyed,117,,18,450,9,24,10,510,7,26,ok,,5.11,n-62-12-2,29052882,2026-08-08T18:04:54+0200
9565a23f6489ec09,auto-464e99b7c589,hoenir@5907a3b,hoenir,5907a3b,freyr@c2c0d3d,freyr,c2c0d3d,antler,all_official,1,0,rating,b,b,0.0,core_destroyed,56,,20,290,6,13,18,230,7,14,ok,,3.398,n-62-21-89,29052882,2026-08-08T18:05:31+0200
956a006bdedc6f1c,auto-464e99b7c589,steward_hardened_reinforced@deba9ec,steward_hardened_reinforced,deba9ec,hoenir@5907a3b,hoenir,5907a3b,pinch,all_official,1,0,rating,b,b,0.0,core_destroyed,312,,16,100,8,1,20,760,6,9,ok,,3.504,n-62-31-21,29052882,2026-08-08T18:07:47+0200
956ae2d87c55ff33,auto-464e99b7c589,ostara@832c68a,ostara,832c68a,hoenir@5907a3b,hoenir,5907a3b,aurora,all_official,1,0,rating,a,a,1.0,core_destroyed,75,,17,430,9,31,59,420,7,21,ok,,4.874,n-62-29-16,29052882,2026-08-08T18:06:40+0200
95a0b767751c54d6,auto-464e99b7c589,hoenir@5907a3b,hoenir,5907a3b,heimdall@daf0de0,heimdall,daf0de0,fjord,all_official,1,0,rating,b,b,0.0,core_destroyed,97,,23,660,10,21,19,640,9,25,ok,,4.393,n-62-21-65,29052882,2026-08-08T18:05:13+0200
95abec45b8459d0c,auto-464e99b7c589,hoenir@5907a3b,hoenir,5907a3b,gobbleglitch@6cdc440,gobbleglitch,6cdc440,skerry,all_official,1,0,rating,a,a,1.0,core_destroyed,48,,18,200,9,8,46,0,7,11,ok,,3.232,n-62-12-66,29052882,2026-08-08T18:04:39+0200
95ac65980ffbf647,auto-464e99b7c589,hoenir@5907a3b,hoenir,5907a3b,bifrost@c70c467,bifrost,c70c467,fjord,all_official,1,0,rating,a,a,1.0,core_destroyed,88,,19,460,5,16,19,590,9,10,ok,,3.571,n-62-28-31,29052882,2026-08-08T18:05:01+0200
95ae0d22de38ae1c,auto-464e99b7c589,hoenir@5907a3b,hoenir,5907a3b,fulla@ec5aa19,fulla,ec5aa19,snowflake,all_official,1,0,rating,a,a,1.0,core_destroyed,57,,55,500,9,19,7,110,8,13,ok,,3.86,n-62-21-6,29052882,2026-08-08T18:04:58+0200
95f766e1b85ac2de,auto-464e99b7c589,heimdall@daf0de0,heimdall,daf0de0,hoenir@5907a3b,hoenir,5907a3b,strait,all_official,1,0,rating,b,b,0.0,core_destroyed,95,,10,360,7,32,26,570,9,35,ok,,4.046,n-62-21-51,29052882,2026-08-08T18:04:51+0200
9647f177b221878b,auto-464e99b7c589,hoenir@5907a3b,hoenir,5907a3b,prospect_rushonly@bf9b3e3,prospect_rushonly,bf9b3e3,antler,all_official,1,0,rating,a,a,1.0,core_destroyed,151,,8,450,7,8,9,550,8,4,ok,,3.543,n-62-31-14,29052882,2026-08-08T18:07:00+0200
964fdf158f7b81f0,auto-464e99b7c589,snotra_h@4437c29,snotra_h,4437c29,hoenir@5907a3b,hoenir,5907a3b,runestone,all_official,1,0,rating,a,a,1.0,core_destroyed,79,,8,310,7,14,17,170,7,15,ok,,4.013,n-62-11-67,29052882,2026-08-08T18:07:50+0200
968ccaba650f66a2,auto-464e99b7c589,janus@8a1e7a1,janus,8a1e7a1,hoenir@5907a3b,hoenir,5907a3b,fjordgate,all_official,1,0,rating,b,b,0.0,core_destroyed,90,,8,90,7,1,10,210,7,7,ok,,3.076,n-62-31-4,29052882,2026-08-08T18:05:13+0200
969964d98e2297cd,auto-464e99b7c589,bastion@840a180,bastion,840a180,hoenir@5907a3b,hoenir,5907a3b,snowflake,all_official,1,0,rating,b,b,0.0,core_destroyed,130,,10,680,8,18,8,180,7,8,ok,,5.106,n-62-21-98,29052882,2026-08-08T18:04:54+0200
96b0814e26e37e6f,auto-464e99b7c589,hoenir@5907a3b,hoenir,5907a3b,gefn@46ac5e6,gefn,46ac5e6,strait,all_official,1,0,rating,a,a,1.0,core_destroyed,92,,29,550,8,24,18,390,9,16,ok,,4.331,n-62-21-21,29052882,2026-08-08T18:04:40+0200
96b26cc490711c88,auto-464e99b7c589,freyr@c2c0d3d,freyr,c2c0d3d,hoenir@5907a3b,hoenir,5907a3b,fjord,all_official,1,0,rating,b,b,0.0,core_destroyed,97,,40,530,8,15,24,660,8,19,ok,,4.384,n-62-12-7,29052882,2026-08-08T18:05:07+0200
96be17de55d403a4,auto-464e99b7c589,janus@8a1e7a1,janus,8a1e7a1,hoenir@5907a3b,hoenir,5907a3b,quarry,all_official,1,0,rating,a,a,1.0,titanium_collected,1000,,16,410,9,4,16,0,7,5,ok,,8.292,n-62-31-21,29052882,2026-08-08T18:05:21+0200
96c4b307b3e8da16,auto-464e99b7c589,hoenir@5907a3b,hoenir,5907a3b,loki@832c68a,loki,832c68a,showdown,all_official,1,0,rating,a,a,1.0,core_destroyed,525,,9,1270,6,17,11,760,6,2,ok,,4.269,n-62-30-24,29052882,2026-08-08T18:06:05+0200
96d0157ef611ee20,auto-464e99b7c589,hoenir@5907a3b,hoenir,5907a3b,maporacle@38e1456,maporacle,38e1456,strait,all_official,1,0,rating,a,a,1.0,core_destroyed,105,,10,640,8,39,53,350,10,12,ok,,5.291,n-62-21-2,29052882,2026-08-08T18:05:45+0200
96de7a3c4d213db6,auto-464e99b7c589,fenrir2@6b39ebb,fenrir2,6b39ebb,hoenir@5907a3b,hoenir,5907a3b,heart,all_official,1,0,rating,a,a,1.0,core_destroyed,285,,9,0,9,8,10,90,8,6,ok,,6.039,n-62-31-20,29052882,2026-08-08T18:05:24+0200
96ebcd8092dd3b72,auto-464e99b7c589,hoenir@5907a3b,hoenir,5907a3b,jonbot_190003d@90fc9f3,jonbot_190003d,90fc9f3,skerry,all_official,1,0,rating,a,a,1.0,core_destroyed,112,,255,680,7,14,119,0,9,3,ok,,6.402,n-62-31-11,29052882,2026-08-08T18:05:25+0200
96f19366e2a5ab97,auto-464e99b7c589,spar_mender@d5b46bc,spar_mender,d5b46bc,hoenir@5907a3b,hoenir,5907a3b,fjordgate,all_official,1,0,rating,b,b,0.0,core_destroyed,959,,8,2430,8,16,6,2330,9,11,ok,,10.538,n-62-11-64,29052882,2026-08-08T18:07:46+0200
96fdf68b914a2a81,auto-464e99b7c589,hoenir@5907a3b,hoenir,5907a3b,bifrost@c70c467,bifrost,c70c467,duel,all_official,1,0,rating,b,b,0.0,core_destroyed,47,,9,190,8,6,7,200,8,6,ok,,3.716,n-62-28-31,29052882,2026-08-08T18:04:46+0200
971de1352d163df6,auto-464e99b7c589,hoenir@5907a3b,hoenir,5907a3b,gobbleglitch@6cdc440,gobbleglitch,6cdc440,archipelago,all_official,1,0,rating,a,a,1.0,core_destroyed,165,,20,1150,18,18,59,0,4,0,ok,,7.87,n-62-21-23,29052882,2026-08-08T18:05:03+0200
974890281f39c08d,auto-464e99b7c589,hoenir@5907a3b,hoenir,5907a3b,steward_hardened_reinforced@366cd1b,steward_hardened_reinforced,366cd1b,quarry,all_official,1,0,rating,b,b,0.0,core_destroyed,212,,18,480,6,31,82,1390,15,20,ok,,7.225,n-62-29-24,29052882,2026-08-08T18:07:25+0200
9749b729fe9703e4,auto-464e99b7c589,hoenir@5907a3b,hoenir,5907a3b,bifrost@c70c467,bifrost,c70c467,hive,all_official,1,0,rating,b,b,0.0,core_destroyed,164,,12,110,5,15,27,370,9,17,ok,,6.284,n-62-28-33,29052882,2026-08-08T18:04:59+0200
975298f3896aff68,auto-464e99b7c589,hoenir@5907a3b,hoenir,5907a3b,heimdall@daf0de0,heimdall,daf0de0,meander,all_official,1,0,rating,a,a,1.0,core_destroyed,98,,9,210,8,7,10,0,7,4,ok,,3.463,n-62-21-69,29052882,2026-08-08T18:04:39+0200
97951e992a756fd9,auto-464e99b7c589,forseti@37dc858,forseti,37dc858,hoenir@5907a3b,hoenir,5907a3b,lighthouse,all_official,1,0,rating,a,a,1.0,core_destroyed,417,,9,440,8,9,10,230,7,9,ok,,4.697,n-62-11-50,29052882,2026-08-08T18:04:44+0200
97b154bc8a52082a,auto-464e99b7c589,hoenir@5907a3b,hoenir,5907a3b,spar_sniper@aa24129,spar_sniper,aa24129,twins,all_official,1,0,rating,a,a,1.0,core_destroyed,101,,8,230,8,10,10,210,6,15,ok,,3.424,n-62-11-52,29052882,2026-08-08T18:07:27+0200
97bf0ff7f220f017,auto-464e99b7c589,jonbot_190003d@90fc9f3,jonbot_190003d,90fc9f3,hoenir@5907a3b,hoenir,5907a3b,strait,all_official,1,0,rating,b,b,0.0,core_destroyed,255,,57,300,7,6,7,610,7,21,ok,,5.801,n-62-31-11,29052882,2026-08-08T18:05:59+0200
97bfcef4d6bcbc45,auto-464e99b7c589,skadi@aad5f44,skadi,aad5f44,hoenir@5907a3b,hoenir,5907a3b,snowflake,all_official,1,0,rating,a,a,1.0,core_destroyed,87,,9,650,10,21,12,190,7,14,ok,,3.682,n-62-31-21,29052882,2026-08-08T18:07:06+0200
97c631604347a70c,auto-464e99b7c589,gefn@46ac5e6,gefn,46ac5e6,hoenir@5907a3b,hoenir,5907a3b,pinch,all_official,1,0,rating,b,b,0.0,core_destroyed,345,,9,100,8,1,9,840,7,10,ok,,4.353,n-62-21-15,29052882,2026-08-08T18:05:03+0200
97c9bc9f17eac01c,auto-464e99b7c589,snotra@34b0ce8,snotra,34b0ce8,hoenir@5907a3b,hoenir,5907a3b,atoll,all_official,1,0,rating,a,a,1.0,core_destroyed,89,,8,390,8,16,7,240,9,3,ok,,3.457,n-62-29-34,29052882,2026-08-08T18:07:02+0200
97d1007b4f344550,auto-464e99b7c589,hoenir@5907a3b,hoenir,5907a3b,loki@832c68a,loki,832c68a,antler,all_official,1,0,rating,a,a,1.0,core_destroyed,104,,28,660,5,12,16,470,8,12,ok,,3.193,n-62-29-27,29052882,2026-08-08T18:05:27+0200
97d919ccb1e4583f,auto-464e99b7c589,ragnarok_fair@79582fc,ragnarok_fair,79582fc,hoenir@5907a3b,hoenir,5907a3b,vase,all_official,1,0,rating,a,a,1.0,titanium_stored,1000,,1282,2460,9,7,257,2460,7,7,ok,,15.715,n-62-11-66,29052882,2026-08-08T18:07:25+0200
97edd17f0a2cf780,auto-464e99b7c589,hoenir@5907a3b,hoenir,5907a3b,fenrir2@6b39ebb,fenrir2,6b39ebb,duel,all_official,1,0,rating,a,a,1.0,core_destroyed,48,,26,200,9,7,20,190,8,9,ok,,3.705,n-62-31-20,29052882,2026-08-08T18:04:40+0200
97f716eafcbdd7b5,auto-464e99b7c589,steward_hardened_reinforced@672ee02,steward_hardened_reinforced,672ee02,hoenir@5907a3b,hoenir,5907a3b,bridge,all_official,1,0,rating,b,b,0.0,core_destroyed,172,,16,0,8,12,70,830,6,15,ok,,3.69,n-62-31-21,29052882,2026-08-08T18:07:47+0200
980114d3c6b927f3,auto-464e99b7c589,mimir@cfc1ec4,mimir,cfc1ec4,hoenir@5907a3b,hoenir,5907a3b,lighthouse,all_official,1,0,rating,a,a,1.0,core_destroyed,417,,9,440,8,9,10,230,7,9,ok,,5.192,n-62-21-17,29052882,2026-08-08T18:06:10+0200
9803352fa9477ae2,auto-464e99b7c589,snotra_h@4437c29,snotra_h,4437c29,hoenir@5907a3b,hoenir,5907a3b,jackpot,all_official,1,0,rating,a,a,1.0,titanium_collected,1000,,38,4930,13,18,47,4890,14,20,ok,,38.348,n-62-31-23,29052882,2026-08-08T18:07:39+0200
982b5c377d800384,auto-464e99b7c589,hoenir@5907a3b,hoenir,5907a3b,snotra_h@4437c29,snotra_h,4437c29,fjordgate,all_official,1,0,rating,a,a,1.0,core_destroyed,222,,10,1040,6,25,28,10,2,3,ok,,3.906,n-62-31-22,29052882,2026-08-08T18:07:11+0200
9853361794ce85db,auto-464e99b7c589,skadi@821d792,skadi,821d792,hoenir@5907a3b,hoenir,5907a3b,showdown,all_official,1,0,rating,a,a,1.0,core_destroyed,333,,9,0,6,10,10,90,2,8,ok,,3.717,n-62-29-16,29052882,2026-08-08T18:07:16+0200
986d190cd047fc7e,auto-464e99b7c589,hoenir@5907a3b,hoenir,5907a3b,snotra@34b0ce8,snotra,34b0ce8,atoll,all_official,1,0,rating,a,a,1.0,core_destroyed,66,,16,280,8,22,8,270,11,7,ok,,3.854,n-62-29-34,29052882,2026-08-08T18:06:59+0200
98778013e5677929,auto-464e99b7c589,hoenir@5907a3b,hoenir,5907a3b,fenrir2@6b39ebb,fenrir2,6b39ebb,moonrise,all_official,1,0,rating,a,a,1.0,core_destroyed,119,,9,520,7,9,10,90,8,6,ok,,3.858,n-62-31-14,29052882,2026-08-08T18:04:40+0200
988b08bc3c09901a,auto-464e99b7c589,sif@3fc5cd8,sif,3fc5cd8,hoenir@5907a3b,hoenir,5907a3b,sprint,all_official,1,0,rating,b,b,0.0,core_destroyed,254,,8,40,7,0,10,610,9,9,ok,,4.494,n-62-31-10,29052882,2026-08-08T18:06:40+0200
988d75ac5a3376e0,auto-464e99b7c589,hoenir@5907a3b,hoenir,5907a3b,steward_hardened_reinforced@366cd1b,steward_hardened_reinforced,366cd1b,sprint,all_official,1,0,rating,b,b,0.0,core_destroyed,187,,7,20,7,4,17,440,6,6,ok,,3.731,n-62-31-5,29052882,2026-08-08T18:07:28+0200
9893078e85f34f07,auto-464e99b7c589,hoenir@5907a3b,hoenir,5907a3b,spar_sniper@aa24129,spar_sniper,aa24129,duel,all_official,1,0,rating,a,a,1.0,core_destroyed,57,,9,240,8,7,208,240,5,6,ok,,2.729,n-62-21-98,29052882,2026-08-08T18:07:48+0200
98c96fedfb27e05e,auto-464e99b7c589,steward_hardened_reinforced@04300bf,steward_hardened_reinforced,04300bf,hoenir@5907a3b,hoenir,5907a3b,strait,all_official,1,0,rating,b,b,0.0,core_destroyed,138,,9,380,7,14,4,610,8,20,ok,,3.832,n-62-12-2,29052882,2026-08-08T18:07:13+0200
98cd88beaec0c959,auto-464e99b7c589,hoenir@5907a3b,hoenir,5907a3b,hodr@ea88247,hodr,ea88247,heart,all_official,1,0,rating,b,b,0.0,core_destroyed,421,,10,0,8,2,8,40,6,6,ok,,5.516,n-62-21-54,29052882,2026-08-08T18:05:07+0200
98e5bf720af4f96a,auto-464e99b7c589,mjolnir@2e6c876,mjolnir,2e6c876,hoenir@5907a3b,hoenir,5907a3b,heart,all_official,1,0,rating,b,b,0.0,core_destroyed,94,,0,170,7,18,4,170,7,11,ok,,3.314,n-62-21-18,29052882,2026-08-08T18:07:17+0200
98e725677dcb95cd,auto-464e99b7c589,hoenir@5907a3b,hoenir,5907a3b,skadi@aad5f44,skadi,aad5f44,aurora,all_official,1,0,rating,a,a,1.0,core_destroyed,135,,19,620,8,23,4,470,10,13,ok,,5.093,n-62-29-9,29052882,2026-08-08T18:06:43+0200
98f329c042f5cfc4,auto-464e99b7c589,odin@93e46da,odin,93e46da,hoenir@5907a3b,hoenir,5907a3b,sprint,all_official,1,0,rating,b,b,0.0,core_destroyed,46,,10,0,9,1,6,20,6,5,ok,,2.53,n-62-29-13,29052882,2026-08-08T18:06:30+0200
9931fbcdc519cd7e,auto-464e99b7c589,hodr@ea88247,hodr,ea88247,hoenir@5907a3b,hoenir,5907a3b,archipelago,all_official,1,0,rating,b,b,0.0,core_destroyed,63,,59,330,7,27,9,360,7,24,ok,,3.356,n-62-21-52,29052882,2026-08-08T18:05:16+0200
9938eb4cf022d96a,auto-464e99b7c589,ragnarok_fair@79582fc,ragnarok_fair,79582fc,hoenir@5907a3b,hoenir,5907a3b,sweden,all_official,1,0,rating,b,b,0.0,core_destroyed,126,,38,0,8,8,10,230,6,19,ok,,3.807,n-62-11-66,29052882,2026-08-08T18:06:58+0200
993d3eccb31a7bf1,auto-464e99b7c589,hoenir@5907a3b,hoenir,5907a3b,ostara@832c68a,ostara,832c68a,hive,all_official,1,0,rating,b,b,0.0,core_destroyed,124,,19,270,6,21,28,530,10,18,ok,,4.88,n-62-29-21,29052882,2026-08-08T18:06:30+0200
9950d2f4d4ddfc38,auto-464e99b7c589,e_t4l7@9e77076,e_t4l7,9e77076,hoenir@5907a3b,hoenir,5907a3b,runestone,all_official,1,0,rating,b,b,0.0,core_destroyed,99,,33,0,6,20,8,220,9,17,ok,,2.986,n-62-30-25,29052882,2026-08-08T18:05:08+0200
996356dac68da2a1,auto-464e99b7c589,hoenir@5907a3b,hoenir,5907a3b,maporacle@38e1456,maporacle,38e1456,string,all_official,1,0,rating,b,b,0.0,core_destroyed,170,,65,440,8,10,8,430,4,5,ok,,4.998,n-62-21-2,29052882,2026-08-08T18:05:56+0200
9992dc3d7ad84b54,auto-464e99b7c589,snotra_h@4437c29,snotra_h,4437c29,hoenir@5907a3b,hoenir,5907a3b,aurora,all_official,1,0,rating,b,b,0.0,core_destroyed,316,,16,360,9,2,19,770,7,13,ok,,5.422,n-62-30-24,29052882,2026-08-08T18:07:00+0200
9994f389e2717c02,auto-464e99b7c589,skadi@1e4eddf,skadi,1e4eddf,hoenir@5907a3b,hoenir,5907a3b,heart,all_official,1,0,rating,a,a,1.0,core_destroyed,313,,10,0,4,17,29,60,7,10,ok,,8.076,n-62-21-98,29052882,2026-08-08T18:07:41+0200
99a840d3fa523d26,auto-464e99b7c589,hoenir@5907a3b,hoenir,5907a3b,mjolnir@2e6c876,mjolnir,2e6c876,meander,all_official,1,0,rating,b,b,0.0,core_destroyed,297,,10,10,7,8,9,0,7,3,ok,,4.611,n-62-21-7,29052882,2026-08-08T18:07:51+0200
99b3391c86ffedd2,auto-464e99b7c589,hoenir@5907a3b,hoenir,5907a3b,e_t4l7@9e77076,e_t4l7,9e77076,aurora,all_official,1,0,rating,a,a,1.0,core_destroyed,314,,16,1510,7,26,1154,1980,10,30,ok,,6.746,n-62-29-34,29052882,2026-08-08T18:05:27+0200
99b43ba729f8a2bc,auto-464e99b7c589,pantheon_replica_day3@aa8bae0,pantheon_replica_day3,aa8bae0,hoenir@5907a3b,hoenir,5907a3b,duel,all_official,1,0,rating,a,a,1.0,core_destroyed,81,,19,190,9,7,36,260,5,4,ok,,2.894,n-62-29-5,29052882,2026-08-08T18:06:13+0200
99c1bb73c80ddb4c,auto-464e99b7c589,hoenir@5907a3b,hoenir,5907a3b,fulla@ec5aa19,fulla,ec5aa19,longship,all_official,1,0,rating,b,b,0.0,core_destroyed,78,,6,320,8,11,8,310,7,15,ok,,4.251,n-62-21-3,29052882,2026-08-08T18:05:17+0200
99d0742e3aac5b4f,auto-464e99b7c589,hoenir@5907a3b,hoenir,5907a3b,fulla@ec5aa19,fulla,ec5aa19,hive,all_official,1,0,rating,b,b,0.0,core_destroyed,377,,9,920,6,13,14,1010,9,19,ok,,7.115,n-62-21-2,29052882,2026-08-08T18:05:21+0200
99ee531b40abf341,auto-464e99b7c589,hoenir@5907a3b,hoenir,5907a3b,sif@3fc5cd8,sif,3fc5cd8,vase,all_official,1,0,rating,b,b,0.0,core_destroyed,420,,26,40,7,4,20,190,6,6,ok,,9.667,n-62-31-11,29052882,2026-08-08T18:06:48+0200
99eebaf74a97ed2c,auto-464e99b7c589,hoenir@5907a3b,hoenir,5907a3b,snotra_h@4437c29,snotra_h,4437c29,snowflake,all_official,1,0,rating,a,a,1.0,core_destroyed,65,,30,600,11,18,7,140,8,11,ok,,5.346,n-62-11-61,29052882,2026-08-08T18:07:24+0200
9a09961850e30ee0,auto-464e99b7c589,e_t4l7@9e77076,e_t4l7,9e77076,hoenir@5907a3b,hoenir,5907a3b,lighthouse,all_official,1,0,rating,b,b,0.0,core_destroyed,92,,26,0,5,10,20,390,7,13,ok,,2.525,n-62-30-23,29052882,2026-08-08T18:05:41+0200
9a1cc97b2239a54e,auto-464e99b7c589,mimir@cfc1ec4,mimir,cfc1ec4,hoenir@5907a3b,hoenir,5907a3b,saga,all_official,1,0,rating,a,a,1.0,core_destroyed,116,,18,440,9,24,20,510,7,26,ok,,5.697,n-62-21-6,29052882,2026-08-08T18:06:27+0200
9a1ed12e03beddb1,auto-464e99b7c589,njord@f66a427,njord,f66a427,hoenir@5907a3b,hoenir,5907a3b,bridge,all_official,1,0,rating,b,b,0.0,core_destroyed,172,,67,0,4,12,56,830,12,15,ok,,5.724,n-62-11-61,29052882,2026-08-08T18:05:59+0200
9a6bb07a9d2cc59f,auto-464e99b7c589,skadi@821d792,skadi,821d792,hoenir@5907a3b,hoenir,5907a3b,runestone,all_official,1,0,rating,a,a,1.0,core_destroyed,311,,9,940,8,17,8,1450,7,19,ok,,6.197,n-62-29-16,29052882,2026-08-08T18:06:50+0200
9a813a1670c94e3f,auto-464e99b7c589,hoenir@5907a3b,hoenir,5907a3b,hodr@ea88247,hodr,ea88247,saga,all_official,1,0,rating,b,b,0.0,core_destroyed,79,,8,250,8,28,9,360,8,23,ok,,4.109,n-62-21-56,29052882,2026-08-08T18:05:19+0200
9aa3d760a6ad3461,auto-464e99b7c589,hoenir@5907a3b,hoenir,5907a3b,loki@832c68a,loki,832c68a,eider,all_official,1,0,rating,a,a,1.0,core_destroyed,88,,28,460,7,12,16,450,7,9,ok,,3.418,n-62-29-34,29052882,2026-08-08T18:05:51+0200
9aab7509b5cf40d9,auto-464e99b7c589,bastion@840a180,bastion,840a180,hoenir@5907a3b,hoenir,5907a3b,aurora,all_official,1,0,rating,b,b,0.0,core_destroyed,135,,10,380,4,9,9,580,8,14,ok,,4.451,n-62-11-64,29052882,2026-08-08T18:05:17+0200
9ac24227ecb73fda,auto-464e99b7c589,hoenir@5907a3b,hoenir,5907a3b,e_t4l7@9e77076,e_t4l7,9e77076,eider,all_official,1,0,rating,a,a,1.0,core_destroyed,115,,174,1590,9,41,32,210,3,13,ok,,3.056,n-62-29-5,29052882,2026-08-08T18:05:12+0200
9ae40537ef847607,auto-464e99b7c589,prospect@bf9b3e3,prospect,bf9b3e3,hoenir@5907a3b,hoenir,5907a3b,sprint,all_official,1,0,rating,b,b,0.0,core_destroyed,167,,7,30,5,10,48,400,8,6,ok,,3.353,n-62-31-13,29052882,2026-08-08T18:06:34+0200
9b0eb274f1db13c7,auto-464e99b7c589,mimir@cfc1ec4,mimir,cfc1ec4,hoenir@5907a3b,hoenir,5907a3b,sprint,all_official,1,0,rating,b,b,0.0,core_destroyed,557,,10,30,6,1,9,90,7,3,ok,,6.113,n-62-21-10,29052882,2026-08-08T18:06:10+0200
9b3112db7f84346e,auto-464e99b7c589,heimdall@daf0de0,heimdall,daf0de0,hoenir@5907a3b,hoenir,5907a3b,skerry,all_official,1,0,rating,a,a,1.0,core_destroyed,91,,17,570,7,21,6,550,10,11,ok,,4.325,n-62-21-50,29052882,2026-08-08T18:05:06+0200
9b33cd94c80fff98,auto-464e99b7c589,hoenir@5907a3b,hoenir,5907a3b,spar_mender@d5b46bc,spar_mender,d5b46bc,meander,all_official,1,0,rating,b,b,0.0,core_destroyed,901,,10,0,6,8,10,230,9,2,ok,,10.119,n-62-21-92,29052882,2026-08-08T18:07:03+0200
9b56e1212172bc79,auto-464e99b7c589,hoenir@5907a3b,hoenir,5907a3b,lockin@90fc9f3,lockin,90fc9f3,aurora,all_official,1,0,rating,a,a,1.0,core_destroyed,124,,49,770,15,32,63,0,13,2,ok,,11.716,n-62-29-16,29052882,2026-08-08T18:05:34+0200
9b578cfaff0eff67,auto-464e99b7c589,hoenir@5907a3b,hoenir,5907a3b,loki@832c68a,loki,832c68a,strait,all_official,1,0,rating,a,a,1.0,core_destroyed,92,,29,550,8,24,18,390,9,16,ok,,4.339,n-62-31-18,29052882,2026-08-08T18:05:51+0200
9b5988b5cfe47742,auto-464e99b7c589,maporacle@38e1456,maporacle,38e1456,hoenir@5907a3b,hoenir,5907a3b,moonrise,all_official,1,0,rating,b,b,0.0,core_destroyed,45,,10,0,8,6,8,90,6,5,ok,,2.722,n-62-12-3,29052882,2026-08-08T18:05:43+0200
9b73cb53a6721c5c,auto-464e99b7c589,steward_hardened_reinforced@cdc552f,steward_hardened_reinforced,cdc552f,hoenir@5907a3b,hoenir,5907a3b,atoll,all_official,1,0,rating,a,a,1.0,core_destroyed,57,,7,230,8,11,25,210,9,7,ok,,3.874,n-62-28-28,29052882,2026-08-08T18:07:47+0200
9b7ea57460d18b38,auto-464e99b7c589,ostara@832c68a,ostara,832c68a,hoenir@5907a3b,hoenir,5907a3b,vase,all_official,1,0,rating,a,a,1.0,core_destroyed,120,,40,260,7,13,48,260,7,13,ok,,4.294,n-62-29-27,29052882,2026-08-08T18:06:30+0200
9ba0134dc947acc4,auto-464e99b7c589,e_t4l7@9e77076,e_t4l7,9e77076,hoenir@5907a3b,hoenir,5907a3b,vault,all_official,1,0,rating,b,b,0.0,core_destroyed,534,,1068,2060,8,27,16,2630,8,26,ok,,9.482,n-62-31-7,29052882,2026-08-08T18:05:22+0200
9bab137a422b89d6,auto-464e99b7c589,hoenir@5907a3b,hoenir,5907a3b,magni@3677a66,magni,3677a66,twins,all_official,1,0,rating,a,a,1.0,core_destroyed,101,,8,230,8,10,10,210,6,15,ok,,3.674,n-62-12-7,29052882,2026-08-08T18:05:51+0200
9bf286c2ddb3db45,auto-464e99b7c589,hoenir@5907a3b,hoenir,5907a3b,janus@8a1e7a1,janus,8a1e7a1,quarry,all_official,1,0,rating,b,b,0.0,core_destroyed,83,,70,160,6,17,20,330,7,12,ok,,3.232,n-62-31-21,29052882,2026-08-08T18:05:13+0200
9c16b61fb3d98332,auto-464e99b7c589,freyr@c2c0d3d,freyr,c2c0d3d,hoenir@5907a3b,hoenir,5907a3b,showdown,all_official,1,0,rating,a,a,1.0,core_destroyed,329,,9,210,8,8,10,170,4,7,ok,,3.904,n-62-12-2,29052882,2026-08-08T18:05:02+0200
9c1d18b4df11873a,auto-464e99b7c589,hoenir@5907a3b,hoenir,5907a3b,heimdall@daf0de0,heimdall,daf0de0,antler,all_official,1,0,rating,a,a,1.0,core_destroyed,53,,120,220,5,8,10,120,8,9,ok,,2.62,n-62-21-62,29052882,2026-08-08T18:05:36+0200
9c1d372ccc5a08a6,auto-464e99b7c589,skadi@6a2af02,skadi,6a2af02,hoenir@5907a3b,hoenir,5907a3b,sprint,all_official,1,0,rating,a,a,1.0,titanium_collected,1000,,16,500,8,11,18,180,7,4,ok,,6.56,n-62-12-5,29052882,2026-08-08T18:07:01+0200
9c236c63e8a2a78f,auto-464e99b7c589,janus@8a1e7a1,janus,8a1e7a1,hoenir@5907a3b,hoenir,5907a3b,twins,all_official,1,0,rating,b,b,0.0,core_destroyed,180,,16,90,8,2,27,420,6,10,ok,,4.041,n-62-31-22,29052882,2026-08-08T18:05:22+0200
9c5b966492a002b4,auto-464e99b7c589,hoenir@5907a3b,hoenir,5907a3b,steward_hardened_reinforced@672ee02,steward_hardened_reinforced,672ee02,showdown,all_official,1,0,rating,a,a,1.0,core_destroyed,214,,8,490,6,17,8,140,6,11,ok,,3.46,n-62-31-24,29052882,2026-08-08T18:07:44+0200
9c7d22d4f0556fe0,auto-464e99b7c589,hoenir@5907a3b,hoenir,5907a3b,skadi@6a2af02,skadi,6a2af02,fjordgate,all_official,1,0,rating,b,b,0.0,titanium_collected,1000,,11,0,6,2,17,210,6,14,ok,,7.413,n-62-28-31,29052882,2026-08-08T18:06:50+0200
9c85cecd547db827,auto-464e99b7c589,steward_hardened_reinforced@672ee02,steward_hardened_reinforced,672ee02,hoenir@5907a3b,hoenir,5907a3b,crossfire,all_official,1,0,rating,a,a,1.0,core_destroyed,105,,9,250,6,7,7,110,8,3,ok,,3.13,n-62-31-21,29052882,2026-08-08T18:07:54+0200
9c8662293c771892,auto-464e99b7c589,hoenir@5907a3b,hoenir,5907a3b,gefjon@f66a427,gefjon,f66a427,atoll,all_official,1,0,rating,a,a,1.0,core_destroyed,170,,18,800,8,21,6,240,8,6,ok,,4.262,n-62-21-10,29052882,2026-08-08T18:04:56+0200
9c8c0feb2013b05d,auto-464e99b7c589,hoenir@5907a3b,hoenir,5907a3b,gefjon@f66a427,gefjon,f66a427,quarry,all_official,1,0,rating,b,b,0.0,core_destroyed,70,,16,130,8,17,9,260,9,14,ok,,4.652,n-62-21-5,29052882,2026-08-08T18:04:40+0200
9c910cd49e1aa0ec,auto-464e99b7c589,njord@f66a427,njord,f66a427,hoenir@5907a3b,hoenir,5907a3b,eider,all_official,1,0,rating,a,a,1.0,core_destroyed,119,,29,740,10,18,46,760,7,15,ok,,4.811,n-62-11-61,29052882,2026-08-08T18:06:29+0200
9c9736ff14a85893,auto-464e99b7c589,ragnarok_fair@79582fc,ragnarok_fair,79582fc,hoenir@5907a3b,hoenir,5907a3b,eider,all_official,1,0,rating,b,b,0.0,core_destroyed,39,,22,120,9,9,19,140,6,11,ok,,3.347,n-62-11-61,29052882,2026-08-08T18:06:24+0200
9c9a6d8462b7d4af,auto-464e99b7c589,jotunn@6b39ebb,jotunn,6b39ebb,hoenir@5907a3b,hoenir,5907a3b,strait,all_official,1,0,rating,b,b,0.0,core_destroyed,95,,50,320,8,32,37,540,8,25,ok,,4.209,n-62-29-13,29052882,2026-08-08T18:05:37+0200
9c9d80104321117e,auto-464e99b7c589,hoenir@5907a3b,hoenir,5907a3b,skadi@1e4eddf,skadi,1e4eddf,heart,all_official,1,0,rating,b,b,0.0,core_destroyed,241,,8,0,6,7,9,0,7,11,ok,,5.273,n-62-21-98,29052882,2026-08-08T18:07:33+0200
9cb46c916428a639,auto-464e99b7c589,hoenir@5907a3b,hoenir,5907a3b,snotra_h@4437c29,snotra_h,4437c29,eider,all_official,1,0,rating,a,a,1.0,core_destroyed,88,,28,460,7,12,16,450,7,9,ok,,3.484,n-62-31-22,29052882,2026-08-08T18:06:54+0200
9cd09640944d2369,auto-464e99b7c589,bastion@840a180,bastion,840a180,hoenir@5907a3b,hoenir,5907a3b,skerry,all_official,1,0,rating,b,b,0.0,core_destroyed,61,,28,370,9,18,7,260,9,10,ok,,4.085,n-62-21-98,29052882,2026-08-08T18:04:44+0200
9ce261cc0ea74f57,auto-464e99b7c589,jonbot_190003d@90fc9f3,jonbot_190003d,90fc9f3,hoenir@5907a3b,hoenir,5907a3b,snowflake,all_official,1,0,rating,b,b,0.0,core_destroyed,57,,195,270,8,15,1,120,8,19,ok,,3.778,n-62-31-11,29052882,2026-08-08T18:05:39+0200
9cfa0239909b1a84,auto-464e99b7c589,skadi@821d792,skadi,821d792,hoenir@5907a3b,hoenir,5907a3b,saga,all_official,1,0,rating,b,b,0.0,core_destroyed,83,,4,420,8,36,9,250,8,19,ok,,4.492,n-62-29-16,29052882,2026-08-08T18:07:03+0200
9d10ae1d4377c68c,auto-464e99b7c589,hoenir@5907a3b,hoenir,5907a3b,janus@8a1e7a1,janus,8a1e7a1,vase,all_official,1,0,rating,a,a,1.0,core_destroyed,83,,9,170,9,7,60,0,7,6,ok,,3.583,n-62-31-22,29052882,2026-08-08T18:05:25+0200
9d2e833b283faa14,auto-464e99b7c589,hodr@ea88247,hodr,ea88247,hoenir@5907a3b,hoenir,5907a3b,drumlin,all_official,1,0,rating,b,b,0.0,core_destroyed,55,,8,170,7,18,28,350,7,18,ok,,3.106,n-62-21-53,29052882,2026-08-08T18:05:11+0200
9d44384408a30edc,auto-464e99b7c589,hoenir@5907a3b,hoenir,5907a3b,bastion@840a180,bastion,840a180,fjordgate,all_official,1,0,rating,a,a,1.0,titanium_collected,1000,,16,10,6,2,20,0,8,2,ok,,5.661,n-62-31-9,29052882,2026-08-08T18:04:48+0200
9d767dbc2a423874,auto-464e99b7c589,hoenir@5907a3b,hoenir,5907a3b,spar_mender@7ed1acc,spar_mender,7ed1acc,vault,all_official,1,0,rating,a,a,1.0,core_destroyed,82,,20,360,8,34,77,380,12,23,ok,,4.159,n-62-11-66,29052882,2026-08-08T18:07:45+0200
9d7c526ea1692d9d,auto-464e99b7c589,hoenir@5907a3b,hoenir,5907a3b,pantheon_replica_day3@aa8bae0,pantheon_replica_day3,aa8bae0,heart,all_official,1,0,rating,a,a,1.0,core_destroyed,594,,8,0,6,6,10,0,6,1,ok,,5.957,n-62-29-5,29052882,2026-08-08T18:06:39+0200
9d802c63766a42f9,auto-464e99b7c589,hoenir@5907a3b,hoenir,5907a3b,magni@3677a66,magni,3677a66,string,all_official,1,0,rating,a,a,1.0,core_destroyed,78,,16,190,5,3,12,180,9,2,ok,,3.257,n-62-21-90,29052882,2026-08-08T18:06:11+0200
9d88929477742fab,auto-464e99b7c589,fulla@ec5aa19,fulla,ec5aa19,hoenir@5907a3b,hoenir,5907a3b,hive,all_official,1,0,rating,a,a,1.0,core_destroyed,681,,12,140,8,11,10,1680,7,22,ok,,12.6,n-62-21-2,29052882,2026-08-08T18:05:34+0200
9d9f14b9be688454,auto-464e99b7c589,hoenir@5907a3b,hoenir,5907a3b,fulla@ec5aa19,fulla,ec5aa19,aurora,all_official,1,0,rating,b,b,0.0,core_destroyed,93,,9,320,7,17,9,290,9,13,ok,,4.604,n-62-21-1,29052882,2026-08-08T18:04:40+0200
9dd827237206b661,auto-464e99b7c589,hoenir@5907a3b,hoenir,5907a3b,odin@38e1456,odin,38e1456,meander,all_official,1,0,rating,a,a,1.0,core_destroyed,101,,18,130,8,7,10,70,8,8,ok,,3.526,n-62-31-10,29052882,2026-08-08T18:05:57+0200
9dd8eec3cd92a4a9,auto-464e99b7c589,ragnarok_fair@79582fc,ragnarok_fair,79582fc,hoenir@5907a3b,hoenir,5907a3b,jackpot,all_official,1,0,rating,b,b,0.0,core_destroyed,218,,67,1300,13,27,10,1000,10,19,ok,,8.355,n-62-11-60,29052882,2026-08-08T18:06:33+0200
9de30f5afcf8378b,auto-464e99b7c589,skadi@aad5f44,skadi,aad5f44,hoenir@5907a3b,hoenir,5907a3b,quarry,all_official,1,0,rating,a,a,1.0,titanium_collected,1000,,17,410,8,33,17,0,6,7,ok,,12.969,n-62-29-33,29052882,2026-08-08T18:07:19+0200
9de70e4766212383,auto-464e99b7c589,hoenir@5907a3b,hoenir,5907a3b,steward_hardened_reinforced@366cd1b,steward_hardened_reinforced,366cd1b,vault,all_official,1,0,rating,a,a,1.0,core_destroyed,77,,20,330,9,26,64,340,13,9,ok,,5.513,n-62-29-33,29052882,2026-08-08T18:07:54+0200
9df4a34f5a667389,auto-464e99b7c589,fenrir2@6b39ebb,fenrir2,6b39ebb,hoenir@5907a3b,hoenir,5907a3b,skerry,all_official,1,0,rating,a,a,1.0,core_destroyed,114,,18,540,9,12,70,730,12,11,ok,,4.723,n-62-31-8,29052882,2026-08-08T18:05:02+0200
9dfad9f7f9a2a0cc,auto-464e99b7c589,hoenir@5907a3b,hoenir,5907a3b,steward_hardened_reinforced@04300bf,steward_hardened_reinforced,04300bf,crossfire,all_official,1,0,rating,a,a,1.0,core_destroyed,188,,58,1270,12,31,16,50,6,2,ok,,5.125,n-62-28-34,29052882,2026-08-08T18:07:37+0200
9e03bbe29c0a059f,auto-464e99b7c589,gefjon@f66a427,gefjon,f66a427,hoenir@5907a3b,hoenir,5907a3b,pinch,all_official,1,0,rating,b,b,0.0,core_destroyed,109,,9,330,8,20,9,250,7,8,ok,,4.024,n-62-21-24,29052882,2026-08-08T18:05:26+0200
9e0a5265a9ac6949,auto-464e99b7c589,hoenir@5907a3b,hoenir,5907a3b,prospect_rushonly@bf9b3e3,prospect_rushonly,bf9b3e3,skerry,all_official,1,0,rating,a,a,1.0,core_destroyed,63,,9,270,9,10,6,230,7,4,ok,,3.454,n-62-31-23,29052882,2026-08-08T18:06:44+0200
9e12a40f520958cd,auto-464e99b7c589,hoenir@5907a3b,hoenir,5907a3b,bifrost@c70c467,bifrost,c70c467,skerry,all_official,1,0,rating,b,b,0.0,core_destroyed,193,,6,390,8,6,10,830,9,8,ok,,4.595,n-62-29-13,29052882,2026-08-08T18:05:11+0200
9e2e828ef9d17d01,auto-464e99b7c589,jonbot@90fc9f3,jonbot,90fc9f3,hoenir@5907a3b,hoenir,5907a3b,drumlin,all_official,1,0,rating,b,b,0.0,core_destroyed,57,,308,380,6,30,20,370,7,25,ok,,3.745,n-62-11-67,29052882,2026-08-08T18:06:47+0200
9e46f5213c11c0a7,auto-464e99b7c589,ostara@832c68a,ostara,832c68a,hoenir@5907a3b,hoenir,5907a3b,heart,all_official,1,0,rating,b,b,0.0,core_destroyed,93,,7,170,6,15,9,140,6,11,ok,,3.228,n-62-29-21,29052882,2026-08-08T18:06:25+0200
9e4c0fe2ecc08658,auto-464e99b7c589,hoenir@5907a3b,hoenir,5907a3b,steward_hardened_reinforced@a994296,steward_hardened_reinforced,a994296,snowflake,all_official,1,0,rating,a,a,1.0,core_destroyed,65,,30,600,11,18,7,140,8,11,ok,,3.585,n-62-11-62,29052882,2026-08-08T18:07:41+0200
9e7cee881677a5b6,auto-464e99b7c589,fulla@ec5aa19,fulla,ec5aa19,hoenir@5907a3b,hoenir,5907a3b,meander,all_official,1,0,rating,b,b,0.0,core_destroyed,441,,14,230,7,5,9,440,7,12,ok,,6.634,n-62-21-3,29052882,2026-08-08T18:05:34+0200
9e7d37cf331d9ca9,auto-464e99b7c589,snotra_h@4437c29,snotra_h,4437c29,hoenir@5907a3b,hoenir,5907a3b,string,all_official,1,0,rating,a,a,1.0,titanium_collected,1000,,1926,7210,21,13,1055,2510,8,9,ok,,33.915,n-62-31-7,29052882,2026-08-08T18:07:34+0200
9e857fdfe5f0b3a3,auto-464e99b7c589,ragnarok_fair@79582fc,ragnarok_fair,79582fc,hoenir@5907a3b,hoenir,5907a3b,showdown,all_official,1,0,rating,b,b,0.0,titanium_collected,1000,,16,0,7,1,18,100,5,12,ok,,4.989,n-62-11-62,29052882,2026-08-08T18:06:26+0200
9e99f4a4e9f3a3e9,auto-464e99b7c589,gefjon@f66a427,gefjon,f66a427,hoenir@5907a3b,hoenir,5907a3b,strait,all_official,1,0,rating,a,a,1.0,core_destroyed,92,,28,420,10,13,12,260,6,13,ok,,3.919,n-62-21-11,29052882,2026-08-08T18:05:02+0200
9ec5841bf9848c9d,auto-464e99b7c589,fenrir2@6b39ebb,fenrir2,6b39ebb,hoenir@5907a3b,hoenir,5907a3b,longship,all_official,1,0,rating,b,b,0.0,core_destroyed,115,,7,500,9,23,18,460,7,19,ok,,4.745,n-62-31-13,29052882,2026-08-08T18:05:40+0200
9f340bd8b63591f2,auto-464e99b7c589,hoenir@5907a3b,hoenir,5907a3b,ragnarok_fair@79582fc,ragnarok_fair,79582fc,showdown,all_official,1,0,rating,a,a,1.0,core_destroyed,78,,10,30,4,8,6,0,6,0,ok,,2.354,n-62-11-62,29052882,2026-08-08T18:06:21+0200
9f563649da6c37af,auto-464e99b7c589,hoenir@5907a3b,hoenir,5907a3b,gefjon@f66a427,gefjon,f66a427,vault,all_official,1,0,rating,b,b,0.0,core_destroyed,114,,9,510,9,25,8,540,11,17,ok,,5.192,n-62-21-18,29052882,2026-08-08T18:05:06+0200
9f65624d1ecc1676,auto-464e99b7c589,mjolnir@2e6c876,mjolnir,2e6c876,hoenir@5907a3b,hoenir,5907a3b,crossfire,all_official,1,0,rating,b,b,0.0,core_destroyed,121,,40,620,8,25,10,540,7,31,ok,,4.86,n-62-31-7,29052882,2026-08-08T18:06:31+0200
9f67378a5fb3f5c8,auto-464e99b7c589,mjolnir@2e6c876,mjolnir,2e6c876,hoenir@5907a3b,hoenir,5907a3b,meander,all_official,1,0,rating,b,b,0.0,core_destroyed,88,,20,170,6,11,47,0,5,1,ok,,2.803,n-62-21-7,29052882,2026-08-08T18:07:54+0200
9f7d1057e9d7011b,auto-464e99b7c589,aegis@e55aab5,aegis,e55aab5,hoenir@5907a3b,hoenir,5907a3b,sweden,all_official,1,0,rating,b,b,0.0,core_destroyed,660,,241,0,6,4,80,1610,16,21,ok,,15.76,n-62-31-23,29052882,2026-08-08T18:06:24+0200
9f84b0e9df719df0,auto-464e99b7c589,hoenir@5907a3b,hoenir,5907a3b,spar_mender@d5b46bc,spar_mender,d5b46bc,duel,all_official,1,0,rating,a,a,1.0,core_destroyed,186,,18,930,6,10,6,600,8,5,ok,,3.188,n-62-11-64,29052882,2026-08-08T18:07:02+0200
9f90f97e51ae995b,auto-464e99b7c589,heimdall@daf0de0,heimdall,daf0de0,hoenir@5907a3b,hoenir,5907a3b,runestone,all_official,1,0,rating,b,b,0.0,core_destroyed,70,,10,140,8,13,28,360,9,22,ok,,3.665,n-62-21-50,29052882,2026-08-08T18:04:43+0200
9fa7533c009da5fb,auto-464e99b7c589,hoenir@5907a3b,hoenir,5907a3b,spar_mender@d5b46bc,spar_mender,d5b46bc,fjordgate,all_official,1,0,rating,b,b,0.0,core_destroyed,314,,0,10,1,3,63,1650,15,12,ok,,5.536,n-62-11-64,29052882,2026-08-08T18:07:35+0200
9fb7df13c70aa960,auto-464e99b7c589,hoenir@5907a3b,hoenir,5907a3b,hodr@ea88247,hodr,ea88247,longship,all_official,1,0,rating,a,a,1.0,core_destroyed,69,,9,220,9,10,28,150,6,19,ok,,3.547,n-62-21-55,29052882,2026-08-08T18:05:46+0200
9fd06ecd4f9a1948,auto-464e99b7c589,gefjon@f66a427,gefjon,f66a427,hoenir@5907a3b,hoenir,5907a3b,jackpot,all_official,1,0,rating,b,b,0.0,core_destroyed,215,,36,1030,16,16,62,990,11,14,ok,,10.333,n-62-21-17,29052882,2026-08-08T18:06:23+0200
9fdd150fe3adba86,auto-464e99b7c589,hoenir@5907a3b,hoenir,5907a3b,aegis@e55aab5,aegis,e55aab5,heart,all_official,1,0,rating,a,a,1.0,core_destroyed,81,,7,140,6,9,10,0,8,5,ok,,2.911,n-62-31-21,29052882,2026-08-08T18:04:47+0200
a01f05b6b052fc00,auto-464e99b7c589,snotra@34b0ce8,snotra,34b0ce8,hoenir@5907a3b,hoenir,5907a3b,vase,all_official,1,0,rating,b,b,0.0,core_destroyed,48,,60,0,8,5,20,80,5,12,ok,,2.999,n-62-31-24,29052882,2026-08-08T18:07:03+0200
a0395b8705a8bd3f,auto-464e99b7c589,ostara@832c68a,ostara,832c68a,hoenir@5907a3b,hoenir,5907a3b,strait,all_official,1,0,rating,a,a,1.0,core_destroyed,92,,28,420,10,13,12,260,6,13,ok,,4.641,n-62-29-33,29052882,2026-08-08T18:06:33+0200
a04272506bf65546,auto-464e99b7c589,hoenir@5907a3b,hoenir,5907a3b,steward_hardened_reinforced@c04e46e,steward_hardened_reinforced,c04e46e,fjordgate,all_official,1,0,rating,a,a,1.0,core_destroyed,109,,10,480,6,10,9,10,5,3,ok,,2.568,n-62-31-9,29052882,2026-08-08T18:07:32+0200
a0644ef066207257,auto-464e99b7c589,pantheon_replica_day3@aa8bae0,pantheon_replica_day3,aa8bae0,hoenir@5907a3b,hoenir,5907a3b,jackpot,all_official,1,0,rating,a,a,1.0,core_destroyed,147,,10,290,5,17,21,610,11,12,ok,,4.922,n-62-30-23,29052882,2026-08-08T18:06:30+0200
a066d9a38116fbcd,auto-464e99b7c589,hoenir@5907a3b,hoenir,5907a3b,fenrir2@6b39ebb,fenrir2,6b39ebb,showdown,all_official,1,0,rating,a,a,1.0,core_destroyed,185,,9,70,8,7,10,0,8,3,ok,,3.749,n-62-31-8,29052882,2026-08-08T18:04:49+0200
a0842f0c4dd96586,auto-464e99b7c589,hoenir@5907a3b,hoenir,5907a3b,spork@05ab6a2,spork,05ab6a2,vase,all_official,1,0,rating,b,b,0.0,core_destroyed,420,,26,40,7,4,20,190,6,6,ok,,9.229,n-62-28-31,29052882,2026-08-08T18:07:22+0200
a0943b8a86ff3f78,auto-464e99b7c589,hoenir@5907a3b,hoenir,5907a3b,skadi@aad5f44,skadi,aad5f44,moonrise,all_official,1,0,rating,a,a,1.0,core_destroyed,95,,8,400,5,10,4,210,6,7,ok,,2.637,n-62-31-5,29052882,2026-08-08T18:07:41+0200
a094be32ad853538,auto-464e99b7c589,spar_sniper@aa24129,spar_sniper,aa24129,hoenir@5907a3b,hoenir,5907a3b,aurora,all_official,1,0,rating,b,b,0.0,core_destroyed,65,,45,390,8,30,19,340,10,22,ok,,4.07,n-62-21-98,29052882,2026-08-08T18:07:05+0200
a0ae9ab58f3bd65b,auto-464e99b7c589,mimir@cfc1ec4,mimir,cfc1ec4,hoenir@5907a3b,hoenir,5907a3b,twins,all_official,1,0,rating,b,b,0.0,core_destroyed,253,,9,150,9,3,10,600,8,14,ok,,5.301,n-62-21-14,29052882,2026-08-08T18:06:22+0200
a0c084b2f414a998,auto-464e99b7c589,bastion@840a180,bastion,840a180,hoenir@5907a3b,hoenir,5907a3b,hive,all_official,1,0,rating,b,b,0.0,core_destroyed,213,,81,1650,14,72,9,510,9,22,ok,,6.305,n-62-31-9,29052882,2026-08-08T18:05:13+0200
a0c4c2a100784f0e,auto-464e99b7c589,odin@93e46da,odin,93e46da,hoenir@5907a3b,hoenir,5907a3b,showdown,all_official,1,0,rating,b,b,0.0,core_destroyed,105,,10,0,7,6,19,280,8,17,ok,,3.095,n-62-29-13,29052882,2026-08-08T18:06:09+0200
a0cc65cf6685dc63,auto-464e99b7c589,hoenir@5907a3b,hoenir,5907a3b,fenrir2@6b39ebb,fenrir2,6b39ebb,saga,all_official,1,0,rating,a,a,1.0,core_destroyed,110,,39,410,6,30,20,790,9,39,ok,,4.705,n-62-31-8,29052882,2026-08-08T18:04:41+0200
a0db3694892343c1,auto-464e99b7c589,hoenir@5907a3b,hoenir,5907a3b,skadi@1e4eddf,skadi,1e4eddf,archipelago,all_official,1,0,rating,a,a,1.0,core_destroyed,66,,19,500,8,27,43,310,6,17,ok,,3.755,n-62-31-11,29052882,2026-08-08T18:07:22+0200
a1028fcb5e42610d,auto-464e99b7c589,skadi@6a2af02,skadi,6a2af02,hoenir@5907a3b,hoenir,5907a3b,sweden,all_official,1,0,rating,b,b,0.0,titanium_collected,1000,,46,520,4,17,173,2460,10,18,ok,,25.572,n-62-29-13,29052882,2026-08-08T18:07:19+0200
a11983669c1a89d8,auto-464e99b7c589,hoenir@5907a3b,hoenir,5907a3b,gefjon@f66a427,gefjon,f66a427,string,all_official,1,0,rating,a,a,1.0,core_destroyed,261,,10,490,6,5,29,210,7,7,ok,,6.708,n-62-21-11,29052882,2026-08-08T18:05:09+0200
a12b5db60b401717,auto-464e99b7c589,skadi@821d792,skadi,821d792,hoenir@5907a3b,hoenir,5907a3b,jackpot,all_official,1,0,rating,a,a,1.0,titanium_collected,1000,,2579,6000,9,25,45,4910,20,19,ok,,28.933,n-62-12-1,29052882,2026-08-08T18:07:30+0200
a152c85a2bbe6ee1,auto-464e99b7c589,hoenir@5907a3b,hoenir,5907a3b,sif@3fc5cd8,sif,3fc5cd8,duel,all_official,1,0,rating,a,a,1.0,core_destroyed,76,,26,330,8,12,30,350,8,18,ok,,3.149,n-62-11-64,29052882,2026-08-08T18:06:36+0200
a15f57728e4aff37,auto-464e99b7c589,hoenir@5907a3b,hoenir,5907a3b,mimir@cfc1ec4,mimir,cfc1ec4,jackpot,all_official,1,0,rating,a,a,1.0,core_destroyed,59,,10,230,7,24,22,0,10,1,ok,,3.908,n-62-21-17,29052882,2026-08-08T18:05:39+0200
a165ff546c429a92,auto-464e99b7c589,prospect@bf9b3e3,prospect,bf9b3e3,hoenir@5907a3b,hoenir,5907a3b,showdown,all_official,1,0,rating,a,a,1.0,core_destroyed,245,,9,560,6,13,7,50,4,11,ok,,3.119,n-62-31-20,29052882,2026-08-08T18:07:02+0200
a167c68633d186e6,auto-464e99b7c589,hoenir@5907a3b,hoenir,5907a3b,jonbot_190003d@90fc9f3,jonbot_190003d,90fc9f3,heart,all_official,1,0,rating,a,a,1.0,core_destroyed,141,,9,0,6,9,60,0,6,12,ok,,3.743,n-62-21-92,29052882,2026-08-08T18:05:42+0200
a1809387d26d92a2,auto-464e99b7c589,hoenir@5907a3b,hoenir,5907a3b,jotunn@6b39ebb,jotunn,6b39ebb,lighthouse,all_official,1,0,rating,a,a,1.0,core_destroyed,127,,103,1440,12,35,10,550,10,14,ok,,5.579,n-62-28-33,29052882,2026-08-08T18:07:05+0200
a19f47e4c75feac7,auto-464e99b7c589,jonbot@90fc9f3,jonbot,90fc9f3,hoenir@5907a3b,hoenir,5907a3b,meander,all_official,1,0,rating,a,a,1.0,titanium_collected,1000,,1433,160,6,16,20,0,8,7,ok,,7.369,n-62-11-60,29052882,2026-08-08T18:06:35+0200
a1edb3a951f2df6d,auto-464e99b7c589,hoenir@5907a3b,hoenir,5907a3b,ragnarok_fair@79582fc,ragnarok_fair,79582fc,sweden,all_official,1,0,rating,a,a,1.0,core_destroyed,281,,43,670,11,14,133,0,4,19,ok,,6.403,n-62-11-66,29052882,2026-08-08T18:06:54+0200
a1f441ef82b44db6,auto-464e99b7c589,hoenir@5907a3b,hoenir,5907a3b,mjolnir@2e6c876,mjolnir,2e6c876,nordkap,all_official,1,0,rating,a,a,1.0,core_destroyed,70,,8,150,8,5,13,240,7,8,ok,,3.495,n-62-31-24,29052882,2026-08-08T18:05:56+0200
a20da1a8d261b442,auto-464e99b7c589,hoenir@5907a3b,hoenir,5907a3b,freyr@c2c0d3d,freyr,c2c0d3d,bridge,all_official,1,0,rating,a,a,1.0,core_destroyed,143,,44,850,15,19,257,0,3,2,ok,,5.88,n-62-21-90,29052882,2026-08-08T18:05:08+0200
a215860129ef3f1b,auto-464e99b7c589,hoenir@5907a3b,hoenir,5907a3b,bifrost@c70c467,bifrost,c70c467,antler,all_official,1,0,rating,a,a,1.0,core_destroyed,104,,28,660,5,12,16,470,8,12,ok,,3.457,n-62-21-97,29052882,2026-08-08T18:05:19+0200
a24d27c48c4ad8ec,auto-464e99b7c589,hoenir@5907a3b,hoenir,5907a3b,ragnarok_fair@79582fc,ragnarok_fair,79582fc,pinch,all_official,1,0,rating,a,a,1.0,core_destroyed,60,,20,130,6,14,20,130,8,11,ok,,3.347,n-62-11-68,29052882,2026-08-08T18:06:30+0200
a25d3c5cb1228d41,auto-464e99b7c589,jotunn@6b39ebb,jotunn,6b39ebb,hoenir@5907a3b,hoenir,5907a3b,sweden,all_official,1,0,rating,b,b,0.0,core_destroyed,265,,110,640,6,20,18,620,9,20,ok,,7.432,n-62-29-13,29052882,2026-08-08T18:06:19+0200
a29d8416a22133db,auto-464e99b7c589,hoenir@5907a3b,hoenir,5907a3b,ostara@832c68a,ostara,832c68a,atoll,all_official,1,0,rating,a,a,1.0,core_destroyed,170,,18,800,8,21,6,240,8,6,ok,,4.709,n-62-29-16,29052882,2026-08-08T18:06:25+0200
a2a71a940f0a6403,auto-464e99b7c589,hoenir@5907a3b,hoenir,5907a3b,mimir@cfc1ec4,mimir,cfc1ec4,showdown,all_official,1,0,rating,a,a,1.0,core_destroyed,98,,6,160,6,13,8,190,6,16,ok,,3.066,n-62-21-10,29052882,2026-08-08T18:05:39+0200
a2df44636875df03,auto-464e99b7c589,skadi@aad5f44,skadi,aad5f44,hoenir@5907a3b,hoenir,5907a3b,hive,all_official,1,0,rating,a,a,1.0,core_destroyed,136,,79,580,9,23,80,910,9,35,ok,,5.578,n-62-29-31,29052882,2026-08-08T18:07:49+0200
a2e27713bc4bb2fd,auto-464e99b7c589,gefn@46ac5e6,gefn,46ac5e6,hoenir@5907a3b,hoenir,5907a3b,snowflake,all_official,1,0,rating,a,a,1.0,core_destroyed,65,,30,600,11,19,7,140,8,11,ok,,3.993,n-62-21-16,29052882,2026-08-08T18:05:11+0200
a310b576d75f98f1,auto-464e99b7c589,hoenir@5907a3b,hoenir,5907a3b,gobbleglitch@6cdc440,gobbleglitch,6cdc440,fjordgate,all_official,1,0,rating,a,a,1.0,core_destroyed,74,,17,260,7,10,58,20,5,5,ok,,2.383,n-62-13-7,29052882,2026-08-08T18:04:45+0200
a33f6e8326d9e983,auto-464e99b7c589,hoenir@5907a3b,hoenir,5907a3b,steward_hardened_reinforced@672ee02,steward_hardened_reinforced,672ee02,vault,all_official,1,0,rating,a,a,1.0,core_destroyed,103,,8,460,9,26,64,470,13,9,ok,,6.915,n-62-11-67,29052882,2026-08-08T18:07:38+0200
a3629a04fec4546d,auto-464e99b7c589,maporacle@38e1456,maporacle,38e1456,hoenir@5907a3b,hoenir,5907a3b,eider,all_official,1,0,rating,b,b,0.0,core_destroyed,80,,40,180,5,7,19,340,5,11,ok,,3.542,n-62-12-1,29052882,2026-08-08T18:05:52+0200
a369f3a5720e3136,auto-464e99b7c589,hoenir@5907a3b,hoenir,5907a3b,njord@f66a427,njord,f66a427,skerry,all_official,1,0,rating,b,b,0.0,core_destroyed,74,,8,320,9,10,8,330,8,19,ok,,3.345,n-62-11-66,29052882,2026-08-08T18:05:52+0200
a36aecca4b9f2ea1,auto-464e99b7c589,hoenir@5907a3b,hoenir,5907a3b,gobbleglitch@6cdc440,gobbleglitch,6cdc440,lighthouse,all_official,1,0,rating,a,a,1.0,core_destroyed,138,,9,320,7,9,58,40,8,0,ok,,2.787,n-62-12-64,29052882,2026-08-08T18:04:38+0200
a36e02a3ab5fa65c,auto-464e99b7c589,spork@05ab6a2,spork,05ab6a2,hoenir@5907a3b,hoenir,5907a3b,string,all_official,1,0,rating,b,b,0.0,core_destroyed,183,,10,450,6,7,9,450,9,4,ok,,5.052,n-62-21-90,29052882,2026-08-08T18:07:43+0200
a3ab78e45c959833,auto-464e99b7c589,bifrost@c70c467,bifrost,c70c467,hoenir@5907a3b,hoenir,5907a3b,bridge,all_official,1,0,rating,a,a,1.0,core_destroyed,465,,9,560,11,10,10,0,9,5,ok,,8.456,n-62-28-28,29052882,2026-08-08T18:05:19+0200
a3c510c32506b092,auto-464e99b7c589,hoenir@5907a3b,hoenir,5907a3b,ragnarok_fair@79582fc,ragnarok_fair,79582fc,snowflake,all_official,1,0,rating,a,a,1.0,core_destroyed,72,,29,680,9,21,16,290,5,16,ok,,3.132,n-62-11-62,29052882,2026-08-08T18:06:36+0200
a3f1c34a3ba07bee,auto-464e99b7c589,snotra@34b0ce8,snotra,34b0ce8,hoenir@5907a3b,hoenir,5907a3b,eider,all_official,1,0,rating,a,a,1.0,core_destroyed,117,,25,760,10,17,10,610,6,14,ok,,4.308,n-62-29-29,29052882,2026-08-08T18:07:08+0200
a3fab02ecdac5e79,auto-464e99b7c589,hoenir@5907a3b,hoenir,5907a3b,gobbleglitch@6cdc440,gobbleglitch,6cdc440,antler,all_official,1,0,rating,a,a,1.0,core_destroyed,98,,98,550,8,11,58,200,9,8,ok,,3.184,n-62-21-23,29052882,2026-08-08T18:04:51+0200
a3ff7a185f1fa108,auto-464e99b7c589,hoenir@5907a3b,hoenir,5907a3b,skadi@6a2af02,skadi,6a2af02,eider,all_official,1,0,rating,a,a,1.0,titanium_collected,1000,,20,2480,8,9,12,0,6,9,ok,,13.729,n-62-12-7,29052882,2026-08-08T18:07:47+0200
a400abc6813f2f10,auto-464e99b7c589,loki@832c68a,loki,832c68a,hoenir@5907a3b,hoenir,5907a3b,bridge,all_official,1,0,rating,b,b,0.0,titanium_collected,1000,,134,2460,27,10,2267,4830,23,18,ok,,36.94,n-62-29-27,29052882,2026-08-08T18:06:35+0200
a440ed5051dd4bf3,auto-464e99b7c589,hoenir@5907a3b,hoenir,5907a3b,mimir@cfc1ec4,mimir,cfc1ec4,vault,all_official,1,0,rating,a,a,1.0,core_destroyed,77,,20,330,9,26,64,340,13,9,ok,,5.365,n-62-21-14,29052882,2026-08-08T18:06:39+0200
a469334377ae73f7,auto-464e99b7c589,hoenir@5907a3b,hoenir,5907a3b,lockin@90fc9f3,lockin,90fc9f3,archipelago,all_official,1,0,rating,a,a,1.0,core_destroyed,57,,20,390,7,28,640,0,0,0,ok,,2.038,n-62-29-15,29052882,2026-08-08T18:06:07+0200
a475b6ae8b991b14,auto-464e99b7c589,spork@05ab6a2,spork,05ab6a2,hoenir@5907a3b,hoenir,5907a3b,drumlin,all_official,1,0,rating,b,b,0.0,core_destroyed,59,,40,380,7,30,53,450,7,22,ok,,3.098,n-62-11-50,29052882,2026-08-08T18:07:12+0200
a47ef8f6a08de656,auto-464e99b7c589,spork@05ab6a2,spork,05ab6a2,hoenir@5907a3b,hoenir,5907a3b,vase,all_official,1,0,rating,a,a,1.0,core_destroyed,120,,40,260,7,13,48,260,7,13,ok,,4.191,n-62-28-31,29052882,2026-08-08T18:07:26+0200
a4833bf820852acf,auto-464e99b7c589,hoenir@5907a3b,hoenir,5907a3b,spar_sniper@aa24129,spar_sniper,aa24129,fjordgate,all_official,1,0,rating,a,a,1.0,core_destroyed,224,,30,1060,6,25,32,10,2,3,ok,,4.315,n-62-21-97,29052882,2026-08-08T18:07:18+0200
a485e43bb5849e2a,auto-464e99b7c589,aegis@e55aab5,aegis,e55aab5,hoenir@5907a3b,hoenir,5907a3b,nordkap,all_official,1,0,rating,b,b,0.0,core_destroyed,253,,10,610,9,4,8,30,7,10,ok,,4.206,n-62-31-24,29052882,2026-08-08T18:05:06+0200
a489de49a2d4f635,auto-464e99b7c589,hoenir@5907a3b,hoenir,5907a3b,odin@38e1456,odin,38e1456,sprint,all_official,1,0,rating,a,a,1.0,core_destroyed,253,,9,0,6,11,10,0,6,0,ok,,3.933,n-62-21-98,29052882,2026-08-08T18:05:59+0200
a496e6db958d0c3b,auto-464e99b7c589,hoenir@5907a3b,hoenir,5907a3b,aegis@e55aab5,aegis,e55aab5,hive,all_official,1,0,rating,a,a,1.0,core_destroyed,331,,17,810,6,18,7,530,9,22,ok,,5.544,n-62-31-21,29052882,2026-08-08T18:04:57+0200
a4b0de72ae9d8b1a,auto-464e99b7c589,hoenir@5907a3b,hoenir,5907a3b,odin@38e1456,odin,38e1456,heart,all_official,1,0,rating,a,a,1.0,core_destroyed,165,,9,60,7,11,10,0,7,6,ok,,3.341,n-62-31-9,29052882,2026-08-08T18:05:56+0200
a4b422ce094a75fc,auto-464e99b7c589,hoenir@5907a3b,hoenir,5907a3b,mjolnir@2e6c876,mjolnir,2e6c876,runestone,all_official,1,0,rating,a,a,1.0,core_destroyed,104,,31,430,7,19,43,80,8,19,ok,,4.513,n-62-31-24,29052882,2026-08-08T18:06:42+0200
a4b859ff2ced46b9,auto-464e99b7c589,pantheon_replica_day3@aa8bae0,pantheon_replica_day3,aa8bae0,hoenir@5907a3b,hoenir,5907a3b,sweden,all_official,1,0,rating,b,b,0.0,core_destroyed,195,,287,110,7,18,10,450,13,29,ok,,7.661,n-62-31-17,29052882,2026-08-08T18:07:09+0200
a4ba75b23643994c,auto-464e99b7c589,maporacle@38e1456,maporacle,38e1456,hoenir@5907a3b,hoenir,5907a3b,sweden,all_official,1,0,rating,b,b,0.0,core_destroyed,275,,47,160,6,12,21,650,10,18,ok,,8.271,n-62-21-2,29052882,2026-08-08T18:06:58+0200
a4c0eb3d91c8675b,auto-464e99b7c589,snotra@34b0ce8,snotra,34b0ce8,hoenir@5907a3b,hoenir,5907a3b,jackpot,all_official,1,0,rating,a,a,1.0,titanium_collected,1000,,38,4930,13,18,47,4890,14,20,ok,,36.805,n-62-29-5,29052882,2026-08-08T18:07:53+0200
a4f316b2960c3801,auto-464e99b7c589,hoenir@5907a3b,hoenir,5907a3b,snotra_h@4437c29,snotra_h,4437c29,archipelago,all_official,1,0,rating,b,b,0.0,core_destroyed,63,,100,450,7,26,10,360,7,24,ok,,3.405,n-62-31-24,29052882,2026-08-08T18:07:23+0200
a51011f9b003dc62,auto-464e99b7c589,steward_hardened_reinforced@672ee02,steward_hardened_reinforced,672ee02,hoenir@5907a3b,hoenir,5907a3b,saga,all_official,1,0,rating,b,b,0.0,core_destroyed,88,,18,300,10,23,40,380,7,31,ok,,5.115,n-62-31-24,29052882,2026-08-08T18:07:40+0200
a5104b426e6cfcca,auto-464e99b7c589,hoenir@5907a3b,hoenir,5907a3b,jonbot_190003d@90fc9f3,jonbot_190003d,90fc9f3,duel,all_official,1,0,rating,a,a,1.0,core_destroyed,82,,8,360,9,9,58,80,6,3,ok,,3.044,n-62-11-64,29052882,2026-08-08T18:05:43+0200
a520643782607277,auto-464e99b7c589,hoenir@5907a3b,hoenir,5907a3b,jonbot_190003d@90fc9f3,jonbot_190003d,90fc9f3,nordkap,all_official,1,0,rating,b,b,0.0,core_destroyed,345,,9,60,7,5,69,520,8,28,ok,,4.604,n-62-31-9,29052882,2026-08-08T18:05:59+0200
a52564f42c459a74,auto-464e99b7c589,hoenir@5907a3b,hoenir,5907a3b,mistral@90fc9f3,mistral,90fc9f3,twins,all_official,1,0,rating,a,a,1.0,core_destroyed,53,,8,110,8,7,60,0,8,0,ok,,4.499,n-62-21-11,29052882,2026-08-08T18:05:45+0200
a52912b06868bbb9,auto-464e99b7c589,hoenir@5907a3b,hoenir,5907a3b,gobbleglitch@6cdc440,gobbleglitch,6cdc440,vault,all_official,1,0,rating,a,a,1.0,core_destroyed,64,,30,270,9,26,125,70,9,16,ok,,3.591,n-62-21-62,29052882,2026-08-08T18:05:30+0200
a529d5071ae462c9,auto-464e99b7c589,audhumla@a7faecd,audhumla,a7faecd,hoenir@5907a3b,hoenir,5907a3b,nordkap,all_official,1,0,rating,b,b,0.0,core_destroyed,89,,196,230,5,21,18,330,8,21,ok,,2.691,n-62-11-62,29052882,2026-08-08T18:04:50+0200
a5393f94f82a324f,auto-464e99b7c589,hoenir@5907a3b,hoenir,5907a3b,odin@93e46da,odin,93e46da,runestone,all_official,1,0,rating,a,a,1.0,core_destroyed,104,,31,430,7,19,43,80,8,19,ok,,4.27,n-62-28-34,29052882,2026-08-08T18:06:36+0200
a55fd325771d4472,auto-464e99b7c589,freyr@c2c0d3d,freyr,c2c0d3d,hoenir@5907a3b,hoenir,5907a3b,aurora,all_official,1,0,rating,b,b,0.0,core_destroyed,65,,20,390,9,30,19,340,10,22,ok,,4.307,n-62-21-90,29052882,2026-08-08T18:05:02+0200
a5798e6fbac3e898,auto-464e99b7c589,steward_hardened_reinforced@04300bf,steward_hardened_reinforced,04300bf,hoenir@5907a3b,hoenir,5907a3b,duel,all_official,1,0,rating,b,b,0.0,core_destroyed,47,,9,190,8,6,7,200,8,6,ok,,3.107,n-62-12-5,29052882,2026-08-08T18:07:07+0200
a589e899543b8850,auto-464e99b7c589,heimdall@daf0de0,heimdall,daf0de0,hoenir@5907a3b,hoenir,5907a3b,string,all_official,1,0,rating,a,a,1.0,core_destroyed,523,,1,2490,11,10,94,1430,3,4,ok,,11.857,n-62-21-51,29052882,2026-08-08T18:05:08+0200
a591c785db21f216,auto-464e99b7c589,skadi@821d792,skadi,821d792,hoenir@5907a3b,hoenir,5907a3b,snowflake,all_official,1,0,rating,a,a,1.0,core_destroyed,87,,9,650,10,21,12,190,7,14,ok,,5.035,n-62-29-16,29052882,2026-08-08T18:07:38+0200
a5ca0471ebe1f1dd,auto-464e99b7c589,bifrost@c70c467,bifrost,c70c467,hoenir@5907a3b,hoenir,5907a3b,vault,all_official,1,0,rating,a,a,1.0,core_destroyed,230,,19,1100,6,14,18,810,8,5,ok,,6.231,n-62-29-16,29052882,2026-08-08T18:04:59+0200
a5cf070a1e0deea9,auto-464e99b7c589,hoenir@5907a3b,hoenir,5907a3b,bifrost@c70c467,bifrost,c70c467,jackpot,all_official,1,0,rating,a,a,1.0,core_destroyed,243,,30,1150,11,20,79,530,6,5,ok,,8.63,n-62-28-33,29052882,2026-08-08T18:05:15+0200
a5d8d6ef68828923,auto-464e99b7c589,hoenir@5907a3b,hoenir,5907a3b,spork@05ab6a2,spork,05ab6a2,sweden,all_official,1,0,rating,b,b,0.0,core_destroyed,413,,10,320,10,12,9,230,10,17,ok,,11.269,n-62-21-90,29052882,2026-08-08T18:07:55+0200
a61bea73110e3766,auto-464e99b7c589,hoenir@5907a3b,hoenir,5907a3b,jotunn@6b39ebb,jotunn,6b39ebb,strait,all_official,1,0,rating,a,a,1.0,core_destroyed,103,,51,630,7,34,111,500,10,26,ok,,4.234,n-62-29-13,29052882,2026-08-08T18:05:33+0200
a64e10a8ec2240c5,auto-464e99b7c589,snotra@34b0ce8,snotra,34b0ce8,hoenir@5907a3b,hoenir,5907a3b,pinch,all_official,1,0,rating,b,b,0.0,core_destroyed,345,,9,100,8,1,9,840,7,10,ok,,4.037,n-62-30-23,29052882,2026-08-08T18:07:24+0200
a66d2fd431eb8b69,auto-464e99b7c589,ragnarok_fair@79582fc,ragnarok_fair,79582fc,hoenir@5907a3b,hoenir,5907a3b,heart,all_official,1,0,rating,b,b,0.0,core_destroyed,157,,10,0,8,7,9,40,7,5,ok,,5.171,n-62-11-61,29052882,2026-08-08T18:06:52+0200
a67ff1f0874cf187,auto-464e99b7c589,prospect_rushonly@bf9b3e3,prospect_rushonly,bf9b3e3,hoenir@5907a3b,hoenir,5907a3b,snowflake,all_official,1,0,rating,a,a,1.0,core_destroyed,90,,8,420,8,16,6,200,7,10,ok,,3.26,n-62-31-23,29052882,2026-08-08T18:06:55+0200
a6955e9c284a4b38,auto-464e99b7c589,loki@9ac8974,loki,9ac8974,hoenir@5907a3b,hoenir,5907a3b,meander,all_official,1,0,rating,b,b,0.0,titanium_collected,1000,,30,230,13,20,16,1340,4,6,ok,,14.987,n-62-31-8,29052882,2026-08-08T18:06:30+0200
a6aa6c8ad9ea1c68,auto-464e99b7c589,hoenir@5907a3b,hoenir,5907a3b,sif@3fc5cd8,sif,3fc5cd8,showdown,all_official,1,0,rating,a,a,1.0,core_destroyed,99,,45,390,4,20,37,640,7,29,ok,,2.522,n-62-31-9,29052882,2026-08-08T18:06:49+0200
a6b614b83e5fe9f6,auto-464e99b7c589,hoenir@5907a3b,hoenir,5907a3b,mjolnir@2e6c876,mjolnir,2e6c876,antler,all_official,1,0,rating,a,a,1.0,core_destroyed,79,,7,340,6,8,37,340,6,14,ok,,2.905,n-62-21-11,29052882,2026-08-08T18:06:12+0200
a6b6d83abac79e5b,auto-464e99b7c589,hoenir@5907a3b,hoenir,5907a3b,steward_hardened_reinforced@f1f2bda,steward_hardened_reinforced,f1f2bda,runestone,all_official,1,0,rating,a,a,1.0,core_destroyed,310,,9,580,8,14,8,70,8,5,ok,,4.388,n-62-29-29,29052882,2026-08-08T18:07:51+0200
a6d59511d7ae1630,auto-464e99b7c589,gobbleglitch@6cdc440,gobbleglitch,6cdc440,hoenir@5907a3b,hoenir,5907a3b,saga,all_official,1,0,rating,b,b,0.0,core_destroyed,94,,19,0,7,17,10,150,9,11,ok,,2.932,n-62-12-65,29052882,2026-08-08T18:05:01+0200
a6e17d100e67fe39,auto-464e99b7c589,gefjon@f66a427,gefjon,f66a427,hoenir@5907a3b,hoenir,5907a3b,crossfire,all_official,1,0,rating,a,a,1.0,core_destroyed,82,,9,380,8,11,8,100,9,4,ok,,3.743,n-62-21-14,29052882,2026-08-08T18:04:44+0200
a6e7095ac6b09517,auto-464e99b7c589,hoenir@5907a3b,hoenir,5907a3b,maporacle@38e1456,maporacle,38e1456,duel,all_official,1,0,rating,a,a,1.0,core_destroyed,48,,26,200,9,7,20,190,8,9,ok,,3.301,n-62-12-1,29052882,2026-08-08T18:05:40+0200
a6e97ea8bdc91af9,auto-464e99b7c589,hoenir@5907a3b,hoenir,5907a3b,sif@3fc5cd8,sif,3fc5cd8,sweden,all_official,1,0,rating,b,b,0.0,core_destroyed,413,,10,320,10,12,9,230,10,17,ok,,10.466,n-62-31-10,29052882,2026-08-08T18:07:10+0200
a6fee6f8cf2ce867,auto-464e99b7c589,hoenir@5907a3b,hoenir,5907a3b,ostara@832c68a,ostara,832c68a,sprint,all_official,1,0,rating,a,a,1.0,core_destroyed,99,,16,230,6,10,20,270,7,12,ok,,3.743,n-62-29-33,29052882,2026-08-08T18:06:18+0200
a70dbf4108d018bb,auto-464e99b7c589,hoenir@5907a3b,hoenir,5907a3b,lockin@90fc9f3,lockin,90fc9f3,vault,all_official,1,0,rating,a,a,1.0,core_destroyed,53,,20,210,9,16,49,0,11,3,ok,,6.007,n-62-29-21,29052882,2026-08-08T18:05:54+0200
a710155f52299152,auto-464e99b7c589,sif@3fc5cd8,sif,3fc5cd8,hoenir@5907a3b,hoenir,5907a3b,quarry,all_official,1,0,rating,a,a,1.0,core_destroyed,133,,9,0,8,7,8,0,8,5,ok,,4.052,n-62-31-9,29052882,2026-08-08T18:06:31+0200
a7717ae530c63205,auto-464e99b7c589,steward_hardened_reinforced@c04e46e,steward_hardened_reinforced,c04e46e,hoenir@5907a3b,hoenir,5907a3b,meander,all_official,1,0,rating,b,b,0.0,core_destroyed,82,,238,420,8,14,10,170,7,12,ok,,3.554,n-62-31-10,29052882,2026-08-08T18:07:46+0200
a78a8ae6ed2bf7fc,auto-464e99b7c589,skadi@1e4eddf,skadi,1e4eddf,hoenir@5907a3b,hoenir,5907a3b,fjord,all_official,1,0,rating,a,a,1.0,core_destroyed,115,,9,530,8,23,9,790,12,19,ok,,5.292,n-62-21-98,29052882,2026-08-08T18:07:13+0200
a7c2fe5cdc62d127,auto-464e99b7c589,jonbot_190003d@90fc9f3,jonbot_190003d,90fc9f3,hoenir@5907a3b,hoenir,5907a3b,duel,all_official,1,0,rating,b,b,0.0,core_destroyed,170,,50,0,9,4,10,410,7,8,ok,,3.696,n-62-11-64,29052882,2026-08-08T18:05:47+0200
a7cb6ea37de2f424,auto-464e99b7c589,hoenir@5907a3b,hoenir,5907a3b,hodr@ea88247,hodr,ea88247,quarry,all_official,1,0,rating,b,b,0.0,core_destroyed,158,,17,350,6,31,65,980,11,20,ok,,5.816,n-62-21-56,29052882,2026-08-08T18:05:01+0200
a7d2c63eb64bfa0b,auto-464e99b7c589,hoenir@5907a3b,hoenir,5907a3b,skadi@6a2af02,skadi,6a2af02,quarry,all_official,1,0,rating,b,b,0.0,core_destroyed,166,,4,130,7,23,258,1220,10,37,ok,,5.464,n-62-28-34,29052882,2026-08-08T18:06:46+0200
a7f6a30653187223,auto-464e99b7c589,e_t4l7@9e77076,e_t4l7,9e77076,hoenir@5907a3b,hoenir,5907a3b,strait,all_official,1,0,rating,a,a,1.0,titanium_collected,1000,,2218,2610,10,15,22,2470,8,15,ok,,9.887,n-62-31-17,29052882,2026-08-08T18:05:30+0200
a80318891fab23b4,auto-464e99b7c589,spar_mender@d5b46bc,spar_mender,d5b46bc,hoenir@5907a3b,hoenir,5907a3b,jackpot,all_official,1,0,rating,a,a,1.0,core_destroyed,222,,10,1040,16,24,124,850,14,16,ok,,9.643,n-62-31-8,29052882,2026-08-08T18:07:32+0200
a809e09c3a5b7f0b,auto-464e99b7c589,steward_hardened_reinforced@f1f2bda,steward_hardened_reinforced,f1f2bda,hoenir@5907a3b,hoenir,5907a3b,archipelago,all_official,1,0,rating,b,b,0.0,core_destroyed,64,,69,340,7,27,18,360,7,24,ok,,3.119,n-62-29-27,29052882,2026-08-08T18:07:49+0200
a8127d124af044dd,auto-464e99b7c589,skadi@1e4eddf,skadi,1e4eddf,hoenir@5907a3b,hoenir,5907a3b,runestone,all_official,1,0,rating,a,a,1.0,core_destroyed,311,,9,940,8,17,8,1450,7,19,ok,,4.55,n-62-11-51,29052882,2026-08-08T18:07:18+0200
a82a5fa60f0e40e4,auto-464e99b7c589,hoenir@5907a3b,hoenir,5907a3b,skadi@6a2af02,skadi,6a2af02,jackpot,all_official,1,0,rating,a,a,1.0,core_destroyed,157,,44,730,12,16,40,420,10,7,ok,,5.813,n-62-28-31,29052882,2026-08-08T18:07:34+0200
a834bf02736ae245,auto-464e99b7c589,hoenir@5907a3b,hoenir,5907a3b,janus@8a1e7a1,janus,8a1e7a1,pinch,all_official,1,0,rating,a,a,1.0,core_destroyed,165,,8,160,7,13,10,390,6,5,ok,,3.543,n-62-31-5,29052882,2026-08-08T18:05:48+0200
a83c0184b527b64d,auto-464e99b7c589,lockin@90fc9f3,lockin,90fc9f3,hoenir@5907a3b,hoenir,5907a3b,jackpot,all_official,1,0,rating,b,b,0.0,core_destroyed,49,,620,0,0,0,10,90,8,13,ok,,2.001,n-62-29-9,29052882,2026-08-08T18:05:27+0200
a83faccfd0af2487,auto-464e99b7c589,hoenir@5907a3b,hoenir,5907a3b,janus@8a1e7a1,janus,8a1e7a1,aurora,all_official,1,0,rating,a,a,1.0,core_destroyed,89,,9,380,8,19,9,270,9,19,ok,,3.94,n-62-21-60,29052882,2026-08-08T18:05:01+0200
a847868cf81ca699,auto-464e99b7c589,ostara@832c68a,ostara,832c68a,hoenir@5907a3b,hoenir,5907a3b,hive,all_official,1,0,rating,b,b,0.0,core_destroyed,70,,10,150,11,18,7,310,10,25,ok,,4.532,n-62-29-21,29052882,2026-08-08T18:06:34+0200
a848e2e43c36c8ff,auto-464e99b7c589,skadi@aad5f44,skadi,aad5f44,hoenir@5907a3b,hoenir,5907a3b,fjordgate,all_official,1,0,rating,a,a,1.0,core_destroyed,313,,10,0,6,2,10,10,7,1,ok,,4.747,n-62-29-31,29052882,2026-08-08T18:07:27+0200
a84d9786d1a88a34,auto-464e99b7c589,casemate_oracle@90fc9f3,casemate_oracle,90fc9f3,hoenir@5907a3b,hoenir,5907a3b,quarry,all_official,1,0,rating,b,b,0.0,core_destroyed,96,,12,0,6,52,17,110,9,12,ok,,6.332,n-62-29-31,29052882,2026-08-08T18:05:06+0200
a855287285bdfc9c,auto-464e99b7c589,hoenir@5907a3b,hoenir,5907a3b,skadi@821d792,skadi,821d792,showdown,all_official,1,0,rating,a,a,1.0,titanium_collected,1000,,16,40,7,10,17,0,6,3,ok,,8.777,n-62-29-16,29052882,2026-08-08T18:07:12+0200
a861c3c7642d6ea7,auto-464e99b7c589,hoenir@5907a3b,hoenir,5907a3b,janus@8a1e7a1,janus,8a1e7a1,moonrise,all_official,1,0,rating,a,a,1.0,core_destroyed,106,,8,240,7,6,8,180,7,11,ok,,3.084,n-62-31-5,29052882,2026-08-08T18:05:30+0200
a8856327617c9c6e,auto-464e99b7c589,sif@3fc5cd8,sif,3fc5cd8,hoenir@5907a3b,hoenir,5907a3b,skerry,all_official,1,0,rating,a,a,1.0,core_destroyed,57,,9,360,9,18,7,240,9,10,ok,,3.348,n-62-31-9,29052882,2026-08-08T18:06:59+0200
a887f18135d494aa,auto-464e99b7c589,hoenir@5907a3b,hoenir,5907a3b,ragnarok_fair@79582fc,ragnarok_fair,79582fc,skerry,all_official,1,0,rating,b,b,0.0,core_destroyed,60,,18,340,9,12,21,350,9,18,ok,,3.367,n-62-11-62,29052882,2026-08-08T18:06:29+0200
a8c3f07170e96e4a,auto-464e99b7c589,loki@9ac8974,loki,9ac8974,hoenir@5907a3b,hoenir,5907a3b,bridge,all_official,1,0,rating,b,b,0.0,core_destroyed,438,,100,920,12,7,165,2020,15,18,ok,,14.147,n-62-31-13,29052882,2026-08-08T18:06:04+0200
a8c72c86a42ce739,auto-464e99b7c589,skadi@821d792,skadi,821d792,hoenir@5907a3b,hoenir,5907a3b,strait,all_official,1,0,rating,a,a,1.0,core_destroyed,133,,9,690,7,41,60,940,11,38,ok,,5.218,n-62-29-21,29052882,2026-08-08T18:07:04+0200
a8ea1f1f4ce8e94b,auto-464e99b7c589,steward_hardened_reinforced@366cd1b,steward_hardened_reinforced,366cd1b,hoenir@5907a3b,hoenir,5907a3b,aurora,all_official,1,0,rating,b,b,0.0,core_destroyed,65,,20,390,9,30,19,340,10,22,ok,,4.375,n-62-21-2,29052882,2026-08-08T18:07:49+0200
a8f81e68566b888a,auto-464e99b7c589,lockin@90fc9f3,lockin,90fc9f3,hoenir@5907a3b,hoenir,5907a3b,moonrise,all_official,1,0,rating,b,b,0.0,core_destroyed,48,,620,0,0,0,20,100,7,20,ok,,1.826,n-62-29-9,29052882,2026-08-08T18:05:53+0200
a8fc4f5a0c95596b,auto-464e99b7c589,hoenir@5907a3b,hoenir,5907a3b,prospect_rushonly@bf9b3e3,prospect_rushonly,bf9b3e3,twins,all_official,1,0,rating,a,a,1.0,core_destroyed,216,,19,520,8,18,16,140,6,2,ok,,4.321,n-62-11-67,29052882,2026-08-08T18:07:35+0200
a917bc615d9a63e1,auto-464e99b7c589,hoenir@5907a3b,hoenir,5907a3b,steward_hardened_reinforced@deba9ec,steward_hardened_reinforced,deba9ec,quarry,all_official,1,0,rating,b,b,0.0,core_destroyed,350,,10,270,8,18,8,0,9,7,ok,,7.296,n-62-31-21,29052882,2026-08-08T18:07:55+0200
a944aa5de9c37071,auto-464e99b7c589,magni@3677a66,magni,3677a66,hoenir@5907a3b,hoenir,5907a3b,quarry,all_official,1,0,rating,a,a,1.0,core_destroyed,67,,19,320,9,18,10,0,8,5,ok,,4.471,n-62-21-89,29052882,2026-08-08T18:05:47+0200
a95c66c24f483d5d,auto-464e99b7c589,gefn@46ac5e6,gefn,46ac5e6,hoenir@5907a3b,hoenir,5907a3b,hive,all_official,1,0,rating,a,a,1.0,core_destroyed,673,,8,140,8,11,10,1660,7,22,ok,,11.739,n-62-21-13,29052882,2026-08-08T18:04:54+0200
a9667a539f16f869,auto-464e99b7c589,snotra_h@4437c29,snotra_h,4437c29,hoenir@5907a3b,hoenir,5907a3b,vault,all_official,1,0,rating,b,b,0.0,core_destroyed,74,,59,310,9,10,16,330,9,19,ok,,4.043,n-62-31-20,29052882,2026-08-08T18:06:57+0200
a9691424c88824a5,auto-464e99b7c589,hoenir@5907a3b,hoenir,5907a3b,heimdall@daf0de0,heimdall,daf0de0,fjordgate,all_official,1,0,rating,a,a,1.0,titanium_collected,1000,,16,10,6,2,20,0,8,2,ok,,7.059,n-62-21-65,29052882,2026-08-08T18:05:25+0200
a9694f0941a557aa,auto-464e99b7c589,hoenir@5907a3b,hoenir,5907a3b,bifrost@c70c467,bifrost,c70c467,strait,all_official,1,0,rating,a,a,1.0,core_destroyed,110,,48,560,9,14,6,270,6,11,ok,,4.023,n-62-29-15,29052882,2026-08-08T18:04:48+0200
a96de1f96c8865bf,auto-464e99b7c589,skadi@1e4eddf,skadi,1e4eddf,hoenir@5907a3b,hoenir,5907a3b,aurora,all_official,1,0,rating,b,b,0.0,core_destroyed,87,,66,530,10,28,28,510,9,28,ok,,4.69,n-62-21-97,29052882,2026-08-08T18:06:47+0200
a985fe34fee1a0ad,auto-464e99b7c589,loki@832c68a,loki,832c68a,hoenir@5907a3b,hoenir,5907a3b,strait,all_official,1,0,rating,b,b,0.0,core_destroyed,72,,157,300,8,15,42,370,8,23,ok,,4.146,n-62-31-18,29052882,2026-08-08T18:05:56+0200
a9a09fabbf6c722f,auto-464e99b7c589,spar_mender@d5b46bc,spar_mender,d5b46bc,hoenir@5907a3b,hoenir,5907a3b,vault,all_official,1,0,rating,b,b,0.0,core_destroyed,107,,115,390,11,8,10,490,8,19,ok,,5.106,n-62-31-11,29052882,2026-08-08T18:07:35+0200
a9bc9bc1f3aead9d,auto-464e99b7c589,fulla@ec5aa19,fulla,ec5aa19,hoenir@5907a3b,hoenir,5907a3b,moonrise,all_official,1,0,rating,a,a,1.0,core_destroyed,111,,16,480,7,16,7,50,6,5,ok,,4.3,n-62-21-3,29052882,2026-08-08T18:05:43+0200
a9cda5f43a482486,auto-464e99b7c589,hoenir@5907a3b,hoenir,5907a3b,prospect_rushonly@bf9b3e3,prospect_rushonly,bf9b3e3,heart,all_official,1,0,rating,a,a,1.0,core_destroyed,82,,6,50,5,6,10,0,6,8,ok,,2.837,n-62-31-16,29052882,2026-08-08T18:06:16+0200
a9e19ed835779dd0,auto-464e99b7c589,hoenir@5907a3b,hoenir,5907a3b,fenrir2@6b39ebb,fenrir2,6b39ebb,meander,all_official,1,0,rating,a,a,1.0,core_destroyed,101,,18,130,8,7,10,70,8,8,ok,,3.591,n-62-31-13,29052882,2026-08-08T18:05:44+0200
a9e6261b2ebc8e34,auto-464e99b7c589,sif@3fc5cd8,sif,3fc5cd8,hoenir@5907a3b,hoenir,5907a3b,meander,all_official,1,0,rating,a,a,1.0,core_destroyed,205,,111,1870,10,67,36,90,7,17,ok,,5.879,n-62-11-50,29052882,2026-08-08T18:06:39+0200
aa1584debcdbf98c,auto-464e99b7c589,hoenir@5907a3b,hoenir,5907a3b,ostara@832c68a,ostara,832c68a,bridge,all_official,1,0,rating,b,b,0.0,titanium_collected,1000,,337,2360,19,8,201,2400,20,14,ok,,43.911,n-62-29-16,29052882,2026-08-08T18:07:24+0200
aa273e5890f2b043,auto-464e99b7c589,steward_hardened_reinforced@a994296,steward_hardened_reinforced,a994296,hoenir@5907a3b,hoenir,5907a3b,fjord,all_official,1,0,rating,b,b,0.0,core_destroyed,97,,40,530,8,15,24,660,8,19,ok,,4.512,n-62-11-60,29052882,2026-08-08T18:07:40+0200
aa309895812a6dba,auto-464e99b7c589,hoenir@5907a3b,hoenir,5907a3b,freyr@c2c0d3d,freyr,c2c0d3d,moonrise,all_official,1,0,rating,a,a,1.0,core_destroyed,131,,27,580,9,14,10,50,6,3,ok,,4.001,n-62-12-1,29052882,2026-08-08T18:04:46+0200
aa352fae667fc73c,auto-464e99b7c589,hoenir@5907a3b,hoenir,5907a3b,sif@3fc5cd8,sif,3fc5cd8,atoll,all_official,1,0,rating,a,a,1.0,core_destroyed,170,,18,800,8,21,6,240,8,6,ok,,3.6,n-62-11-63,29052882,2026-08-08T18:06:36+0200
aa381cb6e8af8384,auto-464e99b7c589,hoenir@5907a3b,hoenir,5907a3b,prospect@bf9b3e3,prospect,bf9b3e3,fjord,all_official,1,0,rating,a,a,1.0,core_destroyed,71,,18,470,8,19,197,440,7,12,ok,,2.894,n-62-31-21,29052882,2026-08-08T18:06:13+0200
aa63cae730a9e2cc,auto-464e99b7c589,hoenir@5907a3b,hoenir,5907a3b,heimdall@daf0de0,heimdall,daf0de0,vault,all_official,1,0,rating,a,a,1.0,core_destroyed,96,,18,420,6,12,19,430,7,14,ok,,4.653,n-62-21-52,29052882,2026-08-08T18:04:57+0200
aa665ad31ef3e8f9,auto-464e99b7c589,steward_hardened_reinforced@a994296,steward_hardened_reinforced,a994296,hoenir@5907a3b,hoenir,5907a3b,crossfire,all_official,1,0,rating,a,a,1.0,core_destroyed,56,,24,130,7,5,16,120,9,4,ok,,3.697,n-62-11-61,29052882,2026-08-08T18:07:54+0200
aa768b9bb1df24ed,auto-464e99b7c589,ostara@832c68a,ostara,832c68a,hoenir@5907a3b,hoenir,5907a3b,antler,all_official,1,0,rating,a,a,1.0,core_destroyed,108,,49,720,7,19,18,490,7,12,ok,,3.662,n-62-29-16,29052882,2026-08-08T18:06:12+0200
aa7bf39caaddd552,auto-464e99b7c589,maporacle@38e1456,maporacle,38e1456,hoenir@5907a3b,hoenir,5907a3b,pinch,all_official,1,0,rating,b,b,0.0,core_destroyed,169,,31,860,9,19,61,1420,13,52,ok,,5.44,n-62-12-3,29052882,2026-08-08T18:06:01+0200
aa7d04b7d81e58ae,auto-464e99b7c589,hoenir@5907a3b,hoenir,5907a3b,skadi@aad5f44,skadi,aad5f44,runestone,all_official,1,0,rating,a,a,1.0,core_destroyed,184,,20,830,11,19,70,460,8,22,ok,,7.212,n-62-29-33,29052882,2026-08-08T18:07:27+0200
aa8607ef5aacfeba,auto-464e99b7c589,hoenir@5907a3b,hoenir,5907a3b,fulla@ec5aa19,fulla,ec5aa19,fjord,all_official,1,0,rating,b,b,0.0,core_destroyed,61,,44,390,8,17,9,390,9,13,ok,,3.889,n-62-21-2,29052882,2026-08-08T18:04:49+0200
aa8fce5e6fb83257,auto-464e99b7c589,odin@38e1456,odin,38e1456,hoenir@5907a3b,hoenir,5907a3b,bridge,all_official,1,0,rating,b,b,0.0,core_destroyed,629,,1594,1080,5,6,10,0,9,9,ok,,8.814,n-62-11-64,29052882,2026-08-08T18:06:33+0200
aaa5cf9332e42313,auto-464e99b7c589,hoenir@5907a3b,hoenir,5907a3b,ostara@832c68a,ostara,832c68a,crossfire,all_official,1,0,rating,b,b,0.0,core_destroyed,106,,8,150,8,4,9,360,7,7,ok,,3.689,n-62-29-31,29052882,2026-08-08T18:06:08+0200
aab5cb3afa8c55a4,auto-464e99b7c589,hoenir@5907a3b,hoenir,5907a3b,ostara@832c68a,ostara,832c68a,longship,all_official,1,0,rating,b,b,0.0,core_destroyed,160,,30,480,6,10,48,920,11,20,ok,,5.427,n-62-29-24,29052882,2026-08-08T18:06:11+0200
aab8ab1a1ee86a7c,auto-464e99b7c589,loki@9ac8974,loki,9ac8974,hoenir@5907a3b,hoenir,5907a3b,eider,all_official,1,0,rating,b,b,0.0,core_destroyed,115,,53,740,11,16,20,730,7,18,ok,,5.05,n-62-31-14,29052882,2026-08-08T18:05:41+0200
aad1e84951e7c4d2,auto-464e99b7c589,magni@3677a66,magni,3677a66,hoenir@5907a3b,hoenir,5907a3b,drumlin,all_official,1,0,rating,b,b,0.0,core_destroyed,55,,8,170,7,18,28,350,7,18,ok,,2.937,n-62-11-50,29052882,2026-08-08T18:05:52+0200
aaedad2a0face899,auto-464e99b7c589,hoenir@5907a3b,hoenir,5907a3b,gefjon@f66a427,gefjon,f66a427,aurora,all_official,1,0,rating,a,a,1.0,core_destroyed,108,,18,650,9,23,19,690,8,38,ok,,4.831,n-62-21-10,29052882,2026-08-08T18:05:05+0200
ab1eefd470a6916b,auto-464e99b7c589,hoenir@5907a3b,hoenir,5907a3b,aegis@e55aab5,aegis,e55aab5,lighthouse,all_official,1,0,rating,a,a,1.0,core_destroyed,88,,32,360,7,14,22,50,8,5,ok,,3.054,n-62-31-21,29052882,2026-08-08T18:05:32+0200
ab2174a6639dc0f9,auto-464e99b7c589,steward_hardened_reinforced@366cd1b,steward_hardened_reinforced,366cd1b,hoenir@5907a3b,hoenir,5907a3b,fjordgate,all_official,1,0,rating,a,a,1.0,core_destroyed,222,,10,1040,6,25,28,10,2,3,ok,,4.934,n-62-29-16,29052882,2026-08-08T18:07:24+0200
ab40d3b417d0a155,auto-464e99b7c589,freyr@c2c0d3d,freyr,c2c0d3d,hoenir@5907a3b,hoenir,5907a3b,crossfire,all_official,1,0,rating,a,a,1.0,core_destroyed,56,,24,130,7,5,16,120,9,4,ok,,3.307,n-62-21-90,29052882,2026-08-08T18:05:22+0200
ab494c4f1c062f5c,auto-464e99b7c589,steward_hardened_reinforced@366cd1b,steward_hardened_reinforced,366cd1b,hoenir@5907a3b,hoenir,5907a3b,antler,all_official,1,0,rating,a,a,1.0,core_destroyed,104,,28,660,5,12,16,470,8,12,ok,,3.607,n-62-21-2,29052882,2026-08-08T18:07:23+0200
ab6145e1846e880f,auto-464e99b7c589,hoenir@5907a3b,hoenir,5907a3b,bifrost@c70c467,bifrost,c70c467,twins,all_official,1,0,rating,b,b,0.0,core_destroyed,386,,8,940,8,7,6,930,8,9,ok,,6.103,n-62-29-15,29052882,2026-08-08T18:05:22+0200
ab6d844bce6fb760,auto-464e99b7c589,hoenir@5907a3b,hoenir,5907a3b,audhumla@a7faecd,audhumla,a7faecd,duel,all_official,1,0,rating,a,a,1.0,core_destroyed,126,,9,800,10,18,4,440,10,6,ok,,5.273,n-62-11-60,29052882,2026-08-08T18:04:41+0200
ab7bb2dc533947a2,auto-464e99b7c589,jonbot@90fc9f3,jonbot,90fc9f3,hoenir@5907a3b,hoenir,5907a3b,saga,all_official,1,0,rating,b,b,0.0,core_destroyed,105,,407,100,4,19,39,500,8,42,ok,,3.98,n-62-11-66,29052882,2026-08-08T18:05:24+0200
abd4b40228e96bbc,auto-464e99b7c589,hoenir@5907a3b,hoenir,5907a3b,aegis@e55aab5,aegis,e55aab5,aurora,all_official,1,0,rating,a,a,1.0,core_destroyed,90,,27,510,7,22,13,500,10,23,ok,,4.432,n-62-31-4,29052882,2026-08-08T18:05:03+0200
abe4f972d3e87370,auto-464e99b7c589,hoenir@5907a3b,hoenir,5907a3b,odin@93e46da,odin,93e46da,bridge,all_official,1,0,rating,a,a,1.0,core_destroyed,329,,70,790,8,14,95,0,6,5,ok,,8.335,n-62-28-28,29052882,2026-08-08T18:06:16+0200
abf26f8a8c6e2c2a,auto-464e99b7c589,hoenir@5907a3b,hoenir,5907a3b,sif@3fc5cd8,sif,3fc5cd8,eider,all_official,1,0,rating,b,b,0.0,core_destroyed,59,,4,120,8,7,20,360,7,12,ok,,3.015,n-62-11-64,29052882,2026-08-08T18:06:43+0200
abf2aef6e9298ccf,auto-464e99b7c589,loki@9ac8974,loki,9ac8974,hoenir@5907a3b,hoenir,5907a3b,twins,all_official,1,0,rating,b,b,0.0,core_destroyed,386,,14,940,9,5,6,930,8,9,ok,,5.093,n-62-11-55,29052882,2026-08-08T18:06:58+0200
ac267ab56b96e9f8,auto-464e99b7c589,skadi@1e4eddf,skadi,1e4eddf,hoenir@5907a3b,hoenir,5907a3b,archipelago,all_official,1,0,rating,a,a,1.0,core_destroyed,98,,47,850,10,29,185,1090,11,28,ok,,5.456,n-62-31-11,29052882,2026-08-08T18:07:27+0200
ac386149350e0722,auto-464e99b7c589,bifrost@c70c467,bifrost,c70c467,hoenir@5907a3b,hoenir,5907a3b,quarry,all_official,1,0,rating,a,a,1.0,core_destroyed,102,,8,210,8,14,8,0,9,5,ok,,4.315,n-62-28-34,29052882,2026-08-08T18:05:33+0200
ac63672be20a9ace,auto-464e99b7c589,hoenir@5907a3b,hoenir,5907a3b,steward_hardened_reinforced@366cd1b,steward_hardened_reinforced,366cd1b,string,all_official,1,0,rating,a,a,1.0,core_destroyed,78,,16,190,5,3,12,180,9,2,ok,,3.026,n-62-31-5,29052882,2026-08-08T18:07:46+0200
ac92a0f891ed3148,auto-464e99b7c589,hoenir@5907a3b,hoenir,5907a3b,sif@3fc5cd8,sif,3fc5cd8,heart,all_official,1,0,rating,a,a,1.0,core_destroyed,433,,9,90,7,11,10,0,6,6,ok,,6.705,n-62-21-92,29052882,2026-08-08T18:06:38+0200
ac95c6438425cd2e,auto-464e99b7c589,hoenir@5907a3b,hoenir,5907a3b,spar_mender@7ed1acc,spar_mender,7ed1acc,antler,all_official,1,0,rating,a,a,1.0,core_destroyed,158,,88,1330,11,37,52,1560,9,32,ok,,6.575,n-62-31-20,29052882,2026-08-08T18:07:04+0200
acad20d36106755e,auto-464e99b7c589,hoenir@5907a3b,hoenir,5907a3b,heimdall@daf0de0,heimdall,daf0de0,longship,all_official,1,0,rating,a,a,1.0,core_destroyed,171,,34,790,12,13,29,470,10,22,ok,,6.414,n-62-21-66,29052882,2026-08-08T18:05:45+0200
acca92c5afcfce63,auto-464e99b7c589,odin@38e1456,odin,38e1456,hoenir@5907a3b,hoenir,5907a3b,antler,all_official,1,0,rating,a,a,1.0,core_destroyed,64,,18,270,6,10,204,270,5,6,ok,,2.466,n-62-11-63,29052882,2026-08-08T18:06:41+0200
ace6329505e63f6a,auto-464e99b7c589,janus@8a1e7a1,janus,8a1e7a1,hoenir@5907a3b,hoenir,5907a3b,vault,all_official,1,0,rating,a,a,1.0,core_destroyed,103,,9,450,10,9,43,470,8,18,ok,,4.627,n-62-31-22,29052882,2026-08-08T18:05:38+0200
acece41b0ea58ccb,auto-464e99b7c589,hoenir@5907a3b,hoenir,5907a3b,steward_hardened_reinforced@deba9ec,steward_hardened_reinforced,deba9ec,skerry,all_official,1,0,rating,a,a,1.0,core_destroyed,125,,8,580,9,10,10,420,5,11,ok,,5.122,n-62-29-9,29052882,2026-08-08T18:07:46+0200
acf0dd110be9ae4f,auto-464e99b7c589,snotra_h@4437c29,snotra_h,4437c29,hoenir@5907a3b,hoenir,5907a3b,heart,all_official,1,0,rating,b,b,0.0,core_destroyed,689,,10,0,8,2,9,40,6,4,ok,,8.235,n-62-31-22,29052882,2026-08-08T18:07:32+0200
ad0d60987ee77f43,auto-464e99b7c589,hoenir@5907a3b,hoenir,5907a3b,mimir@cfc1ec4,mimir,cfc1ec4,eider,all_official,1,0,rating,a,a,1.0,core_destroyed,88,,28,460,7,12,16,450,7,9,ok,,3.726,n-62-21-9,29052882,2026-08-08T18:05:37+0200
ad0ed4f5fbfed562,auto-464e99b7c589,hoenir@5907a3b,hoenir,5907a3b,jonbot@90fc9f3,jonbot,90fc9f3,antler,all_official,1,0,rating,a,a,1.0,core_destroyed,450,,82,3990,26,23,16,20,4,5,ok,,16.128,n-62-31-22,29052882,2026-08-08T18:05:54+0200
ad1b3f4afcb8a8ed,auto-464e99b7c589,hoenir@5907a3b,hoenir,5907a3b,e_t4l7@9e77076,e_t4l7,9e77076,snowflake,all_official,1,0,rating,a,a,1.0,core_destroyed,154,,30,1960,8,51,82,450,3,12,ok,,4.495,n-62-31-17,29052882,2026-08-08T18:04:40+0200
ad2840443fc861dc,auto-464e99b7c589,mistral@90fc9f3,mistral,90fc9f3,hoenir@5907a3b,hoenir,5907a3b,runestone,all_official,1,0,rating,b,b,0.0,core_destroyed,53,,118,0,7,0,8,100,8,14,ok,,4.914,n-62-31-21,29052882,2026-08-08T18:06:05+0200
ad2997ca489be65d,auto-464e99b7c589,snotra_h@4437c29,snotra_h,4437c29,hoenir@5907a3b,hoenir,5907a3b,archipelago,all_official,1,0,rating,b,b,0.0,core_destroyed,63,,100,450,7,26,10,360,7,24,ok,,3.437,n-62-31-24,29052882,2026-08-08T18:07:27+0200
ad2c7f15f29b207c,auto-464e99b7c589,hoenir@5907a3b,hoenir,5907a3b,prospect@bf9b3e3,prospect,bf9b3e3,longship,all_official,1,0,rating,a,a,1.0,core_destroyed,257,,8,620,8,11,9,620,9,7,ok,,4.297,n-62-31-18,29052882,2026-08-08T18:06:22+0200
ad3ff66ec1c32fbd,auto-464e99b7c589,bastion@840a180,bastion,840a180,hoenir@5907a3b,hoenir,5907a3b,vase,all_official,1,0,rating,a,a,1.0,core_destroyed,505,,10,0,7,6,1160,1220,8,6,ok,,7.223,n-62-21-97,29052882,2026-08-08T18:05:05+0200
ad420f85ab28fc3f,auto-464e99b7c589,hoenir@5907a3b,hoenir,5907a3b,gefn@46ac5e6,gefn,46ac5e6,sweden,all_official,1,0,rating,a,a,1.0,core_destroyed,318,,60,760,12,14,74,150,9,10,ok,,10.213,n-62-21-21,29052882,2026-08-08T18:05:34+0200
ad4acbb03b39a04e,auto-464e99b7c589,mjolnir@2e6c876,mjolnir,2e6c876,hoenir@5907a3b,hoenir,5907a3b,showdown,all_official,1,0,rating,b,b,0.0,core_destroyed,61,,10,0,7,6,9,110,6,9,ok,,2.857,n-62-31-22,29052882,2026-08-08T18:06:04+0200
ad5638fc49e5959c,auto-464e99b7c589,jonbot@90fc9f3,jonbot,90fc9f3,hoenir@5907a3b,hoenir,5907a3b,bridge,all_official,1,0,rating,b,b,0.0,core_destroyed,391,,615,0,8,9,10,0,8,9,ok,,6.808,n-62-11-67,29052882,2026-08-08T18:06:24+0200
ad61c04e1da54798,auto-464e99b7c589,maporacle@38e1456,maporacle,38e1456,hoenir@5907a3b,hoenir,5907a3b,crossfire,all_official,1,0,rating,b,b,0.0,core_destroyed,141,,32,750,9,14,8,650,10,12,ok,,5.468,n-62-12-5,29052882,2026-08-08T18:06:26+0200
ad6458d1c9f696ee,auto-464e99b7c589,hoenir@5907a3b,hoenir,5907a3b,gefn@46ac5e6,gefn,46ac5e6,vault,all_official,1,0,rating,b,b,0.0,core_destroyed,211,,7,1000,8,25,63,1010,12,10,ok,,7.172,n-62-21-23,29052882,2026-08-08T18:04:43+0200
ad75b7b68dcae557,auto-464e99b7c589,steward_hardened_reinforced@04300bf,steward_hardened_reinforced,04300bf,hoenir@5907a3b,hoenir,5907a3b,sweden,all_official,1,0,rating,a,a,1.0,core_destroyed,505,,10,0,6,19,31,890,10,16,ok,,9.331,n-62-12-2,29052882,2026-08-08T18:07:55+0200
ad7b16486ab91599,auto-464e99b7c589,bastion@840a180,bastion,840a180,hoenir@5907a3b,hoenir,5907a3b,crossfire,all_official,1,0,rating,a,a,1.0,core_destroyed,94,,8,220,4,9,8,220,8,4,ok,,3.211,n-62-21-92,29052882,2026-08-08T18:05:20+0200
ad997ce59aae4c19,auto-464e99b7c589,hoenir@5907a3b,hoenir,5907a3b,jonbot_190003d@90fc9f3,jonbot_190003d,90fc9f3,vase,all_official,1,0,rating,a,a,1.0,core_destroyed,75,,10,150,9,16,334,0,5,5,ok,,3.078,n-62-21-98,29052882,2026-08-08T18:05:48+0200
adbd7665fb52a992,auto-464e99b7c589,hoenir@5907a3b,hoenir,5907a3b,hodr@ea88247,hodr,ea88247,strait,all_official,1,0,rating,b,b,0.0,core_destroyed,297,,29,820,7,18,8,740,8,13,ok,,6.257,n-62-21-57,29052882,2026-08-08T18:05:20+0200
adc0f4d73fe67482,auto-464e99b7c589,hoenir@5907a3b,hoenir,5907a3b,prospect_rushonly@bf9b3e3,prospect_rushonly,bf9b3e3,showdown,all_official,1,0,rating,a,a,1.0,core_destroyed,137,,10,300,6,14,9,0,6,6,ok,,2.805,n-62-31-23,29052882,2026-08-08T18:06:38+0200
adea154cc8c562da,auto-464e99b7c589,hoenir@5907a3b,hoenir,5907a3b,skadi@1e4eddf,skadi,1e4eddf,fjordgate,all_official,1,0,rating,a,a,1.0,harvesters,1000,,16,0,5,4,17,0,7,4,ok,,7.729,n-62-21-98,29052882,2026-08-08T18:07:21+0200
ae084aa61273eef9,auto-464e99b7c589,hoenir@5907a3b,hoenir,5907a3b,forseti@37dc858,forseti,37dc858,meander,all_official,1,0,rating,a,a,1.0,core_destroyed,62,,9,200,5,14,8,0,9,7,ok,,2.984,n-62-11-50,29052882,2026-08-08T18:04:56+0200
ae0cae672e97efd7,auto-464e99b7c589,hoenir@5907a3b,hoenir,5907a3b,fenrir2@6b39ebb,fenrir2,6b39ebb,crossfire,all_official,1,0,rating,a,a,1.0,core_destroyed,494,,121,2420,20,17,179,2400,11,12,ok,,15.768,n-62-31-18,29052882,2026-08-08T18:05:40+0200
ae1152706a2f4caf,auto-464e99b7c589,hoenir@5907a3b,hoenir,5907a3b,jonbot@90fc9f3,jonbot,90fc9f3,heart,all_official,1,0,rating,a,a,1.0,core_destroyed,114,,20,430,7,23,340,0,3,8,ok,,4.19,n-62-11-61,29052882,2026-08-08T18:05:58+0200
ae1b1b686f8c1719,auto-464e99b7c589,steward_hardened_reinforced@a994296,steward_hardened_reinforced,a994296,hoenir@5907a3b,hoenir,5907a3b,aurora,all_official,1,0,rating,b,b,0.0,core_destroyed,65,,20,390,9,30,19,340,10,22,ok,,4.778,n-62-11-61,29052882,2026-08-08T18:07:32+0200
ae21ab965ef75279,auto-464e99b7c589,skadi@1e4eddf,skadi,1e4eddf,hoenir@5907a3b,hoenir,5907a3b,antler,all_official,1,0,rating,b,b,0.0,core_destroyed,454,,8,450,8,9,21,1780,12,21,ok,,8.178,n-62-31-11,29052882,2026-08-08T18:07:18+0200
ae440e7a20cd9db6,auto-464e99b7c589,hoenir@5907a3b,hoenir,5907a3b,snotra@34b0ce8,snotra,34b0ce8,vase,all_official,1,0,rating,a,a,1.0,core_destroyed,254,,10,0,7,7,45,110,8,5,ok,,6.612,n-62-31-24,29052882,2026-08-08T18:07:00+0200
ae4de1fbdbb370b3,auto-464e99b7c589,mistral@90fc9f3,mistral,90fc9f3,hoenir@5907a3b,hoenir,5907a3b,strait,all_official,1,0,rating,b,b,0.0,core_destroyed,54,,60,0,8,0,8,100,8,13,ok,,5.216,n-62-21-5,29052882,2026-08-08T18:06:13+0200
aea757d6de302661,auto-464e99b7c589,steward_hardened_reinforced@04300bf,steward_hardened_reinforced,04300bf,hoenir@5907a3b,hoenir,5907a3b,aurora,all_official,1,0,rating,b,b,0.0,core_destroyed,65,,20,390,9,30,19,340,10,22,ok,,4.495,n-62-28-34,29052882,2026-08-08T18:07:19+0200
aebadeafc0e7b76f,auto-464e99b7c589,hoenir@5907a3b,hoenir,5907a3b,ragnarok_fair@79582fc,ragnarok_fair,79582fc,quarry,all_official,1,0,rating,b,b,0.0,core_destroyed,75,,30,140,9,17,19,480,6,34,ok,,3.747,n-62-11-68,29052882,2026-08-08T18:06:40+0200
aebda5b52fdcbcbc,auto-464e99b7c589,ostara@832c68a,ostara,832c68a,hoenir@5907a3b,hoenir,5907a3b,meander,all_official,1,0,rating,a,a,1.0,core_destroyed,207,,42,1890,12,68,4,90,7,15,ok,,6.046,n-62-29-24,29052882,2026-08-08T18:06:31+0200
aebe0db11f9769d4,auto-464e99b7c589,hoenir@5907a3b,hoenir,5907a3b,steward_hardened_reinforced@f1f2bda,steward_hardened_reinforced,f1f2bda,archipelago,all_official,1,0,rating,a,a,1.0,core_destroyed,66,,20,500,9,25,9,150,8,14,ok,,3.801,n-62-29-27,29052882,2026-08-08T18:07:46+0200
aec4179825bef151,auto-464e99b7c589,hoenir@5907a3b,hoenir,5907a3b,e_t4l7@9e77076,e_t4l7,9e77076,longship,all_official,1,0,rating,a,a,1.0,core_destroyed,533,,8,1310,8,11,1790,2360,6,47,ok,,6.719,n-62-30-24,29052882,2026-08-08T18:04:43+0200
aef1a44de2dafe12,auto-464e99b7c589,spar_mender@d5b46bc,spar_mender,d5b46bc,hoenir@5907a3b,hoenir,5907a3b,archipelago,all_official,1,0,rating,b,b,0.0,core_destroyed,97,,17,580,10,27,57,740,10,28,ok,,4.706,n-62-11-63,29052882,2026-08-08T18:06:59+0200
aef84a2a252f5001,auto-464e99b7c589,hoenir@5907a3b,hoenir,5907a3b,fulla@ec5aa19,fulla,ec5aa19,twins,all_official,1,0,rating,a,a,1.0,core_destroyed,249,,9,600,9,7,15,600,9,5,ok,,5.379,n-62-21-9,29052882,2026-08-08T18:05:47+0200
af061d95c9afe262,auto-464e99b7c589,hoenir@5907a3b,hoenir,5907a3b,skadi@1e4eddf,skadi,1e4eddf,longship,all_official,1,0,rating,b,b,0.0,core_destroyed,140,,30,630,7,14,44,1040,10,21,ok,,5.223,n-62-28-28,29052882,2026-08-08T18:07:29+0200
af0709f7fe3217ac,auto-464e99b7c589,hoenir@5907a3b,hoenir,5907a3b,steward_hardened_reinforced@deba9ec,steward_hardened_reinforced,deba9ec,pinch,all_official,1,0,rating,a,a,1.0,core_destroyed,77,,6,170,8,8,10,170,6,7,ok,,2.915,n-62-31-21,29052882,2026-08-08T18:07:44+0200
af1baa758a282348,auto-464e99b7c589,casemate_oracle@90fc9f3,casemate_oracle,90fc9f3,hoenir@5907a3b,hoenir,5907a3b,fjordgate,all_official,1,0,rating,b,b,0.0,core_destroyed,501,,460,0,4,3,10,1230,8,9,ok,,5.0,n-62-29-24,29052882,2026-08-08T18:05:03+0200
af39a8af63f432d5,auto-464e99b7c589,hoenir@5907a3b,hoenir,5907a3b,loki@9ac8974,loki,9ac8974,snowflake,all_official,1,0,rating,a,a,1.0,core_destroyed,57,,55,500,9,19,7,110,8,13,ok,,4.005,n-62-31-19,29052882,2026-08-08T18:05:59+0200
af846901762f1bdf,auto-464e99b7c589,hoenir@5907a3b,hoenir,5907a3b,snotra_h@4437c29,snotra_h,4437c29,jackpot,all_official,1,0,rating,a,a,1.0,core_destroyed,59,,10,230,7,24,22,0,10,1,ok,,3.659,n-62-31-23,29052882,2026-08-08T18:07:01+0200
af92ed995bab3fe0,auto-464e99b7c589,hoenir@5907a3b,hoenir,5907a3b,jonbot_190003d@90fc9f3,jonbot_190003d,90fc9f3,fjordgate,all_official,1,0,rating,b,b,0.0,core_destroyed,163,,7,30,7,9,60,640,9,15,ok,,3.444,n-62-21-92,29052882,2026-08-08T18:05:31+0200
af968bd2b2e7d78b,auto-464e99b7c589,hoenir@5907a3b,hoenir,5907a3b,mistral@90fc9f3,mistral,90fc9f3,duel,all_official,1,0,rating,a,a,1.0,core_destroyed,71,,9,170,7,4,60,0,6,0,ok,,3.994,n-62-30-23,29052882,2026-08-08T18:05:59+0200
afe192b91c127b55,auto-464e99b7c589,hoenir@5907a3b,hoenir,5907a3b,freyr@c2c0d3d,freyr,c2c0d3d,twins,all_official,1,0,rating,a,a,1.0,core_destroyed,101,,8,230,8,10,10,210,6,15,ok,,3.228,n-62-12-3,29052882,2026-08-08T18:05:35+0200
afe1acd3c0eceb1b,auto-464e99b7c589,odin@93e46da,odin,93e46da,hoenir@5907a3b,hoenir,5907a3b,longship,all_official,1,0,rating,b,b,0.0,core_destroyed,115,,7,500,9,23,18,460,7,19,ok,,4.504,n-62-28-33,29052882,2026-08-08T18:07:43+0200
afe30ea6fceb8635,auto-464e99b7c589,skadi@6a2af02,skadi,6a2af02,hoenir@5907a3b,hoenir,5907a3b,fjordgate,all_official,1,0,rating,a,a,1.0,core_destroyed,345,,9,80,6,6,8,10,7,2,ok,,5.582,n-62-28-31,29052882,2026-08-08T18:06:55+0200
afe3c4b6cd86654b,auto-464e99b7c589,maporacle@38e1456,maporacle,38e1456,hoenir@5907a3b,hoenir,5907a3b,duel,all_official,1,0,rating,b,b,0.0,core_destroyed,97,,10,230,4,4,18,450,9,6,ok,,3.521,n-62-12-1,29052882,2026-08-08T18:05:44+0200
afeffd03663315a0,auto-464e99b7c589,gefjon@f66a427,gefjon,f66a427,hoenir@5907a3b,hoenir,5907a3b,eider,all_official,1,0,rating,a,a,1.0,core_destroyed,69,,9,390,7,12,9,270,7,13,ok,,3.57,n-62-21-14,29052882,2026-08-08T18:05:07+0200
b0027968fd34a55c,auto-464e99b7c589,hoenir@5907a3b,hoenir,5907a3b,skadi@aad5f44,skadi,aad5f44,atoll,all_official,1,0,rating,b,b,0.0,core_destroyed,379,,7,1090,8,7,9,990,7,16,ok,,5.705,n-62-29-24,29052882,2026-08-08T18:07:24+0200
b00c4e292a88b158,auto-464e99b7c589,hoenir@5907a3b,hoenir,5907a3b,loki@9ac8974,loki,9ac8974,showdown,all_official,1,0,rating,a,a,1.0,core_destroyed,525,,9,1270,6,17,11,760,6,2,ok,,4.588,n-62-31-19,29052882,2026-08-08T18:05:42+0200
b00d7d8c73a693e0,auto-464e99b7c589,hoenir@5907a3b,hoenir,5907a3b,skadi@6a2af02,skadi,6a2af02,bridge,all_official,1,0,rating,b,b,0.0,titanium_collected,1000,,148,2460,9,15,1709,2600,5,7,ok,,19.391,n-62-12-7,29052882,2026-08-08T18:06:48+0200
b01e53ea22293063,auto-464e99b7c589,snotra_h@4437c29,snotra_h,4437c29,hoenir@5907a3b,hoenir,5907a3b,snowflake,all_official,1,0,rating,a,a,1.0,core_destroyed,65,,30,600,11,19,7,140,8,11,ok,,4.743,n-62-11-61,29052882,2026-08-08T18:07:29+0200
b02564bd0287884e,auto-464e99b7c589,hoenir@5907a3b,hoenir,5907a3b,janus@8a1e7a1,janus,8a1e7a1,string,all_official,1,0,rating,b,b,0.0,core_destroyed,86,,194,40,8,3,121,210,8,4,ok,,3.705,n-62-31-24,29052882,2026-08-08T18:05:40+0200
b04675d818c01fce,auto-464e99b7c589,hoenir@5907a3b,hoenir,5907a3b,lockin@90fc9f3,lockin,90fc9f3,fjordgate,all_official,1,0,rating,a,a,1.0,core_destroyed,42,,10,90,7,14,600,0,0,0,ok,,1.583,n-62-29-24,29052882,2026-08-08T18:05:39+0200
b04ef148a897efa1,auto-464e99b7c589,hoenir@5907a3b,hoenir,5907a3b,lockin@90fc9f3,lockin,90fc9f3,jackpot,all_official,1,0,rating,a,a,1.0,core_destroyed,48,,20,170,8,19,620,0,0,0,ok,,2.037,n-62-29-9,29052882,2026-08-08T18:05:25+0200
b05504e1904189d1,auto-464e99b7c589,hoenir@5907a3b,hoenir,5907a3b,loki@9ac8974,loki,9ac8974,fjord,all_official,1,0,rating,b,b,0.0,core_destroyed,61,,44,390,8,17,9,390,9,13,ok,,3.577,n-62-31-14,29052882,2026-08-08T18:05:45+0200
b055fffff068da65,auto-464e99b7c589,steward_hardened_reinforced@f1f2bda,steward_hardened_reinforced,f1f2bda,hoenir@5907a3b,hoenir,5907a3b,runestone,all_official,1,0,rating,a,a,1.0,core_destroyed,109,,9,240,7,15,28,240,7,15,ok,,3.334,n-62-29-29,29052882,2026-08-08T18:07:55+0200
b08a453b194cd594,auto-464e99b7c589,bifrost@c70c467,bifrost,c70c467,hoenir@5907a3b,hoenir,5907a3b,meander,all_official,1,0,rating,a,a,1.0,core_destroyed,489,,9,230,7,4,10,450,7,5,ok,,7.203,n-62-28-34,29052882,2026-08-08T18:04:50+0200
b0b39388bf0c63eb,auto-464e99b7c589,prospect@bf9b3e3,prospect,bf9b3e3,hoenir@5907a3b,hoenir,5907a3b,string,all_official,1,0,rating,b,b,0.0,core_destroyed,161,,35,610,8,4,8,400,8,7,ok,,5.661,n-62-31-13,29052882,2026-08-08T18:06:54+0200
b0bd85e57b4f40d3,auto-464e99b7c589,lockin@90fc9f3,lockin,90fc9f3,hoenir@5907a3b,hoenir,5907a3b,drumlin,all_official,1,0,rating,b,b,0.0,core_destroyed,46,,610,0,0,0,10,250,7,25,ok,,2.194,n-62-29-16,29052882,2026-08-08T18:06:03+0200
b0bf81d361261fae,auto-464e99b7c589,forseti@37dc858,forseti,37dc858,hoenir@5907a3b,hoenir,5907a3b,vault,all_official,1,0,rating,a,a,1.0,core_destroyed,89,,14,390,10,15,145,400,13,18,ok,,5.601,n-62-21-89,29052882,2026-08-08T18:05:27+0200
b0c050a5d7cfdf8e,auto-464e99b7c589,mimir@cfc1ec4,mimir,cfc1ec4,hoenir@5907a3b,hoenir,5907a3b,showdown,all_official,1,0,rating,a,a,1.0,core_destroyed,329,,9,210,8,8,10,170,4,7,ok,,4.239,n-62-21-10,29052882,2026-08-08T18:05:43+0200
b0c44bb97e32e788,auto-464e99b7c589,hoenir@5907a3b,hoenir,5907a3b,fenrir2@6b39ebb,fenrir2,6b39ebb,quarry,all_official,1,0,rating,a,a,1.0,core_destroyed,141,,9,310,7,32,10,500,10,38,ok,,4.666,n-62-31-14,29052882,2026-08-08T18:05:07+0200
b0c4bc4e853859c1,auto-464e99b7c589,prospect@bf9b3e3,prospect,bf9b3e3,hoenir@5907a3b,hoenir,5907a3b,longship,all_official,1,0,rating,b,b,0.0,core_destroyed,278,,27,670,9,5,6,670,6,13,ok,,4.95,n-62-31-18,29052882,2026-08-08T18:06:28+0200
b0c6c7f2e3305fd4,auto-464e99b7c589,hoenir@5907a3b,hoenir,5907a3b,steward_hardened_reinforced@a994296,steward_hardened_reinforced,a994296,eider,all_official,1,0,rating,a,a,1.0,core_destroyed,88,,28,460,7,12,16,450,7,9,ok,,3.817,n-62-11-60,29052882,2026-08-08T18:07:25+0200
b0d4937e20860553,auto-464e99b7c589,hoenir@5907a3b,hoenir,5907a3b,bifrost@c70c467,bifrost,c70c467,atoll,all_official,1,0,rating,b,b,0.0,core_destroyed,73,,7,310,8,19,9,220,9,5,ok,,3.926,n-62-28-28,29052882,2026-08-08T18:04:47+0200
b0ddab382e38459b,auto-464e99b7c589,mistral@90fc9f3,mistral,90fc9f3,hoenir@5907a3b,hoenir,5907a3b,hive,all_official,1,0,rating,b,b,0.0,core_destroyed,64,,236,0,7,0,20,140,9,19,ok,,9.989,n-62-31-5,29052882,2026-08-08T18:06:16+0200
b0fea7ceb6673dbc,auto-464e99b7c589,gefn@46ac5e6,gefn,46ac5e6,hoenir@5907a3b,hoenir,5907a3b,bridge,all_official,1,0,rating,b,b,0.0,titanium_collected,1000,,80,2460,17,10,129,4830,15,18,ok,,41.278,n-62-21-7,29052882,2026-08-08T18:05:41+0200
b10944ed92f52e17,auto-464e99b7c589,casemate_oracle@90fc9f3,casemate_oracle,90fc9f3,hoenir@5907a3b,hoenir,5907a3b,moonrise,all_official,1,0,rating,b,b,0.0,core_destroyed,227,,276,0,4,8,33,1210,10,31,ok,,5.131,n-62-29-9,29052882,2026-08-08T18:05:25+0200
b127e6f978f79de2,auto-464e99b7c589,gefn@46ac5e6,gefn,46ac5e6,hoenir@5907a3b,hoenir,5907a3b,meander,all_official,1,0,rating,b,b,0.0,core_destroyed,441,,10,230,7,5,9,450,7,12,ok,,5.78,n-62-21-13,29052882,2026-08-08T18:05:46+0200
b12c16e174c13d95,auto-464e99b7c589,bifrost@c70c467,bifrost,c70c467,hoenir@5907a3b,hoenir,5907a3b,eider,all_official,1,0,rating,a,a,1.0,core_destroyed,88,,28,460,7,12,16,450,7,9,ok,,3.51,n-62-28-31,29052882,2026-08-08T18:04:57+0200
b13972b4ea30dc5d,auto-464e99b7c589,maporacle@38e1456,maporacle,38e1456,hoenir@5907a3b,hoenir,5907a3b,lighthouse,all_official,1,0,rating,b,b,0.0,core_destroyed,133,,7,180,5,5,61,870,11,14,ok,,4.445,n-62-12-2,29052882,2026-08-08T18:06:39+0200
b14ba4d25fec5742,auto-464e99b7c589,hoenir@5907a3b,hoenir,5907a3b,fenrir2@6b39ebb,fenrir2,6b39ebb,fjordgate,all_official,1,0,rating,a,a,1.0,core_destroyed,221,,10,0,8,5,10,0,9,0,ok,,4.074,n-62-31-20,29052882,2026-08-08T18:05:05+0200
b17523bb41bd634c,auto-464e99b7c589,fenrir2@6b39ebb,fenrir2,6b39ebb,hoenir@5907a3b,hoenir,5907a3b,drumlin,all_official,1,0,rating,b,b,0.0,core_destroyed,57,,10,180,8,22,22,420,8,21,ok,,3.281,n-62-31-18,29052882,2026-08-08T18:05:53+0200
b18f99a3d4a0ef9b,auto-464e99b7c589,hoenir@5907a3b,hoenir,5907a3b,fenrir2@6b39ebb,fenrir2,6b39ebb,skerry,all_official,1,0,rating,a,a,1.0,core_destroyed,85,,8,520,9,13,1,340,8,25,ok,,4.079,n-62-31-8,29052882,2026-08-08T18:04:57+0200
b1a2bc22ec5e44d8,auto-464e99b7c589,hoenir@5907a3b,hoenir,5907a3b,freyr@c2c0d3d,freyr,c2c0d3d,duel,all_official,1,0,rating,a,a,1.0,core_destroyed,57,,9,240,8,7,208,240,5,6,ok,,2.659,n-62-12-7,29052882,2026-08-08T18:04:45+0200
b1b0f5c34114ec07,auto-464e99b7c589,spar_mender@d5b46bc,spar_mender,d5b46bc,hoenir@5907a3b,hoenir,5907a3b,moonrise,all_official,1,0,rating,a,a,1.0,titanium_stored,1000,,18,0,7,12,17,0,7,8,ok,,8.015,n-62-21-92,29052882,2026-08-08T18:07:22+0200
b1ffdb3fc92a107b,auto-464e99b7c589,audhumla@a7faecd,audhumla,a7faecd,hoenir@5907a3b,hoenir,5907a3b,showdown,all_official,1,0,rating,b,b,0.0,core_destroyed,205,,9,280,8,15,10,470,6,17,ok,,3.252,n-62-11-66,29052882,2026-08-08T18:04:51+0200
b2030e5ad1c95e6b,auto-464e99b7c589,jonbot@90fc9f3,jonbot,90fc9f3,hoenir@5907a3b,hoenir,5907a3b,aurora,all_official,1,0,rating,b,b,0.0,core_destroyed,758,,384,0,7,1,20,2160,9,23,ok,,39.925,n-62-11-67,29052882,2026-08-08T18:06:13+0200
b2159398d8c7220f,auto-464e99b7c589,lockin@90fc9f3,lockin,90fc9f3,hoenir@5907a3b,hoenir,5907a3b,duel,all_official,1,0,rating,b,b,0.0,core_destroyed,41,,322,60,5,3,20,170,8,11,ok,,3.363,n-62-29-16,29052882,2026-08-08T18:06:12+0200
b217891d0d5e242d,auto-464e99b7c589,hoenir@5907a3b,hoenir,5907a3b,odin@38e1456,odin,38e1456,runestone,all_official,1,0,rating,a,a,1.0,core_destroyed,104,,31,430,7,19,43,80,8,19,ok,,4.865,n-62-31-11,29052882,2026-08-08T18:05:59+0200
b2188827d3ae19c6,auto-464e99b7c589,hoenir@5907a3b,hoenir,5907a3b,steward_hardened_reinforced@c04e46e,steward_hardened_reinforced,c04e46e,archipelago,all_official,1,0,rating,a,a,1.0,core_destroyed,66,,20,500,9,25,9,150,8,14,ok,,3.453,n-62-11-64,29052882,2026-08-08T18:07:36+0200
b21b529036e9c5b9,auto-464e99b7c589,audhumla@a7faecd,audhumla,a7faecd,hoenir@5907a3b,hoenir,5907a3b,vault,all_official,1,0,rating,b,b,0.0,core_destroyed,113,,8,470,10,19,10,520,8,20,ok,,4.666,n-62-11-64,29052882,2026-08-08T18:04:46+0200
b21dcf71b19b75ed,auto-464e99b7c589,hoenir@5907a3b,hoenir,5907a3b,spar_mender@7ed1acc,spar_mender,7ed1acc,runestone,all_official,1,0,rating,a,a,1.0,core_destroyed,114,,60,610,9,30,70,840,11,42,ok,,4.945,n-62-11-68,29052882,2026-08-08T18:07:15+0200
b224e63db2d2107c,auto-464e99b7c589,lockin@90fc9f3,lockin,90fc9f3,hoenir@5907a3b,hoenir,5907a3b,longship,all_official,1,0,rating,b,b,0.0,core_destroyed,59,,111,120,11,6,20,220,8,26,ok,,6.33,n-62-29-9,29052882,2026-08-08T18:05:44+0200
b22dd2e576324f0e,auto-464e99b7c589,gobbleglitch@6cdc440,gobbleglitch,6cdc440,hoenir@5907a3b,hoenir,5907a3b,fjordgate,all_official,1,0,rating,b,b,0.0,core_destroyed,115,,57,0,7,0,19,660,11,10,ok,,2.959,n-62-13-7,29052882,2026-08-08T18:04:48+0200
b241141094d28a4d,auto-464e99b7c589,hoenir@5907a3b,hoenir,5907a3b,jonbot@90fc9f3,jonbot,90fc9f3,longship,all_official,1,0,rating,a,a,1.0,core_destroyed,889,,10,2200,8,11,517,0,7,0,ok,,28.886,n-62-11-60,29052882,2026-08-08T18:06:19+0200
b26a3b725a5d98e5,auto-464e99b7c589,jotunn@6b39ebb,jotunn,6b39ebb,hoenir@5907a3b,hoenir,5907a3b,duel,all_official,1,0,rating,b,b,0.0,core_destroyed,138,,39,860,10,11,29,650,8,14,ok,,5.992,n-62-28-28,29052882,2026-08-08T18:05:52+0200
b2b2669d17b0ae23,auto-464e99b7c589,mjolnir@2e6c876,mjolnir,2e6c876,hoenir@5907a3b,hoenir,5907a3b,nordkap,all_official,1,0,rating,b,b,0.0,core_destroyed,393,,2256,2840,2,30,41,1600,11,16,ok,,8.572,n-62-31-24,29052882,2026-08-08T18:06:05+0200
b2c2f26fc8e75db6,auto-464e99b7c589,hoenir@5907a3b,hoenir,5907a3b,loki@9ac8974,loki,9ac8974,meander,all_official,1,0,rating,a,a,1.0,core_destroyed,132,,17,360,8,10,21,290,7,11,ok,,3.752,n-62-31-8,29052882,2026-08-08T18:06:15+0200
b2c9b9d98275456a,auto-464e99b7c589,maporacle@38e1456,maporacle,38e1456,hoenir@5907a3b,hoenir,5907a3b,bridge,all_official,1,0,rating,b,b,0.0,core_destroyed,629,,1594,1080,5,6,10,0,9,9,ok,,10.384,n-62-12-5,29052882,2026-08-08T18:06:17+0200
b2ee99cfdbab1aea,auto-464e99b7c589,hoenir@5907a3b,hoenir,5907a3b,spar_mender@d5b46bc,spar_mender,d5b46bc,moonrise,all_official,1,0,rating,a,a,1.0,core_destroyed,67,,20,260,7,10,10,40,9,9,ok,,3.502,n-62-21-92,29052882,2026-08-08T18:07:14+0200
b2fde67b1b2268ef,auto-464e99b7c589,bifrost@c70c467,bifrost,c70c467,hoenir@5907a3b,hoenir,5907a3b,lighthouse,all_official,1,0,rating,b,b,0.0,core_destroyed,161,,7,390,8,7,20,740,7,14,ok,,3.633,n-62-28-33,29052882,2026-08-08T18:05:34+0200
b2ff1866e8f598bb,auto-464e99b7c589,hoenir@5907a3b,hoenir,5907a3b,snotra_h@4437c29,snotra_h,4437c29,nordkap,all_official,1,0,rating,a,a,1.0,core_destroyed,501,,9,80,8,6,10,80,7,4,ok,,6.656,n-62-11-67,29052882,2026-08-08T18:07:03+0200
b304be0c8b39464c,auto-464e99b7c589,hodr@ea88247,hodr,ea88247,hoenir@5907a3b,hoenir,5907a3b,skerry,all_official,1,0,rating,b,b,0.0,core_destroyed,150,,8,450,8,11,18,710,9,10,ok,,4.298,n-62-21-57,29052882,2026-08-08T18:04:55+0200
b30b408bf204fdba,auto-464e99b7c589,hoenir@5907a3b,hoenir,5907a3b,spar_mender@7ed1acc,spar_mender,7ed1acc,moonrise,all_official,1,0,rating,a,a,1.0,core_destroyed,71,,11,280,8,11,35,120,9,12,ok,,3.868,n-62-11-60,29052882,2026-08-08T18:07:32+0200
b3148a4d101f89f3,auto-464e99b7c589,hoenir@5907a3b,hoenir,5907a3b,lockin@90fc9f3,lockin,90fc9f3,showdown,all_official,1,0,rating,a,a,1.0,core_destroyed,38,,10,50,6,15,590,0,0,0,ok,,1.744,n-62-29-33,29052882,2026-08-08T18:05:24+0200
b316c663651d0904,auto-464e99b7c589,hoenir@5907a3b,hoenir,5907a3b,steward_hardened_reinforced@c04e46e,steward_hardened_reinforced,c04e46e,longship,all_official,1,0,rating,a,a,1.0,core_destroyed,69,,9,220,9,10,28,150,6,19,ok,,3.744,n-62-31-10,29052882,2026-08-08T18:07:33+0200
b328ce5e73009b11,auto-464e99b7c589,hoenir@5907a3b,hoenir,5907a3b,lockin@90fc9f3,lockin,90fc9f3,strait,all_official,1,0,rating,a,a,1.0,core_destroyed,45,,10,160,9,9,19,0,11,4,ok,,5.756,n-62-29-33,29052882,2026-08-08T18:05:57+0200
b330399c846ae8d8,auto-464e99b7c589,magni@3677a66,magni,3677a66,hoenir@5907a3b,hoenir,5907a3b,eider,all_official,1,0,rating,a,a,1.0,core_destroyed,109,,9,660,9,18,34,680,7,15,ok,,4.241,n-62-11-50,29052882,2026-08-08T18:06:05+0200
b3482d48c1fb166b,auto-464e99b7c589,gefjon@f66a427,gefjon,f66a427,hoenir@5907a3b,hoenir,5907a3b,nordkap,all_official,1,0,rating,b,b,0.0,core_destroyed,203,,7,310,7,8,9,470,7,9,ok,,4.521,n-62-21-24,29052882,2026-08-08T18:05:17+0200
b34f72c7cb745fe2,auto-464e99b7c589,prospect_rushonly@bf9b3e3,prospect_rushonly,bf9b3e3,hoenir@5907a3b,hoenir,5907a3b,vault,all_official,1,0,rating,a,a,1.0,core_destroyed,103,,9,450,10,9,43,470,8,18,ok,,5.055,n-62-31-19,29052882,2026-08-08T18:06:33+0200
b352b94ca40ed017,auto-464e99b7c589,hoenir@5907a3b,hoenir,5907a3b,jotunn@6b39ebb,jotunn,6b39ebb,snowflake,all_official,1,0,rating,a,a,1.0,core_destroyed,159,,28,3000,20,55,20,1310,16,18,ok,,9.233,n-62-28-31,29052882,2026-08-08T18:06:37+0200
b3676f2b597f7202,auto-464e99b7c589,hoenir@5907a3b,hoenir,5907a3b,heimdall@daf0de0,heimdall,daf0de0,duel,all_official,1,0,rating,a,a,1.0,core_destroyed,73,,8,250,9,5,10,320,8,12,ok,,3.383,n-62-21-65,29052882,2026-08-08T18:04:46+0200
b369596985ea8365,auto-464e99b7c589,hoenir@5907a3b,hoenir,5907a3b,maporacle@38e1456,maporacle,38e1456,moonrise,all_official,1,0,rating,a,a,1.0,core_destroyed,119,,9,520,7,9,10,90,8,6,ok,,3.017,n-62-12-3,29052882,2026-08-08T18:05:40+0200
b37424fee0f4695c,auto-464e99b7c589,gefn@46ac5e6,gefn,46ac5e6,hoenir@5907a3b,hoenir,5907a3b,atoll,all_official,1,0,rating,a,a,1.0,core_destroyed,87,,8,380,8,15,1,230,9,3,ok,,3.586,n-62-21-7,29052882,2026-08-08T18:04:44+0200
b3ae56d25a4c272e,auto-464e99b7c589,gobbleglitch@6cdc440,gobbleglitch,6cdc440,hoenir@5907a3b,hoenir,5907a3b,string,all_official,1,0,rating,b,b,0.0,core_destroyed,323,,187,0,3,1,10,800,12,8,ok,,4.66,n-62-12-66,29052882,2026-08-08T18:05:09+0200
b3bb1ba948ed5a4d,auto-464e99b7c589,hoenir@5907a3b,hoenir,5907a3b,sif@3fc5cd8,sif,3fc5cd8,fjord,all_official,1,0,rating,b,b,0.0,core_destroyed,157,,8,1110,11,15,18,840,8,8,ok,,4.653,n-62-11-64,29052882,2026-08-08T18:06:51+0200
b3caf748dc4a021e,auto-464e99b7c589,hoenir@5907a3b,hoenir,5907a3b,steward_hardened_reinforced@04300bf,steward_hardened_reinforced,04300bf,eider,all_official,1,0,rating,a,a,1.0,core_destroyed,88,,28,460,7,12,16,450,7,9,ok,,3.575,n-62-12-5,29052882,2026-08-08T18:07:11+0200
b3cd77da6ed60f38,auto-464e99b7c589,pantheon_replica_day3@aa8bae0,pantheon_replica_day3,aa8bae0,hoenir@5907a3b,hoenir,5907a3b,lighthouse,all_official,1,0,rating,a,a,1.0,core_destroyed,285,,9,90,8,4,10,190,7,6,ok,,4.26,n-62-30-23,29052882,2026-08-08T18:06:39+0200
b3d149275f86072c,auto-464e99b7c589,hoenir@5907a3b,hoenir,5907a3b,fulla@ec5aa19,fulla,ec5aa19,heart,all_official,1,0,rating,b,b,0.0,core_destroyed,449,,10,0,8,2,11,40,6,6,ok,,6.234,n-62-21-2,29052882,2026-08-08T18:05:09+0200
b3f958fa851ea274,auto-464e99b7c589,hoenir@5907a3b,hoenir,5907a3b,ragnarok_fair@79582fc,ragnarok_fair,79582fc,nordkap,all_official,1,0,rating,a,a,1.0,core_destroyed,45,,9,90,8,5,10,160,8,11,ok,,3.232,n-62-11-68,29052882,2026-08-08T18:06:22+0200
b3ff41b4c44610ba,auto-464e99b7c589,skadi@6a2af02,skadi,6a2af02,hoenir@5907a3b,hoenir,5907a3b,meander,all_official,1,0,rating,a,a,1.0,core_destroyed,117,,9,0,6,3,10,10,6,5,ok,,3.295,n-62-28-33,29052882,2026-08-08T18:06:55+0200
b41646b29cd35c58,auto-464e99b7c589,aegis@e55aab5,aegis,e55aab5,hoenir@5907a3b,hoenir,5907a3b,meander,all_official,1,0,rating,b,b,0.0,core_destroyed,58,,10,110,8,9,8,50,7,6,ok,,3.026,n-62-31-24,29052882,2026-08-08T18:04:51+0200
b41e6da0c49b08b7,auto-464e99b7c589,hoenir@5907a3b,hoenir,5907a3b,gefjon@f66a427,gefjon,f66a427,heart,all_official,1,0,rating,a,a,1.0,core_destroyed,433,,9,90,7,11,10,0,6,6,ok,,6.812,n-62-21-17,29052882,2026-08-08T18:04:55+0200
b420cc60bb605623,auto-464e99b7c589,sif@3fc5cd8,sif,3fc5cd8,hoenir@5907a3b,hoenir,5907a3b,runestone,all_official,1,0,rating,a,a,1.0,core_destroyed,122,,30,750,8,25,2,270,7,16,ok,,3.379,n-62-31-9,29052882,2026-08-08T18:06:39+0200
b43c3e395eec5b9f,auto-464e99b7c589,snotra@34b0ce8,snotra,34b0ce8,hoenir@5907a3b,hoenir,5907a3b,showdown,all_official,1,0,rating,a,a,1.0,core_destroyed,453,,9,1090,6,16,9,730,6,5,ok,,4.649,n-62-31-4,29052882,2026-08-08T18:07:29+0200
b450332f4978aa1e,auto-464e99b7c589,forseti@37dc858,forseti,37dc858,hoenir@5907a3b,hoenir,5907a3b,string,all_official,1,0,rating,a,a,1.0,core_destroyed,832,,67,2530,7,7,43,2090,9,7,ok,,18.4,n-62-11-58,29052882,2026-08-08T18:05:33+0200
b4603f6056ddf55f,auto-464e99b7c589,hoenir@5907a3b,hoenir,5907a3b,forseti@37dc858,forseti,37dc858,quarry,all_official,1,0,rating,b,b,0.0,core_destroyed,158,,17,350,6,31,65,980,11,20,ok,,5.371,n-62-11-51,29052882,2026-08-08T18:04:49+0200
b46da7ae86e66021,auto-464e99b7c589,hoenir@5907a3b,hoenir,5907a3b,magni@3677a66,magni,3677a66,jackpot,all_official,1,0,rating,a,a,1.0,core_destroyed,59,,10,230,7,24,22,0,10,1,ok,,3.483,n-62-11-51,29052882,2026-08-08T18:06:11+0200
b48b685d4841e941,auto-464e99b7c589,hoenir@5907a3b,hoenir,5907a3b,audhumla@a7faecd,audhumla,a7faecd,drumlin,all_official,1,0,rating,a,a,1.0,core_destroyed,69,,30,520,6,33,184,290,7,20,ok,,3.698,n-62-11-61,29052882,2026-08-08T18:06:10+0200
b495e471a12ec88f,auto-464e99b7c589,hoenir@5907a3b,hoenir,5907a3b,steward_hardened_reinforced@cdc552f,steward_hardened_reinforced,cdc552f,string,all_official,1,0,rating,a,a,1.0,core_destroyed,133,,50,320,6,7,33,0,6,2,ok,,3.431,n-62-29-24,29052882,2026-08-08T18:07:53+0200
b4bab44edf89c3b4,auto-464e99b7c589,skadi@821d792,skadi,821d792,hoenir@5907a3b,hoenir,5907a3b,sweden,all_official,1,0,rating,b,b,0.0,titanium_collected,1000,,46,520,4,17,173,2460,10,18,ok,,25.562,n-62-29-21,29052882,2026-08-08T18:07:54+0200
b4c7376be64edadb,auto-464e99b7c589,hoenir@5907a3b,hoenir,5907a3b,steward_hardened_reinforced@f1f2bda,steward_hardened_reinforced,f1f2bda,vase,all_official,1,0,rating,a,a,1.0,core_destroyed,279,,10,0,6,7,85,110,8,2,ok,,6.471,n-62-30-23,29052882,2026-08-08T18:07:53+0200
b4eead8e9cfe764d,auto-464e99b7c589,hoenir@5907a3b,hoenir,5907a3b,pantheon_replica_day3@aa8bae0,pantheon_replica_day3,aa8bae0,longship,all_official,1,0,rating,a,a,1.0,titanium_collected,1000,,19,130,7,9,20,80,7,5,ok,,7.843,n-62-30-23,29052882,2026-08-08T18:06:47+0200
b4f0260e01745ae9,auto-464e99b7c589,odin@38e1456,odin,38e1456,hoenir@5907a3b,hoenir,5907a3b,lighthouse,all_official,1,0,rating,b,b,0.0,core_destroyed,133,,7,180,5,5,61,870,11,14,ok,,4.17,n-62-31-9,29052882,2026-08-08T18:06:56+0200
b5156f61df30106f,auto-464e99b7c589,hoenir@5907a3b,hoenir,5907a3b,bifrost@c70c467,bifrost,c70c467,sweden,all_official,1,0,rating,a,a,1.0,core_destroyed,185,,58,430,9,15,21,50,10,14,ok,,6.695,n-62-29-15,29052882,2026-08-08T18:05:08+0200
b518a802c0d04f2c,auto-464e99b7c589,hoenir@5907a3b,hoenir,5907a3b,mimir@cfc1ec4,mimir,cfc1ec4,saga,all_official,1,0,rating,b,b,0.0,core_destroyed,79,,8,250,8,28,9,360,8,23,ok,,4.497,n-62-21-6,29052882,2026-08-08T18:06:21+0200
b5197b3f6d61eec2,auto-464e99b7c589,hoenir@5907a3b,hoenir,5907a3b,steward_hardened_reinforced@04300bf,steward_hardened_reinforced,04300bf,string,all_official,1,0,rating,a,a,1.0,core_destroyed,78,,16,190,5,3,12,180,9,2,ok,,2.766,n-62-12-2,29052882,2026-08-08T18:07:16+0200
b52d1bb67fc721aa,auto-464e99b7c589,fenrir2@6b39ebb,fenrir2,6b39ebb,hoenir@5907a3b,hoenir,5907a3b,fjord,all_official,1,0,rating,b,b,0.0,core_destroyed,94,,23,420,9,13,6,630,9,20,ok,,4.59,n-62-31-20,29052882,2026-08-08T18:05:01+0200
b533c9af854b4120,auto-464e99b7c589,hoenir@5907a3b,hoenir,5907a3b,steward_hardened_reinforced@672ee02,steward_hardened_reinforced,672ee02,heart,all_official,1,0,rating,a,a,1.0,titanium_collected,1000,,17,120,7,11,17,0,7,1,ok,,8.917,n-62-31-4,29052882,2026-08-08T18:07:22+0200
b54365bbc31ffbdf,auto-464e99b7c589,hoenir@5907a3b,hoenir,5907a3b,steward_hardened_reinforced@c04e46e,steward_hardened_reinforced,c04e46e,moonrise,all_official,1,0,rating,a,a,1.0,core_destroyed,175,,17,800,10,14,107,50,3,1,ok,,5.173,n-62-31-10,29052882,2026-08-08T18:07:51+0200
b552f17f2fb0a176,auto-464e99b7c589,ragnarok_fair@79582fc,ragnarok_fair,79582fc,hoenir@5907a3b,hoenir,5907a3b,archipelago,all_official,1,0,rating,b,b,0.0,core_destroyed,77,,38,510,8,34,69,500,7,24,ok,,3.926,n-62-31-19,29052882,2026-08-08T18:06:48+0200
b57a3766547d3df4,auto-464e99b7c589,hoenir@5907a3b,hoenir,5907a3b,gefn@46ac5e6,gefn,46ac5e6,quarry,all_official,1,0,rating,b,b,0.0,core_destroyed,569,,10,170,7,16,9,230,8,5,ok,,10.977,n-62-21-15,29052882,2026-08-08T18:05:14+0200
b57ba965c09f3617,auto-464e99b7c589,spar_sniper@aa24129,spar_sniper,aa24129,hoenir@5907a3b,hoenir,5907a3b,pinch,all_official,1,0,rating,b,b,0.0,core_destroyed,345,,9,100,8,1,9,840,7,10,ok,,5.094,n-62-31-16,29052882,2026-08-08T18:07:20+0200
b5a5b84e0e3587c4,auto-464e99b7c589,lockin@90fc9f3,lockin,90fc9f3,hoenir@5907a3b,hoenir,5907a3b,twins,all_official,1,0,rating,b,b,0.0,core_destroyed,48,,225,90,8,5,28,170,8,13,ok,,4.533,n-62-29-21,29052882,2026-08-08T18:05:43+0200
b5acfac1e0020380,auto-464e99b7c589,audhumla@a7faecd,audhumla,a7faecd,hoenir@5907a3b,hoenir,5907a3b,quarry,all_official,1,0,rating,a,a,1.0,core_destroyed,241,,69,610,8,13,9,0,7,5,ok,,5.801,n-62-11-62,29052882,2026-08-08T18:05:08+0200
b5cc1ca331a0ad52,auto-464e99b7c589,hoenir@5907a3b,hoenir,5907a3b,fenrir2@6b39ebb,fenrir2,6b39ebb,pinch,all_official,1,0,rating,a,a,1.0,core_destroyed,117,,10,660,11,25,33,540,8,15,ok,,4.797,n-62-31-14,29052882,2026-08-08T18:04:56+0200
b5ced2e439beff7a,auto-464e99b7c589,steward_hardened_reinforced@366cd1b,steward_hardened_reinforced,366cd1b,hoenir@5907a3b,hoenir,5907a3b,sweden,all_official,1,0,rating,a,a,1.0,core_destroyed,509,,10,0,7,18,17,890,10,16,ok,,11.401,n-62-29-33,29052882,2026-08-08T18:07:27+0200
b5dad86f5d074e08,auto-464e99b7c589,hoenir@5907a3b,hoenir,5907a3b,bifrost@c70c467,bifrost,c70c467,crossfire,all_official,1,0,rating,a,a,1.0,core_destroyed,313,,9,370,7,7,9,140,9,2,ok,,4.751,n-62-28-28,29052882,2026-08-08T18:05:24+0200
b5e42899b528c8e9,auto-464e99b7c589,hoenir@5907a3b,hoenir,5907a3b,gefjon@f66a427,gefjon,f66a427,fjord,all_official,1,0,rating,b,b,0.0,core_destroyed,157,,8,1110,11,15,18,840,8,8,ok,,5.187,n-62-21-14,29052882,2026-08-08T18:05:13+0200
b5e8da32c768ae4b,auto-464e99b7c589,casemate_oracle@90fc9f3,casemate_oracle,90fc9f3,hoenir@5907a3b,hoenir,5907a3b,hive,all_official,1,0,rating,b,b,0.0,core_destroyed,119,,278,0,4,29,30,280,9,23,ok,,7.837,n-62-29-24,29052882,2026-08-08T18:05:24+0200
b5eac04925abf5a7,auto-464e99b7c589,hoenir@5907a3b,hoenir,5907a3b,spar_sniper@aa24129,spar_sniper,aa24129,jackpot,all_official,1,0,rating,a,a,1.0,core_destroyed,59,,10,230,7,24,22,0,10,1,ok,,3.804,n-62-31-18,29052882,2026-08-08T18:06:59+0200
b5ff94ade1a5e237,auto-464e99b7c589,hoenir@5907a3b,hoenir,5907a3b,loki@9ac8974,loki,9ac8974,fjordgate,all_official,1,0,rating,a,a,1.0,core_destroyed,169,,10,780,6,24,30,10,5,3,ok,,3.339,n-62-31-14,29052882,2026-08-08T18:05:53+0200
b6230598279ab43e,auto-464e99b7c589,hoenir@5907a3b,hoenir,5907a3b,mjolnir@2e6c876,mjolnir,2e6c876,bridge,all_official,1,0,rating,a,a,1.0,core_destroyed,329,,70,790,8,14,95,0,6,5,ok,,8.924,n-62-31-7,29052882,2026-08-08T18:06:10+0200
b6339467793a80e5,auto-464e99b7c589,hoenir@5907a3b,hoenir,5907a3b,ostara@832c68a,ostara,832c68a,aurora,all_official,1,0,rating,a,a,1.0,core_destroyed,108,,16,480,7,22,16,260,8,20,ok,,5.06,n-62-29-16,29052882,2026-08-08T18:06:35+0200
b65250794bfdfa5f,auto-464e99b7c589,hoenir@5907a3b,hoenir,5907a3b,skadi@6a2af02,skadi,6a2af02,drumlin,all_official,1,0,rating,a,a,1.0,core_destroyed,73,,28,600,9,23,7,190,7,21,ok,,3.46,n-62-12-7,29052882,2026-08-08T18:07:22+0200
b66c7a3314ea653e,auto-464e99b7c589,gobbleglitch@6cdc440,gobbleglitch,6cdc440,hoenir@5907a3b,hoenir,5907a3b,duel,all_official,1,0,rating,b,b,0.0,core_destroyed,34,,60,0,9,0,19,140,8,6,ok,,2.554,n-62-13-6,29052882,2026-08-08T18:05:05+0200
b6978e02ab26ac20,auto-464e99b7c589,odin@38e1456,odin,38e1456,hoenir@5907a3b,hoenir,5907a3b,vault,all_official,1,0,rating,b,b,0.0,core_destroyed,95,,1,420,10,24,9,430,9,19,ok,,4.908,n-62-21-97,29052882,2026-08-08T18:06:29+0200
b69dd4db45f6c96a,auto-464e99b7c589,aegis@e55aab5,aegis,e55aab5,hoenir@5907a3b,hoenir,5907a3b,bridge,all_official,1,0,rating,a,a,1.0,core_destroyed,265,,10,0,7,5,123,0,8,2,ok,,6.411,n-62-31-4,29052882,2026-08-08T18:05:20+0200
b6a83fc8cbae8c24,auto-464e99b7c589,hoenir@5907a3b,hoenir,5907a3b,sif@3fc5cd8,sif,3fc5cd8,longship,all_official,1,0,rating,b,b,0.0,core_destroyed,116,,10,80,8,8,29,540,9,15,ok,,3.876,n-62-11-50,29052882,2026-08-08T18:06:26+0200
b6adff8c64313cec,auto-464e99b7c589,hoenir@5907a3b,hoenir,5907a3b,lockin@90fc9f3,lockin,90fc9f3,atoll,all_official,1,0,rating,a,a,1.0,core_destroyed,153,,17,710,14,29,255,0,9,4,ok,,8.612,n-62-29-15,29052882,2026-08-08T18:06:18+0200
b6d1fb065d1eb3f2,auto-464e99b7c589,jonbot@90fc9f3,jonbot,90fc9f3,hoenir@5907a3b,hoenir,5907a3b,runestone,all_official,1,0,rating,b,b,0.0,core_destroyed,591,,300,80,4,3,50,2960,17,42,ok,,12.746,n-62-11-68,29052882,2026-08-08T18:06:49+0200
b714512ce666c9e2,auto-464e99b7c589,steward_hardened_reinforced@672ee02,steward_hardened_reinforced,672ee02,hoenir@5907a3b,hoenir,5907a3b,nordkap,all_official,1,0,rating,b,b,0.0,core_destroyed,522,,6,70,8,2,10,1270,7,7,ok,,6.034,n-62-31-23,29052882,2026-08-08T18:07:45+0200
b715c17c22e90205,auto-464e99b7c589,njord@f66a427,njord,f66a427,hoenir@5907a3b,hoenir,5907a3b,fjordgate,all_official,1,0,rating,a,a,1.0,core_destroyed,222,,10,1040,6,25,28,10,2,3,ok,,4.178,n-62-11-60,29052882,2026-08-08T18:06:05+0200
b72fbdb51a38f0d9,auto-464e99b7c589,steward_hardened_reinforced@672ee02,steward_hardened_reinforced,672ee02,hoenir@5907a3b,hoenir,5907a3b,strait,all_official,1,0,rating,b,b,0.0,core_destroyed,130,,4,300,7,13,8,540,8,15,ok,,4.509,n-62-31-22,29052882,2026-08-08T18:07:39+0200
b76b3261abd63721,auto-464e99b7c589,heimdall@daf0de0,heimdall,daf0de0,hoenir@5907a3b,hoenir,5907a3b,snowflake,all_official,1,0,rating,a,a,1.0,core_destroyed,65,,20,430,9,18,18,140,7,10,ok,,3.533,n-62-21-50,29052882,2026-08-08T18:05:14+0200
b76c04a98294c8dc,auto-464e99b7c589,ragnarok_fair@79582fc,ragnarok_fair,79582fc,hoenir@5907a3b,hoenir,5907a3b,crossfire,all_official,1,0,rating,a,a,1.0,core_destroyed,121,,26,650,9,24,48,540,11,12,ok,,4.584,n-62-11-52,29052882,2026-08-08T18:07:06+0200
b77af3c5295ceebf,auto-464e99b7c589,ostara@832c68a,ostara,832c68a,hoenir@5907a3b,hoenir,5907a3b,crossfire,all_official,1,0,rating,a,a,1.0,core_destroyed,82,,9,380,8,11,8,100,9,4,ok,,3.42,n-62-29-31,29052882,2026-08-08T18:06:12+0200
b7a9ede558941c00,auto-464e99b7c589,hoenir@5907a3b,hoenir,5907a3b,loki@832c68a,loki,832c68a,skerry,all_official,1,0,rating,b,b,0.0,core_destroyed,66,,8,280,9,10,6,280,9,9,ok,,3.639,n-62-30-24,29052882,2026-08-08T18:06:13+0200
b7c09ce8005b1c6f,auto-464e99b7c589,hoenir@5907a3b,hoenir,5907a3b,ostara@832c68a,ostara,832c68a,drumlin,all_official,1,0,rating,b,b,0.0,core_destroyed,75,,8,410,8,16,18,450,7,16,ok,,3.575,n-62-29-31,29052882,2026-08-08T18:06:15+0200
b7d20b94c4716b9e,auto-464e99b7c589,hoenir@5907a3b,hoenir,5907a3b,prospect@bf9b3e3,prospect,bf9b3e3,runestone,all_official,1,0,rating,a,a,1.0,core_destroyed,201,,10,470,8,12,9,80,9,1,ok,,4.82,n-62-31-20,29052882,2026-08-08T18:06:39+0200
b7e0e6f89d682b30,auto-464e99b7c589,hoenir@5907a3b,hoenir,5907a3b,aegis@e55aab5,aegis,e55aab5,saga,all_official,1,0,rating,b,b,0.0,core_destroyed,92,,42,320,8,23,28,400,6,32,ok,,3.862,n-62-31-22,29052882,2026-08-08T18:04:57+0200
b7ec6517bfce5c72,auto-464e99b7c589,hoenir@5907a3b,hoenir,5907a3b,forseti@37dc858,forseti,37dc858,string,all_official,1,0,rating,a,a,1.0,core_destroyed,78,,16,190,5,3,12,180,9,2,ok,,3.088,n-62-11-58,29052882,2026-08-08T18:05:14+0200
b7edbdd97d7992a4,auto-464e99b7c589,hoenir@5907a3b,hoenir,5907a3b,gobbleglitch@6cdc440,gobbleglitch,6cdc440,aurora,all_official,1,0,rating,a,a,1.0,core_destroyed,69,,9,280,9,9,60,140,6,7,ok,,3.623,n-62-21-23,29052882,2026-08-08T18:05:17+0200
b7fca6c65ac5ef83,auto-464e99b7c589,hoenir@5907a3b,hoenir,5907a3b,spork@05ab6a2,spork,05ab6a2,strait,all_official,1,0,rating,a,a,1.0,core_destroyed,93,,9,310,7,20,7,350,11,9,ok,,4.957,n-62-21-90,29052882,2026-08-08T18:07:21+0200
b806704a0bfd81b5,auto-464e99b7c589,freyr@c2c0d3d,freyr,c2c0d3d,hoenir@5907a3b,hoenir,5907a3b,pinch,all_official,1,0,rating,b,b,0.0,titanium_collected,1000,,12,100,8,2,20,2480,7,10,ok,,6.041,n-62-12-1,29052882,2026-08-08T18:05:10+0200
b817a2fcbbfe23a8,auto-464e99b7c589,spar_mender@d5b46bc,spar_mender,d5b46bc,hoenir@5907a3b,hoenir,5907a3b,eider,all_official,1,0,rating,a,a,1.0,core_destroyed,486,,16,2810,15,24,6,1300,5,12,ok,,7.992,n-62-11-64,29052882,2026-08-08T18:07:21+0200
b83ed93773f7f7bb,auto-464e99b7c589,jotunn@6b39ebb,jotunn,6b39ebb,hoenir@5907a3b,hoenir,5907a3b,antler,all_official,1,0,rating,b,b,0.0,core_destroyed,57,,42,250,8,18,18,260,5,13,ok,,3.309,n-62-21-98,29052882,2026-08-08T18:06:05+0200
b83f8dd7cffc634a,auto-464e99b7c589,aegis@e55aab5,aegis,e55aab5,hoenir@5907a3b,hoenir,5907a3b,hive,all_official,1,0,rating,b,b,0.0,core_destroyed,164,,16,200,8,20,22,490,8,14,ok,,3.693,n-62-31-21,29052882,2026-08-08T18:05:00+0200
b84ea132e11fd0b5,auto-464e99b7c589,steward_hardened_reinforced@366cd1b,steward_hardened_reinforced,366cd1b,hoenir@5907a3b,hoenir,5907a3b,moonrise,all_official,1,0,rating,a,a,1.0,core_destroyed,240,,54,1130,9,13,16,70,5,2,ok,,4.716,n-62-29-21,29052882,2026-08-08T18:07:41+0200
b86db5f1ee6bc473,auto-464e99b7c589,hoenir@5907a3b,hoenir,5907a3b,forseti@37dc858,forseti,37dc858,saga,all_official,1,0,rating,b,b,0.0,core_destroyed,79,,8,250,8,28,9,360,8,23,ok,,3.913,n-62-11-51,29052882,2026-08-08T18:05:06+0200
b879839f86f4f346,auto-464e99b7c589,skadi@aad5f44,skadi,aad5f44,hoenir@5907a3b,hoenir,5907a3b,strait,all_official,1,0,rating,a,a,1.0,core_destroyed,133,,9,690,7,41,60,940,11,38,ok,,4.657,n-62-31-21,29052882,2026-08-08T18:07:30+0200
b8814bb55883d2a6,auto-464e99b7c589,e_t4l7@9e77076,e_t4l7,9e77076,hoenir@5907a3b,hoenir,5907a3b,atoll,all_official,1,0,rating,b,b,0.0,titanium_collected,1000,,3391,4930,8,18,16,4940,8,28,ok,,9.222,n-62-29-34,29052882,2026-08-08T18:05:20+0200
b8876f4aa6383356,auto-464e99b7c589,gefn@46ac5e6,gefn,46ac5e6,hoenir@5907a3b,hoenir,5907a3b,fjordgate,all_official,1,0,rating,a,a,1.0,core_destroyed,172,,30,800,6,19,34,10,3,3,ok,,3.451,n-62-21-12,29052882,2026-08-08T18:05:07+0200
b8dbd96cd44fd7b2,auto-464e99b7c589,hoenir@5907a3b,hoenir,5907a3b,jonbot_190003d@90fc9f3,jonbot_190003d,90fc9f3,snowflake,all_official,1,0,rating,a,a,1.0,core_destroyed,61,,23,480,7,25,67,330,9,15,ok,,3.787,n-62-31-11,29052882,2026-08-08T18:05:35+0200
b8f758c6c2d90259,auto-464e99b7c589,hoenir@5907a3b,hoenir,5907a3b,pantheon_replica_day3@aa8bae0,pantheon_replica_day3,aa8bae0,sprint,all_official,1,0,rating,a,a,1.0,core_destroyed,133,,10,280,5,14,30,0,7,13,ok,,3.782,n-62-30-24,29052882,2026-08-08T18:06:52+0200
b92aaeb59647cb12,auto-464e99b7c589,hoenir@5907a3b,hoenir,5907a3b,ragnarok_fair@79582fc,ragnarok_fair,79582fc,saga,all_official,1,0,rating,b,b,0.0,core_destroyed,92,,42,320,8,23,28,400,6,32,ok,,3.996,n-62-11-68,29052882,2026-08-08T18:06:57+0200
b944e8fec9de9cb6,auto-464e99b7c589,hoenir@5907a3b,hoenir,5907a3b,fenrir2@6b39ebb,fenrir2,6b39ebb,drumlin,all_official,1,0,rating,a,a,1.0,core_destroyed,64,,29,480,9,23,20,230,9,25,ok,,3.593,n-62-31-18,29052882,2026-08-08T18:05:49+0200
b945bd4f89ddfbb9,auto-464e99b7c589,skadi@aad5f44,skadi,aad5f44,hoenir@5907a3b,hoenir,5907a3b,aurora,all_official,1,0,rating,b,b,0.0,core_destroyed,87,,66,530,10,28,28,510,9,28,ok,,4.324,n-62-29-9,29052882,2026-08-08T18:06:47+0200
b948400bd5b03a41,auto-464e99b7c589,gefjon@f66a427,gefjon,f66a427,hoenir@5907a3b,hoenir,5907a3b,longship,all_official,1,0,rating,a,a,1.0,core_destroyed,129,,10,600,8,26,6,120,7,12,ok,,4.549,n-62-21-24,29052882,2026-08-08T18:04:45+0200
b95dbd97bdb126b8,auto-464e99b7c589,hoenir@5907a3b,hoenir,5907a3b,njord@f66a427,njord,f66a427,quarry,all_official,1,0,rating,b,b,0.0,core_destroyed,198,,7,450,7,30,40,1280,14,20,ok,,6.385,n-62-11-62,29052882,2026-08-08T18:06:03+0200
b9933f7dd68e8001,auto-464e99b7c589,spar_mender@7ed1acc,spar_mender,7ed1acc,hoenir@5907a3b,hoenir,5907a3b,hive,all_official,1,0,rating,b,b,0.0,core_destroyed,136,,105,840,12,26,19,580,8,28,ok,,5.95,n-62-31-14,29052882,2026-08-08T18:07:51+0200
b9afd0465e8d5e98,auto-464e99b7c589,skadi@821d792,skadi,821d792,hoenir@5907a3b,hoenir,5907a3b,atoll,all_official,1,0,rating,b,b,0.0,core_destroyed,111,,5,250,8,20,5,500,12,11,ok,,4.37,n-62-11-55,29052882,2026-08-08T18:06:50+0200
b9b2ef41da4eba4d,auto-464e99b7c589,gefn@46ac5e6,gefn,46ac5e6,hoenir@5907a3b,hoenir,5907a3b,skerry,all_official,1,0,rating,b,b,0.0,core_destroyed,60,,18,260,8,7,29,260,8,11,ok,,3.475,n-62-21-16,29052882,2026-08-08T18:05:03+0200
b9ccf363631aad38,auto-464e99b7c589,aegis@e55aab5,aegis,e55aab5,hoenir@5907a3b,hoenir,5907a3b,twins,all_official,1,0,rating,b,b,0.0,core_destroyed,103,,10,120,8,5,8,220,8,9,ok,,4.044,n-62-11-67,29052882,2026-08-08T18:04:44+0200
b9ee7ec044fe45ec,auto-464e99b7c589,hoenir@5907a3b,hoenir,5907a3b,pantheon_replica_day3@aa8bae0,pantheon_replica_day3,aa8bae0,duel,all_official,1,0,rating,b,b,0.0,core_destroyed,180,,42,510,8,3,19,430,8,7,ok,,3.557,n-62-29-5,29052882,2026-08-08T18:06:10+0200
b9fad3d8e8e7d87b,auto-464e99b7c589,loki@832c68a,loki,832c68a,hoenir@5907a3b,hoenir,5907a3b,longship,all_official,1,0,rating,b,b,0.0,core_destroyed,260,,20,120,8,4,19,630,6,13,ok,,4.959,n-62-30-25,29052882,2026-08-08T18:05:33+0200
ba0e9f02eee0afad,auto-464e99b7c589,heimdall@daf0de0,heimdall,daf0de0,hoenir@5907a3b,hoenir,5907a3b,crossfire,all_official,1,0,rating,a,a,1.0,core_destroyed,127,,10,580,8,15,55,580,10,16,ok,,4.941,n-62-21-63,29052882,2026-08-08T18:05:43+0200
ba45e1423c18895a,auto-464e99b7c589,hoenir@5907a3b,hoenir,5907a3b,steward_hardened_reinforced@c04e46e,steward_hardened_reinforced,c04e46e,sprint,all_official,1,0,rating,b,b,0.0,titanium_collected,1000,,19,20,7,7,16,150,5,4,ok,,7.364,n-62-21-98,29052882,2026-08-08T18:07:48+0200
ba5002c21b3ced5e,auto-464e99b7c589,odin@38e1456,odin,38e1456,hoenir@5907a3b,hoenir,5907a3b,atoll,all_official,1,0,rating,b,b,0.0,core_destroyed,72,,12,310,9,17,18,300,9,11,ok,,3.484,n-62-11-64,29052882,2026-08-08T18:06:07+0200
ba7015c1bc611aa0,auto-464e99b7c589,hoenir@5907a3b,hoenir,5907a3b,gefn@46ac5e6,gefn,46ac5e6,antler,all_official,1,0,rating,a,a,1.0,core_destroyed,104,,28,660,5,12,16,470,8,12,ok,,3.246,n-62-21-18,29052882,2026-08-08T18:05:15+0200
ba7f03684bc1e8f1,auto-464e99b7c589,sif@3fc5cd8,sif,3fc5cd8,hoenir@5907a3b,hoenir,5907a3b,drumlin,all_official,1,0,rating,b,b,0.0,core_destroyed,59,,40,380,7,30,53,450,7,22,ok,,2.963,n-62-11-64,29052882,2026-08-08T18:06:33+0200
ba83dd6fdba8ed01,auto-464e99b7c589,njord@f66a427,njord,f66a427,hoenir@5907a3b,hoenir,5907a3b,crossfire,all_official,1,0,rating,a,a,1.0,core_destroyed,56,,24,130,7,5,16,120,9,4,ok,,3.236,n-62-11-61,29052882,2026-08-08T18:06:07+0200
ba84d485e2651eac,auto-464e99b7c589,steward_hardened_reinforced@366cd1b,steward_hardened_reinforced,366cd1b,hoenir@5907a3b,hoenir,5907a3b,runestone,all_official,1,0,rating,a,a,1.0,core_destroyed,109,,9,240,7,15,28,240,7,15,ok,,3.48,n-62-29-24,29052882,2026-08-08T18:07:37+0200
ba9adf09564a8e7a,auto-464e99b7c589,hoenir@5907a3b,hoenir,5907a3b,spork@05ab6a2,spork,05ab6a2,heart,all_official,1,0,rating,a,a,1.0,core_destroyed,433,,9,90,7,11,10,0,6,6,ok,,6.343,n-62-11-51,29052882,2026-08-08T18:07:12+0200
babdc992c70730a8,auto-464e99b7c589,hoenir@5907a3b,hoenir,5907a3b,steward_hardened_reinforced@a994296,steward_hardened_reinforced,a994296,jackpot,all_official,1,0,rating,a,a,1.0,core_destroyed,59,,10,230,7,24,22,0,10,1,ok,,3.802,n-62-11-68,29052882,2026-08-08T18:07:25+0200
bacc68b2fb04985f,auto-464e99b7c589,hoenir@5907a3b,hoenir,5907a3b,mimir@cfc1ec4,mimir,cfc1ec4,bridge,all_official,1,0,rating,a,a,1.0,core_destroyed,149,,66,900,15,19,96,0,5,2,ok,,6.53,n-62-21-4,29052882,2026-08-08T18:05:49+0200
baf11ccab221dd89,auto-464e99b7c589,hoenir@5907a3b,hoenir,5907a3b,loki@9ac8974,loki,9ac8974,longship,all_official,1,0,rating,b,b,0.0,core_destroyed,78,,6,320,8,11,8,310,7,15,ok,,3.768,n-62-31-8,29052882,2026-08-08T18:06:06+0200
bb1105f9b6e07ffb,auto-464e99b7c589,hoenir@5907a3b,hoenir,5907a3b,pantheon_replica_day3@aa8bae0,pantheon_replica_day3,aa8bae0,aurora,all_official,1,0,rating,a,a,1.0,core_destroyed,280,,50,1340,8,22,16,250,7,17,ok,,5.604,n-62-29-34,29052882,2026-08-08T18:06:19+0200
bb2167da8f05a8a2,auto-464e99b7c589,prospect_rushonly@bf9b3e3,prospect_rushonly,bf9b3e3,hoenir@5907a3b,hoenir,5907a3b,atoll,all_official,1,0,rating,b,b,0.0,core_destroyed,109,,271,490,5,7,32,490,7,12,ok,,3.586,n-62-31-24,29052882,2026-08-08T18:06:27+0200
bb30eae5ec4f9a9f,auto-464e99b7c589,spar_mender@d5b46bc,spar_mender,d5b46bc,hoenir@5907a3b,hoenir,5907a3b,longship,all_official,1,0,rating,b,b,0.0,core_destroyed,120,,40,280,8,12,19,280,7,14,ok,,4.498,n-62-31-8,29052882,2026-08-08T18:07:49+0200
bb9510bed8646086,auto-464e99b7c589,prospect@bf9b3e3,prospect,bf9b3e3,hoenir@5907a3b,hoenir,5907a3b,fjordgate,all_official,1,0,rating,b,b,0.0,core_destroyed,90,,8,90,7,1,10,210,7,7,ok,,2.525,n-62-31-21,29052882,2026-08-08T18:06:22+0200
bba237544cbbe1eb,auto-464e99b7c589,hoenir@5907a3b,hoenir,5907a3b,pantheon_replica_day3@aa8bae0,pantheon_replica_day3,aa8bae0,twins,all_official,1,0,rating,a,a,1.0,core_destroyed,89,,7,200,9,5,10,60,7,4,ok,,3.712,n-62-31-17,29052882,2026-08-08T18:07:13+0200
bbb202183a66bd90,auto-464e99b7c589,hoenir@5907a3b,hoenir,5907a3b,fulla@ec5aa19,fulla,ec5aa19,skerry,all_official,1,0,rating,b,b,0.0,core_destroyed,66,,8,280,9,10,6,280,9,9,ok,,3.9,n-62-21-6,29052882,2026-08-08T18:04:50+0200
bbc4a4795f208561,auto-464e99b7c589,hoenir@5907a3b,hoenir,5907a3b,steward_hardened_reinforced@366cd1b,steward_hardened_reinforced,366cd1b,skerry,all_official,1,0,rating,b,b,0.0,core_destroyed,74,,8,320,9,10,8,330,8,19,ok,,3.671,n-62-31-5,29052882,2026-08-08T18:07:12+0200
bbcca3d476e14df2,auto-464e99b7c589,mistral@90fc9f3,mistral,90fc9f3,hoenir@5907a3b,hoenir,5907a3b,meander,all_official,1,0,rating,b,b,0.0,core_destroyed,110,,60,0,9,0,10,0,6,6,ok,,5.744,n-62-21-24,29052882,2026-08-08T18:06:05+0200
bbea10cd215fb408,auto-464e99b7c589,hoenir@5907a3b,hoenir,5907a3b,spork@05ab6a2,spork,05ab6a2,meander,all_official,1,0,rating,a,a,1.0,core_destroyed,58,,38,260,5,14,37,90,6,11,ok,,2.467,n-62-11-58,29052882,2026-08-08T18:07:15+0200
bc401195aec435dd,auto-464e99b7c589,skadi@aad5f44,skadi,aad5f44,hoenir@5907a3b,hoenir,5907a3b,eider,all_official,1,0,rating,b,b,0.0,core_destroyed,260,,24,1240,9,6,105,3060,11,46,ok,,9.214,n-62-29-31,29052882,2026-08-08T18:07:01+0200
bc40aa048f50e7a7,auto-464e99b7c589,mjolnir@2e6c876,mjolnir,2e6c876,hoenir@5907a3b,hoenir,5907a3b,hive,all_official,1,0,rating,b,b,0.0,core_destroyed,109,,94,410,10,29,20,680,8,44,ok,,4.923,n-62-21-7,29052882,2026-08-08T18:05:52+0200
bc528993cf66cdea,auto-464e99b7c589,gobbleglitch@6cdc440,gobbleglitch,6cdc440,hoenir@5907a3b,hoenir,5907a3b,vault,all_official,1,0,rating,b,b,0.0,core_destroyed,57,,59,0,6,0,9,240,10,6,ok,,3.287,n-62-21-62,29052882,2026-08-08T18:05:33+0200
bc6db43694d4b33e,auto-464e99b7c589,hoenir@5907a3b,hoenir,5907a3b,mimir@cfc1ec4,mimir,cfc1ec4,sweden,all_official,1,0,rating,a,a,1.0,core_destroyed,318,,60,760,12,14,74,150,9,10,ok,,11.258,n-62-21-14,29052882,2026-08-08T18:06:04+0200
bc6dc220aa21b13d,auto-464e99b7c589,mimir@cfc1ec4,mimir,cfc1ec4,hoenir@5907a3b,hoenir,5907a3b,strait,all_official,1,0,rating,b,b,0.0,core_destroyed,137,,9,370,7,14,7,610,8,20,ok,,4.487,n-62-21-10,29052882,2026-08-08T18:06:21+0200
bc85c31f1e6a24d2,auto-464e99b7c589,hoenir@5907a3b,hoenir,5907a3b,aegis@e55aab5,aegis,e55aab5,fjord,all_official,1,0,rating,a,a,1.0,core_destroyed,69,,31,440,8,19,28,300,9,7,ok,,3.66,n-62-31-5,29052882,2026-08-08T18:05:07+0200
bcd538438103a082,auto-464e99b7c589,hoenir@5907a3b,hoenir,5907a3b,spar_sniper@aa24129,spar_sniper,aa24129,strait,all_official,1,0,rating,b,b,0.0,core_destroyed,297,,29,820,7,18,8,740,8,13,ok,,6.095,n-62-31-19,29052882,2026-08-08T18:07:39+0200
bcedcc349ea50b13,auto-464e99b7c589,hoenir@5907a3b,hoenir,5907a3b,odin@38e1456,odin,38e1456,string,all_official,1,0,rating,b,b,0.0,core_destroyed,170,,65,440,8,10,8,430,4,5,ok,,4.484,n-62-21-98,29052882,2026-08-08T18:06:17+0200
bd403286c11d1a20,auto-464e99b7c589,odin@38e1456,odin,38e1456,hoenir@5907a3b,hoenir,5907a3b,drumlin,all_official,1,0,rating,b,b,0.0,core_destroyed,58,,12,180,8,23,17,430,7,21,ok,,3.411,n-62-21-92,29052882,2026-08-08T18:05:58+0200
bd557189a9939983,auto-464e99b7c589,hoenir@5907a3b,hoenir,5907a3b,ragnarok_fair@79582fc,ragnarok_fair,79582fc,fjordgate,all_official,1,0,rating,a,a,1.0,titanium_collected,1000,,16,10,6,2,20,0,8,2,ok,,7.493,n-62-11-61,29052882,2026-08-08T18:06:40+0200
bd610c8956b67a91,auto-464e99b7c589,skadi@6a2af02,skadi,6a2af02,hoenir@5907a3b,hoenir,5907a3b,skerry,all_official,1,0,rating,a,a,1.0,core_destroyed,123,,66,810,9,32,57,790,15,11,ok,,5.029,n-62-12-5,29052882,2026-08-08T18:06:40+0200
bd708bd9987e068d,auto-464e99b7c589,hoenir@5907a3b,hoenir,5907a3b,gefjon@f66a427,gefjon,f66a427,showdown,all_official,1,0,rating,b,b,0.0,core_destroyed,144,,57,250,3,13,109,1220,10,29,ok,,3.936,n-62-21-5,29052882,2026-08-08T18:05:14+0200
bd72f03c125b8d97,auto-464e99b7c589,janus@8a1e7a1,janus,8a1e7a1,hoenir@5907a3b,hoenir,5907a3b,hive,all_official,1,0,rating,b,b,0.0,core_destroyed,98,,10,220,9,7,6,220,7,13,ok,,4.314,n-62-31-4,29052882,2026-08-08T18:05:31+0200
bd9788457f98f016,auto-464e99b7c589,snotra@34b0ce8,snotra,34b0ce8,hoenir@5907a3b,hoenir,5907a3b,quarry,all_official,1,0,rating,a,a,1.0,core_destroyed,125,,10,150,9,8,7,0,8,5,ok,,4.96,n-62-31-4,29052882,2026-08-08T18:06:58+0200
bdae1a11494401c8,auto-464e99b7c589,mjolnir@2e6c876,mjolnir,2e6c876,hoenir@5907a3b,hoenir,5907a3b,moonrise,all_official,1,0,rating,b,b,0.0,core_destroyed,99,,8,200,6,9,9,180,3,6,ok,,2.612,n-62-31-24,29052882,2026-08-08T18:05:52+0200
bdc1d83181e4d17d,auto-464e99b7c589,ragnarok_fair@79582fc,ragnarok_fair,79582fc,hoenir@5907a3b,hoenir,5907a3b,fjordgate,all_official,1,0,rating,b,b,0.0,core_destroyed,85,,8,0,6,0,10,80,6,3,ok,,3.141,n-62-11-61,29052882,2026-08-08T18:06:43+0200
bdd67f037b3c5d4c,auto-464e99b7c589,hoenir@5907a3b,hoenir,5907a3b,steward_hardened_reinforced@f61245f,steward_hardened_reinforced,f61245f,eider,all_official,1,0,rating,a,a,1.0,core_destroyed,88,,28,460,7,12,16,450,7,9,ok,,3.578,n-62-30-24,29052882,2026-08-08T18:07:50+0200
bddcb570d5961d72,auto-464e99b7c589,hoenir@5907a3b,hoenir,5907a3b,sif@3fc5cd8,sif,3fc5cd8,twins,all_official,1,0,rating,a,a,1.0,core_destroyed,81,,6,180,9,7,10,260,9,10,ok,,4.403,n-62-31-11,29052882,2026-08-08T18:06:29+0200
bdde6ce58b4e7fa6,auto-464e99b7c589,hoenir@5907a3b,hoenir,5907a3b,spar_mender@d5b46bc,spar_mender,d5b46bc,pinch,all_official,1,0,rating,a,a,1.0,core_destroyed,114,,30,710,10,14,8,0,8,4,ok,,4.536,n-62-21-92,29052882,2026-08-08T18:07:35+0200
bdf5e033b11d5788,auto-464e99b7c589,gefn@46ac5e6,gefn,46ac5e6,hoenir@5907a3b,hoenir,5907a3b,eider,all_official,1,0,rating,a,a,1.0,core_destroyed,117,,25,760,10,17,10,610,6,14,ok,,4.552,n-62-21-12,29052882,2026-08-08T18:04:51+0200
bdfcbc7ae750c667,auto-464e99b7c589,hoenir@5907a3b,hoenir,5907a3b,forseti@37dc858,forseti,37dc858,heart,all_official,1,0,rating,b,b,0.0,core_destroyed,421,,10,0,8,2,8,40,6,6,ok,,4.998,n-62-11-52,29052882,2026-08-08T18:04:57+0200
be02af55a30b057e,auto-464e99b7c589,fenrir2@6b39ebb,fenrir2,6b39ebb,hoenir@5907a3b,hoenir,5907a3b,showdown,all_official,1,0,rating,b,b,0.0,core_destroyed,105,,10,0,7,6,19,280,8,17,ok,,3.425,n-62-31-8,29052882,2026-08-08T18:04:53+0200
be03eae761747e2c,auto-464e99b7c589,jonbot_190003d@90fc9f3,jonbot_190003d,90fc9f3,hoenir@5907a3b,hoenir,5907a3b,antler,all_official,1,0,rating,a,a,1.0,core_destroyed,449,,58,1100,8,7,9,1140,6,9,ok,,4.348,n-62-11-63,29052882,2026-08-08T18:05:36+0200
be0d651b06f42ece,auto-464e99b7c589,snotra@34b0ce8,snotra,34b0ce8,hoenir@5907a3b,hoenir,5907a3b,skerry,all_official,1,0,rating,b,b,0.0,core_destroyed,60,,18,260,8,7,29,260,8,11,ok,,3.688,n-62-31-4,29052882,2026-08-08T18:07:37+0200
bea7b7401174c6b6,auto-464e99b7c589,hodr@ea88247,hodr,ea88247,hoenir@5907a3b,hoenir,5907a3b,quarry,all_official,1,0,rating,a,a,1.0,core_destroyed,67,,19,320,9,18,10,0,8,5,ok,,3.947,n-62-21-56,29052882,2026-08-08T18:05:05+0200
beae3cac7f61a7cd,auto-464e99b7c589,hoenir@5907a3b,hoenir,5907a3b,mjolnir@2e6c876,mjolnir,2e6c876,longship,all_official,1,0,rating,a,a,1.0,core_destroyed,921,,77,4540,23,18,2394,14030,12,97,ok,,35.919,n-62-21-7,29052882,2026-08-08T18:07:42+0200
beb2d4f4a54f854c,auto-464e99b7c589,janus@8a1e7a1,janus,8a1e7a1,hoenir@5907a3b,hoenir,5907a3b,string,all_official,1,0,rating,a,a,1.0,core_destroyed,83,,84,380,7,9,10,200,7,7,ok,,3.442,n-62-31-24,29052882,2026-08-08T18:05:44+0200
bec1c2602ed2ef2d,auto-464e99b7c589,fulla@ec5aa19,fulla,ec5aa19,hoenir@5907a3b,hoenir,5907a3b,skerry,all_official,1,0,rating,b,b,0.0,core_destroyed,60,,18,260,8,7,29,260,8,11,ok,,3.752,n-62-21-6,29052882,2026-08-08T18:04:54+0200
bec426c3df8a5438,auto-464e99b7c589,hoenir@5907a3b,hoenir,5907a3b,spork@05ab6a2,spork,05ab6a2,snowflake,all_official,1,0,rating,a,a,1.0,core_destroyed,57,,69,500,8,20,17,540,8,36,ok,,3.736,n-62-21-90,29052882,2026-08-08T18:07:03+0200
bec5dda23a3fedce,auto-464e99b7c589,hodr@ea88247,hodr,ea88247,hoenir@5907a3b,hoenir,5907a3b,vault,all_official,1,0,rating,a,a,1.0,core_destroyed,89,,14,390,10,15,145,400,13,18,ok,,5.295,n-62-21-59,29052882,2026-08-08T18:05:47+0200
becf45c73283c298,auto-464e99b7c589,bastion@840a180,bastion,840a180,hoenir@5907a3b,hoenir,5907a3b,eider,all_official,1,0,rating,b,b,0.0,core_destroyed,39,,23,120,9,8,19,140,6,11,ok,,3.142,n-62-21-92,29052882,2026-08-08T18:05:43+0200
bed017c8daf3ceb8,auto-464e99b7c589,skadi@821d792,skadi,821d792,hoenir@5907a3b,hoenir,5907a3b,skerry,all_official,1,0,rating,a,a,1.0,core_destroyed,123,,66,810,9,32,57,790,15,11,ok,,6.26,n-62-29-16,29052882,2026-08-08T18:07:27+0200
bede7c689751c234,auto-464e99b7c589,hoenir@5907a3b,hoenir,5907a3b,fenrir2@6b39ebb,fenrir2,6b39ebb,antler,all_official,1,0,rating,b,b,0.0,core_destroyed,101,,17,330,8,5,9,240,6,7,ok,,3.53,n-62-31-7,29052882,2026-08-08T18:05:26+0200
bef5d3ce668589dc,auto-464e99b7c589,hoenir@5907a3b,hoenir,5907a3b,prospect@bf9b3e3,prospect,bf9b3e3,vase,all_official,1,0,rating,a,a,1.0,core_destroyed,204,,18,470,10,10,20,470,5,6,ok,,6.134,n-62-31-14,29052882,2026-08-08T18:06:43+0200
bf125d3e62aee5bb,auto-464e99b7c589,hoenir@5907a3b,hoenir,5907a3b,skadi@1e4eddf,skadi,1e4eddf,sweden,all_official,1,0,rating,a,a,1.0,core_destroyed,474,,17,1150,15,18,39,80,2,15,ok,,13.535,n-62-21-90,29052882,2026-08-08T18:07:09+0200
bf216f29fc8916c1,auto-464e99b7c589,hoenir@5907a3b,hoenir,5907a3b,fulla@ec5aa19,fulla,ec5aa19,runestone,all_official,1,0,rating,a,a,1.0,core_destroyed,417,,9,250,8,14,14,390,8,3,ok,,6.621,n-62-21-4,29052882,2026-08-08T18:05:19+0200
bf3d6a94d3472207,auto-464e99b7c589,spar_sniper@aa24129,spar_sniper,aa24129,hoenir@5907a3b,hoenir,5907a3b,longship,all_official,1,0,rating,b,b,0.0,core_destroyed,409,,9,1000,8,11,8,1000,6,12,ok,,5.543,n-62-31-18,29052882,2026-08-08T18:07:38+0200
bf41c134fdcd163a,auto-464e99b7c589,hoenir@5907a3b,hoenir,5907a3b,janus@8a1e7a1,janus,8a1e7a1,jackpot,all_official,1,0,rating,a,a,1.0,core_destroyed,213,,19,560,10,20,59,600,11,4,ok,,5.653,n-62-31-4,29052882,2026-08-08T18:05:37+0200
bf4cc713675b3547,auto-464e99b7c589,hoenir@5907a3b,hoenir,5907a3b,mimir@cfc1ec4,mimir,cfc1ec4,meander,all_official,1,0,rating,a,a,1.0,core_destroyed,62,,9,200,5,14,8,0,9,7,ok,,3.21,n-62-21-17,29052882,2026-08-08T18:06:23+0200
bf57d107578c25a4,auto-464e99b7c589,hoenir@5907a3b,hoenir,5907a3b,prospect_rushonly@bf9b3e3,prospect_rushonly,bf9b3e3,fjordgate,all_official,1,0,rating,b,b,0.0,core_destroyed,90,,166,210,4,7,9,210,6,5,ok,,2.411,n-62-31-8,29052882,2026-08-08T18:06:44+0200
bf7c90b62ee1e1d0,auto-464e99b7c589,hoenir@5907a3b,hoenir,5907a3b,bastion@840a180,bastion,840a180,hive,all_official,1,0,rating,b,b,0.0,core_destroyed,212,,20,820,8,51,56,660,7,43,ok,,5.336,n-62-31-9,29052882,2026-08-08T18:05:06+0200
bf9fe855bd367c67,auto-464e99b7c589,hoenir@5907a3b,hoenir,5907a3b,fenrir2@6b39ebb,fenrir2,6b39ebb,twins,all_official,1,0,rating,a,a,1.0,core_destroyed,92,,18,210,7,9,20,120,7,8,ok,,3.843,n-62-31-16,29052882,2026-08-08T18:05:21+0200
bfb621a088fc6899,auto-464e99b7c589,hoenir@5907a3b,hoenir,5907a3b,loki@9ac8974,loki,9ac8974,bridge,all_official,1,0,rating,a,a,1.0,core_destroyed,144,,60,860,11,19,48,0,7,2,ok,,6.088,n-62-31-13,29052882,2026-08-08T18:05:50+0200
bfc686a39e918d51,auto-464e99b7c589,hoenir@5907a3b,hoenir,5907a3b,jotunn@6b39ebb,jotunn,6b39ebb,skerry,all_official,1,0,rating,a,a,1.0,core_destroyed,246,,30,1740,17,37,16,1380,11,35,ok,,10.68,n-62-28-31,29052882,2026-08-08T18:06:02+0200
bfd47e8a8a9646e3,auto-464e99b7c589,gobbleglitch@6cdc440,gobbleglitch,6cdc440,hoenir@5907a3b,hoenir,5907a3b,sweden,all_official,1,0,rating,a,a,1.0,core_destroyed,240,,68,1060,15,13,25,560,8,23,ok,,7.426,n-62-21-62,29052882,2026-08-08T18:04:52+0200
bfd69f6955bd66b1,auto-464e99b7c589,steward_hardened_reinforced@672ee02,steward_hardened_reinforced,672ee02,hoenir@5907a3b,hoenir,5907a3b,showdown,all_official,1,0,rating,a,a,1.0,core_destroyed,216,,29,970,8,19,16,320,4,14,ok,,4.371,n-62-31-24,29052882,2026-08-08T18:07:49+0200
bfe2462908a403a2,auto-464e99b7c589,hoenir@5907a3b,hoenir,5907a3b,spar_mender@7ed1acc,spar_mender,7ed1acc,snowflake,all_official,1,0,rating,a,a,1.0,core_destroyed,68,,94,760,5,50,181,690,8,29,ok,,2.795,n-62-11-62,29052882,2026-08-08T18:06:59+0200
c0316f3deebc56e1,auto-464e99b7c589,hoenir@5907a3b,hoenir,5907a3b,bifrost@c70c467,bifrost,c70c467,vault,all_official,1,0,rating,a,a,1.0,core_destroyed,230,,19,1100,6,14,18,810,8,5,ok,,6.465,n-62-29-16,29052882,2026-08-08T18:04:53+0200
c046889ef572f811,auto-464e99b7c589,hoenir@5907a3b,hoenir,5907a3b,skadi@aad5f44,skadi,aad5f44,bridge,all_official,1,0,rating,b,b,0.0,titanium_collected,1000,,148,2460,9,15,1709,2600,5,7,ok,,19.263,n-62-29-9,29052882,2026-08-08T18:07:07+0200
c059d2f36a97f13b,auto-464e99b7c589,hoenir@5907a3b,hoenir,5907a3b,magni@3677a66,magni,3677a66,antler,all_official,1,0,rating,b,b,0.0,core_destroyed,56,,20,290,6,13,18,230,7,14,ok,,3.019,n-62-11-52,29052882,2026-08-08T18:05:40+0200
c0ba916445cf319c,auto-464e99b7c589,hoenir@5907a3b,hoenir,5907a3b,prospect@bf9b3e3,prospect,bf9b3e3,saga,all_official,1,0,rating,a,a,1.0,core_destroyed,250,,9,590,10,11,8,0,9,0,ok,,7.019,n-62-31-20,29052882,2026-08-08T18:06:50+0200
c0d6bf0940c469b9,auto-464e99b7c589,hoenir@5907a3b,hoenir,5907a3b,freyr@c2c0d3d,freyr,c2c0d3d,saga,all_official,1,0,rating,b,b,0.0,core_destroyed,79,,8,250,8,28,9,360,8,23,ok,,4.076,n-62-12-2,29052882,2026-08-08T18:04:49+0200
c0f4455c89b2bd2e,auto-464e99b7c589,njord@f66a427,njord,f66a427,hoenir@5907a3b,hoenir,5907a3b,string,all_official,1,0,rating,b,b,0.0,core_destroyed,533,,9,1480,9,6,10,1340,10,12,ok,,11.654,n-62-11-66,29052882,2026-08-08T18:06:36+0200
c0f4c4f904561707,auto-464e99b7c589,jonbot@90fc9f3,jonbot,90fc9f3,hoenir@5907a3b,hoenir,5907a3b,lighthouse,all_official,1,0,rating,b,b,0.0,core_destroyed,85,,170,180,8,11,20,360,7,13,ok,,3.659,n-62-11-60,29052882,2026-08-08T18:05:50+0200
c0fa523baa28eac2,auto-464e99b7c589,lockin@90fc9f3,lockin,90fc9f3,hoenir@5907a3b,hoenir,5907a3b,eider,all_official,1,0,rating,b,b,0.0,core_destroyed,47,,610,0,0,0,27,180,7,14,ok,,1.725,n-62-29-24,29052882,2026-08-08T18:05:26+0200
c108a74642e75c43,auto-464e99b7c589,gefjon@f66a427,gefjon,f66a427,hoenir@5907a3b,hoenir,5907a3b,bridge,all_official,1,0,rating,a,a,1.0,core_destroyed,177,,10,0,9,6,93,0,7,7,ok,,5.315,n-62-21-10,29052882,2026-08-08T18:05:21+0200
c10a53597d53e967,auto-464e99b7c589,hoenir@5907a3b,hoenir,5907a3b,spar_sniper@aa24129,spar_sniper,aa24129,fjord,all_official,1,0,rating,a,a,1.0,core_destroyed,64,,49,420,8,18,17,390,9,14,ok,,3.681,n-62-21-97,29052882,2026-08-08T18:07:08+0200
c13b663ef7dcc8f4,auto-464e99b7c589,hoenir@5907a3b,hoenir,5907a3b,casemate_oracle@90fc9f3,casemate_oracle,90fc9f3,vase,all_official,1,0,rating,a,a,1.0,core_destroyed,66,,20,130,8,20,435,0,4,2,ok,,3.056,n-62-29-27,29052882,2026-08-08T18:05:22+0200
c14406a8502d7f1e,auto-464e99b7c589,hoenir@5907a3b,hoenir,5907a3b,casemate_oracle@90fc9f3,casemate_oracle,90fc9f3,showdown,all_official,1,0,rating,a,a,1.0,core_destroyed,145,,105,820,9,21,29,0,8,1,ok,,6.009,n-62-29-33,29052882,2026-08-08T18:04:42+0200
c14f393b1eba90b3,auto-464e99b7c589,odin@38e1456,odin,38e1456,hoenir@5907a3b,hoenir,5907a3b,strait,all_official,1,0,rating,b,b,0.0,core_destroyed,95,,10,320,10,28,31,540,8,25,ok,,4.942,n-62-21-98,29052882,2026-08-08T18:06:12+0200
c15c755981aeada8,auto-464e99b7c589,steward_hardened_reinforced@a994296,steward_hardened_reinforced,a994296,hoenir@5907a3b,hoenir,5907a3b,skerry,all_official,1,0,rating,b,b,0.0,core_destroyed,150,,8,450,8,11,18,710,9,10,ok,,3.865,n-62-11-62,29052882,2026-08-08T18:07:37+0200
c161541f31bd64d3,auto-464e99b7c589,mistral@90fc9f3,mistral,90fc9f3,hoenir@5907a3b,hoenir,5907a3b,snowflake,all_official,1,0,rating,b,b,0.0,core_destroyed,53,,310,0,5,0,2,110,8,19,ok,,6.723,n-62-21-5,29052882,2026-08-08T18:05:54+0200
c1768d1b12844409,auto-464e99b7c589,loki@832c68a,loki,832c68a,hoenir@5907a3b,hoenir,5907a3b,hive,all_official,1,0,rating,a,a,1.0,core_destroyed,681,,12,140,8,11,10,1680,7,22,ok,,10.687,n-62-29-5,29052882,2026-08-08T18:05:59+0200
c19d5997e8eb437b,auto-464e99b7c589,casemate_oracle@90fc9f3,casemate_oracle,90fc9f3,hoenir@5907a3b,hoenir,5907a3b,string,all_official,1,0,rating,b,b,0.0,core_destroyed,139,,27,0,6,6,9,340,9,3,ok,,3.674,n-62-29-27,29052882,2026-08-08T18:04:43+0200
c1b406ddb571b603,auto-464e99b7c589,hoenir@5907a3b,hoenir,5907a3b,steward_hardened_reinforced@a994296,steward_hardened_reinforced,a994296,skerry,all_official,1,0,rating,b,b,0.0,core_destroyed,74,,8,320,9,10,8,330,8,19,ok,,3.363,n-62-11-62,29052882,2026-08-08T18:07:33+0200
c1bb6c13dd78af75,auto-464e99b7c589,magni@3677a66,magni,3677a66,hoenir@5907a3b,hoenir,5907a3b,duel,all_official,1,0,rating,b,b,0.0,core_destroyed,47,,9,190,8,6,7,200,8,6,ok,,2.831,n-62-11-50,29052882,2026-08-08T18:05:57+0200
c1be1af717445658,auto-464e99b7c589,freyr@c2c0d3d,freyr,c2c0d3d,hoenir@5907a3b,hoenir,5907a3b,eider,all_official,1,0,rating,a,a,1.0,core_destroyed,144,,60,930,11,15,21,930,7,14,ok,,5.828,n-62-12-7,29052882,2026-08-08T18:04:58+0200
c214349656804895,auto-464e99b7c589,jonbot@90fc9f3,jonbot,90fc9f3,hoenir@5907a3b,hoenir,5907a3b,pinch,all_official,1,0,rating,b,b,0.0,core_destroyed,292,,66,90,8,3,20,710,7,13,ok,,5.796,n-62-11-68,29052882,2026-08-08T18:05:52+0200
c24c1e7023eb23d1,auto-464e99b7c589,hoenir@5907a3b,hoenir,5907a3b,odin@93e46da,odin,93e46da,vault,all_official,1,0,rating,b,b,0.0,core_destroyed,117,,49,530,13,13,17,550,8,23,ok,,5.179,n-62-29-15,29052882,2026-08-08T18:07:28+0200
c266167c5d9262b2,auto-464e99b7c589,hoenir@5907a3b,hoenir,5907a3b,odin@38e1456,odin,38e1456,archipelago,all_official,1,0,rating,a,a,1.0,core_destroyed,73,,88,570,9,26,10,80,8,22,ok,,3.251,n-62-11-64,29052882,2026-08-08T18:05:53+0200
c277dcbdf581b14e,auto-464e99b7c589,hoenir@5907a3b,hoenir,5907a3b,gefn@46ac5e6,gefn,46ac5e6,nordkap,all_official,1,0,rating,a,a,1.0,core_destroyed,501,,9,80,8,6,10,80,7,4,ok,,6.319,n-62-21-15,29052882,2026-08-08T18:04:51+0200
c278f5708b7ed3d1,auto-464e99b7c589,hoenir@5907a3b,hoenir,5907a3b,spar_mender@7ed1acc,spar_mender,7ed1acc,saga,all_official,1,0,rating,a,a,1.0,core_destroyed,96,,20,340,7,27,177,830,11,42,ok,,4.428,n-62-11-68,29052882,2026-08-08T18:07:24+0200
c281baf27138a0ec,auto-464e99b7c589,hoenir@5907a3b,hoenir,5907a3b,forseti@37dc858,forseti,37dc858,aurora,all_official,1,0,rating,a,a,1.0,core_destroyed,140,,19,640,8,19,16,60,8,15,ok,,4.827,n-62-31-19,29052882,2026-08-08T18:05:18+0200
c2974a23c6a8296b,auto-464e99b7c589,hoenir@5907a3b,hoenir,5907a3b,fulla@ec5aa19,fulla,ec5aa19,pinch,all_official,1,0,rating,a,a,1.0,core_destroyed,165,,9,390,8,12,13,160,8,4,ok,,3.788,n-62-21-4,29052882,2026-08-08T18:04:51+0200
c2a1d56b8d6654b1,auto-464e99b7c589,hoenir@5907a3b,hoenir,5907a3b,bastion@840a180,bastion,840a180,sprint,all_official,1,0,rating,a,a,1.0,core_destroyed,97,,8,60,6,6,10,0,7,0,ok,,2.959,n-62-21-98,29052882,2026-08-08T18:04:58+0200
c2b7841bd20a928c,auto-464e99b7c589,mimir@cfc1ec4,mimir,cfc1ec4,hoenir@5907a3b,hoenir,5907a3b,string,all_official,1,0,rating,b,b,0.0,core_destroyed,533,,9,1480,9,6,10,1340,10,12,ok,,13.877,n-62-21-14,29052882,2026-08-08T18:05:53+0200
c2c15f88f6ab5b42,auto-464e99b7c589,snotra_h@4437c29,snotra_h,4437c29,hoenir@5907a3b,hoenir,5907a3b,atoll,all_official,1,0,rating,a,a,1.0,core_destroyed,89,,8,390,8,16,7,240,9,3,ok,,3.811,n-62-30-24,29052882,2026-08-08T18:06:51+0200
c2d1af2a3edf3ab7,auto-464e99b7c589,janus@8a1e7a1,janus,8a1e7a1,hoenir@5907a3b,hoenir,5907a3b,moonrise,all_official,1,0,rating,a,a,1.0,titanium_collected,1000,,16,260,6,3,18,110,8,6,ok,,6.281,n-62-31-5,29052882,2026-08-08T18:05:36+0200
c2da9668cefcb353,auto-464e99b7c589,hoenir@5907a3b,hoenir,5907a3b,bastion@840a180,bastion,840a180,crossfire,all_official,1,0,rating,a,a,1.0,core_destroyed,135,,7,320,8,7,9,40,8,2,ok,,3.678,n-62-21-92,29052882,2026-08-08T18:05:17+0200
c2dbe9836bb93f35,auto-464e99b7c589,pantheon_replica_day3@aa8bae0,pantheon_replica_day3,aa8bae0,hoenir@5907a3b,hoenir,5907a3b,pinch,all_official,1,0,rating,b,b,0.0,core_destroyed,61,,10,0,9,2,10,60,5,6,ok,,3.125,n-62-30-25,29052882,2026-08-08T18:06:34+0200
c2e2f2e3e9c1e1ec,auto-464e99b7c589,spar_mender@7ed1acc,spar_mender,7ed1acc,hoenir@5907a3b,hoenir,5907a3b,saga,all_official,1,0,rating,b,b,0.0,core_destroyed,126,,23,1010,17,33,151,820,9,40,ok,,6.117,n-62-11-68,29052882,2026-08-08T18:07:30+0200
c341a19f1be019ec,auto-464e99b7c589,hoenir@5907a3b,hoenir,5907a3b,jotunn@6b39ebb,jotunn,6b39ebb,saga,all_official,1,0,rating,a,a,1.0,core_destroyed,76,,20,240,7,30,45,310,8,39,ok,,3.212,n-62-28-31,29052882,2026-08-08T18:05:32+0200
c3438484cf2c898d,auto-464e99b7c589,hoenir@5907a3b,hoenir,5907a3b,fulla@ec5aa19,fulla,ec5aa19,antler,all_official,1,0,rating,a,a,1.0,core_destroyed,104,,28,660,5,12,16,470,8,12,ok,,3.357,n-62-12-4,29052882,2026-08-08T18:05:01+0200
c3510bbed707782c,auto-464e99b7c589,prospect_rushonly@bf9b3e3,prospect_rushonly,bf9b3e3,hoenir@5907a3b,hoenir,5907a3b,eider,all_official,1,0,rating,b,b,0.0,core_destroyed,44,,19,90,8,7,19,150,7,7,ok,,3.047,n-62-31-8,29052882,2026-08-08T18:06:34+0200
c3ad356e436cc72c,auto-464e99b7c589,loki@9ac8974,loki,9ac8974,hoenir@5907a3b,hoenir,5907a3b,longship,all_official,1,0,rating,b,b,0.0,core_destroyed,260,,20,120,8,4,19,630,6,13,ok,,5.115,n-62-31-8,29052882,2026-08-08T18:06:11+0200
c3b9a6cb2548e3d6,auto-464e99b7c589,gobbleglitch@6cdc440,gobbleglitch,6cdc440,hoenir@5907a3b,hoenir,5907a3b,archipelago,all_official,1,0,rating,b,b,0.0,core_destroyed,135,,57,0,8,0,9,300,9,9,ok,,3.706,n-62-21-23,29052882,2026-08-08T18:05:07+0200
c3c4badd4367c8d4,auto-464e99b7c589,hoenir@5907a3b,hoenir,5907a3b,steward_hardened_reinforced@c04e46e,steward_hardened_reinforced,c04e46e,crossfire,all_official,1,0,rating,a,a,1.0,core_destroyed,171,,10,380,8,10,7,50,7,4,ok,,3.831,n-62-21-92,29052882,2026-08-08T18:07:32+0200
c3c74bc5de379018,auto-464e99b7c589,hoenir@5907a3b,hoenir,5907a3b,mjolnir@2e6c876,mjolnir,2e6c876,heart,all_official,1,0,rating,a,a,1.0,core_destroyed,113,,10,220,7,15,35,0,7,16,ok,,4.016,n-62-21-18,29052882,2026-08-08T18:07:14+0200
c3c95827637aacdc,auto-464e99b7c589,hoenir@5907a3b,hoenir,5907a3b,snotra@34b0ce8,snotra,34b0ce8,string,all_official,1,0,rating,a,a,1.0,core_destroyed,78,,16,190,5,3,12,180,9,2,ok,,2.951,n-62-30-25,29052882,2026-08-08T18:07:09+0200
c3ccfdb9709e6ab8,auto-464e99b7c589,fulla@ec5aa19,fulla,ec5aa19,hoenir@5907a3b,hoenir,5907a3b,vault,all_official,1,0,rating,b,b,0.0,core_destroyed,79,,23,330,10,9,9,350,9,19,ok,,4.372,n-62-21-9,29052882,2026-08-08T18:06:13+0200
c3d9e9fe2cf7b0bd,auto-464e99b7c589,loki@9ac8974,loki,9ac8974,hoenir@5907a3b,hoenir,5907a3b,snowflake,all_official,1,0,rating,a,a,1.0,core_destroyed,65,,30,600,11,19,7,140,8,11,ok,,4.429,n-62-31-19,29052882,2026-08-08T18:06:04+0200
c3e4c7e34d4ce157,auto-464e99b7c589,hoenir@5907a3b,hoenir,5907a3b,fulla@ec5aa19,fulla,ec5aa19,nordkap,all_official,1,0,rating,a,a,1.0,core_destroyed,501,,9,80,8,7,14,80,7,4,ok,,7.145,n-62-21-4,29052882,2026-08-08T18:04:43+0200
c3e9ad633e86a57a,auto-464e99b7c589,spar_mender@7ed1acc,spar_mender,7ed1acc,hoenir@5907a3b,hoenir,5907a3b,sweden,all_official,1,0,rating,b,b,0.0,core_destroyed,504,,79,1210,17,18,52,1220,9,21,ok,,12.86,n-62-11-66,29052882,2026-08-08T18:07:12+0200
c401c82018ff9d1b,auto-464e99b7c589,loki@832c68a,loki,832c68a,hoenir@5907a3b,hoenir,5907a3b,fjordgate,all_official,1,0,rating,a,a,1.0,core_destroyed,172,,34,800,6,21,34,10,3,3,ok,,3.187,n-62-29-5,29052882,2026-08-08T18:05:31+0200
c44328e2bda024fc,auto-464e99b7c589,spork@05ab6a2,spork,05ab6a2,hoenir@5907a3b,hoenir,5907a3b,antler,all_official,1,0,rating,a,a,1.0,core_destroyed,108,,49,720,7,19,18,490,7,12,ok,,3.69,n-62-28-28,29052882,2026-08-08T18:07:05+0200
c44ad5f963f68185,auto-464e99b7c589,aegis@e55aab5,aegis,e55aab5,hoenir@5907a3b,hoenir,5907a3b,vase,all_official,1,0,rating,a,a,1.0,core_destroyed,505,,10,0,7,6,1160,1220,8,6,ok,,7.291,n-62-11-67,29052882,2026-08-08T18:04:57+0200
c45008d0ee9547ef,auto-464e99b7c589,sif@3fc5cd8,sif,3fc5cd8,hoenir@5907a3b,hoenir,5907a3b,duel,all_official,1,0,rating,b,b,0.0,core_destroyed,51,,9,210,8,6,9,220,8,6,ok,,2.742,n-62-11-64,29052882,2026-08-08T18:06:39+0200
c458a42eca95a615,auto-464e99b7c589,maporacle@38e1456,maporacle,38e1456,hoenir@5907a3b,hoenir,5907a3b,snowflake,all_official,1,0,rating,a,a,1.0,core_destroyed,75,,19,530,10,18,0,160,8,10,ok,,4.868,n-62-21-1,29052882,2026-08-08T18:06:20+0200
c46ca55a8843d959,auto-464e99b7c589,hoenir@5907a3b,hoenir,5907a3b,forseti@37dc858,forseti,37dc858,eider,all_official,1,0,rating,a,a,1.0,core_destroyed,88,,28,460,7,12,16,450,7,9,ok,,3.353,n-62-11-55,29052882,2026-08-08T18:05:11+0200
c4b2ba030f19eaea,auto-464e99b7c589,audhumla@a7faecd,audhumla,a7faecd,hoenir@5907a3b,hoenir,5907a3b,hive,all_official,1,0,rating,a,a,1.0,core_destroyed,170,,66,810,8,37,25,400,9,19,ok,,5.538,n-62-11-68,29052882,2026-08-08T18:04:46+0200
c4c7dd30bec8afa7,auto-464e99b7c589,hoenir@5907a3b,hoenir,5907a3b,steward_hardened_reinforced@cdc552f,steward_hardened_reinforced,cdc552f,saga,all_official,1,0,rating,a,a,1.0,core_destroyed,161,,18,670,11,28,23,310,8,18,ok,,7.191,n-62-29-21,29052882,2026-08-08T18:07:44+0200
c4dbd14a499aceb0,auto-464e99b7c589,heimdall@daf0de0,heimdall,daf0de0,hoenir@5907a3b,hoenir,5907a3b,quarry,all_official,1,0,rating,b,b,0.0,core_destroyed,274,,704,3080,7,80,85,1550,14,23,ok,,8.853,n-62-21-69,29052882,2026-08-08T18:05:21+0200
c4ec4cd40b990ab8,auto-464e99b7c589,hoenir@5907a3b,hoenir,5907a3b,casemate_oracle@90fc9f3,casemate_oracle,90fc9f3,duel,all_official,1,0,rating,a,a,1.0,core_destroyed,73,,10,180,8,4,30,0,6,5,ok,,3.478,n-62-29-21,29052882,2026-08-08T18:05:15+0200
c4f38df3e46828c6,auto-464e99b7c589,hoenir@5907a3b,hoenir,5907a3b,heimdall@daf0de0,heimdall,daf0de0,aurora,all_official,1,0,rating,a,a,1.0,core_destroyed,83,,45,470,9,23,25,440,9,24,ok,,4.22,n-62-21-63,29052882,2026-08-08T18:04:57+0200
c532a7e31cc1f6c9,auto-464e99b7c589,hoenir@5907a3b,hoenir,5907a3b,audhumla@a7faecd,audhumla,a7faecd,sweden,all_official,1,0,rating,a,a,1.0,core_destroyed,187,,40,1050,11,31,10,250,5,10,ok,,7.319,n-62-11-63,29052882,2026-08-08T18:05:06+0200
c53c253bab47a6ec,auto-464e99b7c589,maporacle@38e1456,maporacle,38e1456,hoenir@5907a3b,hoenir,5907a3b,drumlin,all_official,1,0,rating,b,b,0.0,core_destroyed,58,,12,180,8,23,17,430,7,21,ok,,3.532,n-62-12-1,29052882,2026-08-08T18:05:37+0200
c53f4cf27c4ec2d9,auto-464e99b7c589,steward_hardened_reinforced@f61245f,steward_hardened_reinforced,f61245f,hoenir@5907a3b,hoenir,5907a3b,aurora,all_official,1,0,rating,b,b,0.0,core_destroyed,65,,20,390,9,30,19,340,10,22,ok,,3.935,n-62-30-25,29052882,2026-08-08T18:07:55+0200
c5701ada2b786537,auto-464e99b7c589,hoenir@5907a3b,hoenir,5907a3b,jotunn@6b39ebb,jotunn,6b39ebb,pinch,all_official,1,0,rating,a,a,1.0,core_destroyed,355,,6,880,6,15,3,2470,12,38,ok,,7.732,n-62-28-34,29052882,2026-08-08T18:05:54+0200
c57fdbdcf9ff3afe,auto-464e99b7c589,hoenir@5907a3b,hoenir,5907a3b,skadi@821d792,skadi,821d792,jackpot,all_official,1,0,rating,a,a,1.0,core_destroyed,157,,44,730,12,16,40,420,10,7,ok,,5.991,n-62-12-1,29052882,2026-08-08T18:07:01+0200
c581d751ce1da502,auto-464e99b7c589,hoenir@5907a3b,hoenir,5907a3b,odin@38e1456,odin,38e1456,strait,all_official,1,0,rating,a,a,1.0,core_destroyed,105,,10,640,8,39,53,350,10,12,ok,,4.774,n-62-21-98,29052882,2026-08-08T18:06:07+0200
c5829b09cc76b79c,auto-464e99b7c589,loki@9ac8974,loki,9ac8974,hoenir@5907a3b,hoenir,5907a3b,saga,all_official,1,0,rating,a,a,1.0,core_destroyed,113,,18,430,9,24,16,500,7,27,ok,,5.588,n-62-31-19,29052882,2026-08-08T18:05:37+0200
c593c5f1e4a7f28a,auto-464e99b7c589,hoenir@5907a3b,hoenir,5907a3b,fenrir2@6b39ebb,fenrir2,6b39ebb,string,all_official,1,0,rating,b,b,0.0,core_destroyed,170,,65,440,8,10,8,430,4,5,ok,,4.933,n-62-31-16,29052882,2026-08-08T18:04:52+0200
c5cfb731ae31e5cb,auto-464e99b7c589,jonbot@90fc9f3,jonbot,90fc9f3,hoenir@5907a3b,hoenir,5907a3b,nordkap,all_official,1,0,rating,b,b,0.0,core_destroyed,110,,58,190,10,12,6,250,6,14,ok,,3.867,n-62-11-68,29052882,2026-08-08T18:05:40+0200
c63f84119de6f205,auto-464e99b7c589,maporacle@38e1456,maporacle,38e1456,hoenir@5907a3b,hoenir,5907a3b,jackpot,all_official,1,0,rating,b,b,0.0,core_destroyed,244,,41,1150,16,8,117,1130,14,21,ok,,8.932,n-62-12-2,29052882,2026-08-08T18:06:30+0200
c64505af17db09ce,auto-464e99b7c589,hoenir@5907a3b,hoenir,5907a3b,heimdall@daf0de0,heimdall,daf0de0,sweden,all_official,1,0,rating,a,a,1.0,core_destroyed,166,,2,380,10,18,104,40,5,17,ok,,5.386,n-62-21-51,29052882,2026-08-08T18:05:13+0200
c6491133211d7359,auto-464e99b7c589,hoenir@5907a3b,hoenir,5907a3b,skadi@821d792,skadi,821d792,pinch,all_official,1,0,rating,a,a,1.0,core_destroyed,95,,20,560,8,25,35,610,10,26,ok,,4.515,n-62-12-2,29052882,2026-08-08T18:07:02+0200
c653835c8cd6a372,auto-464e99b7c589,mjolnir@2e6c876,mjolnir,2e6c876,hoenir@5907a3b,hoenir,5907a3b,antler,all_official,1,0,rating,b,b,0.0,core_destroyed,49,,4,190,7,8,9,110,5,6,ok,,2.732,n-62-21-11,29052882,2026-08-08T18:06:15+0200
c653851dcfa64b6f,auto-464e99b7c589,hoenir@5907a3b,hoenir,5907a3b,bastion@840a180,bastion,840a180,vault,all_official,1,0,rating,a,a,1.0,core_destroyed,180,,14,590,8,7,20,550,5,5,ok,,4.721,n-62-21-97,29052882,2026-08-08T18:05:10+0200
c670c2d4b5f442e1,auto-464e99b7c589,hoenir@5907a3b,hoenir,5907a3b,ragnarok_fair@79582fc,ragnarok_fair,79582fc,vase,all_official,1,0,rating,a,a,1.0,core_destroyed,119,,13,260,7,10,10,100,10,4,ok,,4.082,n-62-11-66,29052882,2026-08-08T18:07:09+0200
c67aadd718904228,auto-464e99b7c589,forseti@37dc858,forseti,37dc858,hoenir@5907a3b,hoenir,5907a3b,heart,all_official,1,0,rating,a,a,1.0,core_destroyed,337,,9,0,8,3,10,40,6,5,ok,,5.23,n-62-11-52,29052882,2026-08-08T18:05:02+0200
c696d89e97c841b5,auto-464e99b7c589,steward_hardened_reinforced@366cd1b,steward_hardened_reinforced,366cd1b,hoenir@5907a3b,hoenir,5907a3b,skerry,all_official,1,0,rating,b,b,0.0,core_destroyed,150,,8,450,8,11,18,710,9,10,ok,,4.22,n-62-31-5,29052882,2026-08-08T18:07:17+0200
c6bb7973523d2a90,auto-464e99b7c589,hoenir@5907a3b,hoenir,5907a3b,njord@f66a427,njord,f66a427,strait,all_official,1,0,rating,b,b,0.0,core_destroyed,297,,29,820,7,18,8,740,8,13,ok,,5.196,n-62-11-66,29052882,2026-08-08T18:06:18+0200
c6cf0dd38b2337db,auto-464e99b7c589,hoenir@5907a3b,hoenir,5907a3b,skadi@821d792,skadi,821d792,duel,all_official,1,0,rating,a,a,1.0,core_destroyed,241,,8,590,7,3,9,610,5,6,ok,,3.607,n-62-29-15,29052882,2026-08-08T18:06:44+0200
c71a6c0e889046dd,auto-464e99b7c589,magni@3677a66,magni,3677a66,hoenir@5907a3b,hoenir,5907a3b,fjordgate,all_official,1,0,rating,a,a,1.0,core_destroyed,222,,10,1040,6,25,28,10,2,3,ok,,3.756,n-62-11-51,29052882,2026-08-08T18:05:43+0200
c71ebf646c3d0426,auto-464e99b7c589,skadi@aad5f44,skadi,aad5f44,hoenir@5907a3b,hoenir,5907a3b,sprint,all_official,1,0,rating,a,a,1.0,titanium_collected,1000,,16,500,8,11,16,260,7,3,ok,,6.197,n-62-31-21,29052882,2026-08-08T18:07:18+0200
c739672421e141d5,auto-464e99b7c589,njord@f66a427,njord,f66a427,hoenir@5907a3b,hoenir,5907a3b,showdown,all_official,1,0,rating,a,a,1.0,core_destroyed,329,,9,210,8,8,10,170,4,7,ok,,3.52,n-62-11-62,29052882,2026-08-08T18:06:30+0200
c77e45e8454a37fa,auto-464e99b7c589,ostara@832c68a,ostara,832c68a,hoenir@5907a3b,hoenir,5907a3b,quarry,all_official,1,0,rating,a,a,1.0,core_destroyed,145,,10,0,8,6,8,0,8,4,ok,,5.362,n-62-29-9,29052882,2026-08-08T18:06:15+0200
c7807f25beb95691,auto-464e99b7c589,hoenir@5907a3b,hoenir,5907a3b,odin@38e1456,odin,38e1456,atoll,all_official,1,0,rating,a,a,1.0,core_destroyed,222,,42,1060,13,14,10,630,5,13,ok,,5.594,n-62-11-64,29052882,2026-08-08T18:06:04+0200
c784fa2c82448179,auto-464e99b7c589,hoenir@5907a3b,hoenir,5907a3b,freyr@c2c0d3d,freyr,c2c0d3d,longship,all_official,1,0,rating,a,a,1.0,core_destroyed,69,,9,220,9,10,28,150,6,19,ok,,3.303,n-62-12-5,29052882,2026-08-08T18:05:41+0200
c7e76049f0797018,auto-464e99b7c589,e_t4l7@9e77076,e_t4l7,9e77076,hoenir@5907a3b,hoenir,5907a3b,jackpot,all_official,1,0,rating,a,a,1.0,titanium_collected,1000,,2134,2770,9,36,18,2470,8,13,ok,,7.607,n-62-30-23,29052882,2026-08-08T18:05:33+0200
c7fc85512ca41143,auto-464e99b7c589,steward_hardened_reinforced@672ee02,steward_hardened_reinforced,672ee02,hoenir@5907a3b,hoenir,5907a3b,fjord,all_official,1,0,rating,b,b,0.0,core_destroyed,103,,54,470,8,13,17,580,8,18,ok,,4.844,n-62-29-9,29052882,2026-08-08T18:07:42+0200
c83af8eeba5d8dc7,auto-464e99b7c589,hoenir@5907a3b,hoenir,5907a3b,jotunn@6b39ebb,jotunn,6b39ebb,fjordgate,all_official,1,0,rating,a,a,1.0,core_destroyed,218,,10,0,8,2,9,0,9,0,ok,,3.975,n-62-28-28,29052882,2026-08-08T18:06:29+0200
c841d1e0a17f0848,auto-464e99b7c589,aegis@e55aab5,aegis,e55aab5,hoenir@5907a3b,hoenir,5907a3b,snowflake,all_official,1,0,rating,a,a,1.0,core_destroyed,65,,20,430,9,18,18,140,7,10,ok,,4.036,n-62-31-23,29052882,2026-08-08T18:04:44+0200
c843656be0ab36f4,auto-464e99b7c589,freyr@c2c0d3d,freyr,c2c0d3d,hoenir@5907a3b,hoenir,5907a3b,vault,all_official,1,0,rating,a,a,1.0,core_destroyed,88,,30,390,10,15,136,390,13,18,ok,,5.315,n-62-12-4,29052882,2026-08-08T18:04:57+0200
c866b6320795a464,auto-464e99b7c589,hoenir@5907a3b,hoenir,5907a3b,casemate_oracle@90fc9f3,casemate_oracle,90fc9f3,drumlin,all_official,1,0,rating,a,a,1.0,core_destroyed,121,,188,1310,14,37,29,0,6,36,ok,,5.424,n-62-29-21,29052882,2026-08-08T18:05:08+0200
c86d49b08df9169e,auto-464e99b7c589,hoenir@5907a3b,hoenir,5907a3b,gefn@46ac5e6,gefn,46ac5e6,snowflake,all_official,1,0,rating,a,a,1.0,core_destroyed,57,,55,500,9,19,7,110,8,13,ok,,3.606,n-62-21-16,29052882,2026-08-08T18:05:07+0200
c876c8bfdb7581e7,auto-464e99b7c589,loki@9ac8974,loki,9ac8974,hoenir@5907a3b,hoenir,5907a3b,fjordgate,all_official,1,0,rating,a,a,1.0,core_destroyed,172,,34,800,6,21,34,10,3,3,ok,,3.421,n-62-31-14,29052882,2026-08-08T18:05:56+0200
c87eea6611f0a135,auto-464e99b7c589,steward_hardened_reinforced@04300bf,steward_hardened_reinforced,04300bf,hoenir@5907a3b,hoenir,5907a3b,heart,all_official,1,0,rating,b,b,0.0,titanium_collected,1000,,16,0,8,3,19,60,6,10,ok,,8.262,n-62-12-5,29052882,2026-08-08T18:07:50+0200
c8a4c228f5c9900d,auto-464e99b7c589,casemate_oracle@90fc9f3,casemate_oracle,90fc9f3,hoenir@5907a3b,hoenir,5907a3b,twins,all_official,1,0,rating,b,b,0.0,core_destroyed,86,,216,0,5,4,15,350,7,26,ok,,4.356,n-62-29-27,29052882,2026-08-08T18:05:18+0200
c8b12c65029ff8f3,auto-464e99b7c589,maporacle@38e1456,maporacle,38e1456,hoenir@5907a3b,hoenir,5907a3b,vase,all_official,1,0,rating,a,a,1.0,titanium_stored,1000,,2351,2460,3,7,249,2460,6,7,ok,,15.776,n-62-21-3,29052882,2026-08-08T18:05:54+0200
c8b9b23c7497495a,auto-464e99b7c589,hoenir@5907a3b,hoenir,5907a3b,maporacle@38e1456,maporacle,38e1456,eider,all_official,1,0,rating,a,a,1.0,core_destroyed,111,,14,260,8,8,10,170,8,21,ok,,4.084,n-62-12-1,29052882,2026-08-08T18:05:48+0200
c8e6fe97c879d269,auto-464e99b7c589,hoenir@5907a3b,hoenir,5907a3b,snotra_h@4437c29,snotra_h,4437c29,heart,all_official,1,0,rating,b,b,0.0,core_destroyed,689,,10,0,8,2,9,40,6,4,ok,,8.372,n-62-31-22,29052882,2026-08-08T18:07:24+0200
c8f2470e692ec894,auto-464e99b7c589,hoenir@5907a3b,hoenir,5907a3b,pantheon_replica_day3@aa8bae0,pantheon_replica_day3,aa8bae0,atoll,all_official,1,0,rating,a,a,1.0,core_destroyed,53,,9,210,8,7,10,100,8,6,ok,,3.293,n-62-29-34,29052882,2026-08-08T18:06:10+0200
c9256b6d60d66929,auto-464e99b7c589,jotunn@6b39ebb,jotunn,6b39ebb,hoenir@5907a3b,hoenir,5907a3b,vault,all_official,1,0,rating,b,b,0.0,core_destroyed,193,,54,1040,9,39,20,920,15,24,ok,,7.521,n-62-29-15,29052882,2026-08-08T18:06:01+0200
c93b775125bff9e5,auto-464e99b7c589,audhumla@a7faecd,audhumla,a7faecd,hoenir@5907a3b,hoenir,5907a3b,moonrise,all_official,1,0,rating,a,a,1.0,core_destroyed,88,,28,380,9,14,20,100,7,5,ok,,3.039,n-62-11-62,29052882,2026-08-08T18:04:43+0200
c948192ad7b2e393,auto-464e99b7c589,loki@9ac8974,loki,9ac8974,hoenir@5907a3b,hoenir,5907a3b,aurora,all_official,1,0,rating,b,b,0.0,core_destroyed,316,,22,360,10,2,19,770,7,13,ok,,5.616,n-62-31-13,29052882,2026-08-08T18:05:44+0200
c94ce7ca2ae1adb3,auto-464e99b7c589,hoenir@5907a3b,hoenir,5907a3b,steward_hardened_reinforced@366cd1b,steward_hardened_reinforced,366cd1b,vase,all_official,1,0,rating,a,a,1.0,core_destroyed,279,,10,0,6,7,85,110,8,2,ok,,7.664,n-62-29-33,29052882,2026-08-08T18:07:45+0200
c960a5d005a05dee,auto-464e99b7c589,snotra@34b0ce8,snotra,34b0ce8,hoenir@5907a3b,hoenir,5907a3b,fjord,all_official,1,0,rating,b,b,0.0,core_destroyed,148,,10,380,4,12,49,1050,9,19,ok,,4.172,n-62-29-29,29052882,2026-08-08T18:07:16+0200
c969155d76cd990a,auto-464e99b7c589,casemate_oracle@90fc9f3,casemate_oracle,90fc9f3,hoenir@5907a3b,hoenir,5907a3b,saga,all_official,1,0,rating,b,b,0.0,core_destroyed,113,,250,0,4,19,48,690,9,45,ok,,3.993,n-62-29-31,29052882,2026-08-08T18:05:34+0200
c9981fe0ad7e33fa,auto-464e99b7c589,skadi@821d792,skadi,821d792,hoenir@5907a3b,hoenir,5907a3b,moonrise,all_official,1,0,rating,b,b,0.0,titanium_collected,1000,,16,190,5,8,16,200,7,6,ok,,5.729,n-62-12-2,29052882,2026-08-08T18:06:48+0200
c9ac6bd966d1d2ea,auto-464e99b7c589,hoenir@5907a3b,hoenir,5907a3b,steward_hardened_reinforced@672ee02,steward_hardened_reinforced,672ee02,bridge,all_official,1,0,rating,a,a,1.0,core_destroyed,195,,20,1240,15,19,105,0,6,4,ok,,6.549,n-62-31-21,29052882,2026-08-08T18:07:43+0200
c9b27b3b4fb43607,auto-464e99b7c589,hoenir@5907a3b,hoenir,5907a3b,snotra@34b0ce8,snotra,34b0ce8,bridge,all_official,1,0,rating,a,a,1.0,core_destroyed,149,,66,900,15,19,96,0,5,2,ok,,6.106,n-62-29-34,29052882,2026-08-08T18:07:18+0200
c9b94c8183cf57af,auto-464e99b7c589,lockin@90fc9f3,lockin,90fc9f3,hoenir@5907a3b,hoenir,5907a3b,saga,all_official,1,0,rating,b,b,0.0,core_destroyed,93,,730,0,0,0,29,500,8,46,ok,,2.714,n-62-29-31,29052882,2026-08-08T18:06:10+0200
c9c1dd006dfb6c9f,auto-464e99b7c589,jonbot_190003d@90fc9f3,jonbot_190003d,90fc9f3,hoenir@5907a3b,hoenir,5907a3b,hive,all_official,1,0,rating,b,b,0.0,core_destroyed,144,,311,130,7,10,20,340,8,23,ok,,4.134,n-62-21-92,29052882,2026-08-08T18:05:55+0200
c9d5cca7548308ca,auto-464e99b7c589,forseti@37dc858,forseti,37dc858,hoenir@5907a3b,hoenir,5907a3b,atoll,all_official,1,0,rating,a,a,1.0,core_destroyed,89,,8,390,8,16,7,240,9,3,ok,,3.853,n-62-31-19,29052882,2026-08-08T18:05:13+0200
c9e8d2e4b5d8729d,auto-464e99b7c589,hoenir@5907a3b,hoenir,5907a3b,jonbot@90fc9f3,jonbot,90fc9f3,atoll,all_official,1,0,rating,a,a,1.0,core_destroyed,401,,10,1950,7,22,841,990,7,10,ok,,7.527,n-62-11-67,29052882,2026-08-08T18:05:22+0200
c9f0028e09c6c819,auto-464e99b7c589,hoenir@5907a3b,hoenir,5907a3b,spar_sniper@aa24129,spar_sniper,aa24129,crossfire,all_official,1,0,rating,a,a,1.0,core_destroyed,188,,58,1270,12,31,16,50,6,2,ok,,4.674,n-62-21-98,29052882,2026-08-08T18:07:35+0200
c9f041a71158658b,auto-464e99b7c589,hoenir@5907a3b,hoenir,5907a3b,snotra@34b0ce8,snotra,34b0ce8,duel,all_official,1,0,rating,b,b,0.0,core_destroyed,47,,9,190,8,6,7,200,8,6,ok,,2.889,n-62-29-29,29052882,2026-08-08T18:06:57+0200
c9fde5abdd63a836,auto-464e99b7c589,hoenir@5907a3b,hoenir,5907a3b,e_t4l7@9e77076,e_t4l7,9e77076,quarry,all_official,1,0,rating,a,a,1.0,core_destroyed,363,,10,860,9,40,1275,1280,1,17,ok,,7.105,n-62-30-25,29052882,2026-08-08T18:04:43+0200
ca2986d3a07c478a,auto-464e99b7c589,freyr@c2c0d3d,freyr,c2c0d3d,hoenir@5907a3b,hoenir,5907a3b,bridge,all_official,1,0,rating,b,b,0.0,core_destroyed,172,,67,0,4,12,56,830,12,15,ok,,5.557,n-62-21-90,29052882,2026-08-08T18:05:14+0200
ca3015d1c0012260,auto-464e99b7c589,steward_hardened_reinforced@672ee02,steward_hardened_reinforced,672ee02,hoenir@5907a3b,hoenir,5907a3b,hive,all_official,1,0,rating,b,b,0.0,core_destroyed,266,,8,50,8,12,6,640,7,22,ok,,6.259,n-62-31-4,29052882,2026-08-08T18:07:50+0200
ca4f46d146402293,auto-464e99b7c589,forseti@37dc858,forseti,37dc858,hoenir@5907a3b,hoenir,5907a3b,sweden,all_official,1,0,rating,b,b,0.0,core_destroyed,261,,29,0,8,23,10,610,7,21,ok,,7.925,n-62-21-89,29052882,2026-08-08T18:04:56+0200
ca51f3f3b88e0643,auto-464e99b7c589,odin@38e1456,odin,38e1456,hoenir@5907a3b,hoenir,5907a3b,aurora,all_official,1,0,rating,b,b,0.0,core_destroyed,113,,41,260,6,23,68,700,8,28,ok,,4.391,n-62-11-64,29052882,2026-08-08T18:06:16+0200
ca7f5ac5afe9d0c3,auto-464e99b7c589,mjolnir@2e6c876,mjolnir,2e6c876,hoenir@5907a3b,hoenir,5907a3b,saga,all_official,1,0,rating,a,a,1.0,core_destroyed,124,,30,660,7,30,30,450,7,18,ok,,5.662,n-62-31-22,29052882,2026-08-08T18:05:54+0200
ca82249f67e6a0e6,auto-464e99b7c589,hoenir@5907a3b,hoenir,5907a3b,prospect@bf9b3e3,prospect,bf9b3e3,bridge,all_official,1,0,rating,a,a,1.0,core_destroyed,79,,43,340,6,19,29,0,10,5,ok,,3.667,n-62-31-5,29052882,2026-08-08T18:06:13+0200
ca95d1f039968bb4,auto-464e99b7c589,skadi@aad5f44,skadi,aad5f44,hoenir@5907a3b,hoenir,5907a3b,bridge,all_official,1,0,rating,b,b,0.0,core_destroyed,797,,111,0,8,4,96,0,10,10,ok,,13.213,n-62-29-9,29052882,2026-08-08T18:07:20+0200
cabccfd086fe70f3,auto-464e99b7c589,casemate_oracle@90fc9f3,casemate_oracle,90fc9f3,hoenir@5907a3b,hoenir,5907a3b,eider,all_official,1,0,rating,b,b,0.0,core_destroyed,81,,30,0,8,4,10,340,12,8,ok,,4.31,n-62-29-24,29052882,2026-08-08T18:04:43+0200
cacdd012ca19b079,auto-464e99b7c589,hoenir@5907a3b,hoenir,5907a3b,fulla@ec5aa19,fulla,ec5aa19,fjordgate,all_official,1,0,rating,a,a,1.0,core_destroyed,222,,10,1040,6,25,28,10,2,3,ok,,4.451,n-62-21-2,29052882,2026-08-08T18:04:59+0200
cad316e471e6ff48,auto-464e99b7c589,fenrir2@6b39ebb,fenrir2,6b39ebb,hoenir@5907a3b,hoenir,5907a3b,atoll,all_official,1,0,rating,a,a,1.0,core_destroyed,60,,40,260,9,14,14,240,11,10,ok,,3.867,n-62-31-18,29052882,2026-08-08T18:04:45+0200
caf0afb8d6df0af2,auto-464e99b7c589,hoenir@5907a3b,hoenir,5907a3b,bastion@840a180,bastion,840a180,sweden,all_official,1,0,rating,a,a,1.0,core_destroyed,119,,44,260,8,14,32,250,8,18,ok,,4.387,n-62-21-97,29052882,2026-08-08T18:04:40+0200
caf39fcb213719c4,auto-464e99b7c589,maporacle@38e1456,maporacle,38e1456,hoenir@5907a3b,hoenir,5907a3b,fjordgate,all_official,1,0,rating,b,b,0.0,core_destroyed,474,,10,0,6,0,8,30,6,1,ok,,5.813,n-62-12-1,29052882,2026-08-08T18:06:10+0200
caf80d0d3a379356,auto-464e99b7c589,mjolnir@2e6c876,mjolnir,2e6c876,hoenir@5907a3b,hoenir,5907a3b,longship,all_official,1,0,rating,b,b,0.0,core_destroyed,115,,7,500,8,34,18,460,8,20,ok,,4.442,n-62-21-7,29052882,2026-08-08T18:07:47+0200
cb10474fe4aa5892,auto-464e99b7c589,mimir@cfc1ec4,mimir,cfc1ec4,hoenir@5907a3b,hoenir,5907a3b,vase,all_official,1,0,rating,b,b,0.0,core_destroyed,48,,60,0,8,5,20,80,5,12,ok,,3.226,n-62-21-14,29052882,2026-08-08T18:06:33+0200
cb164ca27d12476a,auto-464e99b7c589,hoenir@5907a3b,hoenir,5907a3b,njord@f66a427,njord,f66a427,longship,all_official,1,0,rating,a,a,1.0,core_destroyed,69,,9,220,9,10,28,150,6,19,ok,,3.691,n-62-11-68,29052882,2026-08-08T18:06:02+0200
cb1c9586510e0c6a,auto-464e99b7c589,hoenir@5907a3b,hoenir,5907a3b,prospect_rushonly@bf9b3e3,prospect_rushonly,bf9b3e3,meander,all_official,1,0,rating,a,a,1.0,core_destroyed,129,,19,250,7,10,10,0,5,8,ok,,3.291,n-62-31-22,29052882,2026-08-08T18:06:17+0200
cb2c8b317b0a2727,auto-464e99b7c589,hoenir@5907a3b,hoenir,5907a3b,pantheon_replica_day3@aa8bae0,pantheon_replica_day3,aa8bae0,bridge,all_official,1,0,rating,a,a,1.0,core_destroyed,88,,77,320,8,15,20,0,8,5,ok,,3.7,n-62-29-34,29052882,2026-08-08T18:06:27+0200
cb43b531a66bd449,auto-464e99b7c589,mjolnir@2e6c876,mjolnir,2e6c876,hoenir@5907a3b,hoenir,5907a3b,drumlin,all_official,1,0,rating,b,b,0.0,core_destroyed,61,,12,190,8,23,48,410,5,20,ok,,3.709,n-62-31-7,29052882,2026-08-08T18:06:39+0200
cb464f93c304efa3,auto-464e99b7c589,hoenir@5907a3b,hoenir,5907a3b,bastion@840a180,bastion,840a180,duel,all_official,1,0,rating,a,a,1.0,core_destroyed,97,,9,440,7,9,7,160,7,5,ok,,3.335,n-62-21-92,29052882,2026-08-08T18:05:31+0200
cb4d5ced0e177cf8,auto-464e99b7c589,fulla@ec5aa19,fulla,ec5aa19,hoenir@5907a3b,hoenir,5907a3b,showdown,all_official,1,0,rating,a,a,1.0,core_destroyed,442,,12,1060,6,16,8,690,6,5,ok,,4.788,n-62-21-6,29052882,2026-08-08T18:04:46+0200
cb603b64b540d731,auto-464e99b7c589,fenrir2@6b39ebb,fenrir2,6b39ebb,hoenir@5907a3b,hoenir,5907a3b,pinch,all_official,1,0,rating,b,b,0.0,core_destroyed,169,,31,860,9,19,61,1420,13,52,ok,,5.959,n-62-31-14,29052882,2026-08-08T18:05:02+0200
cb656fdd51050d4f,auto-464e99b7c589,hoenir@5907a3b,hoenir,5907a3b,heimdall@daf0de0,heimdall,daf0de0,hive,all_official,1,0,rating,b,b,0.0,core_destroyed,126,,8,290,8,22,10,480,7,34,ok,,4.303,n-62-21-66,29052882,2026-08-08T18:05:08+0200
cb6dbc0e61a88109,auto-464e99b7c589,mjolnir@2e6c876,mjolnir,2e6c876,hoenir@5907a3b,hoenir,5907a3b,sprint,all_official,1,0,rating,b,b,0.0,core_destroyed,785,,10,0,8,4,9,0,8,7,ok,,6.882,n-62-31-22,29052882,2026-08-08T18:06:37+0200
cb713c1f0afcd033,auto-464e99b7c589,mistral@90fc9f3,mistral,90fc9f3,hoenir@5907a3b,hoenir,5907a3b,sprint,all_official,1,0,rating,a,a,1.0,core_destroyed,73,,60,0,8,1,237,160,5,5,ok,,3.909,n-62-21-5,29052882,2026-08-08T18:06:02+0200
cb91cffab0a8a6f9,auto-464e99b7c589,gefn@46ac5e6,gefn,46ac5e6,hoenir@5907a3b,hoenir,5907a3b,runestone,all_official,1,0,rating,a,a,1.0,core_destroyed,77,,9,240,8,12,9,160,7,15,ok,,3.371,n-62-21-15,29052882,2026-08-08T18:05:29+0200
cb9feb833fed19e3,auto-464e99b7c589,prospect@bf9b3e3,prospect,bf9b3e3,hoenir@5907a3b,hoenir,5907a3b,crossfire,all_official,1,0,rating,b,b,0.0,core_destroyed,93,,10,220,7,11,9,100,9,4,ok,,3.349,n-62-31-5,29052882,2026-08-08T18:06:25+0200
cbb76493990319d5,auto-464e99b7c589,hoenir@5907a3b,hoenir,5907a3b,steward_hardened_reinforced@04300bf,steward_hardened_reinforced,04300bf,showdown,all_official,1,0,rating,a,a,1.0,core_destroyed,98,,6,200,6,14,8,190,6,16,ok,,2.819,n-62-12-1,29052882,2026-08-08T18:07:16+0200
cbe23faa388fd5d6,auto-464e99b7c589,hoenir@5907a3b,hoenir,5907a3b,gobbleglitch@6cdc440,gobbleglitch,6cdc440,runestone,all_official,1,0,rating,a,a,1.0,core_destroyed,66,,28,250,8,19,58,120,8,8,ok,,2.567,n-62-12-65,29052882,2026-08-08T18:04:52+0200
cbf30187698a6f7b,auto-464e99b7c589,hoenir@5907a3b,hoenir,5907a3b,gefn@46ac5e6,gefn,46ac5e6,longship,all_official,1,0,rating,b,b,0.0,core_destroyed,78,,6,320,8,11,8,310,7,15,ok,,3.805,n-62-21-13,29052882,2026-08-08T18:05:31+0200
cbf66defca4f1b06,auto-464e99b7c589,hoenir@5907a3b,hoenir,5907a3b,njord@f66a427,njord,f66a427,antler,all_official,1,0,rating,b,b,0.0,core_destroyed,56,,20,290,6,13,18,230,7,14,ok,,3.529,n-62-11-67,29052882,2026-08-08T18:06:01+0200
cc0eb07e25a83a4e,auto-464e99b7c589,hoenir@5907a3b,hoenir,5907a3b,ragnarok_fair@79582fc,ragnarok_fair,79582fc,crossfire,all_official,1,0,rating,a,a,1.0,core_destroyed,136,,34,620,7,18,18,620,7,17,ok,,3.758,n-62-11-52,29052882,2026-08-08T18:07:02+0200
cc12b122fe6c2d5c,auto-464e99b7c589,hoenir@5907a3b,hoenir,5907a3b,casemate_oracle@90fc9f3,casemate_oracle,90fc9f3,bridge,all_official,1,0,rating,a,a,1.0,core_destroyed,65,,58,130,7,15,435,0,4,2,ok,,3.138,n-62-29-21,29052882,2026-08-08T18:04:50+0200
cc1d020adf417985,auto-464e99b7c589,gefn@46ac5e6,gefn,46ac5e6,hoenir@5907a3b,hoenir,5907a3b,strait,all_official,1,0,rating,b,b,0.0,core_destroyed,72,,157,300,8,15,42,370,8,23,ok,,3.9,n-62-21-21,29052882,2026-08-08T18:04:44+0200
cc35612f7f633477,auto-464e99b7c589,hoenir@5907a3b,hoenir,5907a3b,mimir@cfc1ec4,mimir,cfc1ec4,twins,all_official,1,0,rating,a,a,1.0,core_destroyed,101,,8,230,8,10,10,210,6,15,ok,,3.958,n-62-21-14,29052882,2026-08-08T18:06:17+0200
cc3c95bc4302d672,auto-464e99b7c589,hoenir@5907a3b,hoenir,5907a3b,fulla@ec5aa19,fulla,ec5aa19,vault,all_official,1,0,rating,b,b,0.0,core_destroyed,211,,7,1000,8,25,63,1010,12,10,ok,,7.076,n-62-21-9,29052882,2026-08-08T18:06:08+0200
cc4973dcaaa7ab35,auto-464e99b7c589,hoenir@5907a3b,hoenir,5907a3b,maporacle@38e1456,maporacle,38e1456,hive,all_official,1,0,rating,b,b,0.0,core_destroyed,227,,45,720,9,47,17,860,8,56,ok,,6.535,n-62-12-2,29052882,2026-08-08T18:05:47+0200
cc5c39da3634d8ca,auto-464e99b7c589,hoenir@5907a3b,hoenir,5907a3b,fulla@ec5aa19,fulla,ec5aa19,eider,all_official,1,0,rating,a,a,1.0,core_destroyed,88,,28,460,7,12,16,450,7,9,ok,,4.223,n-62-21-2,29052882,2026-08-08T18:04:40+0200
cc6444b85ff5168e,auto-464e99b7c589,hoenir@5907a3b,hoenir,5907a3b,snotra_h@4437c29,snotra_h,4437c29,duel,all_official,1,0,rating,b,b,0.0,core_destroyed,47,,9,190,8,6,7,200,8,6,ok,,3.033,n-62-31-22,29052882,2026-08-08T18:06:47+0200
cc65cf0be2884970,auto-464e99b7c589,freyr@c2c0d3d,freyr,c2c0d3d,hoenir@5907a3b,hoenir,5907a3b,fjordgate,all_official,1,0,rating,a,a,1.0,core_destroyed,222,,10,1040,6,25,28,10,2,3,ok,,3.946,n-62-12-7,29052882,2026-08-08T18:05:14+0200
cc80e491eb8a477d,auto-464e99b7c589,hoenir@5907a3b,hoenir,5907a3b,skadi@6a2af02,skadi,6a2af02,sweden,all_official,1,0,rating,a,a,1.0,core_destroyed,850,,10,2090,17,19,181,120,2,9,ok,,21.868,n-62-29-13,29052882,2026-08-08T18:06:54+0200
ccacb56a55ea0cbf,auto-464e99b7c589,hoenir@5907a3b,hoenir,5907a3b,casemate_oracle@90fc9f3,casemate_oracle,90fc9f3,strait,all_official,1,0,rating,a,a,1.0,core_destroyed,88,,30,380,8,32,304,0,3,15,ok,,5.208,n-62-29-33,29052882,2026-08-08T18:05:33+0200
cccffa92bbfa5af0,auto-464e99b7c589,gobbleglitch@6cdc440,gobbleglitch,6cdc440,hoenir@5907a3b,hoenir,5907a3b,heart,all_official,1,0,rating,b,b,0.0,core_destroyed,129,,59,0,9,0,23,260,6,10,ok,,3.447,n-62-13-7,29052882,2026-08-08T18:04:54+0200
ccf0eb39a661c95e,auto-464e99b7c589,hoenir@5907a3b,hoenir,5907a3b,steward_reinforced@a8dc58a,steward_reinforced,a8dc58a,snowflake,all_official,1,0,rating,a,a,1.0,core_destroyed,56,,39,480,9,20,14,110,8,15,ok,,4.064,n-62-31-16,29052882,2026-08-08T18:07:55+0200
cd129418add4aa58,auto-464e99b7c589,hoenir@5907a3b,hoenir,5907a3b,snotra@34b0ce8,snotra,34b0ce8,quarry,all_official,1,0,rating,b,b,0.0,core_destroyed,569,,10,170,7,16,9,230,8,5,ok,,10.375,n-62-31-4,29052882,2026-08-08T18:06:52+0200
cd53c4e3a93b77ca,auto-464e99b7c589,hoenir@5907a3b,hoenir,5907a3b,loki@832c68a,loki,832c68a,longship,all_official,1,0,rating,b,b,0.0,core_destroyed,78,,6,320,8,11,8,310,7,15,ok,,3.616,n-62-30-25,29052882,2026-08-08T18:05:28+0200
cd565328f59ea398,auto-464e99b7c589,hoenir@5907a3b,hoenir,5907a3b,gefn@46ac5e6,gefn,46ac5e6,meander,all_official,1,0,rating,a,a,1.0,core_destroyed,132,,17,360,8,10,17,290,7,11,ok,,3.765,n-62-21-13,29052882,2026-08-08T18:05:40+0200
cd593a41368adcc9,auto-464e99b7c589,mistral@90fc9f3,mistral,90fc9f3,hoenir@5907a3b,hoenir,5907a3b,quarry,all_official,1,0,rating,b,b,0.0,core_destroyed,81,,424,0,4,0,10,0,9,5,ok,,5.943,n-62-31-21,29052882,2026-08-08T18:05:52+0200
cd5dfa07869e5111,auto-464e99b7c589,steward_hardened_reinforced@672ee02,steward_hardened_reinforced,672ee02,hoenir@5907a3b,hoenir,5907a3b,meander,all_official,1,0,rating,a,a,1.0,core_destroyed,72,,19,350,8,14,20,140,7,10,ok,,3.362,n-62-31-23,29052882,2026-08-08T18:07:23+0200
cd89ba7b03d6dc6d,auto-464e99b7c589,forseti@37dc858,forseti,37dc858,hoenir@5907a3b,hoenir,5907a3b,showdown,all_official,1,0,rating,b,b,0.0,titanium_collected,1000,,16,210,7,10,17,440,6,3,ok,,7.456,n-62-11-51,29052882,2026-08-08T18:05:21+0200
cdb462bdda390f15,auto-464e99b7c589,hoenir@5907a3b,hoenir,5907a3b,prospect@bf9b3e3,prospect,bf9b3e3,archipelago,all_official,1,0,rating,a,a,1.0,core_destroyed,52,,18,200,8,10,10,0,9,9,ok,,3.527,n-62-31-4,29052882,2026-08-08T18:06:29+0200
cdb6c56704eabb82,auto-464e99b7c589,hoenir@5907a3b,hoenir,5907a3b,ragnarok_fair@79582fc,ragnarok_fair,79582fc,heart,all_official,1,0,rating,a,a,1.0,core_destroyed,81,,7,140,6,9,10,0,8,5,ok,,3.616,n-62-11-61,29052882,2026-08-08T18:06:47+0200
cdb765d91b0f21e4,auto-464e99b7c589,hoenir@5907a3b,hoenir,5907a3b,odin@93e46da,odin,93e46da,fjord,all_official,1,0,rating,b,b,0.0,core_destroyed,80,,304,530,9,22,41,520,10,32,ok,,4.218,n-62-28-31,29052882,2026-08-08T18:06:12+0200
cdc2af6bb1e77024,auto-464e99b7c589,hoenir@5907a3b,hoenir,5907a3b,fenrir2@6b39ebb,fenrir2,6b39ebb,runestone,all_official,1,0,rating,a,a,1.0,core_destroyed,104,,31,430,7,19,43,80,8,19,ok,,4.439,n-62-31-14,29052882,2026-08-08T18:05:17+0200
cdd92c4535b859a5,auto-464e99b7c589,hoenir@5907a3b,hoenir,5907a3b,janus@8a1e7a1,janus,8a1e7a1,showdown,all_official,1,0,rating,a,a,1.0,core_destroyed,137,,10,300,6,14,9,0,6,6,ok,,2.608,n-62-31-21,29052882,2026-08-08T18:05:42+0200
cde7d5261fe2ddf9,auto-464e99b7c589,bastion@840a180,bastion,840a180,hoenir@5907a3b,hoenir,5907a3b,drumlin,all_official,1,0,rating,b,b,0.0,core_destroyed,79,,36,340,8,19,50,700,8,26,ok,,4.07,n-62-21-92,29052882,2026-08-08T18:05:28+0200
cdff2278c259f7fb,auto-464e99b7c589,hoenir@5907a3b,hoenir,5907a3b,mimir@cfc1ec4,mimir,cfc1ec4,runestone,all_official,1,0,rating,a,a,1.0,core_destroyed,221,,19,360,8,14,10,70,8,5,ok,,4.93,n-62-21-6,29052882,2026-08-08T18:06:13+0200
ce3857c845e395a6,auto-464e99b7c589,hoenir@5907a3b,hoenir,5907a3b,steward_hardened_reinforced@cdc552f,steward_hardened_reinforced,cdc552f,eider,all_official,1,0,rating,a,a,1.0,core_destroyed,172,,30,800,8,11,16,0,6,6,ok,,4.258,n-62-28-31,29052882,2026-08-08T18:07:46+0200
ce41b91c707fe242,auto-464e99b7c589,hoenir@5907a3b,hoenir,5907a3b,casemate_oracle@90fc9f3,casemate_oracle,90fc9f3,runestone,all_official,1,0,rating,a,a,1.0,core_destroyed,135,,8,310,8,15,241,0,5,21,ok,,8.054,n-62-29-31,29052882,2026-08-08T18:05:14+0200
ce8635c62ad6860a,auto-464e99b7c589,hoenir@5907a3b,hoenir,5907a3b,steward_hardened_reinforced@04300bf,steward_hardened_reinforced,04300bf,sweden,all_official,1,0,rating,a,a,1.0,core_destroyed,138,,10,310,9,14,151,150,7,10,ok,,5.002,n-62-12-2,29052882,2026-08-08T18:07:45+0200
ce8f7faf329ced05,auto-464e99b7c589,jotunn@6b39ebb,jotunn,6b39ebb,hoenir@5907a3b,hoenir,5907a3b,snowflake,all_official,1,0,rating,a,a,1.0,titanium_collected,1000,,560,9410,15,35,77,4740,26,47,ok,,52.419,n-62-28-31,29052882,2026-08-08T18:07:30+0200
ce9180c7e4579ab9,auto-464e99b7c589,gefjon@f66a427,gefjon,f66a427,hoenir@5907a3b,hoenir,5907a3b,sprint,all_official,1,0,rating,b,b,0.0,core_destroyed,560,,16,40,2,0,20,1380,11,16,ok,,6.207,n-62-21-11,29052882,2026-08-08T18:04:54+0200
ceab38baa2c22b9f,auto-464e99b7c589,jonbot_190003d@90fc9f3,jonbot_190003d,90fc9f3,hoenir@5907a3b,hoenir,5907a3b,saga,all_official,1,0,rating,b,b,0.0,core_destroyed,110,,126,100,6,20,18,270,7,31,ok,,4.043,n-62-31-10,29052882,2026-08-08T18:06:10+0200
cecc494932b6b56a,auto-464e99b7c589,hoenir@5907a3b,hoenir,5907a3b,snotra@34b0ce8,snotra,34b0ce8,aurora,all_official,1,0,rating,b,b,0.0,core_destroyed,93,,9,320,7,17,9,290,9,13,ok,,3.809,n-62-29-34,29052882,2026-08-08T18:07:06+0200
ced143ac6faff922,auto-464e99b7c589,hoenir@5907a3b,hoenir,5907a3b,audhumla@a7faecd,audhumla,a7faecd,saga,all_official,1,0,rating,a,a,1.0,core_destroyed,90,,10,310,7,30,227,620,9,40,ok,,4.024,n-62-11-66,29052882,2026-08-08T18:04:40+0200
ceede04bc2db18ea,auto-464e99b7c589,loki@832c68a,loki,832c68a,hoenir@5907a3b,hoenir,5907a3b,vase,all_official,1,0,rating,b,b,0.0,core_destroyed,48,,60,0,8,5,20,80,5,12,ok,,3.069,n-62-31-20,29052882,2026-08-08T18:05:45+0200
cf066cfaaea44a9d,auto-464e99b7c589,hoenir@5907a3b,hoenir,5907a3b,bastion@840a180,bastion,840a180,string,all_official,1,0,rating,a,a,1.0,core_destroyed,612,,30,2970,23,14,34,1800,1,7,ok,,21.747,n-62-21-98,29052882,2026-08-08T18:05:32+0200
cf08e215fcdcb49d,auto-464e99b7c589,skadi@821d792,skadi,821d792,hoenir@5907a3b,hoenir,5907a3b,string,all_official,1,0,rating,b,b,0.0,core_destroyed,218,,104,460,2,2,30,1310,13,17,ok,,6.53,n-62-29-21,29052882,2026-08-08T18:07:16+0200
cf213dd8bd5c5042,auto-464e99b7c589,hoenir@5907a3b,hoenir,5907a3b,skadi@aad5f44,skadi,aad5f44,crossfire,all_official,1,0,rating,a,a,1.0,core_destroyed,414,,70,2020,13,17,8,730,11,6,ok,,12.273,n-62-29-9,29052882,2026-08-08T18:07:33+0200
cf2d8648a0e60551,auto-464e99b7c589,sif@3fc5cd8,sif,3fc5cd8,hoenir@5907a3b,hoenir,5907a3b,vase,all_official,1,0,rating,a,a,1.0,core_destroyed,120,,40,260,7,13,48,260,7,13,ok,,5.003,n-62-31-11,29052882,2026-08-08T18:06:53+0200
cf49bbf3003e1232,auto-464e99b7c589,hoenir@5907a3b,hoenir,5907a3b,heimdall@daf0de0,heimdall,daf0de0,atoll,all_official,1,0,rating,b,b,0.0,core_destroyed,263,,8,1260,9,12,9,1260,9,16,ok,,5.105,n-62-21-63,29052882,2026-08-08T18:04:48+0200
cf5c9514839179f8,auto-464e99b7c589,bastion@840a180,bastion,840a180,hoenir@5907a3b,hoenir,5907a3b,meander,all_official,1,0,rating,a,a,1.0,core_destroyed,86,,9,230,5,18,8,0,5,4,ok,,3.096,n-62-31-10,29052882,2026-08-08T18:05:00+0200
cf73797df4af2d57,auto-464e99b7c589,odin@93e46da,odin,93e46da,hoenir@5907a3b,hoenir,5907a3b,bridge,all_official,1,0,rating,a,a,1.0,core_destroyed,133,,10,0,7,7,76,0,11,8,ok,,4.754,n-62-28-28,29052882,2026-08-08T18:06:20+0200
cf7bcf24697b5e26,auto-464e99b7c589,steward_hardened_reinforced@deba9ec,steward_hardened_reinforced,deba9ec,hoenir@5907a3b,hoenir,5907a3b,bridge,all_official,1,0,rating,b,b,0.0,core_destroyed,94,,11,0,10,11,260,450,6,15,ok,,4.528,n-62-28-34,29052882,2026-08-08T18:07:53+0200
cf86740afeab294b,auto-464e99b7c589,steward_hardened_reinforced@c04e46e,steward_hardened_reinforced,c04e46e,hoenir@5907a3b,hoenir,5907a3b,archipelago,all_official,1,0,rating,b,b,0.0,core_destroyed,63,,59,330,7,27,9,360,7,24,ok,,2.914,n-62-11-64,29052882,2026-08-08T18:07:39+0200
cf86b3e516105d1a,auto-464e99b7c589,prospect@bf9b3e3,prospect,bf9b3e3,hoenir@5907a3b,hoenir,5907a3b,quarry,all_official,1,0,rating,a,a,1.0,titanium_collected,1000,,16,410,9,4,16,0,7,5,ok,,9.987,n-62-31-20,29052882,2026-08-08T18:06:34+0200
cf88d709533700a8,auto-464e99b7c589,hoenir@5907a3b,hoenir,5907a3b,steward_reinforced@a8dc58a,steward_reinforced,a8dc58a,antler,all_official,1,0,rating,a,a,1.0,core_destroyed,72,,28,420,5,23,47,500,8,20,ok,,4.08,n-62-31-17,29052882,2026-08-08T18:07:54+0200
cf98d4b5b4adf045,auto-464e99b7c589,hoenir@5907a3b,hoenir,5907a3b,sif@3fc5cd8,sif,3fc5cd8,lighthouse,all_official,1,0,rating,a,a,1.0,titanium_collected,1000,,16,580,7,10,19,440,7,9,ok,,13.102,n-62-21-92,29052882,2026-08-08T18:07:48+0200
cfa206ed65f09e94,auto-464e99b7c589,steward_hardened_reinforced@f1f2bda,steward_hardened_reinforced,f1f2bda,hoenir@5907a3b,hoenir,5907a3b,drumlin,all_official,1,0,rating,b,b,0.0,core_destroyed,55,,8,170,7,18,28,350,7,18,ok,,3.231,n-62-31-4,29052882,2026-08-08T18:07:50+0200
cfa3135178b4f08d,auto-464e99b7c589,mimir@cfc1ec4,mimir,cfc1ec4,hoenir@5907a3b,hoenir,5907a3b,fjordgate,all_official,1,0,rating,a,a,1.0,core_destroyed,222,,10,1040,6,25,28,10,2,3,ok,,4.187,n-62-21-9,29052882,2026-08-08T18:06:00+0200
cfa3529e70ad2f84,auto-464e99b7c589,hoenir@5907a3b,hoenir,5907a3b,prospect@bf9b3e3,prospect,bf9b3e3,nordkap,all_official,1,0,rating,b,b,0.0,core_destroyed,99,,7,120,9,3,9,220,8,7,ok,,4.015,n-62-31-18,29052882,2026-08-08T18:06:49+0200
cfa8453052451cbd,auto-464e99b7c589,jonbot_190003d@90fc9f3,jonbot_190003d,90fc9f3,hoenir@5907a3b,hoenir,5907a3b,vault,all_official,1,0,rating,b,b,0.0,core_destroyed,95,,215,0,6,4,10,430,9,19,ok,,3.732,n-62-21-98,29052882,2026-08-08T18:05:58+0200
cfbaba9759a94bdf,auto-464e99b7c589,hoenir@5907a3b,hoenir,5907a3b,maporacle@38e1456,maporacle,38e1456,sprint,all_official,1,0,rating,a,a,1.0,core_destroyed,253,,9,0,6,11,10,0,6,0,ok,,4.457,n-62-21-2,29052882,2026-08-08T18:05:36+0200
cfc683aa5b10a497,auto-464e99b7c589,gefjon@f66a427,gefjon,f66a427,hoenir@5907a3b,hoenir,5907a3b,snowflake,all_official,1,0,rating,a,a,1.0,core_destroyed,57,,47,600,9,22,7,120,8,11,ok,,3.659,n-62-21-11,29052882,2026-08-08T18:04:43+0200
cfcc74601c5b1338,auto-464e99b7c589,e_t4l7@9e77076,e_t4l7,9e77076,hoenir@5907a3b,hoenir,5907a3b,twins,all_official,1,0,rating,b,b,0.0,core_destroyed,755,,3709,3720,4,12,4,1850,8,13,ok,,9.089,n-62-31-7,29052882,2026-08-08T18:04:51+0200
cfe895fc20056618,auto-464e99b7c589,hoenir@5907a3b,hoenir,5907a3b,magni@3677a66,magni,3677a66,longship,all_official,1,0,rating,a,a,1.0,core_destroyed,69,,9,220,9,10,28,150,6,19,ok,,3.49,n-62-11-58,29052882,2026-08-08T18:05:39+0200
cffeaad6bf3fbff3,auto-464e99b7c589,hoenir@5907a3b,hoenir,5907a3b,steward_hardened_reinforced@04300bf,steward_hardened_reinforced,04300bf,aurora,all_official,1,0,rating,a,a,1.0,core_destroyed,140,,19,640,8,19,16,60,8,15,ok,,4.993,n-62-28-34,29052882,2026-08-08T18:07:15+0200
d00bc1a0b74a3eca,auto-464e99b7c589,gobbleglitch@6cdc440,gobbleglitch,6cdc440,hoenir@5907a3b,hoenir,5907a3b,crossfire,all_official,1,0,rating,b,b,0.0,core_destroyed,81,,59,150,7,8,118,350,7,8,ok,,2.436,n-62-13-6,29052882,2026-08-08T18:04:54+0200
d01d6998d165e7fa,auto-464e99b7c589,hoenir@5907a3b,hoenir,5907a3b,forseti@37dc858,forseti,37dc858,moonrise,all_official,1,0,rating,a,a,1.0,core_destroyed,131,,27,580,9,14,10,50,6,3,ok,,3.974,n-62-11-50,29052882,2026-08-08T18:05:10+0200
d030c64c5fe87787,auto-464e99b7c589,hoenir@5907a3b,hoenir,5907a3b,steward_hardened_reinforced@04300bf,steward_hardened_reinforced,04300bf,fjord,all_official,1,0,rating,a,a,1.0,core_destroyed,64,,49,420,8,18,17,390,9,14,ok,,3.592,n-62-12-5,29052882,2026-08-08T18:07:20+0200
d033d654bc810ea9,auto-464e99b7c589,mistral@90fc9f3,mistral,90fc9f3,hoenir@5907a3b,hoenir,5907a3b,heart,all_official,1,0,rating,b,b,0.0,core_destroyed,45,,32,0,8,0,10,50,7,10,ok,,3.957,n-62-31-5,29052882,2026-08-08T18:05:57+0200
d034156863059816,auto-464e99b7c589,lockin@90fc9f3,lockin,90fc9f3,hoenir@5907a3b,hoenir,5907a3b,antler,all_official,1,0,rating,b,b,0.0,core_destroyed,45,,610,0,0,0,10,170,8,13,ok,,2.025,n-62-29-15,29052882,2026-08-08T18:06:05+0200
d0352cab512eb8df,auto-464e99b7c589,jonbot_190003d@90fc9f3,jonbot_190003d,90fc9f3,hoenir@5907a3b,hoenir,5907a3b,drumlin,all_official,1,0,rating,b,b,0.0,core_destroyed,48,,311,350,5,25,30,290,7,25,ok,,3.05,n-62-11-64,29052882,2026-08-08T18:05:40+0200
d050ecb68eca4dfd,auto-464e99b7c589,ragnarok_fair@79582fc,ragnarok_fair,79582fc,hoenir@5907a3b,hoenir,5907a3b,atoll,all_official,1,0,rating,b,b,0.0,core_destroyed,80,,20,250,7,13,18,340,9,11,ok,,3.863,n-62-31-19,29052882,2026-08-08T18:06:56+0200
d05b04966f2c233f,auto-464e99b7c589,spork@05ab6a2,spork,05ab6a2,hoenir@5907a3b,hoenir,5907a3b,runestone,all_official,1,0,rating,a,a,1.0,titanium_collected,1000,,19,1840,8,24,18,910,7,8,ok,,13.262,n-62-21-89,29052882,2026-08-08T18:07:31+0200
d06c4c712e9db10e,auto-464e99b7c589,hoenir@5907a3b,hoenir,5907a3b,jotunn@6b39ebb,jotunn,6b39ebb,atoll,all_official,1,0,rating,a,a,1.0,core_destroyed,134,,25,860,14,26,65,610,11,27,ok,,5.819,n-62-21-97,29052882,2026-08-08T18:05:34+0200
d07a0b59b4c08ac1,auto-464e99b7c589,hoenir@5907a3b,hoenir,5907a3b,aegis@e55aab5,aegis,e55aab5,jackpot,all_official,1,0,rating,a,a,1.0,titanium_collected,1000,,240,4930,26,21,58,2570,8,15,ok,,23.929,n-62-31-21,29052882,2026-08-08T18:05:24+0200
d0804d86d88122ac,auto-464e99b7c589,mistral@90fc9f3,mistral,90fc9f3,hoenir@5907a3b,hoenir,5907a3b,bridge,all_official,1,0,rating,b,b,0.0,core_destroyed,101,,474,0,4,0,10,0,9,12,ok,,3.406,n-62-31-4,29052882,2026-08-08T18:06:40+0200
d088c877f6b6e317,auto-464e99b7c589,hoenir@5907a3b,hoenir,5907a3b,mistral@90fc9f3,mistral,90fc9f3,runestone,all_official,1,0,rating,a,a,1.0,core_destroyed,63,,8,130,8,15,44,0,10,0,ok,,7.148,n-62-31-21,29052882,2026-08-08T18:05:59+0200
d094d9556b2fa6b0,auto-464e99b7c589,heimdall@daf0de0,heimdall,daf0de0,hoenir@5907a3b,hoenir,5907a3b,fjord,all_official,1,0,rating,b,b,0.0,core_destroyed,76,,18,470,9,29,64,510,9,20,ok,,4.153,n-62-21-65,29052882,2026-08-08T18:05:18+0200
d099cbc45923f75e,auto-464e99b7c589,hoenir@5907a3b,hoenir,5907a3b,loki@832c68a,loki,832c68a,meander,all_official,1,0,rating,a,a,1.0,core_destroyed,132,,17,360,8,10,21,290,7,11,ok,,3.622,n-62-30-25,29052882,2026-08-08T18:05:37+0200
d0b122c6d815a0fb,auto-464e99b7c589,hoenir@5907a3b,hoenir,5907a3b,heimdall@daf0de0,heimdall,daf0de0,archipelago,all_official,1,0,rating,a,a,1.0,core_destroyed,71,,78,690,8,29,0,80,6,32,ok,,3.58,n-62-21-63,29052882,2026-08-08T18:04:39+0200
d0b1380bee51db86,auto-464e99b7c589,skadi@6a2af02,skadi,6a2af02,hoenir@5907a3b,hoenir,5907a3b,string,all_official,1,0,rating,b,b,0.0,core_destroyed,218,,104,460,2,2,30,1310,13,17,ok,,6.12,n-62-12-5,29052882,2026-08-08T18:07:25+0200
d0bd18f3888773c6,auto-464e99b7c589,hoenir@5907a3b,hoenir,5907a3b,janus@8a1e7a1,janus,8a1e7a1,bridge,all_official,1,0,rating,a,a,1.0,core_destroyed,237,,46,560,6,15,115,0,3,9,ok,,4.727,n-62-21-60,29052882,2026-08-08T18:05:10+0200
d0bfc8ac06df13d3,auto-464e99b7c589,casemate_oracle@90fc9f3,casemate_oracle,90fc9f3,hoenir@5907a3b,hoenir,5907a3b,drumlin,all_official,1,0,rating,b,b,0.0,core_destroyed,61,,20,0,3,37,18,240,8,16,ok,,3.201,n-62-29-21,29052882,2026-08-08T18:05:12+0200
d0cad40ae213ae41,auto-464e99b7c589,heimdall@daf0de0,heimdall,daf0de0,hoenir@5907a3b,hoenir,5907a3b,sweden,all_official,1,0,rating,b,b,0.0,core_destroyed,255,,44,0,8,14,43,600,6,21,ok,,6.44,n-62-21-51,29052882,2026-08-08T18:05:20+0200
d0d117dd70e622e9,auto-464e99b7c589,skadi@6a2af02,skadi,6a2af02,hoenir@5907a3b,hoenir,5907a3b,lighthouse,all_official,1,0,rating,b,b,0.0,core_destroyed,130,,6,170,7,6,10,580,7,12,ok,,3.513,n-62-28-33,29052882,2026-08-08T18:06:38+0200
d0d69e478e083cc2,auto-464e99b7c589,steward_hardened_reinforced@366cd1b,steward_hardened_reinforced,366cd1b,hoenir@5907a3b,hoenir,5907a3b,fjord,all_official,1,0,rating,b,b,0.0,core_destroyed,97,,40,530,8,15,24,660,8,19,ok,,5.21,n-62-29-16,29052882,2026-08-08T18:07:16+0200
d0e512ad5f82aeb7,auto-464e99b7c589,audhumla@a7faecd,audhumla,a7faecd,hoenir@5907a3b,hoenir,5907a3b,runestone,all_official,1,0,rating,a,a,1.0,core_destroyed,94,,18,540,10,25,8,200,8,16,ok,,3.538,n-62-11-62,29052882,2026-08-08T18:05:16+0200
d0f9cda894b93792,auto-464e99b7c589,ragnarok_fair@79582fc,ragnarok_fair,79582fc,hoenir@5907a3b,hoenir,5907a3b,vault,all_official,1,0,rating,b,b,0.0,core_destroyed,79,,55,340,10,8,25,350,7,19,ok,,3.928,n-62-11-66,29052882,2026-08-08T18:07:33+0200
d106091a22aad6c0,auto-464e99b7c589,janus@8a1e7a1,janus,8a1e7a1,hoenir@5907a3b,hoenir,5907a3b,lighthouse,all_official,1,0,rating,b,b,0.0,core_destroyed,60,,14,80,7,11,19,320,8,11,ok,,3.366,n-62-31-4,29052882,2026-08-08T18:06:08+0200
d12352d0fc8745f6,auto-464e99b7c589,hoenir@5907a3b,hoenir,5907a3b,sif@3fc5cd8,sif,3fc5cd8,crossfire,all_official,1,0,rating,b,b,0.0,core_destroyed,81,,7,190,8,5,10,310,7,4,ok,,2.966,n-62-11-64,29052882,2026-08-08T18:06:23+0200
d138f64a2fa3642e,auto-464e99b7c589,lockin@90fc9f3,lockin,90fc9f3,hoenir@5907a3b,hoenir,5907a3b,snowflake,all_official,1,0,rating,b,b,0.0,core_destroyed,53,,630,0,0,0,2,110,8,19,ok,,2.279,n-62-29-33,29052882,2026-08-08T18:05:44+0200
d13d00394d0ae86e,auto-464e99b7c589,hoenir@5907a3b,hoenir,5907a3b,aegis@e55aab5,aegis,e55aab5,nordkap,all_official,1,0,rating,a,a,1.0,core_destroyed,45,,9,90,8,5,10,160,8,11,ok,,3.285,n-62-31-24,29052882,2026-08-08T18:05:01+0200
d1415043992a6da2,auto-464e99b7c589,prospect@bf9b3e3,prospect,bf9b3e3,hoenir@5907a3b,hoenir,5907a3b,saga,all_official,1,0,rating,b,b,0.0,core_destroyed,249,,9,260,9,17,9,560,7,19,ok,,5.193,n-62-31-20,29052882,2026-08-08T18:06:56+0200
d1461fb418281b1e,auto-464e99b7c589,hoenir@5907a3b,hoenir,5907a3b,odin@38e1456,odin,38e1456,jackpot,all_official,1,0,rating,a,a,1.0,core_destroyed,938,,90,4620,16,24,2099,2070,4,2,ok,,28.855,n-62-31-9,29052882,2026-08-08T18:06:41+0200
d1752fbb2db4a63c,auto-464e99b7c589,hoenir@5907a3b,hoenir,5907a3b,e_t4l7@9e77076,e_t4l7,9e77076,sweden,all_official,1,0,rating,a,a,1.0,core_destroyed,486,,10,1180,10,28,2417,3920,10,83,ok,,8.659,n-62-31-17,29052882,2026-08-08T18:05:52+0200
d177222b262ac60a,auto-464e99b7c589,hoenir@5907a3b,hoenir,5907a3b,jonbot_190003d@90fc9f3,jonbot_190003d,90fc9f3,vault,all_official,1,0,rating,a,a,1.0,core_destroyed,99,,10,440,9,33,350,140,7,4,ok,,3.794,n-62-21-98,29052882,2026-08-08T18:05:55+0200
d17d027535636486,auto-464e99b7c589,hoenir@5907a3b,hoenir,5907a3b,jotunn@6b39ebb,jotunn,6b39ebb,vault,all_official,1,0,rating,a,a,1.0,core_destroyed,386,,89,1880,11,36,67,2410,14,23,ok,,12.297,n-62-29-15,29052882,2026-08-08T18:05:53+0200
d17eefa2722872c1,auto-464e99b7c589,ragnarok_fair@79582fc,ragnarok_fair,79582fc,hoenir@5907a3b,hoenir,5907a3b,fjord,all_official,1,0,rating,a,a,1.0,core_destroyed,77,,40,500,10,23,25,350,8,16,ok,,3.609,n-62-11-61,29052882,2026-08-08T18:06:32+0200
d19cf09a9b14b326,auto-464e99b7c589,hoenir@5907a3b,hoenir,5907a3b,ostara@832c68a,ostara,832c68a,heart,all_official,1,0,rating,a,a,1.0,core_destroyed,433,,9,90,7,11,10,0,6,6,ok,,7.0,n-62-29-21,29052882,2026-08-08T18:06:21+0200
d1ba96a859110e90,auto-464e99b7c589,steward_hardened_reinforced@366cd1b,steward_hardened_reinforced,366cd1b,hoenir@5907a3b,hoenir,5907a3b,bridge,all_official,1,0,rating,b,b,0.0,core_destroyed,172,,67,0,4,12,56,830,12,15,ok,,5.658,n-62-21-1,29052882,2026-08-08T18:07:16+0200
d1f398cc8953557f,auto-464e99b7c589,prospect_rushonly@bf9b3e3,prospect_rushonly,bf9b3e3,hoenir@5907a3b,hoenir,5907a3b,twins,all_official,1,0,rating,b,b,0.0,core_destroyed,180,,16,90,8,2,27,420,6,10,ok,,4.349,n-62-11-67,29052882,2026-08-08T18:07:39+0200
d1f9fdab3d2ed657,auto-464e99b7c589,hoenir@5907a3b,hoenir,5907a3b,mistral@90fc9f3,mistral,90fc9f3,strait,all_official,1,0,rating,a,a,1.0,core_destroyed,57,,8,120,9,12,64,0,8,0,ok,,5.452,n-62-21-5,29052882,2026-08-08T18:06:07+0200
d2049b91e54f0c8d,auto-464e99b7c589,jotunn@6b39ebb,jotunn,6b39ebb,hoenir@5907a3b,hoenir,5907a3b,vase,all_official,1,0,rating,a,a,1.0,titanium_collected,1000,,1600,2350,6,8,231,10,7,6,ok,,13.285,n-62-29-15,29052882,2026-08-08T18:05:41+0200
d205d1e0f80ffc6b,auto-464e99b7c589,mistral@90fc9f3,mistral,90fc9f3,hoenir@5907a3b,hoenir,5907a3b,crossfire,all_official,1,0,rating,b,b,0.0,core_destroyed,63,,374,0,4,0,10,140,9,16,ok,,4.353,n-62-30-23,29052882,2026-08-08T18:05:45+0200
d20b4e16f42b6445,auto-464e99b7c589,hoenir@5907a3b,hoenir,5907a3b,maporacle@38e1456,maporacle,38e1456,snowflake,all_official,1,0,rating,a,a,1.0,core_destroyed,61,,65,550,7,24,10,280,7,20,ok,,3.937,n-62-21-1,29052882,2026-08-08T18:06:15+0200
d22d64c70210cc16,auto-464e99b7c589,hoenir@5907a3b,hoenir,5907a3b,fulla@ec5aa19,fulla,ec5aa19,vase,all_official,1,0,rating,b,b,0.0,core_destroyed,136,,54,0,10,4,26,260,10,8,ok,,5.077,n-62-21-9,29052882,2026-08-08T18:05:58+0200
d24dbcd4fcbf78d7,auto-464e99b7c589,mimir@cfc1ec4,mimir,cfc1ec4,hoenir@5907a3b,hoenir,5907a3b,vault,all_official,1,0,rating,a,a,1.0,core_destroyed,88,,30,390,10,15,136,390,13,18,ok,,5.71,n-62-21-14,29052882,2026-08-08T18:06:45+0200
d2585e83347d3c7e,auto-464e99b7c589,snotra@34b0ce8,snotra,34b0ce8,hoenir@5907a3b,hoenir,5907a3b,nordkap,all_official,1,0,rating,b,b,0.0,core_destroyed,145,,9,80,8,1,9,320,7,5,ok,,3.612,n-62-30-23,29052882,2026-08-08T18:07:16+0200
d279239530895b07,auto-464e99b7c589,hoenir@5907a3b,hoenir,5907a3b,bifrost@c70c467,bifrost,c70c467,snowflake,all_official,1,0,rating,a,a,1.0,core_destroyed,65,,30,600,11,19,7,140,8,11,ok,,3.622,n-62-29-13,29052882,2026-08-08T18:05:20+0200
d281f2232d080ab2,auto-464e99b7c589,janus@8a1e7a1,janus,8a1e7a1,hoenir@5907a3b,hoenir,5907a3b,antler,all_official,1,0,rating,b,b,0.0,core_destroyed,71,,9,300,7,8,6,300,7,9,ok,,2.983,n-62-21-60,29052882,2026-08-08T18:04:43+0200
d2b52fb4cd6bc9ce,auto-464e99b7c589,skadi@1e4eddf,skadi,1e4eddf,hoenir@5907a3b,hoenir,5907a3b,lighthouse,all_official,1,0,rating,b,b,0.0,core_destroyed,130,,6,170,7,6,10,580,7,12,ok,,3.597,n-62-28-28,29052882,2026-08-08T18:07:23+0200
d2eecc10eebebbfe,auto-464e99b7c589,hoenir@5907a3b,hoenir,5907a3b,njord@f66a427,njord,f66a427,duel,all_official,1,0,rating,a,a,1.0,core_destroyed,57,,9,240,8,7,208,240,5,6,ok,,2.753,n-62-11-61,29052882,2026-08-08T18:06:17+0200
d301423fbc66dc7d,auto-464e99b7c589,casemate_oracle@90fc9f3,casemate_oracle,90fc9f3,hoenir@5907a3b,hoenir,5907a3b,sprint,all_official,1,0,rating,b,b,0.0,core_destroyed,524,,280,0,6,6,20,1260,8,10,ok,,10.269,n-62-29-33,29052882,2026-08-08T18:05:28+0200
d3231191875318f6,auto-464e99b7c589,hoenir@5907a3b,hoenir,5907a3b,mistral@90fc9f3,mistral,90fc9f3,archipelago,all_official,1,0,rating,a,a,1.0,core_destroyed,57,,20,390,7,28,364,0,4,0,ok,,7.409,n-62-31-4,29052882,2026-08-08T18:05:56+0200
d32ec19b7eb837db,auto-464e99b7c589,skadi@821d792,skadi,821d792,hoenir@5907a3b,hoenir,5907a3b,bridge,all_official,1,0,rating,b,b,0.0,core_destroyed,797,,111,0,8,4,96,0,10,10,ok,,12.667,n-62-11-55,29052882,2026-08-08T18:07:31+0200
d33b0bf4bf379f22,auto-464e99b7c589,hoenir@5907a3b,hoenir,5907a3b,fulla@ec5aa19,fulla,ec5aa19,moonrise,all_official,1,0,rating,a,a,1.0,core_destroyed,176,,18,880,10,19,16,20,3,2,ok,,4.968,n-62-21-3,29052882,2026-08-08T18:05:39+0200
d351060e6a53c3ac,auto-464e99b7c589,hoenir@5907a3b,hoenir,5907a3b,steward_hardened_reinforced@672ee02,steward_hardened_reinforced,672ee02,strait,all_official,1,0,rating,a,a,1.0,core_destroyed,117,,7,690,8,26,8,290,7,12,ok,,4.868,n-62-31-22,29052882,2026-08-08T18:07:34+0200
d3648d9c7bd17aa7,auto-464e99b7c589,casemate_oracle@90fc9f3,casemate_oracle,90fc9f3,hoenir@5907a3b,hoenir,5907a3b,aurora,all_official,1,0,rating,b,b,0.0,core_destroyed,70,,310,0,3,14,10,150,8,14,ok,,4.912,n-62-29-21,29052882,2026-08-08T18:04:46+0200
d3e21529505428bb,auto-464e99b7c589,fulla@ec5aa19,fulla,ec5aa19,hoenir@5907a3b,hoenir,5907a3b,vase,all_official,1,0,rating,b,b,0.0,core_destroyed,48,,60,0,8,5,20,80,5,12,ok,,3.059,n-62-21-9,29052882,2026-08-08T18:06:01+0200
d3ee661315995dfa,auto-464e99b7c589,forseti@37dc858,forseti,37dc858,hoenir@5907a3b,hoenir,5907a3b,jackpot,all_official,1,0,rating,a,a,1.0,titanium_collected,1000,,62,4930,20,24,147,4910,27,17,ok,,48.059,n-62-11-52,29052882,2026-08-08T18:06:07+0200
d40cab720fbfb0b1,auto-464e99b7c589,hoenir@5907a3b,hoenir,5907a3b,lockin@90fc9f3,lockin,90fc9f3,antler,all_official,1,0,rating,a,a,1.0,core_destroyed,37,,10,80,8,6,590,0,0,0,ok,,1.966,n-62-29-15,29052882,2026-08-08T18:06:03+0200
d41ed89941693cb6,auto-464e99b7c589,hoenir@5907a3b,hoenir,5907a3b,snotra_h@4437c29,snotra_h,4437c29,hive,all_official,1,0,rating,b,b,0.0,core_destroyed,137,,7,210,8,18,10,400,8,20,ok,,4.551,n-62-31-23,29052882,2026-08-08T18:06:50+0200
d449b5a0ac64f5cd,auto-464e99b7c589,steward_hardened_reinforced@04300bf,steward_hardened_reinforced,04300bf,hoenir@5907a3b,hoenir,5907a3b,fjord,all_official,1,0,rating,b,b,0.0,core_destroyed,97,,40,530,8,15,24,660,8,19,ok,,4.408,n-62-12-5,29052882,2026-08-08T18:07:25+0200
d45001450c664670,auto-464e99b7c589,hoenir@5907a3b,hoenir,5907a3b,forseti@37dc858,forseti,37dc858,longship,all_official,1,0,rating,a,a,1.0,core_destroyed,69,,9,220,9,10,28,150,6,19,ok,,3.364,n-62-11-50,29052882,2026-08-08T18:04:48+0200
d45b3d4569d00784,auto-464e99b7c589,hoenir@5907a3b,hoenir,5907a3b,maporacle@38e1456,maporacle,38e1456,lighthouse,all_official,1,0,rating,a,a,1.0,core_destroyed,109,,16,480,9,11,10,170,8,3,ok,,4.034,n-62-12-2,29052882,2026-08-08T18:06:35+0200
d461fc642e16189c,auto-464e99b7c589,hoenir@5907a3b,hoenir,5907a3b,ragnarok_fair@79582fc,ragnarok_fair,79582fc,strait,all_official,1,0,rating,b,b,0.0,core_destroyed,164,,63,1080,10,37,21,760,10,34,ok,,5.105,n-62-11-62,29052882,2026-08-08T18:06:51+0200
d4730a340ec0886a,auto-464e99b7c589,spar_sniper@aa24129,spar_sniper,aa24129,hoenir@5907a3b,hoenir,5907a3b,twins,all_official,1,0,rating,b,b,0.0,core_destroyed,253,,9,150,9,3,10,600,8,14,ok,,4.481,n-62-11-52,29052882,2026-08-08T18:07:32+0200
d4a68881d431bbc9,auto-464e99b7c589,prospect_rushonly@bf9b3e3,prospect_rushonly,bf9b3e3,hoenir@5907a3b,hoenir,5907a3b,longship,all_official,1,0,rating,b,b,0.0,core_destroyed,278,,27,670,9,5,6,670,6,13,ok,,6.381,n-62-31-16,29052882,2026-08-08T18:07:02+0200
d4aa15626ef5524b,auto-464e99b7c589,ostara@832c68a,ostara,832c68a,hoenir@5907a3b,hoenir,5907a3b,string,all_official,1,0,rating,b,b,0.0,core_destroyed,183,,10,450,6,7,9,450,9,4,ok,,5.362,n-62-29-33,29052882,2026-08-08T18:06:51+0200
d4b3e8c070ce3bc9,auto-464e99b7c589,prospect_rushonly@bf9b3e3,prospect_rushonly,bf9b3e3,hoenir@5907a3b,hoenir,5907a3b,antler,all_official,1,0,rating,b,b,0.0,core_destroyed,71,,9,300,7,8,6,300,7,9,ok,,3.037,n-62-31-14,29052882,2026-08-08T18:07:03+0200
d4c2e6b503b0d79c,auto-464e99b7c589,forseti@37dc858,forseti,37dc858,hoenir@5907a3b,hoenir,5907a3b,nordkap,all_official,1,0,rating,b,b,0.0,core_destroyed,145,,9,80,8,1,9,320,7,5,ok,,3.579,n-62-11-50,29052882,2026-08-08T18:05:23+0200
d4e1654844396d42,auto-464e99b7c589,hoenir@5907a3b,hoenir,5907a3b,jotunn@6b39ebb,jotunn,6b39ebb,eider,all_official,1,0,rating,a,a,1.0,core_destroyed,196,,101,2120,12,38,51,1550,6,58,ok,,10.447,n-62-28-28,29052882,2026-08-08T18:06:03+0200
d4efcfd8b782a425,auto-464e99b7c589,e_t4l7@9e77076,e_t4l7,9e77076,hoenir@5907a3b,hoenir,5907a3b,duel,all_official,1,0,rating,b,b,0.0,core_destroyed,67,,113,150,5,17,8,300,7,12,ok,,2.328,n-62-29-5,29052882,2026-08-08T18:05:09+0200
d4fc218edcce38fa,auto-464e99b7c589,prospect@bf9b3e3,prospect,bf9b3e3,hoenir@5907a3b,hoenir,5907a3b,sweden,all_official,1,0,rating,b,b,0.0,core_destroyed,378,,3,190,9,1,52,900,8,22,ok,,11.346,n-62-31-14,29052882,2026-08-08T18:06:28+0200
d50ce9a2575583f6,auto-464e99b7c589,loki@9ac8974,loki,9ac8974,hoenir@5907a3b,hoenir,5907a3b,duel,all_official,1,0,rating,b,b,0.0,core_destroyed,47,,9,190,8,6,7,200,8,6,ok,,3.073,n-62-31-14,29052882,2026-08-08T18:05:32+0200
d51067e4be4e158c,auto-464e99b7c589,skadi@6a2af02,skadi,6a2af02,hoenir@5907a3b,hoenir,5907a3b,twins,all_official,1,0,rating,a,a,1.0,core_destroyed,137,,45,600,5,29,61,610,7,19,ok,,4.094,n-62-29-13,29052882,2026-08-08T18:07:54+0200
d53eab6e00361735,auto-464e99b7c589,hoenir@5907a3b,hoenir,5907a3b,spar_mender@7ed1acc,spar_mender,7ed1acc,vase,all_official,1,0,rating,a,a,1.0,core_destroyed,405,,9,50,7,8,10,150,8,6,ok,,6.57,n-62-11-66,29052882,2026-08-08T18:07:33+0200
d54f1a2ce2b383e1,auto-464e99b7c589,steward_hardened_reinforced@04300bf,steward_hardened_reinforced,04300bf,hoenir@5907a3b,hoenir,5907a3b,moonrise,all_official,1,0,rating,a,a,1.0,core_destroyed,240,,112,1130,9,13,16,70,5,2,ok,,4.391,n-62-11-55,29052882,2026-08-08T18:07:12+0200
d56d37349eed1000,auto-464e99b7c589,hoenir@5907a3b,hoenir,5907a3b,bifrost@c70c467,bifrost,c70c467,fjordgate,all_official,1,0,rating,a,a,1.0,core_destroyed,222,,10,1040,6,25,28,10,2,3,ok,,3.718,n-62-28-31,29052882,2026-08-08T18:05:08+0200
d587e3e67f6c63be,auto-464e99b7c589,steward_hardened_reinforced@cdc552f,steward_hardened_reinforced,cdc552f,hoenir@5907a3b,hoenir,5907a3b,saga,all_official,1,0,rating,a,a,1.0,core_destroyed,162,,32,460,8,26,9,1160,19,30,ok,,10.981,n-62-29-21,29052882,2026-08-08T18:07:55+0200
d590bc06dd89dbbf,auto-464e99b7c589,sif@3fc5cd8,sif,3fc5cd8,hoenir@5907a3b,hoenir,5907a3b,sweden,all_official,1,0,rating,a,a,1.0,titanium_collected,1000,,38,1310,13,16,20,1200,7,18,ok,,22.676,n-62-31-10,29052882,2026-08-08T18:07:33+0200
d5a06ab2e01f8403,auto-464e99b7c589,hoenir@5907a3b,hoenir,5907a3b,ostara@832c68a,ostara,832c68a,pinch,all_official,1,0,rating,b,b,0.0,core_destroyed,119,,220,490,6,9,19,530,8,23,ok,,3.509,n-62-29-24,29052882,2026-08-08T18:06:53+0200
d5dad706eee874f6,auto-464e99b7c589,hoenir@5907a3b,hoenir,5907a3b,gobbleglitch@6cdc440,gobbleglitch,6cdc440,twins,all_official,1,0,rating,a,a,1.0,core_destroyed,120,,19,280,9,6,66,70,7,6,ok,,3.642,n-62-21-62,29052882,2026-08-08T18:04:55+0200
d5de0f5ae1c7cbc7,auto-464e99b7c589,e_t4l7@9e77076,e_t4l7,9e77076,hoenir@5907a3b,hoenir,5907a3b,fjord,all_official,1,0,rating,b,b,0.0,core_destroyed,243,,1226,1480,1,7,10,1180,8,20,ok,,4.066,n-62-29-5,29052882,2026-08-08T18:05:31+0200
d5ef9cc24b648612,auto-464e99b7c589,hoenir@5907a3b,hoenir,5907a3b,odin@38e1456,odin,38e1456,hive,all_official,1,0,rating,b,b,0.0,core_destroyed,227,,45,720,9,47,17,860,8,56,ok,,5.446,n-62-31-9,29052882,2026-08-08T18:06:07+0200
d5f5cb171c853e6d,auto-464e99b7c589,ragnarok_fair@79582fc,ragnarok_fair,79582fc,hoenir@5907a3b,hoenir,5907a3b,hive,all_official,1,0,rating,b,b,0.0,core_destroyed,108,,20,250,8,11,19,440,8,19,ok,,5.164,n-62-11-61,29052882,2026-08-08T18:07:03+0200
d6007115c66748e8,auto-464e99b7c589,steward_hardened_reinforced@672ee02,steward_hardened_reinforced,672ee02,hoenir@5907a3b,hoenir,5907a3b,vase,all_official,1,0,rating,b,b,0.0,core_destroyed,48,,60,0,8,5,20,80,5,12,ok,,3.323,n-62-11-67,29052882,2026-08-08T18:07:31+0200
d60858b3b060a8e6,auto-464e99b7c589,mjolnir@2e6c876,mjolnir,2e6c876,hoenir@5907a3b,hoenir,5907a3b,string,all_official,1,0,rating,b,b,0.0,core_destroyed,855,,65,3670,2,5,59,2130,17,5,ok,,17.602,n-62-31-23,29052882,2026-08-08T18:06:17+0200
d6112d44afa0b13e,auto-464e99b7c589,hoenir@5907a3b,hoenir,5907a3b,odin@93e46da,odin,93e46da,lighthouse,all_official,1,0,rating,a,a,1.0,core_destroyed,109,,16,480,9,11,10,170,8,3,ok,,4.153,n-62-28-33,29052882,2026-08-08T18:06:49+0200
d61cb45d7895774a,auto-464e99b7c589,ragnarok_fair@79582fc,ragnarok_fair,79582fc,hoenir@5907a3b,hoenir,5907a3b,snowflake,all_official,1,0,rating,a,a,1.0,core_destroyed,65,,20,430,9,18,18,140,7,10,ok,,3.205,n-62-11-62,29052882,2026-08-08T18:06:39+0200
d6248081f997bb09,auto-464e99b7c589,hoenir@5907a3b,hoenir,5907a3b,spork@05ab6a2,spork,05ab6a2,runestone,all_official,1,0,rating,b,b,0.0,core_destroyed,371,,1,70,7,10,43,1310,9,35,ok,,7.89,n-62-21-89,29052882,2026-08-08T18:07:17+0200
d63501e94b7f12aa,auto-464e99b7c589,prospect_rushonly@bf9b3e3,prospect_rushonly,bf9b3e3,hoenir@5907a3b,hoenir,5907a3b,duel,all_official,1,0,rating,b,b,0.0,core_destroyed,49,,10,200,10,10,19,210,8,8,ok,,3.481,n-62-31-8,29052882,2026-08-08T18:06:27+0200
d637d48ce34a7c89,auto-464e99b7c589,heimdall@daf0de0,heimdall,daf0de0,hoenir@5907a3b,hoenir,5907a3b,bridge,all_official,1,0,rating,b,b,0.0,titanium_stored,1000,,35,0,11,7,185,0,7,8,ok,,20.342,n-62-21-63,29052882,2026-08-08T18:05:33+0200
d6542ed176cb83bd,auto-464e99b7c589,skadi@aad5f44,skadi,aad5f44,hoenir@5907a3b,hoenir,5907a3b,heart,all_official,1,0,rating,a,a,1.0,core_destroyed,313,,10,0,4,17,29,60,7,10,ok,,7.349,n-62-29-31,29052882,2026-08-08T18:07:39+0200
d6595dcee22940d3,auto-464e99b7c589,skadi@6a2af02,skadi,6a2af02,hoenir@5907a3b,hoenir,5907a3b,longship,all_official,1,0,rating,a,a,1.0,core_destroyed,105,,8,240,7,18,10,430,7,19,ok,,4.318,n-62-28-33,29052882,2026-08-08T18:06:47+0200
d6764be4c9a0f81d,auto-464e99b7c589,hoenir@5907a3b,hoenir,5907a3b,gefn@46ac5e6,gefn,46ac5e6,fjord,all_official,1,0,rating,b,b,0.0,core_destroyed,61,,44,390,8,17,9,390,9,13,ok,,3.493,n-62-21-12,29052882,2026-08-08T18:04:54+0200
d6919b84df74bbc5,auto-464e99b7c589,hoenir@5907a3b,hoenir,5907a3b,sif@3fc5cd8,sif,3fc5cd8,aurora,all_official,1,0,rating,a,a,1.0,core_destroyed,108,,18,650,9,23,19,690,8,38,ok,,4.432,n-62-11-63,29052882,2026-08-08T18:06:44+0200
d6949a39a9dd1233,auto-464e99b7c589,aegis@e55aab5,aegis,e55aab5,hoenir@5907a3b,hoenir,5907a3b,string,all_official,1,0,rating,b,b,0.0,titanium_collected,1000,,42,1070,2,7,1196,7290,20,15,ok,,32.158,n-62-31-23,29052882,2026-08-08T18:05:58+0200
d6b41eba0c0b4d4b,auto-464e99b7c589,hoenir@5907a3b,hoenir,5907a3b,pantheon_replica_day3@aa8bae0,pantheon_replica_day3,aa8bae0,vault,all_official,1,0,rating,a,a,1.0,core_destroyed,123,,34,550,7,13,7,210,7,6,ok,,4.698,n-62-31-4,29052882,2026-08-08T18:06:14+0200
d6e2ad5be558d40e,auto-464e99b7c589,lockin@90fc9f3,lockin,90fc9f3,hoenir@5907a3b,hoenir,5907a3b,meander,all_official,1,0,rating,b,b,0.0,core_destroyed,75,,680,0,0,0,10,150,8,27,ok,,2.182,n-62-29-9,29052882,2026-08-08T18:05:49+0200
d6eb771073ac4c7d,auto-464e99b7c589,magni@3677a66,magni,3677a66,hoenir@5907a3b,hoenir,5907a3b,vase,all_official,1,0,rating,b,b,0.0,core_destroyed,48,,60,0,8,5,20,80,5,12,ok,,2.976,n-62-12-7,29052882,2026-08-08T18:06:06+0200
d6ee2ab2cb35a155,auto-464e99b7c589,loki@832c68a,loki,832c68a,hoenir@5907a3b,hoenir,5907a3b,atoll,all_official,1,0,rating,a,a,1.0,core_destroyed,73,,8,310,8,15,16,240,9,6,ok,,3.206,n-62-29-27,29052882,2026-08-08T18:05:44+0200
d7202c14bcb993b2,auto-464e99b7c589,hoenir@5907a3b,hoenir,5907a3b,steward_hardened_reinforced@366cd1b,steward_hardened_reinforced,366cd1b,duel,all_official,1,0,rating,a,a,1.0,core_destroyed,57,,9,240,8,7,208,240,5,6,ok,,2.886,n-62-21-1,29052882,2026-08-08T18:07:36+0200
d736090647cf5f70,auto-464e99b7c589,steward_hardened_reinforced@a994296,steward_hardened_reinforced,a994296,hoenir@5907a3b,hoenir,5907a3b,jackpot,all_official,1,0,rating,a,a,1.0,core_destroyed,500,,36,2430,16,24,168,2280,20,14,ok,,24.83,n-62-11-68,29052882,2026-08-08T18:07:50+0200
d73eb530ef677767,auto-464e99b7c589,hoenir@5907a3b,hoenir,5907a3b,loki@832c68a,loki,832c68a,twins,all_official,1,0,rating,a,a,1.0,core_destroyed,257,,9,620,9,8,15,620,9,5,ok,,5.582,n-62-31-20,29052882,2026-08-08T18:05:31+0200
d74469ab16314264,auto-464e99b7c589,hoenir@5907a3b,hoenir,5907a3b,jonbot_190003d@90fc9f3,jonbot_190003d,90fc9f3,sweden,all_official,1,0,rating,a,a,1.0,core_destroyed,215,,10,500,9,32,292,0,9,3,ok,,13.253,n-62-21-98,29052882,2026-08-08T18:05:32+0200
d74b07b3d8e860c4,auto-464e99b7c589,prospect@bf9b3e3,prospect,bf9b3e3,hoenir@5907a3b,hoenir,5907a3b,twins,all_official,1,0,rating,b,b,0.0,core_destroyed,180,,16,90,8,2,27,420,6,10,ok,,4.454,n-62-31-14,29052882,2026-08-08T18:06:37+0200
d752557bb4b63745,auto-464e99b7c589,hoenir@5907a3b,hoenir,5907a3b,magni@3677a66,magni,3677a66,aurora,all_official,1,0,rating,a,a,1.0,core_destroyed,140,,19,640,8,19,16,60,8,15,ok,,4.126,n-62-11-52,29052882,2026-08-08T18:06:02+0200
d7597e7dcd4c35fe,auto-464e99b7c589,hoenir@5907a3b,hoenir,5907a3b,snotra_h@4437c29,snotra_h,4437c29,fjord,all_official,1,0,rating,b,b,0.0,core_destroyed,61,,44,390,8,17,9,390,9,13,ok,,3.388,n-62-31-22,29052882,2026-08-08T18:07:03+0200
d780a55266137158,auto-464e99b7c589,maporacle@38e1456,maporacle,38e1456,hoenir@5907a3b,hoenir,5907a3b,sprint,all_official,1,0,rating,b,b,0.0,core_destroyed,46,,10,0,9,1,6,20,6,5,ok,,3.382,n-62-21-2,29052882,2026-08-08T18:05:39+0200
d7a0a8d079446743,auto-464e99b7c589,njord@f66a427,njord,f66a427,hoenir@5907a3b,hoenir,5907a3b,fjord,all_official,1,0,rating,b,b,0.0,core_destroyed,97,,40,530,8,15,24,660,8,19,ok,,4.586,n-62-11-60,29052882,2026-08-08T18:05:57+0200
d7b3fe718439acc3,auto-464e99b7c589,hoenir@5907a3b,hoenir,5907a3b,hodr@ea88247,hodr,ea88247,eider,all_official,1,0,rating,a,a,1.0,core_destroyed,88,,28,460,7,12,16,450,7,9,ok,,3.884,n-62-21-54,29052882,2026-08-08T18:04:40+0200
d7ca3edd75379c7c,auto-464e99b7c589,hoenir@5907a3b,hoenir,5907a3b,skadi@821d792,skadi,821d792,atoll,all_official,1,0,rating,b,b,0.0,core_destroyed,379,,7,1090,8,7,9,990,7,16,ok,,5.182,n-62-11-55,29052882,2026-08-08T18:06:45+0200
d7efe8730843774f,auto-464e99b7c589,skadi@1e4eddf,skadi,1e4eddf,hoenir@5907a3b,hoenir,5907a3b,saga,all_official,1,0,rating,b,b,0.0,core_destroyed,83,,4,420,8,36,9,250,8,19,ok,,3.678,n-62-11-58,29052882,2026-08-08T18:06:38+0200
d80cd37c8de49aff,auto-464e99b7c589,gobbleglitch@6cdc440,gobbleglitch,6cdc440,hoenir@5907a3b,hoenir,5907a3b,drumlin,all_official,1,0,rating,b,b,0.0,core_destroyed,49,,59,90,8,5,19,240,8,11,ok,,2.649,n-62-13-6,29052882,2026-08-08T18:05:00+0200
d811e9a2143b9a5c,auto-464e99b7c589,spar_sniper@aa24129,spar_sniper,aa24129,hoenir@5907a3b,hoenir,5907a3b,duel,all_official,1,0,rating,b,b,0.0,core_destroyed,47,,9,190,8,6,7,200,8,6,ok,,3.4,n-62-21-98,29052882,2026-08-08T18:07:52+0200
d822d83a316b4467,auto-464e99b7c589,hoenir@5907a3b,hoenir,5907a3b,skadi@aad5f44,skadi,aad5f44,twins,all_official,1,0,rating,b,b,0.0,core_destroyed,630,,49,2540,11,5,105,7420,23,84,ok,,21.243,n-62-29-27,29052882,2026-08-08T18:07:49+0200
d8bc73d7a60959bb,auto-464e99b7c589,steward_hardened_reinforced@c04e46e,steward_hardened_reinforced,c04e46e,hoenir@5907a3b,hoenir,5907a3b,drumlin,all_official,1,0,rating,b,b,0.0,core_destroyed,66,,6,220,7,19,9,450,8,18,ok,,3.307,n-62-21-92,29052882,2026-08-08T18:07:42+0200
d8da4ef5d406afce,auto-464e99b7c589,hoenir@5907a3b,hoenir,5907a3b,skadi@821d792,skadi,821d792,eider,all_official,1,0,rating,a,a,1.0,titanium_collected,1000,,20,2480,8,9,12,0,6,9,ok,,14.531,n-62-29-15,29052882,2026-08-08T18:07:02+0200
d8dda8ba20b1896f,auto-464e99b7c589,hoenir@5907a3b,hoenir,5907a3b,steward_hardened_reinforced@c04e46e,steward_hardened_reinforced,c04e46e,snowflake,all_official,1,0,rating,a,a,1.0,core_destroyed,73,,51,700,11,20,7,160,8,11,ok,,4.384,n-62-21-98,29052882,2026-08-08T18:07:37+0200
d8fe6559b87fec57,auto-464e99b7c589,bastion@840a180,bastion,840a180,hoenir@5907a3b,hoenir,5907a3b,fjordgate,all_official,1,0,rating,b,b,0.0,core_destroyed,162,,10,0,4,0,69,390,3,5,ok,,2.464,n-62-31-9,29052882,2026-08-08T18:04:51+0200
d919eea87a6e4d61,auto-464e99b7c589,hoenir@5907a3b,hoenir,5907a3b,ostara@832c68a,ostara,832c68a,fjordgate,all_official,1,0,rating,a,a,1.0,core_destroyed,353,,9,30,4,10,10,30,6,3,ok,,4.379,n-62-29-21,29052882,2026-08-08T18:06:10+0200
d92b318fd58ec13c,auto-464e99b7c589,hoenir@5907a3b,hoenir,5907a3b,snotra_h@4437c29,snotra_h,4437c29,bridge,all_official,1,0,rating,a,a,1.0,core_destroyed,149,,66,900,15,19,96,0,5,2,ok,,5.886,n-62-30-24,29052882,2026-08-08T18:07:07+0200
d92b6979ba1e4d63,auto-464e99b7c589,odin@93e46da,odin,93e46da,hoenir@5907a3b,hoenir,5907a3b,strait,all_official,1,0,rating,b,b,0.0,core_destroyed,95,,10,320,10,28,31,540,8,25,ok,,4.332,n-62-29-13,29052882,2026-08-08T18:06:39+0200
d92e1bcefa47bdc8,auto-464e99b7c589,hoenir@5907a3b,hoenir,5907a3b,pantheon_replica_day3@aa8bae0,pantheon_replica_day3,aa8bae0,meander,all_official,1,0,rating,a,a,1.0,core_destroyed,373,,9,140,4,22,10,0,5,0,ok,,4.123,n-62-30-23,29052882,2026-08-08T18:06:55+0200
d94dc351b21ab454,auto-464e99b7c589,forseti@37dc858,forseti,37dc858,hoenir@5907a3b,hoenir,5907a3b,fjordgate,all_official,1,0,rating,a,a,1.0,core_destroyed,222,,10,1040,6,25,28,10,2,3,ok,,3.699,n-62-11-52,29052882,2026-08-08T18:04:51+0200
d959a2c76dc90ccc,auto-464e99b7c589,audhumla@a7faecd,audhumla,a7faecd,hoenir@5907a3b,hoenir,5907a3b,sweden,all_official,1,0,rating,b,b,0.0,core_destroyed,132,,38,140,8,12,20,290,8,21,ok,,4.078,n-62-11-63,29052882,2026-08-08T18:05:11+0200
d95f00b89643cd43,auto-464e99b7c589,hoenir@5907a3b,hoenir,5907a3b,freyr@c2c0d3d,freyr,c2c0d3d,strait,all_official,1,0,rating,b,b,0.0,core_destroyed,297,,29,820,7,18,8,740,8,13,ok,,5.195,n-62-12-3,29052882,2026-08-08T18:04:48+0200
d9638974b5c70486,auto-464e99b7c589,hoenir@5907a3b,hoenir,5907a3b,skadi@1e4eddf,skadi,1e4eddf,hive,all_official,1,0,rating,b,b,0.0,core_destroyed,123,,7,280,7,22,40,510,7,27,ok,,4.43,n-62-28-28,29052882,2026-08-08T18:06:32+0200
d9972176f036fd7d,auto-464e99b7c589,spar_sniper@aa24129,spar_sniper,aa24129,hoenir@5907a3b,hoenir,5907a3b,fjord,all_official,1,0,rating,b,b,0.0,core_destroyed,97,,40,530,8,15,24,660,8,19,ok,,4.64,n-62-21-97,29052882,2026-08-08T18:07:13+0200
d999923095c39eff,auto-464e99b7c589,loki@9ac8974,loki,9ac8974,hoenir@5907a3b,hoenir,5907a3b,heart,all_official,1,0,rating,a,a,1.0,core_destroyed,165,,14,360,7,12,9,0,7,7,ok,,3.794,n-62-31-14,29052882,2026-08-08T18:06:11+0200
d9af4c7890ac1d26,auto-464e99b7c589,hoenir@5907a3b,hoenir,5907a3b,spar_sniper@aa24129,spar_sniper,aa24129,runestone,all_official,1,0,rating,a,a,1.0,core_destroyed,221,,19,360,8,14,10,70,8,5,ok,,5.371,n-62-31-16,29052882,2026-08-08T18:07:39+0200
d9b6d53c6f02b760,auto-464e99b7c589,hoenir@5907a3b,hoenir,5907a3b,magni@3677a66,magni,3677a66,quarry,all_official,1,0,rating,b,b,0.0,core_destroyed,158,,17,350,6,31,65,980,11,20,ok,,6.14,n-62-21-89,29052882,2026-08-08T18:05:43+0200
d9b857bb258abe89,auto-464e99b7c589,odin@38e1456,odin,38e1456,hoenir@5907a3b,hoenir,5907a3b,archipelago,all_official,1,0,rating,b,b,0.0,core_destroyed,89,,41,620,10,34,58,750,12,26,ok,,4.329,n-62-11-64,29052882,2026-08-08T18:05:58+0200
d9dbbb4c66677cbb,auto-464e99b7c589,hoenir@5907a3b,hoenir,5907a3b,hodr@ea88247,hodr,ea88247,sweden,all_official,1,0,rating,a,a,1.0,core_destroyed,318,,60,760,12,14,74,150,9,10,ok,,10.331,n-62-21-59,29052882,2026-08-08T18:05:10+0200
d9de4d58c8a23671,auto-464e99b7c589,hoenir@5907a3b,hoenir,5907a3b,skadi@6a2af02,skadi,6a2af02,saga,all_official,1,0,rating,a,a,1.0,core_destroyed,696,,257,2590,16,29,16,1490,8,20,ok,,17.374,n-62-28-34,29052882,2026-08-08T18:07:29+0200
d9e8ed6212ed2590,auto-464e99b7c589,magni@3677a66,magni,3677a66,hoenir@5907a3b,hoenir,5907a3b,jackpot,all_official,1,0,rating,a,a,1.0,titanium_collected,1000,,58,4930,20,24,209,4910,26,17,ok,,48.229,n-62-11-51,29052882,2026-08-08T18:06:59+0200
d9fa9294e412561b,auto-464e99b7c589,hoenir@5907a3b,hoenir,5907a3b,e_t4l7@9e77076,e_t4l7,9e77076,skerry,all_official,1,0,rating,a,a,1.0,core_destroyed,395,,10,2860,9,32,1389,2330,3,16,ok,,6.598,n-62-30-25,29052882,2026-08-08T18:06:03+0200
da219644bec951c2,auto-464e99b7c589,bifrost@c70c467,bifrost,c70c467,hoenir@5907a3b,hoenir,5907a3b,nordkap,all_official,1,0,rating,b,b,0.0,core_destroyed,453,,10,80,8,3,9,80,7,5,ok,,6.11,n-62-28-34,29052882,2026-08-08T18:05:13+0200
da258ddd04df72d7,auto-464e99b7c589,hoenir@5907a3b,hoenir,5907a3b,e_t4l7@9e77076,e_t4l7,9e77076,fjord,all_official,1,0,rating,a,a,1.0,titanium_collected,1000,,18,4970,8,20,3667,4950,7,12,ok,,9.645,n-62-29-5,29052882,2026-08-08T18:05:27+0200
da396b0a6560a684,auto-464e99b7c589,skadi@6a2af02,skadi,6a2af02,hoenir@5907a3b,hoenir,5907a3b,duel,all_official,1,0,rating,a,a,1.0,core_destroyed,63,,10,150,4,5,60,160,7,4,ok,,3.035,n-62-12-7,29052882,2026-08-08T18:07:33+0200
da4ff3142b012afb,auto-464e99b7c589,hoenir@5907a3b,hoenir,5907a3b,skadi@6a2af02,skadi,6a2af02,antler,all_official,1,0,rating,a,a,1.0,core_destroyed,75,,8,330,6,8,60,330,5,9,ok,,3.247,n-62-21-89,29052882,2026-08-08T18:06:43+0200
da63cf49dbc9f79b,auto-464e99b7c589,loki@832c68a,loki,832c68a,hoenir@5907a3b,hoenir,5907a3b,moonrise,all_official,1,0,rating,a,a,1.0,core_destroyed,111,,49,480,6,18,7,50,6,5,ok,,3.468,n-62-30-25,29052882,2026-08-08T18:05:58+0200
da667ddbca06bc93,auto-464e99b7c589,hoenir@5907a3b,hoenir,5907a3b,jonbot@90fc9f3,jonbot,90fc9f3,twins,all_official,1,0,rating,a,a,1.0,core_destroyed,164,,20,390,9,10,188,30,5,12,ok,,3.835,n-62-11-62,29052882,2026-08-08T18:05:47+0200
da6a736090575ff0,auto-464e99b7c589,jonbot_190003d@90fc9f3,jonbot_190003d,90fc9f3,hoenir@5907a3b,hoenir,5907a3b,eider,all_official,1,0,rating,a,a,1.0,core_destroyed,88,,69,480,9,20,20,130,6,13,ok,,3.131,n-62-11-64,29052882,2026-08-08T18:05:54+0200
da7cd8258b8217a8,auto-464e99b7c589,hoenir@5907a3b,hoenir,5907a3b,snotra@34b0ce8,snotra,34b0ce8,moonrise,all_official,1,0,rating,a,a,1.0,core_destroyed,131,,27,580,9,14,10,50,6,3,ok,,3.958,n-62-30-23,29052882,2026-08-08T18:07:02+0200
da9f29b0b8962053,auto-464e99b7c589,odin@93e46da,odin,93e46da,hoenir@5907a3b,hoenir,5907a3b,fjordgate,all_official,1,0,rating,b,b,0.0,core_destroyed,474,,10,0,6,0,8,30,6,1,ok,,5.671,n-62-28-31,29052882,2026-08-08T18:06:27+0200
daaed8cc6dc1f7da,auto-464e99b7c589,hoenir@5907a3b,hoenir,5907a3b,fulla@ec5aa19,fulla,ec5aa19,saga,all_official,1,0,rating,b,b,0.0,core_destroyed,111,,4,410,9,23,10,510,7,26,ok,,5.671,n-62-21-4,29052882,2026-08-08T18:05:29+0200
dacc456618b7578f,auto-464e99b7c589,ragnarok_fair@79582fc,ragnarok_fair,79582fc,hoenir@5907a3b,hoenir,5907a3b,twins,all_official,1,0,rating,b,b,0.0,core_destroyed,58,,56,210,5,23,6,210,7,22,ok,,2.744,n-62-11-66,29052882,2026-08-08T18:07:05+0200
dad6957d716da2dd,auto-464e99b7c589,bastion@840a180,bastion,840a180,hoenir@5907a3b,hoenir,5907a3b,longship,all_official,1,0,rating,b,b,0.0,core_destroyed,61,,10,130,9,15,10,230,7,11,ok,,4.274,n-62-31-10,29052882,2026-08-08T18:04:52+0200
dadfb9e653aadbbe,auto-464e99b7c589,hoenir@5907a3b,hoenir,5907a3b,gefjon@f66a427,gefjon,f66a427,skerry,all_official,1,0,rating,b,b,0.0,core_destroyed,66,,25,370,10,11,17,340,8,23,ok,,4.173,n-62-21-5,29052882,2026-08-08T18:05:22+0200
db167c87a57d003a,auto-464e99b7c589,hoenir@5907a3b,hoenir,5907a3b,spar_mender@7ed1acc,spar_mender,7ed1acc,sprint,all_official,1,0,rating,b,b,0.0,core_destroyed,689,,8,0,7,0,10,1690,18,12,ok,,11.195,n-62-11-62,29052882,2026-08-08T18:07:20+0200
db28722f8c93980c,auto-464e99b7c589,hoenir@5907a3b,hoenir,5907a3b,pantheon_replica_day3@aa8bae0,pantheon_replica_day3,aa8bae0,nordkap,all_official,1,0,rating,a,a,1.0,core_destroyed,569,,8,80,8,7,10,10,6,1,ok,,5.932,n-62-30-25,29052882,2026-08-08T18:06:19+0200
db4ac6fea81eb935,auto-464e99b7c589,maporacle@38e1456,maporacle,38e1456,hoenir@5907a3b,hoenir,5907a3b,showdown,all_official,1,0,rating,b,b,0.0,core_destroyed,105,,10,0,7,6,19,280,8,17,ok,,4.084,n-62-21-1,29052882,2026-08-08T18:06:01+0200
db6e1c514fe48c9f,auto-464e99b7c589,spar_mender@d5b46bc,spar_mender,d5b46bc,hoenir@5907a3b,hoenir,5907a3b,atoll,all_official,1,0,rating,b,b,0.0,core_destroyed,143,,30,460,9,8,9,660,8,12,ok,,3.495,n-62-11-63,29052882,2026-08-08T18:07:06+0200
db8668f9d2e26b2c,auto-464e99b7c589,steward_hardened_reinforced@a994296,steward_hardened_reinforced,a994296,hoenir@5907a3b,hoenir,5907a3b,showdown,all_official,1,0,rating,a,a,1.0,core_destroyed,329,,9,210,8,8,10,170,4,7,ok,,3.482,n-62-11-62,29052882,2026-08-08T18:07:30+0200
db95d04d20e5e0db,auto-464e99b7c589,mimir@cfc1ec4,mimir,cfc1ec4,hoenir@5907a3b,hoenir,5907a3b,crossfire,all_official,1,0,rating,a,a,1.0,core_destroyed,56,,24,130,7,5,16,120,9,4,ok,,3.366,n-62-21-4,29052882,2026-08-08T18:06:03+0200
dbab7dd8844263a2,auto-464e99b7c589,hoenir@5907a3b,hoenir,5907a3b,njord@f66a427,njord,f66a427,vault,all_official,1,0,rating,a,a,1.0,core_destroyed,77,,20,330,9,26,64,340,13,9,ok,,4.427,n-62-11-63,29052882,2026-08-08T18:06:30+0200
dbba9ab732ab3e0b,auto-464e99b7c589,maporacle@38e1456,maporacle,38e1456,hoenir@5907a3b,hoenir,5907a3b,quarry,all_official,1,0,rating,a,a,1.0,core_destroyed,86,,2,110,8,8,6,0,9,4,ok,,3.78,n-62-12-3,29052882,2026-08-08T18:06:15+0200
dbca377e085675fd,auto-464e99b7c589,hoenir@5907a3b,hoenir,5907a3b,skadi@6a2af02,skadi,6a2af02,string,all_official,1,0,rating,a,a,1.0,core_destroyed,276,,38,750,9,12,72,540,5,2,ok,,5.591,n-62-12-5,29052882,2026-08-08T18:07:19+0200
dbe3bce75b858f12,auto-464e99b7c589,hoenir@5907a3b,hoenir,5907a3b,jonbot@90fc9f3,jonbot,90fc9f3,string,all_official,1,0,rating,a,a,1.0,core_destroyed,201,,103,490,7,7,421,120,0,1,ok,,2.882,n-62-11-62,29052882,2026-08-08T18:05:27+0200
dbe56c0ed8b8862f,auto-464e99b7c589,hoenir@5907a3b,hoenir,5907a3b,ostara@832c68a,ostara,832c68a,jackpot,all_official,1,0,rating,b,b,0.0,core_destroyed,485,,54,2360,18,19,98,2380,11,18,ok,,18.912,n-62-29-21,29052882,2026-08-08T18:06:54+0200
dc0b0e04d3454e3e,auto-464e99b7c589,njord@f66a427,njord,f66a427,hoenir@5907a3b,hoenir,5907a3b,drumlin,all_official,1,0,rating,b,b,0.0,core_destroyed,55,,8,170,7,18,28,350,7,18,ok,,3.453,n-62-11-61,29052882,2026-08-08T18:06:14+0200
dc19f1b314d951c9,auto-464e99b7c589,janus@8a1e7a1,janus,8a1e7a1,hoenir@5907a3b,hoenir,5907a3b,saga,all_official,1,0,rating,b,b,0.0,core_destroyed,249,,9,260,9,17,9,560,7,19,ok,,4.511,n-62-31-21,29052882,2026-08-08T18:05:39+0200
dc1ee0f3b4652db9,auto-464e99b7c589,pantheon_replica_day3@aa8bae0,pantheon_replica_day3,aa8bae0,hoenir@5907a3b,hoenir,5907a3b,vault,all_official,1,0,rating,b,b,0.0,core_destroyed,77,,10,310,8,22,7,340,9,13,ok,,4.148,n-62-31-4,29052882,2026-08-08T18:06:18+0200
dc316fd1195dfa3c,auto-464e99b7c589,skadi@821d792,skadi,821d792,hoenir@5907a3b,hoenir,5907a3b,meander,all_official,1,0,rating,a,a,1.0,core_destroyed,97,,9,0,6,5,8,10,7,5,ok,,2.821,n-62-12-2,29052882,2026-08-08T18:06:40+0200
dc3caa076e919634,auto-464e99b7c589,hoenir@5907a3b,hoenir,5907a3b,casemate_oracle@90fc9f3,casemate_oracle,90fc9f3,snowflake,all_official,1,0,rating,a,a,1.0,core_destroyed,140,,64,1630,18,48,202,0,5,29,ok,,7.7,n-62-29-33,29052882,2026-08-08T18:05:05+0200
dc7a262e105b1b9f,auto-464e99b7c589,hoenir@5907a3b,hoenir,5907a3b,skadi@6a2af02,skadi,6a2af02,fjord,all_official,1,0,rating,a,a,1.0,core_destroyed,156,,18,1110,13,21,56,1080,9,33,ok,,6.604,n-62-28-31,29052882,2026-08-08T18:06:36+0200
dc8a1870cfd190cd,auto-464e99b7c589,hoenir@5907a3b,hoenir,5907a3b,jonbot@90fc9f3,jonbot,90fc9f3,vault,all_official,1,0,rating,a,a,1.0,core_destroyed,152,,10,700,12,35,715,340,5,6,ok,,5.178,n-62-11-63,29052882,2026-08-08T18:05:23+0200
dcad7743a6a804a7,auto-464e99b7c589,hoenir@5907a3b,hoenir,5907a3b,lockin@90fc9f3,lockin,90fc9f3,duel,all_official,1,0,rating,a,a,1.0,core_destroyed,89,,10,210,8,7,403,200,3,1,ok,,4.993,n-62-29-16,29052882,2026-08-08T18:06:09+0200
dcce50a9af9f85bb,auto-464e99b7c589,steward_hardened_reinforced@04300bf,steward_hardened_reinforced,04300bf,hoenir@5907a3b,hoenir,5907a3b,drumlin,all_official,1,0,rating,b,b,0.0,core_destroyed,55,,8,170,7,18,28,350,7,18,ok,,3.444,n-62-28-34,29052882,2026-08-08T18:07:48+0200
dce1f5ffde475025,auto-464e99b7c589,mistral@90fc9f3,mistral,90fc9f3,hoenir@5907a3b,hoenir,5907a3b,aurora,all_official,1,0,rating,b,b,0.0,core_destroyed,57,,364,0,4,0,20,120,8,14,ok,,11.557,n-62-31-4,29052882,2026-08-08T18:06:33+0200
dce68f13540a71b3,auto-464e99b7c589,hoenir@5907a3b,hoenir,5907a3b,spar_sniper@aa24129,spar_sniper,aa24129,nordkap,all_official,1,0,rating,a,a,1.0,core_destroyed,413,,9,80,9,7,10,100,8,6,ok,,8.44,n-62-31-16,29052882,2026-08-08T18:07:05+0200
dcfc09ecde32fc8d,auto-464e99b7c589,lockin@90fc9f3,lockin,90fc9f3,hoenir@5907a3b,hoenir,5907a3b,sprint,all_official,1,0,rating,b,b,0.0,core_destroyed,43,,311,0,6,0,20,160,7,17,ok,,3.641,n-62-29-33,29052882,2026-08-08T18:05:52+0200
dd08940d10f1ae6d,auto-464e99b7c589,hoenir@5907a3b,hoenir,5907a3b,steward_hardened_reinforced@f61245f,steward_hardened_reinforced,f61245f,jackpot,all_official,1,0,rating,a,a,1.0,core_destroyed,59,,10,230,7,24,22,0,10,1,ok,,3.824,n-62-31-24,29052882,2026-08-08T18:07:53+0200
dd0c2afadbd57b83,auto-464e99b7c589,loki@9ac8974,loki,9ac8974,hoenir@5907a3b,hoenir,5907a3b,quarry,all_official,1,0,rating,a,a,1.0,core_destroyed,91,,9,190,9,15,7,0,8,5,ok,,4.253,n-62-31-16,29052882,2026-08-08T18:06:16+0200
dd2c2812e8f55973,auto-464e99b7c589,hoenir@5907a3b,hoenir,5907a3b,skadi@6a2af02,skadi,6a2af02,heart,all_official,1,0,rating,b,b,0.0,core_destroyed,241,,8,0,6,7,9,0,7,11,ok,,5.312,n-62-28-31,29052882,2026-08-08T18:07:01+0200
dd3f2ac473fe8b33,auto-464e99b7c589,hoenir@5907a3b,hoenir,5907a3b,mjolnir@2e6c876,mjolnir,2e6c876,hive,all_official,1,0,rating,a,a,1.0,core_destroyed,124,,18,290,9,24,12,290,8,48,ok,,5.153,n-62-21-7,29052882,2026-08-08T18:05:47+0200
dd430ce827f3af78,auto-464e99b7c589,hoenir@5907a3b,hoenir,5907a3b,forseti@37dc858,forseti,37dc858,sweden,all_official,1,0,rating,a,a,1.0,core_destroyed,318,,60,760,12,14,74,150,9,10,ok,,11.759,n-62-21-89,29052882,2026-08-08T18:04:48+0200
dd4375fb2beea35b,auto-464e99b7c589,bifrost@c70c467,bifrost,c70c467,hoenir@5907a3b,hoenir,5907a3b,snowflake,all_official,1,0,rating,a,a,1.0,core_destroyed,65,,30,600,11,19,7,140,8,11,ok,,3.588,n-62-29-13,29052882,2026-08-08T18:05:24+0200
dd5a4b1fb6b8042b,auto-464e99b7c589,hoenir@5907a3b,hoenir,5907a3b,skadi@1e4eddf,skadi,1e4eddf,quarry,all_official,1,0,rating,b,b,0.0,core_destroyed,146,,30,310,6,37,79,980,11,33,ok,,4.476,n-62-11-51,29052882,2026-08-08T18:06:57+0200
dd675b40ddcbf35b,auto-464e99b7c589,hoenir@5907a3b,hoenir,5907a3b,forseti@37dc858,forseti,37dc858,archipelago,all_official,1,0,rating,a,a,1.0,core_destroyed,66,,20,500,9,25,9,150,8,14,ok,,4.317,n-62-31-19,29052882,2026-08-08T18:05:01+0200
dd6f823a239663c1,auto-464e99b7c589,hoenir@5907a3b,hoenir,5907a3b,maporacle@38e1456,maporacle,38e1456,archipelago,all_official,1,0,rating,a,a,1.0,core_destroyed,73,,88,570,9,26,10,80,8,22,ok,,3.975,n-62-12-5,29052882,2026-08-08T18:05:34+0200
dd7761b1c2b9ef9f,auto-464e99b7c589,hoenir@5907a3b,hoenir,5907a3b,hodr@ea88247,hodr,ea88247,hive,all_official,1,0,rating,b,b,0.0,core_destroyed,267,,7,640,6,17,17,730,9,14,ok,,7.49,n-62-21-54,29052882,2026-08-08T18:05:20+0200
dd86a07c90025692,auto-464e99b7c589,mjolnir@2e6c876,mjolnir,2e6c876,hoenir@5907a3b,hoenir,5907a3b,quarry,all_official,1,0,rating,b,b,0.0,core_destroyed,169,,40,1720,11,76,153,1210,11,33,ok,,6.65,n-62-31-24,29052882,2026-08-08T18:06:38+0200
dd8afbb3463b07e5,auto-464e99b7c589,hodr@ea88247,hodr,ea88247,hoenir@5907a3b,hoenir,5907a3b,sweden,all_official,1,0,rating,b,b,0.0,core_destroyed,261,,29,0,8,23,10,610,7,21,ok,,7.587,n-62-21-59,29052882,2026-08-08T18:05:18+0200
dd92504c20eb35c4,auto-464e99b7c589,hoenir@5907a3b,hoenir,5907a3b,magni@3677a66,magni,3677a66,moonrise,all_official,1,0,rating,a,a,1.0,core_destroyed,131,,27,580,9,14,10,50,6,3,ok,,4.03,n-62-11-58,29052882,2026-08-08T18:06:00+0200
dd96242675c4cdd8,auto-464e99b7c589,ragnarok_fair@79582fc,ragnarok_fair,79582fc,hoenir@5907a3b,hoenir,5907a3b,skerry,all_official,1,0,rating,b,b,0.0,core_destroyed,44,,42,230,8,16,29,180,9,11,ok,,3.065,n-62-11-62,29052882,2026-08-08T18:06:33+0200
ddb071daf4a3c4c0,auto-464e99b7c589,jotunn@6b39ebb,jotunn,6b39ebb,hoenir@5907a3b,hoenir,5907a3b,skerry,all_official,1,0,rating,b,b,0.0,core_destroyed,760,,313,5570,2,43,55,5580,24,41,ok,,25.314,n-62-28-31,29052882,2026-08-08T18:06:28+0200
ddb32b4b3ecf328f,auto-464e99b7c589,fenrir2@6b39ebb,fenrir2,6b39ebb,hoenir@5907a3b,hoenir,5907a3b,quarry,all_official,1,0,rating,a,a,1.0,core_destroyed,115,,39,660,10,23,36,200,8,9,ok,,5.292,n-62-31-14,29052882,2026-08-08T18:05:12+0200
de4f68423e73388b,auto-464e99b7c589,hoenir@5907a3b,hoenir,5907a3b,spar_mender@d5b46bc,spar_mender,d5b46bc,hive,all_official,1,0,rating,a,a,1.0,core_destroyed,190,,10,450,7,21,30,150,9,7,ok,,4.961,n-62-31-8,29052882,2026-08-08T18:07:14+0200
de501694609f3b38,auto-464e99b7c589,casemate_oracle@90fc9f3,casemate_oracle,90fc9f3,hoenir@5907a3b,hoenir,5907a3b,sweden,all_official,1,0,rating,b,b,0.0,core_destroyed,391,,619,0,3,10,20,940,10,24,ok,,9.514,n-62-29-27,29052882,2026-08-08T18:05:08+0200
de66790f87f53252,auto-464e99b7c589,hoenir@5907a3b,hoenir,5907a3b,mimir@cfc1ec4,mimir,cfc1ec4,vase,all_official,1,0,rating,a,a,1.0,core_destroyed,254,,10,0,7,7,45,110,8,5,ok,,7.253,n-62-21-14,29052882,2026-08-08T18:06:30+0200
dead15cf2ec1ace4,auto-464e99b7c589,magni@3677a66,magni,3677a66,hoenir@5907a3b,hoenir,5907a3b,longship,all_official,1,0,rating,b,b,0.0,core_destroyed,409,,9,1000,8,11,8,1000,6,12,ok,,5.333,n-62-11-58,29052882,2026-08-08T18:05:44+0200
dede75aea482dac7,auto-464e99b7c589,hoenir@5907a3b,hoenir,5907a3b,hodr@ea88247,hodr,ea88247,crossfire,all_official,1,0,rating,a,a,1.0,core_destroyed,188,,58,1270,12,31,16,50,6,2,ok,,4.505,n-62-21-53,29052882,2026-08-08T18:05:01+0200
deecef72f0508ef8,auto-464e99b7c589,hoenir@5907a3b,hoenir,5907a3b,skadi@821d792,skadi,821d792,archipelago,all_official,1,0,rating,a,a,1.0,core_destroyed,66,,19,500,8,27,43,310,6,17,ok,,3.286,n-62-11-55,29052882,2026-08-08T18:06:35+0200
df03e590a0cf8849,auto-464e99b7c589,sif@3fc5cd8,sif,3fc5cd8,hoenir@5907a3b,hoenir,5907a3b,atoll,all_official,1,0,rating,b,b,0.0,core_destroyed,83,,4,380,8,25,57,260,8,5,ok,,3.147,n-62-11-63,29052882,2026-08-08T18:06:39+0200
df12cda740784d9d,auto-464e99b7c589,hoenir@5907a3b,hoenir,5907a3b,audhumla@a7faecd,audhumla,a7faecd,bridge,all_official,1,0,rating,b,b,0.0,titanium_collected,1000,,62,2460,24,15,1701,2760,15,13,ok,,53.231,n-62-11-61,29052882,2026-08-08T18:05:49+0200
df173eacbd81d979,auto-464e99b7c589,hoenir@5907a3b,hoenir,5907a3b,lockin@90fc9f3,lockin,90fc9f3,meander,all_official,1,0,rating,a,a,1.0,core_destroyed,58,,10,110,7,17,640,0,0,0,ok,,2.051,n-62-29-9,29052882,2026-08-08T18:05:46+0200
df30b271b3c864cb,auto-464e99b7c589,hoenir@5907a3b,hoenir,5907a3b,lockin@90fc9f3,lockin,90fc9f3,lighthouse,all_official,1,0,rating,a,a,1.0,core_destroyed,38,,10,120,7,15,590,0,0,0,ok,,1.797,n-62-29-9,29052882,2026-08-08T18:05:29+0200
df36084d55cfcb86,auto-464e99b7c589,hoenir@5907a3b,hoenir,5907a3b,mjolnir@2e6c876,mjolnir,2e6c876,strait,all_official,1,0,rating,a,a,1.0,core_destroyed,105,,10,640,8,39,53,350,10,12,ok,,4.564,n-62-31-23,29052882,2026-08-08T18:05:49+0200
df4abbd5fc19a1ac,auto-464e99b7c589,hoenir@5907a3b,hoenir,5907a3b,heimdall@daf0de0,heimdall,daf0de0,moonrise,all_official,1,0,rating,a,a,1.0,core_destroyed,131,,20,580,5,15,10,90,6,8,ok,,3.175,n-62-21-69,29052882,2026-08-08T18:04:46+0200
df4d2e234f8aa830,auto-464e99b7c589,aegis@e55aab5,aegis,e55aab5,hoenir@5907a3b,hoenir,5907a3b,fjordgate,all_official,1,0,rating,b,b,0.0,core_destroyed,162,,10,0,4,0,69,390,3,5,ok,,2.468,n-62-31-21,29052882,2026-08-08T18:04:44+0200
df86a18f584ca5d5,auto-464e99b7c589,hoenir@5907a3b,hoenir,5907a3b,steward_hardened_reinforced@366cd1b,steward_hardened_reinforced,366cd1b,longship,all_official,1,0,rating,a,a,1.0,core_destroyed,69,,9,220,9,10,28,150,6,19,ok,,3.545,n-62-29-21,29052882,2026-08-08T18:07:19+0200
df8a4159912e8126,auto-464e99b7c589,pantheon_replica_day3@aa8bae0,pantheon_replica_day3,aa8bae0,hoenir@5907a3b,hoenir,5907a3b,sprint,all_official,1,0,rating,b,b,0.0,core_destroyed,275,,10,20,6,2,7,280,7,6,ok,,4.739,n-62-30-24,29052882,2026-08-08T18:06:57+0200
df90a1516b3445b8,auto-464e99b7c589,gefn@46ac5e6,gefn,46ac5e6,hoenir@5907a3b,hoenir,5907a3b,showdown,all_official,1,0,rating,a,a,1.0,core_destroyed,453,,9,1090,6,16,9,730,6,5,ok,,4.493,n-62-21-16,29052882,2026-08-08T18:04:56+0200
dfaeba4fae88accd,auto-464e99b7c589,hodr@ea88247,hodr,ea88247,hoenir@5907a3b,hoenir,5907a3b,fjordgate,all_official,1,0,rating,a,a,1.0,core_destroyed,222,,10,1040,6,25,28,10,2,3,ok,,4.082,n-62-21-54,29052882,2026-08-08T18:05:01+0200
dfaf971bc4cd55d0,auto-464e99b7c589,skadi@1e4eddf,skadi,1e4eddf,hoenir@5907a3b,hoenir,5907a3b,string,all_official,1,0,rating,b,b,0.0,core_destroyed,218,,104,460,2,2,30,1310,13,17,ok,,7.066,n-62-21-90,29052882,2026-08-08T18:06:56+0200
dfef8e449957d370,auto-464e99b7c589,e_t4l7@9e77076,e_t4l7,9e77076,hoenir@5907a3b,hoenir,5907a3b,nordkap,all_official,1,0,rating,b,b,0.0,core_destroyed,549,,2636,2750,8,11,8,1350,8,21,ok,,7.322,n-62-30-24,29052882,2026-08-08T18:05:29+0200
dffccdc6e8704ee3,auto-464e99b7c589,jotunn@6b39ebb,jotunn,6b39ebb,hoenir@5907a3b,hoenir,5907a3b,nordkap,all_official,1,0,rating,b,b,0.0,core_destroyed,145,,35,340,10,35,58,980,7,39,ok,,4.6,n-62-28-34,29052882,2026-08-08T18:05:46+0200
e00880c05c8c5279,auto-464e99b7c589,steward_hardened_reinforced@672ee02,steward_hardened_reinforced,672ee02,hoenir@5907a3b,hoenir,5907a3b,atoll,all_official,1,0,rating,b,b,0.0,core_destroyed,618,,8,230,7,9,21,680,8,11,ok,,6.369,n-62-31-21,29052882,2026-08-08T18:07:28+0200
e00a9f39e0bb2c46,auto-464e99b7c589,hoenir@5907a3b,hoenir,5907a3b,steward_hardened_reinforced@366cd1b,steward_hardened_reinforced,366cd1b,twins,all_official,1,0,rating,a,a,1.0,core_destroyed,101,,8,230,8,10,10,210,6,15,ok,,4.151,n-62-29-33,29052882,2026-08-08T18:07:31+0200
e015ae5cc0d032a3,auto-464e99b7c589,hoenir@5907a3b,hoenir,5907a3b,ostara@832c68a,ostara,832c68a,string,all_official,1,0,rating,a,a,1.0,core_destroyed,509,,10,480,10,5,85,210,8,7,ok,,12.752,n-62-29-33,29052882,2026-08-08T18:06:46+0200
e026cbec8b1e6097,auto-464e99b7c589,aegis@e55aab5,aegis,e55aab5,hoenir@5907a3b,hoenir,5907a3b,heart,all_official,1,0,rating,b,b,0.0,core_destroyed,157,,10,0,8,7,9,40,7,5,ok,,3.553,n-62-31-21,29052882,2026-08-08T18:04:51+0200
e032f4de3f5a1ca4,auto-464e99b7c589,njord@f66a427,njord,f66a427,hoenir@5907a3b,hoenir,5907a3b,snowflake,all_official,1,0,rating,a,a,1.0,core_destroyed,65,,43,550,9,22,7,140,8,11,ok,,3.309,n-62-11-66,29052882,2026-08-08T18:06:03+0200
e039af9fc16de3c0,auto-464e99b7c589,hoenir@5907a3b,hoenir,5907a3b,fulla@ec5aa19,fulla,ec5aa19,atoll,all_official,1,0,rating,a,a,1.0,core_destroyed,66,,16,280,8,22,8,270,11,7,ok,,4.258,n-62-12-4,29052882,2026-08-08T18:05:16+0200
e03e0df257dbac55,auto-464e99b7c589,hoenir@5907a3b,hoenir,5907a3b,magni@3677a66,magni,3677a66,nordkap,all_official,1,0,rating,a,a,1.0,core_destroyed,413,,9,80,9,7,10,100,8,6,ok,,6.32,n-62-11-58,29052882,2026-08-08T18:06:10+0200
e04f8fc495c6660e,auto-464e99b7c589,hoenir@5907a3b,hoenir,5907a3b,skadi@aad5f44,skadi,aad5f44,meander,all_official,1,0,rating,b,b,0.0,core_destroyed,176,,16,0,6,6,19,360,6,12,ok,,3.444,n-62-31-5,29052882,2026-08-08T18:07:35+0200
e074180e324316d9,auto-464e99b7c589,hoenir@5907a3b,hoenir,5907a3b,jotunn@6b39ebb,jotunn,6b39ebb,meander,all_official,1,0,rating,a,a,1.0,core_destroyed,84,,95,510,5,28,55,80,9,14,ok,,3.238,n-62-28-34,29052882,2026-08-08T18:05:24+0200
e0944aa7296c348f,auto-464e99b7c589,hoenir@5907a3b,hoenir,5907a3b,prospect@bf9b3e3,prospect,bf9b3e3,twins,all_official,1,0,rating,a,a,1.0,core_destroyed,216,,19,520,8,18,16,140,6,2,ok,,4.27,n-62-31-14,29052882,2026-08-08T18:06:32+0200
e0a54c388e97ffed,auto-464e99b7c589,spar_mender@7ed1acc,spar_mender,7ed1acc,hoenir@5907a3b,hoenir,5907a3b,twins,all_official,1,0,rating,b,b,0.0,core_destroyed,105,,39,360,12,15,10,450,7,39,ok,,4.014,n-62-11-66,29052882,2026-08-08T18:07:26+0200
e0a88f0128abb8ca,auto-464e99b7c589,ostara@832c68a,ostara,832c68a,hoenir@5907a3b,hoenir,5907a3b,lighthouse,all_official,1,0,rating,b,b,0.0,core_destroyed,109,,8,690,7,24,37,690,7,12,ok,,3.555,n-62-29-21,29052882,2026-08-08T18:07:19+0200
e0b2a6cd31629592,auto-464e99b7c589,forseti@37dc858,forseti,37dc858,hoenir@5907a3b,hoenir,5907a3b,eider,all_official,1,0,rating,a,a,1.0,core_destroyed,109,,9,660,9,18,34,680,7,15,ok,,4.366,n-62-11-55,29052882,2026-08-08T18:05:15+0200
e0b9a8ba212358b5,auto-464e99b7c589,snotra_h@4437c29,snotra_h,4437c29,hoenir@5907a3b,hoenir,5907a3b,lighthouse,all_official,1,0,rating,b,b,0.0,core_destroyed,161,,7,390,8,7,20,740,7,14,ok,,3.516,n-62-31-23,29052882,2026-08-08T18:07:46+0200
e0cadb2379a5de7a,auto-464e99b7c589,jotunn@6b39ebb,jotunn,6b39ebb,hoenir@5907a3b,hoenir,5907a3b,runestone,all_official,1,0,rating,b,b,0.0,core_destroyed,153,,59,310,9,21,70,980,11,28,ok,,4.613,n-62-28-31,29052882,2026-08-08T18:05:29+0200
e0ddaa8f117d61b6,auto-464e99b7c589,odin@38e1456,odin,38e1456,hoenir@5907a3b,hoenir,5907a3b,heart,all_official,1,0,rating,a,a,1.0,core_destroyed,321,,9,0,8,8,10,100,8,6,ok,,5.248,n-62-31-9,29052882,2026-08-08T18:06:01+0200
e0e68ff509a88f30,auto-464e99b7c589,hoenir@5907a3b,hoenir,5907a3b,bastion@840a180,bastion,840a180,moonrise,all_official,1,0,rating,a,a,1.0,core_destroyed,118,,20,520,7,11,10,40,2,6,ok,,2.961,n-62-31-10,29052882,2026-08-08T18:05:03+0200
e0f11bcf2c24ffc8,auto-464e99b7c589,loki@832c68a,loki,832c68a,hoenir@5907a3b,hoenir,5907a3b,pinch,all_official,1,0,rating,b,b,0.0,core_destroyed,329,,13,100,8,1,10,800,7,10,ok,,4.117,n-62-30-25,29052882,2026-08-08T18:06:16+0200
e10714dcf0f9a62a,auto-464e99b7c589,steward_hardened_reinforced@a994296,steward_hardened_reinforced,a994296,hoenir@5907a3b,hoenir,5907a3b,antler,all_official,1,0,rating,a,a,1.0,core_destroyed,104,,28,660,5,12,16,470,8,12,ok,,3.711,n-62-11-67,29052882,2026-08-08T18:07:52+0200
e11740838ba120de,auto-464e99b7c589,jonbot@90fc9f3,jonbot,90fc9f3,hoenir@5907a3b,hoenir,5907a3b,moonrise,all_official,1,0,rating,b,b,0.0,core_destroyed,785,,60,20,5,4,9,80,6,17,ok,,8.656,n-62-11-68,29052882,2026-08-08T18:05:30+0200
e1200a4b08e66a25,auto-464e99b7c589,aegis@e55aab5,aegis,e55aab5,hoenir@5907a3b,hoenir,5907a3b,drumlin,all_official,1,0,rating,b,b,0.0,core_destroyed,52,,20,140,8,18,19,310,7,20,ok,,3.173,n-62-31-5,29052882,2026-08-08T18:04:49+0200
e124a8d25dcafc0b,auto-464e99b7c589,bastion@840a180,bastion,840a180,hoenir@5907a3b,hoenir,5907a3b,pinch,all_official,1,0,rating,b,b,0.0,core_destroyed,297,,10,90,8,7,10,720,8,11,ok,,4.917,n-62-31-11,29052882,2026-08-08T18:04:45+0200
e12f0de526f4bfa7,auto-464e99b7c589,jonbot@90fc9f3,jonbot,90fc9f3,hoenir@5907a3b,hoenir,5907a3b,sweden,all_official,1,0,rating,b,b,0.0,core_destroyed,96,,351,0,5,12,20,200,9,24,ok,,3.269,n-62-11-62,29052882,2026-08-08T18:05:43+0200
e14cde8ff05eb89b,auto-464e99b7c589,hoenir@5907a3b,hoenir,5907a3b,fenrir2@6b39ebb,fenrir2,6b39ebb,eider,all_official,1,0,rating,a,a,1.0,core_destroyed,111,,14,260,8,8,10,170,8,21,ok,,4.234,n-62-31-20,29052882,2026-08-08T18:04:48+0200
e1578b19eb26a26e,auto-464e99b7c589,hodr@ea88247,hodr,ea88247,hoenir@5907a3b,hoenir,5907a3b,heart,all_official,1,0,rating,a,a,1.0,core_destroyed,337,,9,0,8,3,10,40,6,5,ok,,5.768,n-62-21-54,29052882,2026-08-08T18:05:13+0200
e180a7b71653985a,auto-464e99b7c589,skadi@821d792,skadi,821d792,hoenir@5907a3b,hoenir,5907a3b,eider,all_official,1,0,rating,b,b,0.0,core_destroyed,260,,24,1240,9,6,105,3060,11,46,ok,,9.462,n-62-29-15,29052882,2026-08-08T18:07:11+0200
e1a1e61fc4f94b42,auto-464e99b7c589,hoenir@5907a3b,hoenir,5907a3b,maporacle@38e1456,maporacle,38e1456,longship,all_official,1,0,rating,a,a,1.0,core_destroyed,202,,6,940,11,15,20,740,8,27,ok,,5.846,n-62-12-2,29052882,2026-08-08T18:06:45+0200
e1aa144f9ff00b8a,auto-464e99b7c589,hoenir@5907a3b,hoenir,5907a3b,jonbot@90fc9f3,jonbot,90fc9f3,eider,all_official,1,0,rating,b,b,0.0,core_destroyed,345,,8,840,7,10,60,1400,7,23,ok,,5.373,n-62-11-61,29052882,2026-08-08T18:05:31+0200
e1d612ea27b3fa7e,auto-464e99b7c589,hoenir@5907a3b,hoenir,5907a3b,spar_mender@7ed1acc,spar_mender,7ed1acc,strait,all_official,1,0,rating,a,a,1.0,core_destroyed,75,,53,420,7,34,81,320,12,22,ok,,3.798,n-62-11-62,29052882,2026-08-08T18:07:27+0200
e1f39277fdf0445b,auto-464e99b7c589,snotra@34b0ce8,snotra,34b0ce8,hoenir@5907a3b,hoenir,5907a3b,antler,all_official,1,0,rating,a,a,1.0,core_destroyed,104,,28,660,5,12,16,470,8,12,ok,,3.195,n-62-29-34,29052882,2026-08-08T18:06:47+0200
e207f56dafafec0f,auto-464e99b7c589,loki@832c68a,loki,832c68a,hoenir@5907a3b,hoenir,5907a3b,jackpot,all_official,1,0,rating,a,a,1.0,core_destroyed,297,,48,1410,15,23,166,1380,18,28,ok,,12.035,n-62-29-5,29052882,2026-08-08T18:06:15+0200
e2186fe8487eb988,auto-464e99b7c589,hoenir@5907a3b,hoenir,5907a3b,gobbleglitch@6cdc440,gobbleglitch,6cdc440,jackpot,all_official,1,0,rating,a,a,1.0,core_destroyed,122,,26,550,10,14,60,0,7,0,ok,,3.332,n-62-13-7,29052882,2026-08-08T18:05:05+0200
e219e775ac51290b,auto-464e99b7c589,hoenir@5907a3b,hoenir,5907a3b,steward_hardened_reinforced@f61245f,steward_hardened_reinforced,f61245f,aurora,all_official,1,0,rating,a,a,1.0,core_destroyed,140,,19,640,8,19,16,60,8,15,ok,,4.431,n-62-30-25,29052882,2026-08-08T18:07:51+0200
e245790c0958a586,auto-464e99b7c589,hoenir@5907a3b,hoenir,5907a3b,forseti@37dc858,forseti,37dc858,nordkap,all_official,1,0,rating,a,a,1.0,core_destroyed,413,,9,80,9,7,10,100,8,6,ok,,6.618,n-62-11-50,29052882,2026-08-08T18:05:20+0200
e267394842c4ceb5,auto-464e99b7c589,mistral@90fc9f3,mistral,90fc9f3,hoenir@5907a3b,hoenir,5907a3b,jackpot,all_official,1,0,rating,b,b,0.0,core_destroyed,49,,344,0,4,0,10,90,8,13,ok,,3.373,n-62-31-5,29052882,2026-08-08T18:06:23+0200
e26ebef04ce57754,auto-464e99b7c589,hoenir@5907a3b,hoenir,5907a3b,e_t4l7@9e77076,e_t4l7,9e77076,atoll,all_official,1,0,rating,a,a,1.0,core_destroyed,541,,8,2650,8,22,2123,2660,3,9,ok,,6.209,n-62-29-34,29052882,2026-08-08T18:05:11+0200
e2834f2e8820e3fa,auto-464e99b7c589,hoenir@5907a3b,hoenir,5907a3b,jotunn@6b39ebb,jotunn,6b39ebb,jackpot,all_official,1,0,rating,a,a,1.0,core_destroyed,485,,171,2370,11,20,469,1930,8,5,ok,,15.147,n-62-28-33,29052882,2026-08-08T18:06:50+0200
e298da580b3f8123,auto-464e99b7c589,hoenir@5907a3b,hoenir,5907a3b,snotra_h@4437c29,snotra_h,4437c29,string,all_official,1,0,rating,a,a,1.0,core_destroyed,78,,16,190,5,3,12,180,9,2,ok,,3.299,n-62-31-7,29052882,2026-08-08T18:07:00+0200
e2b2760f22791e23,auto-464e99b7c589,hoenir@5907a3b,hoenir,5907a3b,mjolnir@2e6c876,mjolnir,2e6c876,pinch,all_official,1,0,rating,a,a,1.0,core_destroyed,297,,14,2040,12,19,10,1440,6,25,ok,,11.266,n-62-31-24,29052882,2026-08-08T18:06:16+0200
e2ca75646b2cdee2,auto-464e99b7c589,skadi@aad5f44,skadi,aad5f44,hoenir@5907a3b,hoenir,5907a3b,fjord,all_official,1,0,rating,a,a,1.0,core_destroyed,115,,9,530,8,23,9,790,12,19,ok,,4.999,n-62-29-31,29052882,2026-08-08T18:07:15+0200
e2e09d70123c8cf9,auto-464e99b7c589,odin@93e46da,odin,93e46da,hoenir@5907a3b,hoenir,5907a3b,archipelago,all_official,1,0,rating,b,b,0.0,core_destroyed,97,,66,710,10,33,92,810,11,26,ok,,4.993,n-62-21-97,29052882,2026-08-08T18:06:46+0200
e3072bb7ae893bae,auto-464e99b7c589,steward_hardened_reinforced@04300bf,steward_hardened_reinforced,04300bf,hoenir@5907a3b,hoenir,5907a3b,string,all_official,1,0,rating,b,b,0.0,titanium_collected,1000,,503,1690,6,7,144,4670,26,19,ok,,24.24,n-62-12-2,29052882,2026-08-08T18:07:40+0200
e3108a8bf2686692,auto-464e99b7c589,hoenir@5907a3b,hoenir,5907a3b,gefn@46ac5e6,gefn,46ac5e6,fjordgate,all_official,1,0,rating,a,a,1.0,core_destroyed,222,,10,1040,6,25,28,10,2,3,ok,,3.987,n-62-21-12,29052882,2026-08-08T18:05:03+0200
e31aa4f41177d588,auto-464e99b7c589,hoenir@5907a3b,hoenir,5907a3b,aegis@e55aab5,aegis,e55aab5,vault,all_official,1,0,rating,a,a,1.0,core_destroyed,130,,20,590,10,14,8,170,8,17,ok,,5.4,n-62-11-67,29052882,2026-08-08T18:05:03+0200
e327bdfa9f43c8f0,auto-464e99b7c589,janus@8a1e7a1,janus,8a1e7a1,hoenir@5907a3b,hoenir,5907a3b,nordkap,all_official,1,0,rating,b,b,0.0,core_destroyed,47,,10,90,9,6,7,90,8,7,ok,,3.366,n-62-31-5,29052882,2026-08-08T18:05:44+0200
e3289ad42ef18d10,auto-464e99b7c589,spar_sniper@aa24129,spar_sniper,aa24129,hoenir@5907a3b,hoenir,5907a3b,antler,all_official,1,0,rating,a,a,1.0,core_destroyed,104,,28,660,5,12,16,470,8,12,ok,,3.723,n-62-31-11,29052882,2026-08-08T18:07:43+0200
e33ac264031f08b9,auto-464e99b7c589,bastion@840a180,bastion,840a180,hoenir@5907a3b,hoenir,5907a3b,strait,all_official,1,0,rating,b,b,0.0,core_destroyed,101,,42,570,11,29,138,530,8,25,ok,,4.584,n-62-21-98,29052882,2026-08-08T18:05:10+0200
e3467e799617e1d6,auto-464e99b7c589,bastion@840a180,bastion,840a180,hoenir@5907a3b,hoenir,5907a3b,string,all_official,1,0,rating,b,b,0.0,core_destroyed,221,,10,860,1,6,30,1670,11,17,ok,,8.233,n-62-21-98,29052882,2026-08-08T18:05:41+0200
e35702ebf320d8c7,auto-464e99b7c589,hoenir@5907a3b,hoenir,5907a3b,spar_mender@d5b46bc,spar_mender,d5b46bc,longship,all_official,1,0,rating,a,a,1.0,core_destroyed,81,,9,340,8,15,9,280,7,19,ok,,4.054,n-62-31-8,29052882,2026-08-08T18:07:44+0200
e3762ade40799d22,auto-464e99b7c589,hoenir@5907a3b,hoenir,5907a3b,steward_hardened_reinforced@672ee02,steward_hardened_reinforced,672ee02,saga,all_official,1,0,rating,a,a,1.0,core_destroyed,88,,19,300,8,30,54,320,9,21,ok,,4.824,n-62-31-24,29052882,2026-08-08T18:07:35+0200
e38ddedb808e4a77,auto-464e99b7c589,steward_hardened_reinforced@672ee02,steward_hardened_reinforced,672ee02,hoenir@5907a3b,hoenir,5907a3b,fjordgate,all_official,1,0,rating,a,a,1.0,core_destroyed,198,,8,920,7,23,3,10,5,5,ok,,3.558,n-62-29-9,29052882,2026-08-08T18:07:50+0200
e3a725b4eee1b6d9,auto-464e99b7c589,hoenir@5907a3b,hoenir,5907a3b,njord@f66a427,njord,f66a427,hive,all_official,1,0,rating,b,b,0.0,core_destroyed,265,,9,640,6,17,9,720,9,14,ok,,6.532,n-62-11-60,29052882,2026-08-08T18:06:29+0200
e3b31efd551f6df2,auto-464e99b7c589,hoenir@5907a3b,hoenir,5907a3b,skadi@1e4eddf,skadi,1e4eddf,fjord,all_official,1,0,rating,b,b,0.0,core_destroyed,240,,155,1730,11,22,94,1780,12,35,ok,,8.832,n-62-21-98,29052882,2026-08-08T18:07:07+0200
e3bd361ab1017d7d,auto-464e99b7c589,hoenir@5907a3b,hoenir,5907a3b,ragnarok_fair@79582fc,ragnarok_fair,79582fc,sprint,all_official,1,0,rating,a,a,1.0,core_destroyed,233,,9,60,8,5,10,0,2,0,ok,,3.359,n-62-11-62,29052882,2026-08-08T18:06:43+0200
e3cedaa1b92869e4,auto-464e99b7c589,hoenir@5907a3b,hoenir,5907a3b,e_t4l7@9e77076,e_t4l7,9e77076,vault,all_official,1,0,rating,a,a,1.0,core_destroyed,420,,20,2040,9,35,1644,1870,1,9,ok,,7.926,n-62-31-7,29052882,2026-08-08T18:05:13+0200
e3fae11bf86d68c3,auto-464e99b7c589,hoenir@5907a3b,hoenir,5907a3b,spar_mender@d5b46bc,spar_mender,d5b46bc,saga,all_official,1,0,rating,a,a,1.0,core_destroyed,92,,19,320,10,21,10,50,9,12,ok,,4.064,n-62-31-9,29052882,2026-08-08T18:07:11+0200
e406b29a7d334e57,auto-464e99b7c589,maporacle@38e1456,maporacle,38e1456,hoenir@5907a3b,hoenir,5907a3b,skerry,all_official,1,0,rating,a,a,1.0,core_destroyed,79,,9,480,8,18,61,470,11,11,ok,,4.976,n-62-21-1,29052882,2026-08-08T18:06:11+0200
e421e8e4e139fb18,auto-464e99b7c589,hoenir@5907a3b,hoenir,5907a3b,heimdall@daf0de0,heimdall,daf0de0,heart,all_official,1,0,rating,a,a,1.0,core_destroyed,337,,16,780,16,9,10,0,4,8,ok,,11.084,n-62-21-66,29052882,2026-08-08T18:04:47+0200
e42768a213b6990b,auto-464e99b7c589,janus@8a1e7a1,janus,8a1e7a1,hoenir@5907a3b,hoenir,5907a3b,vase,all_official,1,0,rating,b,b,0.0,core_destroyed,67,,68,120,11,9,8,130,7,25,ok,,3.394,n-62-31-22,29052882,2026-08-08T18:05:29+0200
e43492b5095a34fc,auto-464e99b7c589,gefjon@f66a427,gefjon,f66a427,hoenir@5907a3b,hoenir,5907a3b,duel,all_official,1,0,rating,b,b,0.0,core_destroyed,51,,9,210,8,6,9,220,8,6,ok,,3.39,n-62-21-14,29052882,2026-08-08T18:05:00+0200
e44fc82accf41b7d,auto-464e99b7c589,hoenir@5907a3b,hoenir,5907a3b,steward_hardened_reinforced@f61245f,steward_hardened_reinforced,f61245f,string,all_official,1,0,rating,a,a,1.0,core_destroyed,78,,16,190,5,3,12,180,9,2,ok,,3.427,n-62-11-67,29052882,2026-08-08T18:07:52+0200
e45038b426bdf212,auto-464e99b7c589,steward_hardened_reinforced@672ee02,steward_hardened_reinforced,672ee02,hoenir@5907a3b,hoenir,5907a3b,drumlin,all_official,1,0,rating,b,b,0.0,core_destroyed,66,,2,220,7,19,9,450,8,18,ok,,3.615,n-62-29-9,29052882,2026-08-08T18:07:18+0200
e450697d970dae0c,auto-464e99b7c589,hoenir@5907a3b,hoenir,5907a3b,forseti@37dc858,forseti,37dc858,snowflake,all_official,1,0,rating,a,a,1.0,core_destroyed,65,,30,600,11,18,7,140,8,11,ok,,3.903,n-62-11-58,29052882,2026-08-08T18:04:48+0200
e461653fd3f6d548,auto-464e99b7c589,spork@05ab6a2,spork,05ab6a2,hoenir@5907a3b,hoenir,5907a3b,crossfire,all_official,1,0,rating,a,a,1.0,core_destroyed,82,,9,380,8,11,8,100,9,4,ok,,3.211,n-62-11-50,29052882,2026-08-08T18:07:05+0200
e466e1a59c1edb1d,auto-464e99b7c589,hoenir@5907a3b,hoenir,5907a3b,prospect@bf9b3e3,prospect,bf9b3e3,heart,all_official,1,0,rating,a,a,1.0,core_destroyed,82,,6,50,5,6,10,0,6,8,ok,,2.5,n-62-31-21,29052882,2026-08-08T18:06:24+0200
e4709c4a54208045,auto-464e99b7c589,hoenir@5907a3b,hoenir,5907a3b,jotunn@6b39ebb,jotunn,6b39ebb,vase,all_official,1,0,rating,a,a,1.0,core_destroyed,224,,44,520,9,8,45,480,4,5,ok,,5.489,n-62-29-15,29052882,2026-08-08T18:05:27+0200
e4a16d27e95eedf1,auto-464e99b7c589,mistral@90fc9f3,mistral,90fc9f3,hoenir@5907a3b,hoenir,5907a3b,nordkap,all_official,1,0,rating,b,b,0.0,core_destroyed,145,,60,0,6,0,9,0,8,9,ok,,11.175,n-62-21-24,29052882,2026-08-08T18:06:31+0200
e4bf052d935d8b29,auto-464e99b7c589,hoenir@5907a3b,hoenir,5907a3b,loki@9ac8974,loki,9ac8974,lighthouse,all_official,1,0,rating,b,b,0.0,core_destroyed,173,,8,790,8,8,22,800,7,11,ok,,3.508,n-62-31-8,29052882,2026-08-08T18:05:58+0200
e4d739fe10068095,auto-464e99b7c589,hoenir@5907a3b,hoenir,5907a3b,audhumla@a7faecd,audhumla,a7faecd,skerry,all_official,1,0,rating,b,b,0.0,core_destroyed,127,,92,830,7,24,66,940,11,25,ok,,4.775,n-62-11-66,29052882,2026-08-08T18:04:56+0200
e4ef4aec1dbff7a7,auto-464e99b7c589,hoenir@5907a3b,hoenir,5907a3b,sif@3fc5cd8,sif,3fc5cd8,skerry,all_official,1,0,rating,b,b,0.0,core_destroyed,65,,34,370,10,11,17,330,8,23,ok,,3.605,n-62-31-9,29052882,2026-08-08T18:06:56+0200
e4ff174c5ba871e6,auto-464e99b7c589,hoenir@5907a3b,hoenir,5907a3b,prospect@bf9b3e3,prospect,bf9b3e3,showdown,all_official,1,0,rating,a,a,1.0,core_destroyed,137,,10,300,6,14,9,0,6,6,ok,,2.874,n-62-31-20,29052882,2026-08-08T18:06:59+0200
e540f74161b484d1,auto-464e99b7c589,hoenir@5907a3b,hoenir,5907a3b,odin@93e46da,odin,93e46da,fjordgate,all_official,1,0,rating,a,a,1.0,core_destroyed,218,,10,0,8,2,9,0,9,0,ok,,4.138,n-62-28-31,29052882,2026-08-08T18:06:21+0200
e54c5e1cc86e1cb7,auto-464e99b7c589,skadi@821d792,skadi,821d792,hoenir@5907a3b,hoenir,5907a3b,hive,all_official,1,0,rating,a,a,1.0,core_destroyed,136,,79,580,9,23,80,910,9,35,ok,,5.278,n-62-12-1,29052882,2026-08-08T18:06:55+0200
e5551837dab5d002,auto-464e99b7c589,hoenir@5907a3b,hoenir,5907a3b,gobbleglitch@6cdc440,gobbleglitch,6cdc440,meander,all_official,1,0,rating,a,a,1.0,core_destroyed,138,,48,150,4,11,59,150,7,8,ok,,2.007,n-62-12-64,29052882,2026-08-08T18:04:49+0200
e55f245435e82caa,auto-464e99b7c589,lockin@90fc9f3,lockin,90fc9f3,hoenir@5907a3b,hoenir,5907a3b,bridge,all_official,1,0,rating,b,b,0.0,core_destroyed,89,,720,0,0,0,10,0,8,14,ok,,2.497,n-62-29-16,29052882,2026-08-08T18:05:49+0200
e564ab503efe2feb,auto-464e99b7c589,hoenir@5907a3b,hoenir,5907a3b,hodr@ea88247,hodr,ea88247,aurora,all_official,1,0,rating,a,a,1.0,core_destroyed,140,,19,640,8,19,16,60,8,15,ok,,4.706,n-62-21-53,29052882,2026-08-08T18:04:40+0200
e573448bae725011,auto-464e99b7c589,hoenir@5907a3b,hoenir,5907a3b,spork@05ab6a2,spork,05ab6a2,crossfire,all_official,1,0,rating,b,b,0.0,core_destroyed,106,,8,150,8,4,9,360,7,7,ok,,3.379,n-62-11-50,29052882,2026-08-08T18:07:02+0200
e5734a2bbb896a71,auto-464e99b7c589,mistral@90fc9f3,mistral,90fc9f3,hoenir@5907a3b,hoenir,5907a3b,sweden,all_official,1,0,rating,b,b,0.0,core_destroyed,83,,424,0,4,0,20,170,10,21,ok,,5.675,n-62-21-5,29052882,2026-08-08T18:06:31+0200
e57795ba909b1d2c,auto-464e99b7c589,spar_sniper@aa24129,spar_sniper,aa24129,hoenir@5907a3b,hoenir,5907a3b,string,all_official,1,0,rating,b,b,0.0,core_destroyed,533,,9,1480,9,6,10,1340,10,12,ok,,11.855,n-62-11-52,29052882,2026-08-08T18:07:11+0200
e588892a3aeb4944,auto-464e99b7c589,hoenir@5907a3b,hoenir,5907a3b,skadi@821d792,skadi,821d792,snowflake,all_official,1,0,rating,a,a,1.0,core_destroyed,83,,27,820,10,21,42,610,8,25,ok,,5.357,n-62-29-16,29052882,2026-08-08T18:07:33+0200
e5937903479e908c,auto-464e99b7c589,maporacle@38e1456,maporacle,38e1456,hoenir@5907a3b,hoenir,5907a3b,atoll,all_official,1,0,rating,b,b,0.0,core_destroyed,72,,12,310,9,17,18,300,9,11,ok,,3.932,n-62-12-5,29052882,2026-08-08T18:05:47+0200
e5a09929b366b4db,auto-464e99b7c589,hoenir@5907a3b,hoenir,5907a3b,mistral@90fc9f3,mistral,90fc9f3,nordkap,all_official,1,0,rating,a,a,1.0,core_destroyed,57,,9,60,8,4,42,0,10,0,ok,,4.79,n-62-21-24,29052882,2026-08-08T18:06:20+0200
e5a5accf0dfa2c78,auto-464e99b7c589,hoenir@5907a3b,hoenir,5907a3b,sif@3fc5cd8,sif,3fc5cd8,string,all_official,1,0,rating,a,a,1.0,core_destroyed,261,,10,490,6,5,29,210,7,7,ok,,6.732,n-62-31-10,29052882,2026-08-08T18:06:55+0200
e5a91ccc3ca1f35f,auto-464e99b7c589,hoenir@5907a3b,hoenir,5907a3b,skadi@aad5f44,skadi,aad5f44,showdown,all_official,1,0,rating,a,a,1.0,titanium_collected,1000,,16,40,7,10,17,0,6,3,ok,,6.055,n-62-31-21,29052882,2026-08-08T18:06:47+0200
e5acd5a290572e26,auto-464e99b7c589,hoenir@5907a3b,hoenir,5907a3b,aegis@e55aab5,aegis,e55aab5,archipelago,all_official,1,0,rating,a,a,1.0,core_destroyed,59,,39,390,7,26,4,120,8,19,ok,,3.531,n-62-31-4,29052882,2026-08-08T18:04:47+0200
e5dc937ae6ab4d30,auto-464e99b7c589,hoenir@5907a3b,hoenir,5907a3b,steward_hardened_reinforced@366cd1b,steward_hardened_reinforced,366cd1b,bridge,all_official,1,0,rating,a,a,1.0,core_destroyed,143,,44,850,15,19,257,0,3,2,ok,,6.083,n-62-21-1,29052882,2026-08-08T18:07:11+0200
e5e8c4ea2ed55b45,auto-464e99b7c589,gefjon@f66a427,gefjon,f66a427,hoenir@5907a3b,hoenir,5907a3b,fjordgate,all_official,1,0,rating,a,a,1.0,core_destroyed,116,,28,760,12,13,20,270,7,13,ok,,4.526,n-62-21-17,29052882,2026-08-08T18:04:48+0200
e5eb89e5db58e68d,auto-464e99b7c589,skadi@1e4eddf,skadi,1e4eddf,hoenir@5907a3b,hoenir,5907a3b,showdown,all_official,1,0,rating,b,b,0.0,titanium_collected,1000,,16,0,6,1,16,180,5,14,ok,,6.662,n-62-11-58,29052882,2026-08-08T18:06:50+0200
e5fc978de597b793,auto-464e99b7c589,hoenir@5907a3b,hoenir,5907a3b,jonbot@90fc9f3,jonbot,90fc9f3,saga,all_official,1,0,rating,a,a,1.0,core_destroyed,86,,10,290,8,30,201,170,8,27,ok,,3.824,n-62-11-66,29052882,2026-08-08T18:05:20+0200
e6111fe1b5555ac3,auto-464e99b7c589,hoenir@5907a3b,hoenir,5907a3b,jonbot@90fc9f3,jonbot,90fc9f3,drumlin,all_official,1,0,rating,a,a,1.0,core_destroyed,82,,16,560,7,28,60,200,6,24,ok,,3.782,n-62-11-67,29052882,2026-08-08T18:06:43+0200
e6391c958163545f,auto-464e99b7c589,skadi@aad5f44,skadi,aad5f44,hoenir@5907a3b,hoenir,5907a3b,drumlin,all_official,1,0,rating,b,b,0.0,core_destroyed,64,,18,230,8,21,42,510,8,26,ok,,3.708,n-62-29-9,29052882,2026-08-08T18:07:44+0200
e63b0d5f7730f4c1,auto-464e99b7c589,hoenir@5907a3b,hoenir,5907a3b,magni@3677a66,magni,3677a66,duel,all_official,1,0,rating,a,a,1.0,core_destroyed,57,,9,240,8,7,208,240,5,6,ok,,2.486,n-62-11-50,29052882,2026-08-08T18:05:54+0200
e652490c5b5e291e,auto-464e99b7c589,skadi@aad5f44,skadi,aad5f44,hoenir@5907a3b,hoenir,5907a3b,skerry,all_official,1,0,rating,a,a,1.0,core_destroyed,123,,66,810,9,32,57,790,15,11,ok,,4.627,n-62-31-21,29052882,2026-08-08T18:06:58+0200
e655c321f3ec9e8f,auto-464e99b7c589,hoenir@5907a3b,hoenir,5907a3b,odin@38e1456,odin,38e1456,lighthouse,all_official,1,0,rating,a,a,1.0,core_destroyed,109,,16,480,9,11,10,170,8,3,ok,,3.33,n-62-31-9,29052882,2026-08-08T18:06:52+0200
e66464cc0e877012,auto-464e99b7c589,hoenir@5907a3b,hoenir,5907a3b,skadi@1e4eddf,skadi,1e4eddf,showdown,all_official,1,0,rating,a,a,1.0,titanium_collected,1000,,18,60,5,7,17,0,5,1,ok,,5.408,n-62-11-58,29052882,2026-08-08T18:06:43+0200
e66ad2759edf25e4,auto-464e99b7c589,skadi@821d792,skadi,821d792,hoenir@5907a3b,hoenir,5907a3b,drumlin,all_official,1,0,rating,b,b,0.0,core_destroyed,64,,18,230,8,21,42,510,8,26,ok,,3.569,n-62-29-15,29052882,2026-08-08T18:06:40+0200
e676da3a48899aaa,auto-464e99b7c589,loki@832c68a,loki,832c68a,hoenir@5907a3b,hoenir,5907a3b,sprint,all_official,1,0,rating,b,b,0.0,titanium_collected,1000,,44,20,7,9,20,40,5,7,ok,,8.425,n-62-31-18,29052882,2026-08-08T18:05:47+0200
e677d1233710224b,auto-464e99b7c589,hoenir@5907a3b,hoenir,5907a3b,steward_hardened_reinforced@366cd1b,steward_hardened_reinforced,366cd1b,pinch,all_official,1,0,rating,a,a,1.0,core_destroyed,161,,10,380,8,11,9,160,8,4,ok,,3.381,n-62-29-24,29052882,2026-08-08T18:07:11+0200
e6a1edc4c3df48b2,auto-464e99b7c589,snotra_h@4437c29,snotra_h,4437c29,hoenir@5907a3b,hoenir,5907a3b,quarry,all_official,1,0,rating,a,a,1.0,core_destroyed,125,,10,150,9,8,7,0,9,5,ok,,5.396,n-62-11-67,29052882,2026-08-08T18:07:38+0200
e6bb53f43baa29ed,auto-464e99b7c589,hoenir@5907a3b,hoenir,5907a3b,pantheon_replica_day3@aa8bae0,pantheon_replica_day3,aa8bae0,quarry,all_official,1,0,rating,a,a,1.0,core_destroyed,601,,9,30,8,8,10,130,7,6,ok,,6.34,n-62-30-25,29052882,2026-08-08T18:06:40+0200
e6c9a235aee0cc6c,auto-464e99b7c589,skadi@1e4eddf,skadi,1e4eddf,hoenir@5907a3b,hoenir,5907a3b,vault,all_official,1,0,rating,a,a,1.0,core_destroyed,85,,39,370,6,10,60,380,8,16,ok,,4.457,n-62-21-89,29052882,2026-08-08T18:06:40+0200
e6c9d6a18a31d766,auto-464e99b7c589,hoenir@5907a3b,hoenir,5907a3b,fulla@ec5aa19,fulla,ec5aa19,strait,all_official,1,0,rating,a,a,1.0,core_destroyed,92,,29,550,8,24,18,390,9,16,ok,,4.318,n-62-21-6,29052882,2026-08-08T18:05:20+0200
e6e694e80ca91647,auto-464e99b7c589,hoenir@5907a3b,hoenir,5907a3b,njord@f66a427,njord,f66a427,heart,all_official,1,0,rating,b,b,0.0,core_destroyed,497,,10,0,8,3,9,0,6,1,ok,,6.667,n-62-11-60,29052882,2026-08-08T18:06:12+0200
e6f6d7a6c560a7b8,auto-464e99b7c589,freyr@c2c0d3d,freyr,c2c0d3d,hoenir@5907a3b,hoenir,5907a3b,string,all_official,1,0,rating,b,b,0.0,titanium_collected,1000,,503,1690,6,7,144,4670,26,19,ok,,22.944,n-62-12-3,29052882,2026-08-08T18:05:18+0200
e6f719a8e6aa3f4b,auto-464e99b7c589,pantheon_replica_day3@aa8bae0,pantheon_replica_day3,aa8bae0,hoenir@5907a3b,hoenir,5907a3b,snowflake,all_official,1,0,rating,b,b,0.0,core_destroyed,45,,10,190,8,13,9,90,8,11,ok,,3.424,n-62-30-24,29052882,2026-08-08T18:06:48+0200
e6f8b021c5135bbc,auto-464e99b7c589,loki@9ac8974,loki,9ac8974,hoenir@5907a3b,hoenir,5907a3b,lighthouse,all_official,1,0,rating,b,b,0.0,core_destroyed,158,,10,390,8,7,10,720,7,11,ok,,3.519,n-62-31-8,29052882,2026-08-08T18:06:02+0200
e717fc5f8bbff7fc,auto-464e99b7c589,snotra@34b0ce8,snotra,34b0ce8,hoenir@5907a3b,hoenir,5907a3b,moonrise,all_official,1,0,rating,a,a,1.0,core_destroyed,111,,16,480,7,16,7,50,6,5,ok,,3.566,n-62-30-23,29052882,2026-08-08T18:07:06+0200
e73035ace58ba380,auto-464e99b7c589,hoenir@5907a3b,hoenir,5907a3b,steward_hardened_reinforced@cdc552f,steward_hardened_reinforced,cdc552f,hive,all_official,1,0,rating,b,b,0.0,core_destroyed,89,,25,200,7,19,10,200,8,15,ok,,5.128,n-62-28-33,29052882,2026-08-08T18:07:40+0200
e742f2edbe4c510e,auto-464e99b7c589,njord@f66a427,njord,f66a427,hoenir@5907a3b,hoenir,5907a3b,meander,all_official,1,0,rating,b,b,0.0,core_destroyed,441,,10,230,7,5,9,450,7,12,ok,,6.095,n-62-11-68,29052882,2026-08-08T18:06:18+0200
e745202a3372617f,auto-464e99b7c589,hoenir@5907a3b,hoenir,5907a3b,prospect_rushonly@bf9b3e3,prospect_rushonly,bf9b3e3,snowflake,all_official,1,0,rating,a,a,1.0,core_destroyed,51,,21,420,9,17,10,170,7,12,ok,,3.258,n-62-31-23,29052882,2026-08-08T18:06:52+0200
e76af6031c864e62,auto-464e99b7c589,hoenir@5907a3b,hoenir,5907a3b,jotunn@6b39ebb,jotunn,6b39ebb,string,all_official,1,0,rating,a,a,1.0,core_destroyed,264,,85,1810,13,17,316,690,2,2,ok,,7.715,n-62-29-13,29052882,2026-08-08T18:05:45+0200
e76dcef17001ceca,auto-464e99b7c589,snotra_h@4437c29,snotra_h,4437c29,hoenir@5907a3b,hoenir,5907a3b,sweden,all_official,1,0,rating,a,a,1.0,core_destroyed,320,,55,760,9,20,45,60,9,11,ok,,10.307,n-62-31-7,29052882,2026-08-08T18:07:55+0200
e78fd780aef64d81,auto-464e99b7c589,hoenir@5907a3b,hoenir,5907a3b,audhumla@a7faecd,audhumla,a7faecd,moonrise,all_official,1,0,rating,a,a,1.0,core_destroyed,151,,10,730,8,17,34,220,7,10,ok,,4.484,n-62-11-62,29052882,2026-08-08T18:04:40+0200
e79e6855b3c1efd3,auto-464e99b7c589,njord@f66a427,njord,f66a427,hoenir@5907a3b,hoenir,5907a3b,nordkap,all_official,1,0,rating,b,b,0.0,core_destroyed,145,,9,80,8,1,9,320,7,5,ok,,3.944,n-62-11-68,29052882,2026-08-08T18:06:39+0200
e7a38836531daee2,auto-464e99b7c589,lockin@90fc9f3,lockin,90fc9f3,hoenir@5907a3b,hoenir,5907a3b,skerry,all_official,1,0,rating,b,b,0.0,core_destroyed,55,,160,240,10,7,8,230,10,11,ok,,6.26,n-62-29-33,29052882,2026-08-08T18:05:39+0200
e7a47beef65b1ed0,auto-464e99b7c589,hoenir@5907a3b,hoenir,5907a3b,casemate_oracle@90fc9f3,casemate_oracle,90fc9f3,saga,all_official,1,0,rating,a,a,1.0,core_destroyed,201,,129,1980,20,35,354,0,4,18,ok,,8.795,n-62-29-31,29052882,2026-08-08T18:05:29+0200
e7a9c17209441495,auto-464e99b7c589,hoenir@5907a3b,hoenir,5907a3b,mjolnir@2e6c876,mjolnir,2e6c876,sprint,all_official,1,0,rating,a,a,1.0,core_destroyed,149,,9,0,8,2,10,0,5,1,ok,,3.333,n-62-31-22,29052882,2026-08-08T18:06:30+0200
e7caab4f778ffcce,auto-464e99b7c589,hoenir@5907a3b,hoenir,5907a3b,fulla@ec5aa19,fulla,ec5aa19,jackpot,all_official,1,0,rating,a,a,1.0,core_destroyed,59,,10,230,7,24,22,0,10,1,ok,,4.567,n-62-21-3,29052882,2026-08-08T18:04:40+0200
e7ea34879e6d9e56,auto-464e99b7c589,hoenir@5907a3b,hoenir,5907a3b,spork@05ab6a2,spork,05ab6a2,hive,all_official,1,0,rating,b,b,0.0,core_destroyed,124,,19,270,6,21,28,530,10,18,ok,,4.652,n-62-11-51,29052882,2026-08-08T18:07:20+0200
e7fa62729113d804,auto-464e99b7c589,hoenir@5907a3b,hoenir,5907a3b,spar_sniper@aa24129,spar_sniper,aa24129,pinch,all_official,1,0,rating,a,a,1.0,core_destroyed,161,,10,380,8,11,9,160,8,4,ok,,4.181,n-62-31-16,29052882,2026-08-08T18:07:14+0200
e80fb534b71a93e1,auto-464e99b7c589,audhumla@a7faecd,audhumla,a7faecd,hoenir@5907a3b,hoenir,5907a3b,crossfire,all_official,1,0,rating,b,b,0.0,core_destroyed,216,,19,1030,14,10,27,530,7,16,ok,,6.758,n-62-11-61,29052882,2026-08-08T18:06:06+0200
e82284d944dfb591,auto-464e99b7c589,prospect_rushonly@bf9b3e3,prospect_rushonly,bf9b3e3,hoenir@5907a3b,hoenir,5907a3b,archipelago,all_official,1,0,rating,b,b,0.0,core_destroyed,58,,91,290,8,15,28,270,7,22,ok,,3.272,n-62-31-24,29052882,2026-08-08T18:06:20+0200
e824b712cb7853b0,auto-464e99b7c589,hoenir@5907a3b,hoenir,5907a3b,sif@3fc5cd8,sif,3fc5cd8,archipelago,all_official,1,0,rating,b,b,0.0,core_destroyed,84,,267,930,9,31,61,800,10,25,ok,,3.834,n-62-11-63,29052882,2026-08-08T18:06:28+0200
e8250c233c3a9ced,auto-464e99b7c589,hoenir@5907a3b,hoenir,5907a3b,bifrost@c70c467,bifrost,c70c467,lighthouse,all_official,1,0,rating,b,b,0.0,core_destroyed,161,,7,390,8,7,20,740,7,14,ok,,3.742,n-62-28-33,29052882,2026-08-08T18:05:30+0200
e87fc3a85a2c52b5,auto-464e99b7c589,hoenir@5907a3b,hoenir,5907a3b,odin@93e46da,odin,93e46da,sprint,all_official,1,0,rating,a,a,1.0,core_destroyed,253,,9,0,6,11,10,0,6,0,ok,,3.425,n-62-29-13,29052882,2026-08-08T18:06:28+0200
e8846769fb59cb1c,auto-464e99b7c589,hoenir@5907a3b,hoenir,5907a3b,janus@8a1e7a1,janus,8a1e7a1,nordkap,all_official,1,0,rating,b,b,0.0,core_destroyed,99,,7,120,9,3,9,220,8,7,ok,,4.121,n-62-31-5,29052882,2026-08-08T18:05:41+0200
e893cb7f453217b9,auto-464e99b7c589,mjolnir@2e6c876,mjolnir,2e6c876,hoenir@5907a3b,hoenir,5907a3b,sweden,all_official,1,0,rating,b,b,0.0,core_destroyed,349,,22,1000,9,56,39,830,6,19,ok,,9.593,n-62-31-23,29052882,2026-08-08T18:06:50+0200
e8b069a7d4a57b14,auto-464e99b7c589,aegis@e55aab5,aegis,e55aab5,hoenir@5907a3b,hoenir,5907a3b,archipelago,all_official,1,0,rating,b,b,0.0,core_destroyed,77,,38,510,8,34,69,500,7,24,ok,,3.78,n-62-31-4,29052882,2026-08-08T18:04:50+0200
e8c63cf5fac0837b,auto-464e99b7c589,odin@38e1456,odin,38e1456,hoenir@5907a3b,hoenir,5907a3b,meander,all_official,1,0,rating,b,b,0.0,core_destroyed,101,,10,0,8,6,9,0,8,2,ok,,3.835,n-62-31-10,29052882,2026-08-08T18:06:01+0200
e8e855284694fe98,auto-464e99b7c589,skadi@6a2af02,skadi,6a2af02,hoenir@5907a3b,hoenir,5907a3b,hive,all_official,1,0,rating,a,a,1.0,core_destroyed,295,,8,800,9,23,21,780,8,20,ok,,5.279,n-62-28-31,29052882,2026-08-08T18:07:28+0200
e8ef9e22c5730137,auto-464e99b7c589,skadi@aad5f44,skadi,aad5f44,hoenir@5907a3b,hoenir,5907a3b,saga,all_official,1,0,rating,b,b,0.0,core_destroyed,83,,4,420,8,36,9,250,8,19,ok,,4.395,n-62-29-33,29052882,2026-08-08T18:07:45+0200
e8f2b7f8d7118729,auto-464e99b7c589,snotra@34b0ce8,snotra,34b0ce8,hoenir@5907a3b,hoenir,5907a3b,twins,all_official,1,0,rating,b,b,0.0,core_destroyed,466,,8,1140,9,5,6,1130,8,9,ok,,5.74,n-62-31-24,29052882,2026-08-08T18:06:53+0200
e8f8e0f80264965a,auto-464e99b7c589,hoenir@5907a3b,hoenir,5907a3b,jonbot@90fc9f3,jonbot,90fc9f3,meander,all_official,1,0,rating,b,b,0.0,core_destroyed,321,,10,220,4,14,59,0,8,3,ok,,4.206,n-62-11-60,29052882,2026-08-08T18:06:28+0200
e90d04a38b89d74c,auto-464e99b7c589,hoenir@5907a3b,hoenir,5907a3b,snotra@34b0ce8,snotra,34b0ce8,longship,all_official,1,0,rating,b,b,0.0,core_destroyed,78,,6,320,8,11,8,310,7,15,ok,,3.647,n-62-30-23,29052882,2026-08-08T18:06:45+0200
e91b66eec0b3a50f,auto-464e99b7c589,bifrost@c70c467,bifrost,c70c467,hoenir@5907a3b,hoenir,5907a3b,strait,all_official,1,0,rating,a,a,1.0,core_destroyed,110,,48,560,9,14,6,270,6,11,ok,,4.023,n-62-29-15,29052882,2026-08-08T18:04:52+0200
e91d68e4251fc75b,auto-464e99b7c589,audhumla@a7faecd,audhumla,a7faecd,hoenir@5907a3b,hoenir,5907a3b,sprint,all_official,1,0,rating,a,a,1.0,core_destroyed,177,,48,680,8,24,9,40,8,4,ok,,3.655,n-62-11-66,29052882,2026-08-08T18:05:17+0200
e9328d96fa53484d,auto-464e99b7c589,hoenir@5907a3b,hoenir,5907a3b,njord@f66a427,njord,f66a427,crossfire,all_official,1,0,rating,a,a,1.0,core_destroyed,188,,58,1270,12,31,16,50,6,2,ok,,4.525,n-62-11-61,29052882,2026-08-08T18:06:03+0200
e93591e6083617b6,auto-464e99b7c589,casemate_oracle@90fc9f3,casemate_oracle,90fc9f3,hoenir@5907a3b,hoenir,5907a3b,bridge,all_official,1,0,rating,b,b,0.0,core_destroyed,97,,515,0,4,2,10,0,9,17,ok,,3.619,n-62-29-21,29052882,2026-08-08T18:04:53+0200
e976c23b43402ea9,auto-464e99b7c589,steward_hardened_reinforced@cdc552f,steward_hardened_reinforced,cdc552f,hoenir@5907a3b,hoenir,5907a3b,vault,all_official,1,0,rating,a,a,1.0,core_destroyed,79,,9,340,9,19,32,350,13,18,ok,,5.609,n-62-31-5,29052882,2026-08-08T18:07:52+0200
e9800b713d786a4f,auto-464e99b7c589,hoenir@5907a3b,hoenir,5907a3b,skadi@6a2af02,skadi,6a2af02,skerry,all_official,1,0,rating,a,a,1.0,core_destroyed,110,,26,720,9,13,6,420,8,7,ok,,3.842,n-62-12-5,29052882,2026-08-08T18:06:34+0200
e9ae1d4221a52cde,auto-464e99b7c589,steward_hardened_reinforced@672ee02,steward_hardened_reinforced,672ee02,hoenir@5907a3b,hoenir,5907a3b,eider,all_official,1,0,rating,a,a,1.0,core_destroyed,128,,29,580,9,9,20,180,4,6,ok,,4.468,n-62-29-9,29052882,2026-08-08T18:07:34+0200
e9bf4d2d772deb8d,auto-464e99b7c589,hoenir@5907a3b,hoenir,5907a3b,forseti@37dc858,forseti,37dc858,antler,all_official,1,0,rating,b,b,0.0,core_destroyed,56,,20,290,6,13,18,230,7,14,ok,,3.596,n-62-31-19,29052882,2026-08-08T18:04:52+0200
e9bf67e8a72ecfde,auto-464e99b7c589,ostara@832c68a,ostara,832c68a,hoenir@5907a3b,hoenir,5907a3b,pinch,all_official,1,0,rating,b,b,0.0,core_destroyed,260,,20,520,8,14,17,630,7,8,ok,,4.295,n-62-29-24,29052882,2026-08-08T18:06:57+0200
e9d62c596beaf713,auto-464e99b7c589,lockin@90fc9f3,lockin,90fc9f3,hoenir@5907a3b,hoenir,5907a3b,hive,all_official,1,0,rating,b,b,0.0,core_destroyed,76,,51,0,12,2,20,170,9,23,ok,,6.639,n-62-29-24,29052882,2026-08-08T18:05:59+0200
e9ed6f639497e992,auto-464e99b7c589,hoenir@5907a3b,hoenir,5907a3b,steward_hardened_reinforced@04300bf,steward_hardened_reinforced,04300bf,snowflake,all_official,1,0,rating,a,a,1.0,core_destroyed,65,,30,600,11,18,7,140,8,11,ok,,3.8,n-62-12-1,29052882,2026-08-08T18:07:31+0200
e9f699f111a8404a,auto-464e99b7c589,hoenir@5907a3b,hoenir,5907a3b,jonbot_190003d@90fc9f3,jonbot_190003d,90fc9f3,drumlin,all_official,1,0,rating,b,b,0.0,core_destroyed,78,,4,220,7,19,58,640,9,32,ok,,3.899,n-62-11-64,29052882,2026-08-08T18:05:37+0200
ea07c141843a24e5,auto-464e99b7c589,fulla@ec5aa19,fulla,ec5aa19,hoenir@5907a3b,hoenir,5907a3b,eider,all_official,1,0,rating,a,a,1.0,core_destroyed,117,,25,760,10,17,10,610,6,14,ok,,5.118,n-62-21-2,29052882,2026-08-08T18:04:45+0200
ea13d04a9b7f306c,auto-464e99b7c589,hoenir@5907a3b,hoenir,5907a3b,e_t4l7@9e77076,e_t4l7,9e77076,strait,all_official,1,0,rating,a,a,1.0,core_destroyed,746,,10,3660,8,51,341,1430,5,29,ok,,9.326,n-62-31-17,29052882,2026-08-08T18:05:20+0200
ea2eb8991b01a0f9,auto-464e99b7c589,hoenir@5907a3b,hoenir,5907a3b,jonbot_190003d@90fc9f3,jonbot_190003d,90fc9f3,twins,all_official,1,0,rating,a,a,1.0,core_destroyed,171,,31,410,8,10,57,20,8,8,ok,,4.362,n-62-21-98,29052882,2026-08-08T18:05:41+0200
ea4f089945eb9bb2,auto-464e99b7c589,snotra_h@4437c29,snotra_h,4437c29,hoenir@5907a3b,hoenir,5907a3b,strait,all_official,1,0,rating,b,b,0.0,core_destroyed,72,,157,300,8,15,42,370,8,23,ok,,4.115,n-62-31-7,29052882,2026-08-08T18:06:56+0200
ea4f440eb4b21b19,auto-464e99b7c589,hoenir@5907a3b,hoenir,5907a3b,bifrost@c70c467,bifrost,c70c467,showdown,all_official,1,0,rating,a,a,1.0,core_destroyed,466,,8,1120,6,17,8,740,6,7,ok,,4.015,n-62-29-13,29052882,2026-08-08T18:05:02+0200
ea5b43e2b4005e8e,auto-464e99b7c589,hoenir@5907a3b,hoenir,5907a3b,spar_sniper@aa24129,spar_sniper,aa24129,skerry,all_official,1,0,rating,b,b,0.0,core_destroyed,74,,8,320,9,10,8,330,8,19,ok,,4.049,n-62-31-19,29052882,2026-08-08T18:07:09+0200
ea5e8ea1af4e6266,auto-464e99b7c589,hoenir@5907a3b,hoenir,5907a3b,gefjon@f66a427,gefjon,f66a427,bridge,all_official,1,0,rating,a,a,1.0,core_destroyed,132,,71,770,11,21,32,0,8,8,ok,,6.038,n-62-21-10,29052882,2026-08-08T18:05:16+0200
ea61a557ec6d1ee3,auto-464e99b7c589,hoenir@5907a3b,hoenir,5907a3b,spar_mender@7ed1acc,spar_mender,7ed1acc,twins,all_official,1,0,rating,a,a,1.0,core_destroyed,323,,106,2260,16,39,71,1460,15,10,ok,,10.04,n-62-11-66,29052882,2026-08-08T18:07:22+0200
ea6bc7e6d9dc765c,auto-464e99b7c589,hoenir@5907a3b,hoenir,5907a3b,jonbot_190003d@90fc9f3,jonbot_190003d,90fc9f3,jackpot,all_official,1,0,rating,a,a,1.0,core_destroyed,119,,10,530,11,21,506,260,3,4,ok,,4.795,n-62-21-92,29052882,2026-08-08T18:06:00+0200
eac40e57b2fa8b5d,auto-464e99b7c589,hoenir@5907a3b,hoenir,5907a3b,mjolnir@2e6c876,mjolnir,2e6c876,duel,all_official,1,0,rating,a,a,1.0,core_destroyed,103,,8,250,7,5,52,470,7,20,ok,,3.534,n-62-21-18,29052882,2026-08-08T18:05:45+0200
eacc804f43e82448,auto-464e99b7c589,freyr@c2c0d3d,freyr,c2c0d3d,hoenir@5907a3b,hoenir,5907a3b,hive,all_official,1,0,rating,b,b,0.0,core_destroyed,385,,9,50,8,10,8,940,9,22,ok,,6.872,n-62-12-5,29052882,2026-08-08T18:05:03+0200
eafdddfa014df73b,auto-464e99b7c589,hoenir@5907a3b,hoenir,5907a3b,aegis@e55aab5,aegis,e55aab5,drumlin,all_official,1,0,rating,a,a,1.0,core_destroyed,57,,18,360,7,22,10,210,8,17,ok,,3.197,n-62-31-5,29052882,2026-08-08T18:04:46+0200
eb006e4ceff39022,auto-464e99b7c589,hoenir@5907a3b,hoenir,5907a3b,bastion@840a180,bastion,840a180,drumlin,all_official,1,0,rating,a,a,1.0,core_destroyed,61,,47,450,7,23,6,220,8,19,ok,,3.473,n-62-21-92,29052882,2026-08-08T18:05:24+0200
eb27d59c0c8e50b2,auto-464e99b7c589,prospect_rushonly@bf9b3e3,prospect_rushonly,bf9b3e3,hoenir@5907a3b,hoenir,5907a3b,runestone,all_official,1,0,rating,b,b,0.0,core_destroyed,73,,10,30,8,7,9,150,8,9,ok,,3.378,n-62-31-23,29052882,2026-08-08T18:06:23+0200
eb3248dec436dafe,auto-464e99b7c589,skadi@6a2af02,skadi,6a2af02,hoenir@5907a3b,hoenir,5907a3b,antler,all_official,1,0,rating,b,b,0.0,core_destroyed,452,,15,450,8,9,93,1740,11,20,ok,,7.708,n-62-21-89,29052882,2026-08-08T18:06:51+0200
eb4982d309f237e2,auto-464e99b7c589,hoenir@5907a3b,hoenir,5907a3b,audhumla@a7faecd,audhumla,a7faecd,runestone,all_official,1,0,rating,b,b,0.0,core_destroyed,93,,7,200,7,14,9,530,10,36,ok,,3.583,n-62-11-62,29052882,2026-08-08T18:05:12+0200
eb50eb4122d3942a,auto-464e99b7c589,hoenir@5907a3b,hoenir,5907a3b,hodr@ea88247,hodr,ea88247,bridge,all_official,1,0,rating,a,a,1.0,core_destroyed,149,,66,900,15,19,96,0,5,2,ok,,6.055,n-62-21-53,29052882,2026-08-08T18:04:51+0200
eb6e16645c21156f,auto-464e99b7c589,loki@832c68a,loki,832c68a,hoenir@5907a3b,hoenir,5907a3b,drumlin,all_official,1,0,rating,a,a,1.0,core_destroyed,54,,18,260,7,19,9,330,7,17,ok,,3.05,n-62-29-34,29052882,2026-08-08T18:05:41+0200
eb734e4c0d31fd15,auto-464e99b7c589,skadi@821d792,skadi,821d792,hoenir@5907a3b,hoenir,5907a3b,fjordgate,all_official,1,0,rating,a,a,1.0,core_destroyed,313,,10,0,6,2,10,10,7,1,ok,,4.738,n-62-29-15,29052882,2026-08-08T18:07:37+0200
eb7e1ef5125793a3,auto-464e99b7c589,fenrir2@6b39ebb,fenrir2,6b39ebb,hoenir@5907a3b,hoenir,5907a3b,snowflake,all_official,1,0,rating,a,a,1.0,core_destroyed,69,,10,430,9,21,26,150,10,10,ok,,4.16,n-62-31-8,29052882,2026-08-08T18:05:10+0200
eb8dbea9794cc381,auto-464e99b7c589,njord@f66a427,njord,f66a427,hoenir@5907a3b,hoenir,5907a3b,heart,all_official,1,0,rating,b,b,0.0,titanium_collected,1000,,18,0,8,3,16,60,6,7,ok,,9.961,n-62-11-60,29052882,2026-08-08T18:06:22+0200
eba0e6091e5131b8,auto-464e99b7c589,audhumla@a7faecd,audhumla,a7faecd,hoenir@5907a3b,hoenir,5907a3b,twins,all_official,1,0,rating,a,a,1.0,core_destroyed,175,,17,500,10,10,7,400,6,11,ok,,4.22,n-62-11-63,29052882,2026-08-08T18:05:21+0200
ebb74aeaf05808fa,auto-464e99b7c589,steward_hardened_reinforced@366cd1b,steward_hardened_reinforced,366cd1b,hoenir@5907a3b,hoenir,5907a3b,twins,all_official,1,0,rating,b,b,0.0,core_destroyed,253,,9,150,9,3,10,600,8,14,ok,,5.498,n-62-29-33,29052882,2026-08-08T18:07:37+0200
ebbb239105d76841,auto-464e99b7c589,hoenir@5907a3b,hoenir,5907a3b,skadi@1e4eddf,skadi,1e4eddf,nordkap,all_official,1,0,rating,a,a,1.0,core_destroyed,66,,8,140,8,5,43,240,7,11,ok,,2.872,n-62-11-51,29052882,2026-08-08T18:06:39+0200
ebbb4b9d171625a2,auto-464e99b7c589,audhumla@a7faecd,audhumla,a7faecd,hoenir@5907a3b,hoenir,5907a3b,eider,all_official,1,0,rating,a,a,1.0,core_destroyed,87,,26,570,10,18,7,180,7,9,ok,,3.823,n-62-11-60,29052882,2026-08-08T18:04:53+0200
ebc1d2c3295a5713,auto-464e99b7c589,jonbot_190003d@90fc9f3,jonbot_190003d,90fc9f3,hoenir@5907a3b,hoenir,5907a3b,twins,all_official,1,0,rating,b,b,0.0,core_destroyed,87,,360,170,6,6,20,360,7,28,ok,,3.5,n-62-21-98,29052882,2026-08-08T18:05:44+0200
ebc3dc880a60e033,auto-464e99b7c589,snotra_h@4437c29,snotra_h,4437c29,hoenir@5907a3b,hoenir,5907a3b,nordkap,all_official,1,0,rating,b,b,0.0,core_destroyed,453,,10,80,8,3,9,80,7,5,ok,,6.625,n-62-11-67,29052882,2026-08-08T18:07:10+0200
ebc6e83313db9465,auto-464e99b7c589,hoenir@5907a3b,hoenir,5907a3b,loki@9ac8974,loki,9ac8974,vase,all_official,1,0,rating,b,b,0.0,core_destroyed,158,,84,0,8,3,26,320,10,8,ok,,4.717,n-62-11-55,29052882,2026-08-08T18:07:03+0200
ebd089c49a63d734,auto-464e99b7c589,hoenir@5907a3b,hoenir,5907a3b,steward_hardened_reinforced@04300bf,steward_hardened_reinforced,04300bf,jackpot,all_official,1,0,rating,a,a,1.0,core_destroyed,59,,10,230,7,24,22,0,10,1,ok,,3.4,n-62-29-13,29052882,2026-08-08T18:07:18+0200
ebd3a0d96b536a3d,auto-464e99b7c589,gobbleglitch@6cdc440,gobbleglitch,6cdc440,hoenir@5907a3b,hoenir,5907a3b,strait,all_official,1,0,rating,b,b,0.0,core_destroyed,77,,85,140,7,7,19,310,9,20,ok,,3.048,n-62-12-66,29052882,2026-08-08T18:05:01+0200
ebdbd84a27bb291f,auto-464e99b7c589,hoenir@5907a3b,hoenir,5907a3b,forseti@37dc858,forseti,37dc858,atoll,all_official,1,0,rating,a,a,1.0,core_destroyed,84,,28,370,8,22,10,260,10,7,ok,,4.388,n-62-31-19,29052882,2026-08-08T18:05:09+0200
ebe4766719e9e43f,auto-464e99b7c589,hoenir@5907a3b,hoenir,5907a3b,sif@3fc5cd8,sif,3fc5cd8,antler,all_official,1,0,rating,a,a,1.0,core_destroyed,55,,8,290,6,11,10,240,6,10,ok,,2.675,n-62-11-63,29052882,2026-08-08T18:06:21+0200
ebf221febdad0ad0,auto-464e99b7c589,hoenir@5907a3b,hoenir,5907a3b,odin@93e46da,odin,93e46da,showdown,all_official,1,0,rating,a,a,1.0,core_destroyed,185,,9,70,8,7,10,0,8,3,ok,,3.485,n-62-29-13,29052882,2026-08-08T18:06:06+0200
ebf336a7830f7759,auto-464e99b7c589,mimir@cfc1ec4,mimir,cfc1ec4,hoenir@5907a3b,hoenir,5907a3b,hive,all_official,1,0,rating,b,b,0.0,core_destroyed,385,,9,50,8,10,8,940,9,22,ok,,7.849,n-62-21-9,29052882,2026-08-08T18:06:27+0200
ebf5f39224ab77c6,auto-464e99b7c589,hoenir@5907a3b,hoenir,5907a3b,gefjon@f66a427,gefjon,f66a427,crossfire,all_official,1,0,rating,b,b,0.0,core_destroyed,81,,7,190,8,5,10,310,7,4,ok,,3.961,n-62-21-14,29052882,2026-08-08T18:04:40+0200
ec0e5fc99a9aadcd,auto-464e99b7c589,hoenir@5907a3b,hoenir,5907a3b,steward_hardened_reinforced@f1f2bda,steward_hardened_reinforced,f1f2bda,meander,all_official,1,0,rating,a,a,1.0,core_destroyed,63,,8,200,5,14,7,0,9,7,ok,,3.098,n-62-29-34,29052882,2026-08-08T18:07:49+0200
ec208e24e254b3fc,auto-464e99b7c589,audhumla@a7faecd,audhumla,a7faecd,hoenir@5907a3b,hoenir,5907a3b,drumlin,all_official,1,0,rating,b,b,0.0,core_destroyed,62,,253,600,7,42,20,480,8,26,ok,,3.885,n-62-11-61,29052882,2026-08-08T18:06:14+0200
ec2a22da6352595c,auto-464e99b7c589,lockin@90fc9f3,lockin,90fc9f3,hoenir@5907a3b,hoenir,5907a3b,sweden,all_official,1,0,rating,b,b,0.0,core_destroyed,83,,700,0,0,0,20,170,10,21,ok,,2.521,n-62-29-21,29052882,2026-08-08T18:05:32+0200
ec2a71f5a23b02c2,auto-464e99b7c589,mimir@cfc1ec4,mimir,cfc1ec4,hoenir@5907a3b,hoenir,5907a3b,moonrise,all_official,1,0,rating,a,a,1.0,core_destroyed,217,,34,1020,10,12,9,70,4,2,ok,,4.81,n-62-21-17,29052882,2026-08-08T18:06:39+0200
ec4931470ef4dcc1,auto-464e99b7c589,hoenir@5907a3b,hoenir,5907a3b,prospect_rushonly@bf9b3e3,prospect_rushonly,bf9b3e3,nordkap,all_official,1,0,rating,b,b,0.0,core_destroyed,99,,7,120,9,3,9,220,8,7,ok,,3.941,n-62-31-22,29052882,2026-08-08T18:06:35+0200
ec56a6ab45e3581f,auto-464e99b7c589,hoenir@5907a3b,hoenir,5907a3b,skadi@821d792,skadi,821d792,longship,all_official,1,0,rating,b,b,0.0,core_destroyed,140,,30,630,7,14,44,1040,10,21,ok,,4.474,n-62-12-1,29052882,2026-08-08T18:07:41+0200
ecce787bd5660bf2,auto-464e99b7c589,spar_sniper@aa24129,spar_sniper,aa24129,hoenir@5907a3b,hoenir,5907a3b,crossfire,all_official,1,0,rating,a,a,1.0,core_destroyed,56,,24,130,7,5,16,120,9,4,ok,,3.284,n-62-21-98,29052882,2026-08-08T18:07:38+0200
eccfe9ad8f917c2a,auto-464e99b7c589,maporacle@38e1456,maporacle,38e1456,hoenir@5907a3b,hoenir,5907a3b,meander,all_official,1,0,rating,b,b,0.0,core_destroyed,197,,10,0,8,1,9,0,8,2,ok,,3.805,n-62-12-3,29052882,2026-08-08T18:05:37+0200
eceb006b7c2b68e4,auto-464e99b7c589,hoenir@5907a3b,hoenir,5907a3b,ragnarok_fair@79582fc,ragnarok_fair,79582fc,jackpot,all_official,1,0,rating,a,a,1.0,core_destroyed,164,,22,710,12,18,36,390,8,12,ok,,6.037,n-62-11-60,29052882,2026-08-08T18:06:24+0200
ecf265709431fe60,auto-464e99b7c589,forseti@37dc858,forseti,37dc858,hoenir@5907a3b,hoenir,5907a3b,moonrise,all_official,1,0,rating,a,a,1.0,core_destroyed,114,,12,500,7,14,4,70,6,6,ok,,3.182,n-62-11-50,29052882,2026-08-08T18:05:13+0200
ed17d3bc685c5b15,auto-464e99b7c589,hoenir@5907a3b,hoenir,5907a3b,skadi@6a2af02,skadi,6a2af02,crossfire,all_official,1,0,rating,a,a,1.0,core_destroyed,412,,171,2010,12,16,44,710,11,6,ok,,11.729,n-62-12-7,29052882,2026-08-08T18:07:15+0200
ed20f67d9084c5ce,auto-464e99b7c589,hoenir@5907a3b,hoenir,5907a3b,gefjon@f66a427,gefjon,f66a427,twins,all_official,1,0,rating,a,a,1.0,core_destroyed,217,,10,520,9,8,9,370,9,6,ok,,5.266,n-62-21-18,29052882,2026-08-08T18:04:41+0200
ed368095a80d1255,auto-464e99b7c589,hoenir@5907a3b,hoenir,5907a3b,prospect@bf9b3e3,prospect,bf9b3e3,lighthouse,all_official,1,0,rating,a,a,1.0,core_destroyed,88,,39,360,7,12,49,50,7,5,ok,,3.183,n-62-31-18,29052882,2026-08-08T18:06:15+0200
ed51dbdbc1cc29cc,auto-464e99b7c589,hoenir@5907a3b,hoenir,5907a3b,lockin@90fc9f3,lockin,90fc9f3,crossfire,all_official,1,0,rating,a,a,1.0,core_destroyed,45,,10,170,8,13,232,0,7,2,ok,,4.683,n-62-29-16,29052882,2026-08-08T18:05:54+0200
ed68b65834b1b370,auto-464e99b7c589,fenrir2@6b39ebb,fenrir2,6b39ebb,hoenir@5907a3b,hoenir,5907a3b,fjordgate,all_official,1,0,rating,b,b,0.0,titanium_collected,1000,,18,0,7,1,20,30,6,1,ok,,8.441,n-62-31-20,29052882,2026-08-08T18:05:14+0200
ed775c2b15d509be,auto-464e99b7c589,hoenir@5907a3b,hoenir,5907a3b,audhumla@a7faecd,audhumla,a7faecd,lighthouse,all_official,1,0,rating,a,a,1.0,core_destroyed,60,,18,310,6,23,164,570,9,24,ok,,3.496,n-62-11-68,29052882,2026-08-08T18:05:35+0200
edd632b36f510713,auto-464e99b7c589,hoenir@5907a3b,hoenir,5907a3b,maporacle@38e1456,maporacle,38e1456,fjord,all_official,1,0,rating,a,a,1.0,core_destroyed,93,,9,430,9,7,9,250,7,4,ok,,3.832,n-62-12-1,29052882,2026-08-08T18:05:56+0200
edd8907ee23c0c8e,auto-464e99b7c589,hoenir@5907a3b,hoenir,5907a3b,prospect_rushonly@bf9b3e3,prospect_rushonly,bf9b3e3,drumlin,all_official,1,0,rating,a,a,1.0,core_destroyed,62,,16,210,8,17,23,290,8,15,ok,,3.433,n-62-31-8,29052882,2026-08-08T18:06:17+0200
ede18e6a5ec340e7,auto-464e99b7c589,magni@3677a66,magni,3677a66,hoenir@5907a3b,hoenir,5907a3b,fjord,all_official,1,0,rating,b,b,0.0,core_destroyed,97,,40,530,8,15,24,660,8,19,ok,,4.167,n-62-11-51,29052882,2026-08-08T18:05:35+0200
edfd5adb9a98b3b6,auto-464e99b7c589,hoenir@5907a3b,hoenir,5907a3b,prospect@bf9b3e3,prospect,bf9b3e3,aurora,all_official,1,0,rating,a,a,1.0,core_destroyed,89,,9,380,8,19,9,270,9,19,ok,,4.053,n-62-31-4,29052882,2026-08-08T18:06:44+0200
ee02982b06a5570c,auto-464e99b7c589,jotunn@6b39ebb,jotunn,6b39ebb,hoenir@5907a3b,hoenir,5907a3b,drumlin,all_official,1,0,rating,b,b,0.0,core_destroyed,91,,38,180,6,12,80,850,7,26,ok,,4.113,n-62-28-28,29052882,2026-08-08T18:05:28+0200
ee315b53288666e5,auto-464e99b7c589,hoenir@5907a3b,hoenir,5907a3b,spar_mender@7ed1acc,spar_mender,7ed1acc,showdown,all_official,1,0,rating,a,a,1.0,core_destroyed,141,,8,310,7,15,9,0,9,4,ok,,3.671,n-62-11-68,29052882,2026-08-08T18:07:34+0200
ee5690fc962eee86,auto-464e99b7c589,hoenir@5907a3b,hoenir,5907a3b,aegis@e55aab5,aegis,e55aab5,runestone,all_official,1,0,rating,a,a,1.0,core_destroyed,181,,10,420,7,14,10,250,9,7,ok,,3.848,n-62-31-22,29052882,2026-08-08T18:04:48+0200
ee699950e9214f0b,auto-464e99b7c589,hoenir@5907a3b,hoenir,5907a3b,skadi@aad5f44,skadi,aad5f44,jackpot,all_official,1,0,rating,a,a,1.0,core_destroyed,157,,44,730,12,16,40,420,10,7,ok,,6.201,n-62-31-5,29052882,2026-08-08T18:06:45+0200
ee6dfd65774d935b,auto-464e99b7c589,pantheon_replica_day3@aa8bae0,pantheon_replica_day3,aa8bae0,hoenir@5907a3b,hoenir,5907a3b,heart,all_official,1,0,rating,b,b,0.0,core_destroyed,537,,10,0,9,6,9,30,6,9,ok,,5.591,n-62-29-5,29052882,2026-08-08T18:06:45+0200
ee764db84b1b5fda,auto-464e99b7c589,ragnarok_fair@79582fc,ragnarok_fair,79582fc,hoenir@5907a3b,hoenir,5907a3b,aurora,all_official,1,0,rating,a,a,1.0,core_destroyed,111,,20,470,9,28,27,250,7,13,ok,,3.72,n-62-11-52,29052882,2026-08-08T18:06:23+0200
ee8b57f6ff8f1388,auto-464e99b7c589,hoenir@5907a3b,hoenir,5907a3b,gefn@46ac5e6,gefn,46ac5e6,archipelago,all_official,1,0,rating,b,b,0.0,core_destroyed,63,,100,450,7,26,10,360,7,24,ok,,3.265,n-62-21-18,29052882,2026-08-08T18:05:21+0200
ee8e76a58adeb26d,auto-464e99b7c589,hoenir@5907a3b,hoenir,5907a3b,fenrir2@6b39ebb,fenrir2,6b39ebb,jackpot,all_official,1,0,rating,a,a,1.0,core_destroyed,361,,6,1300,13,21,170,870,8,10,ok,,9.385,n-62-31-13,29052882,2026-08-08T18:04:57+0200
eec34bccd736a01e,auto-464e99b7c589,hoenir@5907a3b,hoenir,5907a3b,snotra@34b0ce8,snotra,34b0ce8,showdown,all_official,1,0,rating,a,a,1.0,core_destroyed,466,,8,1120,6,17,8,740,6,7,ok,,4.387,n-62-31-4,29052882,2026-08-08T18:07:24+0200
eecdf4dbdee1802d,auto-464e99b7c589,skadi@821d792,skadi,821d792,hoenir@5907a3b,hoenir,5907a3b,quarry,all_official,1,0,rating,a,a,1.0,titanium_collected,1000,,17,410,8,33,17,0,6,7,ok,,10.014,n-62-12-2,29052882,2026-08-08T18:07:21+0200
eed68d027b5dd4e5,auto-464e99b7c589,hoenir@5907a3b,hoenir,5907a3b,odin@93e46da,odin,93e46da,pinch,all_official,1,0,rating,a,a,1.0,core_destroyed,117,,10,660,11,25,33,540,8,15,ok,,5.053,n-62-28-34,29052882,2026-08-08T18:06:14+0200
eedd6e93bfaf5f87,auto-464e99b7c589,fulla@ec5aa19,fulla,ec5aa19,hoenir@5907a3b,hoenir,5907a3b,sweden,all_official,1,0,rating,a,a,1.0,core_destroyed,369,,16,450,10,14,30,60,8,19,ok,,13.281,n-62-21-9,29052882,2026-08-08T18:05:41+0200
eee6463fcc8b212b,auto-464e99b7c589,hoenir@5907a3b,hoenir,5907a3b,hodr@ea88247,hodr,ea88247,snowflake,all_official,1,0,rating,a,a,1.0,core_destroyed,65,,30,600,11,18,7,140,8,11,ok,,4.184,n-62-21-57,29052882,2026-08-08T18:05:00+0200
eee8d3cea00d4fc1,auto-464e99b7c589,hoenir@5907a3b,hoenir,5907a3b,skadi@821d792,skadi,821d792,string,all_official,1,0,rating,b,b,0.0,core_destroyed,130,,169,540,9,13,20,500,6,7,ok,,4.719,n-62-29-21,29052882,2026-08-08T18:07:09+0200
eef6f89f3cf5608f,auto-464e99b7c589,hoenir@5907a3b,hoenir,5907a3b,odin@38e1456,odin,38e1456,saga,all_official,1,0,rating,b,b,0.0,core_destroyed,92,,42,320,8,23,28,400,6,32,ok,,4.406,n-62-31-11,29052882,2026-08-08T18:06:08+0200
ef09ae8413bb36e8,auto-464e99b7c589,odin@93e46da,odin,93e46da,hoenir@5907a3b,hoenir,5907a3b,heart,all_official,1,0,rating,a,a,1.0,core_destroyed,285,,9,0,9,8,10,90,8,6,ok,,6.401,n-62-28-31,29052882,2026-08-08T18:06:37+0200
efc05003b7eafbbf,auto-464e99b7c589,e_t4l7@9e77076,e_t4l7,9e77076,hoenir@5907a3b,hoenir,5907a3b,heart,all_official,1,0,rating,b,b,0.0,core_destroyed,425,,985,670,9,12,10,0,8,30,ok,,6.522,n-62-30-23,29052882,2026-08-08T18:05:04+0200
efc7e522afac5195,auto-464e99b7c589,hoenir@5907a3b,hoenir,5907a3b,odin@38e1456,odin,38e1456,vase,all_official,1,0,rating,b,b,0.0,core_destroyed,138,,23,300,9,7,10,130,1,6,ok,,4.407,n-62-21-97,29052882,2026-08-08T18:06:01+0200
efdfa8f76a992d5e,auto-464e99b7c589,skadi@aad5f44,skadi,aad5f44,hoenir@5907a3b,hoenir,5907a3b,string,all_official,1,0,rating,b,b,0.0,core_destroyed,218,,104,460,2,2,30,1310,13,17,ok,,6.324,n-62-29-27,29052882,2026-08-08T18:06:52+0200
efec3dc380ece297,auto-464e99b7c589,hoenir@5907a3b,hoenir,5907a3b,fulla@ec5aa19,fulla,ec5aa19,crossfire,all_official,1,0,rating,a,a,1.0,core_destroyed,94,,8,220,7,5,8,140,9,2,ok,,3.504,n-62-21-1,29052882,2026-08-08T18:05:42+0200
eff8f9ff632d46c7,auto-464e99b7c589,hoenir@5907a3b,hoenir,5907a3b,prospect_rushonly@bf9b3e3,prospect_rushonly,bf9b3e3,jackpot,all_official,1,0,rating,a,a,1.0,core_destroyed,101,,71,450,6,16,41,350,9,24,ok,,4.572,n-62-31-16,29052882,2026-08-08T18:06:38+0200
f00ecbe5e1931ad8,auto-464e99b7c589,mjolnir@2e6c876,mjolnir,2e6c876,hoenir@5907a3b,hoenir,5907a3b,pinch,all_official,1,0,rating,b,b,0.0,core_destroyed,267,,28,1810,9,23,80,2400,10,59,ok,,8.693,n-62-31-24,29052882,2026-08-08T18:06:25+0200
f013bf5c63ad2140,auto-464e99b7c589,skadi@aad5f44,skadi,aad5f44,hoenir@5907a3b,hoenir,5907a3b,nordkap,all_official,1,0,rating,a,a,1.0,core_destroyed,163,,68,930,7,39,109,370,5,6,ok,,6.392,n-62-29-33,29052882,2026-08-08T18:06:50+0200
f01ba162e372956f,auto-464e99b7c589,hoenir@5907a3b,hoenir,5907a3b,steward_hardened_reinforced@a994296,steward_hardened_reinforced,a994296,nordkap,all_official,1,0,rating,a,a,1.0,core_destroyed,413,,9,80,9,7,10,100,8,6,ok,,5.766,n-62-11-66,29052882,2026-08-08T18:07:29+0200
f01ed9cc22d4bccf,auto-464e99b7c589,bastion@840a180,bastion,840a180,hoenir@5907a3b,hoenir,5907a3b,runestone,all_official,1,0,rating,b,b,0.0,core_destroyed,59,,10,120,9,12,9,120,8,9,ok,,3.781,n-62-31-11,29052882,2026-08-08T18:05:12+0200
f03322bd2976bc06,auto-464e99b7c589,hoenir@5907a3b,hoenir,5907a3b,njord@f66a427,njord,f66a427,twins,all_official,1,0,rating,a,a,1.0,core_destroyed,101,,8,230,8,10,10,210,6,15,ok,,3.617,n-62-11-63,29052882,2026-08-08T18:06:11+0200
f03b2d0fb1d4e93d,auto-464e99b7c589,mistral@90fc9f3,mistral,90fc9f3,hoenir@5907a3b,hoenir,5907a3b,vault,all_official,1,0,rating,b,b,0.0,core_destroyed,53,,274,0,5,0,10,210,9,18,ok,,5.917,n-62-21-11,29052882,2026-08-08T18:06:09+0200
f0488250d56a0b51,auto-464e99b7c589,hoenir@5907a3b,hoenir,5907a3b,spar_mender@d5b46bc,spar_mender,d5b46bc,vase,all_official,1,0,rating,b,b,0.0,core_destroyed,590,,10,0,8,3,8,110,12,3,ok,,10.944,n-62-31-11,29052882,2026-08-08T18:07:07+0200
f0674958ebee9f78,auto-464e99b7c589,audhumla@a7faecd,audhumla,a7faecd,hoenir@5907a3b,hoenir,5907a3b,snowflake,all_official,1,0,rating,a,a,1.0,core_destroyed,114,,40,1120,15,27,4,260,7,25,ok,,4.875,n-62-11-66,29052882,2026-08-08T18:05:07+0200
f0733b358112f2db,auto-464e99b7c589,spar_mender@d5b46bc,spar_mender,d5b46bc,hoenir@5907a3b,hoenir,5907a3b,fjord,all_official,1,0,rating,b,b,0.0,core_destroyed,70,,60,260,9,18,8,450,11,22,ok,,3.753,n-62-11-64,29052882,2026-08-08T18:07:30+0200
f07ad5c29dc007a6,auto-464e99b7c589,hoenir@5907a3b,hoenir,5907a3b,skadi@821d792,skadi,821d792,hive,all_official,1,0,rating,b,b,0.0,core_destroyed,123,,7,280,7,22,40,510,7,27,ok,,4.04,n-62-12-1,29052882,2026-08-08T18:06:50+0200
f09dbcadf33d78e9,auto-464e99b7c589,loki@832c68a,loki,832c68a,hoenir@5907a3b,hoenir,5907a3b,vault,all_official,1,0,rating,b,b,0.0,core_destroyed,79,,23,330,10,9,9,350,9,19,ok,,4.308,n-62-31-20,29052882,2026-08-08T18:05:56+0200
f0afb7dcea430a98,auto-464e99b7c589,loki@832c68a,loki,832c68a,hoenir@5907a3b,hoenir,5907a3b,aurora,all_official,1,0,rating,b,b,0.0,core_destroyed,316,,22,360,10,2,19,770,7,13,ok,,5.014,n-62-29-27,29052882,2026-08-08T18:05:53+0200
f0b8ba35b801d4f0,auto-464e99b7c589,spar_mender@7ed1acc,spar_mender,7ed1acc,hoenir@5907a3b,hoenir,5907a3b,meander,all_official,1,0,rating,b,b,0.0,core_destroyed,514,,10,370,9,11,8,50,5,9,ok,,6.431,n-62-11-60,29052882,2026-08-08T18:07:28+0200
f0bc37da74fc6bea,auto-464e99b7c589,hodr@ea88247,hodr,ea88247,hoenir@5907a3b,hoenir,5907a3b,vase,all_official,1,0,rating,b,b,0.0,core_destroyed,48,,60,0,8,5,20,80,5,12,ok,,2.941,n-62-21-59,29052882,2026-08-08T18:05:37+0200
f0c7e2e46deea84f,auto-464e99b7c589,hoenir@5907a3b,hoenir,5907a3b,maporacle@38e1456,maporacle,38e1456,crossfire,all_official,1,0,rating,a,a,1.0,core_destroyed,71,,9,300,6,19,9,300,10,7,ok,,4.034,n-62-12-5,29052882,2026-08-08T18:06:21+0200
f0e2da3f2454a63b,auto-464e99b7c589,fenrir2@6b39ebb,fenrir2,6b39ebb,hoenir@5907a3b,hoenir,5907a3b,nordkap,all_official,1,0,rating,b,b,0.0,core_destroyed,95,,10,100,3,7,7,380,8,9,ok,,3.796,n-62-31-14,29052882,2026-08-08T18:04:51+0200
f0eebef384de7666,auto-464e99b7c589,hoenir@5907a3b,hoenir,5907a3b,gefn@46ac5e6,gefn,46ac5e6,hive,all_official,1,0,rating,b,b,0.0,core_destroyed,370,,8,900,6,13,6,990,9,19,ok,,6.808,n-62-21-13,29052882,2026-08-08T18:04:43+0200
f0f1023e828eb11e,auto-464e99b7c589,hoenir@5907a3b,hoenir,5907a3b,mistral@90fc9f3,mistral,90fc9f3,string,all_official,1,0,rating,a,a,1.0,core_destroyed,65,,9,50,8,6,60,0,6,0,ok,,3.152,n-62-21-5,29052882,2026-08-08T18:06:16+0200
f110ad698ff40834,auto-464e99b7c589,hoenir@5907a3b,hoenir,5907a3b,mistral@90fc9f3,mistral,90fc9f3,antler,all_official,1,0,rating,a,a,1.0,core_destroyed,85,,208,380,6,14,50,0,11,0,ok,,5.428,n-62-31-4,29052882,2026-08-08T18:05:42+0200
f11ab68d6a776141,auto-464e99b7c589,loki@832c68a,loki,832c68a,hoenir@5907a3b,hoenir,5907a3b,antler,all_official,1,0,rating,a,a,1.0,core_destroyed,104,,28,660,5,12,16,470,8,12,ok,,3.065,n-62-29-27,29052882,2026-08-08T18:05:30+0200
f11ed947647d3c79,auto-464e99b7c589,hoenir@5907a3b,hoenir,5907a3b,janus@8a1e7a1,janus,8a1e7a1,fjordgate,all_official,1,0,rating,b,b,0.0,core_destroyed,90,,166,210,4,7,9,210,6,5,ok,,2.647,n-62-31-4,29052882,2026-08-08T18:05:10+0200
f1241b32ada55a93,auto-464e99b7c589,mjolnir@2e6c876,mjolnir,2e6c876,hoenir@5907a3b,hoenir,5907a3b,eider,all_official,1,0,rating,b,b,0.0,core_destroyed,70,,8,150,7,9,19,290,8,11,ok,,3.171,n-62-21-18,29052882,2026-08-08T18:06:00+0200
f157f68d3ac2daa0,auto-464e99b7c589,sif@3fc5cd8,sif,3fc5cd8,hoenir@5907a3b,hoenir,5907a3b,pinch,all_official,1,0,rating,b,b,0.0,core_destroyed,109,,9,330,8,20,9,250,7,8,ok,,3.374,n-62-11-50,29052882,2026-08-08T18:07:04+0200
f1878bf6923d9831,auto-464e99b7c589,magni@3677a66,magni,3677a66,hoenir@5907a3b,hoenir,5907a3b,showdown,all_official,1,0,rating,b,b,0.0,titanium_collected,1000,,16,210,7,10,17,440,6,3,ok,,7.847,n-62-21-89,29052882,2026-08-08T18:06:18+0200
f187ebffa9b1c438,auto-464e99b7c589,prospect@bf9b3e3,prospect,bf9b3e3,hoenir@5907a3b,hoenir,5907a3b,bridge,all_official,1,0,rating,b,b,0.0,core_destroyed,184,,101,0,7,8,30,330,9,14,ok,,4.706,n-62-31-5,29052882,2026-08-08T18:06:18+0200
f1881893e93d4b3f,auto-464e99b7c589,hoenir@5907a3b,hoenir,5907a3b,steward_hardened_reinforced@a994296,steward_hardened_reinforced,a994296,fjordgate,all_official,1,0,rating,a,a,1.0,core_destroyed,164,,30,760,6,25,230,10,2,3,ok,,2.768,n-62-11-60,29052882,2026-08-08T18:07:43+0200
f19520cdc5d96b2f,auto-464e99b7c589,bastion@840a180,bastion,840a180,hoenir@5907a3b,hoenir,5907a3b,bridge,all_official,1,0,rating,b,b,0.0,titanium_collected,1000,,50,0,6,5,37,2460,23,9,ok,,30.365,n-62-21-92,29052882,2026-08-08T18:05:13+0200
f195f97ac92b9470,auto-464e99b7c589,hoenir@5907a3b,hoenir,5907a3b,loki@832c68a,loki,832c68a,vase,all_official,1,0,rating,b,b,0.0,core_destroyed,158,,84,0,8,4,40,320,9,11,ok,,4.87,n-62-31-20,29052882,2026-08-08T18:05:42+0200
f1b9ad7a7df491f6,auto-464e99b7c589,hoenir@5907a3b,hoenir,5907a3b,jonbot_190003d@90fc9f3,jonbot_190003d,90fc9f3,bridge,all_official,1,0,rating,a,a,1.0,core_destroyed,107,,26,230,10,15,353,0,3,11,ok,,3.471,n-62-11-64,29052882,2026-08-08T18:05:21+0200
f1e51085fef2ad3c,auto-464e99b7c589,hoenir@5907a3b,hoenir,5907a3b,jonbot@90fc9f3,jonbot,90fc9f3,crossfire,all_official,1,0,rating,a,a,1.0,core_destroyed,193,,10,910,8,18,621,470,2,7,ok,,6.504,n-62-11-67,29052882,2026-08-08T18:06:31+0200
f21d78b84c65a9c5,auto-464e99b7c589,hoenir@5907a3b,hoenir,5907a3b,steward_hardened_reinforced@04300bf,steward_hardened_reinforced,04300bf,vault,all_official,1,0,rating,a,a,1.0,core_destroyed,77,,20,330,9,26,64,340,13,9,ok,,5.447,n-62-21-2,29052882,2026-08-08T18:07:09+0200
f2303a39f7e4d400,auto-464e99b7c589,jotunn@6b39ebb,jotunn,6b39ebb,hoenir@5907a3b,hoenir,5907a3b,atoll,all_official,1,0,rating,b,b,0.0,core_destroyed,284,,44,1320,7,12,44,1370,11,26,ok,,7.501,n-62-21-97,29052882,2026-08-08T18:05:42+0200
f24d0ac436cd829d,auto-464e99b7c589,e_t4l7@9e77076,e_t4l7,9e77076,hoenir@5907a3b,hoenir,5907a3b,bridge,all_official,1,0,rating,a,a,1.0,harvesters,1000,,842,0,10,15,20,0,8,14,ok,,9.789,n-62-29-34,29052882,2026-08-08T18:06:05+0200
f2536302d4ae8d13,auto-464e99b7c589,spar_sniper@aa24129,spar_sniper,aa24129,hoenir@5907a3b,hoenir,5907a3b,sweden,all_official,1,0,rating,b,b,0.0,core_destroyed,255,,22,0,10,23,20,600,8,21,ok,,6.907,n-62-11-52,29052882,2026-08-08T18:07:23+0200
f263b2b544f75094,auto-464e99b7c589,snotra@34b0ce8,snotra,34b0ce8,hoenir@5907a3b,hoenir,5907a3b,fjordgate,all_official,1,0,rating,a,a,1.0,core_destroyed,222,,10,1040,6,25,28,10,2,3,ok,,3.705,n-62-29-5,29052882,2026-08-08T18:06:48+0200
f26dc92643dae50f,auto-464e99b7c589,odin@93e46da,odin,93e46da,hoenir@5907a3b,hoenir,5907a3b,crossfire,all_official,1,0,rating,b,b,0.0,core_destroyed,207,,10,610,8,6,37,980,11,14,ok,,5.823,n-62-28-28,29052882,2026-08-08T18:06:36+0200
f26e8dcf3eff6f60,auto-464e99b7c589,hoenir@5907a3b,hoenir,5907a3b,magni@3677a66,magni,3677a66,vase,all_official,1,0,rating,a,a,1.0,core_destroyed,255,,10,0,7,7,45,110,8,5,ok,,6.53,n-62-12-7,29052882,2026-08-08T18:06:02+0200
f2785a2b69fe2961,auto-464e99b7c589,hoenir@5907a3b,hoenir,5907a3b,skadi@aad5f44,skadi,aad5f44,eider,all_official,1,0,rating,a,a,1.0,titanium_collected,1000,,20,2480,8,9,12,0,6,9,ok,,14.252,n-62-29-31,29052882,2026-08-08T18:06:52+0200
f27eee9d2f5d0966,auto-464e99b7c589,hoenir@5907a3b,hoenir,5907a3b,aegis@e55aab5,aegis,e55aab5,meander,all_official,1,0,rating,a,a,1.0,core_destroyed,94,,8,120,8,7,10,70,8,8,ok,,3.569,n-62-31-24,29052882,2026-08-08T18:04:48+0200
f281ddf4945c6e46,auto-464e99b7c589,mistral@90fc9f3,mistral,90fc9f3,hoenir@5907a3b,hoenir,5907a3b,saga,all_official,1,0,rating,b,b,0.0,core_destroyed,76,,194,0,6,0,28,290,8,27,ok,,6.803,n-62-31-21,29052882,2026-08-08T18:06:20+0200
f28d58ebeeef9533,auto-464e99b7c589,snotra@34b0ce8,snotra,34b0ce8,hoenir@5907a3b,hoenir,5907a3b,aurora,all_official,1,0,rating,b,b,0.0,core_destroyed,316,,16,360,9,2,19,770,7,13,ok,,5.296,n-62-29-34,29052882,2026-08-08T18:07:12+0200
f28f1a819d7ccb27,auto-464e99b7c589,e_t4l7@9e77076,e_t4l7,9e77076,hoenir@5907a3b,hoenir,5907a3b,antler,all_official,1,0,rating,a,a,1.0,titanium_collected,1000,,2570,2640,10,7,16,2490,8,10,ok,,12.385,n-62-29-34,29052882,2026-08-08T18:04:54+0200
f2934fb67eb41406,auto-464e99b7c589,skadi@aad5f44,skadi,aad5f44,hoenir@5907a3b,hoenir,5907a3b,runestone,all_official,1,0,rating,a,a,1.0,core_destroyed,311,,9,940,8,17,8,1450,7,19,ok,,5.903,n-62-29-33,29052882,2026-08-08T18:07:33+0200
f29958bf63c2b633,auto-464e99b7c589,hoenir@5907a3b,hoenir,5907a3b,mistral@90fc9f3,mistral,90fc9f3,bridge,all_official,1,0,rating,a,a,1.0,core_destroyed,52,,20,90,8,14,354,0,4,0,ok,,3.122,n-62-31-4,29052882,2026-08-08T18:06:37+0200
f2a8db1508facf97,auto-464e99b7c589,hoenir@5907a3b,hoenir,5907a3b,heimdall@daf0de0,heimdall,daf0de0,showdown,all_official,1,0,rating,a,a,1.0,core_destroyed,165,,9,60,6,5,10,0,3,0,ok,,2.994,n-62-21-50,29052882,2026-08-08T18:04:55+0200
f2cd04057d90d1f7,auto-464e99b7c589,e_t4l7@9e77076,e_t4l7,9e77076,hoenir@5907a3b,hoenir,5907a3b,vase,all_official,1,0,rating,b,b,0.0,core_destroyed,283,,10,0,6,11,10,670,8,13,ok,,3.839,n-62-31-7,29052882,2026-08-08T18:05:04+0200
f2d4f1baa3b2c541,auto-464e99b7c589,spork@05ab6a2,spork,05ab6a2,hoenir@5907a3b,hoenir,5907a3b,pinch,all_official,1,0,rating,b,b,0.0,core_destroyed,260,,20,520,8,14,17,630,7,8,ok,,4.169,n-62-11-58,29052882,2026-08-08T18:07:48+0200
f2d6349af403268f,auto-464e99b7c589,hoenir@5907a3b,hoenir,5907a3b,loki@9ac8974,loki,9ac8974,crossfire,all_official,1,0,rating,a,a,1.0,core_destroyed,94,,8,220,7,5,8,140,9,2,ok,,3.327,n-62-31-13,29052882,2026-08-08T18:06:08+0200
f2f2e96319c8fb54,auto-464e99b7c589,prospect@bf9b3e3,prospect,bf9b3e3,hoenir@5907a3b,hoenir,5907a3b,hive,all_official,1,0,rating,b,b,0.0,core_destroyed,98,,10,220,9,7,6,220,7,13,ok,,3.539,n-62-31-21,29052882,2026-08-08T18:06:37+0200
f2f755e4217d52d0,auto-464e99b7c589,hoenir@5907a3b,hoenir,5907a3b,snotra_h@4437c29,snotra_h,4437c29,vault,all_official,1,0,rating,b,b,0.0,core_destroyed,100,,20,440,9,25,28,460,11,12,ok,,5.134,n-62-31-20,29052882,2026-08-08T18:06:53+0200
f32c7ab367b7509b,auto-464e99b7c589,fenrir2@6b39ebb,fenrir2,6b39ebb,hoenir@5907a3b,hoenir,5907a3b,bridge,all_official,1,0,rating,a,a,1.0,titanium_stored,1000,,1852,0,7,7,162,0,18,9,ok,,21.266,n-62-31-18,29052882,2026-08-08T18:05:24+0200
f3379169bc4e4f62,auto-464e99b7c589,bifrost@c70c467,bifrost,c70c467,hoenir@5907a3b,hoenir,5907a3b,sprint,all_official,1,0,rating,b,b,0.0,core_destroyed,187,,7,20,7,4,17,440,6,6,ok,,3.787,n-62-29-15,29052882,2026-08-08T18:04:44+0200
f359addb7745fc67,auto-464e99b7c589,steward_hardened_reinforced@672ee02,steward_hardened_reinforced,672ee02,hoenir@5907a3b,hoenir,5907a3b,sprint,all_official,1,0,rating,a,a,1.0,core_destroyed,105,,9,10,6,4,10,40,7,6,ok,,3.126,n-62-31-22,29052882,2026-08-08T18:07:29+0200
f360a32758aa7948,auto-464e99b7c589,hoenir@5907a3b,hoenir,5907a3b,mimir@cfc1ec4,mimir,cfc1ec4,nordkap,all_official,1,0,rating,a,a,1.0,core_destroyed,413,,9,80,9,7,10,100,8,6,ok,,7.497,n-62-21-6,29052882,2026-08-08T18:05:42+0200
f3612f574087f123,auto-464e99b7c589,hoenir@5907a3b,hoenir,5907a3b,magni@3677a66,magni,3677a66,snowflake,all_official,1,0,rating,a,a,1.0,core_destroyed,65,,30,600,11,18,7,140,8,11,ok,,4.235,n-62-21-90,29052882,2026-08-08T18:05:42+0200
f378273d08d09751,auto-464e99b7c589,skadi@1e4eddf,skadi,1e4eddf,hoenir@5907a3b,hoenir,5907a3b,eider,all_official,1,0,rating,b,b,0.0,core_destroyed,260,,24,1240,9,6,105,3060,11,46,ok,,9.735,n-62-21-98,29052882,2026-08-08T18:06:58+0200
f3843ac65105d311,auto-464e99b7c589,hoenir@5907a3b,hoenir,5907a3b,skadi@821d792,skadi,821d792,fjordgate,all_official,1,0,rating,b,b,0.0,titanium_collected,1000,,11,0,6,2,17,210,6,14,ok,,6.795,n-62-29-15,29052882,2026-08-08T18:07:32+0200
f39b8f87ca88c705,auto-464e99b7c589,hoenir@5907a3b,hoenir,5907a3b,ostara@832c68a,ostara,832c68a,quarry,all_official,1,0,rating,b,b,0.0,core_destroyed,70,,6,130,9,17,26,230,8,15,ok,,4.061,n-62-29-9,29052882,2026-08-08T18:06:10+0200
f3a0c99c9b0e53ae,auto-464e99b7c589,hoenir@5907a3b,hoenir,5907a3b,loki@832c68a,loki,832c68a,heart,all_official,1,0,rating,b,b,0.0,core_destroyed,989,,10,0,8,5,11,40,6,6,ok,,9.036,n-62-29-5,29052882,2026-08-08T18:05:40+0200
f3a791e9311e20c7,auto-464e99b7c589,hoenir@5907a3b,hoenir,5907a3b,aegis@e55aab5,aegis,e55aab5,twins,all_official,1,0,rating,a,a,1.0,core_destroyed,95,,24,420,7,10,17,440,7,31,ok,,4.288,n-62-11-67,29052882,2026-08-08T18:04:40+0200
f3b42b6daf733e10,auto-464e99b7c589,hoenir@5907a3b,hoenir,5907a3b,odin@93e46da,odin,93e46da,saga,all_official,1,0,rating,a,a,1.0,core_destroyed,110,,39,410,6,30,20,790,9,39,ok,,4.383,n-62-28-34,29052882,2026-08-08T18:06:44+0200
f3bc89032fe49241,auto-464e99b7c589,hoenir@5907a3b,hoenir,5907a3b,spar_sniper@aa24129,spar_sniper,aa24129,meander,all_official,1,0,rating,a,a,1.0,core_destroyed,62,,9,200,5,14,8,0,9,7,ok,,3.105,n-62-31-18,29052882,2026-08-08T18:07:42+0200
f3c7b28a60a6a594,auto-464e99b7c589,hoenir@5907a3b,hoenir,5907a3b,fulla@ec5aa19,fulla,ec5aa19,lighthouse,all_official,1,0,rating,b,b,0.0,core_destroyed,161,,7,390,8,7,24,740,7,14,ok,,4.016,n-62-21-3,29052882,2026-08-08T18:05:02+0200
f3cf827a318da4ea,auto-464e99b7c589,hoenir@5907a3b,hoenir,5907a3b,skadi@aad5f44,skadi,aad5f44,fjord,all_official,1,0,rating,b,b,0.0,core_destroyed,240,,155,1730,11,22,94,1780,12,35,ok,,8.188,n-62-29-31,29052882,2026-08-08T18:07:10+0200
f3d2edfa813e6365,auto-464e99b7c589,hoenir@5907a3b,hoenir,5907a3b,skadi@821d792,skadi,821d792,sprint,all_official,1,0,rating,b,b,0.0,titanium_collected,1000,,16,10,7,7,16,120,5,10,ok,,6.489,n-62-29-21,29052882,2026-08-08T18:06:43+0200
f3d79ff9d845a7a1,auto-464e99b7c589,hoenir@5907a3b,hoenir,5907a3b,skadi@6a2af02,skadi,6a2af02,hive,all_official,1,0,rating,b,b,0.0,core_destroyed,123,,7,280,7,22,39,510,7,27,ok,,4.482,n-62-28-31,29052882,2026-08-08T18:07:23+0200
f3e8f1d4bd7aab29,auto-464e99b7c589,forseti@37dc858,forseti,37dc858,hoenir@5907a3b,hoenir,5907a3b,drumlin,all_official,1,0,rating,b,b,0.0,core_destroyed,55,,8,170,7,18,28,350,7,18,ok,,2.981,n-62-11-55,29052882,2026-08-08T18:05:01+0200
f3f4ebef5cd572e1,auto-464e99b7c589,hoenir@5907a3b,hoenir,5907a3b,pantheon_replica_day3@aa8bae0,pantheon_replica_day3,aa8bae0,pinch,all_official,1,0,rating,a,a,1.0,titanium_collected,1000,,16,130,7,6,19,0,9,2,ok,,7.143,n-62-30-25,29052882,2026-08-08T18:06:30+0200
f415f678360842ad,auto-464e99b7c589,hoenir@5907a3b,hoenir,5907a3b,hodr@ea88247,hodr,ea88247,runestone,all_official,1,0,rating,a,a,1.0,core_destroyed,221,,19,360,8,14,10,70,8,5,ok,,4.705,n-62-21-56,29052882,2026-08-08T18:05:10+0200
f4205e874586ccea,auto-464e99b7c589,steward_hardened_reinforced@deba9ec,steward_hardened_reinforced,deba9ec,hoenir@5907a3b,hoenir,5907a3b,fjord,all_official,1,0,rating,b,b,0.0,core_destroyed,62,,22,270,10,14,8,330,7,18,ok,,4.616,n-62-29-16,29052882,2026-08-08T18:07:48+0200
f4329a6915cd846a,auto-464e99b7c589,jotunn@6b39ebb,jotunn,6b39ebb,hoenir@5907a3b,hoenir,5907a3b,lighthouse,all_official,1,0,rating,b,b,0.0,core_destroyed,101,,24,270,10,13,24,780,10,28,ok,,4.702,n-62-28-33,29052882,2026-08-08T18:07:10+0200
f43f83505bfda851,auto-464e99b7c589,hoenir@5907a3b,hoenir,5907a3b,bifrost@c70c467,bifrost,c70c467,runestone,all_official,1,0,rating,a,a,1.0,core_destroyed,337,,10,60,8,8,10,270,7,5,ok,,6.451,n-62-29-13,29052882,2026-08-08T18:04:42+0200
f45288fe0fcade5b,auto-464e99b7c589,hoenir@5907a3b,hoenir,5907a3b,snotra@34b0ce8,snotra,34b0ce8,hive,all_official,1,0,rating,b,b,0.0,core_destroyed,265,,9,640,6,17,9,720,9,14,ok,,6.053,n-62-29-5,29052882,2026-08-08T18:07:05+0200
f475a35c918f970f,auto-464e99b7c589,hoenir@5907a3b,hoenir,5907a3b,gefjon@f66a427,gefjon,f66a427,lighthouse,all_official,1,0,rating,a,a,1.0,titanium_collected,1000,,16,580,7,10,19,440,7,9,ok,,11.771,n-62-21-17,29052882,2026-08-08T18:06:35+0200
f483ce0e9a7d8fec,auto-464e99b7c589,hoenir@5907a3b,hoenir,5907a3b,jonbot_190003d@90fc9f3,jonbot_190003d,90fc9f3,crossfire,all_official,1,0,rating,a,a,1.0,core_destroyed,66,,20,280,7,21,253,150,7,4,ok,,3.072,n-62-11-64,29052882,2026-08-08T18:05:29+0200
f48466b6c3c4814f,auto-464e99b7c589,sif@3fc5cd8,sif,3fc5cd8,hoenir@5907a3b,hoenir,5907a3b,strait,all_official,1,0,rating,a,a,1.0,core_destroyed,92,,28,420,10,13,12,260,6,13,ok,,4.031,n-62-31-10,29052882,2026-08-08T18:06:48+0200
f497b3e5b8435062,auto-464e99b7c589,hoenir@5907a3b,hoenir,5907a3b,pantheon_replica_day3@aa8bae0,pantheon_replica_day3,aa8bae0,saga,all_official,1,0,rating,b,b,0.0,titanium_collected,1000,,17,200,7,17,16,310,10,2,ok,,10.398,n-62-30-24,29052882,2026-08-08T18:06:19+0200
f4bc0f56864cf9c9,auto-464e99b7c589,hoenir@5907a3b,hoenir,5907a3b,skadi@aad5f44,skadi,aad5f44,strait,all_official,1,0,rating,a,a,1.0,core_destroyed,252,,91,1750,14,35,70,1610,9,32,ok,,6.951,n-62-31-21,29052882,2026-08-08T18:07:25+0200
f4c0a4936225223e,auto-464e99b7c589,hodr@ea88247,hodr,ea88247,hoenir@5907a3b,hoenir,5907a3b,string,all_official,1,0,rating,a,a,1.0,core_destroyed,832,,67,2530,7,7,43,2090,9,7,ok,,20.508,n-62-21-59,29052882,2026-08-08T18:05:00+0200
f4d892efedbc89f7,auto-464e99b7c589,hoenir@5907a3b,hoenir,5907a3b,freyr@c2c0d3d,freyr,c2c0d3d,fjord,all_official,1,0,rating,a,a,1.0,core_destroyed,64,,49,420,8,18,17,390,9,14,ok,,3.548,n-62-12-7,29052882,2026-08-08T18:05:02+0200
f52f4f9249ee5814,auto-464e99b7c589,snotra_h@4437c29,snotra_h,4437c29,hoenir@5907a3b,hoenir,5907a3b,eider,all_official,1,0,rating,a,a,1.0,core_destroyed,117,,25,760,10,17,10,610,6,14,ok,,4.542,n-62-31-22,29052882,2026-08-08T18:06:59+0200
f535ceb4762b29bf,auto-464e99b7c589,freyr@c2c0d3d,freyr,c2c0d3d,hoenir@5907a3b,hoenir,5907a3b,longship,all_official,1,0,rating,b,b,0.0,core_destroyed,713,,9,1760,8,11,8,1760,6,12,ok,,5.583,n-62-12-5,29052882,2026-08-08T18:05:47+0200
f547fe6b8a08a189,auto-464e99b7c589,hoenir@5907a3b,hoenir,5907a3b,gobbleglitch@6cdc440,gobbleglitch,6cdc440,nordkap,all_official,1,0,rating,a,a,1.0,core_destroyed,101,,9,230,9,8,59,0,8,7,ok,,2.685,n-62-12-64,29052882,2026-08-08T18:04:59+0200
f556ddd092c9b114,auto-464e99b7c589,pantheon_replica_day3@aa8bae0,pantheon_replica_day3,aa8bae0,hoenir@5907a3b,hoenir,5907a3b,fjord,all_official,1,0,rating,b,b,0.0,core_destroyed,46,,31,230,8,20,8,270,7,17,ok,,3.108,n-62-29-5,29052882,2026-08-08T18:06:26+0200
f5a246d17e6549ec,auto-464e99b7c589,hoenir@5907a3b,hoenir,5907a3b,magni@3677a66,magni,3677a66,saga,all_official,1,0,rating,b,b,0.0,core_destroyed,79,,8,250,8,28,9,360,8,23,ok,,4.431,n-62-21-89,29052882,2026-08-08T18:06:01+0200
f5b1553e2183d6a7,auto-464e99b7c589,snotra@34b0ce8,snotra,34b0ce8,hoenir@5907a3b,hoenir,5907a3b,sprint,all_official,1,0,rating,b,b,0.0,core_destroyed,187,,7,20,7,4,17,440,6,6,ok,,3.665,n-62-30-25,29052882,2026-08-08T18:06:57+0200
f5b5c7123f091369,auto-464e99b7c589,hoenir@5907a3b,hoenir,5907a3b,jonbot@90fc9f3,jonbot,90fc9f3,vase,all_official,1,0,rating,a,a,1.0,core_destroyed,80,,14,160,6,14,246,0,5,4,ok,,2.732,n-62-11-62,29052882,2026-08-08T18:06:03+0200
f5c118c149a888db,auto-464e99b7c589,hoenir@5907a3b,hoenir,5907a3b,loki@832c68a,loki,832c68a,pinch,all_official,1,0,rating,a,a,1.0,core_destroyed,165,,9,390,8,12,13,160,8,4,ok,,3.413,n-62-30-25,29052882,2026-08-08T18:06:12+0200
f5c93d3910d801e8,auto-464e99b7c589,hoenir@5907a3b,hoenir,5907a3b,spar_sniper@aa24129,spar_sniper,aa24129,heart,all_official,1,0,rating,b,b,0.0,core_destroyed,421,,10,0,8,2,8,40,6,6,ok,,5.826,n-62-21-97,29052882,2026-08-08T18:07:28+0200
f5e4ebbff4128e44,auto-464e99b7c589,magni@3677a66,magni,3677a66,hoenir@5907a3b,hoenir,5907a3b,moonrise,all_official,1,0,rating,a,a,1.0,core_destroyed,114,,12,500,7,14,4,70,6,6,ok,,3.334,n-62-11-58,29052882,2026-08-08T18:06:04+0200
f617a4e2b069226c,auto-464e99b7c589,odin@38e1456,odin,38e1456,hoenir@5907a3b,hoenir,5907a3b,pinch,all_official,1,0,rating,b,b,0.0,core_destroyed,169,,31,860,9,19,61,1420,13,52,ok,,6.139,n-62-31-10,29052882,2026-08-08T18:06:28+0200
f6182d1e4cb66f06,auto-464e99b7c589,hoenir@5907a3b,hoenir,5907a3b,steward_hardened_reinforced@672ee02,steward_hardened_reinforced,672ee02,atoll,all_official,1,0,rating,a,a,1.0,core_destroyed,84,,28,370,7,18,14,360,11,8,ok,,3.796,n-62-31-21,29052882,2026-08-08T18:07:22+0200
f6189b55a0ac0e35,auto-464e99b7c589,hoenir@5907a3b,hoenir,5907a3b,audhumla@a7faecd,audhumla,a7faecd,meander,all_official,1,0,rating,b,b,0.0,core_destroyed,100,,10,140,6,12,55,770,8,41,ok,,3.906,n-62-11-68,29052882,2026-08-08T18:05:52+0200
f61fa9b70bedb67f,auto-464e99b7c589,hoenir@5907a3b,hoenir,5907a3b,prospect_rushonly@bf9b3e3,prospect_rushonly,bf9b3e3,lighthouse,all_official,1,0,rating,a,a,1.0,core_destroyed,88,,39,360,7,12,49,50,7,5,ok,,3.737,n-62-31-16,29052882,2026-08-08T18:06:47+0200
f6850fc6226cf98c,auto-464e99b7c589,loki@9ac8974,loki,9ac8974,hoenir@5907a3b,hoenir,5907a3b,skerry,all_official,1,0,rating,b,b,0.0,core_destroyed,60,,18,260,8,7,29,260,8,11,ok,,3.909,n-62-31-19,29052882,2026-08-08T18:05:55+0200
f6ce559fabd7c801,auto-464e99b7c589,janus@8a1e7a1,janus,8a1e7a1,hoenir@5907a3b,hoenir,5907a3b,skerry,all_official,1,0,rating,b,b,0.0,core_destroyed,142,,8,210,7,3,8,450,8,8,ok,,3.268,n-62-31-21,29052882,2026-08-08T18:05:51+0200
f6d31242f6c19f02,auto-464e99b7c589,sif@3fc5cd8,sif,3fc5cd8,hoenir@5907a3b,hoenir,5907a3b,fjordgate,all_official,1,0,rating,a,a,1.0,core_destroyed,174,,19,1190,11,19,8,330,2,10,ok,,4.949,n-62-21-92,29052882,2026-08-08T18:06:32+0200
f6f20d02afa9ca99,auto-464e99b7c589,njord@f66a427,njord,f66a427,hoenir@5907a3b,hoenir,5907a3b,twins,all_official,1,0,rating,b,b,0.0,core_destroyed,253,,9,150,9,3,10,600,8,14,ok,,4.851,n-62-11-63,29052882,2026-08-08T18:06:16+0200
f72ec82ceeb68d7b,auto-464e99b7c589,maporacle@38e1456,maporacle,38e1456,hoenir@5907a3b,hoenir,5907a3b,hive,all_official,1,0,rating,b,b,0.0,core_destroyed,135,,10,380,9,32,101,1020,11,42,ok,,5.562,n-62-12-2,29052882,2026-08-08T18:05:52+0200
f740be6699eb1f61,auto-464e99b7c589,hoenir@5907a3b,hoenir,5907a3b,spork@05ab6a2,spork,05ab6a2,fjordgate,all_official,1,0,rating,a,a,1.0,core_destroyed,353,,9,30,4,10,10,30,6,3,ok,,3.997,n-62-11-51,29052882,2026-08-08T18:07:02+0200
f74ab0eb2d068d42,auto-464e99b7c589,hoenir@5907a3b,hoenir,5907a3b,steward_hardened_reinforced@cdc552f,steward_hardened_reinforced,cdc552f,nordkap,all_official,1,0,rating,a,a,1.0,core_destroyed,45,,10,90,5,4,7,0,8,7,ok,,3.02,n-62-29-15,29052882,2026-08-08T18:07:49+0200
f753d1407c3c66fe,auto-464e99b7c589,skadi@6a2af02,skadi,6a2af02,hoenir@5907a3b,hoenir,5907a3b,archipelago,all_official,1,0,rating,a,a,1.0,core_destroyed,98,,45,850,10,29,185,1090,11,28,ok,,5.059,n-62-21-89,29052882,2026-08-08T18:07:00+0200
f761bab2f0b576c2,auto-464e99b7c589,odin@93e46da,odin,93e46da,hoenir@5907a3b,hoenir,5907a3b,snowflake,all_official,1,0,rating,a,a,1.0,core_destroyed,69,,10,430,9,21,26,150,10,10,ok,,3.746,n-62-29-13,29052882,2026-08-08T18:06:24+0200
f772a8d451c458da,auto-464e99b7c589,hoenir@5907a3b,hoenir,5907a3b,janus@8a1e7a1,janus,8a1e7a1,runestone,all_official,1,0,rating,a,a,1.0,core_destroyed,201,,10,470,8,12,9,80,9,1,ok,,3.762,n-62-31-21,29052882,2026-08-08T18:05:25+0200
f7795a47bd807d4d,auto-464e99b7c589,pantheon_replica_day3@aa8bae0,pantheon_replica_day3,aa8bae0,hoenir@5907a3b,hoenir,5907a3b,skerry,all_official,1,0,rating,b,b,0.0,core_destroyed,46,,10,210,9,11,18,190,9,9,ok,,3.636,n-62-30-24,29052882,2026-08-08T18:06:41+0200
f789169f3c947dbc,auto-464e99b7c589,jonbot_190003d@90fc9f3,jonbot_190003d,90fc9f3,hoenir@5907a3b,hoenir,5907a3b,bridge,all_official,1,0,rating,b,b,0.0,core_destroyed,157,,534,0,4,5,10,0,9,9,ok,,3.939,n-62-11-64,29052882,2026-08-08T18:05:25+0200
f79316d26ca356ce,auto-464e99b7c589,hoenir@5907a3b,hoenir,5907a3b,freyr@c2c0d3d,freyr,c2c0d3d,atoll,all_official,1,0,rating,a,a,1.0,core_destroyed,79,,9,340,8,22,5,250,10,7,ok,,4.277,n-62-21-90,29052882,2026-08-08T18:04:49+0200
f7954aaf066cca07,auto-464e99b7c589,hoenir@5907a3b,hoenir,5907a3b,ragnarok_fair@79582fc,ragnarok_fair,79582fc,drumlin,all_official,1,0,rating,a,a,1.0,core_destroyed,57,,18,360,7,22,10,210,8,17,ok,,2.891,n-62-11-52,29052882,2026-08-08T18:07:09+0200
f7dd4214f72a82da,auto-464e99b7c589,mimir@cfc1ec4,mimir,cfc1ec4,hoenir@5907a3b,hoenir,5907a3b,drumlin,all_official,1,0,rating,b,b,0.0,core_destroyed,55,,8,170,7,18,28,350,7,18,ok,,3.373,n-62-21-4,29052882,2026-08-08T18:06:10+0200
f7de267b37793a7c,auto-464e99b7c589,hoenir@5907a3b,hoenir,5907a3b,maporacle@38e1456,maporacle,38e1456,showdown,all_official,1,0,rating,a,a,1.0,core_destroyed,185,,9,70,8,7,10,0,8,3,ok,,4.4,n-62-21-1,29052882,2026-08-08T18:05:57+0200
f7ee97184f23038d,auto-464e99b7c589,jonbot@90fc9f3,jonbot,90fc9f3,hoenir@5907a3b,hoenir,5907a3b,skerry,all_official,1,0,rating,b,b,0.0,core_destroyed,85,,45,0,9,6,10,380,8,11,ok,,4.004,n-62-11-66,29052882,2026-08-08T18:05:47+0200
f7f337f184b43a69,auto-464e99b7c589,hodr@ea88247,hodr,ea88247,hoenir@5907a3b,hoenir,5907a3b,eider,all_official,1,0,rating,a,a,1.0,core_destroyed,109,,9,660,9,18,34,680,7,15,ok,,4.791,n-62-21-54,29052882,2026-08-08T18:04:44+0200
f7f37b39bc3293cd,auto-464e99b7c589,jotunn@6b39ebb,jotunn,6b39ebb,hoenir@5907a3b,hoenir,5907a3b,longship,all_official,1,0,rating,b,b,0.0,core_destroyed,702,,142,2870,7,16,92,6450,21,34,ok,,31.881,n-62-28-33,29052882,2026-08-08T18:07:48+0200
f808cc9b20e068cd,auto-464e99b7c589,hoenir@5907a3b,hoenir,5907a3b,lockin@90fc9f3,lockin,90fc9f3,moonrise,all_official,1,0,rating,a,a,1.0,core_destroyed,37,,10,70,7,11,590,0,0,0,ok,,1.795,n-62-29-9,29052882,2026-08-08T18:05:51+0200
f82246a9a6548c64,auto-464e99b7c589,spar_sniper@aa24129,spar_sniper,aa24129,hoenir@5907a3b,hoenir,5907a3b,showdown,all_official,1,0,rating,a,a,1.0,core_destroyed,329,,9,210,8,8,10,170,4,7,ok,,4.2,n-62-31-19,29052882,2026-08-08T18:07:04+0200
f82950f577cb9a3a,auto-464e99b7c589,hoenir@5907a3b,hoenir,5907a3b,fenrir2@6b39ebb,fenrir2,6b39ebb,hive,all_official,1,0,rating,b,b,0.0,core_destroyed,227,,45,720,9,47,17,860,8,56,ok,,7.058,n-62-31-13,29052882,2026-08-08T18:04:43+0200
f82c935011fcde47,auto-464e99b7c589,hoenir@5907a3b,hoenir,5907a3b,maporacle@38e1456,maporacle,38e1456,runestone,all_official,1,0,rating,a,a,1.0,core_destroyed,139,,10,320,8,8,7,70,9,5,ok,,4.578,n-62-21-1,29052882,2026-08-08T18:05:36+0200
f83516d0e0cd5fc2,auto-464e99b7c589,snotra@34b0ce8,snotra,34b0ce8,hoenir@5907a3b,hoenir,5907a3b,crossfire,all_official,1,0,rating,a,a,1.0,core_destroyed,313,,9,350,7,7,9,140,9,3,ok,,3.973,n-62-29-29,29052882,2026-08-08T18:06:48+0200
f84fe4b08daeaa27,auto-464e99b7c589,freyr@c2c0d3d,freyr,c2c0d3d,hoenir@5907a3b,hoenir,5907a3b,antler,all_official,1,0,rating,a,a,1.0,core_destroyed,104,,28,660,5,12,16,470,8,12,ok,,3.383,n-62-21-89,29052882,2026-08-08T18:05:35+0200
f8834cced6ec5b32,auto-464e99b7c589,sif@3fc5cd8,sif,3fc5cd8,hoenir@5907a3b,hoenir,5907a3b,vault,all_official,1,0,rating,b,b,0.0,core_destroyed,190,,8,880,10,17,16,910,8,19,ok,,5.436,n-62-31-11,29052882,2026-08-08T18:07:06+0200
f88d78f4cc9a3113,auto-464e99b7c589,spar_sniper@aa24129,spar_sniper,aa24129,hoenir@5907a3b,hoenir,5907a3b,nordkap,all_official,1,0,rating,b,b,0.0,core_destroyed,145,,9,80,8,1,9,320,7,5,ok,,4.466,n-62-31-16,29052882,2026-08-08T18:07:10+0200
f8b08ed26b421678,auto-464e99b7c589,hoenir@5907a3b,hoenir,5907a3b,spar_mender@7ed1acc,spar_mender,7ed1acc,string,all_official,1,0,rating,a,a,1.0,core_destroyed,154,,28,730,10,19,44,320,3,1,ok,,3.939,n-62-11-62,29052882,2026-08-08T18:07:38+0200
f8b276b7a260b8a0,auto-464e99b7c589,njord@f66a427,njord,f66a427,hoenir@5907a3b,hoenir,5907a3b,antler,all_official,1,0,rating,a,a,1.0,core_destroyed,104,,28,660,5,12,16,470,8,12,ok,,3.655,n-62-11-67,29052882,2026-08-08T18:06:05+0200
f8cbcd302789ccf0,auto-464e99b7c589,bifrost@c70c467,bifrost,c70c467,hoenir@5907a3b,hoenir,5907a3b,showdown,all_official,1,0,rating,a,a,1.0,core_destroyed,466,,8,1120,6,17,8,740,6,7,ok,,4.047,n-62-29-13,29052882,2026-08-08T18:05:07+0200
f8cdf23d69e79669,auto-464e99b7c589,hoenir@5907a3b,hoenir,5907a3b,steward_hardened_reinforced@a994296,steward_hardened_reinforced,a994296,aurora,all_official,1,0,rating,a,a,1.0,core_destroyed,140,,19,640,8,19,16,60,8,15,ok,,5.447,n-62-11-61,29052882,2026-08-08T18:07:27+0200
f8d0b9e368d239af,auto-464e99b7c589,gefn@46ac5e6,gefn,46ac5e6,hoenir@5907a3b,hoenir,5907a3b,lighthouse,all_official,1,0,rating,a,a,1.0,titanium_collected,1000,,16,440,8,10,20,230,7,11,ok,,8.735,n-62-21-13,29052882,2026-08-08T18:05:27+0200
f8d4d7164a8687fe,auto-464e99b7c589,hoenir@5907a3b,hoenir,5907a3b,bastion@840a180,bastion,840a180,nordkap,all_official,1,0,rating,a,a,1.0,core_destroyed,45,,9,90,8,5,22,160,7,11,ok,,3.179,n-62-31-10,29052882,2026-08-08T18:05:10+0200
f8d80b023474bba6,auto-464e99b7c589,hoenir@5907a3b,hoenir,5907a3b,janus@8a1e7a1,janus,8a1e7a1,strait,all_official,1,0,rating,a,a,1.0,core_destroyed,200,,19,480,8,11,16,150,8,1,ok,,4.585,n-62-31-24,29052882,2026-08-08T18:05:32+0200
f8da937d35603d3d,auto-464e99b7c589,skadi@6a2af02,skadi,6a2af02,hoenir@5907a3b,hoenir,5907a3b,drumlin,all_official,1,0,rating,b,b,0.0,core_destroyed,64,,18,250,8,22,29,510,8,26,ok,,3.628,n-62-12-7,29052882,2026-08-08T18:07:26+0200
f8e7d1b6f8ec0627,auto-464e99b7c589,forseti@37dc858,forseti,37dc858,hoenir@5907a3b,hoenir,5907a3b,runestone,all_official,1,0,rating,a,a,1.0,core_destroyed,109,,9,240,7,15,28,240,7,15,ok,,3.536,n-62-11-51,29052882,2026-08-08T18:05:02+0200
f95b3286a00a1d04,auto-464e99b7c589,gobbleglitch@6cdc440,gobbleglitch,6cdc440,hoenir@5907a3b,hoenir,5907a3b,twins,all_official,1,0,rating,b,b,0.0,titanium_collected,1000,,62,90,8,9,29,2470,8,13,ok,,11.446,n-62-21-62,29052882,2026-08-08T18:05:07+0200
f974b43196343523,auto-464e99b7c589,spar_mender@d5b46bc,spar_mender,d5b46bc,hoenir@5907a3b,hoenir,5907a3b,pinch,all_official,1,0,rating,b,b,0.0,core_destroyed,106,,8,0,6,2,33,830,9,26,ok,,4.174,n-62-21-92,29052882,2026-08-08T18:07:40+0200
f99154bba7f20181,auto-464e99b7c589,maporacle@38e1456,maporacle,38e1456,hoenir@5907a3b,hoenir,5907a3b,aurora,all_official,1,0,rating,b,b,0.0,core_destroyed,113,,41,260,6,23,68,700,8,28,ok,,4.849,n-62-12-5,29052882,2026-08-08T18:05:57+0200
f9958536ccc42e09,auto-464e99b7c589,prospect@bf9b3e3,prospect,bf9b3e3,hoenir@5907a3b,hoenir,5907a3b,antler,all_official,1,0,rating,b,b,0.0,core_destroyed,71,,9,300,7,8,6,300,7,9,ok,,3.031,n-62-31-4,29052882,2026-08-08T18:06:25+0200
f9af9cd8dc796af5,auto-464e99b7c589,hoenir@5907a3b,hoenir,5907a3b,heimdall@daf0de0,heimdall,daf0de0,vase,all_official,1,0,rating,a,a,1.0,core_destroyed,119,,37,260,9,7,10,100,8,5,ok,,4.565,n-62-21-52,29052882,2026-08-08T18:04:40+0200
f9d1d945794f65f7,auto-464e99b7c589,hoenir@5907a3b,hoenir,5907a3b,magni@3677a66,magni,3677a66,sweden,all_official,1,0,rating,a,a,1.0,core_destroyed,318,,60,760,12,14,74,150,9,10,ok,,9.96,n-62-12-7,29052882,2026-08-08T18:05:40+0200
f9d3b0846f9165bf,auto-464e99b7c589,odin@93e46da,odin,93e46da,hoenir@5907a3b,hoenir,5907a3b,eider,all_official,1,0,rating,b,b,0.0,core_destroyed,80,,40,180,5,7,19,340,5,11,ok,,3.563,n-62-28-31,29052882,2026-08-08T18:06:08+0200
f9f3c40e4cf1c375,auto-464e99b7c589,ragnarok_fair@79582fc,ragnarok_fair,79582fc,hoenir@5907a3b,hoenir,5907a3b,sprint,all_official,1,0,rating,b,b,0.0,core_destroyed,153,,10,0,7,1,9,50,6,12,ok,,2.643,n-62-11-62,29052882,2026-08-08T18:06:46+0200
fa0a70819b68a991,auto-464e99b7c589,hoenir@5907a3b,hoenir,5907a3b,odin@93e46da,odin,93e46da,drumlin,all_official,1,0,rating,a,a,1.0,core_destroyed,64,,29,480,9,23,20,230,9,25,ok,,3.499,n-62-28-28,29052882,2026-08-08T18:06:40+0200
fa0f8e6db34fb27a,auto-464e99b7c589,hoenir@5907a3b,hoenir,5907a3b,bastion@840a180,bastion,840a180,saga,all_official,1,0,rating,a,a,1.0,core_destroyed,94,,9,330,9,30,11,410,9,31,ok,,4.885,n-62-31-11,29052882,2026-08-08T18:05:17+0200
fa237baed4027d91,auto-464e99b7c589,forseti@37dc858,forseti,37dc858,hoenir@5907a3b,hoenir,5907a3b,vase,all_official,1,0,rating,b,b,0.0,core_destroyed,48,,60,0,8,5,20,80,5,12,ok,,3.691,n-62-21-89,29052882,2026-08-08T18:05:16+0200
fa3938b60c5d34fa,auto-464e99b7c589,fulla@ec5aa19,fulla,ec5aa19,hoenir@5907a3b,hoenir,5907a3b,heart,all_official,1,0,rating,a,a,1.0,core_destroyed,175,,13,390,7,12,7,0,7,6,ok,,4.148,n-62-21-2,29052882,2026-08-08T18:05:14+0200
fa41da8127bc503a,auto-464e99b7c589,steward_hardened_reinforced@c04e46e,steward_hardened_reinforced,c04e46e,hoenir@5907a3b,hoenir,5907a3b,heart,all_official,1,0,rating,b,b,0.0,core_destroyed,485,,10,0,8,2,9,40,6,8,ok,,5.165,n-62-31-9,29052882,2026-08-08T18:07:48+0200
fa5066f93c922806,auto-464e99b7c589,spork@05ab6a2,spork,05ab6a2,hoenir@5907a3b,hoenir,5907a3b,snowflake,all_official,1,0,rating,b,b,0.0,core_destroyed,69,,45,410,8,25,9,150,8,11,ok,,3.941,n-62-21-90,29052882,2026-08-08T18:07:07+0200
fa55d2aa6994bdba,auto-464e99b7c589,hoenir@5907a3b,hoenir,5907a3b,sif@3fc5cd8,sif,3fc5cd8,pinch,all_official,1,0,rating,b,b,0.0,core_destroyed,122,,89,470,8,9,18,570,8,35,ok,,3.861,n-62-11-50,29052882,2026-08-08T18:07:00+0200
fa58ac13454d3060,auto-464e99b7c589,hoenir@5907a3b,hoenir,5907a3b,sif@3fc5cd8,sif,3fc5cd8,saga,all_official,1,0,rating,a,a,1.0,core_destroyed,93,,25,390,8,31,41,400,8,35,ok,,3.924,n-62-31-9,29052882,2026-08-08T18:06:43+0200
fa5dd974100b35c1,auto-464e99b7c589,hoenir@5907a3b,hoenir,5907a3b,bastion@840a180,bastion,840a180,heart,all_official,1,0,rating,a,a,1.0,core_destroyed,105,,9,70,6,7,10,0,8,4,ok,,3.246,n-62-31-9,29052882,2026-08-08T18:04:54+0200
fa88bcae511696c0,auto-464e99b7c589,hoenir@5907a3b,hoenir,5907a3b,bastion@840a180,bastion,840a180,twins,all_official,1,0,rating,a,a,1.0,core_destroyed,68,,19,170,7,11,41,130,8,7,ok,,3.81,n-62-21-97,29052882,2026-08-08T18:04:49+0200
faace52039299ba4,auto-464e99b7c589,hoenir@5907a3b,hoenir,5907a3b,steward_hardened_reinforced@366cd1b,steward_hardened_reinforced,366cd1b,lighthouse,all_official,1,0,rating,b,b,0.0,core_destroyed,161,,7,390,8,7,20,740,7,14,ok,,3.607,n-62-29-21,29052882,2026-08-08T18:07:10+0200
fac92cf8819cb51e,auto-464e99b7c589,hoenir@5907a3b,hoenir,5907a3b,forseti@37dc858,forseti,37dc858,vase,all_official,1,0,rating,a,a,1.0,core_destroyed,255,,10,0,7,7,45,110,8,5,ok,,7.034,n-62-21-89,29052882,2026-08-08T18:05:12+0200
fafe9731c0f6ad29,auto-464e99b7c589,audhumla@a7faecd,audhumla,a7faecd,hoenir@5907a3b,hoenir,5907a3b,string,all_official,1,0,rating,b,b,0.0,core_destroyed,197,,91,480,4,5,54,1270,13,17,ok,,7.388,n-62-11-63,29052882,2026-08-08T18:04:59+0200
fb2d382d1be23ea2,auto-464e99b7c589,hoenir@5907a3b,hoenir,5907a3b,spar_sniper@aa24129,spar_sniper,aa24129,vault,all_official,1,0,rating,a,a,1.0,core_destroyed,77,,20,330,9,26,64,340,13,9,ok,,4.624,n-62-11-52,29052882,2026-08-08T18:07:46+0200
fbb1f9618e01fcd8,auto-464e99b7c589,spar_mender@7ed1acc,spar_mender,7ed1acc,hoenir@5907a3b,hoenir,5907a3b,skerry,all_official,1,0,rating,b,b,0.0,core_destroyed,63,,84,270,10,16,60,360,7,22,ok,,3.524,n-62-11-62,29052882,2026-08-08T18:06:56+0200
fbc08434be10ed5c,auto-464e99b7c589,jonbot_190003d@90fc9f3,jonbot_190003d,90fc9f3,hoenir@5907a3b,hoenir,5907a3b,string,all_official,1,0,rating,b,b,0.0,core_destroyed,110,,346,0,3,5,20,270,8,11,ok,,3.055,n-62-31-11,29052882,2026-08-08T18:06:09+0200
fbd9c3ca85839db7,auto-464e99b7c589,gobbleglitch@6cdc440,gobbleglitch,6cdc440,hoenir@5907a3b,hoenir,5907a3b,atoll,all_official,1,0,rating,b,b,0.0,core_destroyed,58,,58,0,8,0,18,240,9,8,ok,,3.189,n-62-21-23,29052882,2026-08-08T18:05:14+0200
fbef00bd8e0a3508,auto-464e99b7c589,e_t4l7@9e77076,e_t4l7,9e77076,hoenir@5907a3b,hoenir,5907a3b,hive,all_official,1,0,rating,b,b,0.0,titanium_collected,1000,,667,480,5,12,18,2480,9,23,ok,,11.217,n-62-30-23,29052882,2026-08-08T18:05:22+0200
fbfa46456e393bad,auto-464e99b7c589,hoenir@5907a3b,hoenir,5907a3b,prospect_rushonly@bf9b3e3,prospect_rushonly,bf9b3e3,atoll,all_official,1,0,rating,b,b,0.0,core_destroyed,57,,7,230,8,16,9,230,8,12,ok,,3.362,n-62-31-24,29052882,2026-08-08T18:06:24+0200
fc014e3a2c5e684b,auto-464e99b7c589,skadi@1e4eddf,skadi,1e4eddf,hoenir@5907a3b,hoenir,5907a3b,bridge,all_official,1,0,rating,b,b,0.0,core_destroyed,797,,111,0,8,4,96,0,10,10,ok,,13.594,n-62-21-97,29052882,2026-08-08T18:07:22+0200
fc3b39db1a52fa06,auto-464e99b7c589,steward_hardened_reinforced@f1f2bda,steward_hardened_reinforced,f1f2bda,hoenir@5907a3b,hoenir,5907a3b,meander,all_official,1,0,rating,b,b,0.0,core_destroyed,86,,208,70,5,9,10,180,7,14,ok,,2.876,n-62-29-34,29052882,2026-08-08T18:07:52+0200
fc6763dc1fcf693a,auto-464e99b7c589,forseti@37dc858,forseti,37dc858,hoenir@5907a3b,hoenir,5907a3b,crossfire,all_official,1,0,rating,a,a,1.0,core_destroyed,56,,24,130,7,5,16,120,9,4,ok,,2.988,n-62-11-55,29052882,2026-08-08T18:04:55+0200
fc913ba5c5b45642,auto-464e99b7c589,steward_hardened_reinforced@04300bf,steward_hardened_reinforced,04300bf,hoenir@5907a3b,hoenir,5907a3b,saga,all_official,1,0,rating,a,a,1.0,core_destroyed,117,,18,450,9,24,10,510,7,26,ok,,4.989,n-62-12-1,29052882,2026-08-08T18:07:13+0200
fc9e2c1034571fcb,auto-464e99b7c589,sif@3fc5cd8,sif,3fc5cd8,hoenir@5907a3b,hoenir,5907a3b,aurora,all_official,1,0,rating,a,a,1.0,core_destroyed,81,,9,360,10,21,249,450,6,21,ok,,3.963,n-62-11-63,29052882,2026-08-08T18:06:48+0200
fcafdc18e7ef500e,auto-464e99b7c589,hoenir@5907a3b,hoenir,5907a3b,pantheon_replica_day3@aa8bae0,pantheon_replica_day3,aa8bae0,fjordgate,all_official,1,0,rating,a,a,1.0,core_destroyed,189,,8,0,7,5,10,0,5,1,ok,,3.193,n-62-29-5,29052882,2026-08-08T18:06:30+0200
fcb9d7fd26bd6113,auto-464e99b7c589,hoenir@5907a3b,hoenir,5907a3b,gobbleglitch@6cdc440,gobbleglitch,6cdc440,eider,all_official,1,0,rating,a,a,1.0,core_destroyed,152,,45,360,8,6,66,30,9,3,ok,,3.422,n-62-13-6,29052882,2026-08-08T18:05:09+0200
fcdc174a2720a7a5,auto-464e99b7c589,steward_hardened_reinforced@366cd1b,steward_hardened_reinforced,366cd1b,hoenir@5907a3b,hoenir,5907a3b,atoll,all_official,1,0,rating,a,a,1.0,core_destroyed,89,,8,390,8,16,7,240,9,3,ok,,3.824,n-62-21-2,29052882,2026-08-08T18:07:39+0200
fd074f0c9ccfa08e,auto-464e99b7c589,jotunn@6b39ebb,jotunn,6b39ebb,hoenir@5907a3b,hoenir,5907a3b,archipelago,all_official,1,0,rating,b,b,0.0,core_destroyed,95,,18,690,12,32,213,1150,8,47,ok,,4.344,n-62-21-97,29052882,2026-08-08T18:05:28+0200
fd08f22ff1949b36,auto-464e99b7c589,hoenir@5907a3b,hoenir,5907a3b,casemate_oracle@90fc9f3,casemate_oracle,90fc9f3,antler,all_official,1,0,rating,a,a,1.0,core_destroyed,55,,10,290,7,22,230,0,4,7,ok,,2.97,n-62-29-16,29052882,2026-08-08T18:05:03+0200
fd0e35fd6d6db992,auto-464e99b7c589,snotra@34b0ce8,snotra,34b0ce8,hoenir@5907a3b,hoenir,5907a3b,saga,all_official,1,0,rating,a,a,1.0,core_destroyed,116,,18,440,9,24,20,510,7,26,ok,,5.498,n-62-31-4,29052882,2026-08-08T18:07:19+0200
fd2d4f045b286bd1,auto-464e99b7c589,hoenir@5907a3b,hoenir,5907a3b,loki@9ac8974,loki,9ac8974,archipelago,all_official,1,0,rating,b,b,0.0,core_destroyed,63,,100,450,7,26,10,360,7,24,ok,,3.449,n-62-31-20,29052882,2026-08-08T18:06:07+0200
fd3370a2862ab711,auto-464e99b7c589,pantheon_replica_day3@aa8bae0,pantheon_replica_day3,aa8bae0,hoenir@5907a3b,hoenir,5907a3b,eider,all_official,1,0,rating,b,b,0.0,core_destroyed,48,,18,90,8,7,19,180,6,13,ok,,3.011,n-62-29-5,29052882,2026-08-08T18:06:20+0200
fd494ed0d6b9b3d6,auto-464e99b7c589,hoenir@5907a3b,hoenir,5907a3b,casemate_oracle@90fc9f3,casemate_oracle,90fc9f3,jackpot,all_official,1,0,rating,a,a,1.0,core_destroyed,118,,10,530,9,20,390,0,3,5,ok,,5.059,n-62-29-9,29052882,2026-08-08T18:04:41+0200
fd4d05397a98bf66,auto-464e99b7c589,hoenir@5907a3b,hoenir,5907a3b,skadi@821d792,skadi,821d792,sweden,all_official,1,0,rating,a,a,1.0,core_destroyed,474,,17,1150,15,18,39,80,2,15,ok,,12.339,n-62-29-21,29052882,2026-08-08T18:07:28+0200
fd4f7d64d2c8eb3a,auto-464e99b7c589,bastion@840a180,bastion,840a180,hoenir@5907a3b,hoenir,5907a3b,quarry,all_official,1,0,rating,a,a,1.0,core_destroyed,86,,11,170,7,15,10,0,9,4,ok,,4.373,n-62-31-11,29052882,2026-08-08T18:05:03+0200
fd6b1b587159afd0,auto-464e99b7c589,hoenir@5907a3b,hoenir,5907a3b,prospect_rushonly@bf9b3e3,prospect_rushonly,bf9b3e3,strait,all_official,1,0,rating,a,a,1.0,core_destroyed,200,,19,480,8,11,16,150,8,1,ok,,4.814,n-62-11-67,29052882,2026-08-08T18:06:27+0200
fd83380bc5203167,auto-464e99b7c589,aegis@e55aab5,aegis,e55aab5,hoenir@5907a3b,hoenir,5907a3b,eider,all_official,1,0,rating,b,b,0.0,core_destroyed,39,,21,120,9,8,19,140,6,11,ok,,3.09,n-62-31-5,29052882,2026-08-08T18:05:04+0200
fd844f2d997676c4,auto-464e99b7c589,spar_mender@d5b46bc,spar_mender,d5b46bc,hoenir@5907a3b,hoenir,5907a3b,nordkap,all_official,1,0,rating,a,a,1.0,core_destroyed,163,,7,310,8,4,1,10,7,4,ok,,3.869,n-62-21-92,29052882,2026-08-08T18:07:31+0200
fda12bb88aaacc20,auto-464e99b7c589,odin@93e46da,odin,93e46da,hoenir@5907a3b,hoenir,5907a3b,quarry,all_official,1,0,rating,a,a,1.0,core_destroyed,115,,39,660,10,23,36,200,8,9,ok,,5.228,n-62-28-34,29052882,2026-08-08T18:06:31+0200
fda843782d3d0086,auto-464e99b7c589,magni@3677a66,magni,3677a66,hoenir@5907a3b,hoenir,5907a3b,nordkap,all_official,1,0,rating,b,b,0.0,core_destroyed,145,,9,80,8,1,9,320,7,5,ok,,3.652,n-62-11-58,29052882,2026-08-08T18:06:14+0200
fdb2bdf8e2db1287,auto-464e99b7c589,hoenir@5907a3b,hoenir,5907a3b,hodr@ea88247,hodr,ea88247,antler,all_official,1,0,rating,b,b,0.0,core_destroyed,56,,20,290,6,13,18,230,7,14,ok,,3.153,n-62-21-52,29052882,2026-08-08T18:05:05+0200
fddfbad91388ef1a,auto-464e99b7c589,odin@38e1456,odin,38e1456,hoenir@5907a3b,hoenir,5907a3b,saga,all_official,1,0,rating,b,b,0.0,core_destroyed,76,,51,510,8,41,44,290,7,30,ok,,4.009,n-62-31-11,29052882,2026-08-08T18:06:12+0200
fdf0c132ba75a87d,auto-464e99b7c589,hoenir@5907a3b,hoenir,5907a3b,spar_sniper@aa24129,spar_sniper,aa24129,vase,all_official,1,0,rating,a,a,1.0,core_destroyed,254,,10,0,7,7,45,110,8,5,ok,,6.133,n-62-11-52,29052882,2026-08-08T18:07:38+0200
fe185921d1e30455,auto-464e99b7c589,hoenir@5907a3b,hoenir,5907a3b,spar_mender@7ed1acc,spar_mender,7ed1acc,fjord,all_official,1,0,rating,a,a,1.0,core_destroyed,63,,20,410,9,22,110,410,9,15,ok,,4.414,n-62-31-14,29052882,2026-08-08T18:06:52+0200
fe6157405ab1f045,auto-464e99b7c589,hodr@ea88247,hodr,ea88247,hoenir@5907a3b,hoenir,5907a3b,aurora,all_official,1,0,rating,b,b,0.0,core_destroyed,65,,45,390,8,30,19,340,10,22,ok,,4.192,n-62-21-53,29052882,2026-08-08T18:04:45+0200
fe66314617170098,auto-464e99b7c589,skadi@aad5f44,skadi,aad5f44,hoenir@5907a3b,hoenir,5907a3b,jackpot,all_official,1,0,rating,a,a,1.0,titanium_collected,1000,,2579,6000,9,25,45,4910,20,19,ok,,29.923,n-62-31-5,29052882,2026-08-08T18:07:15+0200
fe6b973606aa3582,auto-464e99b7c589,prospect@bf9b3e3,prospect,bf9b3e3,hoenir@5907a3b,hoenir,5907a3b,vault,all_official,1,0,rating,a,a,1.0,core_destroyed,103,,9,450,10,9,43,470,8,18,ok,,4.919,n-62-31-14,29052882,2026-08-08T18:06:56+0200
fe8387fc0568adf4,auto-464e99b7c589,hoenir@5907a3b,hoenir,5907a3b,gefjon@f66a427,gefjon,f66a427,jackpot,all_official,1,0,rating,a,a,1.0,titanium_collected,1000,,238,4930,36,21,186,2690,26,30,ok,,62.478,n-62-21-17,29052882,2026-08-08T18:06:13+0200
feaefa3efcff7203,auto-464e99b7c589,hoenir@5907a3b,hoenir,5907a3b,gefn@46ac5e6,gefn,46ac5e6,crossfire,all_official,1,0,rating,a,a,1.0,core_destroyed,94,,8,220,7,5,8,140,9,2,ok,,3.272,n-62-21-7,29052882,2026-08-08T18:05:45+0200
feb8a9fa3c6bc011,auto-464e99b7c589,skadi@821d792,skadi,821d792,hoenir@5907a3b,hoenir,5907a3b,vault,all_official,1,0,rating,a,a,1.0,core_destroyed,85,,39,370,6,10,60,380,8,16,ok,,4.039,n-62-29-24,29052882,2026-08-08T18:07:00+0200
febe98cbb38b3f7a,auto-464e99b7c589,magni@3677a66,magni,3677a66,hoenir@5907a3b,hoenir,5907a3b,aurora,all_official,1,0,rating,b,b,0.0,core_destroyed,65,,45,390,8,30,19,340,10,22,ok,,3.69,n-62-11-52,29052882,2026-08-08T18:06:05+0200
fec82f7010c28384,auto-464e99b7c589,steward_hardened_reinforced@366cd1b,steward_hardened_reinforced,366cd1b,hoenir@5907a3b,hoenir,5907a3b,lighthouse,all_official,1,0,rating,b,b,0.0,core_destroyed,397,,10,440,8,7,9,230,7,9,ok,,4.871,n-62-29-21,29052882,2026-08-08T18:07:15+0200
fec9050b9fb474fe,auto-464e99b7c589,prospect@bf9b3e3,prospect,bf9b3e3,hoenir@5907a3b,hoenir,5907a3b,duel,all_official,1,0,rating,b,b,0.0,core_destroyed,49,,10,200,10,10,19,210,8,8,ok,,3.371,n-62-31-5,29052882,2026-08-08T18:06:38+0200
ff180963161455b0,auto-464e99b7c589,spar_mender@d5b46bc,spar_mender,d5b46bc,hoenir@5907a3b,hoenir,5907a3b,meander,all_official,1,0,rating,b,b,0.0,core_destroyed,705,,10,0,10,0,9,0,7,4,ok,,7.345,n-62-21-92,29052882,2026-08-08T18:07:10+0200
ff21335b463665c2,auto-464e99b7c589,mimir@cfc1ec4,mimir,cfc1ec4,hoenir@5907a3b,hoenir,5907a3b,nordkap,all_official,1,0,rating,b,b,0.0,core_destroyed,145,,9,80,8,1,9,320,7,5,ok,,4.064,n-62-21-6,29052882,2026-08-08T18:05:47+0200
ff3a2982d80b825e,auto-464e99b7c589,aegis@e55aab5,aegis,e55aab5,hoenir@5907a3b,hoenir,5907a3b,lighthouse,all_official,1,0,rating,b,b,0.0,core_destroyed,60,,14,80,7,11,19,320,8,11,ok,,2.834,n-62-31-21,29052882,2026-08-08T18:05:35+0200
ff6230be19da8bda,auto-464e99b7c589,skadi@821d792,skadi,821d792,hoenir@5907a3b,hoenir,5907a3b,vase,all_official,1,0,rating,b,b,0.0,core_destroyed,509,,327,1080,6,6,59,1230,7,11,ok,,8.773,n-62-29-24,29052882,2026-08-08T18:06:50+0200
ff6704f500fd5582,auto-464e99b7c589,hoenir@5907a3b,hoenir,5907a3b,bastion@840a180,bastion,840a180,atoll,all_official,1,0,rating,a,a,1.0,core_destroyed,53,,9,210,7,24,23,210,10,15,ok,,3.537,n-62-11-64,29052882,2026-08-08T18:05:04+0200
ff680509088dc851,auto-464e99b7c589,hoenir@5907a3b,hoenir,5907a3b,skadi@821d792,skadi,821d792,lighthouse,all_official,1,0,rating,a,a,1.0,core_destroyed,78,,9,320,7,9,4,60,6,9,ok,,2.936,n-62-12-1,29052882,2026-08-08T18:07:34+0200
ffc041b1303466c3,auto-464e99b7c589,njord@f66a427,njord,f66a427,hoenir@5907a3b,hoenir,5907a3b,archipelago,all_official,1,0,rating,b,b,0.0,core_destroyed,63,,59,330,7,27,9,360,7,24,ok,,3.616,n-62-11-67,29052882,2026-08-08T18:06:14+0200
ffcc54ed1e45ff26,auto-464e99b7c589,ostara@832c68a,ostara,832c68a,hoenir@5907a3b,hoenir,5907a3b,skerry,all_official,1,0,rating,b,b,0.0,core_destroyed,106,,64,690,12,11,8,480,9,13,ok,,5.181,n-62-29-9,29052882,2026-08-08T18:06:57+0200
ffe2a82f0adb6039,auto-464e99b7c589,e_t4l7@9e77076,e_t4l7,9e77076,hoenir@5907a3b,hoenir,5907a3b,saga,all_official,1,0,rating,b,b,0.0,titanium_collected,1000,,2553,4910,10,32,26,7220,17,42,ok,,26.094,n-62-30-25,29052882,2026-08-08T18:05:46+0200
ffea631803d9b4d7,auto-464e99b7c589,hodr@ea88247,hodr,ea88247,hoenir@5907a3b,hoenir,5907a3b,nordkap,all_official,1,0,rating,b,b,0.0,core_destroyed,145,,9,80,8,1,9,320,7,5,ok,,3.822,n-62-21-56,29052882,2026-08-08T18:04:47+0200
