match_id,tournament_id,bot_a,bot_a_name,bot_a_commit,bot_b,bot_b_name,bot_b_commit,map,map_set,seed,tle,kind,engine_winner,winner,score_a,win_condition,turns,resign_message,a_titanium,a_titanium_collected,a_units,a_buildings,b_titanium,b_titanium_collected,b_units,b_buildings,status,error,duration_s,host,lsf_job,finished_at
00496fb688c690b7,gapfill-idrace-20260802,prospect@bf9b3e3,prospect,bf9b3e3,prospect_rushonly@bf9b3e3,prospect_rushonly,bf9b3e3,fjord,official,1,0,rating,b,b,0.0,core_destroyed,34,,83,170,8,10,9,170,12,10,ok,,1.684,bob-a,,2026-08-02T16:32:20+0200
0185870a7c5639d6,gapfill-idrace-20260802,prospect_rushonly@bf9b3e3,prospect_rushonly,bf9b3e3,vanguard@818f3b4,vanguard,818f3b4,quarry,official,1,0,rating,a,a,1.0,core_destroyed,47,,17,150,12,14,17,170,10,10,ok,,2.11,bob-a,,2026-08-02T16:31:12+0200
01de99e029e1c22e,gapfill-idrace-20260802,vigil@bf9b3e3,vigil,bf9b3e3,vanguard@c407e79,vanguard,c407e79,vase,official,1,0,rating,a,a,1.0,core_destroyed,48,,20,80,12,7,91,0,4,5,ok,,2.211,bob-a,,2026-08-02T16:32:02+0200
02d8646ca6d473f0,gapfill-idrace-20260802,prospect_rushonly@bf9b3e3,prospect_rushonly,bf9b3e3,vigil@1b5f3d1,vigil,1b5f3d1,twins,official,1,0,rating,b,b,0.0,core_destroyed,35,,38,90,11,9,20,60,9,13,ok,,1.619,bob-a,,2026-08-02T16:31:38+0200
02e8a5b9d7d4d7a7,gapfill-idrace-20260802,vanguard@818f3b4,vanguard,818f3b4,prospect@bf9b3e3,prospect,bf9b3e3,crossfire,official,1,0,rating,b,b,0.0,core_destroyed,32,,135,120,9,6,30,110,11,8,ok,,1.749,bob-a,,2026-08-02T16:30:30+0200
0345ce5afcc6ae17,gapfill-idrace-20260802,vigil@1b5f3d1,vigil,1b5f3d1,vigil@bf9b3e3,vigil,bf9b3e3,aurora,official,1,0,rating,a,a,1.0,core_destroyed,48,,29,160,12,12,20,90,13,12,ok,,2.071,bob-a,,2026-08-02T16:32:04+0200
04098fb58baf8a56,gapfill-idrace-20260802,vigil@bf9b3e3,vigil,bf9b3e3,vanguard@818f3b4,vanguard,818f3b4,longship,official,1,0,rating,a,a,1.0,core_destroyed,47,,21,100,12,12,115,180,10,8,ok,,1.941,bob-a,,2026-08-02T16:31:45+0200
040b80b16fcba926,gapfill-idrace-20260802,vigil@bf9b3e3,vigil,bf9b3e3,vanguard@c407e79,vanguard,c407e79,pinch,official,1,0,rating,a,a,1.0,core_destroyed,30,,10,50,10,9,93,0,2,3,ok,,1.413,bob-a,,2026-08-02T16:31:56+0200
043a1bfaff01bc51,gapfill-idrace-20260802,vigil@bf9b3e3,vigil,bf9b3e3,vigil@1b5f3d1,vigil,1b5f3d1,bridge,official,1,0,rating,b,b,0.0,core_destroyed,80,,46,0,9,8,23,0,7,5,ok,,2.811,bob-a,,2026-08-02T16:32:05+0200
04669d6004192eb3,gapfill-idrace-20260802,vanguard@818f3b4,vanguard,818f3b4,prospect@bf9b3e3,prospect,bf9b3e3,quarry,official,1,0,rating,b,b,0.0,core_destroyed,62,,56,170,8,6,58,350,11,21,ok,,1.982,bob-a,,2026-08-02T16:30:35+0200
053c6730f3cb4fd4,gapfill-idrace-20260802,vanguard@c407e79,vanguard,c407e79,prospect_rushonly@bf9b3e3,prospect_rushonly,bf9b3e3,jackpot,official,1,0,rating,b,b,0.0,core_destroyed,50,,105,170,11,5,16,190,12,19,ok,,1.78,bob-a,,2026-08-02T16:31:22+0200
05b975da9872c086,gapfill-idrace-20260802,vanguard@818f3b4,vanguard,818f3b4,vigil@bf9b3e3,vigil,bf9b3e3,twins,official,1,0,rating,b,b,0.0,core_destroyed,40,,80,150,8,10,20,70,11,13,ok,,2.031,bob-a,,2026-08-02T16:31:51+0200
06adf5e37ef47c1b,gapfill-idrace-20260802,vanguard@818f3b4,vanguard,818f3b4,prospect_rushonly@bf9b3e3,prospect_rushonly,bf9b3e3,aurora,official,1,0,rating,b,b,0.0,core_destroyed,49,,110,200,9,8,7,170,14,10,ok,,2.009,bob-a,,2026-08-02T16:31:06+0200
06b27773ba328047,gapfill-idrace-20260802,prospect@bf9b3e3,prospect,bf9b3e3,vigil@1b5f3d1,vigil,1b5f3d1,skerry,official,1,0,rating,b,b,0.0,core_destroyed,35,,124,130,9,6,0,130,10,11,ok,,2.148,bob-a,,2026-08-02T16:31:00+0200
078fddeaca40ad8d,gapfill-idrace-20260802,prospect@bf9b3e3,prospect,bf9b3e3,prospect_rushonly@bf9b3e3,prospect_rushonly,bf9b3e3,longship,official,1,0,rating,b,b,0.0,titanium_collected,35,,7,60,11,8,13,90,10,8,ok,,2.344,bob-a,,2026-08-02T16:32:22+0200
088cfa5783e2c782,gapfill-idrace-20260802,vigil@bf9b3e3,vigil,bf9b3e3,vanguard@818f3b4,vanguard,818f3b4,skerry,official,1,0,rating,a,a,1.0,core_destroyed,36,,20,140,12,11,88,140,6,4,ok,,2.021,bob-a,,2026-08-02T16:31:47+0200
08aa9fff25699e52,gapfill-idrace-20260802,vanguard@c407e79,vanguard,c407e79,vigil@bf9b3e3,vigil,bf9b3e3,crossfire,official,1,0,rating,b,b,0.0,core_destroyed,34,,61,140,9,7,27,120,10,7,ok,,2.016,bob-a,,2026-08-02T16:31:53+0200
0914ffa3b22446f7,gapfill-idrace-20260802,vanguard@c407e79,vanguard,c407e79,prospect@bf9b3e3,prospect,bf9b3e3,duel,official,1,0,rating,b,b,0.0,core_destroyed,273,,546,1330,13,8,1178,1330,11,7,ok,,3.602,bob-a,,2026-08-02T16:30:45+0200
09ccbb9c6e9d0025,gapfill-idrace-20260802,prospect_rushonly@bf9b3e3,prospect_rushonly,bf9b3e3,vanguard@c407e79,vanguard,c407e79,duel,official,1,0,rating,a,a,1.0,core_destroyed,47,,6,200,10,23,75,180,8,4,ok,,2.029,bob-a,,2026-08-02T16:31:20+0200
0a0112b2b47d905b,gapfill-idrace-20260802,prospect@bf9b3e3,prospect,bf9b3e3,vanguard@c407e79,vanguard,c407e79,sprint,official,1,0,rating,a,a,1.0,core_destroyed,43,,7,0,12,4,58,0,7,2,ok,,1.605,bob-a,,2026-08-02T16:30:48+0200
0a0f126c2b1b1c6f,gapfill-idrace-20260802,vanguard@c407e79,vanguard,c407e79,prospect_rushonly@bf9b3e3,prospect_rushonly,bf9b3e3,skerry,official,1,0,rating,b,b,0.0,core_destroyed,41,,78,230,9,9,186,200,9,10,ok,,2.056,bob-a,,2026-08-02T16:31:25+0200
0a63f9f84407759b,gapfill-idrace-20260802,vigil@1b5f3d1,vigil,1b5f3d1,vigil@bf9b3e3,vigil,bf9b3e3,skerry,official,1,0,rating,a,a,1.0,core_destroyed,34,,9,130,13,9,46,120,7,9,ok,,2.536,bob-a,,2026-08-02T16:32:11+0200
0be7c171091830ab,gapfill-idrace-20260802,prospect_rushonly@bf9b3e3,prospect_rushonly,bf9b3e3,prospect@bf9b3e3,prospect,bf9b3e3,runestone,official,1,0,rating,b,b,0.0,core_destroyed,26,,8,30,11,5,18,40,11,7,ok,,1.698,bob-a,,2026-08-02T16:32:23+0200
0c621a25e6bdd76f,gapfill-idrace-20260802,prospect_rushonly@bf9b3e3,prospect_rushonly,bf9b3e3,vanguard@818f3b4,vanguard,818f3b4,atoll,official,1,0,rating,b,b,0.0,core_destroyed,38,,120,130,11,6,60,150,9,6,ok,,2.313,bob-a,,2026-08-02T16:31:06+0200
0c956416d6bc82a2,gapfill-idrace-20260802,vigil@bf9b3e3,vigil,bf9b3e3,prospect@bf9b3e3,prospect,bf9b3e3,bridge,official,1,0,rating,b,b,0.0,core_destroyed,207,,199,180,5,3,487,1140,16,13,ok,,4.781,bob-a,,2026-08-02T16:32:33+0200
0da0e3ea6d45d0ba,gapfill-idrace-20260802,vigil@1b5f3d1,vigil,1b5f3d1,vigil@bf9b3e3,vigil,bf9b3e3,string,official,1,0,rating,b,b,0.0,titanium_collected,1000,,44,20,1,10,5380,7200,6,13,ok,,7.418,bob-a,,2026-08-02T16:32:18+0200
0dc7826b6fcda52f,gapfill-idrace-20260802,prospect_rushonly@bf9b3e3,prospect_rushonly,bf9b3e3,vanguard@c407e79,vanguard,c407e79,vase,official,1,0,rating,a,a,1.0,core_destroyed,52,,27,90,11,13,88,0,7,4,ok,,2.339,bob-a,,2026-08-02T16:31:28+0200
0dcbf56deba08a8a,gapfill-idrace-20260802,vanguard@818f3b4,vanguard,818f3b4,prospect_rushonly@bf9b3e3,prospect_rushonly,bf9b3e3,twins,official,1,0,rating,b,b,0.0,core_destroyed,54,,36,200,6,9,4,70,10,6,ok,,1.956,bob-a,,2026-08-02T16:31:16+0200
0ddc590153314df1,gapfill-idrace-20260802,vanguard@818f3b4,vanguard,818f3b4,vigil@bf9b3e3,vigil,bf9b3e3,strait,official,1,0,rating,b,b,0.0,core_destroyed,44,,71,120,8,7,20,80,12,14,ok,,2.167,bob-a,,2026-08-02T16:31:49+0200
0f908b9554c840be,gapfill-idrace-20260802,prospect_rushonly@bf9b3e3,prospect_rushonly,bf9b3e3,vigil@bf9b3e3,vigil,bf9b3e3,vault,official,1,0,rating,b,b,0.0,core_destroyed,30,,336,90,3,6,20,110,12,10,ok,,1.471,bob-a,,2026-08-02T16:32:52+0200
1038d73a496cf4bc,gapfill-idrace-20260802,vigil@bf9b3e3,vigil,bf9b3e3,vanguard@818f3b4,vanguard,818f3b4,bridge,official,1,0,rating,a,a,1.0,titanium_collected,1000,,4858,2830,8,14,4037,2460,12,8,ok,,8.286,bob-a,,2026-08-02T16:31:47+0200
108992b2dfea6f4d,gapfill-idrace-20260802,vanguard@c407e79,vanguard,c407e79,prospect@bf9b3e3,prospect,bf9b3e3,vault,official,1,0,rating,a,a,1.0,core_destroyed,54,,58,200,8,4,186,160,11,4,ok,,2.161,bob-a,,2026-08-02T16:30:53+0200
10d84ab8d965750f,gapfill-idrace-20260802,vanguard@818f3b4,vanguard,818f3b4,vigil@bf9b3e3,vigil,bf9b3e3,showdown,official,1,0,rating,b,b,0.0,core_destroyed,32,,101,0,6,0,30,60,9,14,ok,,1.433,bob-a,,2026-08-02T16:31:47+0200
10f0f66d6e934a95,gapfill-idrace-20260802,prospect_rushonly@bf9b3e3,prospect_rushonly,bf9b3e3,vanguard@818f3b4,vanguard,818f3b4,longship,official,1,0,rating,a,a,1.0,core_destroyed,32,,18,60,12,12,69,110,9,8,ok,,2.071,bob-a,,2026-08-02T16:31:11+0200
1152901d2f23ccb3,gapfill-idrace-20260802,vanguard@c407e79,vanguard,c407e79,vigil@bf9b3e3,vigil,bf9b3e3,duel,official,1,0,rating,b,b,0.0,core_destroyed,35,,60,150,8,7,10,130,11,10,ok,,1.986,bob-a,,2026-08-02T16:31:54+0200
11c296eb93db19de,gapfill-idrace-20260802,vanguard@c407e79,vanguard,c407e79,vigil@bf9b3e3,vigil,bf9b3e3,vase,official,1,0,rating,b,b,0.0,core_destroyed,31,,69,0,7,5,39,40,8,10,ok,,1.334,bob-a,,2026-08-02T16:32:01+0200
11c3cc67f56fc8ba,gapfill-idrace-20260802,prospect@bf9b3e3,prospect,bf9b3e3,vanguard@818f3b4,vanguard,818f3b4,sprint,official,1,0,rating,a,a,1.0,core_destroyed,40,,16,0,12,4,64,0,6,1,ok,,2.133,bob-a,,2026-08-02T16:30:37+0200
11dd950526f5e380,gapfill-idrace-20260802,prospect@bf9b3e3,prospect,bf9b3e3,vigil@bf9b3e3,vigil,bf9b3e3,duel,official,1,0,rating,b,b,0.0,core_destroyed,34,,131,120,6,9,30,130,10,9,ok,,1.868,bob-a,,2026-08-02T16:32:31+0200
1246ff6a7c2eeb63,gapfill-idrace-20260802,prospect_rushonly@bf9b3e3,prospect_rushonly,bf9b3e3,vanguard@818f3b4,vanguard,818f3b4,hive,official,1,0,rating,b,b,0.0,core_destroyed,60,,144,140,10,14,62,130,14,5,ok,,2.624,bob-a,,2026-08-02T16:31:10+0200
1292a275e253717a,gapfill-idrace-20260802,vigil@bf9b3e3,vigil,bf9b3e3,prospect@bf9b3e3,prospect,bf9b3e3,pinch,official,1,0,rating,a,a,1.0,core_destroyed,28,,20,50,8,9,117,50,6,4,ok,,1.459,bob-a,,2026-08-02T16:32:34+0200
15442dfccf184470,gapfill-idrace-20260802,vigil@1b5f3d1,vigil,1b5f3d1,vigil@bf9b3e3,vigil,bf9b3e3,runestone,official,1,0,rating,b,b,0.0,core_destroyed,30,,4,40,12,7,18,50,10,10,ok,,1.847,bob-a,,2026-08-02T16:32:09+0200
15491b5955877b11,gapfill-idrace-20260802,prospect@bf9b3e3,prospect,bf9b3e3,vigil@1b5f3d1,vigil,1b5f3d1,jackpot,official,1,0,rating,a,a,1.0,core_destroyed,98,,52,450,13,23,298,160,5,3,ok,,2.525,bob-a,,2026-08-02T16:30:57+0200
159b19ab8812a9c3,gapfill-idrace-20260802,vanguard@c407e79,vanguard,c407e79,prospect@bf9b3e3,prospect,bf9b3e3,runestone,official,1,0,rating,b,b,0.0,core_destroyed,28,,76,80,9,12,18,40,11,9,ok,,1.567,bob-a,,2026-08-02T16:30:47+0200
15f2e3f23aac196d,gapfill-idrace-20260802,prospect_rushonly@bf9b3e3,prospect_rushonly,bf9b3e3,vanguard@c407e79,vanguard,c407e79,sprint,official,1,0,rating,a,a,1.0,core_destroyed,43,,7,0,12,4,58,0,7,2,ok,,2.174,bob-a,,2026-08-02T16:31:25+0200
16afd00690757468,gapfill-idrace-20260802,vanguard@c407e79,vanguard,c407e79,prospect@bf9b3e3,prospect,bf9b3e3,strait,official,1,0,rating,b,b,0.0,core_destroyed,43,,34,140,8,6,7,90,11,9,ok,,2.166,bob-a,,2026-08-02T16:30:49+0200
16d51e4a9d57bf5e,gapfill-idrace-20260802,prospect@bf9b3e3,prospect,bf9b3e3,vigil@bf9b3e3,vigil,bf9b3e3,vault,official,1,0,rating,b,b,0.0,core_destroyed,30,,336,90,3,6,20,110,12,10,ok,,1.223,bob-a,,2026-08-02T16:32:40+0200
174e2921d8384153,gapfill-idrace-20260802,vigil@bf9b3e3,vigil,bf9b3e3,vanguard@c407e79,vanguard,c407e79,bridge,official,1,0,rating,b,b,0.0,harvesters,1000,,2341,0,8,9,1369,0,11,9,ok,,5.161,bob-a,,2026-08-02T16:31:56+0200
17e0bc35ea9388cb,gapfill-idrace-20260802,vanguard@818f3b4,vanguard,818f3b4,vigil@bf9b3e3,vigil,bf9b3e3,sweden,official,1,0,rating,a,a,1.0,core_destroyed,79,,335,450,9,19,411,280,8,15,ok,,1.654,bob-a,,2026-08-02T16:31:49+0200
18fc3ef533f3e0b8,gapfill-idrace-20260802,vanguard@c407e79,vanguard,c407e79,vigil@bf9b3e3,vigil,bf9b3e3,jackpot,official,1,0,rating,b,b,0.0,core_destroyed,41,,41,150,10,7,20,90,12,8,ok,,2.357,bob-a,,2026-08-02T16:31:56+0200
1910122e3f075f39,gapfill-idrace-20260802,vanguard@818f3b4,vanguard,818f3b4,vigil@bf9b3e3,vigil,bf9b3e3,runestone,official,1,0,rating,b,b,0.0,core_destroyed,28,,90,80,9,10,28,40,11,10,ok,,1.919,bob-a,,2026-08-02T16:31:47+0200
1916e62c89dcc079,gapfill-idrace-20260802,vigil@bf9b3e3,vigil,bf9b3e3,vanguard@c407e79,vanguard,c407e79,skerry,official,1,0,rating,a,a,1.0,core_destroyed,41,,18,170,12,11,64,140,8,6,ok,,2.106,bob-a,,2026-08-02T16:31:58+0200
1a2211a5e778152e,gapfill-idrace-20260802,vigil@1b5f3d1,vigil,1b5f3d1,prospect@bf9b3e3,prospect,bf9b3e3,aurora,official,1,0,rating,a,a,1.0,core_destroyed,33,,10,60,11,8,45,60,10,7,ok,,2.11,bob-a,,2026-08-02T16:30:53+0200
1a3c41bb69fcc217,gapfill-idrace-20260802,vanguard@c407e79,vanguard,c407e79,prospect@bf9b3e3,prospect,bf9b3e3,string,official,1,0,rating,b,b,0.0,titanium_collected,1000,,10,120,4,7,7429,7150,8,17,ok,,5.67,bob-a,,2026-08-02T16:30:53+0200
1af64f9ffc9c86e8,gapfill-idrace-20260802,prospect_rushonly@bf9b3e3,prospect_rushonly,bf9b3e3,vigil@bf9b3e3,vigil,bf9b3e3,pinch,official,1,0,rating,b,b,0.0,core_destroyed,24,,187,40,7,4,20,40,8,8,ok,,1.647,bob-a,,2026-08-02T16:32:47+0200
1b27d22d0d45e0e1,gapfill-idrace-20260802,vigil@bf9b3e3,vigil,bf9b3e3,prospect_rushonly@bf9b3e3,prospect_rushonly,bf9b3e3,longship,official,1,0,rating,a,a,1.0,core_destroyed,31,,20,60,11,12,140,50,9,4,ok,,1.568,bob-a,,2026-08-02T16:32:46+0200
1b8fa3109ed910d7,gapfill-idrace-20260802,prospect@bf9b3e3,prospect,bf9b3e3,vigil@1b5f3d1,vigil,1b5f3d1,sweden,official,1,0,rating,b,b,0.0,core_destroyed,151,,666,1120,12,10,273,570,10,8,ok,,3.47,bob-a,,2026-08-02T16:31:04+0200
1c503f23f9906069,gapfill-idrace-20260802,prospect@bf9b3e3,prospect,bf9b3e3,prospect_rushonly@bf9b3e3,prospect_rushonly,bf9b3e3,sprint,official,1,0,rating,b,b,0.0,core_destroyed,28,,28,40,11,3,12,70,9,8,ok,,1.627,bob-a,,2026-08-02T16:32:24+0200
1c57f8b39853b829,gapfill-idrace-20260802,vigil@1b5f3d1,vigil,1b5f3d1,prospect@bf9b3e3,prospect,bf9b3e3,quarry,official,1,0,rating,b,b,0.0,core_destroyed,67,,15,120,11,7,38,250,11,10,ok,,2.656,bob-a,,2026-08-02T16:30:59+0200
1c7120c814f3afd1,gapfill-idrace-20260802,prospect_rushonly@bf9b3e3,prospect_rushonly,bf9b3e3,vanguard@c407e79,vanguard,c407e79,showdown,official,1,0,rating,a,a,1.0,core_destroyed,38,,11,0,12,6,56,70,5,16,ok,,1.771,bob-a,,2026-08-02T16:31:24+0200
1dedd31139936a1d,gapfill-idrace-20260802,vigil@bf9b3e3,vigil,bf9b3e3,prospect@bf9b3e3,prospect,bf9b3e3,hive,official,1,0,rating,b,b,0.0,core_destroyed,42,,6,80,11,10,5,80,12,6,ok,,1.975,bob-a,,2026-08-02T16:32:33+0200
1eca0d774476341f,gapfill-idrace-20260802,prospect_rushonly@bf9b3e3,prospect_rushonly,bf9b3e3,vanguard@c407e79,vanguard,c407e79,string,official,1,0,rating,a,a,1.0,core_destroyed,92,,318,420,10,11,101,50,2,4,ok,,1.8,bob-a,,2026-08-02T16:31:26+0200
1f06416e51b54e94,gapfill-idrace-20260802,vanguard@818f3b4,vanguard,818f3b4,prospect@bf9b3e3,prospect,bf9b3e3,vault,official,1,0,rating,a,a,1.0,core_destroyed,36,,69,150,13,7,308,130,7,5,ok,,1.563,bob-a,,2026-08-02T16:30:40+0200
1f1c5209bef2ebcb,gapfill-idrace-20260802,vanguard@818f3b4,vanguard,818f3b4,prospect@bf9b3e3,prospect,bf9b3e3,sweden,official,1,0,rating,a,a,1.0,core_destroyed,85,,60,220,3,10,21,310,12,14,ok,,2.669,bob-a,,2026-08-02T16:30:38+0200
1f3a49a5ccddf0d5,gapfill-idrace-20260802,prospect@bf9b3e3,prospect,bf9b3e3,prospect_rushonly@bf9b3e3,prospect_rushonly,bf9b3e3,bridge,official,1,0,rating,a,a,1.0,core_destroyed,98,,39,0,9,7,398,360,6,13,ok,,2.452,bob-a,,2026-08-02T16:32:18+0200
20df08c46f57dd1b,gapfill-idrace-20260802,vanguard@818f3b4,vanguard,818f3b4,vigil@bf9b3e3,vigil,bf9b3e3,longship,official,1,0,rating,b,b,0.0,core_destroyed,47,,119,180,9,8,10,90,11,14,ok,,1.964,bob-a,,2026-08-02T16:31:45+0200
2184728facebd82f,gapfill-idrace-20260802,prospect@bf9b3e3,prospect,bf9b3e3,vigil@1b5f3d1,vigil,1b5f3d1,fjord,official,1,0,rating,b,b,0.0,core_destroyed,28,,136,90,7,5,30,100,11,7,ok,,1.453,bob-a,,2026-08-02T16:30:55+0200
21bb161d0b55c607,gapfill-idrace-20260802,vigil@bf9b3e3,vigil,bf9b3e3,prospect_rushonly@bf9b3e3,prospect_rushonly,bf9b3e3,vase,official,1,0,rating,b,b,0.0,core_destroyed,53,,10,10,9,2,9,90,9,7,ok,,1.954,bob-a,,2026-08-02T16:32:52+0200
21e02f11e3086eb6,gapfill-idrace-20260802,vanguard@c407e79,vanguard,c407e79,prospect_rushonly@bf9b3e3,prospect_rushonly,bf9b3e3,fjord,official,1,0,rating,b,b,0.0,core_destroyed,36,,108,200,9,8,30,190,12,11,ok,,2.151,bob-a,,2026-08-02T16:31:20+0200
229c82fdd07e3e59,gapfill-idrace-20260802,vanguard@c407e79,vanguard,c407e79,vigil@bf9b3e3,vigil,bf9b3e3,pinch,official,1,0,rating,b,b,0.0,core_destroyed,27,,71,0,5,3,16,50,11,8,ok,,1.8,bob-a,,2026-08-02T16:31:57+0200
22f097ba9e4db131,gapfill-idrace-20260802,vigil@1b5f3d1,vigil,1b5f3d1,prospect@bf9b3e3,prospect,bf9b3e3,longship,official,1,0,rating,a,a,1.0,core_destroyed,31,,20,60,11,12,140,50,9,4,ok,,2.056,bob-a,,2026-08-02T16:30:58+0200
22f974d2e4949cd2,gapfill-idrace-20260802,vigil@bf9b3e3,vigil,bf9b3e3,vanguard@818f3b4,vanguard,818f3b4,sprint,official,1,0,rating,b,b,0.0,core_destroyed,61,,103,130,10,5,59,0,4,5,ok,,1.587,bob-a,,2026-08-02T16:31:48+0200
23169758d1f2d011,gapfill-idrace-20260802,vanguard@818f3b4,vanguard,818f3b4,vigil@bf9b3e3,vigil,bf9b3e3,string,official,1,0,rating,b,b,0.0,titanium_collected,1000,,2138,50,2,7,6982,4950,8,10,ok,,3.666,bob-a,,2026-08-02T16:31:51+0200
23d87fd17990a1c7,gapfill-idrace-20260802,vigil@bf9b3e3,vigil,bf9b3e3,prospect_rushonly@bf9b3e3,prospect_rushonly,bf9b3e3,vault,official,1,0,rating,a,a,1.0,core_destroyed,34,,10,110,11,10,369,120,3,5,ok,,1.347,bob-a,,2026-08-02T16:32:52+0200
249fac5511b74e00,gapfill-idrace-20260802,prospect_rushonly@bf9b3e3,prospect_rushonly,bf9b3e3,prospect@bf9b3e3,prospect,bf9b3e3,duel,official,1,0,rating,b,b,0.0,core_destroyed,81,,275,420,6,11,347,520,9,15,ok,,2.148,bob-a,,2026-08-02T16:32:19+0200
26680882e70cc99b,gapfill-idrace-20260802,prospect@bf9b3e3,prospect,bf9b3e3,vigil@bf9b3e3,vigil,bf9b3e3,longship,official,1,0,rating,b,b,0.0,core_destroyed,29,,6,50,11,5,10,50,10,12,ok,,2.446,bob-a,,2026-08-02T16:32:34+0200
268c16d63cc88739,gapfill-idrace-20260802,prospect_rushonly@bf9b3e3,prospect_rushonly,bf9b3e3,vanguard@c407e79,vanguard,c407e79,longship,official,1,0,rating,a,a,1.0,core_destroyed,31,,20,60,12,12,71,100,10,8,ok,,1.805,bob-a,,2026-08-02T16:31:22+0200
26aafee54f38c8d5,gapfill-idrace-20260802,vanguard@c407e79,vanguard,c407e79,prospect_rushonly@bf9b3e3,prospect_rushonly,bf9b3e3,atoll,official,1,0,rating,b,b,0.0,core_destroyed,46,,108,150,8,3,16,150,13,6,ok,,2.351,bob-a,,2026-08-02T16:31:18+0200
2700c5b34bc2645a,gapfill-idrace-20260802,prospect_rushonly@bf9b3e3,prospect_rushonly,bf9b3e3,vigil@bf9b3e3,vigil,bf9b3e3,crossfire,official,1,0,rating,b,b,0.0,core_destroyed,34,,12,70,10,8,8,40,10,4,ok,,2.286,bob-a,,2026-08-02T16:32:44+0200
2925e81da751508c,gapfill-idrace-20260802,prospect_rushonly@bf9b3e3,prospect_rushonly,bf9b3e3,vanguard@818f3b4,vanguard,818f3b4,pinch,official,1,0,rating,a,a,1.0,core_destroyed,41,,31,80,9,7,18,130,13,8,ok,,2.039,bob-a,,2026-08-02T16:31:12+0200
29ac8bbed35cab9f,gapfill-idrace-20260802,vigil@1b5f3d1,vigil,1b5f3d1,prospect_rushonly@bf9b3e3,prospect_rushonly,bf9b3e3,quarry,official,1,0,rating,b,b,0.0,core_destroyed,67,,15,120,11,7,38,250,11,10,ok,,2.644,bob-a,,2026-08-02T16:31:35+0200
29bebe6cd0d5461d,gapfill-idrace-20260802,vigil@1b5f3d1,vigil,1b5f3d1,prospect_rushonly@bf9b3e3,prospect_rushonly,bf9b3e3,strait,official,1,0,rating,a,a,1.0,titanium_collected,47,,7,90,11,8,8,80,13,6,ok,,1.902,bob-a,,2026-08-02T16:31:37+0200
2aa474037ecd8422,gapfill-idrace-20260802,vigil@1b5f3d1,vigil,1b5f3d1,prospect_rushonly@bf9b3e3,prospect_rushonly,bf9b3e3,twins,official,1,0,rating,a,a,1.0,core_destroyed,27,,19,50,11,9,174,40,6,6,ok,,2.018,bob-a,,2026-08-02T16:31:39+0200
2bb80095af1da2ca,gapfill-idrace-20260802,vanguard@818f3b4,vanguard,818f3b4,prospect_rushonly@bf9b3e3,prospect_rushonly,bf9b3e3,string,official,1,0,rating,b,b,0.0,core_destroyed,75,,91,110,4,4,116,330,12,15,ok,,2.304,bob-a,,2026-08-02T16:31:15+0200
2c124665b0dfbac9,gapfill-idrace-20260802,vigil@bf9b3e3,vigil,bf9b3e3,vanguard@c407e79,vanguard,c407e79,aurora,official,1,0,rating,a,a,1.0,core_destroyed,53,,18,110,13,8,71,160,11,7,ok,,2.037,bob-a,,2026-08-02T16:31:53+0200
2cd622800f7c03e3,gapfill-idrace-20260802,prospect@bf9b3e3,prospect,bf9b3e3,vanguard@818f3b4,vanguard,818f3b4,jackpot,official,1,0,rating,b,b,0.0,core_destroyed,101,,261,430,14,8,401,470,4,8,ok,,2.364,bob-a,,2026-08-02T16:30:33+0200
2d15a9fb835de932,gapfill-idrace-20260802,vigil@1b5f3d1,vigil,1b5f3d1,vigil@bf9b3e3,vigil,bf9b3e3,vase,official,1,0,rating,a,a,1.0,core_destroyed,50,,34,90,6,7,18,80,7,6,ok,,2.197,bob-a,,2026-08-02T16:32:15+0200
2dd717dd5bd4d363,gapfill-idrace-20260802,vanguard@818f3b4,vanguard,818f3b4,prospect_rushonly@bf9b3e3,prospect_rushonly,bf9b3e3,hive,official,1,0,rating,b,b,0.0,core_destroyed,42,,81,80,11,4,17,90,12,15,ok,,1.868,bob-a,,2026-08-02T16:31:09+0200
2e077dfc81fd435b,gapfill-idrace-20260802,vanguard@818f3b4,vanguard,818f3b4,vigil@bf9b3e3,vigil,bf9b3e3,vault,official,1,0,rating,b,b,0.0,core_destroyed,41,,114,170,6,6,10,160,12,14,ok,,2.047,bob-a,,2026-08-02T16:31:51+0200
2e92e9abcdc3fd11,gapfill-idrace-20260802,prospect_rushonly@bf9b3e3,prospect_rushonly,bf9b3e3,vigil@1b5f3d1,vigil,1b5f3d1,quarry,official,1,0,rating,b,b,0.0,core_destroyed,45,,59,50,11,9,21,70,10,8,ok,,1.765,bob-a,,2026-08-02T16:31:34+0200
3000b884f6a3e497,gapfill-idrace-20260802,prospect_rushonly@bf9b3e3,prospect_rushonly,bf9b3e3,vanguard@c407e79,vanguard,c407e79,quarry,official,1,0,rating,a,a,1.0,core_destroyed,47,,26,170,11,15,41,180,10,21,ok,,1.78,bob-a,,2026-08-02T16:31:23+0200
31869f313034f515,gapfill-idrace-20260802,vanguard@c407e79,vanguard,c407e79,prospect_rushonly@bf9b3e3,prospect_rushonly,bf9b3e3,runestone,official,1,0,rating,b,b,0.0,core_destroyed,28,,76,80,9,12,18,40,11,9,ok,,1.542,bob-a,,2026-08-02T16:31:23+0200
32725c146f4b3628,gapfill-idrace-20260802,vanguard@818f3b4,vanguard,818f3b4,prospect@bf9b3e3,prospect,bf9b3e3,sprint,official,1,0,rating,b,b,0.0,core_destroyed,38,,39,0,7,4,20,120,11,10,ok,,1.847,bob-a,,2026-08-02T16:30:37+0200
3272aec059f179fe,gapfill-idrace-20260802,prospect_rushonly@bf9b3e3,prospect_rushonly,bf9b3e3,prospect@bf9b3e3,prospect,bf9b3e3,sweden,official,1,0,rating,b,b,0.0,core_destroyed,64,,23,10,5,10,54,310,15,16,ok,,2.547,bob-a,,2026-08-02T16:32:27+0200
3300ad5acc7a90d8,gapfill-idrace-20260802,vigil@bf9b3e3,vigil,bf9b3e3,vigil@1b5f3d1,vigil,1b5f3d1,vault,official,1,0,rating,b,b,0.0,core_destroyed,31,,4,90,12,6,9,110,11,8,ok,,2.64,bob-a,,2026-08-02T16:32:16+0200
332fd759f8213e24,gapfill-idrace-20260802,prospect_rushonly@bf9b3e3,prospect_rushonly,bf9b3e3,vigil@bf9b3e3,vigil,bf9b3e3,atoll,official,1,0,rating,b,b,0.0,core_destroyed,30,,246,90,6,6,20,100,11,9,ok,,1.589,bob-a,,2026-08-02T16:32:41+0200
351ff3c75d05155a,gapfill-idrace-20260802,prospect_rushonly@bf9b3e3,prospect_rushonly,bf9b3e3,vigil@1b5f3d1,vigil,1b5f3d1,string,official,1,0,rating,b,b,0.0,core_destroyed,64,,189,270,8,5,158,160,3,4,ok,,1.753,bob-a,,2026-08-02T16:31:37+0200
35b188f057daaf70,gapfill-idrace-20260802,vigil@bf9b3e3,vigil,bf9b3e3,vanguard@818f3b4,vanguard,818f3b4,runestone,official,1,0,rating,a,a,1.0,core_destroyed,36,,18,60,11,11,128,110,9,10,ok,,1.971,bob-a,,2026-08-02T16:31:47+0200
35e1007770523219,gapfill-idrace-20260802,prospect@bf9b3e3,prospect,bf9b3e3,prospect_rushonly@bf9b3e3,prospect_rushonly,bf9b3e3,sweden,official,1,0,rating,a,a,1.0,core_destroyed,86,,8,300,9,9,126,470,10,15,ok,,2.841,bob-a,,2026-08-02T16:32:27+0200
35e12457e685350a,gapfill-idrace-20260802,prospect@bf9b3e3,prospect,bf9b3e3,vigil@bf9b3e3,vigil,bf9b3e3,runestone,official,1,0,rating,b,b,0.0,core_destroyed,29,,7,40,11,5,9,40,10,10,ok,,1.712,bob-a,,2026-08-02T16:32:35+0200
361eedf45697b19e,gapfill-idrace-20260802,prospect@bf9b3e3,prospect,bf9b3e3,vanguard@818f3b4,vanguard,818f3b4,runestone,official,1,0,rating,a,a,1.0,core_destroyed,31,,9,50,12,8,103,90,9,10,ok,,1.652,bob-a,,2026-08-02T16:30:35+0200
3620e169ea73ed88,gapfill-idrace-20260802,prospect_rushonly@bf9b3e3,prospect_rushonly,bf9b3e3,vanguard@c407e79,vanguard,c407e79,hive,official,1,0,rating,a,a,1.0,core_destroyed,46,,2,100,11,16,71,120,9,19,ok,,1.632,bob-a,,2026-08-02T16:31:21+0200
36a88d20298f92ca,gapfill-idrace-20260802,prospect@bf9b3e3,prospect,bf9b3e3,vanguard@c407e79,vanguard,c407e79,crossfire,official,1,0,rating,a,a,1.0,core_destroyed,50,,12,200,13,14,80,200,6,5,ok,,2.204,bob-a,,2026-08-02T16:30:42+0200
37949815a93df28b,gapfill-idrace-20260802,vigil@bf9b3e3,vigil,bf9b3e3,prospect@bf9b3e3,prospect,bf9b3e3,atoll,official,1,0,rating,a,a,1.0,core_destroyed,29,,7,90,11,11,310,90,4,6,ok,,1.672,bob-a,,2026-08-02T16:32:29+0200
37aee6a7a4decc95,gapfill-idrace-20260802,prospect@bf9b3e3,prospect,bf9b3e3,vigil@1b5f3d1,vigil,1b5f3d1,twins,official,1,0,rating,b,b,0.0,core_destroyed,35,,38,90,11,9,20,60,9,13,ok,,2.222,bob-a,,2026-08-02T16:31:04+0200
381eb62af3e656ca,gapfill-idrace-20260802,vanguard@c407e79,vanguard,c407e79,vigil@bf9b3e3,vigil,bf9b3e3,twins,official,1,0,rating,b,b,0.0,core_destroyed,40,,78,150,8,10,20,70,11,14,ok,,1.677,bob-a,,2026-08-02T16:32:02+0200
391e02b35a65ec12,gapfill-idrace-20260802,prospect_rushonly@bf9b3e3,prospect_rushonly,bf9b3e3,vanguard@818f3b4,vanguard,818f3b4,strait,official,1,0,rating,a,a,1.0,core_destroyed,49,,97,100,10,9,120,260,10,13,ok,,2.317,bob-a,,2026-08-02T16:31:15+0200
3934db46edb2e589,gapfill-idrace-20260802,vanguard@818f3b4,vanguard,818f3b4,prospect@bf9b3e3,prospect,bf9b3e3,skerry,official,1,0,rating,a,a,1.0,core_destroyed,37,,59,160,11,6,195,140,9,5,ok,,1.835,bob-a,,2026-08-02T16:30:36+0200
3941cd91eb76ad41,gapfill-idrace-20260802,vanguard@818f3b4,vanguard,818f3b4,prospect@bf9b3e3,prospect,bf9b3e3,fjord,official,1,0,rating,b,b,0.0,core_destroyed,37,,96,200,7,8,12,200,12,12,ok,,1.713,bob-a,,2026-08-02T16:30:31+0200
395d3bc944093710,gapfill-idrace-20260802,vigil@1b5f3d1,vigil,1b5f3d1,vigil@bf9b3e3,vigil,bf9b3e3,jackpot,official,1,0,rating,b,b,0.0,core_destroyed,72,,106,160,6,4,40,190,8,8,ok,,2.017,bob-a,,2026-08-02T16:32:07+0200
3967cbcb13247ed4,gapfill-idrace-20260802,vanguard@818f3b4,vanguard,818f3b4,prospect_rushonly@bf9b3e3,prospect_rushonly,bf9b3e3,runestone,official,1,0,rating,b,b,0.0,core_destroyed,28,,90,80,9,10,18,40,11,9,ok,,2.068,bob-a,,2026-08-02T16:31:12+0200
39694db0acb75f0c,gapfill-idrace-20260802,vigil@1b5f3d1,vigil,1b5f3d1,vigil@bf9b3e3,vigil,bf9b3e3,sprint,official,1,0,rating,b,b,0.0,core_destroyed,37,,14,50,10,5,0,0,9,4,ok,,2.17,bob-a,,2026-08-02T16:32:11+0200
3a07fb22804f19b0,gapfill-idrace-20260802,vigil@1b5f3d1,vigil,1b5f3d1,prospect_rushonly@bf9b3e3,prospect_rushonly,bf9b3e3,runestone,official,1,0,rating,a,a,1.0,core_destroyed,27,,9,40,12,8,9,40,11,6,ok,,2.042,bob-a,,2026-08-02T16:31:35+0200
3a1e96d8c0c1ad47,gapfill-idrace-20260802,prospect@bf9b3e3,prospect,bf9b3e3,vigil@1b5f3d1,vigil,1b5f3d1,aurora,official,1,0,rating,a,a,1.0,core_destroyed,60,,20,130,11,5,20,90,12,8,ok,,2.803,bob-a,,2026-08-02T16:30:54+0200
3aaa698dcf1fb4a0,gapfill-idrace-20260802,vigil@1b5f3d1,vigil,1b5f3d1,prospect@bf9b3e3,prospect,bf9b3e3,vase,official,1,0,rating,b,b,0.0,core_destroyed,51,,130,90,6,6,30,90,9,7,ok,,2.029,bob-a,,2026-08-02T16:31:04+0200
3ab01c78a86099a9,gapfill-idrace-20260802,vigil@bf9b3e3,vigil,bf9b3e3,prospect_rushonly@bf9b3e3,prospect_rushonly,bf9b3e3,twins,official,1,0,rating,a,a,1.0,core_destroyed,27,,19,50,11,9,174,40,6,6,ok,,1.526,bob-a,,2026-08-02T16:32:52+0200
3b2009950399db7a,gapfill-idrace-20260802,prospect@bf9b3e3,prospect,bf9b3e3,vanguard@c407e79,vanguard,c407e79,vase,official,1,0,rating,a,a,1.0,core_destroyed,91,,14,0,12,6,109,0,3,2,ok,,1.742,bob-a,,2026-08-02T16:30:51+0200
3b35c33b7ed76603,gapfill-idrace-20260802,vigil@bf9b3e3,vigil,bf9b3e3,vigil@1b5f3d1,vigil,1b5f3d1,sprint,official,1,0,rating,b,b,0.0,core_destroyed,37,,14,50,10,5,0,0,9,4,ok,,1.756,bob-a,,2026-08-02T16:32:11+0200
3d1ef917b2dac33e,gapfill-idrace-20260802,vigil@bf9b3e3,vigil,bf9b3e3,prospect@bf9b3e3,prospect,bf9b3e3,crossfire,official,1,0,rating,b,b,0.0,core_destroyed,37,,65,80,7,8,34,80,8,6,ok,,1.566,bob-a,,2026-08-02T16:32:30+0200
3d4c4b6fe2e36504,gapfill-idrace-20260802,vigil@bf9b3e3,vigil,bf9b3e3,prospect_rushonly@bf9b3e3,prospect_rushonly,bf9b3e3,bridge,official,1,0,rating,b,b,0.0,core_destroyed,96,,20,150,9,6,20,410,12,18,ok,,3.447,bob-a,,2026-08-02T16:32:45+0200
3dd5990485ae8b23,gapfill-idrace-20260802,prospect@bf9b3e3,prospect,bf9b3e3,vigil@bf9b3e3,vigil,bf9b3e3,pinch,official,1,0,rating,b,b,0.0,core_destroyed,24,,187,40,7,4,20,40,8,8,ok,,1.59,bob-a,,2026-08-02T16:32:34+0200
3ddf8e5ca9ad4978,gapfill-idrace-20260802,prospect@bf9b3e3,prospect,bf9b3e3,prospect_rushonly@bf9b3e3,prospect_rushonly,bf9b3e3,string,official,1,0,rating,a,a,1.0,core_destroyed,71,,15,170,8,16,234,180,3,10,ok,,1.946,bob-a,,2026-08-02T16:32:26+0200
3e75ba26916bbf5e,gapfill-idrace-20260802,vigil@bf9b3e3,vigil,bf9b3e3,vanguard@818f3b4,vanguard,818f3b4,pinch,official,1,0,rating,a,a,1.0,core_destroyed,28,,18,50,11,9,97,0,2,3,ok,,1.475,bob-a,,2026-08-02T16:31:45+0200
3ef68b54fc450cce,gapfill-idrace-20260802,vanguard@c407e79,vanguard,c407e79,prospect_rushonly@bf9b3e3,prospect_rushonly,bf9b3e3,sprint,official,1,0,rating,b,b,0.0,core_destroyed,38,,39,0,7,4,20,120,11,10,ok,,1.622,bob-a,,2026-08-02T16:31:25+0200
4067c3f4f6abe4d6,gapfill-idrace-20260802,vigil@bf9b3e3,vigil,bf9b3e3,vigil@1b5f3d1,vigil,1b5f3d1,hive,official,1,0,rating,a,a,1.0,core_destroyed,33,,10,50,12,10,22,60,12,7,ok,,1.833,bob-a,,2026-08-02T16:32:06+0200
409eb5a070cfcfd5,gapfill-idrace-20260802,vanguard@818f3b4,vanguard,818f3b4,vigil@bf9b3e3,vigil,bf9b3e3,quarry,official,1,0,rating,b,b,0.0,core_destroyed,39,,59,160,9,14,10,50,12,8,ok,,2.04,bob-a,,2026-08-02T16:31:47+0200
42434d74f18f635a,gapfill-idrace-20260802,vigil@1b5f3d1,vigil,1b5f3d1,prospect@bf9b3e3,prospect,bf9b3e3,jackpot,official,1,0,rating,b,b,0.0,titanium_collected,1000,,42,330,4,3,7793,8120,9,33,ok,,11.046,bob-a,,2026-08-02T16:31:06+0200
42533cfb0aebe944,gapfill-idrace-20260802,vanguard@c407e79,vanguard,c407e79,vigil@bf9b3e3,vigil,bf9b3e3,hive,official,1,0,rating,b,b,0.0,core_destroyed,36,,47,70,10,12,20,70,10,12,ok,,2.86,bob-a,,2026-08-02T16:31:56+0200
429a4ebb74416a7e,gapfill-idrace-20260802,prospect_rushonly@bf9b3e3,prospect_rushonly,bf9b3e3,vigil@1b5f3d1,vigil,1b5f3d1,hive,official,1,0,rating,a,a,1.0,core_destroyed,46,,6,90,13,7,10,90,10,12,ok,,1.931,bob-a,,2026-08-02T16:31:32+0200
42c7355db1f2e3e4,gapfill-idrace-20260802,prospect@bf9b3e3,prospect,bf9b3e3,vanguard@c407e79,vanguard,c407e79,skerry,official,1,0,rating,b,b,0.0,core_destroyed,42,,174,210,9,9,59,240,12,9,ok,,2.204,bob-a,,2026-08-02T16:30:48+0200
431f0710f822816d,gapfill-idrace-20260802,vanguard@818f3b4,vanguard,818f3b4,prospect_rushonly@bf9b3e3,prospect_rushonly,bf9b3e3,atoll,official,1,0,rating,a,a,1.0,core_destroyed,40,,78,140,10,4,132,140,7,6,ok,,1.565,bob-a,,2026-08-02T16:31:05+0200
433e81d8fd56921d,gapfill-idrace-20260802,prospect@bf9b3e3,prospect,bf9b3e3,vanguard@c407e79,vanguard,c407e79,duel,official,1,0,rating,a,a,1.0,core_destroyed,47,,6,200,10,23,75,180,8,4,ok,,1.441,bob-a,,2026-08-02T16:30:42+0200
43bb4f2200eb2be9,gapfill-idrace-20260802,vanguard@c407e79,vanguard,c407e79,prospect_rushonly@bf9b3e3,prospect_rushonly,bf9b3e3,sweden,official,1,0,rating,a,a,1.0,core_destroyed,63,,29,280,6,21,10,280,13,15,ok,,2.122,bob-a,,2026-08-02T16:31:27+0200
445f294ac429e773,gapfill-idrace-20260802,vanguard@818f3b4,vanguard,818f3b4,vigil@bf9b3e3,vigil,bf9b3e3,bridge,official,1,0,rating,b,b,0.0,core_destroyed,47,,117,0,6,9,22,80,9,16,ok,,1.605,bob-a,,2026-08-02T16:31:41+0200
44def1b8eb4b8e1f,gapfill-idrace-20260802,prospect@bf9b3e3,prospect,bf9b3e3,prospect_rushonly@bf9b3e3,prospect_rushonly,bf9b3e3,twins,official,1,0,rating,a,a,1.0,core_destroyed,49,,21,40,11,4,13,170,8,15,ok,,1.96,bob-a,,2026-08-02T16:32:27+0200
46dbf60c7336d1a2,gapfill-idrace-20260802,vanguard@c407e79,vanguard,c407e79,prospect@bf9b3e3,prospect,bf9b3e3,crossfire,official,1,0,rating,b,b,0.0,core_destroyed,34,,95,140,10,7,20,120,12,7,ok,,1.526,bob-a,,2026-08-02T16:30:42+0200
47279e7e8e95b707,gapfill-idrace-20260802,vanguard@818f3b4,vanguard,818f3b4,prospect_rushonly@bf9b3e3,prospect_rushonly,bf9b3e3,sprint,official,1,0,rating,b,b,0.0,core_destroyed,38,,39,0,7,4,20,120,11,10,ok,,1.57,bob-a,,2026-08-02T16:31:14+0200
4760e5c5c5bb9062,gapfill-idrace-20260802,prospect@bf9b3e3,prospect,bf9b3e3,vigil@bf9b3e3,vigil,bf9b3e3,bridge,official,1,0,rating,a,a,1.0,titanium_collected,1000,,10739,8920,11,30,5055,2620,3,11,ok,,4.082,bob-a,,2026-08-02T16:32:32+0200
49722ed473e3bc3e,gapfill-idrace-20260802,prospect_rushonly@bf9b3e3,prospect_rushonly,bf9b3e3,vigil@1b5f3d1,vigil,1b5f3d1,duel,official,1,0,rating,b,b,0.0,core_destroyed,34,,131,120,6,9,30,130,10,9,ok,,1.797,bob-a,,2026-08-02T16:31:31+0200
49b528a781347bd7,gapfill-idrace-20260802,prospect_rushonly@bf9b3e3,prospect_rushonly,bf9b3e3,vanguard@818f3b4,vanguard,818f3b4,skerry,official,1,0,rating,a,a,1.0,core_destroyed,52,,47,290,10,11,45,190,13,2,ok,,2.28,bob-a,,2026-08-02T16:31:14+0200
4baaf64cccabdfe6,gapfill-idrace-20260802,vanguard@818f3b4,vanguard,818f3b4,prospect_rushonly@bf9b3e3,prospect_rushonly,bf9b3e3,strait,official,1,0,rating,b,b,0.0,core_destroyed,33,,58,120,10,8,61,80,9,10,ok,,2.061,bob-a,,2026-08-02T16:31:15+0200
4c7a65d8b31d1002,gapfill-idrace-20260802,vigil@bf9b3e3,vigil,bf9b3e3,vanguard@c407e79,vanguard,c407e79,longship,official,1,0,rating,a,a,1.0,core_destroyed,52,,31,110,12,12,107,210,10,11,ok,,1.911,bob-a,,2026-08-02T16:31:56+0200
4db2ca5e6d29f0a4,gapfill-idrace-20260802,prospect_rushonly@bf9b3e3,prospect_rushonly,bf9b3e3,vanguard@818f3b4,vanguard,818f3b4,jackpot,official,1,0,rating,a,a,1.0,core_destroyed,66,,24,150,12,7,87,290,5,7,ok,,1.932,bob-a,,2026-08-02T16:31:10+0200
4e5683abcdcf2ed4,gapfill-idrace-20260802,vigil@1b5f3d1,vigil,1b5f3d1,prospect_rushonly@bf9b3e3,prospect_rushonly,bf9b3e3,sweden,official,1,0,rating,a,a,1.0,core_destroyed,29,,18,0,9,14,121,30,9,8,ok,,1.655,bob-a,,2026-08-02T16:31:38+0200
4e9841557aaa9a29,gapfill-idrace-20260802,vigil@bf9b3e3,vigil,bf9b3e3,prospect@bf9b3e3,prospect,bf9b3e3,vault,official,1,0,rating,a,a,1.0,core_destroyed,34,,10,110,11,10,369,120,3,5,ok,,1.852,bob-a,,2026-08-02T16:32:41+0200
50015e7d9781b613,gapfill-idrace-20260802,vigil@bf9b3e3,vigil,bf9b3e3,vigil@1b5f3d1,vigil,1b5f3d1,longship,official,1,0,rating,b,b,0.0,core_destroyed,43,,8,80,12,10,23,90,11,10,ok,,1.816,bob-a,,2026-08-02T16:32:07+0200
505d0ba88f5aae98,gapfill-idrace-20260802,prospect_rushonly@bf9b3e3,prospect_rushonly,bf9b3e3,vanguard@818f3b4,vanguard,818f3b4,showdown,official,1,0,rating,b,b,0.0,core_destroyed,28,,52,0,11,5,88,0,4,1,ok,,2.001,bob-a,,2026-08-02T16:31:13+0200
50cda6ec4fef8542,gapfill-idrace-20260802,vigil@bf9b3e3,vigil,bf9b3e3,prospect_rushonly@bf9b3e3,prospect_rushonly,bf9b3e3,runestone,official,1,0,rating,a,a,1.0,core_destroyed,27,,9,40,12,8,9,40,11,6,ok,,2.011,bob-a,,2026-08-02T16:32:48+0200
5140a49c35988a17,gapfill-idrace-20260802,vigil@1b5f3d1,vigil,1b5f3d1,prospect_rushonly@bf9b3e3,prospect_rushonly,bf9b3e3,string,official,1,0,rating,a,a,1.0,core_destroyed,51,,7,20,6,4,21,210,9,11,ok,,1.762,bob-a,,2026-08-02T16:31:37+0200
5174c7c28d9ac914,gapfill-idrace-20260802,prospect@bf9b3e3,prospect,bf9b3e3,vanguard@c407e79,vanguard,c407e79,fjord,official,1,0,rating,b,b,0.0,core_destroyed,38,,59,200,10,13,60,230,13,8,ok,,1.832,bob-a,,2026-08-02T16:30:43+0200
51913828e5261c33,gapfill-idrace-20260802,vanguard@c407e79,vanguard,c407e79,prospect_rushonly@bf9b3e3,prospect_rushonly,bf9b3e3,strait,official,1,0,rating,b,b,0.0,core_destroyed,43,,34,140,8,6,7,90,11,9,ok,,1.948,bob-a,,2026-08-02T16:31:26+0200
5198052730964167,gapfill-idrace-20260802,vanguard@c407e79,vanguard,c407e79,prospect@bf9b3e3,prospect,bf9b3e3,skerry,official,1,0,rating,b,b,0.0,core_destroyed,41,,78,230,9,9,186,200,9,10,ok,,1.593,bob-a,,2026-08-02T16:30:48+0200
51e9fc652c4dd01a,gapfill-idrace-20260802,vigil@1b5f3d1,vigil,1b5f3d1,prospect_rushonly@bf9b3e3,prospect_rushonly,bf9b3e3,showdown,official,1,0,rating,a,a,1.0,core_destroyed,36,,21,0,7,8,34,0,6,4,ok,,2.211,bob-a,,2026-08-02T16:31:36+0200
52769c5f05aa2da8,gapfill-idrace-20260802,prospect_rushonly@bf9b3e3,prospect_rushonly,bf9b3e3,vanguard@c407e79,vanguard,c407e79,jackpot,official,1,0,rating,b,b,0.0,core_destroyed,55,,7,50,13,5,84,230,7,8,ok,,2.173,bob-a,,2026-08-02T16:31:21+0200
52d66de331e6c147,gapfill-idrace-20260802,vanguard@c407e79,vanguard,c407e79,prospect@bf9b3e3,prospect,bf9b3e3,jackpot,official,1,0,rating,b,b,0.0,core_destroyed,40,,94,150,9,7,22,140,13,13,ok,,2.203,bob-a,,2026-08-02T16:30:45+0200
5391eabf992970fb,gapfill-idrace-20260802,prospect_rushonly@bf9b3e3,prospect_rushonly,bf9b3e3,vanguard@818f3b4,vanguard,818f3b4,duel,official,1,0,rating,a,a,1.0,core_destroyed,53,,55,250,10,24,101,240,8,5,ok,,1.767,bob-a,,2026-08-02T16:31:08+0200
5429dcc273975dfe,gapfill-idrace-20260802,vanguard@c407e79,vanguard,c407e79,vigil@bf9b3e3,vigil,bf9b3e3,bridge,official,1,0,rating,b,b,0.0,core_destroyed,39,,74,30,7,7,20,50,11,11,ok,,1.534,bob-a,,2026-08-02T16:31:52+0200
546284d3935cdf5d,gapfill-idrace-20260802,prospect@bf9b3e3,prospect,bf9b3e3,vigil@bf9b3e3,vigil,bf9b3e3,crossfire,official,1,0,rating,b,b,0.0,core_destroyed,34,,12,70,10,8,8,40,10,4,ok,,1.751,bob-a,,2026-08-02T16:32:30+0200
54d3b69ebfad9f44,gapfill-idrace-20260802,vanguard@c407e79,vanguard,c407e79,prospect@bf9b3e3,prospect,bf9b3e3,fjord,official,1,0,rating,b,b,0.0,core_destroyed,36,,108,200,9,8,30,190,12,11,ok,,1.92,bob-a,,2026-08-02T16:30:44+0200
54f7e3d79cdf34ac,gapfill-idrace-20260802,prospect_rushonly@bf9b3e3,prospect_rushonly,bf9b3e3,vanguard@c407e79,vanguard,c407e79,twins,official,1,0,rating,b,b,0.0,core_destroyed,41,,53,80,12,8,58,220,10,11,ok,,2.49,bob-a,,2026-08-02T16:31:28+0200
558c4e57622bb000,gapfill-idrace-20260802,vanguard@c407e79,vanguard,c407e79,vigil@bf9b3e3,vigil,bf9b3e3,atoll,official,1,0,rating,a,a,1.0,core_destroyed,83,,100,280,10,6,234,360,12,7,ok,,2.526,bob-a,,2026-08-02T16:31:52+0200
5599a65348b86fb9,gapfill-idrace-20260802,vigil@bf9b3e3,vigil,bf9b3e3,vanguard@818f3b4,vanguard,818f3b4,aurora,official,1,0,rating,a,a,1.0,core_destroyed,48,,20,100,12,8,69,190,10,8,ok,,2.237,bob-a,,2026-08-02T16:31:41+0200
55c4d8fb3aa1b6f8,gapfill-idrace-20260802,vigil@bf9b3e3,vigil,bf9b3e3,prospect_rushonly@bf9b3e3,prospect_rushonly,bf9b3e3,hive,official,1,0,rating,b,b,0.0,core_destroyed,42,,6,80,11,10,5,80,12,6,ok,,2.016,bob-a,,2026-08-02T16:32:46+0200
565772165b91c366,gapfill-idrace-20260802,vanguard@818f3b4,vanguard,818f3b4,prospect_rushonly@bf9b3e3,prospect_rushonly,bf9b3e3,skerry,official,1,0,rating,a,a,1.0,core_destroyed,37,,59,160,11,6,195,140,9,5,ok,,1.728,bob-a,,2026-08-02T16:31:13+0200
56ae5994f364a112,gapfill-idrace-20260802,vigil@bf9b3e3,vigil,bf9b3e3,vigil@1b5f3d1,vigil,1b5f3d1,pinch,official,1,0,rating,b,b,0.0,core_destroyed,33,,16,60,8,10,9,60,12,6,ok,,2.454,bob-a,,2026-08-02T16:32:08+0200
56aea56e27c0b612,gapfill-idrace-20260802,vigil@bf9b3e3,vigil,bf9b3e3,vanguard@c407e79,vanguard,c407e79,quarry,official,1,0,rating,a,a,1.0,core_destroyed,33,,10,40,12,8,61,120,8,17,ok,,1.614,bob-a,,2026-08-02T16:31:58+0200
57278a60acf7bb0d,gapfill-idrace-20260802,vanguard@818f3b4,vanguard,818f3b4,prospect_rushonly@bf9b3e3,prospect_rushonly,bf9b3e3,pinch,official,1,0,rating,b,b,0.0,core_destroyed,43,,54,110,9,5,44,170,9,12,ok,,1.534,bob-a,,2026-08-02T16:31:11+0200
574b3bc66475ede0,gapfill-idrace-20260802,vanguard@818f3b4,vanguard,818f3b4,prospect@bf9b3e3,prospect,bf9b3e3,jackpot,official,1,0,rating,b,b,0.0,core_destroyed,41,,83,150,8,7,20,150,13,14,ok,,1.889,bob-a,,2026-08-02T16:30:33+0200
577139109d906efb,gapfill-idrace-20260802,prospect_rushonly@bf9b3e3,prospect_rushonly,bf9b3e3,vanguard@c407e79,vanguard,c407e79,skerry,official,1,0,rating,b,b,0.0,core_destroyed,42,,174,210,9,9,59,240,12,9,ok,,2.468,bob-a,,2026-08-02T16:31:25+0200
57a2c2e108632cb2,gapfill-idrace-20260802,vigil@bf9b3e3,vigil,bf9b3e3,prospect@bf9b3e3,prospect,bf9b3e3,jackpot,official,1,0,rating,b,b,0.0,titanium_collected,1000,,42,330,4,3,7793,8120,9,33,ok,,11.654,bob-a,,2026-08-02T16:32:43+0200
57b30f9f224c743b,gapfill-idrace-20260802,vanguard@c407e79,vanguard,c407e79,prospect_rushonly@bf9b3e3,prospect_rushonly,bf9b3e3,pinch,official,1,0,rating,b,b,0.0,core_destroyed,42,,58,80,8,6,41,160,9,12,ok,,1.974,bob-a,,2026-08-02T16:31:23+0200
58338f97f4e6ecab,gapfill-idrace-20260802,prospect@bf9b3e3,prospect,bf9b3e3,vigil@1b5f3d1,vigil,1b5f3d1,longship,official,1,0,rating,b,b,0.0,core_destroyed,29,,6,50,11,5,10,50,10,12,ok,,1.752,bob-a,,2026-08-02T16:30:58+0200
58ce804eeece3071,gapfill-idrace-20260802,prospect_rushonly@bf9b3e3,prospect_rushonly,bf9b3e3,prospect@bf9b3e3,prospect,bf9b3e3,vase,official,1,0,rating,b,b,0.0,core_destroyed,31,,185,40,5,11,23,40,11,7,ok,,1.373,bob-a,,2026-08-02T16:32:27+0200
59c6b2a3498c12a3,gapfill-idrace-20260802,vanguard@c407e79,vanguard,c407e79,prospect_rushonly@bf9b3e3,prospect_rushonly,bf9b3e3,vault,official,1,0,rating,a,a,1.0,core_destroyed,54,,58,200,8,4,186,160,11,4,ok,,2.617,bob-a,,2026-08-02T16:31:30+0200
5a77e4c43d8da2d8,gapfill-idrace-20260802,vanguard@818f3b4,vanguard,818f3b4,prospect_rushonly@bf9b3e3,prospect_rushonly,bf9b3e3,fjord,official,1,0,rating,b,b,0.0,core_destroyed,37,,96,200,7,8,12,200,12,12,ok,,1.683,bob-a,,2026-08-02T16:31:08+0200
5aab23d8f46b1835,gapfill-idrace-20260802,prospect@bf9b3e3,prospect,bf9b3e3,vigil@1b5f3d1,vigil,1b5f3d1,sprint,official,1,0,rating,a,a,1.0,core_destroyed,34,,4,20,7,4,8,60,8,9,ok,,1.727,bob-a,,2026-08-02T16:31:01+0200
5b5b4246946934fd,gapfill-idrace-20260802,vanguard@818f3b4,vanguard,818f3b4,vigil@bf9b3e3,vigil,bf9b3e3,skerry,official,1,0,rating,b,b,0.0,core_destroyed,34,,71,140,9,5,19,130,12,11,ok,,1.886,bob-a,,2026-08-02T16:31:47+0200
5b7f911416b55da7,gapfill-idrace-20260802,vigil@bf9b3e3,vigil,bf9b3e3,vanguard@c407e79,vanguard,c407e79,strait,official,1,0,rating,a,a,1.0,core_destroyed,54,,10,110,12,14,42,190,7,25,ok,,1.823,bob-a,,2026-08-02T16:32:00+0200
5bd6df73bd2c3f20,gapfill-idrace-20260802,vanguard@818f3b4,vanguard,818f3b4,prospect_rushonly@bf9b3e3,prospect_rushonly,bf9b3e3,jackpot,official,1,0,rating,b,b,0.0,core_destroyed,51,,117,180,9,5,15,190,12,19,ok,,1.769,bob-a,,2026-08-02T16:31:10+0200
5c7a6afc5db2a051,gapfill-idrace-20260802,vigil@1b5f3d1,vigil,1b5f3d1,prospect_rushonly@bf9b3e3,prospect_rushonly,bf9b3e3,vase,official,1,0,rating,b,b,0.0,core_destroyed,53,,10,10,9,2,9,90,9,7,ok,,2.343,bob-a,,2026-08-02T16:31:39+0200
5ea69f54480a8d58,gapfill-idrace-20260802,prospect_rushonly@bf9b3e3,prospect_rushonly,bf9b3e3,vanguard@c407e79,vanguard,c407e79,bridge,official,1,0,rating,a,a,1.0,core_destroyed,248,,1421,1900,17,23,1101,1470,4,13,ok,,4.939,bob-a,,2026-08-02T16:31:22+0200
5f5eb0cf13581d0b,gapfill-idrace-20260802,vigil@1b5f3d1,vigil,1b5f3d1,vigil@bf9b3e3,vigil,bf9b3e3,bridge,official,1,0,rating,b,b,0.0,core_destroyed,80,,46,0,9,8,23,0,7,5,ok,,2.071,bob-a,,2026-08-02T16:32:04+0200
5f86eddeca38b6f0,gapfill-idrace-20260802,vigil@bf9b3e3,vigil,bf9b3e3,prospect_rushonly@bf9b3e3,prospect_rushonly,bf9b3e3,skerry,official,1,0,rating,a,a,1.0,core_destroyed,37,,33,150,12,10,81,110,9,4,ok,,2.356,bob-a,,2026-08-02T16:32:50+0200
6088f4ced0fb07bf,gapfill-idrace-20260802,vigil@1b5f3d1,vigil,1b5f3d1,prospect_rushonly@bf9b3e3,prospect_rushonly,bf9b3e3,atoll,official,1,0,rating,a,a,1.0,core_destroyed,29,,7,90,11,11,310,90,4,6,ok,,1.603,bob-a,,2026-08-02T16:31:29+0200
61af7d5a9b67b6ae,gapfill-idrace-20260802,vigil@bf9b3e3,vigil,bf9b3e3,vanguard@818f3b4,vanguard,818f3b4,strait,official,1,0,rating,a,a,1.0,core_destroyed,54,,10,110,12,14,91,190,7,19,ok,,2.131,bob-a,,2026-08-02T16:31:49+0200
62c39dfc5cf0dcce,gapfill-idrace-20260802,prospect_rushonly@bf9b3e3,prospect_rushonly,bf9b3e3,vigil@bf9b3e3,vigil,bf9b3e3,twins,official,1,0,rating,b,b,0.0,core_destroyed,35,,38,90,11,9,20,60,9,13,ok,,2.108,bob-a,,2026-08-02T16:32:52+0200
62ffc7d104093404,gapfill-idrace-20260802,vanguard@c407e79,vanguard,c407e79,prospect_rushonly@bf9b3e3,prospect_rushonly,bf9b3e3,twins,official,1,0,rating,b,b,0.0,core_destroyed,54,,36,200,6,9,4,70,10,6,ok,,2.454,bob-a,,2026-08-02T16:31:28+0200
63b782706846557a,gapfill-idrace-20260802,prospect_rushonly@bf9b3e3,prospect_rushonly,bf9b3e3,prospect@bf9b3e3,prospect,bf9b3e3,vault,official,1,0,rating,b,b,0.0,core_destroyed,43,,240,160,9,6,243,170,9,6,ok,,1.933,bob-a,,2026-08-02T16:32:29+0200
63d3b3c195608df1,gapfill-idrace-20260802,vigil@bf9b3e3,vigil,bf9b3e3,prospect_rushonly@bf9b3e3,prospect_rushonly,bf9b3e3,quarry,official,1,0,rating,b,b,0.0,core_destroyed,67,,15,120,11,7,38,250,11,10,ok,,2.804,bob-a,,2026-08-02T16:32:49+0200
63d79b5dd789f00d,gapfill-idrace-20260802,vanguard@c407e79,vanguard,c407e79,prospect@bf9b3e3,prospect,bf9b3e3,sprint,official,1,0,rating,b,b,0.0,core_destroyed,38,,39,0,7,4,20,120,11,10,ok,,1.813,bob-a,,2026-08-02T16:30:49+0200
6444ee0fab67cbe0,gapfill-idrace-20260802,vanguard@818f3b4,vanguard,818f3b4,prospect_rushonly@bf9b3e3,prospect_rushonly,bf9b3e3,vault,official,1,0,rating,a,a,1.0,core_destroyed,36,,69,150,13,7,308,130,7,5,ok,,1.632,bob-a,,2026-08-02T16:31:17+0200
644ea2c3097c0153,gapfill-idrace-20260802,vanguard@c407e79,vanguard,c407e79,vigil@bf9b3e3,vigil,bf9b3e3,string,official,1,0,rating,a,a,1.0,core_destroyed,62,,63,50,3,7,106,140,10,5,ok,,2.268,bob-a,,2026-08-02T16:32:01+0200
646a3625a44d736e,gapfill-idrace-20260802,prospect@bf9b3e3,prospect,bf9b3e3,prospect_rushonly@bf9b3e3,prospect_rushonly,bf9b3e3,pinch,official,1,0,rating,b,b,0.0,core_destroyed,32,,147,80,6,9,30,90,10,12,ok,,1.926,bob-a,,2026-08-02T16:32:22+0200
6482e8820eabcecf,gapfill-idrace-20260802,vigil@bf9b3e3,vigil,bf9b3e3,prospect_rushonly@bf9b3e3,prospect_rushonly,bf9b3e3,pinch,official,1,0,rating,a,a,1.0,core_destroyed,28,,20,50,8,9,117,50,6,4,ok,,1.937,bob-a,,2026-08-02T16:32:47+0200
64cc1a72d3e0e112,gapfill-idrace-20260802,vanguard@c407e79,vanguard,c407e79,prospect_rushonly@bf9b3e3,prospect_rushonly,bf9b3e3,crossfire,official,1,0,rating,b,b,0.0,core_destroyed,34,,95,140,10,7,20,120,12,7,ok,,1.856,bob-a,,2026-08-02T16:31:19+0200
64e8574d9a899400,gapfill-idrace-20260802,prospect@bf9b3e3,prospect,bf9b3e3,vanguard@818f3b4,vanguard,818f3b4,sweden,official,1,0,rating,b,b,0.0,core_destroyed,62,,23,120,11,12,59,220,7,14,ok,,2.127,bob-a,,2026-08-02T16:30:38+0200
654111254936cc8a,gapfill-idrace-20260802,prospect_rushonly@bf9b3e3,prospect_rushonly,bf9b3e3,prospect@bf9b3e3,prospect,bf9b3e3,showdown,official,1,0,rating,a,a,1.0,core_destroyed,25,,10,0,9,5,152,0,5,5,ok,,1.743,bob-a,,2026-08-02T16:32:24+0200
65626e17410b9af4,gapfill-idrace-20260802,prospect_rushonly@bf9b3e3,prospect_rushonly,bf9b3e3,prospect@bf9b3e3,prospect,bf9b3e3,aurora,official,1,0,rating,b,b,0.0,core_destroyed,38,,74,70,7,5,8,110,11,9,ok,,1.99,bob-a,,2026-08-02T16:32:17+0200
65a8e98c25405ca7,gapfill-idrace-20260802,vigil@bf9b3e3,vigil,bf9b3e3,prospect_rushonly@bf9b3e3,prospect_rushonly,bf9b3e3,sprint,official,1,0,rating,b,b,0.0,core_destroyed,36,,23,60,9,3,28,100,7,9,ok,,1.612,bob-a,,2026-08-02T16:32:49+0200
6602fb675e0eee4f,gapfill-idrace-20260802,prospect@bf9b3e3,prospect,bf9b3e3,vigil@1b5f3d1,vigil,1b5f3d1,crossfire,official,1,0,rating,b,b,0.0,core_destroyed,34,,12,70,10,8,8,40,10,4,ok,,1.79,bob-a,,2026-08-02T16:30:54+0200
6669811d150686af,gapfill-idrace-20260802,vanguard@818f3b4,vanguard,818f3b4,prospect@bf9b3e3,prospect,bf9b3e3,atoll,official,1,0,rating,a,a,1.0,core_destroyed,40,,78,140,10,4,132,140,7,6,ok,,1.329,bob-a,,2026-08-02T16:30:29+0200
66a1c4a2abdcc4d0,gapfill-idrace-20260802,prospect_rushonly@bf9b3e3,prospect_rushonly,bf9b3e3,prospect@bf9b3e3,prospect,bf9b3e3,longship,official,1,0,rating,b,b,0.0,titanium_collected,35,,7,60,11,8,13,90,10,8,ok,,1.706,bob-a,,2026-08-02T16:32:21+0200
66ba62795e2c0900,gapfill-idrace-20260802,vigil@bf9b3e3,vigil,bf9b3e3,vanguard@c407e79,vanguard,c407e79,duel,official,1,0,rating,a,a,1.0,core_destroyed,45,,84,100,9,5,103,200,7,5,ok,,2.373,bob-a,,2026-08-02T16:31:54+0200
67409ce6c5098040,gapfill-idrace-20260802,vigil@bf9b3e3,vigil,bf9b3e3,prospect@bf9b3e3,prospect,bf9b3e3,fjord,official,1,0,rating,a,a,1.0,titanium_collected,38,,21,190,12,8,59,150,11,6,ok,,2.359,bob-a,,2026-08-02T16:32:33+0200
684efc882d41bc28,gapfill-idrace-20260802,prospect_rushonly@bf9b3e3,prospect_rushonly,bf9b3e3,vigil@bf9b3e3,vigil,bf9b3e3,aurora,official,1,0,rating,a,a,1.0,core_destroyed,60,,20,130,11,5,20,90,12,8,ok,,2.202,bob-a,,2026-08-02T16:32:43+0200
6959dafabb4bfa9e,gapfill-idrace-20260802,vanguard@818f3b4,vanguard,818f3b4,prospect@bf9b3e3,prospect,bf9b3e3,showdown,official,1,0,rating,b,b,0.0,core_destroyed,34,,63,0,8,0,14,60,9,16,ok,,1.689,bob-a,,2026-08-02T16:30:35+0200
699d086bb49feec2,gapfill-idrace-20260802,vanguard@818f3b4,vanguard,818f3b4,prospect@bf9b3e3,prospect,bf9b3e3,aurora,official,1,0,rating,b,b,0.0,core_destroyed,49,,110,200,9,8,7,170,14,10,ok,,1.851,bob-a,,2026-08-02T16:30:30+0200
6a5618e7a2a7dfae,gapfill-idrace-20260802,vanguard@818f3b4,vanguard,818f3b4,prospect_rushonly@bf9b3e3,prospect_rushonly,bf9b3e3,longship,official,1,0,rating,b,b,0.0,core_destroyed,38,,83,140,8,8,4,110,11,11,ok,,1.971,bob-a,,2026-08-02T16:31:11+0200
6acd9c8ffe798592,gapfill-idrace-20260802,vigil@bf9b3e3,vigil,bf9b3e3,vigil@1b5f3d1,vigil,1b5f3d1,skerry,official,1,0,rating,a,a,1.0,core_destroyed,34,,9,130,13,9,9,120,8,8,ok,,1.882,bob-a,,2026-08-02T16:32:10+0200
6b37314792dc28fa,gapfill-idrace-20260802,vigil@1b5f3d1,vigil,1b5f3d1,vigil@bf9b3e3,vigil,bf9b3e3,longship,official,1,0,rating,b,b,0.0,core_destroyed,43,,8,80,12,10,23,90,11,10,ok,,2.442,bob-a,,2026-08-02T16:32:08+0200
6c43c66db61871dc,gapfill-idrace-20260802,prospect@bf9b3e3,prospect,bf9b3e3,vigil@bf9b3e3,vigil,bf9b3e3,twins,official,1,0,rating,b,b,0.0,core_destroyed,35,,38,90,11,9,20,60,9,13,ok,,1.837,bob-a,,2026-08-02T16:32:39+0200
6cb69adfc32cf1b4,gapfill-idrace-20260802,prospect_rushonly@bf9b3e3,prospect_rushonly,bf9b3e3,vanguard@c407e79,vanguard,c407e79,aurora,official,1,0,rating,a,a,1.0,core_destroyed,48,,19,100,13,9,13,150,13,7,ok,,2.083,bob-a,,2026-08-02T16:31:18+0200
6cfd07ab1b13f801,gapfill-idrace-20260802,vigil@1b5f3d1,vigil,1b5f3d1,vigil@bf9b3e3,vigil,bf9b3e3,sweden,official,1,0,rating,a,a,1.0,core_destroyed,45,,9,0,7,14,10,0,12,8,ok,,1.885,bob-a,,2026-08-02T16:32:13+0200
6d4a74dae0307cf3,gapfill-idrace-20260802,prospect_rushonly@bf9b3e3,prospect_rushonly,bf9b3e3,vanguard@818f3b4,vanguard,818f3b4,sprint,official,1,0,rating,a,a,1.0,core_destroyed,40,,16,0,12,4,64,0,6,1,ok,,1.607,bob-a,,2026-08-02T16:31:13+0200
6dd6394c1a21443b,gapfill-idrace-20260802,prospect@bf9b3e3,prospect,bf9b3e3,vigil@1b5f3d1,vigil,1b5f3d1,vault,official,1,0,rating,b,b,0.0,core_destroyed,30,,336,90,3,6,20,110,12,10,ok,,1.202,bob-a,,2026-08-02T16:31:04+0200
6df426103319818c,gapfill-idrace-20260802,prospect_rushonly@bf9b3e3,prospect_rushonly,bf9b3e3,vanguard@c407e79,vanguard,c407e79,pinch,official,1,0,rating,a,a,1.0,core_destroyed,41,,31,80,9,7,38,130,12,8,ok,,1.938,bob-a,,2026-08-02T16:31:23+0200
6e0323863dd7dd5f,gapfill-idrace-20260802,vigil@bf9b3e3,vigil,bf9b3e3,prospect_rushonly@bf9b3e3,prospect_rushonly,bf9b3e3,duel,official,1,0,rating,a,a,1.0,core_destroyed,60,,47,260,10,11,199,220,6,12,ok,,2.001,bob-a,,2026-08-02T16:32:45+0200
6e067903dcb89f30,gapfill-idrace-20260802,prospect@bf9b3e3,prospect,bf9b3e3,vanguard@c407e79,vanguard,c407e79,bridge,official,1,0,rating,a,a,1.0,core_destroyed,178,,10,0,14,5,58,350,8,14,ok,,3.395,bob-a,,2026-08-02T16:30:43+0200
6e4b9c8bb8ab8717,gapfill-idrace-20260802,prospect@bf9b3e3,prospect,bf9b3e3,vanguard@c407e79,vanguard,c407e79,aurora,official,1,0,rating,a,a,1.0,core_destroyed,48,,19,100,13,9,13,150,13,7,ok,,2.429,bob-a,,2026-08-02T16:30:41+0200
6e634f1b51fe85d9,gapfill-idrace-20260802,vigil@bf9b3e3,vigil,bf9b3e3,prospect_rushonly@bf9b3e3,prospect_rushonly,bf9b3e3,showdown,official,1,0,rating,a,a,1.0,core_destroyed,36,,21,0,7,8,34,0,6,4,ok,,2.259,bob-a,,2026-08-02T16:32:49+0200
6f164d20b3dac7fc,gapfill-idrace-20260802,prospect@bf9b3e3,prospect,bf9b3e3,vanguard@c407e79,vanguard,c407e79,hive,official,1,0,rating,a,a,1.0,core_destroyed,46,,2,100,11,16,71,120,9,19,ok,,1.997,bob-a,,2026-08-02T16:30:44+0200
6fb28baf7d9d189f,gapfill-idrace-20260802,vanguard@c407e79,vanguard,c407e79,prospect@bf9b3e3,prospect,bf9b3e3,hive,official,1,0,rating,b,b,0.0,core_destroyed,43,,35,150,11,15,54,90,11,13,ok,,1.736,bob-a,,2026-08-02T16:30:44+0200
6fd07fd79fb251ef,gapfill-idrace-20260802,vigil@bf9b3e3,vigil,bf9b3e3,vigil@1b5f3d1,vigil,1b5f3d1,fjord,official,1,0,rating,b,b,0.0,core_destroyed,29,,9,90,11,5,27,110,9,6,ok,,1.768,bob-a,,2026-08-02T16:32:05+0200
70c93075a4941725,gapfill-idrace-20260802,vigil@bf9b3e3,vigil,bf9b3e3,prospect_rushonly@bf9b3e3,prospect_rushonly,bf9b3e3,strait,official,1,0,rating,a,a,1.0,titanium_collected,47,,7,90,11,8,8,80,13,6,ok,,1.986,bob-a,,2026-08-02T16:32:50+0200
71386bafce913d21,gapfill-idrace-20260802,prospect@bf9b3e3,prospect,bf9b3e3,vigil@1b5f3d1,vigil,1b5f3d1,duel,official,1,0,rating,b,b,0.0,core_destroyed,34,,131,120,6,9,30,130,10,9,ok,,1.486,bob-a,,2026-08-02T16:30:54+0200
715859e924354680,gapfill-idrace-20260802,prospect_rushonly@bf9b3e3,prospect_rushonly,bf9b3e3,prospect@bf9b3e3,prospect,bf9b3e3,sprint,official,1,0,rating,b,b,0.0,core_destroyed,28,,28,40,11,3,12,70,9,8,ok,,1.579,bob-a,,2026-08-02T16:32:25+0200
71dbe3a4bcecc0e6,gapfill-idrace-20260802,vanguard@818f3b4,vanguard,818f3b4,prospect@bf9b3e3,prospect,bf9b3e3,pinch,official,1,0,rating,b,b,0.0,core_destroyed,43,,54,110,9,5,44,170,9,12,ok,,1.438,bob-a,,2026-08-02T16:30:33+0200
72226f78535bc61d,gapfill-idrace-20260802,vanguard@c407e79,vanguard,c407e79,prospect_rushonly@bf9b3e3,prospect_rushonly,bf9b3e3,duel,official,1,0,rating,b,b,0.0,core_destroyed,273,,546,1330,13,8,1178,1330,11,7,ok,,3.739,bob-a,,2026-08-02T16:31:22+0200
727d85a0c47d81fb,gapfill-idrace-20260802,prospect_rushonly@bf9b3e3,prospect_rushonly,bf9b3e3,vanguard@818f3b4,vanguard,818f3b4,crossfire,official,1,0,rating,a,a,1.0,core_destroyed,49,,10,190,13,14,96,190,7,5,ok,,1.895,bob-a,,2026-08-02T16:31:07+0200
72d390771c8e73b7,gapfill-idrace-20260802,vanguard@818f3b4,vanguard,818f3b4,prospect_rushonly@bf9b3e3,prospect_rushonly,bf9b3e3,sweden,official,1,0,rating,a,a,1.0,core_destroyed,52,,70,220,7,16,69,240,10,16,ok,,1.7,bob-a,,2026-08-02T16:31:15+0200
72da8e36f5e117d3,gapfill-idrace-20260802,prospect_rushonly@bf9b3e3,prospect_rushonly,bf9b3e3,vanguard@c407e79,vanguard,c407e79,vault,official,1,0,rating,a,a,1.0,core_destroyed,48,,199,190,10,7,26,200,14,6,ok,,2.148,bob-a,,2026-08-02T16:31:28+0200
73160a2a674d1700,gapfill-idrace-20260802,vigil@bf9b3e3,vigil,bf9b3e3,vigil@1b5f3d1,vigil,1b5f3d1,sweden,official,1,0,rating,a,a,1.0,core_destroyed,48,,20,0,7,12,20,0,9,9,ok,,2.747,bob-a,,2026-08-02T16:32:13+0200
73240f3829d783d1,gapfill-idrace-20260802,vanguard@c407e79,vanguard,c407e79,vigil@bf9b3e3,vigil,bf9b3e3,longship,official,1,0,rating,b,b,0.0,core_destroyed,43,,91,160,10,8,20,90,11,14,ok,,1.83,bob-a,,2026-08-02T16:31:56+0200
733b5681abf48fed,gapfill-idrace-20260802,prospect_rushonly@bf9b3e3,prospect_rushonly,bf9b3e3,vigil@bf9b3e3,vigil,bf9b3e3,jackpot,official,1,0,rating,b,b,0.0,core_destroyed,41,,181,80,5,4,31,110,10,8,ok,,2.035,bob-a,,2026-08-02T16:32:46+0200
7356b95589c2f47b,gapfill-idrace-20260802,vigil@bf9b3e3,vigil,bf9b3e3,prospect@bf9b3e3,prospect,bf9b3e3,quarry,official,1,0,rating,b,b,0.0,core_destroyed,67,,15,120,11,7,38,250,11,10,ok,,3.194,bob-a,,2026-08-02T16:32:36+0200
740264f1b3677a5a,gapfill-idrace-20260802,vigil@1b5f3d1,vigil,1b5f3d1,prospect_rushonly@bf9b3e3,prospect_rushonly,bf9b3e3,pinch,official,1,0,rating,a,a,1.0,core_destroyed,28,,20,50,8,9,117,50,6,4,ok,,1.907,bob-a,,2026-08-02T16:31:34+0200
746b30e696979d82,gapfill-idrace-20260802,vigil@bf9b3e3,vigil,bf9b3e3,prospect@bf9b3e3,prospect,bf9b3e3,vase,official,1,0,rating,b,b,0.0,core_destroyed,51,,130,90,6,6,30,90,9,7,ok,,1.9,bob-a,,2026-08-02T16:32:41+0200
74765337b071b38f,gapfill-idrace-20260802,prospect_rushonly@bf9b3e3,prospect_rushonly,bf9b3e3,vigil@1b5f3d1,vigil,1b5f3d1,fjord,official,1,0,rating,b,b,0.0,core_destroyed,28,,136,90,7,5,30,100,11,7,ok,,1.981,bob-a,,2026-08-02T16:31:32+0200
748d9005d5e004a1,gapfill-idrace-20260802,prospect_rushonly@bf9b3e3,prospect_rushonly,bf9b3e3,vanguard@818f3b4,vanguard,818f3b4,string,official,1,0,rating,a,a,1.0,core_destroyed,67,,43,290,14,16,89,100,1,1,ok,,2.487,bob-a,,2026-08-02T16:31:15+0200
75a128bce201c750,gapfill-idrace-20260802,prospect@bf9b3e3,prospect,bf9b3e3,prospect_rushonly@bf9b3e3,prospect_rushonly,bf9b3e3,strait,official,1,0,rating,a,a,1.0,core_destroyed,47,,13,100,9,6,48,150,9,13,ok,,2.383,bob-a,,2026-08-02T16:32:26+0200
760acc8379733c5d,gapfill-idrace-20260802,prospect_rushonly@bf9b3e3,prospect_rushonly,bf9b3e3,vigil@bf9b3e3,vigil,bf9b3e3,runestone,official,1,0,rating,b,b,0.0,core_destroyed,29,,7,40,11,5,9,40,10,10,ok,,1.728,bob-a,,2026-08-02T16:32:48+0200
7614f25176525745,gapfill-idrace-20260802,vanguard@c407e79,vanguard,c407e79,prospect@bf9b3e3,prospect,bf9b3e3,vase,official,1,0,rating,b,b,0.0,core_destroyed,32,,87,20,5,6,20,40,10,7,ok,,1.671,bob-a,,2026-08-02T16:30:51+0200
764e3297d257e526,gapfill-idrace-20260802,vigil@1b5f3d1,vigil,1b5f3d1,prospect@bf9b3e3,prospect,bf9b3e3,duel,official,1,0,rating,a,a,1.0,core_destroyed,60,,47,260,10,11,199,220,6,12,ok,,2.22,bob-a,,2026-08-02T16:30:56+0200
776f655ccef12fc6,gapfill-idrace-20260802,vigil@bf9b3e3,vigil,bf9b3e3,vanguard@c407e79,vanguard,c407e79,atoll,official,1,0,rating,a,a,1.0,core_destroyed,31,,21,100,10,10,129,120,9,6,ok,,1.771,bob-a,,2026-08-02T16:31:51+0200
77a26f12f419b685,gapfill-idrace-20260802,vigil@bf9b3e3,vigil,bf9b3e3,prospect_rushonly@bf9b3e3,prospect_rushonly,bf9b3e3,aurora,official,1,0,rating,a,a,1.0,core_destroyed,33,,10,60,11,8,45,60,10,7,ok,,1.883,bob-a,,2026-08-02T16:32:43+0200
7805616704c742ed,gapfill-idrace-20260802,prospect@bf9b3e3,prospect,bf9b3e3,vigil@1b5f3d1,vigil,1b5f3d1,quarry,official,1,0,rating,b,b,0.0,core_destroyed,45,,59,50,11,9,21,70,10,8,ok,,1.76,bob-a,,2026-08-02T16:30:58+0200
78321c8eb8eaf401,gapfill-idrace-20260802,prospect_rushonly@bf9b3e3,prospect_rushonly,bf9b3e3,vigil@1b5f3d1,vigil,1b5f3d1,aurora,official,1,0,rating,a,a,1.0,core_destroyed,60,,20,130,11,5,20,90,12,8,ok,,2.4,bob-a,,2026-08-02T16:31:30+0200
78a3e9663eb923da,gapfill-idrace-20260802,vigil@1b5f3d1,vigil,1b5f3d1,prospect@bf9b3e3,prospect,bf9b3e3,string,official,1,0,rating,b,b,0.0,titanium_collected,1000,,2373,20,4,3,4655,2490,10,8,ok,,5.469,bob-a,,2026-08-02T16:31:06+0200
792346cbde8e6714,gapfill-idrace-20260802,vanguard@c407e79,vanguard,c407e79,prospect_rushonly@bf9b3e3,prospect_rushonly,bf9b3e3,aurora,official,1,0,rating,b,b,0.0,core_destroyed,40,,60,180,11,15,29,130,13,10,ok,,2.037,bob-a,,2026-08-02T16:31:18+0200
79c1f037db3dec25,gapfill-idrace-20260802,vanguard@c407e79,vanguard,c407e79,prospect_rushonly@bf9b3e3,prospect_rushonly,bf9b3e3,longship,official,1,0,rating,b,b,0.0,core_destroyed,35,,54,120,12,8,19,100,11,9,ok,,2.059,bob-a,,2026-08-02T16:31:22+0200
79f24fdc650a6624,gapfill-idrace-20260802,prospect@bf9b3e3,prospect,bf9b3e3,vigil@1b5f3d1,vigil,1b5f3d1,atoll,official,1,0,rating,b,b,0.0,core_destroyed,30,,246,90,6,6,20,100,11,9,ok,,1.456,bob-a,,2026-08-02T16:30:52+0200
7a5d822f261ca00e,gapfill-idrace-20260802,vigil@1b5f3d1,vigil,1b5f3d1,prospect_rushonly@bf9b3e3,prospect_rushonly,bf9b3e3,hive,official,1,0,rating,b,b,0.0,core_destroyed,42,,6,80,11,10,5,80,12,6,ok,,1.931,bob-a,,2026-08-02T16:31:32+0200
7a908854b21fd80e,gapfill-idrace-20260802,prospect_rushonly@bf9b3e3,prospect_rushonly,bf9b3e3,vigil@1b5f3d1,vigil,1b5f3d1,sweden,official,1,0,rating,a,a,1.0,titanium_collected,1000,,3037,830,5,11,2222,300,14,19,ok,,8.644,bob-a,,2026-08-02T16:31:45+0200
7b29be79ec8ffcce,gapfill-idrace-20260802,vigil@1b5f3d1,vigil,1b5f3d1,prospect_rushonly@bf9b3e3,prospect_rushonly,bf9b3e3,fjord,official,1,0,rating,a,a,1.0,titanium_collected,38,,21,190,12,8,59,150,11,6,ok,,1.706,bob-a,,2026-08-02T16:31:32+0200
7b96a07f210b954c,gapfill-idrace-20260802,vigil@bf9b3e3,vigil,bf9b3e3,prospect@bf9b3e3,prospect,bf9b3e3,skerry,official,1,0,rating,a,a,1.0,core_destroyed,37,,33,150,12,10,81,110,9,4,ok,,2.396,bob-a,,2026-08-02T16:32:37+0200
7dc02a91b9b9c911,gapfill-idrace-20260802,prospect@bf9b3e3,prospect,bf9b3e3,vigil@1b5f3d1,vigil,1b5f3d1,runestone,official,1,0,rating,b,b,0.0,core_destroyed,29,,7,40,11,5,9,40,10,10,ok,,2.282,bob-a,,2026-08-02T16:30:59+0200
7eed18cb6448124a,gapfill-idrace-20260802,prospect_rushonly@bf9b3e3,prospect_rushonly,bf9b3e3,vanguard@818f3b4,vanguard,818f3b4,fjord,official,1,0,rating,b,b,0.0,core_destroyed,35,,59,170,9,10,80,210,12,8,ok,,2.241,bob-a,,2026-08-02T16:31:09+0200
7f34e76542b352b4,gapfill-idrace-20260802,prospect@bf9b3e3,prospect,bf9b3e3,vanguard@818f3b4,vanguard,818f3b4,bridge,official,1,0,rating,b,b,0.0,titanium_collected,1000,,80,0,11,23,1946,2460,8,9,ok,,5.854,bob-a,,2026-08-02T16:30:34+0200
7f6321df487ffc74,gapfill-idrace-20260802,vigil@1b5f3d1,vigil,1b5f3d1,vigil@bf9b3e3,vigil,bf9b3e3,fjord,official,1,0,rating,b,b,0.0,core_destroyed,29,,9,90,11,5,27,110,9,6,ok,,2.464,bob-a,,2026-08-02T16:32:06+0200
81dd256e7c1ce70e,gapfill-idrace-20260802,prospect@bf9b3e3,prospect,bf9b3e3,vanguard@c407e79,vanguard,c407e79,showdown,official,1,0,rating,a,a,1.0,core_destroyed,38,,11,0,12,6,56,70,5,16,ok,,1.52,bob-a,,2026-08-02T16:30:47+0200
81fc6b3b9fdd615b,gapfill-idrace-20260802,prospect@bf9b3e3,prospect,bf9b3e3,vanguard@818f3b4,vanguard,818f3b4,aurora,official,1,0,rating,a,a,1.0,core_destroyed,47,,20,100,12,11,78,180,10,8,ok,,1.681,bob-a,,2026-08-02T16:30:30+0200
824450801c18b622,gapfill-idrace-20260802,vanguard@c407e79,vanguard,c407e79,vigil@bf9b3e3,vigil,bf9b3e3,sweden,official,1,0,rating,a,a,1.0,core_destroyed,107,,301,800,9,27,641,420,7,15,ok,,2.445,bob-a,,2026-08-02T16:32:02+0200
8297fdeaeba6fd5a,gapfill-idrace-20260802,vanguard@818f3b4,vanguard,818f3b4,prospect_rushonly@bf9b3e3,prospect_rushonly,bf9b3e3,vase,official,1,0,rating,b,b,0.0,core_destroyed,34,,60,20,7,5,30,40,10,7,ok,,1.795,bob-a,,2026-08-02T16:31:17+0200
836502580331b9b7,gapfill-idrace-20260802,prospect@bf9b3e3,prospect,bf9b3e3,vanguard@c407e79,vanguard,c407e79,vault,official,1,0,rating,a,a,1.0,core_destroyed,48,,199,190,10,7,26,200,14,6,ok,,2.147,bob-a,,2026-08-02T16:30:52+0200
84dd4f7e1c5801c6,gapfill-idrace-20260802,vigil@bf9b3e3,vigil,bf9b3e3,vanguard@c407e79,vanguard,c407e79,vault,official,1,0,rating,a,a,1.0,core_destroyed,43,,13,150,11,11,107,180,4,6,ok,,2.103,bob-a,,2026-08-02T16:32:02+0200
85df07665c2bc579,gapfill-idrace-20260802,prospect@bf9b3e3,prospect,bf9b3e3,vanguard@818f3b4,vanguard,818f3b4,pinch,official,1,0,rating,a,a,1.0,core_destroyed,41,,31,80,9,7,18,130,13,8,ok,,1.591,bob-a,,2026-08-02T16:30:33+0200
8640f568c23bf83c,gapfill-idrace-20260802,prospect_rushonly@bf9b3e3,prospect_rushonly,bf9b3e3,vigil@1b5f3d1,vigil,1b5f3d1,jackpot,official,1,0,rating,b,b,0.0,core_destroyed,41,,181,80,5,4,31,110,10,8,ok,,1.973,bob-a,,2026-08-02T16:31:32+0200
864c58fa1bfd47c4,gapfill-idrace-20260802,vigil@1b5f3d1,vigil,1b5f3d1,prospect_rushonly@bf9b3e3,prospect_rushonly,bf9b3e3,skerry,official,1,0,rating,a,a,1.0,core_destroyed,37,,33,150,12,10,81,110,9,4,ok,,2.49,bob-a,,2026-08-02T16:31:37+0200
8697405059527206,gapfill-idrace-20260802,prospect@bf9b3e3,prospect,bf9b3e3,prospect_rushonly@bf9b3e3,prospect_rushonly,bf9b3e3,runestone,official,1,0,rating,b,b,0.0,core_destroyed,26,,8,30,11,5,18,40,11,7,ok,,2.146,bob-a,,2026-08-02T16:32:23+0200
875541cdc6c800f9,gapfill-idrace-20260802,vanguard@c407e79,vanguard,c407e79,vigil@bf9b3e3,vigil,bf9b3e3,aurora,official,1,0,rating,b,b,0.0,core_destroyed,46,,126,220,9,15,10,90,12,11,ok,,1.784,bob-a,,2026-08-02T16:31:53+0200
87a8955011faaeec,gapfill-idrace-20260802,vigil@bf9b3e3,vigil,bf9b3e3,prospect@bf9b3e3,prospect,bf9b3e3,longship,official,1,0,rating,a,a,1.0,core_destroyed,31,,20,60,11,12,140,50,9,4,ok,,1.611,bob-a,,2026-08-02T16:32:34+0200
887b4fb07e6dff3b,gapfill-idrace-20260802,prospect@bf9b3e3,prospect,bf9b3e3,vigil@bf9b3e3,vigil,bf9b3e3,skerry,official,1,0,rating,b,b,0.0,core_destroyed,35,,124,130,9,6,0,130,10,11,ok,,2.108,bob-a,,2026-08-02T16:32:37+0200
88a39979477e53b3,gapfill-idrace-20260802,vigil@1b5f3d1,vigil,1b5f3d1,prospect_rushonly@bf9b3e3,prospect_rushonly,bf9b3e3,aurora,official,1,0,rating,a,a,1.0,core_destroyed,33,,10,60,11,8,45,60,10,7,ok,,2.186,bob-a,,2026-08-02T16:31:30+0200
8951db9decc0e4a9,gapfill-idrace-20260802,vanguard@c407e79,vanguard,c407e79,prospect_rushonly@bf9b3e3,prospect_rushonly,bf9b3e3,bridge,official,1,0,rating,a,a,1.0,core_destroyed,62,,60,150,7,12,5,90,14,12,ok,,1.914,bob-a,,2026-08-02T16:31:19+0200
8a22d652ca0ec6ac,gapfill-idrace-20260802,vigil@bf9b3e3,vigil,bf9b3e3,prospect@bf9b3e3,prospect,bf9b3e3,aurora,official,1,0,rating,a,a,1.0,core_destroyed,33,,10,60,11,8,45,60,10,7,ok,,2.361,bob-a,,2026-08-02T16:32:30+0200
8b6835f12e090b6a,gapfill-idrace-20260802,vanguard@818f3b4,vanguard,818f3b4,prospect_rushonly@bf9b3e3,prospect_rushonly,bf9b3e3,duel,official,1,0,rating,a,a,1.0,core_destroyed,39,,114,170,4,5,12,150,13,6,ok,,2.418,bob-a,,2026-08-02T16:31:09+0200
8bf4788018c254cc,gapfill-idrace-20260802,vigil@1b5f3d1,vigil,1b5f3d1,prospect@bf9b3e3,prospect,bf9b3e3,strait,official,1,0,rating,a,a,1.0,titanium_collected,47,,7,90,11,8,8,80,13,6,ok,,1.981,bob-a,,2026-08-02T16:31:02+0200
8c0341b5f966a152,gapfill-idrace-20260802,vigil@bf9b3e3,vigil,bf9b3e3,prospect@bf9b3e3,prospect,bf9b3e3,twins,official,1,0,rating,a,a,1.0,core_destroyed,27,,19,50,11,9,174,40,6,6,ok,,2.009,bob-a,,2026-08-02T16:32:40+0200
8c0a32a739aa82ac,gapfill-idrace-20260802,vanguard@c407e79,vanguard,c407e79,prospect@bf9b3e3,prospect,bf9b3e3,bridge,official,1,0,rating,b,b,0.0,titanium_collected,1000,,2345,160,1,3,8910,7210,14,15,ok,,4.949,bob-a,,2026-08-02T16:30:45+0200
8d10df44d354c601,gapfill-idrace-20260802,vigil@1b5f3d1,vigil,1b5f3d1,prospect@bf9b3e3,prospect,bf9b3e3,sweden,official,1,0,rating,b,b,0.0,core_destroyed,82,,273,0,2,12,10,110,13,20,ok,,1.847,bob-a,,2026-08-02T16:31:03+0200
8d3604b6446a89c0,gapfill-idrace-20260802,vigil@bf9b3e3,vigil,bf9b3e3,prospect_rushonly@bf9b3e3,prospect_rushonly,bf9b3e3,jackpot,official,1,0,rating,a,a,1.0,core_destroyed,86,,44,170,6,5,35,350,9,24,ok,,2.069,bob-a,,2026-08-02T16:32:47+0200
8d4e0c41da59b161,gapfill-idrace-20260802,vigil@1b5f3d1,vigil,1b5f3d1,prospect@bf9b3e3,prospect,bf9b3e3,pinch,official,1,0,rating,a,a,1.0,core_destroyed,28,,20,50,8,9,117,50,6,4,ok,,1.387,bob-a,,2026-08-02T16:30:58+0200
8d8a32e6bb241813,gapfill-idrace-20260802,vigil@bf9b3e3,vigil,bf9b3e3,vanguard@c407e79,vanguard,c407e79,showdown,official,1,0,rating,a,a,1.0,core_destroyed,36,,75,0,8,5,69,60,7,15,ok,,2.071,bob-a,,2026-08-02T16:31:58+0200
8fa896fe7fc16778,gapfill-idrace-20260802,vigil@1b5f3d1,vigil,1b5f3d1,prospect_rushonly@bf9b3e3,prospect_rushonly,bf9b3e3,jackpot,official,1,0,rating,a,a,1.0,core_destroyed,86,,44,170,6,5,35,350,9,24,ok,,2.147,bob-a,,2026-08-02T16:31:33+0200
8fcb094c94ffe50f,gapfill-idrace-20260802,prospect_rushonly@bf9b3e3,prospect_rushonly,bf9b3e3,prospect@bf9b3e3,prospect,bf9b3e3,hive,official,1,0,rating,b,b,0.0,core_destroyed,46,,31,120,12,12,37,110,9,15,ok,,2.203,bob-a,,2026-08-02T16:32:20+0200
9015d587731eea44,gapfill-idrace-20260802,prospect_rushonly@bf9b3e3,prospect_rushonly,bf9b3e3,vanguard@818f3b4,vanguard,818f3b4,twins,official,1,0,rating,b,b,0.0,core_destroyed,41,,53,80,12,8,58,220,10,11,ok,,1.839,bob-a,,2026-08-02T16:31:16+0200
903a7e4a07c090cb,gapfill-idrace-20260802,prospect_rushonly@bf9b3e3,prospect_rushonly,bf9b3e3,vanguard@818f3b4,vanguard,818f3b4,vase,official,1,0,rating,a,a,1.0,core_destroyed,48,,18,80,11,13,94,0,6,5,ok,,2.182,bob-a,,2026-08-02T16:31:17+0200
909f8407e91ad28d,gapfill-idrace-20260802,vanguard@818f3b4,vanguard,818f3b4,prospect_rushonly@bf9b3e3,prospect_rushonly,bf9b3e3,quarry,official,1,0,rating,b,b,0.0,core_destroyed,62,,56,170,8,6,58,350,11,21,ok,,2.613,bob-a,,2026-08-02T16:31:13+0200
90b24c7be835f34c,gapfill-idrace-20260802,vigil@bf9b3e3,vigil,bf9b3e3,vanguard@818f3b4,vanguard,818f3b4,quarry,official,1,0,rating,a,a,1.0,core_destroyed,34,,10,40,12,8,114,80,5,11,ok,,1.724,bob-a,,2026-08-02T16:31:45+0200
90c9803fdbc9f764,gapfill-idrace-20260802,prospect_rushonly@bf9b3e3,prospect_rushonly,bf9b3e3,vigil@bf9b3e3,vigil,bf9b3e3,strait,official,1,0,rating,b,b,0.0,core_destroyed,43,,203,80,7,6,20,80,12,10,ok,,2.249,bob-a,,2026-08-02T16:32:50+0200
910a21ce7c0c41a5,gapfill-idrace-20260802,prospect_rushonly@bf9b3e3,prospect_rushonly,bf9b3e3,prospect@bf9b3e3,prospect,bf9b3e3,atoll,official,1,0,rating,b,b,0.0,core_destroyed,44,,125,160,8,6,79,160,6,6,ok,,2.101,bob-a,,2026-08-02T16:32:16+0200
914ddde2a9360d5d,gapfill-idrace-20260802,vanguard@818f3b4,vanguard,818f3b4,prospect_rushonly@bf9b3e3,prospect_rushonly,bf9b3e3,crossfire,official,1,0,rating,b,b,0.0,core_destroyed,32,,135,120,9,6,30,110,11,8,ok,,1.523,bob-a,,2026-08-02T16:31:07+0200
91927e2aca0e323e,gapfill-idrace-20260802,prospect@bf9b3e3,prospect,bf9b3e3,vanguard@c407e79,vanguard,c407e79,runestone,official,1,0,rating,a,a,1.0,core_destroyed,31,,9,50,12,8,58,90,10,10,ok,,2.041,bob-a,,2026-08-02T16:30:47+0200
919ee3811dadafd9,gapfill-idrace-20260802,vanguard@818f3b4,vanguard,818f3b4,prospect@bf9b3e3,prospect,bf9b3e3,longship,official,1,0,rating,b,b,0.0,core_destroyed,38,,83,140,8,8,4,110,11,11,ok,,1.439,bob-a,,2026-08-02T16:30:33+0200
92339a93994583e1,gapfill-idrace-20260802,prospect_rushonly@bf9b3e3,prospect_rushonly,bf9b3e3,vigil@1b5f3d1,vigil,1b5f3d1,bridge,official,1,0,rating,b,b,0.0,core_destroyed,81,,32,0,12,3,27,30,7,9,ok,,1.947,bob-a,,2026-08-02T16:31:30+0200
9277d12d5fcb0a2f,gapfill-idrace-20260802,prospect_rushonly@bf9b3e3,prospect_rushonly,bf9b3e3,vanguard@c407e79,vanguard,c407e79,crossfire,official,1,0,rating,a,a,1.0,core_destroyed,50,,12,200,13,14,80,200,6,5,ok,,1.85,bob-a,,2026-08-02T16:31:19+0200
9279b2f4ef28e7db,gapfill-idrace-20260802,vigil@1b5f3d1,vigil,1b5f3d1,prospect@bf9b3e3,prospect,bf9b3e3,bridge,official,1,0,rating,b,b,0.0,core_destroyed,207,,199,180,5,3,487,1140,16,13,ok,,4.274,bob-a,,2026-08-02T16:30:56+0200
927ace79cf05cf70,gapfill-idrace-20260802,vigil@bf9b3e3,vigil,bf9b3e3,vanguard@c407e79,vanguard,c407e79,runestone,official,1,0,rating,a,a,1.0,core_destroyed,36,,18,60,11,11,79,110,10,10,ok,,1.731,bob-a,,2026-08-02T16:31:58+0200
928e6286f023e6f0,gapfill-idrace-20260802,vigil@1b5f3d1,vigil,1b5f3d1,prospect_rushonly@bf9b3e3,prospect_rushonly,bf9b3e3,bridge,official,1,0,rating,b,b,0.0,core_destroyed,101,,31,150,10,18,10,250,14,8,ok,,2.908,bob-a,,2026-08-02T16:31:31+0200
9298b113be4b9aa5,gapfill-idrace-20260802,vigil@1b5f3d1,vigil,1b5f3d1,vigil@bf9b3e3,vigil,bf9b3e3,atoll,official,1,0,rating,a,a,1.0,core_destroyed,32,,28,110,12,7,33,100,10,6,ok,,1.808,bob-a,,2026-08-02T16:32:03+0200
9308927543482f64,gapfill-idrace-20260802,prospect@bf9b3e3,prospect,bf9b3e3,vigil@bf9b3e3,vigil,bf9b3e3,strait,official,1,0,rating,b,b,0.0,core_destroyed,43,,203,80,7,6,20,80,12,10,ok,,1.945,bob-a,,2026-08-02T16:32:38+0200
937c9a41365c23d4,gapfill-idrace-20260802,prospect_rushonly@bf9b3e3,prospect_rushonly,bf9b3e3,vanguard@c407e79,vanguard,c407e79,atoll,official,1,0,rating,a,a,1.0,core_destroyed,50,,58,200,12,7,118,180,7,5,ok,,2.415,bob-a,,2026-08-02T16:31:18+0200
93e4244a09463029,gapfill-idrace-20260802,vanguard@818f3b4,vanguard,818f3b4,prospect@bf9b3e3,prospect,bf9b3e3,runestone,official,1,0,rating,b,b,0.0,core_destroyed,28,,90,80,9,10,18,40,11,9,ok,,1.846,bob-a,,2026-08-02T16:30:35+0200
93f36d3765d745dd,gapfill-idrace-20260802,prospect_rushonly@bf9b3e3,prospect_rushonly,bf9b3e3,prospect@bf9b3e3,prospect,bf9b3e3,twins,official,1,0,rating,a,a,1.0,core_destroyed,49,,21,40,11,4,13,170,8,15,ok,,2.243,bob-a,,2026-08-02T16:32:28+0200
94ea414bfa13acb9,gapfill-idrace-20260802,prospect_rushonly@bf9b3e3,prospect_rushonly,bf9b3e3,vigil@1b5f3d1,vigil,1b5f3d1,runestone,official,1,0,rating,b,b,0.0,core_destroyed,29,,7,40,11,5,9,40,10,10,ok,,2.053,bob-a,,2026-08-02T16:31:35+0200
9601b3a38add82a1,gapfill-idrace-20260802,prospect@bf9b3e3,prospect,bf9b3e3,vigil@1b5f3d1,vigil,1b5f3d1,vase,official,1,0,rating,a,a,1.0,core_destroyed,45,,10,0,8,6,130,70,7,6,ok,,1.663,bob-a,,2026-08-02T16:31:03+0200
965dae2dc2b83a71,gapfill-idrace-20260802,prospect_rushonly@bf9b3e3,prospect_rushonly,bf9b3e3,vigil@bf9b3e3,vigil,bf9b3e3,string,official,1,0,rating,b,b,0.0,core_destroyed,64,,189,270,8,5,158,160,3,4,ok,,1.478,bob-a,,2026-08-02T16:32:50+0200
97cdae139667c745,gapfill-idrace-20260802,vanguard@c407e79,vanguard,c407e79,vigil@bf9b3e3,vigil,bf9b3e3,skerry,official,1,0,rating,b,b,0.0,core_destroyed,41,,93,180,11,5,12,160,11,8,ok,,2.755,bob-a,,2026-08-02T16:32:00+0200
97e682185de4fffa,gapfill-idrace-20260802,vanguard@818f3b4,vanguard,818f3b4,prospect_rushonly@bf9b3e3,prospect_rushonly,bf9b3e3,showdown,official,1,0,rating,b,b,0.0,core_destroyed,34,,63,0,8,0,14,60,9,16,ok,,1.784,bob-a,,2026-08-02T16:31:13+0200
982e4e52706f30ee,gapfill-idrace-20260802,vigil@1b5f3d1,vigil,1b5f3d1,prospect_rushonly@bf9b3e3,prospect_rushonly,bf9b3e3,sprint,official,1,0,rating,b,b,0.0,core_destroyed,36,,23,60,9,3,28,100,7,9,ok,,1.623,bob-a,,2026-08-02T16:31:36+0200
98ae95aff3bebf26,gapfill-idrace-20260802,prospect@bf9b3e3,prospect,bf9b3e3,vigil@1b5f3d1,vigil,1b5f3d1,string,official,1,0,rating,a,a,1.0,core_destroyed,89,,248,400,10,6,439,240,1,6,ok,,1.717,bob-a,,2026-08-02T16:31:02+0200
993af05a1a95580a,gapfill-idrace-20260802,vanguard@c407e79,vanguard,c407e79,vigil@bf9b3e3,vigil,bf9b3e3,runestone,official,1,0,rating,b,b,0.0,core_destroyed,28,,76,80,9,12,28,40,11,10,ok,,1.675,bob-a,,2026-08-02T16:31:58+0200
995b31754df115fe,gapfill-idrace-20260802,vanguard@c407e79,vanguard,c407e79,vigil@bf9b3e3,vigil,bf9b3e3,vault,official,1,0,rating,b,b,0.0,core_destroyed,41,,114,170,6,6,10,160,12,14,ok,,1.918,bob-a,,2026-08-02T16:32:02+0200
99601ec9727c943b,gapfill-idrace-20260802,prospect@bf9b3e3,prospect,bf9b3e3,vigil@bf9b3e3,vigil,bf9b3e3,sprint,official,1,0,rating,a,a,1.0,core_destroyed,32,,23,60,8,8,42,60,7,8,ok,,1.98,bob-a,,2026-08-02T16:32:37+0200
9996e6a43b026080,gapfill-idrace-20260802,vigil@1b5f3d1,vigil,1b5f3d1,prospect@bf9b3e3,prospect,bf9b3e3,runestone,official,1,0,rating,a,a,1.0,core_destroyed,27,,9,40,12,8,9,40,11,6,ok,,2.349,bob-a,,2026-08-02T16:31:00+0200
9a8273f356b52647,gapfill-idrace-20260802,vanguard@c407e79,vanguard,c407e79,prospect@bf9b3e3,prospect,bf9b3e3,longship,official,1,0,rating,b,b,0.0,core_destroyed,35,,54,120,12,8,19,100,11,9,ok,,2.059,bob-a,,2026-08-02T16:30:46+0200
9aadd95c0bf8779b,gapfill-idrace-20260802,vigil@bf9b3e3,vigil,bf9b3e3,vigil@1b5f3d1,vigil,1b5f3d1,string,official,1,0,rating,b,b,0.0,titanium_collected,1000,,44,20,1,10,5380,7200,6,13,ok,,8.344,bob-a,,2026-08-02T16:32:19+0200
9b20dd2384082adc,gapfill-idrace-20260802,vigil@bf9b3e3,vigil,bf9b3e3,vanguard@c407e79,vanguard,c407e79,twins,official,1,0,rating,a,a,1.0,core_destroyed,28,,20,50,11,9,118,90,6,8,ok,,1.478,bob-a,,2026-08-02T16:32:01+0200
9b5a4f2c08cb7ce1,gapfill-idrace-20260802,vanguard@c407e79,vanguard,c407e79,prospect_rushonly@bf9b3e3,prospect_rushonly,bf9b3e3,vase,official,1,0,rating,b,b,0.0,core_destroyed,33,,107,20,5,5,28,40,11,7,ok,,1.486,bob-a,,2026-08-02T16:31:27+0200
9b5b5dd83c45dbc3,gapfill-idrace-20260802,vigil@bf9b3e3,vigil,bf9b3e3,vigil@1b5f3d1,vigil,1b5f3d1,atoll,official,1,0,rating,a,a,1.0,core_destroyed,32,,28,110,12,7,33,100,10,6,ok,,2.453,bob-a,,2026-08-02T16:32:03+0200
9b6f5df50a1683c0,gapfill-idrace-20260802,prospect@bf9b3e3,prospect,bf9b3e3,vanguard@c407e79,vanguard,c407e79,strait,official,1,0,rating,a,a,1.0,core_destroyed,49,,97,100,10,9,120,260,10,13,ok,,1.687,bob-a,,2026-08-02T16:30:49+0200
9b942120e521ad71,gapfill-idrace-20260802,prospect@bf9b3e3,prospect,bf9b3e3,vanguard@818f3b4,vanguard,818f3b4,string,official,1,0,rating,a,a,1.0,titanium_collected,1000,,4808,2490,7,4,2673,530,2,7,ok,,3.919,bob-a,,2026-08-02T16:30:39+0200
9c56c1495c68bfa7,gapfill-idrace-20260802,vanguard@818f3b4,vanguard,818f3b4,vigil@bf9b3e3,vigil,bf9b3e3,sprint,official,1,0,rating,b,b,0.0,core_destroyed,53,,93,0,4,1,29,200,10,14,ok,,2.09,bob-a,,2026-08-02T16:31:49+0200
9c69b7f85a6cf29d,gapfill-idrace-20260802,vanguard@818f3b4,vanguard,818f3b4,prospect@bf9b3e3,prospect,bf9b3e3,hive,official,1,0,rating,b,b,0.0,core_destroyed,42,,81,80,11,4,17,90,12,15,ok,,1.984,bob-a,,2026-08-02T16:30:32+0200
9c79e4651301e3ff,gapfill-idrace-20260802,vigil@1b5f3d1,vigil,1b5f3d1,prospect_rushonly@bf9b3e3,prospect_rushonly,bf9b3e3,longship,official,1,0,rating,a,a,1.0,core_destroyed,31,,20,60,11,12,140,50,9,4,ok,,1.532,bob-a,,2026-08-02T16:31:33+0200
9d52e3fe21404f5f,gapfill-idrace-20260802,prospect_rushonly@bf9b3e3,prospect_rushonly,bf9b3e3,vanguard@818f3b4,vanguard,818f3b4,runestone,official,1,0,rating,a,a,1.0,core_destroyed,31,,9,50,12,8,103,90,9,10,ok,,1.646,bob-a,,2026-08-02T16:31:12+0200
9d99c43fb62c5d3a,gapfill-idrace-20260802,vigil@bf9b3e3,vigil,bf9b3e3,prospect@bf9b3e3,prospect,bf9b3e3,sweden,official,1,0,rating,b,b,0.0,core_destroyed,82,,273,0,2,12,10,110,13,20,ok,,2.076,bob-a,,2026-08-02T16:32:39+0200
9e9ea38192ec38e7,gapfill-idrace-20260802,vanguard@818f3b4,vanguard,818f3b4,vigil@bf9b3e3,vigil,bf9b3e3,duel,official,1,0,rating,b,b,0.0,core_destroyed,35,,37,150,9,5,19,130,10,10,ok,,2.184,bob-a,,2026-08-02T16:31:43+0200
9fb00f159997f099,gapfill-idrace-20260802,prospect@bf9b3e3,prospect,bf9b3e3,vigil@bf9b3e3,vigil,bf9b3e3,showdown,official,1,0,rating,b,b,0.0,core_destroyed,40,,228,0,3,5,68,0,7,11,ok,,1.221,bob-a,,2026-08-02T16:32:35+0200
9ffd9e4cb3f55c14,gapfill-idrace-20260802,prospect_rushonly@bf9b3e3,prospect_rushonly,bf9b3e3,vigil@1b5f3d1,vigil,1b5f3d1,crossfire,official,1,0,rating,b,b,0.0,core_destroyed,34,,12,70,10,8,8,40,10,4,ok,,1.771,bob-a,,2026-08-02T16:31:30+0200
a093f9b2d562eda5,gapfill-idrace-20260802,prospect@bf9b3e3,prospect,bf9b3e3,vanguard@818f3b4,vanguard,818f3b4,skerry,official,1,0,rating,a,a,1.0,core_destroyed,52,,47,290,10,11,45,190,13,2,ok,,2.358,bob-a,,2026-08-02T16:30:36+0200
a0fc2b289e4b3a37,gapfill-idrace-20260802,vanguard@818f3b4,vanguard,818f3b4,prospect@bf9b3e3,prospect,bf9b3e3,bridge,official,1,0,rating,b,b,0.0,titanium_collected,1000,,5005,2500,0,12,11572,9600,11,22,ok,,3.174,bob-a,,2026-08-02T16:30:31+0200
a10ffe13a456be22,gapfill-idrace-20260802,prospect@bf9b3e3,prospect,bf9b3e3,prospect_rushonly@bf9b3e3,prospect_rushonly,bf9b3e3,skerry,official,1,0,rating,b,b,0.0,core_destroyed,48,,128,250,6,9,67,240,9,11,ok,,2.309,bob-a,,2026-08-02T16:32:25+0200
a12bc86d73ee938f,gapfill-idrace-20260802,vigil@1b5f3d1,vigil,1b5f3d1,prospect@bf9b3e3,prospect,bf9b3e3,crossfire,official,1,0,rating,b,b,0.0,core_destroyed,37,,65,80,7,8,34,80,8,6,ok,,1.875,bob-a,,2026-08-02T16:30:54+0200
a1bd385f0385be50,gapfill-idrace-20260802,prospect@bf9b3e3,prospect,bf9b3e3,vigil@bf9b3e3,vigil,bf9b3e3,jackpot,official,1,0,rating,a,a,1.0,core_destroyed,98,,52,450,13,23,298,160,5,3,ok,,1.965,bob-a,,2026-08-02T16:32:33+0200
a262cf53dba38a42,gapfill-idrace-20260802,prospect_rushonly@bf9b3e3,prospect_rushonly,bf9b3e3,vanguard@c407e79,vanguard,c407e79,fjord,official,1,0,rating,b,b,0.0,core_destroyed,38,,59,200,10,13,60,230,13,8,ok,,1.771,bob-a,,2026-08-02T16:31:20+0200
a2e77c32ea15d286,gapfill-idrace-20260802,prospect_rushonly@bf9b3e3,prospect_rushonly,bf9b3e3,vanguard@818f3b4,vanguard,818f3b4,bridge,official,1,0,rating,a,a,1.0,titanium_collected,1000,,6950,4950,10,15,6869,4880,5,11,ok,,5.573,bob-a,,2026-08-02T16:31:10+0200
a2fa1d9d018934d1,gapfill-idrace-20260802,vigil@bf9b3e3,vigil,bf9b3e3,vanguard@818f3b4,vanguard,818f3b4,string,official,1,0,rating,b,b,0.0,core_destroyed,63,,254,150,5,7,184,120,2,8,ok,,1.656,bob-a,,2026-08-02T16:31:49+0200
a30ae9b485b861e3,gapfill-idrace-20260802,prospect@bf9b3e3,prospect,bf9b3e3,vanguard@818f3b4,vanguard,818f3b4,vault,official,1,0,rating,b,b,0.0,core_destroyed,41,,296,150,8,6,84,180,13,7,ok,,1.673,bob-a,,2026-08-02T16:30:40+0200
a3c45f42fd02bca9,gapfill-idrace-20260802,prospect_rushonly@bf9b3e3,prospect_rushonly,bf9b3e3,vigil@bf9b3e3,vigil,bf9b3e3,longship,official,1,0,rating,b,b,0.0,core_destroyed,29,,6,50,11,5,10,50,10,12,ok,,2.428,bob-a,,2026-08-02T16:32:47+0200
a5531edb246b5994,gapfill-idrace-20260802,prospect@bf9b3e3,prospect,bf9b3e3,vigil@1b5f3d1,vigil,1b5f3d1,bridge,official,1,0,rating,a,a,1.0,titanium_collected,1000,,10739,8920,11,30,5055,2620,3,11,ok,,3.895,bob-a,,2026-08-02T16:30:56+0200
a5648e692384f3d8,gapfill-idrace-20260802,vigil@bf9b3e3,vigil,bf9b3e3,vigil@1b5f3d1,vigil,1b5f3d1,aurora,official,1,0,rating,a,a,1.0,core_destroyed,48,,29,160,12,12,20,90,13,12,ok,,1.995,bob-a,,2026-08-02T16:32:04+0200
a59480c50e88b8a2,gapfill-idrace-20260802,prospect_rushonly@bf9b3e3,prospect_rushonly,bf9b3e3,prospect@bf9b3e3,prospect,bf9b3e3,jackpot,official,1,0,rating,b,b,0.0,core_destroyed,106,,492,240,4,15,50,560,11,42,ok,,2.145,bob-a,,2026-08-02T16:32:21+0200
a5f89b34c766cdeb,gapfill-idrace-20260802,vigil@1b5f3d1,vigil,1b5f3d1,vigil@bf9b3e3,vigil,bf9b3e3,hive,official,1,0,rating,a,a,1.0,core_destroyed,33,,10,50,12,10,22,60,12,7,ok,,2.158,bob-a,,2026-08-02T16:32:07+0200
a6a14b14fb390d53,gapfill-idrace-20260802,vigil@1b5f3d1,vigil,1b5f3d1,vigil@bf9b3e3,vigil,bf9b3e3,strait,official,1,0,rating,b,b,0.0,core_destroyed,54,,8,110,13,10,6,100,9,8,ok,,2.88,bob-a,,2026-08-02T16:32:13+0200
a6c329f20a7ac4fd,gapfill-idrace-20260802,prospect_rushonly@bf9b3e3,prospect_rushonly,bf9b3e3,vanguard@818f3b4,vanguard,818f3b4,vault,official,1,0,rating,b,b,0.0,core_destroyed,41,,296,150,8,6,84,180,13,7,ok,,1.741,bob-a,,2026-08-02T16:31:17+0200
a8067d4e2cfbe52f,gapfill-idrace-20260802,vigil@bf9b3e3,vigil,bf9b3e3,prospect@bf9b3e3,prospect,bf9b3e3,strait,official,1,0,rating,a,a,1.0,titanium_collected,47,,7,90,11,8,8,80,13,6,ok,,2.153,bob-a,,2026-08-02T16:32:38+0200
a8aa45e99396e0e9,gapfill-idrace-20260802,vigil@bf9b3e3,vigil,bf9b3e3,vanguard@818f3b4,vanguard,818f3b4,crossfire,official,1,0,rating,a,a,1.0,core_destroyed,47,,44,180,12,11,75,180,10,5,ok,,1.729,bob-a,,2026-08-02T16:31:41+0200
a8c6a3d227263fc8,gapfill-idrace-20260802,vigil@bf9b3e3,vigil,bf9b3e3,vigil@1b5f3d1,vigil,1b5f3d1,duel,official,1,0,rating,b,b,0.0,core_destroyed,38,,91,140,9,7,26,150,9,9,ok,,1.87,bob-a,,2026-08-02T16:32:05+0200
a94d1a67cebab7fd,gapfill-idrace-20260802,prospect_rushonly@bf9b3e3,prospect_rushonly,bf9b3e3,vigil@bf9b3e3,vigil,bf9b3e3,bridge,official,1,0,rating,b,b,0.0,core_destroyed,81,,32,0,12,3,27,30,7,9,ok,,2.598,bob-a,,2026-08-02T16:32:43+0200
a985b7d728de676f,gapfill-idrace-20260802,prospect_rushonly@bf9b3e3,prospect_rushonly,bf9b3e3,vigil@1b5f3d1,vigil,1b5f3d1,skerry,official,1,0,rating,b,b,0.0,core_destroyed,35,,124,130,9,6,0,130,10,11,ok,,2.163,bob-a,,2026-08-02T16:31:36+0200
aa966babafbf8145,gapfill-idrace-20260802,vigil@bf9b3e3,vigil,bf9b3e3,vigil@1b5f3d1,vigil,1b5f3d1,twins,official,1,0,rating,a,a,1.0,core_destroyed,30,,15,50,10,13,1,40,11,8,ok,,2.481,bob-a,,2026-08-02T16:32:14+0200
aab8b7c0fbc3e3ab,gapfill-idrace-20260802,prospect@bf9b3e3,prospect,bf9b3e3,vanguard@c407e79,vanguard,c407e79,twins,official,1,0,rating,b,b,0.0,core_destroyed,41,,53,80,12,8,58,220,10,11,ok,,2.093,bob-a,,2026-08-02T16:30:51+0200
ab4c61b98ddc93bb,gapfill-idrace-20260802,prospect@bf9b3e3,prospect,bf9b3e3,prospect_rushonly@bf9b3e3,prospect_rushonly,bf9b3e3,vase,official,1,0,rating,b,b,0.0,core_destroyed,45,,10,10,8,1,9,70,9,7,ok,,1.664,bob-a,,2026-08-02T16:32:28+0200
ab677acd9ac31da7,gapfill-idrace-20260802,vigil@bf9b3e3,vigil,bf9b3e3,prospect@bf9b3e3,prospect,bf9b3e3,showdown,official,1,0,rating,a,a,1.0,core_destroyed,36,,21,0,7,8,34,0,6,4,ok,,1.644,bob-a,,2026-08-02T16:32:36+0200
abb2f6bc48c00174,gapfill-idrace-20260802,vigil@bf9b3e3,vigil,bf9b3e3,vanguard@818f3b4,vanguard,818f3b4,jackpot,official,1,0,rating,a,a,1.0,core_destroyed,67,,33,250,12,11,95,290,4,7,ok,,2.052,bob-a,,2026-08-02T16:31:44+0200
ac136bca88589b23,gapfill-idrace-20260802,prospect_rushonly@bf9b3e3,prospect_rushonly,bf9b3e3,vigil@1b5f3d1,vigil,1b5f3d1,atoll,official,1,0,rating,b,b,0.0,core_destroyed,30,,246,90,6,6,20,100,11,9,ok,,1.379,bob-a,,2026-08-02T16:31:29+0200
ac7a4ce906e49bb4,gapfill-idrace-20260802,vigil@1b5f3d1,vigil,1b5f3d1,prospect@bf9b3e3,prospect,bf9b3e3,sprint,official,1,0,rating,b,b,0.0,core_destroyed,36,,23,60,9,3,28,100,7,9,ok,,2.091,bob-a,,2026-08-02T16:31:01+0200
acad5886fbb0fc30,gapfill-idrace-20260802,vigil@1b5f3d1,vigil,1b5f3d1,vigil@bf9b3e3,vigil,bf9b3e3,pinch,official,1,0,rating,b,b,0.0,core_destroyed,33,,16,60,8,10,9,60,12,6,ok,,2.282,bob-a,,2026-08-02T16:32:09+0200
acf0600e942937c7,gapfill-idrace-20260802,prospect_rushonly@bf9b3e3,prospect_rushonly,bf9b3e3,vigil@bf9b3e3,vigil,bf9b3e3,quarry,official,1,0,rating,b,b,0.0,core_destroyed,45,,59,50,11,9,21,70,10,8,ok,,1.967,bob-a,,2026-08-02T16:32:48+0200
ad0f77bdd6dce283,gapfill-idrace-20260802,prospect@bf9b3e3,prospect,bf9b3e3,vigil@bf9b3e3,vigil,bf9b3e3,vase,official,1,0,rating,a,a,1.0,core_destroyed,45,,10,0,8,6,130,70,7,6,ok,,2.258,bob-a,,2026-08-02T16:32:41+0200
ad54023774367402,gapfill-idrace-20260802,prospect@bf9b3e3,prospect,bf9b3e3,vigil@bf9b3e3,vigil,bf9b3e3,fjord,official,1,0,rating,b,b,0.0,core_destroyed,28,,136,90,7,5,30,100,11,7,ok,,1.765,bob-a,,2026-08-02T16:32:32+0200
af0eabbc4c4101d5,gapfill-idrace-20260802,prospect@bf9b3e3,prospect,bf9b3e3,vanguard@818f3b4,vanguard,818f3b4,twins,official,1,0,rating,b,b,0.0,core_destroyed,41,,53,80,12,8,58,220,10,11,ok,,2.406,bob-a,,2026-08-02T16:30:39+0200
af39da7dfc27da57,gapfill-idrace-20260802,vigil@bf9b3e3,vigil,bf9b3e3,prospect_rushonly@bf9b3e3,prospect_rushonly,bf9b3e3,string,official,1,0,rating,a,a,1.0,core_destroyed,51,,7,20,6,4,21,210,9,11,ok,,2.147,bob-a,,2026-08-02T16:32:51+0200
afba037fa09f82d7,gapfill-idrace-20260802,prospect@bf9b3e3,prospect,bf9b3e3,prospect_rushonly@bf9b3e3,prospect_rushonly,bf9b3e3,hive,official,1,0,rating,b,b,0.0,core_destroyed,46,,31,120,12,12,37,110,9,15,ok,,2.099,bob-a,,2026-08-02T16:32:20+0200
aff3c6b0d227c303,gapfill-idrace-20260802,vanguard@c407e79,vanguard,c407e79,prospect@bf9b3e3,prospect,bf9b3e3,quarry,official,1,0,rating,b,b,0.0,core_destroyed,65,,27,210,11,10,119,380,10,20,ok,,2.205,bob-a,,2026-08-02T16:30:47+0200
b0e8c410fe5b84ed,gapfill-idrace-20260802,prospect@bf9b3e3,prospect,bf9b3e3,prospect_rushonly@bf9b3e3,prospect_rushonly,bf9b3e3,duel,official,1,0,rating,b,b,0.0,core_destroyed,81,,275,420,6,11,347,520,9,15,ok,,2.194,bob-a,,2026-08-02T16:32:18+0200
b0f642f669ae3f92,gapfill-idrace-20260802,vigil@bf9b3e3,vigil,bf9b3e3,prospect_rushonly@bf9b3e3,prospect_rushonly,bf9b3e3,sweden,official,1,0,rating,a,a,1.0,core_destroyed,29,,18,0,9,14,121,30,9,8,ok,,1.489,bob-a,,2026-08-02T16:32:51+0200
b11c1ca7526bfaed,gapfill-idrace-20260802,prospect@bf9b3e3,prospect,bf9b3e3,vanguard@818f3b4,vanguard,818f3b4,longship,official,1,0,rating,a,a,1.0,core_destroyed,32,,18,60,12,12,69,110,9,8,ok,,1.749,bob-a,,2026-08-02T16:30:33+0200
b18813c2779d48a4,gapfill-idrace-20260802,vigil@1b5f3d1,vigil,1b5f3d1,vigil@bf9b3e3,vigil,bf9b3e3,duel,official,1,0,rating,b,b,0.0,core_destroyed,38,,91,140,9,7,26,150,9,9,ok,,1.886,bob-a,,2026-08-02T16:32:05+0200
b2b4696c4bdab419,gapfill-idrace-20260802,prospect@bf9b3e3,prospect,bf9b3e3,vanguard@c407e79,vanguard,c407e79,atoll,official,1,0,rating,a,a,1.0,core_destroyed,50,,58,200,12,7,118,180,7,5,ok,,2.136,bob-a,,2026-08-02T16:30:41+0200
b2d01dc09320e7e8,gapfill-idrace-20260802,vigil@bf9b3e3,vigil,bf9b3e3,vanguard@818f3b4,vanguard,818f3b4,sweden,official,1,0,rating,a,a,1.0,core_destroyed,43,,4,0,10,16,84,30,3,6,ok,,1.507,bob-a,,2026-08-02T16:31:49+0200
b3ebfd0e25a9687b,gapfill-idrace-20260802,vigil@bf9b3e3,vigil,bf9b3e3,vigil@1b5f3d1,vigil,1b5f3d1,strait,official,1,0,rating,b,b,0.0,core_destroyed,54,,8,110,13,10,6,100,9,8,ok,,2.205,bob-a,,2026-08-02T16:32:12+0200
b3fe37f78f8d1a1d,gapfill-idrace-20260802,prospect_rushonly@bf9b3e3,prospect_rushonly,bf9b3e3,vigil@1b5f3d1,vigil,1b5f3d1,longship,official,1,0,rating,b,b,0.0,core_destroyed,29,,6,50,11,5,10,50,10,12,ok,,1.86,bob-a,,2026-08-02T16:31:33+0200
b480a5f349fbb822,gapfill-idrace-20260802,vanguard@818f3b4,vanguard,818f3b4,prospect@bf9b3e3,prospect,bf9b3e3,vase,official,1,0,rating,b,b,0.0,core_destroyed,33,,86,20,5,6,16,40,10,7,ok,,1.56,bob-a,,2026-08-02T16:30:39+0200
b4a413332d3c92f6,gapfill-idrace-20260802,prospect@bf9b3e3,prospect,bf9b3e3,prospect_rushonly@bf9b3e3,prospect_rushonly,bf9b3e3,showdown,official,1,0,rating,a,a,1.0,core_destroyed,25,,10,0,9,5,152,0,5,5,ok,,1.802,bob-a,,2026-08-02T16:32:24+0200
b4c601d65fbcbaed,gapfill-idrace-20260802,prospect_rushonly@bf9b3e3,prospect_rushonly,bf9b3e3,vigil@bf9b3e3,vigil,bf9b3e3,fjord,official,1,0,rating,b,b,0.0,core_destroyed,28,,136,90,7,5,30,100,11,7,ok,,1.545,bob-a,,2026-08-02T16:32:45+0200
b5835b958d5c2869,gapfill-idrace-20260802,prospect@bf9b3e3,prospect,bf9b3e3,vanguard@c407e79,vanguard,c407e79,sweden,official,1,0,rating,b,b,0.0,core_destroyed,70,,8,120,14,12,89,260,4,18,ok,,1.87,bob-a,,2026-08-02T16:30:50+0200
b6c73a830ac9a6e0,gapfill-idrace-20260802,vanguard@818f3b4,vanguard,818f3b4,vigil@bf9b3e3,vigil,bf9b3e3,hive,official,1,0,rating,b,b,0.0,core_destroyed,34,,98,60,8,4,3,60,11,13,ok,,2.147,bob-a,,2026-08-02T16:31:43+0200
b80dba7d97862848,gapfill-idrace-20260802,prospect_rushonly@bf9b3e3,prospect_rushonly,bf9b3e3,prospect@bf9b3e3,prospect,bf9b3e3,strait,official,1,0,rating,a,a,1.0,core_destroyed,47,,13,100,9,6,48,150,9,13,ok,,2.107,bob-a,,2026-08-02T16:32:26+0200
b9ab337bd788104d,gapfill-idrace-20260802,vanguard@818f3b4,vanguard,818f3b4,vigil@bf9b3e3,vigil,bf9b3e3,crossfire,official,1,0,rating,b,b,0.0,core_destroyed,32,,135,120,8,4,70,110,8,9,ok,,1.618,bob-a,,2026-08-02T16:31:41+0200
ba7fb0693d03f2b7,gapfill-idrace-20260802,vigil@bf9b3e3,vigil,bf9b3e3,vanguard@818f3b4,vanguard,818f3b4,fjord,official,1,0,rating,b,b,0.0,core_destroyed,38,,59,200,11,13,68,230,12,8,ok,,1.81,bob-a,,2026-08-02T16:31:43+0200
bb05af3f2b265bce,gapfill-idrace-20260802,prospect_rushonly@bf9b3e3,prospect_rushonly,bf9b3e3,vigil@1b5f3d1,vigil,1b5f3d1,sprint,official,1,0,rating,a,a,1.0,core_destroyed,34,,4,20,7,4,8,60,8,9,ok,,1.748,bob-a,,2026-08-02T16:31:36+0200
bbcf9ffc2331f851,gapfill-idrace-20260802,vigil@1b5f3d1,vigil,1b5f3d1,vigil@bf9b3e3,vigil,bf9b3e3,vault,official,1,0,rating,b,b,0.0,core_destroyed,31,,4,90,12,6,9,110,11,8,ok,,2.03,bob-a,,2026-08-02T16:32:16+0200
bc507ee9498ec095,gapfill-idrace-20260802,prospect@bf9b3e3,prospect,bf9b3e3,vanguard@c407e79,vanguard,c407e79,pinch,official,1,0,rating,a,a,1.0,core_destroyed,41,,31,80,9,7,38,130,12,8,ok,,1.642,bob-a,,2026-08-02T16:30:46+0200
bc55ba9fad42773d,gapfill-idrace-20260802,vanguard@818f3b4,vanguard,818f3b4,prospect_rushonly@bf9b3e3,prospect_rushonly,bf9b3e3,bridge,official,1,0,rating,b,b,0.0,titanium_collected,1000,,6025,3650,0,13,11737,9620,10,22,ok,,4.839,bob-a,,2026-08-02T16:31:10+0200
bc567095e4e035dd,gapfill-idrace-20260802,prospect@bf9b3e3,prospect,bf9b3e3,vigil@1b5f3d1,vigil,1b5f3d1,showdown,official,1,0,rating,b,b,0.0,core_destroyed,40,,228,0,3,5,68,0,7,11,ok,,1.606,bob-a,,2026-08-02T16:30:59+0200
bc775ed4b758506a,gapfill-idrace-20260802,vigil@bf9b3e3,vigil,bf9b3e3,vanguard@c407e79,vanguard,c407e79,sweden,official,1,0,rating,a,a,1.0,core_destroyed,43,,4,0,10,16,106,30,2,11,ok,,1.5,bob-a,,2026-08-02T16:32:00+0200
bd1fafc6939e6c0c,gapfill-idrace-20260802,vigil@bf9b3e3,vigil,bf9b3e3,prospect@bf9b3e3,prospect,bf9b3e3,sprint,official,1,0,rating,b,b,0.0,core_destroyed,36,,23,60,9,3,28,100,7,9,ok,,1.704,bob-a,,2026-08-02T16:32:37+0200
bd22a0e6741c1ea1,gapfill-idrace-20260802,vigil@bf9b3e3,vigil,bf9b3e3,prospect_rushonly@bf9b3e3,prospect_rushonly,bf9b3e3,crossfire,official,1,0,rating,b,b,0.0,core_destroyed,37,,65,80,7,8,34,80,8,6,ok,,1.553,bob-a,,2026-08-02T16:32:43+0200
bda425a7cf4d90ec,gapfill-idrace-20260802,vigil@bf9b3e3,vigil,bf9b3e3,vanguard@818f3b4,vanguard,818f3b4,vault,official,1,0,rating,a,a,1.0,core_destroyed,43,,13,150,11,11,107,180,4,6,ok,,1.531,bob-a,,2026-08-02T16:31:51+0200
bdd15dff15aeb63c,gapfill-idrace-20260802,prospect_rushonly@bf9b3e3,prospect_rushonly,bf9b3e3,vigil@1b5f3d1,vigil,1b5f3d1,pinch,official,1,0,rating,b,b,0.0,core_destroyed,24,,187,40,7,4,20,40,8,8,ok,,1.618,bob-a,,2026-08-02T16:31:34+0200
bdd7df59c6313c5d,gapfill-idrace-20260802,vanguard@818f3b4,vanguard,818f3b4,vigil@bf9b3e3,vigil,bf9b3e3,atoll,official,1,0,rating,b,b,0.0,core_destroyed,54,,68,230,7,5,30,220,11,10,ok,,1.994,bob-a,,2026-08-02T16:31:40+0200
bf7994d44557d01e,gapfill-idrace-20260802,vigil@bf9b3e3,vigil,bf9b3e3,vigil@1b5f3d1,vigil,1b5f3d1,vase,official,1,0,rating,a,a,1.0,core_destroyed,50,,34,90,6,7,18,80,7,6,ok,,2.05,bob-a,,2026-08-02T16:32:14+0200
bf8937c20c4caa08,gapfill-idrace-20260802,vigil@1b5f3d1,vigil,1b5f3d1,prospect@bf9b3e3,prospect,bf9b3e3,fjord,official,1,0,rating,a,a,1.0,titanium_collected,38,,21,190,12,8,59,150,11,6,ok,,2.228,bob-a,,2026-08-02T16:30:56+0200
bf9819833634cbeb,gapfill-idrace-20260802,prospect@bf9b3e3,prospect,bf9b3e3,vigil@1b5f3d1,vigil,1b5f3d1,strait,official,1,0,rating,b,b,0.0,core_destroyed,43,,203,80,7,6,20,80,12,10,ok,,2.222,bob-a,,2026-08-02T16:31:02+0200
bfa77650ea273bea,gapfill-idrace-20260802,prospect_rushonly@bf9b3e3,prospect_rushonly,bf9b3e3,prospect@bf9b3e3,prospect,bf9b3e3,skerry,official,1,0,rating,b,b,0.0,core_destroyed,48,,128,250,6,9,67,240,9,11,ok,,1.7,bob-a,,2026-08-02T16:32:24+0200
c115dde45793a299,gapfill-idrace-20260802,vanguard@c407e79,vanguard,c407e79,vigil@bf9b3e3,vigil,bf9b3e3,quarry,official,1,0,rating,b,b,0.0,core_destroyed,39,,59,160,9,14,10,50,12,8,ok,,1.626,bob-a,,2026-08-02T16:31:58+0200
c11c3c3b9ef616f6,gapfill-idrace-20260802,prospect@bf9b3e3,prospect,bf9b3e3,prospect_rushonly@bf9b3e3,prospect_rushonly,bf9b3e3,jackpot,official,1,0,rating,a,a,1.0,core_destroyed,80,,20,80,8,1,99,240,8,6,ok,,2.756,bob-a,,2026-08-02T16:32:21+0200
c2600a8d08a8d433,gapfill-idrace-20260802,prospect_rushonly@bf9b3e3,prospect_rushonly,bf9b3e3,prospect@bf9b3e3,prospect,bf9b3e3,string,official,1,0,rating,a,a,1.0,core_destroyed,119,,16,210,2,2,60,360,16,7,ok,,3.785,bob-a,,2026-08-02T16:32:28+0200
c41eb1d5fc981ede,gapfill-idrace-20260802,prospect@bf9b3e3,prospect,bf9b3e3,vanguard@818f3b4,vanguard,818f3b4,quarry,official,1,0,rating,a,a,1.0,core_destroyed,47,,17,150,12,14,17,170,10,10,ok,,2.405,bob-a,,2026-08-02T16:30:35+0200
c4221196527abea9,gapfill-idrace-20260802,prospect@bf9b3e3,prospect,bf9b3e3,vanguard@818f3b4,vanguard,818f3b4,crossfire,official,1,0,rating,a,a,1.0,core_destroyed,49,,10,190,13,14,96,190,7,5,ok,,2.041,bob-a,,2026-08-02T16:30:30+0200
c46f050c268f07a4,gapfill-idrace-20260802,vigil@bf9b3e3,vigil,bf9b3e3,vigil@1b5f3d1,vigil,1b5f3d1,quarry,official,1,0,rating,a,a,1.0,core_destroyed,37,,10,50,11,8,3,50,10,8,ok,,1.787,bob-a,,2026-08-02T16:32:08+0200
c49ec767319f778e,gapfill-idrace-20260802,prospect_rushonly@bf9b3e3,prospect_rushonly,bf9b3e3,vigil@1b5f3d1,vigil,1b5f3d1,strait,official,1,0,rating,b,b,0.0,core_destroyed,43,,203,80,7,6,20,80,12,10,ok,,2.174,bob-a,,2026-08-02T16:31:37+0200
c67220664120f9c2,gapfill-idrace-20260802,prospect@bf9b3e3,prospect,bf9b3e3,vigil@bf9b3e3,vigil,bf9b3e3,hive,official,1,0,rating,a,a,1.0,core_destroyed,46,,6,90,13,7,10,90,10,12,ok,,1.991,bob-a,,2026-08-02T16:32:33+0200
c70358dd08f2ea03,gapfill-idrace-20260802,vanguard@818f3b4,vanguard,818f3b4,prospect@bf9b3e3,prospect,bf9b3e3,duel,official,1,0,rating,a,a,1.0,core_destroyed,39,,114,170,4,5,12,150,13,6,ok,,1.702,bob-a,,2026-08-02T16:30:31+0200
c81be98a7b1c96a1,gapfill-idrace-20260802,vigil@bf9b3e3,vigil,bf9b3e3,vanguard@c407e79,vanguard,c407e79,crossfire,official,1,0,rating,a,a,1.0,core_destroyed,46,,65,180,12,11,132,180,10,5,ok,,2.419,bob-a,,2026-08-02T16:31:54+0200
c83cddacf74c3896,gapfill-idrace-20260802,vigil@1b5f3d1,vigil,1b5f3d1,vigil@bf9b3e3,vigil,bf9b3e3,twins,official,1,0,rating,a,a,1.0,core_destroyed,30,,15,50,10,13,1,40,11,8,ok,,2.391,bob-a,,2026-08-02T16:32:14+0200
c99ca100d75da801,gapfill-idrace-20260802,vigil@1b5f3d1,vigil,1b5f3d1,vigil@bf9b3e3,vigil,bf9b3e3,quarry,official,1,0,rating,a,a,1.0,core_destroyed,37,,10,50,11,8,3,50,10,8,ok,,1.965,bob-a,,2026-08-02T16:32:09+0200
cae4b31cf25079bc,gapfill-idrace-20260802,prospect@bf9b3e3,prospect,bf9b3e3,vanguard@818f3b4,vanguard,818f3b4,duel,official,1,0,rating,a,a,1.0,core_destroyed,53,,55,250,10,24,101,240,8,5,ok,,1.35,bob-a,,2026-08-02T16:30:31+0200
cb0f06eb5f7fc4e9,gapfill-idrace-20260802,prospect_rushonly@bf9b3e3,prospect_rushonly,bf9b3e3,vigil@1b5f3d1,vigil,1b5f3d1,vault,official,1,0,rating,b,b,0.0,core_destroyed,30,,336,90,3,6,20,110,12,10,ok,,1.61,bob-a,,2026-08-02T16:31:39+0200
cc846f3bf97d3b58,gapfill-idrace-20260802,prospect@bf9b3e3,prospect,bf9b3e3,vanguard@818f3b4,vanguard,818f3b4,hive,official,1,0,rating,b,b,0.0,core_destroyed,60,,144,140,10,14,62,130,14,5,ok,,1.862,bob-a,,2026-08-02T16:30:32+0200
cd418dda50922d99,gapfill-idrace-20260802,prospect@bf9b3e3,prospect,bf9b3e3,vanguard@818f3b4,vanguard,818f3b4,vase,official,1,0,rating,b,b,0.0,core_destroyed,61,,28,0,13,4,59,0,7,3,ok,,1.876,bob-a,,2026-08-02T16:30:39+0200
cd5e6a5a4a16e603,gapfill-idrace-20260802,prospect_rushonly@bf9b3e3,prospect_rushonly,bf9b3e3,vigil@bf9b3e3,vigil,bf9b3e3,sweden,official,1,0,rating,a,a,1.0,titanium_collected,1000,,11560,9710,8,17,2210,130,6,9,ok,,3.953,bob-a,,2026-08-02T16:32:53+0200
cdd7b6e367240b13,gapfill-idrace-20260802,vigil@1b5f3d1,vigil,1b5f3d1,prospect@bf9b3e3,prospect,bf9b3e3,vault,official,1,0,rating,a,a,1.0,core_destroyed,34,,10,110,11,10,369,120,3,5,ok,,1.777,bob-a,,2026-08-02T16:31:05+0200
cdfd70da93a55fc6,gapfill-idrace-20260802,vanguard@818f3b4,vanguard,818f3b4,vigil@bf9b3e3,vigil,bf9b3e3,jackpot,official,1,0,rating,b,b,0.0,core_destroyed,35,,60,130,10,7,8,70,12,8,ok,,1.707,bob-a,,2026-08-02T16:31:45+0200
cf1b2a1f76c60c64,gapfill-idrace-20260802,prospect@bf9b3e3,prospect,bf9b3e3,vigil@bf9b3e3,vigil,bf9b3e3,string,official,1,0,rating,a,a,1.0,core_destroyed,89,,248,400,10,6,439,240,1,6,ok,,2.31,bob-a,,2026-08-02T16:32:39+0200
cf4e61ec350cd44b,gapfill-idrace-20260802,prospect_rushonly@bf9b3e3,prospect_rushonly,bf9b3e3,vanguard@c407e79,vanguard,c407e79,runestone,official,1,0,rating,a,a,1.0,core_destroyed,31,,9,50,12,8,58,90,10,10,ok,,1.84,bob-a,,2026-08-02T16:31:23+0200
cfe77b73de65af92,gapfill-idrace-20260802,vanguard@c407e79,vanguard,c407e79,prospect_rushonly@bf9b3e3,prospect_rushonly,bf9b3e3,hive,official,1,0,rating,b,b,0.0,core_destroyed,43,,35,150,11,15,54,90,11,13,ok,,1.785,bob-a,,2026-08-02T16:31:21+0200
d070a418b13db017,gapfill-idrace-20260802,vigil@bf9b3e3,vigil,bf9b3e3,vigil@1b5f3d1,vigil,1b5f3d1,showdown,official,1,0,rating,a,a,1.0,core_destroyed,50,,8,0,8,9,59,0,6,8,ok,,2.248,bob-a,,2026-08-02T16:32:10+0200
d1bfb1a9900348c8,gapfill-idrace-20260802,prospect@bf9b3e3,prospect,bf9b3e3,prospect_rushonly@bf9b3e3,prospect_rushonly,bf9b3e3,quarry,official,1,0,rating,b,b,0.0,core_destroyed,62,,2,110,7,18,69,350,10,21,ok,,1.796,bob-a,,2026-08-02T16:32:22+0200
d2b70b6093a99b9a,gapfill-idrace-20260802,prospect@bf9b3e3,prospect,bf9b3e3,vanguard@818f3b4,vanguard,818f3b4,fjord,official,1,0,rating,b,b,0.0,core_destroyed,35,,59,170,9,10,80,210,12,8,ok,,1.545,bob-a,,2026-08-02T16:30:31+0200
d309986ab6af0aaf,gapfill-idrace-20260802,prospect@bf9b3e3,prospect,bf9b3e3,vigil@1b5f3d1,vigil,1b5f3d1,hive,official,1,0,rating,a,a,1.0,core_destroyed,46,,6,90,13,7,10,90,10,12,ok,,1.87,bob-a,,2026-08-02T16:30:56+0200
d359b0f7894e94fd,gapfill-idrace-20260802,vigil@bf9b3e3,vigil,bf9b3e3,prospect_rushonly@bf9b3e3,prospect_rushonly,bf9b3e3,atoll,official,1,0,rating,a,a,1.0,core_destroyed,29,,7,90,11,11,310,90,4,6,ok,,1.322,bob-a,,2026-08-02T16:32:42+0200
d3da09b78e931f60,gapfill-idrace-20260802,vigil@bf9b3e3,vigil,bf9b3e3,vanguard@c407e79,vanguard,c407e79,fjord,official,1,0,rating,b,b,0.0,core_destroyed,38,,59,200,11,13,49,230,13,8,ok,,1.916,bob-a,,2026-08-02T16:31:54+0200
d52b924753fb6da9,gapfill-idrace-20260802,prospect@bf9b3e3,prospect,bf9b3e3,vanguard@818f3b4,vanguard,818f3b4,showdown,official,1,0,rating,b,b,0.0,core_destroyed,28,,52,0,11,5,88,0,4,1,ok,,2.006,bob-a,,2026-08-02T16:30:35+0200
d5af04160809f430,gapfill-idrace-20260802,vigil@1b5f3d1,vigil,1b5f3d1,prospect@bf9b3e3,prospect,bf9b3e3,hive,official,1,0,rating,b,b,0.0,core_destroyed,42,,6,80,11,10,5,80,12,6,ok,,1.986,bob-a,,2026-08-02T16:30:56+0200
d60fc5ffc07f6f49,gapfill-idrace-20260802,vanguard@c407e79,vanguard,c407e79,prospect@bf9b3e3,prospect,bf9b3e3,atoll,official,1,0,rating,b,b,0.0,core_destroyed,46,,108,150,8,3,16,150,13,6,ok,,1.742,bob-a,,2026-08-02T16:30:41+0200
d725f23c48587883,gapfill-idrace-20260802,prospect@bf9b3e3,prospect,bf9b3e3,prospect_rushonly@bf9b3e3,prospect_rushonly,bf9b3e3,aurora,official,1,0,rating,b,b,0.0,core_destroyed,38,,74,70,7,5,8,110,11,9,ok,,1.848,bob-a,,2026-08-02T16:32:16+0200
d7b27316a3a124f2,gapfill-idrace-20260802,vanguard@c407e79,vanguard,c407e79,prospect_rushonly@bf9b3e3,prospect_rushonly,bf9b3e3,string,official,1,0,rating,b,b,0.0,core_destroyed,118,,116,50,2,1,526,850,11,21,ok,,2.597,bob-a,,2026-08-02T16:31:27+0200
d8181f96017493fe,gapfill-idrace-20260802,vigil@bf9b3e3,vigil,bf9b3e3,vanguard@818f3b4,vanguard,818f3b4,showdown,official,1,0,rating,b,b,0.0,titanium_stored,36,,43,0,11,5,66,0,7,0,ok,,1.463,bob-a,,2026-08-02T16:31:46+0200
d8bf7f02a0d41796,gapfill-idrace-20260802,vigil@bf9b3e3,vigil,bf9b3e3,prospect@bf9b3e3,prospect,bf9b3e3,string,official,1,0,rating,b,b,0.0,titanium_collected,1000,,2373,20,4,3,4655,2490,10,8,ok,,6.376,bob-a,,2026-08-02T16:32:43+0200
d8f3c79e803ddb3e,gapfill-idrace-20260802,prospect_rushonly@bf9b3e3,prospect_rushonly,bf9b3e3,vanguard@818f3b4,vanguard,818f3b4,sweden,official,1,0,rating,b,b,0.0,core_destroyed,49,,56,170,11,15,60,140,10,12,ok,,1.702,bob-a,,2026-08-02T16:31:15+0200
d8fb5daa4690d61c,gapfill-idrace-20260802,vanguard@818f3b4,vanguard,818f3b4,vigil@bf9b3e3,vigil,bf9b3e3,pinch,official,1,0,rating,b,b,0.0,core_destroyed,27,,71,0,5,3,16,50,11,8,ok,,1.515,bob-a,,2026-08-02T16:31:45+0200
da7b9e200791b8a8,gapfill-idrace-20260802,prospect@bf9b3e3,prospect,bf9b3e3,vanguard@818f3b4,vanguard,818f3b4,atoll,official,1,0,rating,b,b,0.0,core_destroyed,38,,120,130,11,6,60,150,9,6,ok,,1.568,bob-a,,2026-08-02T16:30:29+0200
dacf11a13415477b,gapfill-idrace-20260802,vanguard@c407e79,vanguard,c407e79,prospect@bf9b3e3,prospect,bf9b3e3,sweden,official,1,0,rating,b,b,0.0,core_destroyed,92,,70,110,5,11,16,350,15,16,ok,,2.145,bob-a,,2026-08-02T16:30:50+0200
dbcc3a8ab6362859,gapfill-idrace-20260802,prospect_rushonly@bf9b3e3,prospect_rushonly,bf9b3e3,prospect@bf9b3e3,prospect,bf9b3e3,quarry,official,1,0,rating,b,b,0.0,core_destroyed,62,,2,110,7,18,69,350,10,21,ok,,1.734,bob-a,,2026-08-02T16:32:23+0200
dbe8465517705192,gapfill-idrace-20260802,vigil@bf9b3e3,vigil,bf9b3e3,vigil@1b5f3d1,vigil,1b5f3d1,runestone,official,1,0,rating,b,b,0.0,core_destroyed,30,,4,40,12,7,18,50,10,10,ok,,2.38,bob-a,,2026-08-02T16:32:09+0200
dc31fcb2c6d82a70,gapfill-idrace-20260802,vigil@bf9b3e3,vigil,bf9b3e3,prospect@bf9b3e3,prospect,bf9b3e3,runestone,official,1,0,rating,a,a,1.0,core_destroyed,27,,9,40,12,8,9,40,11,6,ok,,1.955,bob-a,,2026-08-02T16:32:36+0200
dc7886d9500b7f36,gapfill-idrace-20260802,prospect@bf9b3e3,prospect,bf9b3e3,vanguard@c407e79,vanguard,c407e79,jackpot,official,1,0,rating,a,a,1.0,core_destroyed,178,,10,50,13,5,369,850,4,7,ok,,3.83,bob-a,,2026-08-02T16:30:46+0200
dd495784bb69b2aa,gapfill-idrace-20260802,vanguard@c407e79,vanguard,c407e79,vigil@bf9b3e3,vigil,bf9b3e3,strait,official,1,0,rating,b,b,0.0,core_destroyed,44,,117,120,8,11,20,80,12,14,ok,,1.653,bob-a,,2026-08-02T16:32:00+0200
de51946680301dfb,gapfill-idrace-20260802,vanguard@c407e79,vanguard,c407e79,vigil@bf9b3e3,vigil,bf9b3e3,showdown,official,1,0,rating,b,b,0.0,core_destroyed,24,,114,0,5,3,20,10,10,9,ok,,1.887,bob-a,,2026-08-02T16:31:58+0200
de6a3bc735ab8aa4,gapfill-idrace-20260802,vanguard@c407e79,vanguard,c407e79,prospect_rushonly@bf9b3e3,prospect_rushonly,bf9b3e3,quarry,official,1,0,rating,b,b,0.0,core_destroyed,65,,27,210,11,10,119,380,10,20,ok,,2.793,bob-a,,2026-08-02T16:31:24+0200
df7976da7c8e7d28,gapfill-idrace-20260802,prospect_rushonly@bf9b3e3,prospect_rushonly,bf9b3e3,vigil@1b5f3d1,vigil,1b5f3d1,showdown,official,1,0,rating,b,b,0.0,core_destroyed,40,,228,0,3,5,68,0,7,11,ok,,1.19,bob-a,,2026-08-02T16:31:34+0200
e0dfc1f7fdb73f85,gapfill-idrace-20260802,vigil@1b5f3d1,vigil,1b5f3d1,prospect_rushonly@bf9b3e3,prospect_rushonly,bf9b3e3,vault,official,1,0,rating,a,a,1.0,core_destroyed,34,,10,110,11,10,369,120,3,5,ok,,1.659,bob-a,,2026-08-02T16:31:39+0200
e0f74931a3be38e3,gapfill-idrace-20260802,vigil@1b5f3d1,vigil,1b5f3d1,prospect@bf9b3e3,prospect,bf9b3e3,atoll,official,1,0,rating,a,a,1.0,core_destroyed,29,,7,90,11,11,310,90,4,6,ok,,1.55,bob-a,,2026-08-02T16:30:52+0200
e0fcfba36ec7cf8a,gapfill-idrace-20260802,prospect_rushonly@bf9b3e3,prospect_rushonly,bf9b3e3,prospect@bf9b3e3,prospect,bf9b3e3,crossfire,official,1,0,rating,b,b,0.0,core_destroyed,38,,77,80,6,10,9,80,9,6,ok,,1.797,bob-a,,2026-08-02T16:32:18+0200
e3abdbce49ef0b3d,gapfill-idrace-20260802,vanguard@818f3b4,vanguard,818f3b4,vigil@bf9b3e3,vigil,bf9b3e3,aurora,official,1,0,rating,b,b,0.0,core_destroyed,49,,90,200,7,8,20,100,12,11,ok,,2.501,bob-a,,2026-08-02T16:31:41+0200
e3d387c19226d46e,gapfill-idrace-20260802,vanguard@c407e79,vanguard,c407e79,prospect_rushonly@bf9b3e3,prospect_rushonly,bf9b3e3,showdown,official,1,0,rating,b,b,0.0,core_destroyed,32,,64,0,8,2,29,60,9,15,ok,,1.357,bob-a,,2026-08-02T16:31:24+0200
e50bae316dd799ec,gapfill-idrace-20260802,vigil@1b5f3d1,vigil,1b5f3d1,prospect@bf9b3e3,prospect,bf9b3e3,twins,official,1,0,rating,a,a,1.0,core_destroyed,27,,19,50,11,9,174,40,6,6,ok,,1.867,bob-a,,2026-08-02T16:31:04+0200
e599930078a88401,gapfill-idrace-20260802,vigil@bf9b3e3,vigil,bf9b3e3,vanguard@c407e79,vanguard,c407e79,sprint,official,1,0,rating,a,a,1.0,core_destroyed,39,,57,80,10,6,61,0,3,4,ok,,1.52,bob-a,,2026-08-02T16:31:59+0200
e6812645567b1cd8,gapfill-idrace-20260802,vanguard@c407e79,vanguard,c407e79,prospect@bf9b3e3,prospect,bf9b3e3,pinch,official,1,0,rating,b,b,0.0,core_destroyed,42,,58,80,8,6,41,160,9,12,ok,,1.808,bob-a,,2026-08-02T16:30:46+0200
e69a1162a0df12d1,gapfill-idrace-20260802,prospect@bf9b3e3,prospect,bf9b3e3,vigil@bf9b3e3,vigil,bf9b3e3,atoll,official,1,0,rating,b,b,0.0,core_destroyed,30,,246,90,6,6,20,100,11,9,ok,,1.321,bob-a,,2026-08-02T16:32:29+0200
e76b52a8dc5db9ef,gapfill-idrace-20260802,prospect_rushonly@bf9b3e3,prospect_rushonly,bf9b3e3,vigil@bf9b3e3,vigil,bf9b3e3,vase,official,1,0,rating,b,b,0.0,core_destroyed,42,,9,0,11,5,68,70,3,10,ok,,1.683,bob-a,,2026-08-02T16:32:52+0200
e79c21a8163f2de3,gapfill-idrace-20260802,vanguard@c407e79,vanguard,c407e79,prospect@bf9b3e3,prospect,bf9b3e3,twins,official,1,0,rating,b,b,0.0,core_destroyed,54,,36,200,6,9,4,70,10,6,ok,,2.265,bob-a,,2026-08-02T16:30:51+0200
e79c5eea7ecf63c8,gapfill-idrace-20260802,prospect_rushonly@bf9b3e3,prospect_rushonly,bf9b3e3,prospect@bf9b3e3,prospect,bf9b3e3,bridge,official,1,0,rating,b,b,0.0,titanium_collected,1000,,51,2470,4,9,5895,7280,18,15,ok,,12.21,bob-a,,2026-08-02T16:32:28+0200
e943ab8079c578be,gapfill-idrace-20260802,prospect@bf9b3e3,prospect,bf9b3e3,vigil@bf9b3e3,vigil,bf9b3e3,sweden,official,1,0,rating,a,a,1.0,core_destroyed,96,,260,670,15,17,504,330,3,7,ok,,2.02,bob-a,,2026-08-02T16:32:39+0200
e95f32a641a6a7f0,gapfill-idrace-20260802,prospect@bf9b3e3,prospect,bf9b3e3,prospect_rushonly@bf9b3e3,prospect_rushonly,bf9b3e3,vault,official,1,0,rating,b,b,0.0,core_destroyed,43,,240,160,9,6,243,170,9,6,ok,,1.454,bob-a,,2026-08-02T16:32:28+0200
e96c491115ffc8fc,gapfill-idrace-20260802,prospect_rushonly@bf9b3e3,prospect_rushonly,bf9b3e3,vigil@bf9b3e3,vigil,bf9b3e3,skerry,official,1,0,rating,b,b,0.0,core_destroyed,35,,124,130,9,6,0,130,10,11,ok,,2.185,bob-a,,2026-08-02T16:32:49+0200
e9abe23fef8f3265,gapfill-idrace-20260802,prospect@bf9b3e3,prospect,bf9b3e3,vanguard@c407e79,vanguard,c407e79,string,official,1,0,rating,b,b,0.0,titanium_collected,1000,,1980,470,10,1,1950,540,3,4,ok,,4.207,bob-a,,2026-08-02T16:30:52+0200
e9eca409c5fae1f6,gapfill-idrace-20260802,prospect@bf9b3e3,prospect,bf9b3e3,vigil@bf9b3e3,vigil,bf9b3e3,aurora,official,1,0,rating,a,a,1.0,core_destroyed,60,,20,130,11,5,20,90,12,8,ok,,2.217,bob-a,,2026-08-02T16:32:30+0200
e9fae0c9b53e2ce8,gapfill-idrace-20260802,vigil@bf9b3e3,vigil,bf9b3e3,prospect_rushonly@bf9b3e3,prospect_rushonly,bf9b3e3,fjord,official,1,0,rating,a,a,1.0,titanium_collected,38,,21,190,12,8,59,150,11,6,ok,,2.12,bob-a,,2026-08-02T16:32:45+0200
eaeef8941bb4c084,gapfill-idrace-20260802,prospect@bf9b3e3,prospect,bf9b3e3,prospect_rushonly@bf9b3e3,prospect_rushonly,bf9b3e3,crossfire,official,1,0,rating,b,b,0.0,core_destroyed,38,,77,80,6,10,9,80,9,6,ok,,2.02,bob-a,,2026-08-02T16:32:18+0200
ebc6922f40952f73,gapfill-idrace-20260802,vigil@bf9b3e3,vigil,bf9b3e3,vanguard@818f3b4,vanguard,818f3b4,twins,official,1,0,rating,a,a,1.0,core_destroyed,28,,20,50,11,9,118,90,6,8,ok,,1.419,bob-a,,2026-08-02T16:31:50+0200
ec2e61499fa12a73,gapfill-idrace-20260802,prospect_rushonly@bf9b3e3,prospect_rushonly,bf9b3e3,vigil@1b5f3d1,vigil,1b5f3d1,vase,official,1,0,rating,b,b,0.0,core_destroyed,42,,9,0,11,5,68,70,3,10,ok,,1.657,bob-a,,2026-08-02T16:31:39+0200
ed21890419964b8c,gapfill-idrace-20260802,vigil@bf9b3e3,vigil,bf9b3e3,vanguard@818f3b4,vanguard,818f3b4,atoll,official,1,0,rating,a,a,1.0,core_destroyed,31,,14,100,11,11,80,120,9,6,ok,,1.581,bob-a,,2026-08-02T16:31:39+0200
ee6bbbbc8eec19bf,gapfill-idrace-20260802,vigil@bf9b3e3,vigil,bf9b3e3,vanguard@818f3b4,vanguard,818f3b4,vase,official,1,0,rating,a,a,1.0,core_destroyed,48,,20,80,12,7,91,0,4,5,ok,,2.18,bob-a,,2026-08-02T16:31:51+0200
ee92c43dfc7e792f,gapfill-idrace-20260802,prospect_rushonly@bf9b3e3,prospect_rushonly,bf9b3e3,vigil@bf9b3e3,vigil,bf9b3e3,showdown,official,1,0,rating,b,b,0.0,core_destroyed,40,,228,0,3,5,68,0,7,11,ok,,1.21,bob-a,,2026-08-02T16:32:48+0200
eebb1cabe76f563b,gapfill-idrace-20260802,prospect_rushonly@bf9b3e3,prospect_rushonly,bf9b3e3,prospect@bf9b3e3,prospect,bf9b3e3,fjord,official,1,0,rating,b,b,0.0,core_destroyed,34,,83,170,8,10,9,170,12,10,ok,,1.716,bob-a,,2026-08-02T16:32:20+0200
eee0c1da8303fd53,gapfill-idrace-20260802,vigil@1b5f3d1,vigil,1b5f3d1,prospect@bf9b3e3,prospect,bf9b3e3,skerry,official,1,0,rating,a,a,1.0,core_destroyed,37,,33,150,12,10,81,110,9,4,ok,,1.74,bob-a,,2026-08-02T16:31:00+0200
ef721972eec0d0f2,gapfill-idrace-20260802,vigil@bf9b3e3,vigil,bf9b3e3,vigil@1b5f3d1,vigil,1b5f3d1,crossfire,official,1,0,rating,b,b,0.0,core_destroyed,38,,21,80,8,5,8,40,6,3,ok,,2.4,bob-a,,2026-08-02T16:32:05+0200
efa871d4d6563891,gapfill-idrace-20260802,prospect@bf9b3e3,prospect,bf9b3e3,prospect_rushonly@bf9b3e3,prospect_rushonly,bf9b3e3,atoll,official,1,0,rating,b,b,0.0,core_destroyed,44,,125,160,8,6,79,160,6,6,ok,,1.959,bob-a,,2026-08-02T16:32:16+0200
f1b2b0d2e33928fb,gapfill-idrace-20260802,prospect@bf9b3e3,prospect,bf9b3e3,vanguard@818f3b4,vanguard,818f3b4,strait,official,1,0,rating,a,a,1.0,core_destroyed,49,,97,100,10,9,120,260,10,13,ok,,1.903,bob-a,,2026-08-02T16:30:37+0200
f1f28840a8b469d9,gapfill-idrace-20260802,prospect_rushonly@bf9b3e3,prospect_rushonly,bf9b3e3,vigil@bf9b3e3,vigil,bf9b3e3,hive,official,1,0,rating,a,a,1.0,core_destroyed,46,,6,90,13,7,10,90,10,12,ok,,2.301,bob-a,,2026-08-02T16:32:46+0200
f221a2ff0ac89947,gapfill-idrace-20260802,vigil@1b5f3d1,vigil,1b5f3d1,vigil@bf9b3e3,vigil,bf9b3e3,crossfire,official,1,0,rating,b,b,0.0,core_destroyed,38,,21,80,8,5,8,40,6,3,ok,,2.364,bob-a,,2026-08-02T16:32:05+0200
f24ce675977ecfd3,gapfill-idrace-20260802,vigil@bf9b3e3,vigil,bf9b3e3,vanguard@c407e79,vanguard,c407e79,string,official,1,0,rating,b,b,0.0,core_destroyed,62,,276,140,5,5,65,140,4,9,ok,,1.709,bob-a,,2026-08-02T16:32:00+0200
f269ff7c13a1836b,gapfill-idrace-20260802,vanguard@818f3b4,vanguard,818f3b4,prospect@bf9b3e3,prospect,bf9b3e3,strait,official,1,0,rating,b,b,0.0,core_destroyed,33,,58,120,10,8,61,80,9,10,ok,,1.934,bob-a,,2026-08-02T16:30:37+0200
f2ff3ef0cd83a7f7,gapfill-idrace-20260802,vanguard@818f3b4,vanguard,818f3b4,prospect@bf9b3e3,prospect,bf9b3e3,string,official,1,0,rating,b,b,0.0,titanium_collected,1000,,2268,120,1,7,4676,2470,8,14,ok,,6.355,bob-a,,2026-08-02T16:30:42+0200
f2ffea0eac0b354f,gapfill-idrace-20260802,vigil@1b5f3d1,vigil,1b5f3d1,prospect_rushonly@bf9b3e3,prospect_rushonly,bf9b3e3,duel,official,1,0,rating,a,a,1.0,core_destroyed,60,,47,260,10,11,199,220,6,12,ok,,2.14,bob-a,,2026-08-02T16:31:32+0200
f3365fa147122447,gapfill-idrace-20260802,prospect_rushonly@bf9b3e3,prospect_rushonly,bf9b3e3,vanguard@c407e79,vanguard,c407e79,sweden,official,1,0,rating,a,a,1.0,core_destroyed,62,,26,270,13,16,21,160,11,16,ok,,2.236,bob-a,,2026-08-02T16:31:27+0200
f3d9a9d5e155eadd,gapfill-idrace-20260802,prospect_rushonly@bf9b3e3,prospect_rushonly,bf9b3e3,vigil@bf9b3e3,vigil,bf9b3e3,duel,official,1,0,rating,b,b,0.0,core_destroyed,34,,131,120,6,9,30,130,10,9,ok,,1.677,bob-a,,2026-08-02T16:32:44+0200
f3e0c2f22767a91f,gapfill-idrace-20260802,prospect@bf9b3e3,prospect,bf9b3e3,vigil@1b5f3d1,vigil,1b5f3d1,pinch,official,1,0,rating,b,b,0.0,core_destroyed,24,,187,40,7,4,20,40,8,8,ok,,1.743,bob-a,,2026-08-02T16:30:58+0200
f3ebc7437cb3ec7c,gapfill-idrace-20260802,vanguard@818f3b4,vanguard,818f3b4,vigil@bf9b3e3,vigil,bf9b3e3,vase,official,1,0,rating,b,b,0.0,core_destroyed,31,,69,0,7,5,39,40,8,10,ok,,1.726,bob-a,,2026-08-02T16:31:51+0200
f40f69485ae09823,gapfill-idrace-20260802,vigil@bf9b3e3,vigil,bf9b3e3,vanguard@818f3b4,vanguard,818f3b4,duel,official,1,0,rating,a,a,1.0,core_destroyed,54,,180,130,7,6,100,240,8,5,ok,,1.488,bob-a,,2026-08-02T16:31:42+0200
f4e896da5193e3f6,gapfill-idrace-20260802,vanguard@818f3b4,vanguard,818f3b4,vigil@bf9b3e3,vigil,bf9b3e3,fjord,official,1,0,rating,b,b,0.0,core_destroyed,29,,66,60,7,6,20,110,12,7,ok,,1.988,bob-a,,2026-08-02T16:31:43+0200
f51d5d578c470d04,gapfill-idrace-20260802,prospect_rushonly@bf9b3e3,prospect_rushonly,bf9b3e3,prospect@bf9b3e3,prospect,bf9b3e3,pinch,official,1,0,rating,b,b,0.0,core_destroyed,32,,147,80,6,9,30,90,10,12,ok,,1.908,bob-a,,2026-08-02T16:32:22+0200
f7ae05c7039872bf,gapfill-idrace-20260802,prospect@bf9b3e3,prospect,bf9b3e3,vanguard@c407e79,vanguard,c407e79,longship,official,1,0,rating,a,a,1.0,core_destroyed,31,,20,60,12,12,71,100,10,8,ok,,1.588,bob-a,,2026-08-02T16:30:45+0200
f83a6bbf1d81c1a4,gapfill-idrace-20260802,vigil@1b5f3d1,vigil,1b5f3d1,vigil@bf9b3e3,vigil,bf9b3e3,showdown,official,1,0,rating,a,a,1.0,core_destroyed,50,,8,0,8,9,59,0,6,8,ok,,2.182,bob-a,,2026-08-02T16:32:10+0200
f86c8e501825488d,gapfill-idrace-20260802,prospect_rushonly@bf9b3e3,prospect_rushonly,bf9b3e3,vanguard@c407e79,vanguard,c407e79,strait,official,1,0,rating,a,a,1.0,core_destroyed,49,,97,100,10,9,120,260,10,13,ok,,1.791,bob-a,,2026-08-02T16:31:25+0200
f968c04e19604a64,gapfill-idrace-20260802,prospect_rushonly@bf9b3e3,prospect_rushonly,bf9b3e3,vanguard@818f3b4,vanguard,818f3b4,aurora,official,1,0,rating,a,a,1.0,core_destroyed,47,,20,100,12,11,78,180,10,8,ok,,2.327,bob-a,,2026-08-02T16:31:06+0200
fadfced240f8f87d,gapfill-idrace-20260802,prospect@bf9b3e3,prospect,bf9b3e3,vigil@bf9b3e3,vigil,bf9b3e3,quarry,official,1,0,rating,b,b,0.0,core_destroyed,45,,59,50,11,9,21,70,10,8,ok,,1.793,bob-a,,2026-08-02T16:32:35+0200
fb403626aec382cb,gapfill-idrace-20260802,vanguard@818f3b4,vanguard,818f3b4,prospect@bf9b3e3,prospect,bf9b3e3,twins,official,1,0,rating,b,b,0.0,core_destroyed,54,,36,200,6,9,4,70,10,6,ok,,1.872,bob-a,,2026-08-02T16:30:39+0200
fb44da992ee746a2,gapfill-idrace-20260802,vigil@bf9b3e3,vigil,bf9b3e3,vanguard@c407e79,vanguard,c407e79,jackpot,official,1,0,rating,b,b,0.0,core_destroyed,90,,441,370,7,10,327,410,7,8,ok,,2.245,bob-a,,2026-08-02T16:31:56+0200
fb7f812a14f34b20,gapfill-idrace-20260802,vigil@1b5f3d1,vigil,1b5f3d1,prospect_rushonly@bf9b3e3,prospect_rushonly,bf9b3e3,crossfire,official,1,0,rating,b,b,0.0,core_destroyed,37,,65,80,7,8,34,80,8,6,ok,,1.51,bob-a,,2026-08-02T16:31:30+0200
fbdb77f62340ef4f,gapfill-idrace-20260802,vanguard@c407e79,vanguard,c407e79,prospect@bf9b3e3,prospect,bf9b3e3,showdown,official,1,0,rating,b,b,0.0,core_destroyed,32,,64,0,8,2,29,60,9,15,ok,,1.715,bob-a,,2026-08-02T16:30:48+0200
fc2c97910a241b63,gapfill-idrace-20260802,prospect_rushonly@bf9b3e3,prospect_rushonly,bf9b3e3,vigil@bf9b3e3,vigil,bf9b3e3,sprint,official,1,0,rating,a,a,1.0,core_destroyed,32,,23,60,8,8,42,60,7,8,ok,,1.929,bob-a,,2026-08-02T16:32:50+0200
fd392fb66f3136ed,gapfill-idrace-20260802,vigil@1b5f3d1,vigil,1b5f3d1,prospect@bf9b3e3,prospect,bf9b3e3,showdown,official,1,0,rating,a,a,1.0,core_destroyed,36,,21,0,7,8,34,0,6,4,ok,,1.601,bob-a,,2026-08-02T16:31:00+0200
fd45f4a1f8638528,gapfill-idrace-20260802,vanguard@c407e79,vanguard,c407e79,vigil@bf9b3e3,vigil,bf9b3e3,fjord,official,1,0,rating,b,b,0.0,core_destroyed,27,,91,60,9,6,10,90,12,7,ok,,1.667,bob-a,,2026-08-02T16:31:54+0200
fd4aec10894a66ab,gapfill-idrace-20260802,vigil@bf9b3e3,vigil,bf9b3e3,vigil@1b5f3d1,vigil,1b5f3d1,jackpot,official,1,0,rating,b,b,0.0,titanium_collected,1000,,4612,2480,6,5,4463,2510,8,23,ok,,5.588,bob-a,,2026-08-02T16:32:11+0200
fd59a40babfbd790,gapfill-idrace-20260802,vigil@bf9b3e3,vigil,bf9b3e3,prospect@bf9b3e3,prospect,bf9b3e3,duel,official,1,0,rating,a,a,1.0,core_destroyed,60,,47,260,10,11,199,220,6,12,ok,,2.316,bob-a,,2026-08-02T16:32:32+0200
fda3f768c0d16767,gapfill-idrace-20260802,vanguard@c407e79,vanguard,c407e79,vigil@bf9b3e3,vigil,bf9b3e3,sprint,official,1,0,rating,b,b,0.0,core_destroyed,55,,19,0,9,0,56,190,12,10,ok,,2.476,bob-a,,2026-08-02T16:32:00+0200
fef484c3962569c2,gapfill-idrace-20260802,vanguard@c407e79,vanguard,c407e79,prospect@bf9b3e3,prospect,bf9b3e3,aurora,official,1,0,rating,b,b,0.0,core_destroyed,40,,60,180,11,15,29,130,13,10,ok,,1.839,bob-a,,2026-08-02T16:30:41+0200
ff2811d3a2467082,gapfill-idrace-20260802,vigil@bf9b3e3,vigil,bf9b3e3,vanguard@c407e79,vanguard,c407e79,hive,official,1,0,rating,a,a,1.0,core_destroyed,74,,33,160,12,11,88,160,8,7,ok,,2.56,bob-a,,2026-08-02T16:31:55+0200
ff5f4212d6f498ed,gapfill-idrace-20260802,prospect@bf9b3e3,prospect,bf9b3e3,vanguard@c407e79,vanguard,c407e79,quarry,official,1,0,rating,a,a,1.0,core_destroyed,47,,26,170,11,15,41,180,10,21,ok,,1.721,bob-a,,2026-08-02T16:30:46+0200
ffcfca35df2c86c7,gapfill-idrace-20260802,vigil@bf9b3e3,vigil,bf9b3e3,vanguard@818f3b4,vanguard,818f3b4,hive,official,1,0,rating,a,a,1.0,core_destroyed,40,,20,80,11,11,113,80,7,4,ok,,1.653,bob-a,,2026-08-02T16:31:43+0200
