match_id,tournament_id,bot_a,bot_a_name,bot_a_commit,bot_b,bot_b_name,bot_b_commit,map,map_set,seed,tle,kind,engine_winner,winner,score_a,win_condition,turns,resign_message,a_titanium,a_titanium_collected,a_units,a_buildings,b_titanium,b_titanium_collected,b_units,b_buildings,status,error,duration_s,host,lsf_job,finished_at
0077a34b4ecd8693,vidar-attack,steward@a8b3d07,steward,a8b3d07,vidar_econwar@a8b3d07,vidar_econwar,a8b3d07,sweden,official,1,0,rating,a,a,1.0,core_destroyed,338,,41,2390,14,64,26,0,3,4,ok,,19.85,bob-a,,2026-08-04T23:25:33+0200
00d04cc938c81e16,vidar-attack,vidar@a8b3d07,vidar,a8b3d07,tyr@a8b3d07,tyr,a8b3d07,sweden,official,1,0,rating,a,a,1.0,core_destroyed,518,,1571,4820,10,30,1372,1730,5,16,ok,,8.95,bob-a,,2026-08-04T23:13:30+0200
01253f592dfa201c,vidar-attack,vidar_econwar@a8b3d07,vidar_econwar,a8b3d07,prospect@a8b3d07,prospect,a8b3d07,showdown,official,1,0,rating,a,draw,0.5,coinflip,1000,,16,0,6,2,16,0,5,8,ok,,11.208,bob-a,,2026-08-04T23:21:52+0200
0164f7fdae05e1eb,vidar-attack,vidar@a8b3d07,vidar,a8b3d07,steward@a8b3d07,steward,a8b3d07,vault,official,1,0,rating,a,a,1.0,core_destroyed,300,,21,1450,8,50,85,2250,14,55,ok,,8.184,bob-a,,2026-08-04T23:14:47+0200
0188f959203dac4c,vidar-attack,vidar@a8b3d07,vidar,a8b3d07,tyr@a8b3d07,tyr,a8b3d07,fjord,official,1,0,rating,a,a,1.0,core_destroyed,251,,183,2420,10,60,300,1860,11,54,ok,,4.291,bob-a,,2026-08-04T23:13:15+0200
0306755c41076192,vidar-attack,vidar_econwar@a8b3d07,vidar_econwar,a8b3d07,valkyrie@a8b3d07,valkyrie,a8b3d07,vase,official,1,0,rating,b,b,0.0,titanium_collected,1000,,1571,70,6,6,4599,2450,4,13,ok,,11.018,bob-a,,2026-08-04T23:27:18+0200
03ef9a69e0fb3240,vidar-attack,odin@a8b3d07,odin,a8b3d07,vidar_econwar@a8b3d07,vidar_econwar,a8b3d07,vase,official,1,0,rating,a,a,1.0,titanium_stored,1000,,4786,2460,1,7,3981,2460,4,9,ok,,10.254,bob-a,,2026-08-04T23:16:18+0200
03f177df004b5873,vidar-attack,vidar_econwar@a8b3d07,vidar_econwar,a8b3d07,vidar@a8b3d07,vidar,a8b3d07,fjord,official,1,0,rating,a,a,1.0,titanium_collected,1000,,6039,8940,6,39,4919,7950,9,69,ok,,23.537,bob-a,,2026-08-04T23:28:03+0200
0440357575637ff7,vidar-attack,valkyrie@a8b3d07,valkyrie,a8b3d07,vidar_econwar@a8b3d07,vidar_econwar,a8b3d07,quarry,official,1,0,rating,b,b,0.0,titanium_collected,1000,,11596,17470,7,132,18021,22260,16,158,ok,,65.229,bob-a,,2026-08-04T23:27:19+0200
05e067dc43b0285c,vidar-attack,vidar_econwar@a8b3d07,vidar_econwar,a8b3d07,tyr@a8b3d07,tyr,a8b3d07,skerry,official,1,0,rating,b,b,0.0,core_destroyed,76,,21,590,9,43,22,490,8,34,ok,,4.076,bob-a,,2026-08-04T23:17:02+0200
05e89eafc93579d2,vidar-attack,vidar_econwar@a8b3d07,vidar_econwar,a8b3d07,pantheon_replica_day3@a8b3d07,pantheon_replica_day3,a8b3d07,quarry,official,1,0,rating,b,b,0.0,core_destroyed,80,,22,410,9,46,30,570,6,39,ok,,6.12,bob-a,,2026-08-04T23:22:51+0200
064bc28189ab035a,vidar-attack,vidar@a8b3d07,vidar,a8b3d07,valkyrie@a8b3d07,valkyrie,a8b3d07,quarry,official,1,0,rating,b,b,0.0,core_destroyed,139,,2,310,10,16,2,300,6,16,ok,,5.335,bob-a,,2026-08-04T23:14:54+0200
06e4074bf8bebb56,vidar-attack,vidar@a8b3d07,vidar,a8b3d07,pantheon_replica_day3@a8b3d07,pantheon_replica_day3,a8b3d07,string,official,1,0,rating,b,b,0.0,titanium_collected,1000,,3723,2490,5,5,8961,7320,5,14,ok,,8.736,bob-a,,2026-08-04T23:14:30+0200
074facfa20a16da3,vidar-attack,pantheon_replica_day3@a8b3d07,pantheon_replica_day3,a8b3d07,vidar@a8b3d07,vidar,a8b3d07,duel,official,1,0,rating,b,b,0.0,core_destroyed,117,,20,280,3,9,9,280,7,6,ok,,4.326,bob-a,,2026-08-04T23:14:16+0200
075a0e63f8ac58d6,vidar-attack,valkyrie@a8b3d07,valkyrie,a8b3d07,vidar@a8b3d07,vidar,a8b3d07,strait,official,1,0,rating,b,b,0.0,core_destroyed,191,,1219,1680,8,77,64,1230,9,74,ok,,11.963,bob-a,,2026-08-04T23:15:08+0200
07bee6d4b66e9cb7,vidar-attack,odin@a8b3d07,odin,a8b3d07,vidar@a8b3d07,vidar,a8b3d07,hive,official,1,0,rating,a,a,1.0,core_destroyed,151,,25,1070,10,72,40,740,7,68,ok,,3.272,bob-a,,2026-08-04T23:12:55+0200
08364824cb176fe8,vidar-attack,vidar_econwar@a8b3d07,vidar_econwar,a8b3d07,vigil@a8b3d07,vigil,a8b3d07,bridge,official,1,0,rating,b,b,0.0,titanium_collected,1000,,1503,0,6,13,9483,7230,3,17,ok,,13.843,bob-a,,2026-08-04T23:17:40+0200
088c17228726cfdb,vidar-attack,vidar_econwar@a8b3d07,vidar_econwar,a8b3d07,steward@a8b3d07,steward,a8b3d07,duel,official,1,0,rating,b,b,0.0,core_destroyed,129,,109,790,11,14,41,610,1,7,ok,,7.284,bob-a,,2026-08-04T23:24:08+0200
08dd16867c1095fd,vidar-attack,vigil@a8b3d07,vigil,a8b3d07,vidar@a8b3d07,vidar,a8b3d07,vase,official,1,0,rating,a,a,1.0,core_destroyed,79,,10,160,6,7,35,0,6,4,ok,,2.24,bob-a,,2026-08-04T23:13:40+0200
091c6b79b238f272,vidar-attack,steward@a8b3d07,steward,a8b3d07,vidar@a8b3d07,vidar,a8b3d07,sweden,official,1,0,rating,b,b,0.0,core_destroyed,303,,153,1170,12,15,10,0,5,14,ok,,6.488,bob-a,,2026-08-04T23:14:44+0200
0989c6ee1765bcb3,vidar-attack,vidar_econwar@a8b3d07,vidar_econwar,a8b3d07,steward@a8b3d07,steward,a8b3d07,string,official,1,0,rating,b,b,0.0,core_destroyed,210,,31,280,1,0,70,1460,7,19,ok,,14.276,bob-a,,2026-08-04T23:25:19+0200
099bf5d8709a3567,vidar-attack,vidar@a8b3d07,vidar,a8b3d07,odin@a8b3d07,odin,a8b3d07,crossfire,official,1,0,rating,b,b,0.0,core_destroyed,163,,59,290,7,11,162,820,6,13,ok,,2.512,bob-a,,2026-08-04T23:12:54+0200
09e72da3da4c502b,vidar-attack,vidar@a8b3d07,vidar,a8b3d07,tyr@a8b3d07,tyr,a8b3d07,twins,official,1,0,rating,a,a,1.0,titanium_collected,1000,,11588,11490,3,73,5881,5530,10,22,ok,,6.173,bob-a,,2026-08-04T23:13:27+0200
09fe369300720ea5,vidar-attack,odin@a8b3d07,odin,a8b3d07,vidar_econwar@a8b3d07,vidar_econwar,a8b3d07,strait,official,1,0,rating,a,a,1.0,core_destroyed,101,,30,680,9,47,29,690,9,64,ok,,10.614,bob-a,,2026-08-04T23:16:04+0200
0a2d3cf6932bcf60,vidar-attack,steward@a8b3d07,steward,a8b3d07,vidar@a8b3d07,vidar,a8b3d07,hive,official,1,0,rating,b,b,0.0,core_destroyed,123,,10,640,11,31,29,990,10,58,ok,,3.848,bob-a,,2026-08-04T23:14:34+0200
0a482502d29ff2aa,vidar-attack,tyr@a8b3d07,tyr,a8b3d07,vidar@a8b3d07,vidar,a8b3d07,string,official,1,0,rating,a,a,1.0,titanium_collected,1000,,7076,5130,0,15,3759,2570,6,12,ok,,3.758,bob-a,,2026-08-04T23:13:24+0200
0a504f19c5154853,vidar-attack,pantheon_replica_day3@a8b3d07,pantheon_replica_day3,a8b3d07,vidar_econwar@a8b3d07,vidar_econwar,a8b3d07,sprint,official,1,0,rating,a,a,1.0,core_destroyed,285,,9,0,8,9,10,0,4,1,ok,,8.379,bob-a,,2026-08-04T23:23:11+0200
0a56666c68d1d6a7,vidar-attack,valkyrie@a8b3d07,valkyrie,a8b3d07,vidar_econwar@a8b3d07,vidar_econwar,a8b3d07,jackpot,official,1,0,rating,b,b,0.0,titanium_collected,1000,,6391,4910,7,26,9485,9420,8,40,ok,,23.812,bob-a,,2026-08-04T23:26:29+0200
0a6c3e40c03e1ff1,vidar-attack,ragnarok@a8b3d07,ragnarok,a8b3d07,vidar@a8b3d07,vidar,a8b3d07,pinch,official,1,0,rating,b,b,0.0,core_destroyed,153,,512,400,6,8,263,1660,10,59,ok,,3.153,bob-a,,2026-08-04T23:13:50+0200
0a8a5785b0c75eec,vidar-attack,pantheon_replica_day3@a8b3d07,pantheon_replica_day3,a8b3d07,vidar@a8b3d07,vidar,a8b3d07,vault,official,1,0,rating,a,a,1.0,core_destroyed,83,,10,360,4,42,32,370,10,10,ok,,2.766,bob-a,,2026-08-04T23:14:27+0200
0a9af26d6ba9898c,vidar-attack,pantheon_replica_day3@a8b3d07,pantheon_replica_day3,a8b3d07,vidar_econwar@a8b3d07,vidar_econwar,a8b3d07,vase,official,1,0,rating,b,b,0.0,titanium_collected,1000,,23,70,3,14,49,90,9,6,ok,,38.687,bob-a,,2026-08-04T23:24:06+0200
0aa2f0c0c67c51f9,vidar-attack,odin@a8b3d07,odin,a8b3d07,vidar_econwar@a8b3d07,vidar_econwar,a8b3d07,twins,official,1,0,rating,b,b,0.0,titanium_collected,1000,,6198,7040,7,60,11691,15530,8,71,ok,,18.971,bob-a,,2026-08-04T23:16:21+0200
0bed9b956a875ce1,vidar-attack,pantheon_replica_day3@a8b3d07,pantheon_replica_day3,a8b3d07,vidar@a8b3d07,vidar,a8b3d07,showdown,official,1,0,rating,a,a,1.0,core_destroyed,361,,9,0,6,1,10,0,4,9,ok,,3.453,bob-a,,2026-08-04T23:14:22+0200
0c12b0d96fa9e82a,vidar-attack,ragnarok@a8b3d07,ragnarok,a8b3d07,vidar_econwar@a8b3d07,vidar_econwar,a8b3d07,vault,official,1,0,rating,b,b,0.0,titanium_collected,1000,,48,1910,7,4,5635,11820,22,71,ok,,62.181,bob-a,,2026-08-04T23:21:58+0200
0d02e8cea0fc50ba,vidar-attack,vidar_econwar@a8b3d07,vidar_econwar,a8b3d07,pantheon_replica_day3@a8b3d07,pantheon_replica_day3,a8b3d07,duel,official,1,0,rating,a,a,1.0,core_destroyed,608,,49,3300,18,17,1947,2940,3,7,ok,,39.454,bob-a,,2026-08-04T23:22:59+0200
0d19ebdcc2cd25e9,vidar-attack,vidar@a8b3d07,vidar,a8b3d07,prospect@a8b3d07,prospect,a8b3d07,duel,official,1,0,rating,a,a,1.0,core_destroyed,64,,20,150,6,6,381,270,5,9,ok,,1.732,bob-a,,2026-08-04T23:13:59+0200
0d96cccce053c50d,vidar-attack,pantheon_replica_day3@a8b3d07,pantheon_replica_day3,a8b3d07,vidar@a8b3d07,vidar,a8b3d07,string,official,1,0,rating,b,b,0.0,core_destroyed,120,,115,520,6,6,16,280,5,10,ok,,3.379,bob-a,,2026-08-04T23:14:25+0200
0e272007d37eb6bd,vidar-attack,ragnarok@a8b3d07,ragnarok,a8b3d07,vidar_econwar@a8b3d07,vidar_econwar,a8b3d07,fjord,official,1,0,rating,b,b,0.0,core_destroyed,486,,2384,3930,5,5,43,4980,20,64,ok,,22.716,bob-a,,2026-08-04T23:19:52+0200
0e3b652b303aba1f,vidar-attack,tyr@a8b3d07,tyr,a8b3d07,vidar@a8b3d07,vidar,a8b3d07,quarry,official,1,0,rating,b,b,0.0,titanium_collected,1000,,10281,12220,5,119,18885,21920,9,144,ok,,14.22,bob-a,,2026-08-04T23:13:29+0200
0e3eef9c33bdb432,vidar-attack,prospect@a8b3d07,prospect,a8b3d07,vidar@a8b3d07,vidar,a8b3d07,twins,official,1,0,rating,a,a,1.0,core_destroyed,90,,9,370,9,10,8,200,5,21,ok,,2.239,bob-a,,2026-08-04T23:14:09+0200
0e97e4fcaefeebd5,vidar-attack,vidar@a8b3d07,vidar,a8b3d07,valkyrie@a8b3d07,valkyrie,a8b3d07,twins,official,1,0,rating,a,a,1.0,core_destroyed,129,,52,660,7,44,658,820,5,53,ok,,8.244,bob-a,,2026-08-04T23:15:08+0200
0f44f00fd2ec4dab,vidar-attack,vidar@a8b3d07,vidar,a8b3d07,vidar_econwar@a8b3d07,vidar_econwar,a8b3d07,duel,official,1,0,rating,a,a,1.0,core_destroyed,737,,9,610,3,2,10,3220,13,26,ok,,23.841,bob-a,,2026-08-04T23:28:00+0200
10a2714a1250521a,vidar-attack,vidar@a8b3d07,vidar,a8b3d07,prospect@a8b3d07,prospect,a8b3d07,strait,official,1,0,rating,a,a,1.0,core_destroyed,201,,55,480,11,19,1123,1650,4,44,ok,,4.706,bob-a,,2026-08-04T23:14:09+0200
10fc72ac64111046,vidar-attack,vidar@a8b3d07,vidar,a8b3d07,vigil@a8b3d07,vigil,a8b3d07,hive,official,1,0,rating,b,b,0.0,core_destroyed,147,,60,140,4,22,20,610,12,17,ok,,3.342,bob-a,,2026-08-04T23:13:34+0200
114a0f33a2a00a35,vidar-attack,vidar_econwar@a8b3d07,vidar_econwar,a8b3d07,ragnarok@a8b3d07,ragnarok,a8b3d07,twins,official,1,0,rating,a,a,1.0,core_destroyed,386,,62,5980,28,90,85,2300,4,35,ok,,23.575,bob-a,,2026-08-04T23:21:07+0200
11978fba5a6c1d3d,vidar-attack,vidar_econwar@a8b3d07,vidar_econwar,a8b3d07,odin@a8b3d07,odin,a8b3d07,sweden,official,1,0,rating,a,a,1.0,titanium_collected,1000,,7122,7350,8,32,2017,140,2,10,ok,,26.312,bob-a,,2026-08-04T23:16:25+0200
1325676289a1d52c,vidar-attack,vigil@a8b3d07,vigil,a8b3d07,vidar@a8b3d07,vidar,a8b3d07,atoll,official,1,0,rating,b,b,0.0,core_destroyed,405,,1273,2190,6,1,96,3560,21,48,ok,,8.706,bob-a,,2026-08-04T23:13:33+0200
13297645034a691b,vidar-attack,vigil@a8b3d07,vigil,a8b3d07,vidar@a8b3d07,vidar,a8b3d07,vault,official,1,0,rating,b,b,0.0,titanium_collected,1000,,2146,1870,4,3,9404,11650,13,86,ok,,15.979,bob-a,,2026-08-04T23:13:56+0200
141635e2e410a861,vidar-attack,vidar_econwar@a8b3d07,vidar_econwar,a8b3d07,vidar@a8b3d07,vidar,a8b3d07,runestone,official,1,0,rating,b,b,0.0,core_destroyed,120,,49,630,7,58,30,1120,8,70,ok,,6.359,bob-a,,2026-08-04T23:28:06+0200
14327fa7c15b9dc7,vidar-attack,pantheon_replica_day3@a8b3d07,pantheon_replica_day3,a8b3d07,vidar_econwar@a8b3d07,vidar_econwar,a8b3d07,skerry,official,1,0,rating,a,a,1.0,core_destroyed,89,,35,580,4,40,0,380,10,25,ok,,6.032,bob-a,,2026-08-04T23:23:06+0200
14425258151d2c1b,vidar-attack,valkyrie@a8b3d07,valkyrie,a8b3d07,vidar@a8b3d07,vidar,a8b3d07,vase,official,1,0,rating,a,a,1.0,core_destroyed,349,,10,560,5,8,30,1030,13,24,ok,,14.801,bob-a,,2026-08-04T23:15:17+0200
1452833c0e60a7ba,vidar-attack,steward@a8b3d07,steward,a8b3d07,vidar@a8b3d07,vidar,a8b3d07,duel,official,1,0,rating,a,a,1.0,core_destroyed,70,,18,310,8,10,10,190,6,9,ok,,2.649,bob-a,,2026-08-04T23:14:30+0200
145956b39235156e,vidar-attack,vidar@a8b3d07,vidar,a8b3d07,odin@a8b3d07,odin,a8b3d07,string,official,1,0,rating,b,b,0.0,titanium_collected,1000,,3119,2490,7,9,4152,3080,0,9,ok,,4.336,bob-a,,2026-08-04T23:13:05+0200
150a75a0b8597819,vidar-attack,steward@a8b3d07,steward,a8b3d07,vidar_econwar@a8b3d07,vidar_econwar,a8b3d07,pinch,official,1,0,rating,b,b,0.0,titanium_collected,1000,,43,4360,1,11,244,5010,24,49,ok,,64.431,bob-a,,2026-08-04T23:25:24+0200
15387370c3f4aac4,vidar-attack,ragnarok@a8b3d07,ragnarok,a8b3d07,vidar@a8b3d07,vidar,a8b3d07,hive,official,1,0,rating,b,b,0.0,core_destroyed,123,,10,640,11,31,29,990,10,58,ok,,4.057,bob-a,,2026-08-04T23:13:50+0200
1560cde0a9a5bf69,vidar-attack,vidar_econwar@a8b3d07,vidar_econwar,a8b3d07,pantheon_replica_day3@a8b3d07,pantheon_replica_day3,a8b3d07,skerry,official,1,0,rating,a,a,1.0,titanium_collected,1000,,11615,15290,23,74,10734,10690,1,54,ok,,63.012,bob-a,,2026-08-04T23:24:02+0200
164e0625257c1c57,vidar-attack,vidar_econwar@a8b3d07,vidar_econwar,a8b3d07,ragnarok@a8b3d07,ragnarok,a8b3d07,fjord,official,1,0,rating,b,b,0.0,core_destroyed,657,,34,5600,25,81,2105,4840,7,28,ok,,60.105,bob-a,,2026-08-04T23:20:28+0200
16f4acc2afffd925,vidar-attack,ragnarok@a8b3d07,ragnarok,a8b3d07,vidar@a8b3d07,vidar,a8b3d07,twins,official,1,0,rating,b,b,0.0,core_destroyed,189,,1178,1630,5,72,30,1600,8,76,ok,,3.998,bob-a,,2026-08-04T23:13:57+0200
1769eb3088a339a6,vidar-attack,vidar_econwar@a8b3d07,vidar_econwar,a8b3d07,vidar@a8b3d07,vidar,a8b3d07,duel,official,1,0,rating,b,b,0.0,core_destroyed,301,,1683,1620,0,1,28,2090,19,40,ok,,9.929,bob-a,,2026-08-04T23:27:48+0200
17ae0937f1346e87,vidar-attack,vidar@a8b3d07,vidar,a8b3d07,vigil@a8b3d07,vigil,a8b3d07,pinch,official,1,0,rating,a,a,1.0,core_destroyed,107,,13,460,7,9,7,220,6,5,ok,,2.224,bob-a,,2026-08-04T23:13:34+0200
17d7cb9192b03547,vidar-attack,vidar_econwar@a8b3d07,vidar_econwar,a8b3d07,valkyrie@a8b3d07,valkyrie,a8b3d07,aurora,official,1,0,rating,b,b,0.0,core_destroyed,507,,4230,9160,10,142,2625,3900,13,7,ok,,26.296,bob-a,,2026-08-04T23:25:56+0200
17f740084ff8b54a,vidar-attack,odin@a8b3d07,odin,a8b3d07,vidar_econwar@a8b3d07,vidar_econwar,a8b3d07,hive,official,1,0,rating,a,a,1.0,titanium_collected,1000,,8280,10980,6,172,10026,10180,11,90,ok,,64.524,bob-a,,2026-08-04T23:16:28+0200
184b6e1a30d8602f,vidar-attack,vidar_econwar@a8b3d07,vidar_econwar,a8b3d07,ragnarok@a8b3d07,ragnarok,a8b3d07,aurora,official,1,0,rating,b,b,0.0,core_destroyed,504,,4150,9090,10,142,2628,3900,13,7,ok,,33.783,bob-a,,2026-08-04T23:19:29+0200
1bcae1ca6eb1902c,vidar-attack,vigil@a8b3d07,vigil,a8b3d07,vidar@a8b3d07,vidar,a8b3d07,duel,official,1,0,rating,a,a,1.0,core_destroyed,69,,10,300,8,7,10,210,4,10,ok,,2.086,bob-a,,2026-08-04T23:13:31+0200
1c030562a31157c7,vidar-attack,vidar_econwar@a8b3d07,vidar_econwar,a8b3d07,ragnarok@a8b3d07,ragnarok,a8b3d07,jackpot,official,1,0,rating,a,a,1.0,titanium_collected,1000,,2639,9450,16,36,25,3760,2,12,ok,,60.377,bob-a,,2026-08-04T23:20:36+0200
1c4d93fffd198bff,vidar-attack,odin@a8b3d07,odin,a8b3d07,vidar_econwar@a8b3d07,vidar_econwar,a8b3d07,jackpot,official,1,0,rating,b,b,0.0,core_destroyed,434,,1102,940,0,0,163,2990,20,35,ok,,20.896,bob-a,,2026-08-04T23:15:49+0200
1c6ee801a42df94b,vidar-attack,valkyrie@a8b3d07,valkyrie,a8b3d07,vidar_econwar@a8b3d07,vidar_econwar,a8b3d07,twins,official,1,0,rating,a,a,1.0,core_destroyed,61,,10,230,8,21,3,250,7,41,ok,,9.287,bob-a,,2026-08-04T23:27:15+0200
1dfe5ce07db2d82f,vidar-attack,prospect@a8b3d07,prospect,a8b3d07,vidar_econwar@a8b3d07,vidar_econwar,a8b3d07,quarry,official,1,0,rating,a,a,1.0,core_destroyed,79,,47,520,8,35,35,470,8,47,ok,,3.99,bob-a,,2026-08-04T23:21:41+0200
1e1cf5d0ee326dad,vidar-attack,vidar_econwar@a8b3d07,vidar_econwar,a8b3d07,prospect@a8b3d07,prospect,a8b3d07,pinch,official,1,0,rating,b,b,0.0,core_destroyed,97,,0,760,12,31,10,610,9,14,ok,,8.18,bob-a,,2026-08-04T23:21:36+0200
1e1d403af22b6789,vidar-attack,odin@a8b3d07,odin,a8b3d07,vidar_econwar@a8b3d07,vidar_econwar,a8b3d07,duel,official,1,0,rating,b,b,0.0,core_destroyed,390,,1247,1500,0,1,113,2580,22,27,ok,,11.405,bob-a,,2026-08-04T23:15:29+0200
1e36ced02c992aa7,vidar-attack,vidar_econwar@a8b3d07,vidar_econwar,a8b3d07,valkyrie@a8b3d07,valkyrie,a8b3d07,bridge,official,1,0,rating,b,b,0.0,titanium_collected,1000,,1533,0,5,9,6516,4830,6,27,ok,,15.111,bob-a,,2026-08-04T23:25:49+0200
1e40fc0e38f5376a,vidar-attack,ragnarok@a8b3d07,ragnarok,a8b3d07,vidar@a8b3d07,vidar,a8b3d07,vault,official,1,0,rating,b,b,0.0,titanium_collected,1000,,60,4930,7,84,7600,11650,23,87,ok,,50.551,bob-a,,2026-08-04T23:14:45+0200
1ed09109b9998285,vidar-attack,vidar_econwar@a8b3d07,vidar_econwar,a8b3d07,valkyrie@a8b3d07,valkyrie,a8b3d07,fjord,official,1,0,rating,b,b,0.0,core_destroyed,669,,579,6790,26,106,2931,5410,5,12,ok,,42.219,bob-a,,2026-08-04T23:26:31+0200
1f21844f2efdad3d,vidar-attack,prospect@a8b3d07,prospect,a8b3d07,vidar_econwar@a8b3d07,vidar_econwar,a8b3d07,bridge,official,1,0,rating,a,a,1.0,titanium_collected,1000,,9076,7180,8,22,1621,20,8,14,ok,,18.905,bob-a,,2026-08-04T23:21:26+0200
1f5733b0009b999e,vidar-attack,vidar@a8b3d07,vidar,a8b3d07,ragnarok@a8b3d07,ragnarok,a8b3d07,skerry,official,1,0,rating,a,a,1.0,core_destroyed,190,,39,1070,9,22,326,1730,8,64,ok,,3.882,bob-a,,2026-08-04T23:13:54+0200
1fae4c3b964d2803,vidar-attack,ragnarok@a8b3d07,ragnarok,a8b3d07,vidar@a8b3d07,vidar,a8b3d07,sprint,official,1,0,rating,a,a,1.0,core_destroyed,81,,10,0,6,1,10,0,7,2,ok,,2.267,bob-a,,2026-08-04T23:13:52+0200
1fe9f3596c52c436,vidar-attack,ragnarok@a8b3d07,ragnarok,a8b3d07,vidar_econwar@a8b3d07,vidar_econwar,a8b3d07,strait,official,1,0,rating,b,b,0.0,core_destroyed,641,,1054,3700,2,5,1131,9800,27,89,ok,,63.914,bob-a,,2026-08-04T23:21:40+0200
1ff347a3a32edc32,vidar-attack,valkyrie@a8b3d07,valkyrie,a8b3d07,vidar@a8b3d07,vidar,a8b3d07,sprint,official,1,0,rating,a,a,1.0,core_destroyed,81,,10,0,6,1,10,0,7,2,ok,,3.693,bob-a,,2026-08-04T23:14:58+0200
208d6dadd5459fda,vidar-attack,vidar_econwar@a8b3d07,vidar_econwar,a8b3d07,ragnarok@a8b3d07,ragnarok,a8b3d07,vase,official,1,0,rating,b,b,0.0,titanium_collected,1000,,1571,70,6,6,4599,2450,4,13,ok,,13.562,bob-a,,2026-08-04T23:21:04+0200
209c59a2d49e1524,vidar-attack,vidar_econwar@a8b3d07,vidar_econwar,a8b3d07,vidar@a8b3d07,vidar,a8b3d07,sweden,official,1,0,rating,a,a,1.0,titanium_collected,1000,,3016,2850,4,16,1338,730,5,27,ok,,19.322,bob-a,,2026-08-04T23:28:29+0200
20a98439ddf6c21b,vidar-attack,vigil@a8b3d07,vigil,a8b3d07,vidar_econwar@a8b3d07,vidar_econwar,a8b3d07,quarry,official,1,0,rating,a,a,1.0,core_destroyed,72,,30,260,9,16,41,290,7,51,ok,,3.835,bob-a,,2026-08-04T23:18:05+0200
214534783214073b,vidar-attack,vidar_econwar@a8b3d07,vidar_econwar,a8b3d07,vidar@a8b3d07,vidar,a8b3d07,pinch,official,1,0,rating,b,b,0.0,core_destroyed,91,,32,640,9,49,1,560,5,43,ok,,4.778,bob-a,,2026-08-04T23:27:59+0200
219ae8494fb2304d,vidar-attack,ragnarok@a8b3d07,ragnarok,a8b3d07,vidar_econwar@a8b3d07,vidar_econwar,a8b3d07,crossfire,official,1,0,rating,b,b,0.0,core_destroyed,294,,13,970,1,6,116,2680,16,50,ok,,18.086,bob-a,,2026-08-04T23:19:32+0200
23fc6c6219e527ae,vidar-attack,vidar_econwar@a8b3d07,vidar_econwar,a8b3d07,vidar@a8b3d07,vidar,a8b3d07,bridge,official,1,0,rating,b,b,0.0,titanium_collected,1000,,5129,4910,5,17,5408,5020,2,15,ok,,22.004,bob-a,,2026-08-04T23:27:47+0200
2442d04aa1784569,vidar-attack,steward@a8b3d07,steward,a8b3d07,vidar@a8b3d07,vidar,a8b3d07,bridge,official,1,0,rating,a,a,1.0,core_destroyed,170,,61,1270,9,21,21,0,5,2,ok,,3.945,bob-a,,2026-08-04T23:14:30+0200
24739eaa8268b40a,vidar-attack,steward@a8b3d07,steward,a8b3d07,vidar_econwar@a8b3d07,vidar_econwar,a8b3d07,quarry,official,1,0,rating,a,a,1.0,core_destroyed,415,,97,5780,9,222,3943,6490,18,80,ok,,49.563,bob-a,,2026-08-04T23:25:23+0200
2495fa9bfc212b07,vidar-attack,ragnarok@a8b3d07,ragnarok,a8b3d07,vidar@a8b3d07,vidar,a8b3d07,duel,official,1,0,rating,a,a,1.0,core_destroyed,69,,9,300,8,10,19,190,4,8,ok,,2.1,bob-a,,2026-08-04T23:13:46+0200
24b74fb02a10af58,vidar-attack,vigil@a8b3d07,vigil,a8b3d07,vidar_econwar@a8b3d07,vidar_econwar,a8b3d07,twins,official,1,0,rating,a,a,1.0,core_destroyed,53,,10,110,8,6,24,220,7,39,ok,,5.6,bob-a,,2026-08-04T23:18:39+0200
250d6b68833fdc60,vidar-attack,valkyrie@a8b3d07,valkyrie,a8b3d07,vidar@a8b3d07,vidar,a8b3d07,sweden,official,1,0,rating,b,b,0.0,core_destroyed,309,,1605,1190,4,13,10,0,8,15,ok,,12.237,bob-a,,2026-08-04T23:15:11+0200
2541ed52b54ceb81,vidar-attack,prospect@a8b3d07,prospect,a8b3d07,vidar@a8b3d07,vidar,a8b3d07,vault,official,1,0,rating,a,a,1.0,core_destroyed,89,,8,390,6,7,10,300,7,12,ok,,3.157,bob-a,,2026-08-04T23:14:11+0200
2554a707cc74aa41,vidar-attack,vidar_econwar@a8b3d07,vidar_econwar,a8b3d07,steward@a8b3d07,steward,a8b3d07,showdown,official,1,0,rating,b,b,0.0,core_destroyed,65,,10,0,7,3,10,0,6,1,ok,,5.26,bob-a,,2026-08-04T23:24:52+0200
257c7c088ad8f500,vidar-attack,tyr@a8b3d07,tyr,a8b3d07,vidar@a8b3d07,vidar,a8b3d07,hive,official,1,0,rating,a,a,1.0,core_destroyed,160,,64,1190,9,79,36,770,7,62,ok,,3.587,bob-a,,2026-08-04T23:13:15+0200
25f308e88c3aa362,vidar-attack,ragnarok@a8b3d07,ragnarok,a8b3d07,vidar_econwar@a8b3d07,vidar_econwar,a8b3d07,hive,official,1,0,rating,a,a,1.0,core_destroyed,418,,1434,4490,13,97,1118,4550,10,82,ok,,21.085,bob-a,,2026-08-04T23:19:55+0200
25fbb4608330d9b1,vidar-attack,vidar@a8b3d07,vidar,a8b3d07,ragnarok@a8b3d07,ragnarok,a8b3d07,vault,official,1,0,rating,a,a,1.0,core_destroyed,126,,11,580,9,35,668,990,8,34,ok,,3.131,bob-a,,2026-08-04T23:13:57+0200
262ac830572b766a,vidar-attack,ragnarok@a8b3d07,ragnarok,a8b3d07,vidar_econwar@a8b3d07,vidar_econwar,a8b3d07,runestone,official,1,0,rating,b,b,0.0,titanium_collected,1000,,3231,7310,3,30,6388,17190,20,146,ok,,90.919,bob-a,,2026-08-04T23:21:38+0200
27941330fdb692bf,vidar-attack,vidar_econwar@a8b3d07,vidar_econwar,a8b3d07,prospect@a8b3d07,prospect,a8b3d07,longship,official,1,0,rating,b,b,0.0,core_destroyed,148,,176,1070,9,63,486,1200,9,34,ok,,5.312,bob-a,,2026-08-04T23:21:32+0200
27cbe17bd18f1990,vidar-attack,vidar@a8b3d07,vidar,a8b3d07,ragnarok@a8b3d07,ragnarok,a8b3d07,runestone,official,1,0,rating,a,a,1.0,core_destroyed,149,,182,1110,8,58,409,1190,11,54,ok,,3.715,bob-a,,2026-08-04T23:13:52+0200
27f260906df07fc8,vidar-attack,tyr@a8b3d07,tyr,a8b3d07,vidar@a8b3d07,vidar,a8b3d07,jackpot,official,1,0,rating,b,b,0.0,titanium_collected,1000,,6670,5680,5,20,12874,13390,8,51,ok,,6.6,bob-a,,2026-08-04T23:13:19+0200
2821b3362db93943,vidar-attack,pantheon_replica_day3@a8b3d07,pantheon_replica_day3,a8b3d07,vidar@a8b3d07,vidar,a8b3d07,sweden,official,1,0,rating,b,b,0.0,core_destroyed,168,,67,780,10,29,30,950,11,27,ok,,5.978,bob-a,,2026-08-04T23:14:29+0200
28b02833fe37a80f,vidar-attack,ragnarok@a8b3d07,ragnarok,a8b3d07,vidar@a8b3d07,vidar,a8b3d07,atoll,official,1,0,rating,b,b,0.0,core_destroyed,127,,424,690,5,35,40,880,10,36,ok,,3.305,bob-a,,2026-08-04T23:13:44+0200
28b3a52ce86a8af7,vidar-attack,vidar_econwar@a8b3d07,vidar_econwar,a8b3d07,vidar@a8b3d07,vidar,a8b3d07,showdown,official,1,0,rating,b,b,0.0,core_destroyed,169,,10,0,4,0,9,0,6,1,ok,,4.434,bob-a,,2026-08-04T23:28:06+0200
28d058b1d25eead8,vidar-attack,vidar_econwar@a8b3d07,vidar_econwar,a8b3d07,valkyrie@a8b3d07,valkyrie,a8b3d07,sweden,official,1,0,rating,a,a,1.0,titanium_collected,1000,,12720,12060,5,54,4762,2460,4,15,ok,,16.16,bob-a,,2026-08-04T23:27:06+0200
292b3043937423b0,vidar-attack,vidar@a8b3d07,vidar,a8b3d07,vidar_econwar@a8b3d07,vidar_econwar,a8b3d07,vase,official,1,0,rating,a,a,1.0,titanium_collected,1000,,3433,2450,5,7,1687,830,6,5,ok,,16.206,bob-a,,2026-08-04T23:28:29+0200
29a74aa5a4577c12,vidar-attack,vidar_econwar@a8b3d07,vidar_econwar,a8b3d07,prospect@a8b3d07,prospect,a8b3d07,twins,official,1,0,rating,b,b,0.0,core_destroyed,430,,166,5500,29,88,2303,3580,5,19,ok,,28.334,bob-a,,2026-08-04T23:22:25+0200
2a3047d3b0b29d76,vidar-attack,tyr@a8b3d07,tyr,a8b3d07,vidar_econwar@a8b3d07,vidar_econwar,a8b3d07,jackpot,official,1,0,rating,b,b,0.0,titanium_collected,1000,,2974,2120,5,5,13515,16250,9,61,ok,,31.717,bob-a,,2026-08-04T23:17:17+0200
2a541a984d00e9db,vidar-attack,odin@a8b3d07,odin,a8b3d07,vidar@a8b3d07,vidar,a8b3d07,longship,official,1,0,rating,a,a,1.0,core_destroyed,83,,11,470,9,29,40,510,10,25,ok,,3.051,bob-a,,2026-08-04T23:12:58+0200
2aa3dab594e218f3,vidar-attack,ragnarok@a8b3d07,ragnarok,a8b3d07,vidar_econwar@a8b3d07,vidar_econwar,a8b3d07,bridge,official,1,0,rating,a,a,1.0,core_destroyed,121,,10,0,4,6,60,0,7,9,ok,,5.987,bob-a,,2026-08-04T23:19:13+0200
2ac5ca180675eb85,vidar-attack,vidar@a8b3d07,vidar,a8b3d07,vigil@a8b3d07,vigil,a8b3d07,twins,official,1,0,rating,a,a,1.0,core_destroyed,143,,10,740,7,48,710,600,5,15,ok,,2.312,bob-a,,2026-08-04T23:13:40+0200
2b995a7bf6f943ab,vidar-attack,ragnarok@a8b3d07,ragnarok,a8b3d07,vidar@a8b3d07,vidar,a8b3d07,skerry,official,1,0,rating,b,b,0.0,core_destroyed,195,,1040,1960,8,71,70,1100,8,46,ok,,3.827,bob-a,,2026-08-04T23:13:54+0200
2cac932430151e01,vidar-attack,vidar_econwar@a8b3d07,vidar_econwar,a8b3d07,odin@a8b3d07,odin,a8b3d07,atoll,official,1,0,rating,a,a,1.0,titanium_collected,1000,,3532,5280,16,40,4305,4810,11,18,ok,,19.773,bob-a,,2026-08-04T23:15:27+0200
2cb94f9276168f27,vidar-attack,vidar_econwar@a8b3d07,vidar_econwar,a8b3d07,vidar@a8b3d07,vidar,a8b3d07,jackpot,official,1,0,rating,a,a,1.0,titanium_collected,1000,,4790,7820,7,30,295,1670,9,12,ok,,34.657,bob-a,,2026-08-04T23:28:22+0200
2cc8da3ed866f7b1,vidar-attack,vidar@a8b3d07,vidar,a8b3d07,prospect@a8b3d07,prospect,a8b3d07,quarry,official,1,0,rating,a,a,1.0,core_destroyed,90,,31,640,7,38,446,630,4,29,ok,,2.453,bob-a,,2026-08-04T23:14:04+0200
2d2aaa5da1f44128,vidar-attack,vidar@a8b3d07,vidar,a8b3d07,steward@a8b3d07,steward,a8b3d07,pinch,official,1,0,rating,a,a,1.0,core_destroyed,105,,7,450,8,9,4,240,7,14,ok,,2.348,bob-a,,2026-08-04T23:14:33+0200
2e06c9a460be250b,vidar-attack,vidar_econwar@a8b3d07,vidar_econwar,a8b3d07,tyr@a8b3d07,tyr,a8b3d07,fjord,official,1,0,rating,a,a,1.0,titanium_collected,1000,,11012,11640,9,55,7432,6890,7,36,ok,,18.754,bob-a,,2026-08-04T23:16:48+0200
2e2c60846745b84a,vidar-attack,ragnarok@a8b3d07,ragnarok,a8b3d07,vidar_econwar@a8b3d07,vidar_econwar,a8b3d07,pinch,official,1,0,rating,b,b,0.0,core_destroyed,720,,40,3210,1,26,82,3610,19,49,ok,,47.543,bob-a,,2026-08-04T23:20:43+0200
2e63a043db6ebdd9,vidar-attack,vidar_econwar@a8b3d07,vidar_econwar,a8b3d07,ragnarok@a8b3d07,ragnarok,a8b3d07,string,official,1,0,rating,b,b,0.0,core_destroyed,170,,24,410,3,6,19,1130,6,12,ok,,13.34,bob-a,,2026-08-04T23:20:52+0200
2ee2d706ce39ff21,vidar-attack,steward@a8b3d07,steward,a8b3d07,vidar_econwar@a8b3d07,vidar_econwar,a8b3d07,jackpot,official,1,0,rating,a,a,1.0,core_destroyed,682,,60,3330,6,25,1479,6830,11,30,ok,,34.707,bob-a,,2026-08-04T23:24:45+0200
2efdd2b2fa8c4f52,vidar-attack,prospect@a8b3d07,prospect,a8b3d07,vidar@a8b3d07,vidar,a8b3d07,jackpot,official,1,0,rating,b,b,0.0,core_destroyed,155,,514,910,7,26,70,690,8,14,ok,,3.601,bob-a,,2026-08-04T23:14:03+0200
2f3dddf1ca504793,vidar-attack,vidar@a8b3d07,vidar,a8b3d07,steward@a8b3d07,steward,a8b3d07,fjord,official,1,0,rating,a,a,1.0,core_destroyed,195,,81,1780,10,44,14,930,5,6,ok,,3.805,bob-a,,2026-08-04T23:14:31+0200
2f81059090340385,vidar-attack,steward@a8b3d07,steward,a8b3d07,vidar@a8b3d07,vidar,a8b3d07,quarry,official,1,0,rating,b,b,0.0,core_destroyed,205,,31,1750,9,61,23,1340,9,52,ok,,6.225,bob-a,,2026-08-04T23:14:38+0200
300bd339b978a87c,vidar-attack,prospect@a8b3d07,prospect,a8b3d07,vidar@a8b3d07,vidar,a8b3d07,vase,official,1,0,rating,a,a,1.0,core_destroyed,395,,64,950,8,7,383,950,3,6,ok,,9.445,bob-a,,2026-08-04T23:14:17+0200
30d7fe6c8e112f96,vidar-attack,vidar@a8b3d07,vidar,a8b3d07,vigil@a8b3d07,vigil,a8b3d07,vault,official,1,0,rating,a,a,1.0,core_destroyed,472,,903,4270,10,73,856,2310,9,10,ok,,5.641,bob-a,,2026-08-04T23:13:45+0200
30dc105d2a43f1f2,vidar-attack,vidar@a8b3d07,vidar,a8b3d07,pantheon_replica_day3@a8b3d07,pantheon_replica_day3,a8b3d07,twins,official,1,0,rating,a,a,1.0,core_destroyed,139,,0,570,10,34,982,1150,1,70,ok,,3.475,bob-a,,2026-08-04T23:14:26+0200
31d434dd3ae5c800,vidar-attack,odin@a8b3d07,odin,a8b3d07,vidar@a8b3d07,vidar,a8b3d07,duel,official,1,0,rating,b,b,0.0,core_destroyed,187,,104,750,6,4,102,1220,9,17,ok,,3.807,bob-a,,2026-08-04T23:12:56+0200
3240eea7865a710d,vidar-attack,odin@a8b3d07,odin,a8b3d07,vidar_econwar@a8b3d07,vidar_econwar,a8b3d07,atoll,official,1,0,rating,b,b,0.0,titanium_collected,1000,,3802,3140,8,27,9283,9740,5,80,ok,,18.507,bob-a,,2026-08-04T23:15:26+0200
3270fa5e59c6fd2f,vidar-attack,vidar_econwar@a8b3d07,vidar_econwar,a8b3d07,pantheon_replica_day3@a8b3d07,pantheon_replica_day3,a8b3d07,string,official,1,0,rating,b,b,0.0,titanium_collected,1000,,2802,1870,5,4,10056,9690,6,17,ok,,25.064,bob-a,,2026-08-04T23:23:33+0200
327bec0c20e9c527,vidar-attack,vidar_econwar@a8b3d07,vidar_econwar,a8b3d07,steward@a8b3d07,steward,a8b3d07,twins,official,1,0,rating,a,a,1.0,core_destroyed,453,,1957,7310,28,88,12,2690,4,50,ok,,31.317,bob-a,,2026-08-04T23:25:46+0200
32a67ea1196aa104,vidar-attack,vidar@a8b3d07,vidar,a8b3d07,valkyrie@a8b3d07,valkyrie,a8b3d07,vase,official,1,0,rating,a,a,1.0,titanium_collected,1000,,821,2460,7,8,42,2420,2,12,ok,,44.581,bob-a,,2026-08-04T23:15:47+0200
32adf4e69a91a153,vidar-attack,vidar@a8b3d07,vidar,a8b3d07,vidar_econwar@a8b3d07,vidar_econwar,a8b3d07,skerry,official,1,0,rating,a,a,1.0,core_destroyed,193,,1162,2720,6,95,430,1070,10,33,ok,,9.363,bob-a,,2026-08-04T23:28:12+0200
32fff5890c1b146c,vidar-attack,vidar@a8b3d07,vidar,a8b3d07,valkyrie@a8b3d07,valkyrie,a8b3d07,string,official,1,0,rating,a,a,1.0,core_destroyed,170,,719,1120,8,14,1435,1130,2,13,ok,,5.456,bob-a,,2026-08-04T23:15:02+0200
335a6db207df0607,vidar-attack,vigil@a8b3d07,vigil,a8b3d07,vidar_econwar@a8b3d07,vidar_econwar,a8b3d07,atoll,official,1,0,rating,b,b,0.0,core_destroyed,425,,120,1940,8,6,29,2810,15,56,ok,,21.7,bob-a,,2026-08-04T23:17:41+0200
3384be95aa56ff13,vidar-attack,vidar_econwar@a8b3d07,vidar_econwar,a8b3d07,odin@a8b3d07,odin,a8b3d07,vault,official,1,0,rating,b,b,0.0,core_destroyed,92,,10,420,9,22,25,420,4,23,ok,,7.047,bob-a,,2026-08-04T23:16:15+0200
33f91ee7198d8c57,vidar-attack,vidar_econwar@a8b3d07,vidar_econwar,a8b3d07,vidar@a8b3d07,vidar,a8b3d07,aurora,official,1,0,rating,b,b,0.0,titanium_collected,1000,,11268,12010,8,75,14872,16430,6,103,ok,,30.636,bob-a,,2026-08-04T23:27:51+0200
346f0a1b8828c8f5,vidar-attack,tyr@a8b3d07,tyr,a8b3d07,vidar@a8b3d07,vidar,a8b3d07,longship,official,1,0,rating,b,b,0.0,titanium_collected,1000,,6605,6930,9,36,14549,15390,7,49,ok,,7.206,bob-a,,2026-08-04T23:13:21+0200
34ffcc729d8345bc,vidar-attack,vidar_econwar@a8b3d07,vidar_econwar,a8b3d07,ragnarok@a8b3d07,ragnarok,a8b3d07,crossfire,official,1,0,rating,a,a,1.0,core_destroyed,236,,96,2300,16,25,13,990,2,4,ok,,17.928,bob-a,,2026-08-04T23:19:27+0200
3501ba4c4b769b80,vidar-attack,tyr@a8b3d07,tyr,a8b3d07,vidar_econwar@a8b3d07,vidar_econwar,a8b3d07,string,official,1,0,rating,a,a,1.0,titanium_collected,1000,,9457,7360,2,17,8627,7340,3,13,ok,,8.627,bob-a,,2026-08-04T23:17:15+0200
35255a267f266d12,vidar-attack,tyr@a8b3d07,tyr,a8b3d07,vidar_econwar@a8b3d07,vidar_econwar,a8b3d07,crossfire,official,1,0,rating,b,b,0.0,titanium_collected,1000,,3500,3170,12,7,4597,4970,5,22,ok,,23.65,bob-a,,2026-08-04T23:16:49+0200
357afbb98c82411c,vidar-attack,vidar@a8b3d07,vidar,a8b3d07,tyr@a8b3d07,tyr,a8b3d07,runestone,official,1,0,rating,b,b,0.0,titanium_collected,1000,,9092,11720,8,105,16157,17510,7,128,ok,,9.392,bob-a,,2026-08-04T23:13:24+0200
3696206f512dcad4,vidar-attack,tyr@a8b3d07,tyr,a8b3d07,vidar_econwar@a8b3d07,vidar_econwar,a8b3d07,vault,official,1,0,rating,a,a,1.0,core_destroyed,309,,55,760,3,21,799,2700,16,48,ok,,13.602,bob-a,,2026-08-04T23:17:30+0200
378391c992794e3e,vidar-attack,odin@a8b3d07,odin,a8b3d07,vidar@a8b3d07,vidar,a8b3d07,vault,official,1,0,rating,b,b,0.0,titanium_collected,1000,,1730,780,3,6,10660,11420,7,55,ok,,5.904,bob-a,,2026-08-04T23:13:11+0200
3797e5baf26a74ef,vidar-attack,tyr@a8b3d07,tyr,a8b3d07,vidar_econwar@a8b3d07,vidar_econwar,a8b3d07,quarry,official,1,0,rating,a,a,1.0,titanium_collected,1000,,21055,23140,4,142,18935,19810,8,114,ok,,71.593,bob-a,,2026-08-04T23:18:02+0200
37acd4d466725f27,vidar-attack,vidar_econwar@a8b3d07,vidar_econwar,a8b3d07,valkyrie@a8b3d07,valkyrie,a8b3d07,showdown,official,1,0,rating,b,b,0.0,core_destroyed,65,,10,0,7,3,10,0,6,1,ok,,6.741,bob-a,,2026-08-04T23:26:36+0200
37f69c3a521063d3,vidar-attack,vidar@a8b3d07,vidar,a8b3d07,steward@a8b3d07,steward,a8b3d07,bridge,official,1,0,rating,b,b,0.0,titanium_collected,1000,,149,0,9,6,38,1160,5,15,ok,,10.772,bob-a,,2026-08-04T23:14:36+0200
380d4a3fb88204df,vidar-attack,vidar_econwar@a8b3d07,vidar_econwar,a8b3d07,vidar@a8b3d07,vidar,a8b3d07,skerry,official,1,0,rating,b,b,0.0,core_destroyed,114,,637,1210,7,43,20,870,8,49,ok,,3.095,bob-a,,2026-08-04T23:28:07+0200
38ed0de08b074b55,vidar-attack,vidar_econwar@a8b3d07,vidar_econwar,a8b3d07,steward@a8b3d07,steward,a8b3d07,pinch,official,1,0,rating,b,b,0.0,core_destroyed,426,,154,3200,9,55,137,4440,10,40,ok,,24.676,bob-a,,2026-08-04T23:24:43+0200
3912352976b3e774,vidar-attack,vidar_econwar@a8b3d07,vidar_econwar,a8b3d07,tyr@a8b3d07,tyr,a8b3d07,bridge,official,1,0,rating,b,b,0.0,titanium_collected,1000,,5880,4890,4,16,9112,7240,3,17,ok,,15.256,bob-a,,2026-08-04T23:16:33+0200
39737fb9e78ffc78,vidar-attack,vidar@a8b3d07,vidar,a8b3d07,ragnarok@a8b3d07,ragnarok,a8b3d07,vase,official,1,0,rating,a,a,1.0,titanium_collected,1000,,821,2460,7,8,42,2420,2,12,ok,,13.337,bob-a,,2026-08-04T23:14:07+0200
39c5bedc954bf16b,vidar-attack,vidar@a8b3d07,vidar,a8b3d07,pantheon_replica_day3@a8b3d07,pantheon_replica_day3,a8b3d07,aurora,official,1,0,rating,a,a,1.0,core_destroyed,103,,11,630,9,34,23,700,3,66,ok,,4.684,bob-a,,2026-08-04T23:14:14+0200
3a18cb87a535050b,vidar-attack,vigil@a8b3d07,vigil,a8b3d07,vidar_econwar@a8b3d07,vidar_econwar,a8b3d07,fjord,official,1,0,rating,b,b,0.0,core_destroyed,792,,1880,6470,4,13,30,5870,24,51,ok,,113.883,bob-a,,2026-08-04T23:19:34+0200
3ad609b69e69ba45,vidar-attack,steward@a8b3d07,steward,a8b3d07,vidar@a8b3d07,vidar,a8b3d07,runestone,official,1,0,rating,a,a,1.0,titanium_stored,1000,,13,2470,7,14,12,2470,8,12,ok,,7.346,bob-a,,2026-08-04T23:14:40+0200
3b1e5e6adf3f8dd0,vidar-attack,ragnarok@a8b3d07,ragnarok,a8b3d07,vidar_econwar@a8b3d07,vidar_econwar,a8b3d07,jackpot,official,1,0,rating,b,b,0.0,titanium_collected,1000,,6391,4910,7,26,9485,9420,8,40,ok,,31.243,bob-a,,2026-08-04T23:20:13+0200
3b1edf0d02ad17a8,vidar-attack,steward@a8b3d07,steward,a8b3d07,vidar_econwar@a8b3d07,vidar_econwar,a8b3d07,bridge,official,1,0,rating,a,a,1.0,core_destroyed,121,,10,0,4,6,60,0,7,9,ok,,6.646,bob-a,,2026-08-04T23:23:56+0200
3b6f9734665be640,vidar-attack,steward@a8b3d07,steward,a8b3d07,vidar_econwar@a8b3d07,vidar_econwar,a8b3d07,vault,official,1,0,rating,b,b,0.0,titanium_collected,1000,,28,2460,4,2,7836,15000,26,100,ok,,69.57,bob-a,,2026-08-04T23:26:34+0200
3b8bebf996fdc188,vidar-attack,vidar@a8b3d07,vidar,a8b3d07,vidar_econwar@a8b3d07,vidar_econwar,a8b3d07,sweden,official,1,0,rating,a,a,1.0,core_destroyed,147,,28,580,7,28,2,190,4,25,ok,,6.533,bob-a,,2026-08-04T23:28:16+0200
3bf8705af5a460aa,vidar-attack,ragnarok@a8b3d07,ragnarok,a8b3d07,vidar_econwar@a8b3d07,vidar_econwar,a8b3d07,duel,official,1,0,rating,b,b,0.0,core_destroyed,371,,1,1540,1,2,55,2390,17,23,ok,,28.022,bob-a,,2026-08-04T23:19:52+0200
3ca21b278838ee20,vidar-attack,vidar_econwar@a8b3d07,vidar_econwar,a8b3d07,ragnarok@a8b3d07,ragnarok,a8b3d07,sprint,official,1,0,rating,a,a,1.0,core_destroyed,97,,10,0,6,4,10,0,6,1,ok,,5.154,bob-a,,2026-08-04T23:20:33+0200
3d23a31ad96bbf4c,vidar-attack,tyr@a8b3d07,tyr,a8b3d07,vidar_econwar@a8b3d07,vidar_econwar,a8b3d07,sweden,official,1,0,rating,b,b,0.0,titanium_collected,1000,,1744,270,0,6,8338,9710,11,32,ok,,48.466,bob-a,,2026-08-04T23:17:56+0200
3d347534368e5238,vidar-attack,vidar@a8b3d07,vidar,a8b3d07,valkyrie@a8b3d07,valkyrie,a8b3d07,sprint,official,1,0,rating,a,a,1.0,core_destroyed,97,,10,0,6,4,10,0,6,1,ok,,6.576,bob-a,,2026-08-04T23:15:00+0200
3d4da933ed71e795,vidar-attack,odin@a8b3d07,odin,a8b3d07,vidar_econwar@a8b3d07,vidar_econwar,a8b3d07,string,official,1,0,rating,a,a,1.0,titanium_collected,1000,,9513,7360,2,17,8667,7340,3,13,ok,,9.056,bob-a,,2026-08-04T23:16:08+0200
3dd673a7df9427a7,vidar-attack,pantheon_replica_day3@a8b3d07,pantheon_replica_day3,a8b3d07,vidar_econwar@a8b3d07,vidar_econwar,a8b3d07,strait,official,1,0,rating,b,b,0.0,core_destroyed,399,,3246,3630,3,72,50,3320,19,91,ok,,20.043,bob-a,,2026-08-04T23:23:27+0200
3e78f0b207b51bff,vidar-attack,ragnarok@a8b3d07,ragnarok,a8b3d07,vidar@a8b3d07,vidar,a8b3d07,sweden,official,1,0,rating,b,b,0.0,core_destroyed,309,,1605,1190,4,13,10,0,8,15,ok,,3.781,bob-a,,2026-08-04T23:13:56+0200
3e79612ef4ce66f8,vidar-attack,vidar_econwar@a8b3d07,vidar_econwar,a8b3d07,vigil@a8b3d07,vigil,a8b3d07,showdown,official,1,0,rating,b,b,0.0,core_destroyed,157,,10,0,4,1,9,0,7,1,ok,,10.613,bob-a,,2026-08-04T23:18:16+0200
3e9d9050c0a874c9,vidar-attack,vidar@a8b3d07,vidar,a8b3d07,steward@a8b3d07,steward,a8b3d07,atoll,official,1,0,rating,a,a,1.0,core_destroyed,86,,20,410,6,22,11,390,9,21,ok,,3.204,bob-a,,2026-08-04T23:14:27+0200
3ed6c267cadea0cc,vidar-attack,vigil@a8b3d07,vigil,a8b3d07,vidar_econwar@a8b3d07,vidar_econwar,a8b3d07,strait,official,1,0,rating,b,b,0.0,titanium_collected,1000,,2273,1650,2,2,14353,17740,24,112,ok,,85.35,bob-a,,2026-08-04T23:19:42+0200
3eee40eea88b7829,vidar-attack,steward@a8b3d07,steward,a8b3d07,vidar@a8b3d07,vidar,a8b3d07,twins,official,1,0,rating,a,a,1.0,core_destroyed,152,,23,1260,9,51,19,420,5,20,ok,,3.947,bob-a,,2026-08-04T23:14:42+0200
3f45d2e0c6b4ce48,vidar-attack,tyr@a8b3d07,tyr,a8b3d07,vidar@a8b3d07,vidar,a8b3d07,sprint,official,1,0,rating,b,b,0.0,core_destroyed,129,,10,0,7,9,9,0,7,2,ok,,1.897,bob-a,,2026-08-04T23:13:21+0200
3fb836529c36000e,vidar-attack,vidar_econwar@a8b3d07,vidar_econwar,a8b3d07,tyr@a8b3d07,tyr,a8b3d07,duel,official,1,0,rating,a,a,1.0,core_destroyed,311,,10,2070,5,28,7,1130,11,1,ok,,19.667,bob-a,,2026-08-04T23:16:46+0200
3fd1cda73f300166,vidar-attack,ragnarok@a8b3d07,ragnarok,a8b3d07,vidar_econwar@a8b3d07,vidar_econwar,a8b3d07,sweden,official,1,0,rating,a,a,1.0,titanium_collected,1000,,11336,10660,5,55,854,0,9,14,ok,,32.685,bob-a,,2026-08-04T23:21:15+0200
3fdfc6d5fc8148d7,vidar-attack,tyr@a8b3d07,tyr,a8b3d07,vidar@a8b3d07,vidar,a8b3d07,crossfire,official,1,0,rating,a,a,1.0,core_destroyed,139,,7,330,6,10,7,330,8,12,ok,,2.152,bob-a,,2026-08-04T23:13:11+0200
407a2f44094a1e9e,vidar-attack,vidar_econwar@a8b3d07,vidar_econwar,a8b3d07,vidar@a8b3d07,vidar,a8b3d07,hive,official,1,0,rating,a,a,1.0,titanium_collected,1000,,5219,13600,13,104,22,5740,14,77,ok,,56.599,bob-a,,2026-08-04T23:28:41+0200
410a6ba3d21416af,vidar-attack,vidar@a8b3d07,vidar,a8b3d07,pantheon_replica_day3@a8b3d07,pantheon_replica_day3,a8b3d07,pinch,official,1,0,rating,a,a,1.0,core_destroyed,104,,44,470,8,11,145,670,3,47,ok,,2.89,bob-a,,2026-08-04T23:14:18+0200
414f1949933f64d5,vidar-attack,vidar@a8b3d07,vidar,a8b3d07,pantheon_replica_day3@a8b3d07,pantheon_replica_day3,a8b3d07,fjord,official,1,0,rating,a,a,1.0,core_destroyed,124,,22,650,11,32,1020,1470,1,51,ok,,6.313,bob-a,,2026-08-04T23:14:18+0200
41ace3f1e998488e,vidar-attack,tyr@a8b3d07,tyr,a8b3d07,vidar@a8b3d07,vidar,a8b3d07,atoll,official,1,0,rating,a,a,1.0,titanium_collected,1000,,7272,7930,7,18,944,4950,13,51,ok,,9.293,bob-a,,2026-08-04T23:13:15+0200
41fda42eb51c24ef,vidar-attack,vidar_econwar@a8b3d07,vidar_econwar,a8b3d07,pantheon_replica_day3@a8b3d07,pantheon_replica_day3,a8b3d07,pinch,official,1,0,rating,b,b,0.0,core_destroyed,132,,107,570,6,42,67,830,5,38,ok,,4.822,bob-a,,2026-08-04T23:22:47+0200
4252444e1f4ef325,vidar-attack,vigil@a8b3d07,vigil,a8b3d07,vidar@a8b3d07,vidar,a8b3d07,jackpot,official,1,0,rating,a,a,1.0,titanium_collected,1000,,43,2910,6,13,42,2480,15,29,ok,,17.671,bob-a,,2026-08-04T23:13:49+0200
4273b5553a4a84e3,vidar-attack,vidar@a8b3d07,vidar,a8b3d07,vidar_econwar@a8b3d07,vidar_econwar,a8b3d07,runestone,official,1,0,rating,a,a,1.0,core_destroyed,83,,20,320,6,32,60,390,6,54,ok,,7.923,bob-a,,2026-08-04T23:28:07+0200
42937956b733a924,vidar-attack,prospect@a8b3d07,prospect,a8b3d07,vidar_econwar@a8b3d07,vidar_econwar,a8b3d07,crossfire,official,1,0,rating,a,a,1.0,core_destroyed,113,,20,590,7,22,54,700,9,38,ok,,7.28,bob-a,,2026-08-04T23:21:17+0200
42e61374b857c087,vidar-attack,ragnarok@a8b3d07,ragnarok,a8b3d07,vidar@a8b3d07,vidar,a8b3d07,showdown,official,1,0,rating,a,a,1.0,core_destroyed,70,,8,0,4,1,10,0,6,1,ok,,1.733,bob-a,,2026-08-04T23:13:51+0200
435d5801a9480d82,vidar-attack,vidar_econwar@a8b3d07,vidar_econwar,a8b3d07,valkyrie@a8b3d07,valkyrie,a8b3d07,string,official,1,0,rating,b,b,0.0,core_destroyed,170,,24,410,3,6,19,1130,6,12,ok,,12.083,bob-a,,2026-08-04T23:27:02+0200
43927e98090342af,vidar-attack,vidar@a8b3d07,vidar,a8b3d07,vigil@a8b3d07,vigil,a8b3d07,longship,official,1,0,rating,a,a,1.0,titanium_collected,1000,,14758,15920,8,103,3005,2020,5,5,ok,,10.81,bob-a,,2026-08-04T23:13:43+0200
439d7aa2258d0c91,vidar-attack,odin@a8b3d07,odin,a8b3d07,vidar@a8b3d07,vidar,a8b3d07,sprint,official,1,0,rating,b,b,0.0,core_destroyed,114,,10,0,7,0,10,0,3,2,ok,,1.981,bob-a,,2026-08-04T23:13:02+0200
43a524ab5f45c0d6,vidar-attack,vidar_econwar@a8b3d07,vidar_econwar,a8b3d07,vigil@a8b3d07,vigil,a8b3d07,quarry,official,1,0,rating,b,b,0.0,core_destroyed,78,,13,280,8,45,30,390,10,20,ok,,9.627,bob-a,,2026-08-04T23:18:06+0200
43bbe5420e48193e,vidar-attack,steward@a8b3d07,steward,a8b3d07,vidar_econwar@a8b3d07,vidar_econwar,a8b3d07,crossfire,official,1,0,rating,a,a,1.0,core_destroyed,268,,41,1460,5,18,624,2900,15,46,ok,,14.331,bob-a,,2026-08-04T23:24:11+0200
43d093b31bd0f641,vidar-attack,vidar_econwar@a8b3d07,vidar_econwar,a8b3d07,valkyrie@a8b3d07,valkyrie,a8b3d07,crossfire,official,1,0,rating,a,a,1.0,core_destroyed,236,,96,2300,16,25,13,990,2,4,ok,,23.719,bob-a,,2026-08-04T23:26:05+0200
441b0d220e91151a,vidar-attack,tyr@a8b3d07,tyr,a8b3d07,vidar@a8b3d07,vidar,a8b3d07,vase,official,1,0,rating,a,a,1.0,titanium_stored,1000,,4704,2460,2,7,3976,2460,4,7,ok,,3.408,bob-a,,2026-08-04T23:13:26+0200
44cab05eaed1a437,vidar-attack,valkyrie@a8b3d07,valkyrie,a8b3d07,vidar_econwar@a8b3d07,vidar_econwar,a8b3d07,hive,official,1,0,rating,a,a,1.0,core_destroyed,424,,1865,4550,13,92,1226,4640,10,79,ok,,20.13,bob-a,,2026-08-04T23:26:17+0200
44d43d8328ba8fe8,vidar-attack,vidar@a8b3d07,vidar,a8b3d07,valkyrie@a8b3d07,valkyrie,a8b3d07,runestone,official,1,0,rating,a,a,1.0,core_destroyed,149,,182,1110,8,58,409,1190,11,54,ok,,6.74,bob-a,,2026-08-04T23:14:57+0200
45beff572bad1bae,vidar-attack,vidar@a8b3d07,vidar,a8b3d07,odin@a8b3d07,odin,a8b3d07,fjord,official,1,0,rating,a,a,1.0,titanium_collected,1000,,8376,10060,6,57,8480,9860,10,70,ok,,8.736,bob-a,,2026-08-04T23:13:01+0200
46d99aaeb958f249,vidar-attack,vidar_econwar@a8b3d07,vidar_econwar,a8b3d07,prospect@a8b3d07,prospect,a8b3d07,fjord,official,1,0,rating,b,b,0.0,titanium_collected,1000,,5809,7540,19,80,8571,8260,6,28,ok,,33.369,bob-a,,2026-08-04T23:21:49+0200
46e61278163bee1d,vidar-attack,vidar@a8b3d07,vidar,a8b3d07,ragnarok@a8b3d07,ragnarok,a8b3d07,hive,official,1,0,rating,b,b,0.0,core_destroyed,141,,13,150,8,22,10,500,9,26,ok,,4.018,bob-a,,2026-08-04T23:13:50+0200
471d3593d408cbd1,vidar-attack,vidar_econwar@a8b3d07,vidar_econwar,a8b3d07,vidar@a8b3d07,vidar,a8b3d07,longship,official,1,0,rating,b,b,0.0,titanium_collected,1000,,9316,10810,7,45,10402,12830,7,49,ok,,34.83,bob-a,,2026-08-04T23:28:26+0200
47842aa15b498730,vidar-attack,vigil@a8b3d07,vigil,a8b3d07,vidar@a8b3d07,vidar,a8b3d07,twins,official,1,0,rating,b,b,0.0,titanium_collected,1000,,1866,700,4,3,16677,17430,7,101,ok,,7.792,bob-a,,2026-08-04T23:13:46+0200
47aa28823b379600,vidar-attack,ragnarok@a8b3d07,ragnarok,a8b3d07,vidar_econwar@a8b3d07,vidar_econwar,a8b3d07,vase,official,1,0,rating,b,b,0.0,core_destroyed,182,,344,180,5,5,137,400,7,8,ok,,8.534,bob-a,,2026-08-04T23:20:59+0200
48f16f0b5cdba4bb,vidar-attack,steward@a8b3d07,steward,a8b3d07,vidar@a8b3d07,vidar,a8b3d07,aurora,official,1,0,rating,b,b,0.0,core_destroyed,134,,59,900,8,46,45,680,7,32,ok,,3.396,bob-a,,2026-08-04T23:14:28+0200
491cc920703f01bd,vidar-attack,vidar_econwar@a8b3d07,vidar_econwar,a8b3d07,odin@a8b3d07,odin,a8b3d07,bridge,official,1,0,rating,a,a,1.0,titanium_collected,1000,,5340,4880,12,17,4919,3410,2,13,ok,,25.036,bob-a,,2026-08-04T23:15:34+0200
49b78dea4f5da73d,vidar-attack,steward@a8b3d07,steward,a8b3d07,vidar@a8b3d07,vidar,a8b3d07,string,official,1,0,rating,a,a,1.0,core_destroyed,426,,49,1350,4,8,3074,3920,7,15,ok,,6.339,bob-a,,2026-08-04T23:14:43+0200
49efad08783df8da,vidar-attack,vidar_econwar@a8b3d07,vidar_econwar,a8b3d07,vidar@a8b3d07,vidar,a8b3d07,atoll,official,1,0,rating,b,b,0.0,titanium_collected,1000,,1182,3180,16,33,3652,5850,3,20,ok,,27.214,bob-a,,2026-08-04T23:27:44+0200
4a043f2fe54ad66a,vidar-attack,vidar@a8b3d07,vidar,a8b3d07,tyr@a8b3d07,tyr,a8b3d07,bridge,official,1,0,rating,a,a,1.0,titanium_collected,1000,,7731,7270,7,17,7345,5730,4,16,ok,,7.564,bob-a,,2026-08-04T23:13:14+0200
4a0fae57a3538ee4,vidar-attack,vidar_econwar@a8b3d07,vidar_econwar,a8b3d07,vidar@a8b3d07,vidar,a8b3d07,twins,official,1,0,rating,a,a,1.0,titanium_collected,1000,,15429,16280,4,81,9831,9710,4,57,ok,,21.23,bob-a,,2026-08-04T23:28:33+0200
4abe97b08b4a65a1,vidar-attack,steward@a8b3d07,steward,a8b3d07,vidar_econwar@a8b3d07,vidar_econwar,a8b3d07,hive,official,1,0,rating,a,a,1.0,core_destroyed,482,,210,5490,12,130,944,5990,8,83,ok,,24.75,bob-a,,2026-08-04T23:24:33+0200
4ae6dfbd229ca13e,vidar-attack,tyr@a8b3d07,tyr,a8b3d07,vidar@a8b3d07,vidar,a8b3d07,sweden,official,1,0,rating,b,b,0.0,titanium_collected,1000,,1611,170,1,9,4485,4860,10,25,ok,,10.729,bob-a,,2026-08-04T23:13:32+0200
4b09618db5e962ab,vidar-attack,vidar@a8b3d07,vidar,a8b3d07,prospect@a8b3d07,prospect,a8b3d07,crossfire,official,1,0,rating,a,a,1.0,core_destroyed,137,,2,550,8,14,12,550,4,8,ok,,3.095,bob-a,,2026-08-04T23:14:00+0200
4b13757e694b8d10,vidar-attack,steward@a8b3d07,steward,a8b3d07,vidar_econwar@a8b3d07,vidar_econwar,a8b3d07,skerry,official,1,0,rating,a,a,1.0,core_destroyed,466,,22,3960,11,34,459,6340,18,175,ok,,31.446,bob-a,,2026-08-04T23:25:26+0200
4b1b61dfe36855dd,vidar-attack,valkyrie@a8b3d07,valkyrie,a8b3d07,vidar_econwar@a8b3d07,vidar_econwar,a8b3d07,string,official,1,0,rating,b,b,0.0,titanium_collected,1000,,16,3020,2,7,4156,7050,10,16,ok,,48.696,bob-a,,2026-08-04T23:27:39+0200
4b8ef3dc10424fbe,vidar-attack,prospect@a8b3d07,prospect,a8b3d07,vidar_econwar@a8b3d07,vidar_econwar,a8b3d07,sprint,official,1,0,rating,a,a,1.0,core_destroyed,65,,10,50,5,5,10,0,5,3,ok,,7.675,bob-a,,2026-08-04T23:21:57+0200
4bb063d0702773dd,vidar-attack,valkyrie@a8b3d07,valkyrie,a8b3d07,vidar_econwar@a8b3d07,vidar_econwar,a8b3d07,sprint,official,1,0,rating,a,a,1.0,core_destroyed,81,,10,0,6,1,10,0,7,2,ok,,5.634,bob-a,,2026-08-04T23:26:42+0200
4bc2e2b99ac2f47a,vidar-attack,vidar@a8b3d07,vidar,a8b3d07,vigil@a8b3d07,vigil,a8b3d07,duel,official,1,0,rating,b,b,0.0,core_destroyed,276,,10,1710,12,14,149,1160,7,2,ok,,5.248,bob-a,,2026-08-04T23:13:34+0200
4c03d593226fb211,vidar-attack,odin@a8b3d07,odin,a8b3d07,vidar@a8b3d07,vidar,a8b3d07,runestone,official,1,0,rating,a,a,1.0,core_destroyed,82,,13,280,7,30,10,160,9,16,ok,,2.453,bob-a,,2026-08-04T23:13:01+0200
4c170e5ac1dc1ba8,vidar-attack,odin@a8b3d07,odin,a8b3d07,vidar_econwar@a8b3d07,vidar_econwar,a8b3d07,sprint,official,1,0,rating,b,b,0.0,core_destroyed,114,,10,0,7,0,10,0,3,2,ok,,6.367,bob-a,,2026-08-04T23:15:58+0200
4c23d045cb9f6d81,vidar-attack,vidar_econwar@a8b3d07,vidar_econwar,a8b3d07,odin@a8b3d07,odin,a8b3d07,hive,official,1,0,rating,a,a,1.0,titanium_collected,1000,,7998,12540,8,159,7476,11220,6,102,ok,,35.305,bob-a,,2026-08-04T23:15:59+0200
4c85e8a258f8b5c8,vidar-attack,ragnarok@a8b3d07,ragnarok,a8b3d07,vidar@a8b3d07,vidar,a8b3d07,quarry,official,1,0,rating,a,a,1.0,core_destroyed,787,,4968,7550,13,132,9695,13320,11,174,ok,,18.092,bob-a,,2026-08-04T23:14:07+0200
4cf5fc990fef0778,vidar-attack,tyr@a8b3d07,tyr,a8b3d07,vidar@a8b3d07,vidar,a8b3d07,bridge,official,1,0,rating,b,b,0.0,titanium_collected,1000,,9045,7270,4,16,10173,9550,7,20,ok,,5.678,bob-a,,2026-08-04T23:13:14+0200
4d2273a1edf77c82,vidar-attack,pantheon_replica_day3@a8b3d07,pantheon_replica_day3,a8b3d07,vidar_econwar@a8b3d07,vidar_econwar,a8b3d07,sweden,official,1,0,rating,a,a,1.0,titanium_collected,1000,,4882,4980,9,27,140,0,6,17,ok,,51.02,bob-a,,2026-08-04T23:24:05+0200
4dadcdea4820e1f5,vidar-attack,vidar@a8b3d07,vidar,a8b3d07,valkyrie@a8b3d07,valkyrie,a8b3d07,crossfire,official,1,0,rating,a,a,1.0,core_destroyed,128,,72,910,10,29,20,580,6,19,ok,,4.516,bob-a,,2026-08-04T23:14:48+0200
4f6a8ff23ca8d7f5,vidar-attack,vidar@a8b3d07,vidar,a8b3d07,steward@a8b3d07,steward,a8b3d07,aurora,official,1,0,rating,a,a,1.0,core_destroyed,91,,45,640,8,43,59,460,10,37,ok,,3.111,bob-a,,2026-08-04T23:14:27+0200
4fc713ff8670bca4,vidar-attack,vidar_econwar@a8b3d07,vidar_econwar,a8b3d07,tyr@a8b3d07,tyr,a8b3d07,strait,official,1,0,rating,b,b,0.0,core_destroyed,132,,29,610,10,39,370,1230,3,59,ok,,7.258,bob-a,,2026-08-04T23:17:10+0200
4fd8ff64ac0baad7,vidar-attack,vidar_econwar@a8b3d07,vidar_econwar,a8b3d07,odin@a8b3d07,odin,a8b3d07,longship,official,1,0,rating,a,a,1.0,titanium_collected,1000,,15458,17280,9,85,9205,9190,5,43,ok,,17.064,bob-a,,2026-08-04T23:15:46+0200
4fdaefd039ea2c06,vidar-attack,vidar@a8b3d07,vidar,a8b3d07,tyr@a8b3d07,tyr,a8b3d07,vase,official,1,0,rating,a,a,1.0,titanium_collected,1000,,2619,2460,8,10,1556,620,4,9,ok,,9.575,bob-a,,2026-08-04T23:13:32+0200
502449fb6f4041bf,vidar-attack,steward@a8b3d07,steward,a8b3d07,vidar_econwar@a8b3d07,vidar_econwar,a8b3d07,fjord,official,1,0,rating,a,a,1.0,core_destroyed,200,,76,2050,9,77,147,2120,13,77,ok,,11.536,bob-a,,2026-08-04T23:24:18+0200
504310520371d8b6,vidar-attack,vidar@a8b3d07,vidar,a8b3d07,odin@a8b3d07,odin,a8b3d07,jackpot,official,1,0,rating,b,b,0.0,titanium_collected,1000,,4401,4980,15,17,7367,6520,3,24,ok,,11.038,bob-a,,2026-08-04T23:13:05+0200
50460d1333636df6,vidar-attack,tyr@a8b3d07,tyr,a8b3d07,vidar@a8b3d07,vidar,a8b3d07,fjord,official,1,0,rating,a,a,1.0,titanium_collected,1000,,10379,9640,5,49,6580,7370,10,85,ok,,8.676,bob-a,,2026-08-04T23:13:20+0200
5055aa4526abb213,vidar-attack,tyr@a8b3d07,tyr,a8b3d07,vidar_econwar@a8b3d07,vidar_econwar,a8b3d07,sprint,official,1,0,rating,b,b,0.0,core_destroyed,129,,10,0,7,9,9,0,7,2,ok,,4.125,bob-a,,2026-08-04T23:17:07+0200
5080c8ff9ca095d5,vidar-attack,valkyrie@a8b3d07,valkyrie,a8b3d07,vidar_econwar@a8b3d07,vidar_econwar,a8b3d07,bridge,official,1,0,rating,a,a,1.0,core_destroyed,121,,10,0,4,6,60,0,7,9,ok,,5.986,bob-a,,2026-08-04T23:25:41+0200
5085f72d2dd6c304,vidar-attack,steward@a8b3d07,steward,a8b3d07,vidar_econwar@a8b3d07,vidar_econwar,a8b3d07,atoll,official,1,0,rating,b,b,0.0,titanium_collected,1000,,56,5210,2,18,2592,10300,29,88,ok,,91.699,bob-a,,2026-08-04T23:25:05+0200
50da07f9a2d3b842,vidar-attack,vidar_econwar@a8b3d07,vidar_econwar,a8b3d07,steward@a8b3d07,steward,a8b3d07,aurora,official,1,0,rating,a,a,1.0,titanium_collected,1000,,8206,18190,22,80,51,9340,9,44,ok,,104.093,bob-a,,2026-08-04T23:25:30+0200
510002e03e32b2f7,vidar-attack,vidar@a8b3d07,vidar,a8b3d07,prospect@a8b3d07,prospect,a8b3d07,runestone,official,1,0,rating,a,a,1.0,core_destroyed,138,,133,1120,8,61,185,900,10,52,ok,,3.108,bob-a,,2026-08-04T23:14:05+0200
513a38b49f0b6bd1,vidar-attack,vidar_econwar@a8b3d07,vidar_econwar,a8b3d07,pantheon_replica_day3@a8b3d07,pantheon_replica_day3,a8b3d07,vase,official,1,0,rating,a,a,1.0,titanium_collected,1000,,8884,9420,12,32,2202,430,4,7,ok,,46.38,bob-a,,2026-08-04T23:24:08+0200
513d3315a3e09ed9,vidar-attack,vidar@a8b3d07,vidar,a8b3d07,valkyrie@a8b3d07,valkyrie,a8b3d07,hive,official,1,0,rating,b,b,0.0,core_destroyed,141,,13,150,8,22,10,500,9,26,ok,,4.83,bob-a,,2026-08-04T23:14:50+0200
516ad12266ba372c,vidar-attack,vidar@a8b3d07,vidar,a8b3d07,ragnarok@a8b3d07,ragnarok,a8b3d07,strait,official,1,0,rating,b,b,0.0,core_destroyed,123,,33,400,9,30,10,700,11,37,ok,,3.127,bob-a,,2026-08-04T23:13:54+0200
5170c96040a7ab41,vidar-attack,vidar_econwar@a8b3d07,vidar_econwar,a8b3d07,prospect@a8b3d07,prospect,a8b3d07,vase,official,1,0,rating,b,b,0.0,core_destroyed,301,,10,1260,10,27,10,550,8,4,ok,,13.027,bob-a,,2026-08-04T23:22:10+0200
51de9a726a534f71,vidar-attack,vigil@a8b3d07,vigil,a8b3d07,vidar@a8b3d07,vidar,a8b3d07,pinch,official,1,0,rating,b,b,0.0,core_destroyed,296,,861,910,3,1,414,4680,23,60,ok,,5.41,bob-a,,2026-08-04T23:13:38+0200
532ea9f26e5e66a5,vidar-attack,vidar_econwar@a8b3d07,vidar_econwar,a8b3d07,pantheon_replica_day3@a8b3d07,pantheon_replica_day3,a8b3d07,runestone,official,1,0,rating,a,a,1.0,titanium_collected,1000,,17705,19860,18,98,2621,1490,1,66,ok,,134.144,bob-a,,2026-08-04T23:25:05+0200
540b87f021060e9d,vidar-attack,valkyrie@a8b3d07,valkyrie,a8b3d07,vidar_econwar@a8b3d07,vidar_econwar,a8b3d07,pinch,official,1,0,rating,b,b,0.0,core_destroyed,720,,40,3210,1,26,82,3610,19,49,ok,,37.137,bob-a,,2026-08-04T23:26:50+0200
54adb63fe55dac1b,vidar-attack,vidar_econwar@a8b3d07,vidar_econwar,a8b3d07,vidar@a8b3d07,vidar,a8b3d07,vault,official,1,0,rating,b,b,0.0,core_destroyed,81,,11,370,8,28,20,370,6,35,ok,,5.263,bob-a,,2026-08-04T23:28:24+0200
54d263a1ea122e99,vidar-attack,ragnarok@a8b3d07,ragnarok,a8b3d07,vidar_econwar@a8b3d07,vidar_econwar,a8b3d07,aurora,official,1,0,rating,b,b,0.0,titanium_collected,1000,,53,3980,6,10,14913,21110,25,119,ok,,69.509,bob-a,,2026-08-04T23:20:05+0200
552e339ccbb941fe,vidar-attack,pantheon_replica_day3@a8b3d07,pantheon_replica_day3,a8b3d07,vidar@a8b3d07,vidar,a8b3d07,jackpot,official,1,0,rating,b,b,0.0,core_destroyed,100,,58,590,7,35,20,420,5,20,ok,,4.835,bob-a,,2026-08-04T23:14:19+0200
562f653ed36d1945,vidar-attack,odin@a8b3d07,odin,a8b3d07,vidar@a8b3d07,vidar,a8b3d07,skerry,official,1,0,rating,b,b,0.0,titanium_collected,1000,,9670,9840,5,50,11247,12620,15,47,ok,,12.574,bob-a,,2026-08-04T23:13:11+0200
5651d28e543cad3b,vidar-attack,odin@a8b3d07,odin,a8b3d07,vidar@a8b3d07,vidar,a8b3d07,strait,official,1,0,rating,b,b,0.0,core_destroyed,207,,30,440,10,24,257,2560,15,61,ok,,4.664,bob-a,,2026-08-04T23:13:05+0200
565f0d1cd0fdff24,vidar-attack,vidar_econwar@a8b3d07,vidar_econwar,a8b3d07,tyr@a8b3d07,tyr,a8b3d07,longship,official,1,0,rating,a,a,1.0,titanium_collected,1000,,14261,15790,5,115,14666,14810,6,51,ok,,14.367,bob-a,,2026-08-04T23:17:01+0200
56a48376b89a1c6e,vidar-attack,vidar@a8b3d07,vidar,a8b3d07,odin@a8b3d07,odin,a8b3d07,sprint,official,1,0,rating,b,b,0.0,core_destroyed,81,,10,0,6,0,10,0,6,1,ok,,1.778,bob-a,,2026-08-04T23:13:02+0200
56d0b9cd81b3d17b,vidar-attack,vidar_econwar@a8b3d07,vidar_econwar,a8b3d07,pantheon_replica_day3@a8b3d07,pantheon_replica_day3,a8b3d07,strait,official,1,0,rating,a,a,1.0,titanium_collected,1000,,14411,15760,18,73,8781,7220,1,26,ok,,41.925,bob-a,,2026-08-04T23:23:49+0200
573b19065e81c924,vidar-attack,vidar@a8b3d07,vidar,a8b3d07,vigil@a8b3d07,vigil,a8b3d07,aurora,official,1,0,rating,a,a,1.0,core_destroyed,105,,49,800,8,47,403,500,9,25,ok,,3.008,bob-a,,2026-08-04T23:13:28+0200
573ed924fd2b02ec,vidar-attack,valkyrie@a8b3d07,valkyrie,a8b3d07,vidar@a8b3d07,vidar,a8b3d07,longship,official,1,0,rating,b,b,0.0,core_destroyed,141,,820,1210,7,49,76,930,9,50,ok,,6.61,bob-a,,2026-08-04T23:14:55+0200
579d8dcf8e176dad,vidar-attack,vidar@a8b3d07,vidar,a8b3d07,vigil@a8b3d07,vigil,a8b3d07,fjord,official,1,0,rating,a,a,1.0,core_destroyed,172,,86,1420,9,38,17,810,8,6,ok,,2.881,bob-a,,2026-08-04T23:13:33+0200
57a3b21405adafbc,vidar-attack,vidar@a8b3d07,vidar,a8b3d07,odin@a8b3d07,odin,a8b3d07,runestone,official,1,0,rating,a,a,1.0,titanium_collected,1000,,15428,15760,7,68,6701,5990,4,48,ok,,10.311,bob-a,,2026-08-04T23:13:08+0200
57bb82313ad7bad7,vidar-attack,valkyrie@a8b3d07,valkyrie,a8b3d07,vidar_econwar@a8b3d07,vidar_econwar,a8b3d07,skerry,official,1,0,rating,a,a,1.0,core_destroyed,607,,1692,3980,2,5,904,8870,24,178,ok,,42.813,bob-a,,2026-08-04T23:27:17+0200
57ecc0955aa9661c,vidar-attack,vidar_econwar@a8b3d07,vidar_econwar,a8b3d07,ragnarok@a8b3d07,ragnarok,a8b3d07,atoll,official,1,0,rating,a,a,1.0,core_destroyed,707,,980,7680,29,49,856,3110,4,4,ok,,47.996,bob-a,,2026-08-04T23:19:35+0200
5857ef8e60ae8d43,vidar-attack,vidar@a8b3d07,vidar,a8b3d07,tyr@a8b3d07,tyr,a8b3d07,quarry,official,1,0,rating,a,a,1.0,titanium_collected,1000,,20272,21080,5,104,13319,15500,10,109,ok,,16.274,bob-a,,2026-08-04T23:13:30+0200
59c5295708a4d419,vidar-attack,vidar@a8b3d07,vidar,a8b3d07,steward@a8b3d07,steward,a8b3d07,sprint,official,1,0,rating,a,a,1.0,core_destroyed,97,,10,0,6,4,10,0,6,1,ok,,2.247,bob-a,,2026-08-04T23:14:37+0200
5a1cece7387c8981,vidar-attack,vidar@a8b3d07,vidar,a8b3d07,vidar_econwar@a8b3d07,vidar_econwar,a8b3d07,string,official,1,0,rating,b,b,0.0,titanium_collected,1000,,1502,330,4,7,7637,7380,6,13,ok,,15.46,bob-a,,2026-08-04T23:28:23+0200
5a3ab5cf27b6150d,vidar-attack,vidar@a8b3d07,vidar,a8b3d07,ragnarok@a8b3d07,ragnarok,a8b3d07,twins,official,1,0,rating,a,a,1.0,core_destroyed,129,,52,660,7,44,658,820,5,53,ok,,2.498,bob-a,,2026-08-04T23:13:55+0200
5a52d922e44538d9,vidar-attack,vidar_econwar@a8b3d07,vidar_econwar,a8b3d07,tyr@a8b3d07,tyr,a8b3d07,twins,official,1,0,rating,a,a,1.0,titanium_collected,1000,,18403,18140,5,84,9574,8180,3,60,ok,,18.719,bob-a,,2026-08-04T23:17:26+0200
5a8e3e21c44387dd,vidar-attack,vidar@a8b3d07,vidar,a8b3d07,prospect@a8b3d07,prospect,a8b3d07,sprint,official,1,0,rating,b,b,0.0,core_destroyed,50,,10,0,6,1,20,130,4,12,ok,,1.817,bob-a,,2026-08-04T23:14:05+0200
5b1b3971ddbd67e9,vidar-attack,vidar@a8b3d07,vidar,a8b3d07,valkyrie@a8b3d07,valkyrie,a8b3d07,jackpot,official,1,0,rating,b,b,0.0,core_destroyed,474,,202,1100,5,16,35,2150,13,9,ok,,17.356,bob-a,,2026-08-04T23:15:04+0200
5b23311b936894b9,vidar-attack,vidar@a8b3d07,vidar,a8b3d07,vigil@a8b3d07,vigil,a8b3d07,atoll,official,1,0,rating,a,a,1.0,core_destroyed,260,,182,2330,12,61,1010,1230,8,7,ok,,3.91,bob-a,,2026-08-04T23:13:28+0200
5b9f5a37fc12d95c,vidar-attack,vidar@a8b3d07,vidar,a8b3d07,ragnarok@a8b3d07,ragnarok,a8b3d07,pinch,official,1,0,rating,a,a,1.0,core_destroyed,105,,7,450,8,9,4,240,7,14,ok,,2.758,bob-a,,2026-08-04T23:13:50+0200
5bf4f31db919e520,vidar-attack,vidar_econwar@a8b3d07,vidar_econwar,a8b3d07,valkyrie@a8b3d07,valkyrie,a8b3d07,longship,official,1,0,rating,b,b,0.0,core_destroyed,572,,4481,7880,21,118,4351,5580,7,79,ok,,49.111,bob-a,,2026-08-04T23:26:55+0200
5bf80431c6dd0fe4,vidar-attack,ragnarok@a8b3d07,ragnarok,a8b3d07,vidar_econwar@a8b3d07,vidar_econwar,a8b3d07,atoll,official,1,0,rating,a,a,1.0,core_destroyed,286,,61,1960,13,26,9,1380,15,12,ok,,16.942,bob-a,,2026-08-04T23:19:07+0200
5c277a3f635e95b0,vidar-attack,vidar_econwar@a8b3d07,vidar_econwar,a8b3d07,steward@a8b3d07,steward,a8b3d07,atoll,official,1,0,rating,a,a,1.0,core_destroyed,564,,515,6160,29,62,55,2680,2,32,ok,,41.278,bob-a,,2026-08-04T23:24:10+0200
5c5a2b2fcc9d2f67,vidar-attack,odin@a8b3d07,odin,a8b3d07,vidar_econwar@a8b3d07,vidar_econwar,a8b3d07,crossfire,official,1,0,rating,b,b,0.0,titanium_collected,1000,,2545,1110,3,20,5654,4970,9,21,ok,,17.782,bob-a,,2026-08-04T23:15:30+0200
5c9a5ec8a4476bab,vidar-attack,tyr@a8b3d07,tyr,a8b3d07,vidar@a8b3d07,vidar,a8b3d07,runestone,official,1,0,rating,a,a,1.0,core_destroyed,126,,35,530,7,41,66,840,9,49,ok,,3.101,bob-a,,2026-08-04T23:13:18+0200
5d53c0ac37c7c399,vidar-attack,odin@a8b3d07,odin,a8b3d07,vidar@a8b3d07,vidar,a8b3d07,twins,official,1,0,rating,a,a,1.0,core_destroyed,249,,410,1620,7,75,1432,1990,8,52,ok,,4.034,bob-a,,2026-08-04T23:13:06+0200
5d886e588971d300,vidar-attack,vidar@a8b3d07,vidar,a8b3d07,vidar_econwar@a8b3d07,vidar_econwar,a8b3d07,crossfire,official,1,0,rating,b,b,0.0,core_destroyed,278,,94,1340,3,14,363,1830,9,20,ok,,17.406,bob-a,,2026-08-04T23:27:44+0200
5e18a263ad9ba6b6,vidar-attack,vidar_econwar@a8b3d07,vidar_econwar,a8b3d07,vigil@a8b3d07,vigil,a8b3d07,pinch,official,1,0,rating,a,a,1.0,core_destroyed,309,,15,3240,24,51,1581,2040,4,9,ok,,16.247,bob-a,,2026-08-04T23:18:08+0200
5ecd359d19a4ad30,vidar-attack,vidar@a8b3d07,vidar,a8b3d07,vidar_econwar@a8b3d07,vidar_econwar,a8b3d07,hive,official,1,0,rating,a,a,1.0,core_destroyed,360,,92,4050,11,105,10,3230,13,58,ok,,17.165,bob-a,,2026-08-04T23:28:02+0200
5f5a7e9f007a0b0d,vidar-attack,vidar_econwar@a8b3d07,vidar_econwar,a8b3d07,tyr@a8b3d07,tyr,a8b3d07,vault,official,1,0,rating,b,b,0.0,core_destroyed,112,,29,550,8,33,30,600,7,36,ok,,7.032,bob-a,,2026-08-04T23:17:22+0200
5f6b8e3b17e97214,vidar-attack,pantheon_replica_day3@a8b3d07,pantheon_replica_day3,a8b3d07,vidar_econwar@a8b3d07,vidar_econwar,a8b3d07,bridge,official,1,0,rating,a,a,1.0,core_destroyed,96,,80,340,4,15,47,190,11,11,ok,,8.172,bob-a,,2026-08-04T23:22:25+0200
5fd2b73eeb0b20cf,vidar-attack,vidar@a8b3d07,vidar,a8b3d07,vidar_econwar@a8b3d07,vidar_econwar,a8b3d07,pinch,official,1,0,rating,a,a,1.0,core_destroyed,108,,63,850,6,31,70,690,8,40,ok,,8.221,bob-a,,2026-08-04T23:28:02+0200
5fd3c132b64a16c8,vidar-attack,steward@a8b3d07,steward,a8b3d07,vidar_econwar@a8b3d07,vidar_econwar,a8b3d07,longship,official,1,0,rating,b,b,0.0,core_destroyed,485,,4,4220,3,32,1139,8710,24,101,ok,,35.432,bob-a,,2026-08-04T23:24:53+0200
5ffc0b41bd80ed20,vidar-attack,steward@a8b3d07,steward,a8b3d07,vidar_econwar@a8b3d07,vidar_econwar,a8b3d07,aurora,official,1,0,rating,b,b,0.0,core_destroyed,509,,22,3580,3,16,2152,8780,28,68,ok,,34.755,bob-a,,2026-08-04T23:24:24+0200
6009794561c6b554,vidar-attack,prospect@a8b3d07,prospect,a8b3d07,vidar_econwar@a8b3d07,vidar_econwar,a8b3d07,twins,official,1,0,rating,a,a,1.0,core_destroyed,617,,1313,4170,9,9,14,2190,15,52,ok,,22.74,bob-a,,2026-08-04T23:22:19+0200
602f2c91ff228d1c,vidar-attack,odin@a8b3d07,odin,a8b3d07,vidar_econwar@a8b3d07,vidar_econwar,a8b3d07,sweden,official,1,0,rating,b,b,0.0,titanium_collected,1000,,1744,270,0,6,8338,9710,11,32,ok,,54.061,bob-a,,2026-08-04T23:16:53+0200
603d55ec8ca5fb92,vidar-attack,vidar@a8b3d07,vidar,a8b3d07,steward@a8b3d07,steward,a8b3d07,hive,official,1,0,rating,b,b,0.0,core_destroyed,141,,13,150,8,22,10,500,9,26,ok,,4.267,bob-a,,2026-08-04T23:14:33+0200
6047d9148cc6116a,vidar-attack,vidar@a8b3d07,vidar,a8b3d07,vigil@a8b3d07,vigil,a8b3d07,sweden,official,1,0,rating,a,a,1.0,core_destroyed,164,,85,1120,10,28,64,280,6,9,ok,,3.947,bob-a,,2026-08-04T23:13:41+0200
605bcb30adea437c,vidar-attack,vidar@a8b3d07,vidar,a8b3d07,odin@a8b3d07,odin,a8b3d07,quarry,official,1,0,rating,a,a,1.0,titanium_collected,86,,10,590,10,29,8,520,9,34,ok,,2.71,bob-a,,2026-08-04T23:12:59+0200
60ba5dc3b01ce12e,vidar-attack,vigil@a8b3d07,vigil,a8b3d07,vidar_econwar@a8b3d07,vidar_econwar,a8b3d07,vase,official,1,0,rating,a,a,1.0,core_destroyed,74,,20,150,6,8,32,0,7,4,ok,,8.939,bob-a,,2026-08-04T23:18:47+0200
60d1a394edc03614,vidar-attack,vidar@a8b3d07,vidar,a8b3d07,vidar_econwar@a8b3d07,vidar_econwar,a8b3d07,jackpot,official,1,0,rating,b,b,0.0,titanium_collected,1000,,4000,5210,1,23,10271,12400,11,41,ok,,21.513,bob-a,,2026-08-04T23:28:09+0200
620c2b387a4c2ea5,vidar-attack,vidar@a8b3d07,vidar,a8b3d07,tyr@a8b3d07,tyr,a8b3d07,skerry,official,1,0,rating,a,a,1.0,titanium_collected,1000,,18831,20000,7,105,6807,5400,2,30,ok,,5.348,bob-a,,2026-08-04T23:13:22+0200
621dc5623344cc2c,vidar-attack,valkyrie@a8b3d07,valkyrie,a8b3d07,vidar@a8b3d07,vidar,a8b3d07,runestone,official,1,0,rating,a,a,1.0,titanium_stored,1000,,13,2470,7,14,12,2470,8,12,ok,,20.107,bob-a,,2026-08-04T23:15:11+0200
6253581fa9f51919,vidar-attack,vigil@a8b3d07,vigil,a8b3d07,vidar_econwar@a8b3d07,vidar_econwar,a8b3d07,bridge,official,1,0,rating,a,a,1.0,titanium_collected,1000,,9246,7270,6,18,1746,0,5,9,ok,,14.952,bob-a,,2026-08-04T23:17:41+0200
6279b4bf06cbaad8,vidar-attack,pantheon_replica_day3@a8b3d07,pantheon_replica_day3,a8b3d07,vidar@a8b3d07,vidar,a8b3d07,sprint,official,1,0,rating,a,a,1.0,core_destroyed,285,,9,0,8,9,10,0,4,1,ok,,2.808,bob-a,,2026-08-04T23:14:23+0200
627a4d8ec5862a0d,vidar-attack,pantheon_replica_day3@a8b3d07,pantheon_replica_day3,a8b3d07,vidar_econwar@a8b3d07,vidar_econwar,a8b3d07,twins,official,1,0,rating,a,a,1.0,core_destroyed,66,,17,340,3,33,50,280,7,39,ok,,2.993,bob-a,,2026-08-04T23:23:21+0200
628ee0461c81dc91,vidar-attack,odin@a8b3d07,odin,a8b3d07,vidar@a8b3d07,vidar,a8b3d07,jackpot,official,1,0,rating,b,b,0.0,core_destroyed,123,,144,670,8,25,65,800,9,37,ok,,3.568,bob-a,,2026-08-04T23:12:58+0200
62bb4eb4f29bb6bd,vidar-attack,pantheon_replica_day3@a8b3d07,pantheon_replica_day3,a8b3d07,vidar@a8b3d07,vidar,a8b3d07,atoll,official,1,0,rating,b,b,0.0,core_destroyed,115,,228,600,2,56,21,760,10,34,ok,,4.069,bob-a,,2026-08-04T23:14:13+0200
62c72d3c8e2028e7,vidar-attack,prospect@a8b3d07,prospect,a8b3d07,vidar@a8b3d07,vidar,a8b3d07,duel,official,1,0,rating,b,b,0.0,core_destroyed,107,,311,490,6,8,7,250,7,10,ok,,2.476,bob-a,,2026-08-04T23:14:00+0200
63b81f147ab3674c,vidar-attack,vidar@a8b3d07,vidar,a8b3d07,pantheon_replica_day3@a8b3d07,pantheon_replica_day3,a8b3d07,sweden,official,1,0,rating,a,a,1.0,core_destroyed,194,,67,870,8,18,192,1050,8,22,ok,,5.1,bob-a,,2026-08-04T23:14:27+0200
63da2456ce890752,vidar-attack,vidar_econwar@a8b3d07,vidar_econwar,a8b3d07,tyr@a8b3d07,tyr,a8b3d07,showdown,official,1,0,rating,b,b,0.0,core_destroyed,87,,10,0,6,8,10,0,5,1,ok,,4.647,bob-a,,2026-08-04T23:16:59+0200
643a266cb822dab0,vidar-attack,vidar_econwar@a8b3d07,vidar_econwar,a8b3d07,vigil@a8b3d07,vigil,a8b3d07,vault,official,1,0,rating,a,a,1.0,core_destroyed,880,,1923,4350,18,87,782,2090,4,8,ok,,92.434,bob-a,,2026-08-04T23:20:10+0200
6464ca351c586c4d,vidar-attack,pantheon_replica_day3@a8b3d07,pantheon_replica_day3,a8b3d07,vidar_econwar@a8b3d07,vidar_econwar,a8b3d07,runestone,official,1,0,rating,b,b,0.0,titanium_collected,1000,,12,0,4,15,12164,13390,16,76,ok,,286.428,bob-a,,2026-08-04T23:27:38+0200
64dc4106fbd28238,vidar-attack,tyr@a8b3d07,tyr,a8b3d07,vidar_econwar@a8b3d07,vidar_econwar,a8b3d07,bridge,official,1,0,rating,a,a,1.0,titanium_collected,1000,,7006,5070,2,17,3828,2450,4,12,ok,,12.875,bob-a,,2026-08-04T23:16:31+0200
651cfdf45a3312a0,vidar-attack,valkyrie@a8b3d07,valkyrie,a8b3d07,vidar_econwar@a8b3d07,vidar_econwar,a8b3d07,strait,official,1,0,rating,b,b,0.0,core_destroyed,641,,1054,3700,2,5,1131,9800,27,89,ok,,71.743,bob-a,,2026-08-04T23:27:54+0200
65348098c786e978,vidar-attack,tyr@a8b3d07,tyr,a8b3d07,vidar_econwar@a8b3d07,vidar_econwar,a8b3d07,strait,official,1,0,rating,b,b,0.0,titanium_collected,1000,,4049,4250,2,21,12083,17450,18,102,ok,,31.068,bob-a,,2026-08-04T23:17:34+0200
65ef848f2f136668,vidar-attack,vidar@a8b3d07,vidar,a8b3d07,vigil@a8b3d07,vigil,a8b3d07,vase,official,1,0,rating,a,a,1.0,core_destroyed,283,,121,440,5,8,974,660,3,10,ok,,3.039,bob-a,,2026-08-04T23:13:41+0200
65fb39f05b8745ac,vidar-attack,vidar@a8b3d07,vidar,a8b3d07,valkyrie@a8b3d07,valkyrie,a8b3d07,vault,official,1,0,rating,a,a,1.0,core_destroyed,126,,11,580,9,35,668,990,8,34,ok,,9.577,bob-a,,2026-08-04T23:15:12+0200
66050045396ee3ef,vidar-attack,vidar_econwar@a8b3d07,vidar_econwar,a8b3d07,pantheon_replica_day3@a8b3d07,pantheon_replica_day3,a8b3d07,vault,official,1,0,rating,a,a,1.0,core_destroyed,499,,156,4220,24,63,2758,3020,2,4,ok,,28.184,bob-a,,2026-08-04T23:23:56+0200
663cbb40fcec3d49,vidar-attack,prospect@a8b3d07,prospect,a8b3d07,vidar@a8b3d07,vidar,a8b3d07,atoll,official,1,0,rating,a,a,1.0,core_destroyed,80,,28,350,6,11,10,330,8,19,ok,,2.81,bob-a,,2026-08-04T23:13:58+0200
66adc11452069e20,vidar-attack,vidar@a8b3d07,vidar,a8b3d07,odin@a8b3d07,odin,a8b3d07,pinch,official,1,0,rating,a,a,1.0,core_destroyed,348,,201,2780,13,24,1493,2660,1,34,ok,,6.692,bob-a,,2026-08-04T23:13:02+0200
66d003b8725b12f1,vidar-attack,vidar_econwar@a8b3d07,vidar_econwar,a8b3d07,vidar@a8b3d07,vidar,a8b3d07,sprint,official,1,0,rating,a,a,1.0,core_destroyed,141,,9,0,6,1,10,0,5,1,ok,,3.338,bob-a,,2026-08-04T23:28:10+0200
67843c35e1501a34,vidar-attack,tyr@a8b3d07,tyr,a8b3d07,vidar_econwar@a8b3d07,vidar_econwar,a8b3d07,aurora,official,1,0,rating,b,b,0.0,titanium_collected,1000,,2414,7660,2,23,15025,16330,17,76,ok,,35.745,bob-a,,2026-08-04T23:16:53+0200
6820f9959ff63b1b,vidar-attack,vidar@a8b3d07,vidar,a8b3d07,steward@a8b3d07,steward,a8b3d07,twins,official,1,0,rating,b,b,0.0,core_destroyed,90,,37,560,8,31,31,500,8,32,ok,,2.448,bob-a,,2026-08-04T23:14:40+0200
6835dc86be4cbec4,vidar-attack,vidar@a8b3d07,vidar,a8b3d07,odin@a8b3d07,odin,a8b3d07,atoll,official,1,0,rating,a,a,1.0,core_destroyed,287,,137,2900,15,31,40,1410,6,14,ok,,4.984,bob-a,,2026-08-04T23:12:57+0200
684db5c2451e30c1,vidar-attack,vidar@a8b3d07,vidar,a8b3d07,steward@a8b3d07,steward,a8b3d07,jackpot,official,1,0,rating,b,b,0.0,core_destroyed,233,,89,440,6,16,56,1100,9,18,ok,,4.453,bob-a,,2026-08-04T23:14:35+0200
6866d324c61f19b8,vidar-attack,vidar@a8b3d07,vidar,a8b3d07,vigil@a8b3d07,vigil,a8b3d07,bridge,official,1,0,rating,b,b,0.0,core_destroyed,583,,3,0,7,6,2670,3780,4,22,ok,,3.586,bob-a,,2026-08-04T23:13:30+0200
68a098b9a933c134,vidar-attack,vidar_econwar@a8b3d07,vidar_econwar,a8b3d07,steward@a8b3d07,steward,a8b3d07,vault,official,1,0,rating,b,b,0.0,core_destroyed,483,,0,2180,10,43,29,3370,8,93,ok,,16.868,bob-a,,2026-08-04T23:25:41+0200
6906a9490951487b,vidar-attack,prospect@a8b3d07,prospect,a8b3d07,vidar_econwar@a8b3d07,vidar_econwar,a8b3d07,skerry,official,1,0,rating,a,a,1.0,core_destroyed,76,,77,470,7,20,18,350,8,39,ok,,7.524,bob-a,,2026-08-04T23:21:51+0200
692ddda37b7de280,vidar-attack,vidar@a8b3d07,vidar,a8b3d07,odin@a8b3d07,odin,a8b3d07,skerry,official,1,0,rating,a,a,1.0,titanium_collected,1000,,14511,15650,6,90,12052,11900,6,52,ok,,6.746,bob-a,,2026-08-04T23:13:05+0200
6934fc91ba50bf75,vidar-attack,vidar@a8b3d07,vidar,a8b3d07,odin@a8b3d07,odin,a8b3d07,bridge,official,1,0,rating,a,a,1.0,titanium_collected,1000,,7692,7270,5,19,7621,5730,3,14,ok,,6.019,bob-a,,2026-08-04T23:12:58+0200
693ed78ebf15bbdb,vidar-attack,vidar_econwar@a8b3d07,vidar_econwar,a8b3d07,vigil@a8b3d07,vigil,a8b3d07,duel,official,1,0,rating,a,a,1.0,core_destroyed,308,,19,2030,14,34,20,1280,2,2,ok,,17.126,bob-a,,2026-08-04T23:17:51+0200
6977019048043d22,vidar-attack,prospect@a8b3d07,prospect,a8b3d07,vidar_econwar@a8b3d07,vidar_econwar,a8b3d07,hive,official,1,0,rating,a,a,1.0,core_destroyed,68,,30,300,6,24,42,370,7,44,ok,,3.74,bob-a,,2026-08-04T23:21:28+0200
6ae274ea3253a198,vidar-attack,vidar_econwar@a8b3d07,vidar_econwar,a8b3d07,vigil@a8b3d07,vigil,a8b3d07,runestone,official,1,0,rating,a,a,1.0,titanium_collected,1000,,15069,19880,19,86,3831,5230,9,57,ok,,117.597,bob-a,,2026-08-04T23:20:00+0200
6b136c271e98ad15,vidar-attack,pantheon_replica_day3@a8b3d07,pantheon_replica_day3,a8b3d07,vidar@a8b3d07,vidar,a8b3d07,fjord,official,1,0,rating,a,a,1.0,core_destroyed,64,,30,410,4,37,20,260,8,23,ok,,3.204,bob-a,,2026-08-04T23:14:15+0200
6b7230585661f2a4,vidar-attack,vidar@a8b3d07,vidar,a8b3d07,prospect@a8b3d07,prospect,a8b3d07,showdown,official,1,0,rating,a,draw,0.5,coinflip,1000,,16,0,6,2,16,0,5,8,ok,,6.106,bob-a,,2026-08-04T23:14:09+0200
6b86d1d92c4c5913,vidar-attack,vidar_econwar@a8b3d07,vidar_econwar,a8b3d07,odin@a8b3d07,odin,a8b3d07,showdown,official,1,0,rating,a,a,1.0,core_destroyed,109,,10,0,4,4,10,0,5,0,ok,,3.144,bob-a,,2026-08-04T23:15:48+0200
6bf4e266ef097d5f,vidar-attack,vidar@a8b3d07,vidar,a8b3d07,prospect@a8b3d07,prospect,a8b3d07,string,official,1,0,rating,b,b,0.0,titanium_collected,1000,,24,220,2,5,30,4950,6,14,ok,,6.336,bob-a,,2026-08-04T23:14:12+0200
6c2503f5beca7ce2,vidar-attack,tyr@a8b3d07,tyr,a8b3d07,vidar_econwar@a8b3d07,vidar_econwar,a8b3d07,pinch,official,1,0,rating,a,a,1.0,titanium_collected,1000,,12004,11740,4,41,7037,7050,9,30,ok,,18.027,bob-a,,2026-08-04T23:17:07+0200
6cdfbcbf7a774933,vidar-attack,vigil@a8b3d07,vigil,a8b3d07,vidar_econwar@a8b3d07,vidar_econwar,a8b3d07,sprint,official,1,0,rating,a,a,1.0,titanium_collected,1000,,18,120,8,6,16,0,6,5,ok,,15.9,bob-a,,2026-08-04T23:18:30+0200
6d8e60f06af46b60,vidar-attack,valkyrie@a8b3d07,valkyrie,a8b3d07,vidar@a8b3d07,vidar,a8b3d07,fjord,official,1,0,rating,b,b,0.0,core_destroyed,123,,153,980,9,42,99,820,7,33,ok,,3.472,bob-a,,2026-08-04T23:14:49+0200
6e1cee7abaf39c08,vidar-attack,vigil@a8b3d07,vigil,a8b3d07,vidar_econwar@a8b3d07,vidar_econwar,a8b3d07,sweden,official,1,0,rating,a,a,1.0,titanium_collected,1000,,8071,6420,3,7,27,0,13,9,ok,,53.187,bob-a,,2026-08-04T23:19:23+0200
6f0994a9914cc98c,vidar-attack,vidar@a8b3d07,vidar,a8b3d07,vigil@a8b3d07,vigil,a8b3d07,runestone,official,1,0,rating,a,a,1.0,core_destroyed,160,,89,1310,8,72,594,1070,11,31,ok,,3.993,bob-a,,2026-08-04T23:13:38+0200
6fd4e7c7f9840f9b,vidar-attack,tyr@a8b3d07,tyr,a8b3d07,vidar@a8b3d07,vidar,a8b3d07,twins,official,1,0,rating,b,b,0.0,core_destroyed,148,,21,530,8,34,35,1020,6,53,ok,,2.901,bob-a,,2026-08-04T23:13:25+0200
700b7dfb6db38792,vidar-attack,pantheon_replica_day3@a8b3d07,pantheon_replica_day3,a8b3d07,vidar_econwar@a8b3d07,vidar_econwar,a8b3d07,string,official,1,0,rating,b,b,0.0,titanium_collected,1000,,7004,4920,4,16,10802,9730,3,18,ok,,17.529,bob-a,,2026-08-04T23:23:29+0200
707abc50016db1d2,vidar-attack,pantheon_replica_day3@a8b3d07,pantheon_replica_day3,a8b3d07,vidar_econwar@a8b3d07,vidar_econwar,a8b3d07,vault,official,1,0,rating,b,b,0.0,core_destroyed,656,,4662,4730,1,6,555,6510,26,156,ok,,20.585,bob-a,,2026-08-04T23:23:49+0200
7249bcc356177694,vidar-attack,pantheon_replica_day3@a8b3d07,pantheon_replica_day3,a8b3d07,vidar@a8b3d07,vidar,a8b3d07,bridge,official,1,0,rating,a,a,1.0,core_destroyed,124,,42,340,3,23,48,0,9,7,ok,,6.254,bob-a,,2026-08-04T23:14:17+0200
7355e2100e0eff67,vidar-attack,vidar_econwar@a8b3d07,vidar_econwar,a8b3d07,valkyrie@a8b3d07,valkyrie,a8b3d07,quarry,official,1,0,rating,a,a,1.0,titanium_collected,1000,,9918,14830,18,203,5452,7410,6,30,ok,,71.617,bob-a,,2026-08-04T23:27:25+0200
73cbe5b429654bce,vidar-attack,vidar_econwar@a8b3d07,vidar_econwar,a8b3d07,ragnarok@a8b3d07,ragnarok,a8b3d07,pinch,official,1,0,rating,a,a,1.0,core_destroyed,294,,122,2060,14,60,2098,2450,5,28,ok,,12.473,bob-a,,2026-08-04T23:20:05+0200
7426d5c8fa73ee47,vidar-attack,ragnarok@a8b3d07,ragnarok,a8b3d07,vidar@a8b3d07,vidar,a8b3d07,runestone,official,1,0,rating,a,a,1.0,titanium_stored,1000,,13,2470,7,14,12,2470,8,12,ok,,7.106,bob-a,,2026-08-04T23:13:56+0200
747203e1a551b867,vidar-attack,vidar_econwar@a8b3d07,vidar_econwar,a8b3d07,tyr@a8b3d07,tyr,a8b3d07,pinch,official,1,0,rating,a,a,1.0,titanium_collected,1000,,12001,12060,6,56,12577,11790,4,27,ok,,14.567,bob-a,,2026-08-04T23:17:03+0200
747eb4c9ec0b6510,vidar-attack,vidar_econwar@a8b3d07,vidar_econwar,a8b3d07,pantheon_replica_day3@a8b3d07,pantheon_replica_day3,a8b3d07,twins,official,1,0,rating,b,b,0.0,core_destroyed,76,,23,340,8,36,24,430,3,37,ok,,2.593,bob-a,,2026-08-04T23:23:18+0200
74887c528bfe8647,vidar-attack,vidar@a8b3d07,vidar,a8b3d07,tyr@a8b3d07,tyr,a8b3d07,aurora,official,1,0,rating,a,a,1.0,titanium_collected,1000,,15042,16150,10,83,14212,13620,4,51,ok,,7.881,bob-a,,2026-08-04T23:13:14+0200
74dfdbcbe36b4fbb,vidar-attack,vidar@a8b3d07,vidar,a8b3d07,steward@a8b3d07,steward,a8b3d07,duel,official,1,0,rating,b,b,0.0,core_destroyed,146,,10,350,7,5,9,690,8,10,ok,,2.738,bob-a,,2026-08-04T23:14:30+0200
75354a64a0fca6fe,vidar-attack,odin@a8b3d07,odin,a8b3d07,vidar_econwar@a8b3d07,vidar_econwar,a8b3d07,pinch,official,1,0,rating,b,b,0.0,titanium_collected,1000,,4840,5060,1,12,3916,5340,13,47,ok,,24.975,bob-a,,2026-08-04T23:15:58+0200
755b4dec2c3db1d4,vidar-attack,vidar@a8b3d07,vidar,a8b3d07,prospect@a8b3d07,prospect,a8b3d07,fjord,official,1,0,rating,a,a,1.0,core_destroyed,131,,71,950,11,32,625,890,8,7,ok,,3.445,bob-a,,2026-08-04T23:14:01+0200
7578c335d45e449e,vidar-attack,vidar@a8b3d07,vidar,a8b3d07,vidar_econwar@a8b3d07,vidar_econwar,a8b3d07,sprint,official,1,0,rating,a,a,1.0,core_destroyed,141,,9,0,6,1,10,0,5,1,ok,,3.401,bob-a,,2026-08-04T23:28:10+0200
763e836c611eb3f1,vidar-attack,vidar_econwar@a8b3d07,vidar_econwar,a8b3d07,pantheon_replica_day3@a8b3d07,pantheon_replica_day3,a8b3d07,jackpot,official,1,0,rating,a,a,1.0,titanium_collected,1000,,2909,4940,3,16,2254,4910,7,26,ok,,59.324,bob-a,,2026-08-04T23:23:29+0200
7662df426f0ee52a,vidar-attack,vigil@a8b3d07,vigil,a8b3d07,vidar@a8b3d07,vidar,a8b3d07,strait,official,1,0,rating,b,b,0.0,core_destroyed,176,,630,720,6,12,133,1110,8,46,ok,,3.072,bob-a,,2026-08-04T23:13:40+0200
76839f249b6285d3,vidar-attack,vidar_econwar@a8b3d07,vidar_econwar,a8b3d07,tyr@a8b3d07,tyr,a8b3d07,quarry,official,1,0,rating,b,b,0.0,core_destroyed,116,,131,850,10,56,375,1370,6,73,ok,,5.102,bob-a,,2026-08-04T23:16:54+0200
773fea8ecb8ebe97,vidar-attack,steward@a8b3d07,steward,a8b3d07,vidar_econwar@a8b3d07,vidar_econwar,a8b3d07,string,official,1,0,rating,a,a,1.0,core_destroyed,224,,30,1240,7,15,771,1230,5,15,ok,,9.025,bob-a,,2026-08-04T23:25:15+0200
77ee2d8f2cd95882,vidar-attack,vidar@a8b3d07,vidar,a8b3d07,ragnarok@a8b3d07,ragnarok,a8b3d07,string,official,1,0,rating,a,a,1.0,core_destroyed,170,,719,1120,8,14,1435,1130,2,13,ok,,2.137,bob-a,,2026-08-04T23:13:54+0200
7878959882849524,vidar-attack,vidar_econwar@a8b3d07,vidar_econwar,a8b3d07,vidar@a8b3d07,vidar,a8b3d07,string,official,1,0,rating,b,b,0.0,titanium_collected,1000,,3511,2490,5,10,6130,5550,2,12,ok,,17.853,bob-a,,2026-08-04T23:28:27+0200
78e97e6e12852b55,vidar-attack,pantheon_replica_day3@a8b3d07,pantheon_replica_day3,a8b3d07,vidar_econwar@a8b3d07,vidar_econwar,a8b3d07,showdown,official,1,0,rating,a,a,1.0,core_destroyed,361,,9,0,6,1,10,0,4,9,ok,,8.502,bob-a,,2026-08-04T23:23:02+0200
7922b85afd3eb531,vidar-attack,vidar@a8b3d07,vidar,a8b3d07,pantheon_replica_day3@a8b3d07,pantheon_replica_day3,a8b3d07,strait,official,1,0,rating,b,b,0.0,core_destroyed,64,,24,220,8,30,34,330,4,40,ok,,3.212,bob-a,,2026-08-04T23:14:24+0200
79881b7591e1eb7d,vidar-attack,prospect@a8b3d07,prospect,a8b3d07,vidar@a8b3d07,vidar,a8b3d07,hive,official,1,0,rating,a,a,1.0,core_destroyed,62,,18,250,8,22,3,200,8,32,ok,,2.725,bob-a,,2026-08-04T23:14:02+0200
7b05f5f9fbfd2c4e,vidar-attack,vidar_econwar@a8b3d07,vidar_econwar,a8b3d07,ragnarok@a8b3d07,ragnarok,a8b3d07,skerry,official,1,0,rating,a,a,1.0,core_destroyed,491,,2891,7390,17,74,1860,4520,6,52,ok,,19.688,bob-a,,2026-08-04T23:20:39+0200
7b10c48a8e279b9f,vidar-attack,vidar@a8b3d07,vidar,a8b3d07,steward@a8b3d07,steward,a8b3d07,runestone,official,1,0,rating,a,a,1.0,core_destroyed,151,,71,1190,9,66,19,1220,13,55,ok,,4.174,bob-a,,2026-08-04T23:14:36+0200
7b3795a328ce6fce,vidar-attack,vidar@a8b3d07,vidar,a8b3d07,vidar_econwar@a8b3d07,vidar_econwar,a8b3d07,atoll,official,1,0,rating,a,a,1.0,titanium_collected,1000,,6503,7060,7,36,1689,2360,7,23,ok,,18.049,bob-a,,2026-08-04T23:27:35+0200
7bcec6ac4f1a74d3,vidar-attack,steward@a8b3d07,steward,a8b3d07,vidar@a8b3d07,vidar,a8b3d07,jackpot,official,1,0,rating,b,b,0.0,core_destroyed,137,,80,600,8,12,61,590,7,27,ok,,4.339,bob-a,,2026-08-04T23:14:35+0200
7c39405013b88e95,vidar-attack,odin@a8b3d07,odin,a8b3d07,vidar@a8b3d07,vidar,a8b3d07,vase,official,1,0,rating,a,a,1.0,titanium_stored,1000,,4704,2460,2,7,3976,2460,4,7,ok,,3.82,bob-a,,2026-08-04T23:13:09+0200
7cc275cf3570741a,vidar-attack,odin@a8b3d07,odin,a8b3d07,vidar_econwar@a8b3d07,vidar_econwar,a8b3d07,runestone,official,1,0,rating,b,b,0.0,titanium_collected,1000,,4511,7640,7,42,14842,17760,10,78,ok,,29.632,bob-a,,2026-08-04T23:16:12+0200
7d01065d99fec972,vidar-attack,prospect@a8b3d07,prospect,a8b3d07,vidar_econwar@a8b3d07,vidar_econwar,a8b3d07,vase,official,1,0,rating,a,a,1.0,core_destroyed,254,,20,600,9,7,118,130,1,7,ok,,11.928,bob-a,,2026-08-04T23:22:10+0200
7d287a4980503542,vidar-attack,vidar@a8b3d07,vidar,a8b3d07,ragnarok@a8b3d07,ragnarok,a8b3d07,sweden,official,1,0,rating,a,a,1.0,core_destroyed,151,,79,1160,11,30,45,120,5,14,ok,,4.604,bob-a,,2026-08-04T23:13:57+0200
7d5162b0d3746bc5,vidar-attack,odin@a8b3d07,odin,a8b3d07,vidar@a8b3d07,vidar,a8b3d07,atoll,official,1,0,rating,a,a,1.0,titanium_collected,1000,,8338,7340,7,45,5601,5010,7,36,ok,,7.8,bob-a,,2026-08-04T23:13:00+0200
7e03f5b3c53344fa,vidar-attack,steward@a8b3d07,steward,a8b3d07,vidar_econwar@a8b3d07,vidar_econwar,a8b3d07,duel,official,1,0,rating,b,b,0.0,core_destroyed,374,,48,1280,1,2,29,2160,18,24,ok,,16.434,bob-a,,2026-08-04T23:24:19+0200
7e12e4ac30ea40c9,vidar-attack,vidar_econwar@a8b3d07,vidar_econwar,a8b3d07,steward@a8b3d07,steward,a8b3d07,jackpot,official,1,0,rating,a,a,1.0,titanium_collected,1000,,2383,9530,18,36,27,1410,2,3,ok,,64.495,bob-a,,2026-08-04T23:25:13+0200
7e52efc8c7ddf320,vidar-attack,vidar@a8b3d07,vidar,a8b3d07,tyr@a8b3d07,tyr,a8b3d07,crossfire,official,1,0,rating,a,a,1.0,titanium_collected,1000,,10116,9820,6,45,6157,4860,3,11,ok,,5.136,bob-a,,2026-08-04T23:13:14+0200
7e8803b7cdb6a4d6,vidar-attack,odin@a8b3d07,odin,a8b3d07,vidar@a8b3d07,vidar,a8b3d07,quarry,official,1,0,rating,a,a,1.0,core_destroyed,111,,55,750,10,38,10,360,6,37,ok,,3.142,bob-a,,2026-08-04T23:13:00+0200
7ec1b042fd004ee5,vidar-attack,prospect@a8b3d07,prospect,a8b3d07,vidar@a8b3d07,vidar,a8b3d07,bridge,official,1,0,rating,a,a,1.0,titanium_collected,1000,,9211,7170,9,19,1805,0,5,8,ok,,6.033,bob-a,,2026-08-04T23:14:02+0200
7ecd464c4738b52c,vidar-attack,odin@a8b3d07,odin,a8b3d07,vidar_econwar@a8b3d07,vidar_econwar,a8b3d07,fjord,official,1,0,rating,b,b,0.0,titanium_collected,1000,,9164,8540,6,51,13336,14100,14,89,ok,,40.5,bob-a,,2026-08-04T23:16:01+0200
7ed0669d69ad521b,vidar-attack,vidar_econwar@a8b3d07,vidar_econwar,a8b3d07,vigil@a8b3d07,vigil,a8b3d07,string,official,1,0,rating,b,b,0.0,titanium_collected,1000,,1883,2490,9,11,3124,4990,2,15,ok,,15.907,bob-a,,2026-08-04T23:18:33+0200
7ff7bc3283095826,vidar-attack,vigil@a8b3d07,vigil,a8b3d07,vidar@a8b3d07,vidar,a8b3d07,skerry,official,1,0,rating,b,b,0.0,core_destroyed,227,,1524,1590,7,14,215,1690,9,52,ok,,3.633,bob-a,,2026-08-04T23:13:38+0200
8009df9bb20193ba,vidar-attack,vidar@a8b3d07,vidar,a8b3d07,prospect@a8b3d07,prospect,a8b3d07,vault,official,1,0,rating,b,b,0.0,core_destroyed,281,,38,840,6,33,19,1370,8,20,ok,,7.592,bob-a,,2026-08-04T23:14:15+0200
804659e5eb87c48f,vidar-attack,vidar@a8b3d07,vidar,a8b3d07,odin@a8b3d07,odin,a8b3d07,vault,official,1,0,rating,b,b,0.0,core_destroyed,237,,59,590,6,48,10,1080,7,39,ok,,3.432,bob-a,,2026-08-04T23:13:08+0200
8115621eeba8af3a,vidar-attack,vigil@a8b3d07,vigil,a8b3d07,vidar_econwar@a8b3d07,vidar_econwar,a8b3d07,longship,official,1,0,rating,b,b,0.0,titanium_collected,1000,,2751,1910,3,4,24221,26780,14,161,ok,,67.18,bob-a,,2026-08-04T23:18:55+0200
8169d2a29be01cec,vidar-attack,vigil@a8b3d07,vigil,a8b3d07,vidar@a8b3d07,vidar,a8b3d07,runestone,official,1,0,rating,b,b,0.0,core_destroyed,166,,38,380,8,12,18,390,8,13,ok,,3.689,bob-a,,2026-08-04T23:13:37+0200
82739ff64775c1c6,vidar-attack,vidar@a8b3d07,vidar,a8b3d07,vidar_econwar@a8b3d07,vidar_econwar,a8b3d07,vault,official,1,0,rating,a,a,1.0,core_destroyed,114,,46,270,4,28,27,540,9,45,ok,,4.307,bob-a,,2026-08-04T23:28:20+0200
838337bbf8d95398,vidar-attack,vidar@a8b3d07,vidar,a8b3d07,valkyrie@a8b3d07,valkyrie,a8b3d07,atoll,official,1,0,rating,a,a,1.0,core_destroyed,124,,74,610,8,34,681,560,7,13,ok,,3.454,bob-a,,2026-08-04T23:14:44+0200
83a24023ab6bfd73,vidar-attack,vidar_econwar@a8b3d07,vidar_econwar,a8b3d07,tyr@a8b3d07,tyr,a8b3d07,sprint,official,1,0,rating,a,a,1.0,core_destroyed,173,,9,0,7,1,10,0,5,0,ok,,4.532,bob-a,,2026-08-04T23:17:06+0200
83e850328d8afdac,vidar-attack,valkyrie@a8b3d07,valkyrie,a8b3d07,vidar_econwar@a8b3d07,vidar_econwar,a8b3d07,longship,official,1,0,rating,b,b,0.0,core_destroyed,511,,1442,5090,4,21,1246,7960,23,97,ok,,39.196,bob-a,,2026-08-04T23:26:50+0200
840ab90ebd7570c1,vidar-attack,steward@a8b3d07,steward,a8b3d07,vidar@a8b3d07,vidar,a8b3d07,pinch,official,1,0,rating,a,a,1.0,core_destroyed,539,,3,1400,6,17,8,1420,8,35,ok,,8.047,bob-a,,2026-08-04T23:14:39+0200
846d64d6a2ed17e4,vidar-attack,vidar_econwar@a8b3d07,vidar_econwar,a8b3d07,pantheon_replica_day3@a8b3d07,pantheon_replica_day3,a8b3d07,sweden,official,1,0,rating,b,b,0.0,titanium_collected,1000,,91,930,15,10,5038,4810,5,35,ok,,33.836,bob-a,,2026-08-04T23:23:45+0200
847361d1aedda570,vidar-attack,tyr@a8b3d07,tyr,a8b3d07,vidar_econwar@a8b3d07,vidar_econwar,a8b3d07,twins,official,1,0,rating,b,b,0.0,titanium_collected,1000,,10431,9380,6,54,12510,12170,6,58,ok,,33.671,bob-a,,2026-08-04T23:17:44+0200
849f311dcda96d27,vidar-attack,odin@a8b3d07,odin,a8b3d07,vidar@a8b3d07,vidar,a8b3d07,showdown,official,1,0,rating,a,a,1.0,core_destroyed,153,,9,0,7,2,10,0,3,7,ok,,2.061,bob-a,,2026-08-04T23:13:00+0200
8524b757bcfe87d6,vidar-attack,prospect@a8b3d07,prospect,a8b3d07,vidar@a8b3d07,vidar,a8b3d07,pinch,official,1,0,rating,a,a,1.0,core_destroyed,77,,10,310,5,10,12,130,8,13,ok,,2.454,bob-a,,2026-08-04T23:14:03+0200
852af1e0bca62bbd,vidar-attack,prospect@a8b3d07,prospect,a8b3d07,vidar@a8b3d07,vidar,a8b3d07,string,official,1,0,rating,a,a,1.0,core_destroyed,246,,60,1180,10,6,170,310,0,2,ok,,4.782,bob-a,,2026-08-04T23:14:11+0200
853c1c1b7db11e9f,vidar-attack,tyr@a8b3d07,tyr,a8b3d07,vidar_econwar@a8b3d07,vidar_econwar,a8b3d07,hive,official,1,0,rating,a,a,1.0,titanium_collected,1000,,14339,14290,5,97,11185,12680,8,106,ok,,24.487,bob-a,,2026-08-04T23:16:58+0200
85856bcfecade746,vidar-attack,tyr@a8b3d07,tyr,a8b3d07,vidar@a8b3d07,vidar,a8b3d07,duel,official,1,0,rating,b,b,0.0,titanium_collected,1000,,5901,4920,6,7,5587,4980,8,14,ok,,5.438,bob-a,,2026-08-04T23:13:14+0200
859651bcd904ead1,vidar-attack,vidar_econwar@a8b3d07,vidar_econwar,a8b3d07,odin@a8b3d07,odin,a8b3d07,strait,official,1,0,rating,b,b,0.0,core_destroyed,76,,28,400,10,40,40,510,7,43,ok,,5.249,bob-a,,2026-08-04T23:15:59+0200
85e50401bc64bd42,vidar-attack,vidar@a8b3d07,vidar,a8b3d07,valkyrie@a8b3d07,valkyrie,a8b3d07,fjord,official,1,0,rating,a,a,1.0,core_destroyed,195,,81,1780,10,44,14,930,5,6,ok,,4.139,bob-a,,2026-08-04T23:14:49+0200
8634daa280af7e84,vidar-attack,pantheon_replica_day3@a8b3d07,pantheon_replica_day3,a8b3d07,vidar_econwar@a8b3d07,vidar_econwar,a8b3d07,atoll,official,1,0,rating,b,b,0.0,titanium_collected,1000,,7047,5010,1,12,3518,5490,22,77,ok,,57.958,bob-a,,2026-08-04T23:23:07+0200
864528203cfba85d,vidar-attack,ragnarok@a8b3d07,ragnarok,a8b3d07,vidar@a8b3d07,vidar,a8b3d07,strait,official,1,0,rating,b,b,0.0,core_destroyed,178,,375,970,9,53,165,1390,9,54,ok,,3.851,bob-a,,2026-08-04T23:13:55+0200
868089066503f1bf,vidar-attack,vidar@a8b3d07,vidar,a8b3d07,vigil@a8b3d07,vigil,a8b3d07,jackpot,official,1,0,rating,a,a,1.0,core_destroyed,231,,206,1490,12,24,1882,1850,4,20,ok,,3.33,bob-a,,2026-08-04T23:13:34+0200
8695c61f9ffcb2c3,vidar-attack,vidar_econwar@a8b3d07,vidar_econwar,a8b3d07,ragnarok@a8b3d07,ragnarok,a8b3d07,hive,official,1,0,rating,a,a,1.0,titanium_collected,1000,,5901,13940,23,215,47,2620,3,9,ok,,78.361,bob-a,,2026-08-04T23:20:50+0200
873a0697a7e9a502,vidar-attack,vidar_econwar@a8b3d07,vidar_econwar,a8b3d07,prospect@a8b3d07,prospect,a8b3d07,vault,official,1,0,rating,a,a,1.0,core_destroyed,913,,10,3720,27,56,1590,2130,6,11,ok,,54.689,bob-a,,2026-08-04T23:22:53+0200
879636ff82ac3332,vidar-attack,vidar@a8b3d07,vidar,a8b3d07,ragnarok@a8b3d07,ragnarok,a8b3d07,showdown,official,1,0,rating,b,b,0.0,core_destroyed,65,,10,0,7,3,10,0,6,1,ok,,2.446,bob-a,,2026-08-04T23:13:52+0200
879c7e72afdf61d8,vidar-attack,odin@a8b3d07,odin,a8b3d07,vidar@a8b3d07,vidar,a8b3d07,pinch,official,1,0,rating,b,b,0.0,titanium_collected,1000,,3656,3620,8,15,7787,9570,10,49,ok,,8.811,bob-a,,2026-08-04T23:13:05+0200
88491b9d6d99e55c,vidar-attack,pantheon_replica_day3@a8b3d07,pantheon_replica_day3,a8b3d07,vidar@a8b3d07,vidar,a8b3d07,strait,official,1,0,rating,b,b,0.0,core_destroyed,132,,94,680,3,53,18,310,7,12,ok,,2.928,bob-a,,2026-08-04T23:14:24+0200
8998ab114333333c,vidar-attack,vidar@a8b3d07,vidar,a8b3d07,ragnarok@a8b3d07,ragnarok,a8b3d07,aurora,official,1,0,rating,a,a,1.0,core_destroyed,91,,21,640,8,44,265,470,9,38,ok,,2.912,bob-a,,2026-08-04T23:13:44+0200
899e84a63c37c516,vidar-attack,vidar@a8b3d07,vidar,a8b3d07,prospect@a8b3d07,prospect,a8b3d07,skerry,official,1,0,rating,a,a,1.0,core_destroyed,164,,278,1570,10,50,701,1110,7,10,ok,,3.434,bob-a,,2026-08-04T23:14:07+0200
89b4571cf7e51367,vidar-attack,vidar_econwar@a8b3d07,vidar_econwar,a8b3d07,steward@a8b3d07,steward,a8b3d07,skerry,official,1,0,rating,b,b,0.0,core_destroyed,137,,59,1150,12,60,71,1090,9,48,ok,,7.167,bob-a,,2026-08-04T23:25:01+0200
8a060497e3ddf293,vidar-attack,vidar@a8b3d07,vidar,a8b3d07,odin@a8b3d07,odin,a8b3d07,showdown,official,1,0,rating,a,a,1.0,core_destroyed,109,,10,0,4,4,10,0,5,0,ok,,1.868,bob-a,,2026-08-04T23:13:00+0200
8a09de19f1d08b11,vidar-attack,steward@a8b3d07,steward,a8b3d07,vidar_econwar@a8b3d07,vidar_econwar,a8b3d07,runestone,official,1,0,rating,a,a,1.0,core_destroyed,154,,48,1180,12,40,46,1050,7,91,ok,,8.328,bob-a,,2026-08-04T23:24:54+0200
8a14abb891f404c8,vidar-attack,vigil@a8b3d07,vigil,a8b3d07,vidar@a8b3d07,vidar,a8b3d07,bridge,official,1,0,rating,b,b,0.0,core_destroyed,356,,520,520,9,3,20,840,12,9,ok,,4.713,bob-a,,2026-08-04T23:13:32+0200
8a28c9e849eb277c,vidar-attack,prospect@a8b3d07,prospect,a8b3d07,vidar@a8b3d07,vidar,a8b3d07,strait,official,1,0,rating,a,a,1.0,core_destroyed,73,,9,160,9,11,60,470,7,38,ok,,2.292,bob-a,,2026-08-04T23:14:08+0200
8a6bfb53d3bcd2e3,vidar-attack,odin@a8b3d07,odin,a8b3d07,vidar@a8b3d07,vidar,a8b3d07,bridge,official,1,0,rating,b,b,0.0,titanium_collected,1000,,9045,7270,4,16,10173,9550,7,20,ok,,6.09,bob-a,,2026-08-04T23:12:58+0200
8a82813d1a14cd14,vidar-attack,ragnarok@a8b3d07,ragnarok,a8b3d07,vidar_econwar@a8b3d07,vidar_econwar,a8b3d07,showdown,official,1,0,rating,a,a,1.0,core_destroyed,70,,8,0,4,1,10,0,6,1,ok,,6.348,bob-a,,2026-08-04T23:20:20+0200
8b20e911ebd5bd4a,vidar-attack,vidar_econwar@a8b3d07,vidar_econwar,a8b3d07,pantheon_replica_day3@a8b3d07,pantheon_replica_day3,a8b3d07,sprint,official,1,0,rating,a,a,1.0,core_destroyed,253,,10,0,6,2,308,230,6,20,ok,,14.163,bob-a,,2026-08-04T23:23:15+0200
8bc9c1ea1f2f9f56,vidar-attack,vidar_econwar@a8b3d07,vidar_econwar,a8b3d07,tyr@a8b3d07,tyr,a8b3d07,aurora,official,1,0,rating,a,a,1.0,titanium_collected,1000,,14940,16390,11,75,4567,4190,6,24,ok,,14.802,bob-a,,2026-08-04T23:16:30+0200
8c8e42c1f670a0ec,vidar-attack,vidar@a8b3d07,vidar,a8b3d07,pantheon_replica_day3@a8b3d07,pantheon_replica_day3,a8b3d07,vault,official,1,0,rating,b,b,0.0,titanium_collected,1000,,1411,2470,11,47,6343,6880,4,11,ok,,17.443,bob-a,,2026-08-04T23:14:41+0200
8c95b7465211bacb,vidar-attack,tyr@a8b3d07,tyr,a8b3d07,vidar@a8b3d07,vidar,a8b3d07,strait,official,1,0,rating,b,b,0.0,core_destroyed,219,,37,470,12,22,219,2300,13,69,ok,,5.886,bob-a,,2026-08-04T23:13:26+0200
8d3a57e54b7d9294,vidar-attack,valkyrie@a8b3d07,valkyrie,a8b3d07,vidar_econwar@a8b3d07,vidar_econwar,a8b3d07,sweden,official,1,0,rating,a,a,1.0,titanium_collected,1000,,11336,10660,5,55,854,0,9,14,ok,,25.656,bob-a,,2026-08-04T23:27:20+0200
8d4d5354932e0d61,vidar-attack,vidar@a8b3d07,vidar,a8b3d07,tyr@a8b3d07,tyr,a8b3d07,strait,official,1,0,rating,b,b,0.0,core_destroyed,115,,23,570,9,29,207,880,6,48,ok,,2.949,bob-a,,2026-08-04T23:13:22+0200
8ed7d54876a05204,vidar-attack,tyr@a8b3d07,tyr,a8b3d07,vidar_econwar@a8b3d07,vidar_econwar,a8b3d07,vase,official,1,0,rating,a,a,1.0,titanium_stored,1000,,4786,2460,1,7,3981,2460,4,9,ok,,10.518,bob-a,,2026-08-04T23:17:26+0200
8fa53bf3f0b8e2ad,vidar-attack,vidar@a8b3d07,vidar,a8b3d07,tyr@a8b3d07,tyr,a8b3d07,duel,official,1,0,rating,b,b,0.0,core_destroyed,126,,30,560,7,16,66,580,6,20,ok,,2.736,bob-a,,2026-08-04T23:13:11+0200
8fe41fe3b812c5d9,vidar-attack,vidar_econwar@a8b3d07,vidar_econwar,a8b3d07,tyr@a8b3d07,tyr,a8b3d07,vase,official,1,0,rating,a,a,1.0,titanium_collected,1000,,3098,2460,10,13,1825,140,0,10,ok,,26.476,bob-a,,2026-08-04T23:17:37+0200
8ffae3454d70a6e0,vidar-attack,vidar@a8b3d07,vidar,a8b3d07,valkyrie@a8b3d07,valkyrie,a8b3d07,showdown,official,1,0,rating,b,b,0.0,core_destroyed,65,,10,0,7,3,10,0,6,1,ok,,5.375,bob-a,,2026-08-04T23:14:56+0200
906bef796394a81f,vidar-attack,vidar_econwar@a8b3d07,vidar_econwar,a8b3d07,odin@a8b3d07,odin,a8b3d07,aurora,official,1,0,rating,b,b,0.0,core_destroyed,81,,7,530,9,45,8,460,8,39,ok,,4.764,bob-a,,2026-08-04T23:15:13+0200
91017afd3e3ae4b0,vidar-attack,pantheon_replica_day3@a8b3d07,pantheon_replica_day3,a8b3d07,vidar_econwar@a8b3d07,vidar_econwar,a8b3d07,duel,official,1,0,rating,a,a,1.0,core_destroyed,134,,38,630,2,42,37,660,10,14,ok,,7.849,bob-a,,2026-08-04T23:22:29+0200
9132e536cbf35786,vidar-attack,vidar@a8b3d07,vidar,a8b3d07,odin@a8b3d07,odin,a8b3d07,twins,official,1,0,rating,a,a,1.0,core_destroyed,170,,32,1230,7,73,997,1260,9,18,ok,,3.813,bob-a,,2026-08-04T23:13:06+0200
9147a1dc92c8c44f,vidar-attack,vidar_econwar@a8b3d07,vidar_econwar,a8b3d07,valkyrie@a8b3d07,valkyrie,a8b3d07,twins,official,1,0,rating,a,a,1.0,core_destroyed,386,,62,5980,28,90,85,2300,4,35,ok,,24.658,bob-a,,2026-08-04T23:27:27+0200
915584ed5278643e,vidar-attack,tyr@a8b3d07,tyr,a8b3d07,vidar_econwar@a8b3d07,vidar_econwar,a8b3d07,skerry,official,1,0,rating,a,a,1.0,core_destroyed,69,,1,520,8,37,10,320,8,40,ok,,5.673,bob-a,,2026-08-04T23:17:05+0200
917167ef3863d535,vidar-attack,vidar@a8b3d07,vidar,a8b3d07,ragnarok@a8b3d07,ragnarok,a8b3d07,crossfire,official,1,0,rating,a,a,1.0,core_destroyed,128,,72,910,10,29,20,580,6,19,ok,,2.74,bob-a,,2026-08-04T23:13:46+0200
919545eca161c508,vidar-attack,vidar@a8b3d07,vidar,a8b3d07,pantheon_replica_day3@a8b3d07,pantheon_replica_day3,a8b3d07,runestone,official,1,0,rating,b,b,0.0,core_destroyed,281,,39,670,8,24,10,0,7,7,ok,,5.338,bob-a,,2026-08-04T23:14:23+0200
919ca4f0cf29c6dc,vidar-attack,tyr@a8b3d07,tyr,a8b3d07,vidar_econwar@a8b3d07,vidar_econwar,a8b3d07,runestone,official,1,0,rating,b,b,0.0,titanium_collected,1000,,8271,6750,1,30,21154,22550,8,101,ok,,20.955,bob-a,,2026-08-04T23:17:15+0200
91e2f1ecbf18d180,vidar-attack,vidar_econwar@a8b3d07,vidar_econwar,a8b3d07,odin@a8b3d07,odin,a8b3d07,quarry,official,1,0,rating,b,b,0.0,titanium_collected,1000,,15341,15240,9,74,17621,20090,3,132,ok,,101.224,bob-a,,2026-08-04T23:17:16+0200
91fece7a5c55efec,vidar-attack,vidar@a8b3d07,vidar,a8b3d07,vigil@a8b3d07,vigil,a8b3d07,quarry,official,1,0,rating,b,b,0.0,core_destroyed,139,,2,310,10,16,313,790,8,17,ok,,2.828,bob-a,,2026-08-04T23:13:36+0200
936e4665ce8d6280,vidar-attack,steward@a8b3d07,steward,a8b3d07,vidar@a8b3d07,vidar,a8b3d07,vase,official,1,0,rating,a,a,1.0,core_destroyed,567,,37,1380,4,11,384,1360,4,23,ok,,8.96,bob-a,,2026-08-04T23:14:48+0200
938b00c301ceca62,vidar-attack,vidar@a8b3d07,vidar,a8b3d07,vigil@a8b3d07,vigil,a8b3d07,string,official,1,0,rating,a,a,1.0,titanium_collected,1000,,5010,7320,8,17,10,3060,4,10,ok,,15.582,bob-a,,2026-08-04T23:13:53+0200
94078e437e2e2ef3,vidar-attack,vidar@a8b3d07,vidar,a8b3d07,pantheon_replica_day3@a8b3d07,pantheon_replica_day3,a8b3d07,bridge,official,1,0,rating,a,a,1.0,titanium_collected,1000,,8149,7050,5,17,2303,0,3,11,ok,,12.583,bob-a,,2026-08-04T23:14:23+0200
95a8f0aa49e5b4b4,vidar-attack,vidar_econwar@a8b3d07,vidar_econwar,a8b3d07,prospect@a8b3d07,prospect,a8b3d07,string,official,1,0,rating,b,b,0.0,core_destroyed,425,,60,550,0,1,30,2090,7,15,ok,,13.191,bob-a,,2026-08-04T23:22:04+0200
96844ad233a17c66,vidar-attack,steward@a8b3d07,steward,a8b3d07,vidar_econwar@a8b3d07,vidar_econwar,a8b3d07,sprint,official,1,0,rating,a,a,1.0,core_destroyed,81,,10,0,6,1,10,0,7,2,ok,,6.665,bob-a,,2026-08-04T23:25:06+0200
96e99b1800f72fbd,vidar-attack,vidar_econwar@a8b3d07,vidar_econwar,a8b3d07,steward@a8b3d07,steward,a8b3d07,sweden,official,1,0,rating,a,a,1.0,titanium_collected,1000,,10425,12030,5,54,110,2460,6,16,ok,,42.441,bob-a,,2026-08-04T23:25:48+0200
972c1fcde41d119f,vidar-attack,ragnarok@a8b3d07,ragnarok,a8b3d07,vidar@a8b3d07,vidar,a8b3d07,string,official,1,0,rating,a,a,1.0,core_destroyed,401,,414,430,6,5,2657,3720,6,15,ok,,4.712,bob-a,,2026-08-04T23:13:57+0200
9742ffa0be2eacd5,vidar-attack,vidar@a8b3d07,vidar,a8b3d07,ragnarok@a8b3d07,ragnarok,a8b3d07,jackpot,official,1,0,rating,b,b,0.0,core_destroyed,474,,202,1100,5,16,35,2150,13,9,ok,,6.747,bob-a,,2026-08-04T23:13:53+0200
975eb1211c7705f2,vidar-attack,vidar_econwar@a8b3d07,vidar_econwar,a8b3d07,odin@a8b3d07,odin,a8b3d07,skerry,official,1,0,rating,a,a,1.0,titanium_collected,1000,,15430,17210,11,62,2807,8280,7,30,ok,,20.809,bob-a,,2026-08-04T23:16:08+0200
97a592c5e26d40e5,vidar-attack,vigil@a8b3d07,vigil,a8b3d07,vidar_econwar@a8b3d07,vidar_econwar,a8b3d07,hive,official,1,0,rating,b,b,0.0,titanium_collected,1000,,3430,1850,7,5,15284,16040,15,97,ok,,55.643,bob-a,,2026-08-04T23:18:37+0200
985d6f9d32b44298,vidar-attack,vidar_econwar@a8b3d07,vidar_econwar,a8b3d07,tyr@a8b3d07,tyr,a8b3d07,runestone,official,1,0,rating,b,b,0.0,core_destroyed,111,,106,710,8,55,80,790,5,61,ok,,3.029,bob-a,,2026-08-04T23:16:56+0200
98b1a31c68ee3bdb,vidar-attack,vigil@a8b3d07,vigil,a8b3d07,vidar@a8b3d07,vidar,a8b3d07,fjord,official,1,0,rating,b,b,0.0,titanium_collected,1000,,2252,2350,8,32,14222,15690,13,61,ok,,12.884,bob-a,,2026-08-04T23:13:43+0200
98f35714b49a109c,vidar-attack,odin@a8b3d07,odin,a8b3d07,vidar_econwar@a8b3d07,vidar_econwar,a8b3d07,vault,official,1,0,rating,a,a,1.0,core_destroyed,233,,62,570,4,10,0,470,9,61,ok,,7.611,bob-a,,2026-08-04T23:16:17+0200
995e0f3bd4eec5ac,vidar-attack,steward@a8b3d07,steward,a8b3d07,vidar@a8b3d07,vidar,a8b3d07,atoll,official,1,0,rating,b,b,0.0,core_destroyed,104,,19,450,8,26,28,580,9,18,ok,,3.329,bob-a,,2026-08-04T23:14:27+0200
99938d5c398826f0,vidar-attack,vidar_econwar@a8b3d07,vidar_econwar,a8b3d07,vigil@a8b3d07,vigil,a8b3d07,atoll,official,1,0,rating,a,a,1.0,core_destroyed,427,,39,4810,33,42,803,1270,4,2,ok,,26.835,bob-a,,2026-08-04T23:17:44+0200
9a2b865ddf291247,vidar-attack,vidar@a8b3d07,vidar,a8b3d07,tyr@a8b3d07,tyr,a8b3d07,sprint,official,1,0,rating,a,a,1.0,core_destroyed,173,,9,0,7,1,10,0,5,0,ok,,1.99,bob-a,,2026-08-04T23:13:20+0200
9a5e52d900531d76,vidar-attack,vidar_econwar@a8b3d07,vidar_econwar,a8b3d07,valkyrie@a8b3d07,valkyrie,a8b3d07,hive,official,1,0,rating,a,a,1.0,titanium_collected,1000,,5901,13940,23,215,47,2620,3,9,ok,,70.165,bob-a,,2026-08-04T23:27:05+0200
9a6694691cfe8cd7,vidar-attack,vidar_econwar@a8b3d07,vidar_econwar,a8b3d07,tyr@a8b3d07,tyr,a8b3d07,jackpot,official,1,0,rating,a,a,1.0,titanium_collected,1000,,5890,8430,17,35,1642,1280,1,5,ok,,60.088,bob-a,,2026-08-04T23:17:37+0200
9adf79434894da69,vidar-attack,steward@a8b3d07,steward,a8b3d07,vidar_econwar@a8b3d07,vidar_econwar,a8b3d07,vase,official,1,0,rating,a,a,1.0,core_destroyed,313,,10,660,4,7,24,560,8,20,ok,,12.479,bob-a,,2026-08-04T23:25:35+0200
9b417ef79b640b90,vidar-attack,vidar@a8b3d07,vidar,a8b3d07,steward@a8b3d07,steward,a8b3d07,string,official,1,0,rating,b,b,0.0,titanium_collected,1000,,3083,7280,4,13,35,7380,2,14,ok,,47.682,bob-a,,2026-08-04T23:15:24+0200
9bc5d63104762a75,vidar-attack,vidar_econwar@a8b3d07,vidar_econwar,a8b3d07,ragnarok@a8b3d07,ragnarok,a8b3d07,longship,official,1,0,rating,b,b,0.0,core_destroyed,572,,4481,7880,21,118,4351,5580,7,79,ok,,43.95,bob-a,,2026-08-04T23:20:36+0200
9bcbe286f39edaab,vidar-attack,vidar_econwar@a8b3d07,vidar_econwar,a8b3d07,odin@a8b3d07,odin,a8b3d07,runestone,official,1,0,rating,b,b,0.0,core_destroyed,82,,41,330,6,38,20,180,8,26,ok,,6.26,bob-a,,2026-08-04T23:15:45+0200
9bd89b6e84d75501,vidar-attack,valkyrie@a8b3d07,valkyrie,a8b3d07,vidar@a8b3d07,vidar,a8b3d07,jackpot,official,1,0,rating,b,b,0.0,core_destroyed,156,,788,700,4,12,74,810,9,32,ok,,3.855,bob-a,,2026-08-04T23:14:51+0200
9be8a9bd1476ac43,vidar-attack,prospect@a8b3d07,prospect,a8b3d07,vidar@a8b3d07,vidar,a8b3d07,aurora,official,1,0,rating,b,b,0.0,core_destroyed,267,,887,1020,6,12,68,760,12,26,ok,,5.47,bob-a,,2026-08-04T23:14:01+0200
9cc1371a5a95bf10,vidar-attack,valkyrie@a8b3d07,valkyrie,a8b3d07,vidar@a8b3d07,vidar,a8b3d07,duel,official,1,0,rating,a,a,1.0,core_destroyed,69,,9,300,8,10,19,190,4,8,ok,,2.392,bob-a,,2026-08-04T23:14:47+0200
9d6547211865960c,vidar-attack,vidar@a8b3d07,vidar,a8b3d07,tyr@a8b3d07,tyr,a8b3d07,hive,official,1,0,rating,b,b,0.0,core_destroyed,157,,22,1000,10,59,19,750,8,59,ok,,3.163,bob-a,,2026-08-04T23:13:15+0200
9dcc708f44a5e9cf,vidar-attack,vigil@a8b3d07,vigil,a8b3d07,vidar_econwar@a8b3d07,vidar_econwar,a8b3d07,pinch,official,1,0,rating,b,b,0.0,core_destroyed,419,,1788,1450,3,2,96,2110,19,45,ok,,20.604,bob-a,,2026-08-04T23:18:16+0200
9e22be87221c4836,vidar-attack,vigil@a8b3d07,vigil,a8b3d07,vidar_econwar@a8b3d07,vidar_econwar,a8b3d07,string,official,1,0,rating,a,a,1.0,titanium_collected,1000,,9400,7330,4,14,3961,2490,3,12,ok,,16.67,bob-a,,2026-08-04T23:18:35+0200
9e9374802ff6a29a,vidar-attack,vidar@a8b3d07,vidar,a8b3d07,tyr@a8b3d07,tyr,a8b3d07,vault,official,1,0,rating,b,b,0.0,titanium_collected,1000,,372,2490,13,80,2711,3970,6,76,ok,,9.819,bob-a,,2026-08-04T23:13:34+0200
9eed2e6fc4f0cbf3,vidar-attack,vidar_econwar@a8b3d07,vidar_econwar,a8b3d07,pantheon_replica_day3@a8b3d07,pantheon_replica_day3,a8b3d07,bridge,official,1,0,rating,b,b,0.0,titanium_collected,1000,,60,0,10,10,6260,5540,5,16,ok,,30.196,bob-a,,2026-08-04T23:22:42+0200
9f7eab3926780432,vidar-attack,vidar_econwar@a8b3d07,vidar_econwar,a8b3d07,prospect@a8b3d07,prospect,a8b3d07,sweden,official,1,0,rating,b,b,0.0,core_destroyed,534,,0,1900,3,13,1738,4630,14,20,ok,,38.42,bob-a,,2026-08-04T23:22:30+0200
9fae5cd355365750,vidar-attack,valkyrie@a8b3d07,valkyrie,a8b3d07,vidar@a8b3d07,vidar,a8b3d07,twins,official,1,0,rating,b,b,0.0,core_destroyed,189,,1178,1630,5,72,30,1600,8,76,ok,,7.259,bob-a,,2026-08-04T23:15:09+0200
a01528ca352e469d,vidar-attack,vidar_econwar@a8b3d07,vidar_econwar,a8b3d07,ragnarok@a8b3d07,ragnarok,a8b3d07,runestone,official,1,0,rating,a,a,1.0,titanium_collected,1000,,16244,19310,20,86,2575,5480,8,148,ok,,94.503,bob-a,,2026-08-04T23:21:40+0200
a150ca7ab59a251d,vidar-attack,valkyrie@a8b3d07,valkyrie,a8b3d07,vidar@a8b3d07,vidar,a8b3d07,pinch,official,1,0,rating,b,b,0.0,core_destroyed,153,,512,400,6,8,263,1660,10,59,ok,,4.863,bob-a,,2026-08-04T23:14:53+0200
a1f3b3e126db39d3,vidar-attack,vigil@a8b3d07,vigil,a8b3d07,vidar_econwar@a8b3d07,vidar_econwar,a8b3d07,aurora,official,1,0,rating,a,a,1.0,core_destroyed,104,,57,650,10,27,110,820,9,58,ok,,6.83,bob-a,,2026-08-04T23:17:32+0200
a234fe9a1277f402,vidar-attack,tyr@a8b3d07,tyr,a8b3d07,vidar@a8b3d07,vidar,a8b3d07,vault,official,1,0,rating,b,b,0.0,titanium_collected,1000,,2763,2490,6,69,11370,11480,9,70,ok,,13.104,bob-a,,2026-08-04T23:13:37+0200
a24b6cc16da15965,vidar-attack,vidar_econwar@a8b3d07,vidar_econwar,a8b3d07,tyr@a8b3d07,tyr,a8b3d07,crossfire,official,1,0,rating,a,a,1.0,core_destroyed,358,,32,1760,15,18,930,1190,6,4,ok,,15.514,bob-a,,2026-08-04T23:16:36+0200
a26f79eab1a603e0,vidar-attack,vidar_econwar@a8b3d07,vidar_econwar,a8b3d07,ragnarok@a8b3d07,ragnarok,a8b3d07,sweden,official,1,0,rating,a,a,1.0,titanium_collected,1000,,12720,12060,5,54,4762,2460,4,15,ok,,17.707,bob-a,,2026-08-04T23:20:59+0200
a2b3110383ee9fa4,vidar-attack,vidar@a8b3d07,vidar,a8b3d07,tyr@a8b3d07,tyr,a8b3d07,pinch,official,1,0,rating,a,a,1.0,core_destroyed,418,,702,3480,10,24,1493,2680,4,23,ok,,5.894,bob-a,,2026-08-04T23:13:20+0200
a2b3955e24278a79,vidar-attack,valkyrie@a8b3d07,valkyrie,a8b3d07,vidar_econwar@a8b3d07,vidar_econwar,a8b3d07,duel,official,1,0,rating,b,b,0.0,core_destroyed,371,,1,1540,1,2,55,2390,17,23,ok,,27.111,bob-a,,2026-08-04T23:26:14+0200
a3b666537a638519,vidar-attack,vidar@a8b3d07,vidar,a8b3d07,ragnarok@a8b3d07,ragnarok,a8b3d07,quarry,official,1,0,rating,b,b,0.0,core_destroyed,139,,2,310,10,16,2,300,6,16,ok,,2.348,bob-a,,2026-08-04T23:13:50+0200
a421181ed5142cc3,vidar-attack,vidar_econwar@a8b3d07,vidar_econwar,a8b3d07,vigil@a8b3d07,vigil,a8b3d07,longship,official,1,0,rating,a,a,1.0,titanium_collected,1000,,15085,16220,18,122,3269,1810,8,17,ok,,182.496,bob-a,,2026-08-04T23:20:47+0200
a428765b2e39f6fa,vidar-attack,prospect@a8b3d07,prospect,a8b3d07,vidar_econwar@a8b3d07,vidar_econwar,a8b3d07,pinch,official,1,0,rating,a,a,1.0,core_destroyed,67,,21,340,5,27,74,440,8,33,ok,,4.234,bob-a,,2026-08-04T23:21:36+0200
a4c4f597b8b72645,vidar-attack,vidar_econwar@a8b3d07,vidar_econwar,a8b3d07,valkyrie@a8b3d07,valkyrie,a8b3d07,pinch,official,1,0,rating,a,a,1.0,core_destroyed,294,,122,2060,14,60,2098,2450,5,28,ok,,11.492,bob-a,,2026-08-04T23:26:24+0200
a5311336e67577f0,vidar-attack,pantheon_replica_day3@a8b3d07,pantheon_replica_day3,a8b3d07,vidar_econwar@a8b3d07,vidar_econwar,a8b3d07,aurora,official,1,0,rating,b,b,0.0,titanium_collected,1000,,8891,7480,1,37,14286,16110,18,80,ok,,98.294,bob-a,,2026-08-04T23:23:49+0200
a61fdec94f3e31b5,vidar-attack,pantheon_replica_day3@a8b3d07,pantheon_replica_day3,a8b3d07,vidar_econwar@a8b3d07,vidar_econwar,a8b3d07,jackpot,official,1,0,rating,b,b,0.0,titanium_collected,1000,,58,4620,12,14,2852,6410,6,26,ok,,41.185,bob-a,,2026-08-04T23:23:11+0200
a6222f75612dd5d8,vidar-attack,vidar_econwar@a8b3d07,vidar_econwar,a8b3d07,pantheon_replica_day3@a8b3d07,pantheon_replica_day3,a8b3d07,fjord,official,1,0,rating,b,b,0.0,titanium_collected,1000,,8373,7600,17,53,16869,15070,1,91,ok,,51.458,bob-a,,2026-08-04T23:23:13+0200
a66042d70abadd01,vidar-attack,vidar_econwar@a8b3d07,vidar_econwar,a8b3d07,vigil@a8b3d07,vigil,a8b3d07,twins,official,1,0,rating,a,a,1.0,core_destroyed,366,,2488,5830,21,86,771,1190,5,1,ok,,30.039,bob-a,,2026-08-04T23:19:03+0200
a70660be968e47ad,vidar-attack,vidar@a8b3d07,vidar,a8b3d07,valkyrie@a8b3d07,valkyrie,a8b3d07,strait,official,1,0,rating,b,b,0.0,core_destroyed,123,,33,400,9,30,10,700,11,37,ok,,7.111,bob-a,,2026-08-04T23:15:02+0200
a75e2417438cad29,vidar-attack,vidar_econwar@a8b3d07,vidar_econwar,a8b3d07,odin@a8b3d07,odin,a8b3d07,duel,official,1,0,rating,b,b,0.0,core_destroyed,111,,61,800,9,28,10,380,1,8,ok,,9.715,bob-a,,2026-08-04T23:15:24+0200
a7c18427be0d933f,vidar-attack,ragnarok@a8b3d07,ragnarok,a8b3d07,vidar@a8b3d07,vidar,a8b3d07,aurora,official,1,0,rating,b,b,0.0,core_destroyed,134,,59,900,8,46,45,680,7,32,ok,,2.846,bob-a,,2026-08-04T23:13:44+0200
a81d7ff53f4112cb,vidar-attack,vidar@a8b3d07,vidar,a8b3d07,prospect@a8b3d07,prospect,a8b3d07,bridge,official,1,0,rating,b,b,0.0,titanium_collected,1000,,2491,2430,3,18,6758,7260,10,18,ok,,11.444,bob-a,,2026-08-04T23:14:07+0200
a871458a926dd831,vidar-attack,vidar@a8b3d07,vidar,a8b3d07,odin@a8b3d07,odin,a8b3d07,aurora,official,1,0,rating,a,a,1.0,titanium_collected,1000,,15794,16230,3,75,11323,11980,9,72,ok,,6.83,bob-a,,2026-08-04T23:12:59+0200
a8d9cb023fe1d7f2,vidar-attack,vidar_econwar@a8b3d07,vidar_econwar,a8b3d07,tyr@a8b3d07,tyr,a8b3d07,sweden,official,1,0,rating,a,a,1.0,titanium_collected,1000,,8674,9670,10,35,1898,210,1,10,ok,,53.565,bob-a,,2026-08-04T23:18:00+0200
a9216dcd95cf1317,vidar-attack,vidar@a8b3d07,vidar,a8b3d07,pantheon_replica_day3@a8b3d07,pantheon_replica_day3,a8b3d07,skerry,official,1,0,rating,a,a,1.0,core_destroyed,138,,47,740,11,19,816,1250,1,56,ok,,4.603,bob-a,,2026-08-04T23:14:24+0200
a95223400e95fa72,vidar-attack,vigil@a8b3d07,vigil,a8b3d07,vidar@a8b3d07,vidar,a8b3d07,quarry,official,1,0,rating,b,b,0.0,core_destroyed,140,,360,580,7,14,30,870,10,41,ok,,3.918,bob-a,,2026-08-04T23:13:37+0200
a9d02c7b72936582,vidar-attack,vidar@a8b3d07,vidar,a8b3d07,prospect@a8b3d07,prospect,a8b3d07,jackpot,official,1,0,rating,b,b,0.0,core_destroyed,348,,322,2560,10,22,38,1660,6,26,ok,,7.724,bob-a,,2026-08-04T23:14:07+0200
aabfe3411142035d,vidar-attack,tyr@a8b3d07,tyr,a8b3d07,vidar@a8b3d07,vidar,a8b3d07,skerry,official,1,0,rating,a,a,1.0,core_destroyed,186,,706,2090,6,93,162,1360,14,44,ok,,3.184,bob-a,,2026-08-04T23:13:21+0200
aae4c5afbb6abeff,vidar-attack,vidar_econwar@a8b3d07,vidar_econwar,a8b3d07,pantheon_replica_day3@a8b3d07,pantheon_replica_day3,a8b3d07,longship,official,1,0,rating,a,a,1.0,titanium_collected,1000,,11903,15910,16,107,1400,3560,2,24,ok,,107.576,bob-a,,2026-08-04T23:24:18+0200
aaf45627657c11bd,vidar-attack,vidar@a8b3d07,vidar,a8b3d07,ragnarok@a8b3d07,ragnarok,a8b3d07,fjord,official,1,0,rating,a,a,1.0,core_destroyed,195,,81,1780,10,44,14,930,5,6,ok,,2.814,bob-a,,2026-08-04T23:13:47+0200
ab0bac147f8bd025,vidar-attack,tyr@a8b3d07,tyr,a8b3d07,vidar_econwar@a8b3d07,vidar_econwar,a8b3d07,atoll,official,1,0,rating,b,b,0.0,core_destroyed,460,,311,2040,4,30,3409,5090,8,63,ok,,15.351,bob-a,,2026-08-04T23:16:28+0200
ab43da8a096da6b4,vidar-attack,pantheon_replica_day3@a8b3d07,pantheon_replica_day3,a8b3d07,vidar_econwar@a8b3d07,vidar_econwar,a8b3d07,quarry,official,1,0,rating,a,a,1.0,core_destroyed,81,,134,650,5,43,95,440,7,57,ok,,4.439,bob-a,,2026-08-04T23:22:52+0200
ab5791393a80e4ca,vidar-attack,vidar@a8b3d07,vidar,a8b3d07,steward@a8b3d07,steward,a8b3d07,strait,official,1,0,rating,b,b,0.0,core_destroyed,123,,33,400,9,30,10,700,11,37,ok,,3.478,bob-a,,2026-08-04T23:14:39+0200
ab625e2adde5ebbf,vidar-attack,odin@a8b3d07,odin,a8b3d07,vidar_econwar@a8b3d07,vidar_econwar,a8b3d07,quarry,official,1,0,rating,b,b,0.0,titanium_collected,1000,,9542,12020,3,138,16642,21000,8,88,ok,,34.937,bob-a,,2026-08-04T23:16:13+0200
ab63745899b09d7b,vidar-attack,vidar@a8b3d07,vidar,a8b3d07,tyr@a8b3d07,tyr,a8b3d07,jackpot,official,1,0,rating,a,a,1.0,titanium_collected,1000,,6926,7260,10,30,6668,5780,4,24,ok,,7.622,bob-a,,2026-08-04T23:13:19+0200
aba7654cbdcfc02c,vidar-attack,vidar_econwar@a8b3d07,vidar_econwar,a8b3d07,odin@a8b3d07,odin,a8b3d07,pinch,official,1,0,rating,a,a,1.0,titanium_collected,1000,,12229,12060,6,50,10361,9570,3,33,ok,,11.598,bob-a,,2026-08-04T23:15:42+0200
abde4de7e9849c04,vidar-attack,vidar@a8b3d07,vidar,a8b3d07,prospect@a8b3d07,prospect,a8b3d07,pinch,official,1,0,rating,b,b,0.0,core_destroyed,110,,10,450,8,21,89,840,8,16,ok,,2.894,bob-a,,2026-08-04T23:14:04+0200
abe3b653b9068dc5,vidar-attack,vidar@a8b3d07,vidar,a8b3d07,tyr@a8b3d07,tyr,a8b3d07,string,official,1,0,rating,a,a,1.0,titanium_collected,1000,,5443,4910,5,15,4245,2710,2,10,ok,,4.348,bob-a,,2026-08-04T23:13:24+0200
ac035c5215c5c658,vidar-attack,vidar_econwar@a8b3d07,vidar_econwar,a8b3d07,prospect@a8b3d07,prospect,a8b3d07,quarry,official,1,0,rating,b,b,0.0,core_destroyed,76,,40,450,10,43,216,490,7,27,ok,,6.455,bob-a,,2026-08-04T23:21:43+0200
ac214a4c0d1a32e7,vidar-attack,vidar@a8b3d07,vidar,a8b3d07,steward@a8b3d07,steward,a8b3d07,longship,official,1,0,rating,a,a,1.0,core_destroyed,174,,0,640,10,13,60,1010,7,37,ok,,4.332,bob-a,,2026-08-04T23:14:35+0200
ad0fed8ec3e9755a,vidar-attack,vidar_econwar@a8b3d07,vidar_econwar,a8b3d07,steward@a8b3d07,steward,a8b3d07,bridge,official,1,0,rating,b,b,0.0,core_destroyed,193,,24,0,4,8,20,1350,13,26,ok,,11.483,bob-a,,2026-08-04T23:24:01+0200
addbcf25485305b5,vidar-attack,steward@a8b3d07,steward,a8b3d07,vidar@a8b3d07,vidar,a8b3d07,longship,official,1,0,rating,b,b,0.0,core_destroyed,153,,102,1400,8,50,75,1030,9,36,ok,,4.975,bob-a,,2026-08-04T23:14:36+0200
af3562cb6c76fb6d,vidar-attack,vigil@a8b3d07,vigil,a8b3d07,vidar_econwar@a8b3d07,vidar_econwar,a8b3d07,duel,official,1,0,rating,a,a,1.0,core_destroyed,441,,284,1100,7,1,0,3240,25,40,ok,,31.514,bob-a,,2026-08-04T23:18:09+0200
af4b710939751373,vidar-attack,prospect@a8b3d07,prospect,a8b3d07,vidar@a8b3d07,vidar,a8b3d07,sprint,official,1,0,rating,a,a,1.0,core_destroyed,65,,10,50,5,5,10,0,5,3,ok,,1.848,bob-a,,2026-08-04T23:14:06+0200
afa7e52372e2d87e,vidar-attack,valkyrie@a8b3d07,valkyrie,a8b3d07,vidar_econwar@a8b3d07,vidar_econwar,a8b3d07,aurora,official,1,0,rating,b,b,0.0,titanium_collected,1000,,53,3980,6,10,14913,21110,25,119,ok,,62.203,bob-a,,2026-08-04T23:26:32+0200
afbbb9beda03b669,vidar-attack,valkyrie@a8b3d07,valkyrie,a8b3d07,vidar@a8b3d07,vidar,a8b3d07,atoll,official,1,0,rating,b,b,0.0,core_destroyed,127,,424,690,5,35,40,880,10,36,ok,,3.746,bob-a,,2026-08-04T23:14:45+0200
b089936254336b36,vidar-attack,vidar_econwar@a8b3d07,vidar_econwar,a8b3d07,prospect@a8b3d07,prospect,a8b3d07,aurora,official,1,0,rating,a,a,1.0,titanium_collected,1000,,16305,19100,20,134,4801,3770,3,11,ok,,74.795,bob-a,,2026-08-04T23:22:19+0200
b09e8b8f66c76d35,vidar-attack,valkyrie@a8b3d07,valkyrie,a8b3d07,vidar@a8b3d07,vidar,a8b3d07,string,official,1,0,rating,a,a,1.0,core_destroyed,401,,414,430,6,5,2657,3720,6,15,ok,,10.557,bob-a,,2026-08-04T23:15:08+0200
b0aeeef419722efe,vidar-attack,vidar_econwar@a8b3d07,vidar_econwar,a8b3d07,ragnarok@a8b3d07,ragnarok,a8b3d07,bridge,official,1,0,rating,b,b,0.0,titanium_collected,1000,,1533,0,5,9,6516,4830,6,27,ok,,19.34,bob-a,,2026-08-04T23:19:22+0200
b0ee5a9e5dd2efeb,vidar-attack,valkyrie@a8b3d07,valkyrie,a8b3d07,vidar@a8b3d07,vidar,a8b3d07,quarry,official,1,0,rating,a,a,1.0,core_destroyed,787,,4968,7550,13,132,9695,13320,11,174,ok,,43.59,bob-a,,2026-08-04T23:15:33+0200
b10272fefc2ece4e,vidar-attack,vidar@a8b3d07,vidar,a8b3d07,pantheon_replica_day3@a8b3d07,pantheon_replica_day3,a8b3d07,quarry,official,1,0,rating,a,a,1.0,core_destroyed,101,,67,710,9,30,10,350,5,25,ok,,3.761,bob-a,,2026-08-04T23:14:21+0200
b17b2b9c1e0e9964,vidar-attack,steward@a8b3d07,steward,a8b3d07,vidar@a8b3d07,vidar,a8b3d07,sprint,official,1,0,rating,a,a,1.0,core_destroyed,81,,10,0,6,1,10,0,7,2,ok,,2.748,bob-a,,2026-08-04T23:14:38+0200
b189f3505a4685c4,vidar-attack,ragnarok@a8b3d07,ragnarok,a8b3d07,vidar_econwar@a8b3d07,vidar_econwar,a8b3d07,longship,official,1,0,rating,b,b,0.0,core_destroyed,511,,1442,5090,4,21,1246,7960,23,97,ok,,48.721,bob-a,,2026-08-04T23:20:41+0200
b1adf7f27f32372d,vidar-attack,prospect@a8b3d07,prospect,a8b3d07,vidar@a8b3d07,vidar,a8b3d07,showdown,official,1,0,rating,a,a,1.0,core_destroyed,121,,9,0,7,1,10,0,7,0,ok,,2.538,bob-a,,2026-08-04T23:14:06+0200
b1d78b11b46791f0,vidar-attack,prospect@a8b3d07,prospect,a8b3d07,vidar_econwar@a8b3d07,vidar_econwar,a8b3d07,jackpot,official,1,0,rating,a,a,1.0,titanium_collected,1000,,4576,4960,7,16,3249,3420,9,12,ok,,20.78,bob-a,,2026-08-04T23:21:47+0200
b1fd3f2e5f1875b5,vidar-attack,ragnarok@a8b3d07,ragnarok,a8b3d07,vidar_econwar@a8b3d07,vidar_econwar,a8b3d07,quarry,official,1,0,rating,b,b,0.0,titanium_collected,1000,,17420,17890,7,139,15077,18200,22,181,ok,,61.141,bob-a,,2026-08-04T23:21:06+0200
b26940532b69ba8f,vidar-attack,ragnarok@a8b3d07,ragnarok,a8b3d07,vidar@a8b3d07,vidar,a8b3d07,fjord,official,1,0,rating,b,b,0.0,core_destroyed,123,,153,980,9,42,99,820,7,33,ok,,2.376,bob-a,,2026-08-04T23:13:47+0200
b27568e17a54d0c0,vidar-attack,vidar@a8b3d07,vidar,a8b3d07,valkyrie@a8b3d07,valkyrie,a8b3d07,pinch,official,1,0,rating,a,a,1.0,core_destroyed,105,,7,450,8,9,4,240,7,14,ok,,2.433,bob-a,,2026-08-04T23:14:51+0200
b3201dc1c117abc8,vidar-attack,pantheon_replica_day3@a8b3d07,pantheon_replica_day3,a8b3d07,vidar@a8b3d07,vidar,a8b3d07,vase,official,1,0,rating,a,a,1.0,titanium_collected,1000,,3991,2450,5,14,1332,170,3,2,ok,,7.846,bob-a,,2026-08-04T23:14:31+0200
b33fc4ae5b63a04d,vidar-attack,vidar@a8b3d07,vidar,a8b3d07,valkyrie@a8b3d07,valkyrie,a8b3d07,bridge,official,1,0,rating,b,b,0.0,titanium_collected,1000,,1425,0,3,6,5806,4820,8,22,ok,,7.661,bob-a,,2026-08-04T23:14:50+0200
b36fe7ed16392359,vidar-attack,vidar@a8b3d07,vidar,a8b3d07,tyr@a8b3d07,tyr,a8b3d07,showdown,official,1,0,rating,b,b,0.0,core_destroyed,87,,10,0,6,8,10,0,5,1,ok,,1.85,bob-a,,2026-08-04T23:13:17+0200
b374d66fac8f2915,vidar-attack,vidar@a8b3d07,vidar,a8b3d07,prospect@a8b3d07,prospect,a8b3d07,atoll,official,1,0,rating,a,a,1.0,core_destroyed,82,,0,360,8,27,244,350,7,17,ok,,2.262,bob-a,,2026-08-04T23:13:57+0200
b4133bb07914053f,vidar-attack,vidar_econwar@a8b3d07,vidar_econwar,a8b3d07,valkyrie@a8b3d07,valkyrie,a8b3d07,duel,official,1,0,rating,a,a,1.0,core_destroyed,493,,15,3560,16,28,10,1120,2,1,ok,,28.489,bob-a,,2026-08-04T23:26:13+0200
b48f5df74b460fdf,vidar-attack,vigil@a8b3d07,vigil,a8b3d07,vidar@a8b3d07,vidar,a8b3d07,sweden,official,1,0,rating,a,a,1.0,titanium_collected,1000,,7141,5200,5,19,109,0,14,31,ok,,17.004,bob-a,,2026-08-04T23:13:55+0200
b51495275cf532af,vidar-attack,vidar@a8b3d07,vidar,a8b3d07,ragnarok@a8b3d07,ragnarok,a8b3d07,duel,official,1,0,rating,a,a,1.0,core_destroyed,223,,3,550,7,7,443,1070,6,9,ok,,2.163,bob-a,,2026-08-04T23:13:46+0200
b5897aedd65d41b9,vidar-attack,tyr@a8b3d07,tyr,a8b3d07,vidar_econwar@a8b3d07,vidar_econwar,a8b3d07,longship,official,1,0,rating,a,a,1.0,core_destroyed,429,,2767,4790,5,33,2354,6280,17,129,ok,,31.371,bob-a,,2026-08-04T23:17:19+0200
b5fcaec682e1d133,vidar-attack,vidar_econwar@a8b3d07,vidar_econwar,a8b3d07,valkyrie@a8b3d07,valkyrie,a8b3d07,sprint,official,1,0,rating,a,a,1.0,core_destroyed,97,,10,0,6,4,10,0,6,1,ok,,5.506,bob-a,,2026-08-04T23:26:41+0200
b64a6fcba0f53cb4,vidar-attack,vidar@a8b3d07,vidar,a8b3d07,pantheon_replica_day3@a8b3d07,pantheon_replica_day3,a8b3d07,jackpot,official,1,0,rating,a,a,1.0,core_destroyed,131,,1,570,10,14,692,760,2,29,ok,,4.805,bob-a,,2026-08-04T23:14:19+0200
b6df56cbdd94b6a2,vidar-attack,vidar_econwar@a8b3d07,vidar_econwar,a8b3d07,odin@a8b3d07,odin,a8b3d07,fjord,official,1,0,rating,a,a,1.0,titanium_collected,1000,,12082,13930,11,68,6780,7730,3,29,ok,,33.253,bob-a,,2026-08-04T23:15:52+0200
b72885fce7500fc7,vidar-attack,ragnarok@a8b3d07,ragnarok,a8b3d07,vidar@a8b3d07,vidar,a8b3d07,crossfire,official,1,0,rating,b,b,0.0,core_destroyed,85,,80,440,6,23,9,200,7,6,ok,,2.382,bob-a,,2026-08-04T23:13:46+0200
b742cc5da2da5f3e,vidar-attack,vidar_econwar@a8b3d07,vidar_econwar,a8b3d07,prospect@a8b3d07,prospect,a8b3d07,skerry,official,1,0,rating,a,a,1.0,core_destroyed,394,,61,5420,24,98,1674,3420,6,7,ok,,15.156,bob-a,,2026-08-04T23:21:56+0200
b7569b9ff40cf34a,vidar-attack,valkyrie@a8b3d07,valkyrie,a8b3d07,vidar_econwar@a8b3d07,vidar_econwar,a8b3d07,runestone,official,1,0,rating,b,b,0.0,titanium_collected,1000,,3231,7310,3,30,6388,17190,20,146,ok,,93.886,bob-a,,2026-08-04T23:27:58+0200
b7ab91800394c272,vidar-attack,vidar_econwar@a8b3d07,vidar_econwar,a8b3d07,prospect@a8b3d07,prospect,a8b3d07,jackpot,official,1,0,rating,b,b,0.0,core_destroyed,234,,60,740,8,29,41,1110,6,23,ok,,11.488,bob-a,,2026-08-04T23:21:37+0200
b7b8bc7c679551d4,vidar-attack,vidar@a8b3d07,vidar,a8b3d07,vidar_econwar@a8b3d07,vidar_econwar,a8b3d07,longship,official,1,0,rating,a,a,1.0,core_destroyed,87,,40,500,7,37,47,690,8,59,ok,,4.841,bob-a,,2026-08-04T23:27:53+0200
b7cf21c18331e3fa,vidar-attack,odin@a8b3d07,odin,a8b3d07,vidar@a8b3d07,vidar,a8b3d07,aurora,official,1,0,rating,a,a,1.0,core_destroyed,96,,79,540,6,26,10,510,9,25,ok,,2.453,bob-a,,2026-08-04T23:12:54+0200
b7daee906eae2df0,vidar-attack,vidar_econwar@a8b3d07,vidar_econwar,a8b3d07,ragnarok@a8b3d07,ragnarok,a8b3d07,strait,official,1,0,rating,a,a,1.0,core_destroyed,534,,2312,7540,25,71,2155,3500,5,9,ok,,38.871,bob-a,,2026-08-04T23:21:15+0200
b87a889a0935ebab,vidar-attack,vidar@a8b3d07,vidar,a8b3d07,ragnarok@a8b3d07,ragnarok,a8b3d07,sprint,official,1,0,rating,a,a,1.0,core_destroyed,97,,10,0,6,4,10,0,6,1,ok,,1.975,bob-a,,2026-08-04T23:13:52+0200
ba0c9f6333e2cb8d,vidar-attack,vidar@a8b3d07,vidar,a8b3d07,odin@a8b3d07,odin,a8b3d07,sweden,official,1,0,rating,a,a,1.0,titanium_collected,1000,,8982,9650,6,30,3972,2890,8,20,ok,,10.53,bob-a,,2026-08-04T23:13:12+0200
ba3a1ba03f29242a,vidar-attack,vidar_econwar@a8b3d07,vidar_econwar,a8b3d07,odin@a8b3d07,odin,a8b3d07,vase,official,1,0,rating,a,a,1.0,titanium_collected,1000,,3098,2460,10,13,1825,140,0,10,ok,,21.813,bob-a,,2026-08-04T23:16:26+0200
ba673a6c306c84de,vidar-attack,tyr@a8b3d07,tyr,a8b3d07,vidar@a8b3d07,vidar,a8b3d07,aurora,official,1,0,rating,b,b,0.0,titanium_collected,1000,,9888,10320,6,54,15604,17100,9,113,ok,,17.933,bob-a,,2026-08-04T23:13:24+0200
ba687194bdf25b30,vidar-attack,odin@a8b3d07,odin,a8b3d07,vidar_econwar@a8b3d07,vidar_econwar,a8b3d07,showdown,official,1,0,rating,a,a,1.0,core_destroyed,153,,9,0,7,2,10,0,3,7,ok,,7.308,bob-a,,2026-08-04T23:15:53+0200
ba7f147fab2a4f09,vidar-attack,vidar@a8b3d07,vidar,a8b3d07,tyr@a8b3d07,tyr,a8b3d07,longship,official,1,0,rating,a,a,1.0,titanium_collected,1000,,12051,14180,10,98,7633,7830,6,67,ok,,9.333,bob-a,,2026-08-04T23:13:22+0200
ba86626cc1fff3a4,vidar-attack,vidar_econwar@a8b3d07,vidar_econwar,a8b3d07,valkyrie@a8b3d07,valkyrie,a8b3d07,atoll,official,1,0,rating,a,a,1.0,core_destroyed,707,,980,7680,29,49,856,3110,4,4,ok,,39.328,bob-a,,2026-08-04T23:26:05+0200
ba890a062a22d917,vidar-attack,vidar@a8b3d07,vidar,a8b3d07,pantheon_replica_day3@a8b3d07,pantheon_replica_day3,a8b3d07,hive,official,1,0,rating,b,b,0.0,core_destroyed,82,,10,130,7,18,10,290,6,29,ok,,3.762,bob-a,,2026-08-04T23:14:17+0200
ba9097ddbceb2337,vidar-attack,vidar@a8b3d07,vidar,a8b3d07,valkyrie@a8b3d07,valkyrie,a8b3d07,sweden,official,1,0,rating,a,a,1.0,core_destroyed,151,,79,1160,11,30,45,120,5,14,ok,,8.737,bob-a,,2026-08-04T23:15:07+0200
ba96a86f945f65ca,vidar-attack,vidar_econwar@a8b3d07,vidar_econwar,a8b3d07,vigil@a8b3d07,vigil,a8b3d07,sweden,official,1,0,rating,a,a,1.0,core_destroyed,276,,69,3180,20,58,589,440,4,1,ok,,13.638,bob-a,,2026-08-04T23:18:33+0200
bb08cd95fcc9a793,vidar-attack,vidar@a8b3d07,vidar,a8b3d07,vidar_econwar@a8b3d07,vidar_econwar,a8b3d07,showdown,official,1,0,rating,b,b,0.0,core_destroyed,169,,10,0,4,0,9,0,6,1,ok,,7.386,bob-a,,2026-08-04T23:28:09+0200
bb1c542128659085,vidar-attack,pantheon_replica_day3@a8b3d07,pantheon_replica_day3,a8b3d07,vidar@a8b3d07,vidar,a8b3d07,quarry,official,1,0,rating,b,b,0.0,core_destroyed,96,,141,610,3,44,29,540,11,24,ok,,5.327,bob-a,,2026-08-04T23:14:22+0200
bb760ad05ec8181a,vidar-attack,odin@a8b3d07,odin,a8b3d07,vidar@a8b3d07,vidar,a8b3d07,fjord,official,1,0,rating,b,b,0.0,titanium_collected,1000,,7501,6840,4,20,11693,13540,14,96,ok,,10.219,bob-a,,2026-08-04T23:13:02+0200
bb81bcd5dea83c6e,vidar-attack,vidar_econwar@a8b3d07,vidar_econwar,a8b3d07,vidar@a8b3d07,vidar,a8b3d07,strait,official,1,0,rating,b,b,0.0,core_destroyed,108,,91,570,9,45,261,890,4,50,ok,,4.628,bob-a,,2026-08-04T23:28:12+0200
bbce80a7e9241ecc,vidar-attack,valkyrie@a8b3d07,valkyrie,a8b3d07,vidar_econwar@a8b3d07,vidar_econwar,a8b3d07,crossfire,official,1,0,rating,b,b,0.0,core_destroyed,294,,13,970,1,6,116,2680,16,50,ok,,21.132,bob-a,,2026-08-04T23:26:03+0200
bbd2a2db60c8a41d,vidar-attack,ragnarok@a8b3d07,ragnarok,a8b3d07,vidar_econwar@a8b3d07,vidar_econwar,a8b3d07,twins,official,1,0,rating,a,a,1.0,core_destroyed,61,,10,230,8,21,3,250,7,41,ok,,3.114,bob-a,,2026-08-04T23:20:50+0200
bbf20aa6c03259f0,vidar-attack,vidar_econwar@a8b3d07,vidar_econwar,a8b3d07,vigil@a8b3d07,vigil,a8b3d07,skerry,official,1,0,rating,a,a,1.0,titanium_collected,1000,,12803,15160,20,55,7759,7030,5,38,ok,,60.992,bob-a,,2026-08-04T23:19:09+0200
bcac746afbfa2251,vidar-attack,vidar@a8b3d07,vidar,a8b3d07,pantheon_replica_day3@a8b3d07,pantheon_replica_day3,a8b3d07,duel,official,1,0,rating,a,a,1.0,core_destroyed,64,,14,150,7,5,40,180,6,13,ok,,4.169,bob-a,,2026-08-04T23:14:15+0200
bd8740561cafc667,vidar-attack,vidar_econwar@a8b3d07,vidar_econwar,a8b3d07,odin@a8b3d07,odin,a8b3d07,twins,official,1,0,rating,a,a,1.0,titanium_collected,1000,,10138,9590,5,83,8924,7490,4,25,ok,,48.123,bob-a,,2026-08-04T23:16:48+0200
bde85df09067b7e2,vidar-attack,vidar_econwar@a8b3d07,vidar_econwar,a8b3d07,steward@a8b3d07,steward,a8b3d07,fjord,official,1,0,rating,b,b,0.0,core_destroyed,653,,8,4590,16,46,4939,10840,14,78,ok,,41.314,bob-a,,2026-08-04T23:24:46+0200
be55b8e91b0f392f,vidar-attack,vidar_econwar@a8b3d07,vidar_econwar,a8b3d07,pantheon_replica_day3@a8b3d07,pantheon_replica_day3,a8b3d07,aurora,official,1,0,rating,b,b,0.0,core_destroyed,125,,336,980,10,51,72,1010,6,65,ok,,6.914,bob-a,,2026-08-04T23:22:17+0200
bf1310f44c571f04,vidar-attack,vidar@a8b3d07,vidar,a8b3d07,vigil@a8b3d07,vigil,a8b3d07,sprint,official,1,0,rating,a,a,1.0,core_destroyed,165,,9,0,4,3,10,0,5,3,ok,,1.843,bob-a,,2026-08-04T23:13:38+0200
bf3655b326f06ae6,vidar-attack,vidar@a8b3d07,vidar,a8b3d07,vidar_econwar@a8b3d07,vidar_econwar,a8b3d07,bridge,official,1,0,rating,a,a,1.0,titanium_collected,1000,,6202,5070,9,17,3832,2450,3,12,ok,,25.72,bob-a,,2026-08-04T23:27:47+0200
bf3f5e32a83c8d23,vidar-attack,vidar_econwar@a8b3d07,vidar_econwar,a8b3d07,valkyrie@a8b3d07,valkyrie,a8b3d07,jackpot,official,1,0,rating,a,a,1.0,titanium_collected,1000,,2639,9450,16,36,25,3760,2,12,ok,,72.307,bob-a,,2026-08-04T23:27:16+0200
bfcbeb92a86266b4,vidar-attack,vidar_econwar@a8b3d07,vidar_econwar,a8b3d07,vigil@a8b3d07,vigil,a8b3d07,jackpot,official,1,0,rating,b,b,0.0,core_destroyed,950,,113,5330,12,18,65,2730,8,4,ok,,53.07,bob-a,,2026-08-04T23:18:37+0200
c005b1c6877e30a4,vidar-attack,vidar@a8b3d07,vidar,a8b3d07,prospect@a8b3d07,prospect,a8b3d07,aurora,official,1,0,rating,b,b,0.0,core_destroyed,91,,10,370,11,23,79,430,8,16,ok,,2.977,bob-a,,2026-08-04T23:13:59+0200
c04273b9cd6d1433,vidar-attack,prospect@a8b3d07,prospect,a8b3d07,vidar@a8b3d07,vidar,a8b3d07,skerry,official,1,0,rating,b,b,0.0,core_destroyed,95,,289,620,5,30,19,580,8,30,ok,,3.082,bob-a,,2026-08-04T23:14:07+0200
c06273e9352a3cfc,vidar-attack,vidar@a8b3d07,vidar,a8b3d07,steward@a8b3d07,steward,a8b3d07,vase,official,1,0,rating,a,a,1.0,titanium_collected,1000,,821,2460,7,8,42,2420,2,12,ok,,19.611,bob-a,,2026-08-04T23:14:59+0200
c08ec84c3162a866,vidar-attack,vidar@a8b3d07,vidar,a8b3d07,pantheon_replica_day3@a8b3d07,pantheon_replica_day3,a8b3d07,crossfire,official,1,0,rating,a,a,1.0,core_destroyed,297,,20,1030,10,26,48,1640,6,53,ok,,10.031,bob-a,,2026-08-04T23:14:21+0200
c1515803c45370b6,vidar-attack,odin@a8b3d07,odin,a8b3d07,vidar_econwar@a8b3d07,vidar_econwar,a8b3d07,aurora,official,1,0,rating,b,b,0.0,titanium_collected,1000,,8465,7030,2,21,7663,9630,13,138,ok,,19.314,bob-a,,2026-08-04T23:15:28+0200
c2187c63c009dce3,vidar-attack,pantheon_replica_day3@a8b3d07,pantheon_replica_day3,a8b3d07,vidar@a8b3d07,vidar,a8b3d07,aurora,official,1,0,rating,b,b,0.0,core_destroyed,91,,292,630,2,64,20,380,10,15,ok,,4.716,bob-a,,2026-08-04T23:14:14+0200
c22f6e37e3e8736b,vidar-attack,odin@a8b3d07,odin,a8b3d07,vidar@a8b3d07,vidar,a8b3d07,crossfire,official,1,0,rating,b,b,0.0,core_destroyed,144,,55,660,8,16,26,350,6,14,ok,,3.176,bob-a,,2026-08-04T23:12:55+0200
c23226b4e51edf02,vidar-attack,vidar_econwar@a8b3d07,vidar_econwar,a8b3d07,prospect@a8b3d07,prospect,a8b3d07,crossfire,official,1,0,rating,b,b,0.0,core_destroyed,124,,28,300,8,22,31,660,7,24,ok,,6.641,bob-a,,2026-08-04T23:21:14+0200
c2d812203edcea19,vidar-attack,vidar_econwar@a8b3d07,vidar_econwar,a8b3d07,prospect@a8b3d07,prospect,a8b3d07,runestone,official,1,0,rating,a,a,1.0,core_destroyed,383,,1500,7070,29,90,253,1160,2,3,ok,,25.038,bob-a,,2026-08-04T23:22:03+0200
c315b8cfb36a9119,vidar-attack,prospect@a8b3d07,prospect,a8b3d07,vidar@a8b3d07,vidar,a8b3d07,sweden,official,1,0,rating,b,b,0.0,core_destroyed,130,,38,190,8,8,32,530,7,26,ok,,3.901,bob-a,,2026-08-04T23:14:10+0200
c33ac748f8672267,vidar-attack,vidar_econwar@a8b3d07,vidar_econwar,a8b3d07,prospect@a8b3d07,prospect,a8b3d07,atoll,official,1,0,rating,b,b,0.0,core_destroyed,100,,11,290,9,30,234,490,7,26,ok,,4.915,bob-a,,2026-08-04T23:21:04+0200
c371fe0a4205fe80,vidar-attack,tyr@a8b3d07,tyr,a8b3d07,vidar@a8b3d07,vidar,a8b3d07,pinch,official,1,0,rating,b,b,0.0,titanium_collected,1000,,3571,2000,0,3,7770,9570,16,56,ok,,13.104,bob-a,,2026-08-04T23:13:27+0200
c394b37546141db9,vidar-attack,vidar@a8b3d07,vidar,a8b3d07,tyr@a8b3d07,tyr,a8b3d07,atoll,official,1,0,rating,a,a,1.0,core_destroyed,130,,392,970,6,24,58,640,10,22,ok,,3.325,bob-a,,2026-08-04T23:13:09+0200
c3b3a5ef0d523025,vidar-attack,prospect@a8b3d07,prospect,a8b3d07,vidar@a8b3d07,vidar,a8b3d07,quarry,official,1,0,rating,a,a,1.0,core_destroyed,93,,48,660,9,33,10,360,5,31,ok,,2.477,bob-a,,2026-08-04T23:14:04+0200
c491f6367935f4ee,vidar-attack,vidar@a8b3d07,vidar,a8b3d07,pantheon_replica_day3@a8b3d07,pantheon_replica_day3,a8b3d07,vase,official,1,0,rating,b,b,0.0,titanium_collected,1000,,3845,2340,4,7,4785,2440,4,11,ok,,6.893,bob-a,,2026-08-04T23:14:30+0200
c50db7aad394a5cd,vidar-attack,vidar@a8b3d07,vidar,a8b3d07,vidar_econwar@a8b3d07,vidar_econwar,a8b3d07,strait,official,1,0,rating,a,a,1.0,core_destroyed,111,,21,770,7,62,57,770,8,78,ok,,6.122,bob-a,,2026-08-04T23:28:13+0200
c5425db1a3823c17,vidar-attack,vidar@a8b3d07,vidar,a8b3d07,valkyrie@a8b3d07,valkyrie,a8b3d07,longship,official,1,0,rating,a,a,1.0,core_destroyed,120,,30,490,10,14,412,610,6,39,ok,,3.247,bob-a,,2026-08-04T23:14:51+0200
c61d561ed3eb583f,vidar-attack,steward@a8b3d07,steward,a8b3d07,vidar@a8b3d07,vidar,a8b3d07,skerry,official,1,0,rating,a,a,1.0,core_destroyed,321,,509,4280,11,73,69,2070,9,67,ok,,8.141,bob-a,,2026-08-04T23:14:43+0200
c625333a3bdfcdff,vidar-attack,odin@a8b3d07,odin,a8b3d07,vidar@a8b3d07,vidar,a8b3d07,string,official,1,0,rating,a,a,1.0,titanium_collected,1000,,3935,2950,0,5,371,220,10,11,ok,,7.418,bob-a,,2026-08-04T23:13:08+0200
c62bd2b3ac51e930,vidar-attack,ragnarok@a8b3d07,ragnarok,a8b3d07,vidar_econwar@a8b3d07,vidar_econwar,a8b3d07,string,official,1,0,rating,b,b,0.0,titanium_collected,1000,,16,3020,2,7,4156,7050,10,16,ok,,44.778,bob-a,,2026-08-04T23:21:24+0200
c63ea67c225ce8a0,vidar-attack,vidar_econwar@a8b3d07,vidar_econwar,a8b3d07,ragnarok@a8b3d07,ragnarok,a8b3d07,showdown,official,1,0,rating,b,b,0.0,core_destroyed,65,,10,0,7,3,10,0,6,1,ok,,7.911,bob-a,,2026-08-04T23:20:19+0200
c6969940c86967bf,vidar-attack,pantheon_replica_day3@a8b3d07,pantheon_replica_day3,a8b3d07,vidar@a8b3d07,vidar,a8b3d07,runestone,official,1,0,rating,b,b,0.0,core_destroyed,135,,10,0,3,14,9,310,8,14,ok,,3.207,bob-a,,2026-08-04T23:14:21+0200
c6aa4ac5d98d4876,vidar-attack,vidar@a8b3d07,vidar,a8b3d07,vidar_econwar@a8b3d07,vidar_econwar,a8b3d07,fjord,official,1,0,rating,b,b,0.0,titanium_collected,1000,,7451,9730,8,70,8649,10540,6,71,ok,,39.048,bob-a,,2026-08-04T23:28:18+0200
c6b9fc23635f6ab3,vidar-attack,vidar@a8b3d07,vidar,a8b3d07,valkyrie@a8b3d07,valkyrie,a8b3d07,skerry,official,1,0,rating,a,a,1.0,core_destroyed,190,,39,1070,9,22,326,1730,8,64,ok,,10.553,bob-a,,2026-08-04T23:15:01+0200
c72878eeeca52d0b,vidar-attack,steward@a8b3d07,steward,a8b3d07,vidar@a8b3d07,vidar,a8b3d07,fjord,official,1,0,rating,b,b,0.0,core_destroyed,123,,81,980,9,36,19,820,7,33,ok,,2.97,bob-a,,2026-08-04T23:14:31+0200
c79607d88d7aa620,vidar-attack,vidar_econwar@a8b3d07,vidar_econwar,a8b3d07,steward@a8b3d07,steward,a8b3d07,crossfire,official,1,0,rating,a,a,1.0,core_destroyed,185,,56,1680,12,25,13,990,3,13,ok,,12.224,bob-a,,2026-08-04T23:24:08+0200
c7a508adfe4daa71,vidar-attack,valkyrie@a8b3d07,valkyrie,a8b3d07,vidar_econwar@a8b3d07,vidar_econwar,a8b3d07,vault,official,1,0,rating,b,b,0.0,titanium_collected,1000,,48,1910,7,4,5635,11820,22,71,ok,,67.152,bob-a,,2026-08-04T23:28:23+0200
c84d83b7457ca1e3,vidar-attack,pantheon_replica_day3@a8b3d07,pantheon_replica_day3,a8b3d07,vidar_econwar@a8b3d07,vidar_econwar,a8b3d07,fjord,official,1,0,rating,a,a,1.0,core_destroyed,71,,2,460,4,38,88,460,8,44,ok,,4.265,bob-a,,2026-08-04T23:22:29+0200
c8e1fc9d7fcdd7a9,vidar-attack,valkyrie@a8b3d07,valkyrie,a8b3d07,vidar@a8b3d07,vidar,a8b3d07,skerry,official,1,0,rating,b,b,0.0,core_destroyed,195,,1040,1960,8,71,70,1100,8,46,ok,,10.192,bob-a,,2026-08-04T23:15:02+0200
c9b1ba06e0c8bb83,vidar-attack,vidar@a8b3d07,vidar,a8b3d07,pantheon_replica_day3@a8b3d07,pantheon_replica_day3,a8b3d07,atoll,official,1,0,rating,a,a,1.0,core_destroyed,100,,54,450,8,19,13,440,5,48,ok,,3.306,bob-a,,2026-08-04T23:14:11+0200
c9ebfbcca6b82e1d,vidar-attack,vigil@a8b3d07,vigil,a8b3d07,vidar@a8b3d07,vidar,a8b3d07,sprint,official,1,0,rating,a,a,1.0,titanium_collected,1000,,18,120,8,6,16,0,6,5,ok,,5.098,bob-a,,2026-08-04T23:13:41+0200
c9f67eb80d0c3559,vidar-attack,vigil@a8b3d07,vigil,a8b3d07,vidar_econwar@a8b3d07,vidar_econwar,a8b3d07,showdown,official,1,0,rating,a,a,1.0,core_destroyed,333,,9,0,6,5,10,0,6,6,ok,,6.561,bob-a,,2026-08-04T23:18:13+0200
ca7daa650a28245a,vidar-attack,vidar@a8b3d07,vidar,a8b3d07,vigil@a8b3d07,vigil,a8b3d07,skerry,official,1,0,rating,b,b,0.0,core_destroyed,99,,10,450,9,24,36,580,9,10,ok,,2.828,bob-a,,2026-08-04T23:13:37+0200
ca9b34d1936b9401,vidar-attack,vidar@a8b3d07,vidar,a8b3d07,prospect@a8b3d07,prospect,a8b3d07,longship,official,1,0,rating,a,a,1.0,core_destroyed,138,,10,620,7,46,672,1220,8,36,ok,,3.33,bob-a,,2026-08-04T23:14:03+0200
cacb0a864e719e51,vidar-attack,steward@a8b3d07,steward,a8b3d07,vidar_econwar@a8b3d07,vidar_econwar,a8b3d07,twins,official,1,0,rating,a,a,1.0,core_destroyed,99,,22,490,8,27,58,590,7,59,ok,,5.769,bob-a,,2026-08-04T23:25:22+0200
cae09245b50dc955,vidar-attack,vidar@a8b3d07,vidar,a8b3d07,odin@a8b3d07,odin,a8b3d07,hive,official,1,0,rating,b,b,0.0,core_destroyed,157,,40,820,9,55,20,680,8,56,ok,,3.745,bob-a,,2026-08-04T23:12:56+0200
cb0d4e2b40987979,vidar-attack,vidar_econwar@a8b3d07,vidar_econwar,a8b3d07,tyr@a8b3d07,tyr,a8b3d07,string,official,1,0,rating,a,a,1.0,titanium_collected,1000,,3085,2490,6,10,3673,1980,2,6,ok,,18.762,bob-a,,2026-08-04T23:17:24+0200
cb5c7a216e5b76bd,vidar-attack,vidar_econwar@a8b3d07,vidar_econwar,a8b3d07,vigil@a8b3d07,vigil,a8b3d07,sprint,official,1,0,rating,a,a,1.0,core_destroyed,165,,9,0,4,3,10,0,5,3,ok,,6.569,bob-a,,2026-08-04T23:18:19+0200
cbf89cb82de5c6c1,vidar-attack,pantheon_replica_day3@a8b3d07,pantheon_replica_day3,a8b3d07,vidar_econwar@a8b3d07,vidar_econwar,a8b3d07,crossfire,official,1,0,rating,b,b,0.0,titanium_collected,1000,,39,2970,6,30,2452,6730,18,25,ok,,48.783,bob-a,,2026-08-04T23:23:08+0200
cc1dc8536b471ab7,vidar-attack,vidar_econwar@a8b3d07,vidar_econwar,a8b3d07,odin@a8b3d07,odin,a8b3d07,string,official,1,0,rating,b,b,0.0,titanium_collected,1000,,3883,2490,5,10,9509,7370,1,16,ok,,10.761,bob-a,,2026-08-04T23:16:10+0200
cc50a8430fd273ee,vidar-attack,vidar_econwar@a8b3d07,vidar_econwar,a8b3d07,steward@a8b3d07,steward,a8b3d07,runestone,official,1,0,rating,a,a,1.0,titanium_collected,1000,,9964,17360,20,86,2408,11680,10,162,ok,,86.498,bob-a,,2026-08-04T23:26:10+0200
cc9e462027252204,vidar-attack,valkyrie@a8b3d07,valkyrie,a8b3d07,vidar@a8b3d07,vidar,a8b3d07,crossfire,official,1,0,rating,b,b,0.0,core_destroyed,85,,80,440,6,23,9,200,7,6,ok,,2.214,bob-a,,2026-08-04T23:14:46+0200
ce1be67334dfd08a,vidar-attack,vidar_econwar@a8b3d07,vidar_econwar,a8b3d07,tyr@a8b3d07,tyr,a8b3d07,atoll,official,1,0,rating,a,a,1.0,titanium_collected,1000,,3351,4970,18,33,93,2490,1,13,ok,,58.046,bob-a,,2026-08-04T23:17:10+0200
ce28388ab4d1c834,vidar-attack,vidar@a8b3d07,vidar,a8b3d07,valkyrie@a8b3d07,valkyrie,a8b3d07,duel,official,1,0,rating,a,a,1.0,core_destroyed,223,,3,550,7,7,443,1070,6,9,ok,,3.782,bob-a,,2026-08-04T23:14:48+0200
cf2cc729685f97c6,vidar-attack,vigil@a8b3d07,vigil,a8b3d07,vidar_econwar@a8b3d07,vidar_econwar,a8b3d07,jackpot,official,1,0,rating,b,b,0.0,titanium_collected,1000,,39,860,6,6,56,4950,9,18,ok,,33.38,bob-a,,2026-08-04T23:18:18+0200
cf81aa98c6905150,vidar-attack,vidar@a8b3d07,vidar,a8b3d07,prospect@a8b3d07,prospect,a8b3d07,hive,official,1,0,rating,b,b,0.0,core_destroyed,64,,37,200,8,34,20,250,8,22,ok,,2.191,bob-a,,2026-08-04T23:14:01+0200
d012f3f8baa9bf11,vidar-attack,vigil@a8b3d07,vigil,a8b3d07,vidar@a8b3d07,vidar,a8b3d07,hive,official,1,0,rating,a,a,1.0,core_destroyed,125,,26,650,11,17,53,500,8,43,ok,,2.934,bob-a,,2026-08-04T23:13:33+0200
d091f7c98dfe1cb3,vidar-attack,pantheon_replica_day3@a8b3d07,pantheon_replica_day3,a8b3d07,vidar_econwar@a8b3d07,vidar_econwar,a8b3d07,pinch,official,1,0,rating,b,b,0.0,titanium_collected,1000,,30,2410,3,31,11483,15580,14,45,ok,,42.985,bob-a,,2026-08-04T23:23:27+0200
d0ed8b8b6f3ba3f6,vidar-attack,vigil@a8b3d07,vigil,a8b3d07,vidar@a8b3d07,vidar,a8b3d07,showdown,official,1,0,rating,a,a,1.0,core_destroyed,333,,9,0,6,5,10,0,6,6,ok,,2.439,bob-a,,2026-08-04T23:13:36+0200
d1dc349bb0eadf47,vidar-attack,pantheon_replica_day3@a8b3d07,pantheon_replica_day3,a8b3d07,vidar_econwar@a8b3d07,vidar_econwar,a8b3d07,hive,official,1,0,rating,b,b,0.0,titanium_collected,1000,,3926,4450,3,13,7161,13380,19,85,ok,,34.399,bob-a,,2026-08-04T23:23:00+0200
d1e2682d950ee7d3,vidar-attack,prospect@a8b3d07,prospect,a8b3d07,vidar_econwar@a8b3d07,vidar_econwar,a8b3d07,showdown,official,1,0,rating,a,a,1.0,core_destroyed,121,,9,0,7,1,10,0,7,0,ok,,9.922,bob-a,,2026-08-04T23:21:51+0200
d1f39e5142fa58ac,vidar-attack,valkyrie@a8b3d07,valkyrie,a8b3d07,vidar_econwar@a8b3d07,vidar_econwar,a8b3d07,fjord,official,1,0,rating,b,b,0.0,core_destroyed,486,,2384,3930,5,5,43,4980,20,64,ok,,22.791,bob-a,,2026-08-04T23:26:12+0200
d2058d62b2cda64b,vidar-attack,vidar_econwar@a8b3d07,vidar_econwar,a8b3d07,vigil@a8b3d07,vigil,a8b3d07,hive,official,1,0,rating,a,a,1.0,core_destroyed,416,,409,5750,22,171,1423,2180,6,3,ok,,23.856,bob-a,,2026-08-04T23:18:05+0200
d20bead91e8335fd,vidar-attack,odin@a8b3d07,odin,a8b3d07,vidar_econwar@a8b3d07,vidar_econwar,a8b3d07,skerry,official,1,0,rating,a,a,1.0,core_destroyed,105,,328,970,6,46,5,210,10,23,ok,,9.962,bob-a,,2026-08-04T23:15:58+0200
d26713785feb874b,vidar-attack,vidar_econwar@a8b3d07,vidar_econwar,a8b3d07,prospect@a8b3d07,prospect,a8b3d07,strait,official,1,0,rating,a,a,1.0,core_destroyed,409,,1889,6790,28,94,1426,2610,5,1,ok,,28.615,bob-a,,2026-08-04T23:22:18+0200
d28568a01baa131e,vidar-attack,prospect@a8b3d07,prospect,a8b3d07,vidar_econwar@a8b3d07,vidar_econwar,a8b3d07,aurora,official,1,0,rating,a,a,1.0,core_destroyed,67,,20,150,9,11,45,380,9,34,ok,,5.154,bob-a,,2026-08-04T23:21:09+0200
d4015a1b9c40852d,vidar-attack,vidar_econwar@a8b3d07,vidar_econwar,a8b3d07,valkyrie@a8b3d07,valkyrie,a8b3d07,vault,official,1,0,rating,a,a,1.0,titanium_collected,1000,,257,4870,19,100,34,4590,5,62,ok,,84.458,bob-a,,2026-08-04T23:28:39+0200
d414cdb62ab6ed1b,vidar-attack,vidar@a8b3d07,vidar,a8b3d07,ragnarok@a8b3d07,ragnarok,a8b3d07,atoll,official,1,0,rating,a,a,1.0,core_destroyed,124,,74,610,8,34,681,560,7,13,ok,,2.889,bob-a,,2026-08-04T23:13:43+0200
d41b2a62febbf317,vidar-attack,vidar_econwar@a8b3d07,vidar_econwar,a8b3d07,vidar@a8b3d07,vidar,a8b3d07,quarry,official,1,0,rating,b,b,0.0,core_destroyed,101,,88,640,7,56,102,1090,7,74,ok,,9.167,bob-a,,2026-08-04T23:28:08+0200
d48ab5b573ebe8c2,vidar-attack,vidar_econwar@a8b3d07,vidar_econwar,a8b3d07,steward@a8b3d07,steward,a8b3d07,sprint,official,1,0,rating,a,a,1.0,core_destroyed,97,,10,0,6,4,10,0,6,1,ok,,6.807,bob-a,,2026-08-04T23:25:05+0200
d48b82c0f7ed19a7,vidar-attack,vidar@a8b3d07,vidar,a8b3d07,ragnarok@a8b3d07,ragnarok,a8b3d07,longship,official,1,0,rating,a,a,1.0,core_destroyed,120,,30,490,10,14,412,610,6,39,ok,,2.361,bob-a,,2026-08-04T23:13:49+0200
d5472ecb15e467bc,vidar-attack,vidar_econwar@a8b3d07,vidar_econwar,a8b3d07,steward@a8b3d07,steward,a8b3d07,quarry,official,1,0,rating,b,b,0.0,core_destroyed,466,,408,5330,12,120,74,6590,11,87,ok,,33.533,bob-a,,2026-08-04T23:24:58+0200
d653b603b7e8192c,vidar-attack,vidar@a8b3d07,vidar,a8b3d07,steward@a8b3d07,steward,a8b3d07,skerry,official,1,0,rating,b,b,0.0,core_destroyed,190,,29,1060,7,21,57,1740,11,64,ok,,4.17,bob-a,,2026-08-04T23:14:39+0200
d69b46aa1efe10b3,vidar-attack,vidar_econwar@a8b3d07,vidar_econwar,a8b3d07,vigil@a8b3d07,vigil,a8b3d07,fjord,official,1,0,rating,a,a,1.0,core_destroyed,434,,326,4640,10,93,595,2090,5,4,ok,,18.131,bob-a,,2026-08-04T23:17:55+0200
d73c95fcbd0706f7,vidar-attack,vidar@a8b3d07,vidar,a8b3d07,ragnarok@a8b3d07,ragnarok,a8b3d07,bridge,official,1,0,rating,b,b,0.0,titanium_collected,1000,,1425,0,3,6,5806,4820,8,22,ok,,7.044,bob-a,,2026-08-04T23:13:49+0200
d74a78d2ac599a38,vidar-attack,tyr@a8b3d07,tyr,a8b3d07,vidar_econwar@a8b3d07,vidar_econwar,a8b3d07,fjord,official,1,0,rating,b,b,0.0,titanium_collected,1000,,60,6830,6,36,11391,12500,9,74,ok,,17.89,bob-a,,2026-08-04T23:16:48+0200
d8059e20ecf7fe84,vidar-attack,vidar@a8b3d07,vidar,a8b3d07,vigil@a8b3d07,vigil,a8b3d07,crossfire,official,1,0,rating,b,b,0.0,core_destroyed,164,,18,390,8,13,187,770,7,14,ok,,2.593,bob-a,,2026-08-04T23:13:30+0200
d81d2f68118900ec,vidar-attack,ragnarok@a8b3d07,ragnarok,a8b3d07,vidar@a8b3d07,vidar,a8b3d07,jackpot,official,1,0,rating,b,b,0.0,core_destroyed,156,,788,700,4,12,74,810,9,32,ok,,3.394,bob-a,,2026-08-04T23:13:50+0200
d8510d990fe90ebb,vidar-attack,vigil@a8b3d07,vigil,a8b3d07,vidar@a8b3d07,vidar,a8b3d07,string,official,1,0,rating,b,b,0.0,titanium_collected,1000,,1707,1610,8,8,3408,4440,3,10,ok,,9.525,bob-a,,2026-08-04T23:13:47+0200
d86013d27eb4a51b,vidar-attack,vidar@a8b3d07,vidar,a8b3d07,prospect@a8b3d07,prospect,a8b3d07,twins,official,1,0,rating,a,a,1.0,core_destroyed,103,,46,750,9,45,677,570,3,32,ok,,3.49,bob-a,,2026-08-04T23:14:10+0200
d9238d88537e4652,vidar-attack,prospect@a8b3d07,prospect,a8b3d07,vidar_econwar@a8b3d07,vidar_econwar,a8b3d07,longship,official,1,0,rating,b,b,0.0,core_destroyed,409,,1817,1660,3,3,2324,7090,27,107,ok,,25.264,bob-a,,2026-08-04T23:21:53+0200
d92afd5e721b354c,vidar-attack,vidar_econwar@a8b3d07,vidar_econwar,a8b3d07,tyr@a8b3d07,tyr,a8b3d07,hive,official,1,0,rating,a,a,1.0,titanium_collected,1000,,14097,15690,9,79,6929,5870,2,22,ok,,18.814,bob-a,,2026-08-04T23:16:50+0200
d9a61ac52b1f0284,vidar-attack,prospect@a8b3d07,prospect,a8b3d07,vidar_econwar@a8b3d07,vidar_econwar,a8b3d07,fjord,official,1,0,rating,a,a,1.0,core_destroyed,591,,3640,4170,4,3,2903,7360,21,112,ok,,31.316,bob-a,,2026-08-04T23:21:49+0200
d9b6290e4223a42c,vidar-attack,vidar@a8b3d07,vidar,a8b3d07,pantheon_replica_day3@a8b3d07,pantheon_replica_day3,a8b3d07,longship,official,1,0,rating,b,b,0.0,core_destroyed,90,,26,340,9,26,8,190,5,20,ok,,5.073,bob-a,,2026-08-04T23:14:20+0200
da29f40b8641fcef,vidar-attack,prospect@a8b3d07,prospect,a8b3d07,vidar_econwar@a8b3d07,vidar_econwar,a8b3d07,runestone,official,1,0,rating,b,b,0.0,core_destroyed,375,,2779,2940,2,4,430,5860,24,171,ok,,17.103,bob-a,,2026-08-04T23:21:56+0200
dab2149010ad65ab,vidar-attack,vidar@a8b3d07,vidar,a8b3d07,pantheon_replica_day3@a8b3d07,pantheon_replica_day3,a8b3d07,showdown,official,1,0,rating,a,a,1.0,core_destroyed,253,,10,0,6,1,3,0,6,50,ok,,5.155,bob-a,,2026-08-04T23:14:23+0200
dabd284f77b88aef,vidar-attack,ragnarok@a8b3d07,ragnarok,a8b3d07,vidar_econwar@a8b3d07,vidar_econwar,a8b3d07,skerry,official,1,0,rating,a,a,1.0,core_destroyed,607,,1692,3980,2,5,904,8870,24,178,ok,,35.047,bob-a,,2026-08-04T23:20:56+0200
dad63bfabe619c24,vidar-attack,vidar@a8b3d07,vidar,a8b3d07,pantheon_replica_day3@a8b3d07,pantheon_replica_day3,a8b3d07,sprint,official,1,0,rating,a,a,1.0,core_destroyed,253,,10,0,6,2,308,230,6,20,ok,,3.964,bob-a,,2026-08-04T23:14:24+0200
dae21cf5a72b9f2a,vidar-attack,prospect@a8b3d07,prospect,a8b3d07,vidar_econwar@a8b3d07,vidar_econwar,a8b3d07,sweden,official,1,0,rating,b,b,0.0,titanium_collected,1000,,2704,990,2,10,6974,7460,13,32,ok,,51.688,bob-a,,2026-08-04T23:22:45+0200
daeacb61498655da,vidar-attack,tyr@a8b3d07,tyr,a8b3d07,vidar@a8b3d07,vidar,a8b3d07,showdown,official,1,0,rating,a,a,1.0,core_destroyed,314,,8,0,7,1,10,0,3,6,ok,,2.649,bob-a,,2026-08-04T23:13:18+0200
db29065225618155,vidar-attack,vidar@a8b3d07,vidar,a8b3d07,odin@a8b3d07,odin,a8b3d07,duel,official,1,0,rating,b,b,0.0,core_destroyed,84,,28,370,10,8,30,360,6,8,ok,,2.831,bob-a,,2026-08-04T23:12:55+0200
db62d5a58f12dd0e,vidar-attack,vigil@a8b3d07,vigil,a8b3d07,vidar@a8b3d07,vidar,a8b3d07,crossfire,official,1,0,rating,b,b,0.0,core_destroyed,129,,270,590,6,7,9,310,7,6,ok,,2.613,bob-a,,2026-08-04T23:13:31+0200
db8063569ccdfcf9,vidar-attack,vidar@a8b3d07,vidar,a8b3d07,odin@a8b3d07,odin,a8b3d07,strait,official,1,0,rating,b,b,0.0,core_destroyed,115,,33,610,9,40,148,890,3,45,ok,,2.464,bob-a,,2026-08-04T23:13:03+0200
dbcc29eecf2ebb57,vidar-attack,prospect@a8b3d07,prospect,a8b3d07,vidar@a8b3d07,vidar,a8b3d07,fjord,official,1,0,rating,b,b,0.0,core_destroyed,202,,763,1420,8,9,60,930,8,37,ok,,3.685,bob-a,,2026-08-04T23:14:02+0200
dc41735f197c3363,vidar-attack,pantheon_replica_day3@a8b3d07,pantheon_replica_day3,a8b3d07,vidar@a8b3d07,vidar,a8b3d07,skerry,official,1,0,rating,b,b,0.0,core_destroyed,107,,631,680,1,28,3,300,8,13,ok,,3.857,bob-a,,2026-08-04T23:14:23+0200
dca1ee0f53b806cb,vidar-attack,vidar@a8b3d07,vidar,a8b3d07,prospect@a8b3d07,prospect,a8b3d07,vase,official,1,0,rating,a,a,1.0,core_destroyed,270,,8,0,7,7,161,630,6,6,ok,,3.727,bob-a,,2026-08-04T23:14:11+0200
dd008d3a8830d865,vidar-attack,vidar@a8b3d07,vidar,a8b3d07,vigil@a8b3d07,vigil,a8b3d07,showdown,official,1,0,rating,b,b,0.0,core_destroyed,157,,10,0,4,1,9,0,7,1,ok,,2.145,bob-a,,2026-08-04T23:13:36+0200
dd56cd0a17b6cfd1,vidar-attack,pantheon_replica_day3@a8b3d07,pantheon_replica_day3,a8b3d07,vidar@a8b3d07,vidar,a8b3d07,twins,official,1,0,rating,b,b,0.0,core_destroyed,90,,640,520,1,45,24,330,8,17,ok,,2.094,bob-a,,2026-08-04T23:14:25+0200
dd80ca98c4e9a26d,vidar-attack,vidar_econwar@a8b3d07,vidar_econwar,a8b3d07,valkyrie@a8b3d07,valkyrie,a8b3d07,runestone,official,1,0,rating,a,a,1.0,titanium_collected,1000,,16244,19310,20,86,2575,5480,8,148,ok,,82.04,bob-a,,2026-08-04T23:27:39+0200
ddc1d69f614ab725,vidar-attack,vidar_econwar@a8b3d07,vidar_econwar,a8b3d07,pantheon_replica_day3@a8b3d07,pantheon_replica_day3,a8b3d07,hive,official,1,0,rating,b,b,0.0,core_destroyed,155,,20,780,9,68,36,1030,7,61,ok,,11.443,bob-a,,2026-08-04T23:22:37+0200
dec044d165ea61b6,vidar-attack,vidar_econwar@a8b3d07,vidar_econwar,a8b3d07,pantheon_replica_day3@a8b3d07,pantheon_replica_day3,a8b3d07,crossfire,official,1,0,rating,b,b,0.0,core_destroyed,85,,41,460,9,19,20,380,2,15,ok,,3.605,bob-a,,2026-08-04T23:22:21+0200
dfcf27c2088699d5,vidar-attack,prospect@a8b3d07,prospect,a8b3d07,vidar_econwar@a8b3d07,vidar_econwar,a8b3d07,duel,official,1,0,rating,b,b,0.0,titanium_collected,1000,,100,5010,4,10,41,5070,17,17,ok,,65.647,bob-a,,2026-08-04T23:22:21+0200
e0267136a682c003,vidar-attack,vidar_econwar@a8b3d07,vidar_econwar,a8b3d07,steward@a8b3d07,steward,a8b3d07,longship,official,1,0,rating,a,a,1.0,titanium_collected,1000,,4604,14300,17,120,1562,10830,7,95,ok,,78.373,bob-a,,2026-08-04T23:25:30+0200
e0907f45c2c9766a,vidar-attack,odin@a8b3d07,odin,a8b3d07,vidar_econwar@a8b3d07,vidar_econwar,a8b3d07,bridge,official,1,0,rating,a,a,1.0,titanium_collected,1000,,7135,5050,3,17,3758,2450,5,12,ok,,9.645,bob-a,,2026-08-04T23:15:21+0200
e1300e6bf6f1f24e,vidar-attack,prospect@a8b3d07,prospect,a8b3d07,vidar_econwar@a8b3d07,vidar_econwar,a8b3d07,vault,official,1,0,rating,a,a,1.0,core_destroyed,205,,123,970,6,43,9,230,7,31,ok,,5.789,bob-a,,2026-08-04T23:22:09+0200
e20805b9a24bde69,vidar-attack,tyr@a8b3d07,tyr,a8b3d07,vidar_econwar@a8b3d07,vidar_econwar,a8b3d07,duel,official,1,0,rating,b,b,0.0,titanium_collected,1000,,2832,6160,1,16,7138,6190,7,37,ok,,16.224,bob-a,,2026-08-04T23:16:45+0200
e2df6620061ef354,vidar-attack,pantheon_replica_day3@a8b3d07,pantheon_replica_day3,a8b3d07,vidar@a8b3d07,vidar,a8b3d07,pinch,official,1,0,rating,b,b,0.0,core_destroyed,131,,263,630,2,34,30,420,9,10,ok,,4.365,bob-a,,2026-08-04T23:14:20+0200
e350426d6562a098,vidar-attack,valkyrie@a8b3d07,valkyrie,a8b3d07,vidar_econwar@a8b3d07,vidar_econwar,a8b3d07,vase,official,1,0,rating,b,b,0.0,core_destroyed,182,,344,180,5,5,137,400,7,8,ok,,6.882,bob-a,,2026-08-04T23:27:17+0200
e35f8d7947e236a9,vidar-attack,vidar_econwar@a8b3d07,vidar_econwar,a8b3d07,valkyrie@a8b3d07,valkyrie,a8b3d07,strait,official,1,0,rating,a,a,1.0,core_destroyed,534,,2312,7540,25,71,2155,3500,5,9,ok,,28.258,bob-a,,2026-08-04T23:27:10+0200
e38b51e2410e7049,vidar-attack,vidar_econwar@a8b3d07,vidar_econwar,a8b3d07,prospect@a8b3d07,prospect,a8b3d07,sprint,official,1,0,rating,b,b,0.0,core_destroyed,50,,10,0,6,1,20,130,4,12,ok,,4.151,bob-a,,2026-08-04T23:21:51+0200
e3b6fa1d05bab66f,vidar-attack,vidar@a8b3d07,vidar,a8b3d07,valkyrie@a8b3d07,valkyrie,a8b3d07,aurora,official,1,0,rating,a,a,1.0,core_destroyed,91,,21,640,8,44,265,470,9,38,ok,,3.618,bob-a,,2026-08-04T23:14:45+0200
e41a15b85476333d,vidar-attack,vidar_econwar@a8b3d07,vidar_econwar,a8b3d07,steward@a8b3d07,steward,a8b3d07,hive,official,1,0,rating,a,a,1.0,titanium_collected,1000,,2918,13740,27,175,19,4380,3,2,ok,,67.89,bob-a,,2026-08-04T23:25:16+0200
e47706db0332a835,vidar-attack,steward@a8b3d07,steward,a8b3d07,vidar_econwar@a8b3d07,vidar_econwar,a8b3d07,strait,official,1,0,rating,b,b,0.0,titanium_collected,1000,,20,3330,1,4,11169,17290,21,117,ok,,67.118,bob-a,,2026-08-04T23:26:12+0200
e4b0a01ade1d2ba7,vidar-attack,vidar_econwar@a8b3d07,vidar_econwar,a8b3d07,pantheon_replica_day3@a8b3d07,pantheon_replica_day3,a8b3d07,showdown,official,1,0,rating,a,a,1.0,core_destroyed,253,,10,0,6,1,3,0,6,50,ok,,9.133,bob-a,,2026-08-04T23:23:01+0200
e4f44e3e885166ee,vidar-attack,pantheon_replica_day3@a8b3d07,pantheon_replica_day3,a8b3d07,vidar@a8b3d07,vidar,a8b3d07,crossfire,official,1,0,rating,b,b,0.0,core_destroyed,115,,2,500,3,36,7,270,8,5,ok,,2.998,bob-a,,2026-08-04T23:14:14+0200
e50f00fcd1d4e0f7,vidar-attack,ragnarok@a8b3d07,ragnarok,a8b3d07,vidar_econwar@a8b3d07,vidar_econwar,a8b3d07,sprint,official,1,0,rating,a,a,1.0,core_destroyed,81,,10,0,6,1,10,0,7,2,ok,,4.986,bob-a,,2026-08-04T23:20:38+0200
e50f21e3570f9c5a,vidar-attack,steward@a8b3d07,steward,a8b3d07,vidar@a8b3d07,vidar,a8b3d07,showdown,official,1,0,rating,a,a,1.0,core_destroyed,73,,9,0,4,1,10,0,6,2,ok,,2.384,bob-a,,2026-08-04T23:14:36+0200
e56889895e5a623c,vidar-attack,vidar@a8b3d07,vidar,a8b3d07,vigil@a8b3d07,vigil,a8b3d07,strait,official,1,0,rating,a,a,1.0,core_destroyed,141,,1,620,10,22,16,470,9,20,ok,,2.845,bob-a,,2026-08-04T23:13:39+0200
e5c034fded7bea9c,vidar-attack,prospect@a8b3d07,prospect,a8b3d07,vidar_econwar@a8b3d07,vidar_econwar,a8b3d07,atoll,official,1,0,rating,a,a,1.0,core_destroyed,100,,362,700,3,20,52,640,12,22,ok,,6.34,bob-a,,2026-08-04T23:21:06+0200
e689b5232d8833ef,vidar-attack,vidar_econwar@a8b3d07,vidar_econwar,a8b3d07,vigil@a8b3d07,vigil,a8b3d07,strait,official,1,0,rating,a,a,1.0,core_destroyed,512,,2132,6790,23,81,1776,2510,6,16,ok,,33.938,bob-a,,2026-08-04T23:18:50+0200
e6a857e6eff45496,vidar-attack,pantheon_replica_day3@a8b3d07,pantheon_replica_day3,a8b3d07,vidar@a8b3d07,vidar,a8b3d07,longship,official,1,0,rating,b,b,0.0,core_destroyed,104,,20,220,4,17,20,430,8,23,ok,,4.35,bob-a,,2026-08-04T23:14:20+0200
e83d734887cb20c2,vidar-attack,vidar_econwar@a8b3d07,vidar_econwar,a8b3d07,odin@a8b3d07,odin,a8b3d07,jackpot,official,1,0,rating,a,a,1.0,core_destroyed,342,,197,1960,9,34,426,960,4,11,ok,,11.701,bob-a,,2026-08-04T23:15:38+0200
e88905c3d87a1913,vidar-attack,prospect@a8b3d07,prospect,a8b3d07,vidar@a8b3d07,vidar,a8b3d07,runestone,official,1,0,rating,b,b,0.0,core_destroyed,166,,37,380,8,12,18,390,8,13,ok,,3.18,bob-a,,2026-08-04T23:14:06+0200
e88f53afc6f9d77a,vidar-attack,valkyrie@a8b3d07,valkyrie,a8b3d07,vidar@a8b3d07,vidar,a8b3d07,aurora,official,1,0,rating,b,b,0.0,core_destroyed,134,,59,900,8,46,45,680,7,32,ok,,2.849,bob-a,,2026-08-04T23:14:45+0200
ea164f3437fb1fdf,vidar-attack,vidar_econwar@a8b3d07,vidar_econwar,a8b3d07,ragnarok@a8b3d07,ragnarok,a8b3d07,vault,official,1,0,rating,a,a,1.0,titanium_collected,1000,,257,4870,19,100,34,4590,5,62,ok,,117.604,bob-a,,2026-08-04T23:22:50+0200
ea2a9eed4fb27951,vidar-attack,prospect@a8b3d07,prospect,a8b3d07,vidar@a8b3d07,vidar,a8b3d07,longship,official,1,0,rating,b,b,0.0,core_destroyed,134,,317,750,10,39,28,1150,11,60,ok,,3.207,bob-a,,2026-08-04T23:14:03+0200
ea788a593b899a02,vidar-attack,vigil@a8b3d07,vigil,a8b3d07,vidar@a8b3d07,vidar,a8b3d07,longship,official,1,0,rating,b,b,0.0,core_destroyed,201,,1371,1530,7,20,294,1700,8,72,ok,,3.623,bob-a,,2026-08-04T23:13:36+0200
eaa769b5ae67459a,vidar-attack,valkyrie@a8b3d07,valkyrie,a8b3d07,vidar@a8b3d07,vidar,a8b3d07,hive,official,1,0,rating,b,b,0.0,core_destroyed,123,,10,640,11,31,29,990,10,58,ok,,3.802,bob-a,,2026-08-04T23:14:50+0200
ecbec014b60bd201,vidar-attack,vidar_econwar@a8b3d07,vidar_econwar,a8b3d07,odin@a8b3d07,odin,a8b3d07,crossfire,official,1,0,rating,b,b,0.0,core_destroyed,112,,13,530,9,19,22,500,6,19,ok,,6.763,bob-a,,2026-08-04T23:15:18+0200
ece0ac8f078c8f4b,vidar-attack,vigil@a8b3d07,vigil,a8b3d07,vidar_econwar@a8b3d07,vidar_econwar,a8b3d07,runestone,official,1,0,rating,b,b,0.0,titanium_collected,1000,,7064,4960,2,12,14069,15570,20,143,ok,,157.211,bob-a,,2026-08-04T23:20:42+0200
ed14c921402c1428,vidar-attack,valkyrie@a8b3d07,valkyrie,a8b3d07,vidar_econwar@a8b3d07,vidar_econwar,a8b3d07,showdown,official,1,0,rating,a,a,1.0,core_destroyed,70,,8,0,4,1,10,0,6,1,ok,,4.038,bob-a,,2026-08-04T23:26:35+0200
ed9afb4d329f3f4f,vidar-attack,valkyrie@a8b3d07,valkyrie,a8b3d07,vidar@a8b3d07,vidar,a8b3d07,showdown,official,1,0,rating,a,a,1.0,core_destroyed,70,,8,0,4,1,10,0,6,1,ok,,5.245,bob-a,,2026-08-04T23:14:56+0200
eddddf4e053b1917,vidar-attack,prospect@a8b3d07,prospect,a8b3d07,vidar_econwar@a8b3d07,vidar_econwar,a8b3d07,strait,official,1,0,rating,a,a,1.0,core_destroyed,74,,106,330,5,23,98,310,9,27,ok,,6.383,bob-a,,2026-08-04T23:21:57+0200
ee844075e89d491d,vidar-attack,vigil@a8b3d07,vigil,a8b3d07,vidar_econwar@a8b3d07,vidar_econwar,a8b3d07,skerry,official,1,0,rating,a,a,1.0,core_destroyed,58,,10,250,8,9,42,340,8,25,ok,,6.614,bob-a,,2026-08-04T23:18:15+0200
ef4144ed19abc769,vidar-attack,vidar@a8b3d07,vidar,a8b3d07,odin@a8b3d07,odin,a8b3d07,vase,official,1,0,rating,a,a,1.0,titanium_collected,1000,,2695,2460,8,10,1552,620,4,9,ok,,9.277,bob-a,,2026-08-04T23:13:12+0200
ef73ce42a65d0c4b,vidar-attack,vidar_econwar@a8b3d07,vidar_econwar,a8b3d07,vigil@a8b3d07,vigil,a8b3d07,crossfire,official,1,0,rating,a,a,1.0,titanium_collected,1000,,12652,12100,11,26,7333,4950,2,11,ok,,13.724,bob-a,,2026-08-04T23:17:44+0200
eff7f1cd97ff7508,vidar-attack,ragnarok@a8b3d07,ragnarok,a8b3d07,vidar@a8b3d07,vidar,a8b3d07,vase,official,1,0,rating,a,a,1.0,core_destroyed,349,,10,560,5,8,30,1030,13,24,ok,,5.758,bob-a,,2026-08-04T23:14:00+0200
f00fd4295a7fdf92,vidar-attack,vidar@a8b3d07,vidar,a8b3d07,steward@a8b3d07,steward,a8b3d07,sweden,official,1,0,rating,a,a,1.0,core_destroyed,301,,80,2480,14,31,50,540,2,30,ok,,6.721,bob-a,,2026-08-04T23:14:43+0200
f1ce8f851d1305a2,vidar-attack,tyr@a8b3d07,tyr,a8b3d07,vidar_econwar@a8b3d07,vidar_econwar,a8b3d07,showdown,official,1,0,rating,a,a,1.0,core_destroyed,314,,8,0,7,1,10,0,3,6,ok,,6.721,bob-a,,2026-08-04T23:17:03+0200
f1ffae43fe6aacda,vidar-attack,pantheon_replica_day3@a8b3d07,pantheon_replica_day3,a8b3d07,vidar_econwar@a8b3d07,vidar_econwar,a8b3d07,longship,official,1,0,rating,a,a,1.0,core_destroyed,118,,33,310,4,26,11,690,8,65,ok,,6.373,bob-a,,2026-08-04T23:22:44+0200
f28e8fc3d733e8e3,vidar-attack,steward@a8b3d07,steward,a8b3d07,vidar@a8b3d07,vidar,a8b3d07,vault,official,1,0,rating,a,a,1.0,core_destroyed,932,,52,4600,11,91,7793,10770,18,86,ok,,96.237,bob-a,,2026-08-04T23:16:17+0200
f2f2ee531e5fac03,vidar-attack,valkyrie@a8b3d07,valkyrie,a8b3d07,vidar@a8b3d07,vidar,a8b3d07,bridge,official,1,0,rating,b,b,0.0,core_destroyed,354,,1443,1040,3,4,10,0,9,5,ok,,3.28,bob-a,,2026-08-04T23:14:46+0200
f33c539a9cd76542,vidar-attack,vidar_econwar@a8b3d07,vidar_econwar,a8b3d07,ragnarok@a8b3d07,ragnarok,a8b3d07,quarry,official,1,0,rating,a,a,1.0,titanium_collected,1000,,9918,14830,18,203,5452,7410,6,30,ok,,86.67,bob-a,,2026-08-04T23:21:27+0200
f37c41ae1d253b89,vidar-attack,prospect@a8b3d07,prospect,a8b3d07,vidar@a8b3d07,vidar,a8b3d07,crossfire,official,1,0,rating,a,a,1.0,core_destroyed,78,,114,340,6,13,10,180,8,5,ok,,2.481,bob-a,,2026-08-04T23:14:00+0200
f3bbedae1ccfde86,vidar-attack,vidar_econwar@a8b3d07,vidar_econwar,a8b3d07,ragnarok@a8b3d07,ragnarok,a8b3d07,duel,official,1,0,rating,a,a,1.0,core_destroyed,493,,15,3560,16,28,10,1120,2,1,ok,,29.825,bob-a,,2026-08-04T23:19:52+0200
f3f451d47a7ecee9,vidar-attack,vidar_econwar@a8b3d07,vidar_econwar,a8b3d07,vigil@a8b3d07,vigil,a8b3d07,vase,official,1,0,rating,b,b,0.0,titanium_collected,1000,,3891,2380,5,7,4812,2440,4,7,ok,,19.613,bob-a,,2026-08-04T23:18:55+0200
f4d3206a433c4733,vidar-attack,vidar@a8b3d07,vidar,a8b3d07,vidar_econwar@a8b3d07,vidar_econwar,a8b3d07,twins,official,1,0,rating,b,b,0.0,titanium_collected,1000,,2460,7550,11,59,8929,12030,9,63,ok,,31.038,bob-a,,2026-08-04T23:28:41+0200
f558a7e84b8dffb5,vidar-attack,vidar@a8b3d07,vidar,a8b3d07,steward@a8b3d07,steward,a8b3d07,crossfire,official,1,0,rating,b,b,0.0,core_destroyed,141,,0,920,11,27,9,720,9,20,ok,,4.052,bob-a,,2026-08-04T23:14:31+0200
f5866e772442e2a4,vidar-attack,vidar@a8b3d07,vidar,a8b3d07,steward@a8b3d07,steward,a8b3d07,showdown,official,1,0,rating,b,b,0.0,core_destroyed,65,,10,0,7,3,10,0,6,1,ok,,1.976,bob-a,,2026-08-04T23:14:35+0200
f5beada4ed35e33e,vidar-attack,vidar_econwar@a8b3d07,vidar_econwar,a8b3d07,steward@a8b3d07,steward,a8b3d07,strait,official,1,0,rating,a,a,1.0,core_destroyed,494,,656,6810,25,73,5,2820,3,0,ok,,29.006,bob-a,,2026-08-04T23:25:30+0200
f64113d6c3ee20c0,vidar-attack,ragnarok@a8b3d07,ragnarok,a8b3d07,vidar@a8b3d07,vidar,a8b3d07,longship,official,1,0,rating,b,b,0.0,core_destroyed,141,,820,1210,7,49,76,930,9,50,ok,,2.96,bob-a,,2026-08-04T23:13:50+0200
f6b2f9577d8ddcca,vidar-attack,odin@a8b3d07,odin,a8b3d07,vidar_econwar@a8b3d07,vidar_econwar,a8b3d07,longship,official,1,0,rating,a,a,1.0,core_destroyed,110,,117,680,6,36,175,1120,11,55,ok,,8.348,bob-a,,2026-08-04T23:15:37+0200
f6bcc91ea8c932bb,vidar-attack,vidar@a8b3d07,vidar,a8b3d07,vidar_econwar@a8b3d07,vidar_econwar,a8b3d07,aurora,official,1,0,rating,a,a,1.0,core_destroyed,402,,1300,4570,4,18,501,4640,13,82,ok,,17.759,bob-a,,2026-08-04T23:27:36+0200
f7a0d9c4d902d94e,vidar-attack,valkyrie@a8b3d07,valkyrie,a8b3d07,vidar@a8b3d07,vidar,a8b3d07,vault,official,1,0,rating,b,b,0.0,titanium_collected,1000,,60,4930,7,84,7600,11650,23,87,ok,,122.747,bob-a,,2026-08-04T23:17:07+0200
f82b7c6cc17dea62,vidar-attack,vidar_econwar@a8b3d07,vidar_econwar,a8b3d07,pantheon_replica_day3@a8b3d07,pantheon_replica_day3,a8b3d07,atoll,official,1,0,rating,b,b,0.0,core_destroyed,191,,144,1000,11,51,53,1320,5,78,ok,,6.556,bob-a,,2026-08-04T23:22:11+0200
f8758e6e9161d115,vidar-attack,vidar_econwar@a8b3d07,vidar_econwar,a8b3d07,valkyrie@a8b3d07,valkyrie,a8b3d07,skerry,official,1,0,rating,a,a,1.0,core_destroyed,491,,2891,7390,17,74,1860,4520,6,52,ok,,17.17,bob-a,,2026-08-04T23:26:50+0200
f8c7924dcb05a460,vidar-attack,ragnarok@a8b3d07,ragnarok,a8b3d07,vidar@a8b3d07,vidar,a8b3d07,bridge,official,1,0,rating,b,b,0.0,core_destroyed,354,,1443,1040,3,4,10,0,9,5,ok,,3.95,bob-a,,2026-08-04T23:13:47+0200
f95f5eea412e104c,vidar-attack,vigil@a8b3d07,vigil,a8b3d07,vidar@a8b3d07,vidar,a8b3d07,aurora,official,1,0,rating,b,b,0.0,core_destroyed,416,,1104,2360,12,7,1004,4540,12,81,ok,,6.832,bob-a,,2026-08-04T23:13:33+0200
f975c4736e8b1bbd,vidar-attack,vidar@a8b3d07,vidar,a8b3d07,vidar_econwar@a8b3d07,vidar_econwar,a8b3d07,quarry,official,1,0,rating,a,a,1.0,core_destroyed,80,,13,540,7,41,24,540,8,56,ok,,3.75,bob-a,,2026-08-04T23:28:01+0200
fadf4cc67a32fbde,vidar-attack,vidar_econwar@a8b3d07,vidar_econwar,a8b3d07,steward@a8b3d07,steward,a8b3d07,vase,official,1,0,rating,b,b,0.0,titanium_collected,1000,,42,110,8,6,36,2450,4,13,ok,,34.833,bob-a,,2026-08-04T23:25:54+0200
fb0ab27472e2e525,vidar-attack,vidar_econwar@a8b3d07,vidar_econwar,a8b3d07,odin@a8b3d07,odin,a8b3d07,sprint,official,1,0,rating,b,b,0.0,core_destroyed,81,,10,0,6,0,10,0,6,1,ok,,4.462,bob-a,,2026-08-04T23:15:53+0200
fb0baad2c5c879d9,vidar-attack,vidar_econwar@a8b3d07,vidar_econwar,a8b3d07,vigil@a8b3d07,vigil,a8b3d07,aurora,official,1,0,rating,a,a,1.0,titanium_collected,1000,,16600,21420,14,126,5317,5120,4,4,ok,,51.533,bob-a,,2026-08-04T23:18:14+0200
fba348c111774068,vidar-attack,odin@a8b3d07,odin,a8b3d07,vidar@a8b3d07,vidar,a8b3d07,sweden,official,1,0,rating,b,b,0.0,titanium_collected,1000,,1877,160,1,17,9460,9390,8,30,ok,,9.277,bob-a,,2026-08-04T23:13:11+0200
fc56fef31e9b41b9,vidar-attack,pantheon_replica_day3@a8b3d07,pantheon_replica_day3,a8b3d07,vidar@a8b3d07,vidar,a8b3d07,hive,official,1,0,rating,a,a,1.0,core_destroyed,99,,10,530,3,52,1,370,9,45,ok,,3.583,bob-a,,2026-08-04T23:14:18+0200
fc5b567b54398803,vidar-attack,vidar@a8b3d07,vidar,a8b3d07,steward@a8b3d07,steward,a8b3d07,quarry,official,1,0,rating,b,b,0.0,core_destroyed,139,,2,310,10,16,2,300,6,16,ok,,3.721,bob-a,,2026-08-04T23:14:35+0200
fc5c014cb3eb1447,vidar-attack,vidar_econwar@a8b3d07,vidar_econwar,a8b3d07,prospect@a8b3d07,prospect,a8b3d07,hive,official,1,0,rating,b,b,0.0,core_destroyed,66,,43,340,6,48,10,210,7,17,ok,,5.127,bob-a,,2026-08-04T23:21:26+0200
fcbc3a10ba92c456,vidar-attack,steward@a8b3d07,steward,a8b3d07,vidar_econwar@a8b3d07,vidar_econwar,a8b3d07,showdown,official,1,0,rating,a,a,1.0,core_destroyed,73,,9,0,4,1,10,0,6,2,ok,,6.703,bob-a,,2026-08-04T23:24:59+0200
fcce7d5b99101677,vidar-attack,vigil@a8b3d07,vigil,a8b3d07,vidar_econwar@a8b3d07,vidar_econwar,a8b3d07,vault,official,1,0,rating,b,b,0.0,titanium_collected,1000,,5807,4950,3,21,8595,11880,21,108,ok,,87.754,bob-a,,2026-08-04T23:20:07+0200
fcd671684b6e7514,vidar-attack,vidar_econwar@a8b3d07,vidar_econwar,a8b3d07,vidar@a8b3d07,vidar,a8b3d07,crossfire,official,1,0,rating,a,a,1.0,titanium_collected,1000,,5314,6400,7,30,5151,4950,6,13,ok,,21.584,bob-a,,2026-08-04T23:27:57+0200
fd22e76132fe38c5,vidar-attack,steward@a8b3d07,steward,a8b3d07,vidar@a8b3d07,vidar,a8b3d07,strait,official,1,0,rating,a,a,1.0,core_destroyed,209,,75,1910,8,86,61,1380,9,77,ok,,5.947,bob-a,,2026-08-04T23:14:42+0200
fd2610266b211f80,vidar-attack,vidar@a8b3d07,vidar,a8b3d07,prospect@a8b3d07,prospect,a8b3d07,sweden,official,1,0,rating,b,b,0.0,core_destroyed,264,,47,510,7,11,747,2360,6,17,ok,,5.394,bob-a,,2026-08-04T23:14:11+0200
fd69d502a84d8309,vidar-attack,vigil@a8b3d07,vigil,a8b3d07,vidar_econwar@a8b3d07,vidar_econwar,a8b3d07,crossfire,official,1,0,rating,b,b,0.0,core_destroyed,294,,1231,1210,2,0,26,3530,27,53,ok,,15.96,bob-a,,2026-08-04T23:17:48+0200
fd6f5f48eb60e02b,vidar-attack,valkyrie@a8b3d07,valkyrie,a8b3d07,vidar_econwar@a8b3d07,vidar_econwar,a8b3d07,atoll,official,1,0,rating,a,a,1.0,core_destroyed,286,,61,1960,13,26,9,1380,15,12,ok,,14.229,bob-a,,2026-08-04T23:25:44+0200
fd8b4afdf26ba6c9,vidar-attack,vidar_econwar@a8b3d07,vidar_econwar,a8b3d07,prospect@a8b3d07,prospect,a8b3d07,bridge,official,1,0,rating,b,b,0.0,core_destroyed,615,,171,0,2,0,2708,4300,20,14,ok,,18.999,bob-a,,2026-08-04T23:21:25+0200
fe3c0f818a5238a0,vidar-attack,vidar@a8b3d07,vidar,a8b3d07,odin@a8b3d07,odin,a8b3d07,longship,official,1,0,rating,a,a,1.0,titanium_collected,1000,,13312,15430,14,99,11329,11460,5,65,ok,,10.003,bob-a,,2026-08-04T23:13:05+0200
fe413937c6766924,vidar-attack,vidar_econwar@a8b3d07,vidar_econwar,a8b3d07,vidar@a8b3d07,vidar,a8b3d07,vase,official,1,0,rating,b,b,0.0,titanium_stored,1000,,3629,2460,4,7,3674,2460,4,7,ok,,10.995,bob-a,,2026-08-04T23:28:24+0200
ff2c12d77e761af2,vidar-attack,prospect@a8b3d07,prospect,a8b3d07,vidar_econwar@a8b3d07,vidar_econwar,a8b3d07,string,official,1,0,rating,a,a,1.0,titanium_collected,1000,,2144,4960,5,6,20,520,2,8,ok,,33.717,bob-a,,2026-08-04T23:22:25+0200
ff6dcb212b0714c6,vidar-attack,steward@a8b3d07,steward,a8b3d07,vidar@a8b3d07,vidar,a8b3d07,crossfire,official,1,0,rating,a,a,1.0,core_destroyed,114,,52,740,9,26,1,270,7,6,ok,,3.226,bob-a,,2026-08-04T23:14:31+0200
ff8d357798cd49a6,vidar-attack,vidar_econwar@a8b3d07,vidar_econwar,a8b3d07,prospect@a8b3d07,prospect,a8b3d07,duel,official,1,0,rating,a,a,1.0,core_destroyed,70,,19,270,7,15,26,350,8,11,ok,,6.22,bob-a,,2026-08-04T23:21:21+0200
