match_id,tournament_id,bot_a,bot_a_name,bot_a_commit,bot_b,bot_b_name,bot_b_commit,map,map_set,seed,tle,kind,engine_winner,winner,score_a,win_condition,turns,resign_message,a_titanium,a_titanium_collected,a_units,a_buildings,b_titanium,b_titanium_collected,b_units,b_buildings,status,error,duration_s,host,lsf_job,finished_at
001a95cd123cb1ae,auto-a1214efd9c98,skadi@aad5f44,skadi,aad5f44,hodr@ea88247,hodr,ea88247,antler,all_official,1,0,rating,b,b,0.0,core_destroyed,488,,12,460,5,8,118,2110,12,16,ok,,7.959,n-62-11-60,29052208,2026-08-08T08:40:32+0200
0022876d91ac68e9,auto-a1214efd9c98,fenrir2@6b39ebb,fenrir2,6b39ebb,hodr@ea88247,hodr,ea88247,string,all_official,1,0,rating,b,b,0.0,core_destroyed,775,,1870,1640,0,4,101,1930,21,4,ok,,17.605,n-62-29-27,29052208,2026-08-08T08:38:13+0200
0035b88913c27169,auto-a1214efd9c98,prospect@bf9b3e3,prospect,bf9b3e3,hodr@ea88247,hodr,ea88247,jackpot,all_official,1,0,rating,b,b,0.0,core_destroyed,107,,134,470,8,11,93,430,6,13,ok,,3.851,n-62-11-50,29052208,2026-08-08T08:39:23+0200
004f7d491dc24803,auto-a1214efd9c98,gobbleglitch@6cdc440,gobbleglitch,6cdc440,hodr@ea88247,hodr,ea88247,hive,all_official,1,0,rating,b,b,0.0,core_destroyed,89,,23,0,7,6,7,280,8,27,ok,,3.951,n-62-11-51,29052208,2026-08-08T08:38:22+0200
007485c7ffaeb501,auto-a1214efd9c98,hodr@ea88247,hodr,ea88247,steward_hardened_reinforced@366cd1b,steward_hardened_reinforced,366cd1b,duel,all_official,1,0,rating,a,a,1.0,core_destroyed,59,,9,250,8,7,170,250,6,6,ok,,2.656,n-62-29-5,29052208,2026-08-08T08:40:23+0200
0077bbe8c9c88dbb,auto-a1214efd9c98,hodr@ea88247,hodr,ea88247,mjolnir@2e6c876,mjolnir,2e6c876,aurora,all_official,1,0,rating,a,a,1.0,core_destroyed,93,,158,670,7,32,0,550,9,33,ok,,3.433,n-62-11-66,29052208,2026-08-08T08:39:25+0200
00794031eb7b5a2d,auto-a1214efd9c98,steward_hardened_reinforced@a994296,steward_hardened_reinforced,a994296,hodr@ea88247,hodr,ea88247,sweden,all_official,1,0,rating,b,b,0.0,core_destroyed,449,,33,0,9,4,21,1080,11,21,ok,,15.482,n-62-11-60,29052208,2026-08-08T08:40:42+0200
007c5673a8cac4d6,auto-a1214efd9c98,hodr@ea88247,hodr,ea88247,skadi@1e4eddf,skadi,1e4eddf,snowflake,all_official,1,0,rating,a,a,1.0,core_destroyed,110,,168,1120,10,23,67,1020,10,28,ok,,5.237,n-62-21-24,29052208,2026-08-08T08:38:59+0200
00a518139ba9dc26,auto-a1214efd9c98,jonbot@90fc9f3,jonbot,90fc9f3,hodr@ea88247,hodr,ea88247,snowflake,all_official,1,0,rating,b,b,0.0,core_destroyed,741,,7227,6810,4,21,10,1830,8,46,ok,,12.52,n-62-21-24,29052208,2026-08-08T08:38:09+0200
00ca0631fc663cc9,auto-a1214efd9c98,steward_reinforced@a8dc58a,steward_reinforced,a8dc58a,hodr@ea88247,hodr,ea88247,longship,all_official,1,0,rating,b,b,0.0,core_destroyed,56,,20,170,9,18,12,170,6,22,ok,,4.148,n-62-31-23,29052208,2026-08-08T08:40:11+0200
00f58a5a4735c7e0,auto-a1214efd9c98,hodr@ea88247,hodr,ea88247,spar_mender@d5b46bc,spar_mender,d5b46bc,pinch,all_official,1,0,rating,a,a,1.0,core_destroyed,116,,31,720,10,14,16,0,6,5,ok,,4.234,n-62-29-13,29052208,2026-08-08T08:40:04+0200
01273bee219a4a6e,auto-a1214efd9c98,fenrir2@6b39ebb,fenrir2,6b39ebb,hodr@ea88247,hodr,ea88247,pinch,all_official,1,0,rating,a,a,1.0,core_destroyed,102,,30,640,10,25,34,650,11,35,ok,,4.753,n-62-29-31,29052208,2026-08-08T08:38:13+0200
0191e2be66a56690,auto-a1214efd9c98,hodr@ea88247,hodr,ea88247,heimdall@daf0de0,heimdall,daf0de0,saga,all_official,1,0,rating,b,b,0.0,core_destroyed,92,,41,320,8,23,28,410,6,32,ok,,4.067,n-62-12-4,29052208,2026-08-08T08:38:04+0200
01b8e7f721e0f939,auto-a1214efd9c98,fenrir2@6b39ebb,fenrir2,6b39ebb,hodr@ea88247,hodr,ea88247,bridge,all_official,1,0,rating,a,a,1.0,titanium_collected,1000,,10267,9480,6,18,63,0,12,6,ok,,17.512,n-62-29-21,29052208,2026-08-08T08:38:38+0200
01cc92555c05b3a7,auto-a1214efd9c98,spar_mender@7ed1acc,spar_mender,7ed1acc,hodr@ea88247,hodr,ea88247,hive,all_official,1,0,rating,b,b,0.0,core_destroyed,81,,73,280,10,28,22,430,6,45,ok,,4.241,n-62-31-10,29052208,2026-08-08T08:40:35+0200
01d4283cc19303cc,auto-a1214efd9c98,hodr@ea88247,hodr,ea88247,steward_hardened_reinforced@c04e46e,steward_hardened_reinforced,c04e46e,moonrise,all_official,1,0,rating,a,a,1.0,core_destroyed,130,,43,580,7,14,10,70,6,5,ok,,3.311,n-62-11-57,29052208,2026-08-08T08:39:56+0200
01ed30451a77f321,auto-a1214efd9c98,strategist@2a19238,strategist,2a19238,hodr@ea88247,hodr,ea88247,pinch,all_official,1,0,rating,a,a,1.0,harvesters,1000,,2268,2480,12,29,20,2480,7,15,ok,,6.087,n-62-31-9,29052208,2026-08-08T08:40:25+0200
01fcce7a7665958e,auto-a1214efd9c98,hodr@ea88247,hodr,ea88247,prospect@bf9b3e3,prospect,bf9b3e3,meander,all_official,1,0,rating,a,a,1.0,core_destroyed,246,,8,40,8,7,10,0,5,4,ok,,3.653,n-62-11-52,29052208,2026-08-08T08:39:02+0200
02038feb52de0fc6,auto-a1214efd9c98,hodr@ea88247,hodr,ea88247,odin@93e46da,odin,93e46da,runestone,all_official,1,0,rating,a,a,1.0,core_destroyed,105,,6,400,8,25,10,360,8,20,ok,,4.428,n-62-30-23,29052208,2026-08-08T08:38:53+0200
0208c061382ca210,auto-a1214efd9c98,hodr@ea88247,hodr,ea88247,mjolnir@2e6c876,mjolnir,2e6c876,longship,all_official,1,0,rating,a,a,1.0,core_destroyed,140,,155,990,10,43,72,960,10,59,ok,,4.856,n-62-31-9,29052208,2026-08-08T08:38:50+0200
0237f2b81b36702a,auto-a1214efd9c98,hodr@ea88247,hodr,ea88247,janus@8a1e7a1,janus,8a1e7a1,vault,all_official,1,0,rating,b,b,0.0,core_destroyed,589,,10,210,6,13,9,210,9,5,ok,,7.061,n-62-21-14,29052208,2026-08-08T08:38:54+0200
024c9de4db13c927,auto-a1214efd9c98,lockin@90fc9f3,lockin,90fc9f3,hodr@ea88247,hodr,ea88247,lighthouse,all_official,1,0,rating,b,b,0.0,core_destroyed,37,,590,0,0,0,20,120,7,13,ok,,1.843,n-62-21-59,29052208,2026-08-08T08:38:20+0200
02520bd29e930f79,auto-a1214efd9c98,steward_hardened_reinforced@04300bf,steward_hardened_reinforced,04300bf,hodr@ea88247,hodr,ea88247,moonrise,all_official,1,0,rating,a,a,1.0,core_destroyed,240,,261,1130,8,15,16,70,6,2,ok,,4.412,n-62-29-31,29052208,2026-08-08T08:39:34+0200
0264cafb79a7b9c5,auto-a1214efd9c98,njord@f66a427,njord,f66a427,hodr@ea88247,hodr,ea88247,moonrise,all_official,1,0,rating,a,a,1.0,core_destroyed,240,,58,1130,11,15,16,70,4,2,ok,,5.355,n-62-28-33,29052208,2026-08-08T08:38:57+0200
0273a3f35a6840f6,auto-a1214efd9c98,hodr@ea88247,hodr,ea88247,gefjon@f66a427,gefjon,f66a427,saga,all_official,1,0,rating,b,b,0.0,core_destroyed,100,,33,440,8,30,18,460,8,36,ok,,4.672,n-62-11-55,29052208,2026-08-08T08:37:57+0200
0297e8d654c129d7,auto-a1214efd9c98,hodr@ea88247,hodr,ea88247,jonbot@90fc9f3,jonbot,90fc9f3,atoll,all_official,1,0,rating,a,a,1.0,core_destroyed,573,,10,2810,7,25,1118,1420,8,8,ok,,9.528,n-62-21-3,29052208,2026-08-08T08:38:22+0200
0299d11f3fa2073b,auto-a1214efd9c98,steward_hardened_reinforced@f61245f,steward_hardened_reinforced,f61245f,hodr@ea88247,hodr,ea88247,fjordgate,all_official,1,0,rating,a,a,1.0,core_destroyed,224,,30,1060,6,25,32,10,2,3,ok,,4.201,n-62-28-28,29052208,2026-08-08T08:40:19+0200
02ca4368ee2dd9b4,auto-a1214efd9c98,hodr@ea88247,hodr,ea88247,janus@8a1e7a1,janus,8a1e7a1,strait,all_official,1,0,rating,a,a,1.0,core_destroyed,161,,9,160,6,16,10,140,7,7,ok,,3.871,n-62-21-9,29052208,2026-08-08T08:38:33+0200
02d8df2ecfcec2ab,auto-a1214efd9c98,hodr@ea88247,hodr,ea88247,mimir@cfc1ec4,mimir,cfc1ec4,twins,all_official,1,0,rating,a,a,1.0,core_destroyed,120,,20,280,8,9,14,160,8,14,ok,,3.715,n-62-31-24,29052208,2026-08-08T08:38:36+0200
02db942654d012ce,auto-a1214efd9c98,skadi@6a2af02,skadi,6a2af02,hodr@ea88247,hodr,ea88247,strait,all_official,1,0,rating,b,b,0.0,core_destroyed,112,,39,460,8,15,19,640,8,28,ok,,3.739,n-62-31-21,29052208,2026-08-08T08:39:08+0200
02e6160b92a76d01,auto-a1214efd9c98,hodr@ea88247,hodr,ea88247,jonbot@90fc9f3,jonbot,90fc9f3,vault,all_official,1,0,rating,a,a,1.0,core_destroyed,87,,10,380,9,34,467,190,5,6,ok,,3.905,n-62-21-8,29052208,2026-08-08T08:38:20+0200
02e9d541b71d3426,auto-a1214efd9c98,mimir@cfc1ec4,mimir,cfc1ec4,hodr@ea88247,hodr,ea88247,moonrise,all_official,1,0,rating,a,a,1.0,core_destroyed,240,,58,1130,11,15,16,70,4,2,ok,,4.123,n-62-31-21,29052208,2026-08-08T08:38:52+0200
02fb38ffbb2af3db,auto-a1214efd9c98,jonbot_190003d@90fc9f3,jonbot_190003d,90fc9f3,hodr@ea88247,hodr,ea88247,lighthouse,all_official,1,0,rating,a,a,1.0,core_destroyed,171,,58,400,7,9,7,40,7,10,ok,,4.258,n-62-21-16,29052208,2026-08-08T08:38:17+0200
0323b8d0ae78d282,auto-a1214efd9c98,hodr@ea88247,hodr,ea88247,steward_hardened_reinforced@366cd1b,steward_hardened_reinforced,366cd1b,sweden,all_official,1,0,rating,b,b,0.0,core_destroyed,734,,10,0,9,2,33,1800,14,15,ok,,26.09,n-62-31-17,29052208,2026-08-08T08:39:55+0200
034170741ac5c8cc,auto-a1214efd9c98,aegis@e55aab5,aegis,e55aab5,hodr@ea88247,hodr,ea88247,hive,all_official,1,0,rating,b,b,0.0,core_destroyed,70,,10,200,8,27,9,250,9,24,ok,,3.393,n-62-31-21,29052208,2026-08-08T08:38:13+0200
0368c6028accf3b6,auto-a1214efd9c98,hodr@ea88247,hodr,ea88247,pantheon_replica_day3@aa8bae0,pantheon_replica_day3,aa8bae0,vase,all_official,1,0,rating,a,a,1.0,core_destroyed,424,,63,1020,14,8,274,130,2,2,ok,,8.401,n-62-31-20,29052208,2026-08-08T08:40:11+0200
036a652f239a6b5a,auto-a1214efd9c98,hodr@ea88247,hodr,ea88247,skadi@821d792,skadi,821d792,fjord,all_official,1,0,rating,b,b,0.0,core_destroyed,97,,59,750,8,32,18,650,9,20,ok,,4.534,n-62-21-15,29052208,2026-08-08T08:39:05+0200
036d44c812362103,auto-a1214efd9c98,hodr@ea88247,hodr,ea88247,freyr@c2c0d3d,freyr,c2c0d3d,saga,all_official,1,0,rating,b,b,0.0,core_destroyed,79,,8,250,8,29,9,360,8,23,ok,,4.309,n-62-31-13,29052208,2026-08-08T08:38:24+0200
039532520d5e8279,auto-a1214efd9c98,prospect_rushonly@bf9b3e3,prospect_rushonly,bf9b3e3,hodr@ea88247,hodr,ea88247,nordkap,all_official,1,0,rating,b,b,0.0,core_destroyed,49,,10,100,9,6,9,90,7,7,ok,,3.241,n-62-12-7,29052208,2026-08-08T08:39:15+0200
039e1be464f0fe0e,auto-a1214efd9c98,hodr@ea88247,hodr,ea88247,jotunn@6b39ebb,jotunn,6b39ebb,string,all_official,1,0,rating,a,a,1.0,core_destroyed,230,,70,890,6,14,40,1100,4,13,ok,,6.465,n-62-21-55,29052208,2026-08-08T08:39:24+0200
03a044d8d1285891,auto-a1214efd9c98,fenrir2@6b39ebb,fenrir2,6b39ebb,hodr@ea88247,hodr,ea88247,eider,all_official,1,0,rating,b,b,0.0,core_destroyed,80,,40,180,5,7,19,340,5,11,ok,,3.262,n-62-29-24,29052208,2026-08-08T08:38:03+0200
03b61900a820a6ce,auto-a1214efd9c98,skadi@aad5f44,skadi,aad5f44,hodr@ea88247,hodr,ea88247,runestone,all_official,1,0,rating,b,b,0.0,core_destroyed,89,,52,350,9,15,53,460,7,31,ok,,3.788,n-62-11-64,29052208,2026-08-08T08:39:13+0200
03e929a9b87f19f8,auto-a1214efd9c98,skadi@aad5f44,skadi,aad5f44,hodr@ea88247,hodr,ea88247,eider,all_official,1,0,rating,b,b,0.0,core_destroyed,221,,45,960,9,11,132,1470,6,46,ok,,5.398,n-62-11-62,29052208,2026-08-08T08:39:30+0200
040af1f6fc375256,auto-a1214efd9c98,hodr@ea88247,hodr,ea88247,steward_hardened_reinforced@366cd1b,steward_hardened_reinforced,366cd1b,showdown,all_official,1,0,rating,a,a,1.0,core_destroyed,489,,9,170,7,14,10,190,6,2,ok,,5.242,n-62-30-24,29052208,2026-08-08T08:40:21+0200
0437cd7d921b1321,auto-a1214efd9c98,hodr@ea88247,hodr,ea88247,steward_reinforced@a8dc58a,steward_reinforced,a8dc58a,crossfire,all_official,1,0,rating,a,a,1.0,core_destroyed,78,,31,180,7,6,8,170,7,9,ok,,3.207,n-62-31-4,29052208,2026-08-08T08:40:05+0200
044d30d85d60e62e,auto-a1214efd9c98,maporacle@38e1456,maporacle,38e1456,hodr@ea88247,hodr,ea88247,fjordgate,all_official,1,0,rating,b,b,0.0,core_destroyed,446,,35,0,5,0,10,30,7,1,ok,,6.533,n-62-21-65,29052208,2026-08-08T08:38:25+0200
04795c487ac01d5d,auto-a1214efd9c98,hodr@ea88247,hodr,ea88247,heimdall@daf0de0,heimdall,daf0de0,moonrise,all_official,1,0,rating,a,a,1.0,core_destroyed,184,,27,820,8,12,16,90,7,10,ok,,3.759,n-62-12-3,29052208,2026-08-08T08:38:04+0200
04deee85931d245a,auto-a1214efd9c98,hodr@ea88247,hodr,ea88247,njord@f66a427,njord,f66a427,atoll,all_official,1,0,rating,a,a,1.0,core_destroyed,91,,13,400,8,17,16,400,9,8,ok,,4.446,n-62-21-98,29052208,2026-08-08T08:38:49+0200
0501756b99e3ff8b,auto-a1214efd9c98,pantheon_replica_day3@aa8bae0,pantheon_replica_day3,aa8bae0,hodr@ea88247,hodr,ea88247,fjordgate,all_official,1,0,rating,b,b,0.0,core_destroyed,193,,10,0,9,1,9,10,5,17,ok,,4.268,n-62-31-17,29052208,2026-08-08T08:39:18+0200
0582e43881d49c91,auto-a1214efd9c98,hodr@ea88247,hodr,ea88247,tempest_reinforcements@025dd51,tempest_reinforcements,025dd51,fjordgate,all_official,1,0,rating,b,b,0.0,titanium_collected,1000,,16,80,6,5,70,160,10,3,ok,,8.709,n-62-30-24,29052208,2026-08-08T08:40:35+0200
05973a3786c927a1,auto-a1214efd9c98,skadi@aad5f44,skadi,aad5f44,hodr@ea88247,hodr,ea88247,strait,all_official,1,0,rating,b,b,0.0,core_destroyed,112,,43,460,8,17,35,670,8,29,ok,,3.994,n-62-11-66,29052208,2026-08-08T08:39:24+0200
059f0e3bf4b5b316,auto-a1214efd9c98,hodr@ea88247,hodr,ea88247,bastion@840a180,bastion,840a180,duel,all_official,1,0,rating,a,a,1.0,core_destroyed,97,,9,440,7,9,7,160,7,5,ok,,4.18,n-62-11-68,29052208,2026-08-08T08:37:55+0200
05a89e62e7055d1d,auto-a1214efd9c98,skadi@6a2af02,skadi,6a2af02,hodr@ea88247,hodr,ea88247,fjordgate,all_official,1,0,rating,b,b,0.0,core_destroyed,382,,69,480,6,12,18,490,8,13,ok,,6.483,n-62-21-8,29052208,2026-08-08T08:39:37+0200
05b85d8b26069982,auto-a1214efd9c98,hodr@ea88247,hodr,ea88247,steward_reinforced@a8dc58a,steward_reinforced,a8dc58a,meander,all_official,1,0,rating,a,a,1.0,core_destroyed,306,,8,10,6,9,10,0,7,3,ok,,5.482,n-62-31-23,29052208,2026-08-08T08:40:16+0200
05c376061e5dc3a7,auto-a1214efd9c98,jonbot@90fc9f3,jonbot,90fc9f3,hodr@ea88247,hodr,ea88247,bridge,all_official,1,0,rating,b,b,0.0,core_destroyed,197,,670,0,1,1,10,0,8,9,ok,,3.866,n-62-21-3,29052208,2026-08-08T08:38:45+0200
05dfe372ad612e25,auto-a1214efd9c98,hodr@ea88247,hodr,ea88247,maporacle@38e1456,maporacle,38e1456,twins,all_official,1,0,rating,a,a,1.0,core_destroyed,68,,19,270,7,18,20,140,7,11,ok,,4.094,n-62-21-71,29052208,2026-08-08T08:38:34+0200
05e7908fa0e7e541,auto-a1214efd9c98,hodr@ea88247,hodr,ea88247,prospect_rushonly@bf9b3e3,prospect_rushonly,bf9b3e3,longship,all_official,1,0,rating,b,b,0.0,core_destroyed,85,,9,190,8,13,9,270,9,8,ok,,3.408,n-62-12-5,29052208,2026-08-08T08:39:27+0200
05fd7bba49042dc3,auto-a1214efd9c98,steward_hardened_reinforced@c04e46e,steward_hardened_reinforced,c04e46e,hodr@ea88247,hodr,ea88247,archipelago,all_official,1,0,rating,a,a,1.0,core_destroyed,86,,24,460,8,23,7,250,7,14,ok,,4.092,n-62-11-55,29052208,2026-08-08T08:39:53+0200
0605fa10a129d2e2,auto-a1214efd9c98,hodr@ea88247,hodr,ea88247,steward_hardened_reinforced@a994296,steward_hardened_reinforced,a994296,runestone,all_official,1,0,rating,a,a,1.0,core_destroyed,317,,9,50,8,17,10,260,8,17,ok,,4.815,n-62-31-24,29052208,2026-08-08T08:40:23+0200
0617403bd1e78fbd,auto-a1214efd9c98,hodr@ea88247,hodr,ea88247,jonbot@90fc9f3,jonbot,90fc9f3,fjordgate,all_official,1,0,rating,a,a,1.0,core_destroyed,82,,4,320,5,12,59,180,6,6,ok,,3.237,n-62-21-11,29052208,2026-08-08T08:37:54+0200
06333053deeae8b2,auto-a1214efd9c98,hodr@ea88247,hodr,ea88247,odin@38e1456,odin,38e1456,duel,all_official,1,0,rating,a,a,1.0,core_destroyed,52,,26,220,9,7,16,210,8,9,ok,,3.405,n-62-29-16,29052208,2026-08-08T08:39:34+0200
067574124f1b8b2a,auto-a1214efd9c98,e_t4l7@9e77076,e_t4l7,9e77076,hodr@ea88247,hodr,ea88247,drumlin,all_official,1,0,rating,b,b,0.0,core_destroyed,185,,810,1140,2,13,18,1250,7,48,ok,,3.94,n-62-28-31,29052208,2026-08-08T08:38:00+0200
06a606445846713b,auto-a1214efd9c98,hodr@ea88247,hodr,ea88247,steward_reinforced@a8dc58a,steward_reinforced,a8dc58a,strait,all_official,1,0,rating,a,a,1.0,core_destroyed,125,,45,350,6,13,10,100,6,11,ok,,4.464,n-62-31-24,29052208,2026-08-08T08:40:30+0200
06c0576a0b954737,auto-a1214efd9c98,hodr@ea88247,hodr,ea88247,steward_hardened_reinforced@c04e46e,steward_hardened_reinforced,c04e46e,vault,all_official,1,0,rating,b,b,0.0,core_destroyed,131,,8,430,11,13,9,610,9,21,ok,,4.719,n-62-11-63,29052208,2026-08-08T08:40:13+0200
070191651d7bbf49,auto-a1214efd9c98,steward_hardened_reinforced@cdc552f,steward_hardened_reinforced,cdc552f,hodr@ea88247,hodr,ea88247,showdown,all_official,1,0,rating,b,b,0.0,core_destroyed,94,,10,0,8,2,9,360,9,14,ok,,4.378,n-62-11-51,29052208,2026-08-08T08:40:03+0200
070659f5deb7ec08,auto-a1214efd9c98,hodr@ea88247,hodr,ea88247,mistral@90fc9f3,mistral,90fc9f3,archipelago,all_official,1,0,rating,a,a,1.0,core_destroyed,55,,20,300,7,29,354,0,4,0,ok,,7.129,n-62-31-24,29052208,2026-08-08T08:39:18+0200
070fd9c6cd4d7c0d,auto-a1214efd9c98,janus@8a1e7a1,janus,8a1e7a1,hodr@ea88247,hodr,ea88247,duel,all_official,1,0,rating,b,b,0.0,core_destroyed,50,,34,200,9,10,9,150,7,7,ok,,3.317,n-62-21-12,29052208,2026-08-08T08:38:43+0200
071820682454a015,auto-a1214efd9c98,hodr@ea88247,hodr,ea88247,steward_hardened_reinforced@cdc552f,steward_hardened_reinforced,cdc552f,heart,all_official,1,0,rating,a,a,1.0,core_destroyed,525,,9,30,6,6,10,0,8,3,ok,,6.61,n-62-11-64,29052208,2026-08-08T08:40:19+0200
072f3bae0377d4f4,auto-a1214efd9c98,hodr@ea88247,hodr,ea88247,odin@93e46da,odin,93e46da,strait,all_official,1,0,rating,a,a,1.0,core_destroyed,100,,18,590,9,26,21,400,8,23,ok,,4.234,n-62-30-24,29052208,2026-08-08T08:38:59+0200
073ae5d7544b6e96,auto-a1214efd9c98,bastion@840a180,bastion,840a180,hodr@ea88247,hodr,ea88247,aurora,all_official,1,0,rating,b,b,0.0,core_destroyed,132,,44,520,9,20,28,400,6,16,ok,,5.059,n-62-11-60,29052208,2026-08-08T08:38:09+0200
075d2a00569757cd,auto-a1214efd9c98,skadi@6a2af02,skadi,6a2af02,hodr@ea88247,hodr,ea88247,vault,all_official,1,0,rating,b,b,0.0,core_destroyed,121,,59,560,9,14,56,560,8,22,ok,,4.838,n-62-31-22,29052208,2026-08-08T08:39:14+0200
076e3f40d89c871b,auto-a1214efd9c98,hodr@ea88247,hodr,ea88247,skadi@6a2af02,skadi,6a2af02,pinch,all_official,1,0,rating,b,b,0.0,core_destroyed,178,,8,510,7,14,44,1360,12,29,ok,,5.926,n-62-21-13,29052208,2026-08-08T08:39:25+0200
077fea8f89f677bf,auto-a1214efd9c98,janus@8a1e7a1,janus,8a1e7a1,hodr@ea88247,hodr,ea88247,fjord,all_official,1,0,rating,b,b,0.0,core_destroyed,48,,23,250,10,13,30,280,6,18,ok,,3.879,n-62-21-2,29052208,2026-08-08T08:38:08+0200
079f3bd23fd73b29,auto-a1214efd9c98,hodr@ea88247,hodr,ea88247,steward_hardened_reinforced@366cd1b,steward_hardened_reinforced,366cd1b,snowflake,all_official,1,0,rating,a,a,1.0,core_destroyed,65,,43,550,9,22,7,140,8,11,ok,,4.165,n-62-30-25,29052208,2026-08-08T08:39:43+0200
07a55df8f3272d52,auto-a1214efd9c98,lockin@90fc9f3,lockin,90fc9f3,hodr@ea88247,hodr,ea88247,strait,all_official,1,0,rating,b,b,0.0,core_destroyed,55,,112,70,10,5,16,180,8,15,ok,,5.307,n-62-21-62,29052208,2026-08-08T08:38:11+0200
07e0051dbdc68686,auto-a1214efd9c98,steward_hardened_reinforced@04300bf,steward_hardened_reinforced,04300bf,hodr@ea88247,hodr,ea88247,snowflake,all_official,1,0,rating,a,a,1.0,core_destroyed,65,,81,550,9,21,7,140,8,11,ok,,3.564,n-62-29-27,29052208,2026-08-08T08:40:00+0200
07f5f2316f3600c9,auto-a1214efd9c98,hodr@ea88247,hodr,ea88247,strategist@2a19238,strategist,2a19238,vase,all_official,1,0,rating,a,a,1.0,titanium_collected,1000,,16,2460,7,7,3062,2440,3,14,ok,,6.338,n-62-29-24,29052208,2026-08-08T08:40:44+0200
0803c94a08b2be71,auto-a1214efd9c98,hodr@ea88247,hodr,ea88247,odin@38e1456,odin,38e1456,twins,all_official,1,0,rating,a,a,1.0,core_destroyed,95,,11,250,7,15,10,210,8,9,ok,,4.51,n-62-29-33,29052208,2026-08-08T08:39:23+0200
082b8e772f88ad75,auto-a1214efd9c98,hodr@ea88247,hodr,ea88247,mistral@90fc9f3,mistral,90fc9f3,string,all_official,1,0,rating,a,a,1.0,core_destroyed,82,,18,190,7,7,112,0,2,0,ok,,2.769,n-62-11-64,29052208,2026-08-08T08:38:44+0200
0831f36a7248834a,auto-a1214efd9c98,gobbleglitch@6cdc440,gobbleglitch,6cdc440,hodr@ea88247,hodr,ea88247,atoll,all_official,1,0,rating,b,b,0.0,core_destroyed,58,,58,0,8,0,22,240,8,9,ok,,3.23,n-62-11-52,29052208,2026-08-08T08:38:24+0200
083931b811350081,auto-a1214efd9c98,jonbot_190003d@90fc9f3,jonbot_190003d,90fc9f3,hodr@ea88247,hodr,ea88247,atoll,all_official,1,0,rating,b,b,0.0,core_destroyed,180,,63,0,9,1,22,850,7,50,ok,,4.061,n-62-21-13,29052208,2026-08-08T08:38:02+0200
0848155b2d8747b0,auto-a1214efd9c98,tempest@90fc9f3,tempest,90fc9f3,hodr@ea88247,hodr,ea88247,string,all_official,1,0,rating,b,b,0.0,core_destroyed,129,,368,0,0,0,10,310,8,10,ok,,2.808,n-62-29-17,29052208,2026-08-08T08:40:31+0200
085a84f502edb1c5,auto-a1214efd9c98,hodr@ea88247,hodr,ea88247,pantheon_replica_day3@aa8bae0,pantheon_replica_day3,aa8bae0,meander,all_official,1,0,rating,a,a,1.0,titanium_collected,1000,,18,140,6,20,20,0,6,5,ok,,8.615,n-62-31-8,29052208,2026-08-08T08:39:34+0200
0860823043cdd06b,auto-a1214efd9c98,strategist@2a19238,strategist,2a19238,hodr@ea88247,hodr,ea88247,fjord,all_official,1,0,rating,b,b,0.0,core_destroyed,120,,526,830,11,24,30,1000,14,38,ok,,5.595,n-62-21-92,29052208,2026-08-08T08:40:28+0200
08915586adad1c40,auto-a1214efd9c98,steward_hardened_reinforced@f1f2bda,steward_hardened_reinforced,f1f2bda,hodr@ea88247,hodr,ea88247,snowflake,all_official,1,0,rating,a,a,1.0,core_destroyed,65,,81,550,9,21,7,140,8,11,ok,,3.785,n-62-12-4,29052208,2026-08-08T08:40:36+0200
08b8b664de60f040,auto-a1214efd9c98,maporacle@38e1456,maporacle,38e1456,hodr@ea88247,hodr,ea88247,eider,all_official,1,0,rating,b,b,0.0,core_destroyed,80,,40,180,5,7,19,340,5,11,ok,,3.844,n-62-21-65,29052208,2026-08-08T08:38:04+0200
08de07554dbefdb6,auto-a1214efd9c98,skadi@821d792,skadi,821d792,hodr@ea88247,hodr,ea88247,saga,all_official,1,0,rating,b,b,0.0,core_destroyed,237,,222,2820,12,40,79,1950,13,24,ok,,9.242,n-62-31-24,29052208,2026-08-08T08:39:46+0200
08e221d4199835a1,auto-a1214efd9c98,hodr@ea88247,hodr,ea88247,skadi@6a2af02,skadi,6a2af02,jackpot,all_official,1,0,rating,a,a,1.0,titanium_collected,1000,,96,4930,21,19,1969,3210,11,26,ok,,30.165,n-62-31-5,29052208,2026-08-08T08:39:37+0200
08e3c486f6d09c96,auto-a1214efd9c98,spar_mender@d5b46bc,spar_mender,d5b46bc,hodr@ea88247,hodr,ea88247,string,all_official,1,0,rating,b,b,0.0,core_destroyed,247,,67,30,1,2,47,1710,14,12,ok,,6.865,n-62-29-16,29052208,2026-08-08T08:40:16+0200
08f0643cfedc044e,auto-a1214efd9c98,steward_reinforced@a8dc58a,steward_reinforced,a8dc58a,hodr@ea88247,hodr,ea88247,strait,all_official,1,0,rating,a,a,1.0,core_destroyed,415,,17,1020,8,14,10,50,5,8,ok,,9.089,n-62-31-24,29052208,2026-08-08T08:40:39+0200
08fdaa1ba6f81ad2,auto-a1214efd9c98,hodr@ea88247,hodr,ea88247,skadi@6a2af02,skadi,6a2af02,string,all_official,1,0,rating,b,b,0.0,titanium_collected,1000,,224,3160,6,14,190,7640,7,12,ok,,17.686,n-62-31-21,29052208,2026-08-08T08:39:26+0200
091776af07fb44f3,auto-a1214efd9c98,bastion@840a180,bastion,840a180,hodr@ea88247,hodr,ea88247,string,all_official,1,0,rating,a,a,1.0,core_destroyed,237,,62,1140,11,15,79,240,4,0,ok,,6.468,n-62-11-64,29052208,2026-08-08T08:38:14+0200
09555cdda7174962,auto-a1214efd9c98,ragnarok_fair@79582fc,ragnarok_fair,79582fc,hodr@ea88247,hodr,ea88247,fjordgate,all_official,1,0,rating,b,b,0.0,core_destroyed,85,,8,0,6,0,10,80,6,3,ok,,3.069,n-62-21-12,29052208,2026-08-08T08:39:14+0200
09557957faf0f7d3,auto-a1214efd9c98,njord@f66a427,njord,f66a427,hodr@ea88247,hodr,ea88247,runestone,all_official,1,0,rating,a,a,1.0,core_destroyed,317,,9,50,8,17,10,260,8,17,ok,,5.418,n-62-28-34,29052208,2026-08-08T08:38:48+0200
0967601eea33de92,auto-a1214efd9c98,steward_relent@7ed1acc,steward_relent,7ed1acc,hodr@ea88247,hodr,ea88247,nordkap,all_official,1,0,rating,b,b,0.0,titanium_collected,1000,,20,80,9,7,16,360,8,9,ok,,7.931,n-62-11-61,29052208,2026-08-08T08:40:34+0200
09878c99f2d695a9,auto-a1214efd9c98,hodr@ea88247,hodr,ea88247,spar_mender@7ed1acc,spar_mender,7ed1acc,saga,all_official,1,0,rating,a,a,1.0,core_destroyed,96,,20,340,7,26,228,830,10,43,ok,,4.783,n-62-21-97,29052208,2026-08-08T08:40:16+0200
0991f706cc4106a1,auto-a1214efd9c98,hodr@ea88247,hodr,ea88247,gefjon@f66a427,gefjon,f66a427,nordkap,all_official,1,0,rating,a,a,1.0,core_destroyed,354,,8,860,8,15,8,80,6,3,ok,,4.919,n-62-31-19,29052208,2026-08-08T08:38:07+0200
09a17603d70ed757,auto-a1214efd9c98,mimir@cfc1ec4,mimir,cfc1ec4,hodr@ea88247,hodr,ea88247,strait,all_official,1,0,rating,a,a,1.0,titanium_collected,1000,,16,250,6,13,16,70,6,11,ok,,8.013,n-62-31-23,29052208,2026-08-08T08:39:05+0200
09b009ac71dd0b05,auto-a1214efd9c98,hodr@ea88247,hodr,ea88247,odin@93e46da,odin,93e46da,aurora,all_official,1,0,rating,a,a,1.0,core_destroyed,90,,38,600,8,32,8,480,9,25,ok,,4.005,n-62-29-27,29052208,2026-08-08T08:39:10+0200
09b8b4c66c5d45c3,auto-a1214efd9c98,hodr@ea88247,hodr,ea88247,steward_hardened_reinforced@cdc552f,steward_hardened_reinforced,cdc552f,fjord,all_official,1,0,rating,b,b,0.0,core_destroyed,86,,9,560,9,20,10,460,6,14,ok,,4.055,n-62-11-64,29052208,2026-08-08T08:39:59+0200
09bb3f6b338c30d9,auto-a1214efd9c98,steward_hardened_reinforced@a994296,steward_hardened_reinforced,a994296,hodr@ea88247,hodr,ea88247,showdown,all_official,1,0,rating,a,a,1.0,core_destroyed,757,,9,170,6,8,10,800,6,6,ok,,6.961,n-62-11-67,29052208,2026-08-08T08:39:46+0200
09e42257f9bd88ff,auto-a1214efd9c98,skadi@1e4eddf,skadi,1e4eddf,hodr@ea88247,hodr,ea88247,archipelago,all_official,1,0,rating,b,b,0.0,core_destroyed,188,,148,1620,14,29,29,780,9,19,ok,,7.244,n-62-21-9,29052208,2026-08-08T08:39:15+0200
09ed261537d282fd,auto-a1214efd9c98,tempest_reinforcements@38f9c23,tempest_reinforcements,38f9c23,hodr@ea88247,hodr,ea88247,showdown,all_official,1,0,rating,b,b,0.0,core_destroyed,158,,8,340,5,15,12,340,5,10,ok,,2.719,n-62-31-19,29052208,2026-08-08T08:40:45+0200
0a000c0b49e07f5d,auto-a1214efd9c98,steward_hardened_reinforced@672ee02,steward_hardened_reinforced,672ee02,hodr@ea88247,hodr,ea88247,runestone,all_official,1,0,rating,b,b,0.0,core_destroyed,101,,7,60,7,16,10,310,8,19,ok,,3.799,n-62-31-23,29052208,2026-08-08T08:39:45+0200
0a0b15ce32067dec,auto-a1214efd9c98,hodr@ea88247,hodr,ea88247,prospect@bf9b3e3,prospect,bf9b3e3,runestone,all_official,1,0,rating,a,a,1.0,titanium_collected,1000,,16,240,8,20,20,100,9,11,ok,,7.512,n-62-11-57,29052208,2026-08-08T08:39:06+0200
0a108d8c05deeca3,auto-a1214efd9c98,spar_mender@7ed1acc,spar_mender,7ed1acc,hodr@ea88247,hodr,ea88247,runestone,all_official,1,0,rating,b,b,0.0,core_destroyed,98,,97,590,8,39,23,680,9,33,ok,,4.19,n-62-21-97,29052208,2026-08-08T08:40:11+0200
0a18192487d93f6f,auto-a1214efd9c98,jonbot_190003d@90fc9f3,jonbot_190003d,90fc9f3,hodr@ea88247,hodr,ea88247,nordkap,all_official,1,0,rating,a,a,1.0,core_destroyed,321,,59,120,10,10,10,20,5,5,ok,,4.69,n-62-21-18,29052208,2026-08-08T08:38:10+0200
0a18ce9f761a920d,auto-a1214efd9c98,prospect@bf9b3e3,prospect,bf9b3e3,hodr@ea88247,hodr,ea88247,string,all_official,1,0,rating,b,b,0.0,core_destroyed,311,,32,670,5,0,41,770,6,4,ok,,8.1,n-62-11-51,29052208,2026-08-08T08:39:28+0200
0a34a8296b9fc24d,auto-a1214efd9c98,hodr@ea88247,hodr,ea88247,gobbleglitch@6cdc440,gobbleglitch,6cdc440,showdown,all_official,1,0,rating,a,a,1.0,core_destroyed,210,,6,470,5,10,58,480,5,7,ok,,3.015,n-62-21-90,29052208,2026-08-08T08:38:28+0200
0a48417958408fb4,auto-a1214efd9c98,hodr@ea88247,hodr,ea88247,prospect_rushonly@bf9b3e3,prospect_rushonly,bf9b3e3,duel,all_official,1,0,rating,a,a,1.0,core_destroyed,52,,26,220,8,6,20,210,7,9,ok,,3.0,n-62-12-1,29052208,2026-08-08T08:38:56+0200
0a79de3daa60c0b6,auto-a1214efd9c98,aegis@e55aab5,aegis,e55aab5,hodr@ea88247,hodr,ea88247,drumlin,all_official,1,0,rating,b,b,0.0,core_destroyed,52,,29,140,8,18,28,240,7,17,ok,,3.248,n-62-31-4,29052208,2026-08-08T08:38:06+0200
0a7bb009d2ab405d,auto-a1214efd9c98,hodr@ea88247,hodr,ea88247,fenrir2@6b39ebb,fenrir2,6b39ebb,pinch,all_official,1,0,rating,b,b,0.0,core_destroyed,321,,187,1560,10,27,10,1010,5,11,ok,,8.851,n-62-29-31,29052208,2026-08-08T08:38:08+0200
0a97adeed8e6cd0a,auto-a1214efd9c98,hodr@ea88247,hodr,ea88247,pantheon_replica_day3@aa8bae0,pantheon_replica_day3,aa8bae0,bridge,all_official,1,0,rating,b,b,0.0,core_destroyed,118,,61,0,7,12,92,540,7,19,ok,,4.511,n-62-31-13,29052208,2026-08-08T08:39:04+0200
0a9f322b0b212223,auto-a1214efd9c98,jotunn@6b39ebb,jotunn,6b39ebb,hodr@ea88247,hodr,ea88247,heart,all_official,1,0,rating,b,b,0.0,core_destroyed,324,,106,780,13,34,20,0,5,12,ok,,5.594,n-62-13-7,29052208,2026-08-08T08:38:30+0200
0ae5e27eb51d0ca1,auto-a1214efd9c98,prospect_rushonly@bf9b3e3,prospect_rushonly,bf9b3e3,hodr@ea88247,hodr,ea88247,longship,all_official,1,0,rating,b,b,0.0,core_destroyed,77,,9,270,10,12,9,170,6,22,ok,,3.574,n-62-12-5,29052208,2026-08-08T08:39:31+0200
0aedc0263af56546,auto-a1214efd9c98,mimir@cfc1ec4,mimir,cfc1ec4,hodr@ea88247,hodr,ea88247,jackpot,all_official,1,0,rating,a,a,1.0,titanium_collected,1000,,146,4930,25,24,260,4890,24,20,ok,,57.577,n-62-31-4,29052208,2026-08-08T08:40:48+0200
0b08a3938e04313a,auto-a1214efd9c98,tempest_reinforcements@025dd51,tempest_reinforcements,025dd51,hodr@ea88247,hodr,ea88247,quarry,all_official,1,0,rating,b,b,0.0,core_destroyed,93,,94,270,10,11,34,470,9,21,ok,,5.221,n-62-31-17,29052208,2026-08-08T08:40:38+0200
0b42f70673378007,auto-a1214efd9c98,steward_hardened_reinforced@c04e46e,steward_hardened_reinforced,c04e46e,hodr@ea88247,hodr,ea88247,twins,all_official,1,0,rating,b,b,0.0,core_destroyed,309,,9,750,9,7,9,720,7,17,ok,,4.627,n-62-11-63,29052208,2026-08-08T08:39:46+0200
0b450d421a584e97,auto-a1214efd9c98,steward_hardened_reinforced@f61245f,steward_hardened_reinforced,f61245f,hodr@ea88247,hodr,ea88247,sweden,all_official,1,0,rating,b,b,0.0,core_destroyed,449,,33,0,9,4,21,1080,11,21,ok,,15.101,n-62-29-15,29052208,2026-08-08T08:40:45+0200
0b4aee0f6e9b6f12,auto-a1214efd9c98,hodr@ea88247,hodr,ea88247,strategist@2e6eca5,strategist,2e6eca5,heart,all_official,1,0,rating,a,a,1.0,titanium_collected,1000,,22,2440,6,15,69,0,5,25,ok,,7.005,n-62-21-97,29052208,2026-08-08T08:40:26+0200
0b51a6d928bda176,auto-a1214efd9c98,hodr@ea88247,hodr,ea88247,skadi@821d792,skadi,821d792,jackpot,all_official,1,0,rating,a,a,1.0,titanium_collected,1000,,279,4930,24,20,1904,3600,6,26,ok,,38.159,n-62-21-15,29052208,2026-08-08T08:40:17+0200
0b769026c4e4b8fb,auto-a1214efd9c98,mimir@cfc1ec4,mimir,cfc1ec4,hodr@ea88247,hodr,ea88247,atoll,all_official,1,0,rating,a,a,1.0,core_destroyed,91,,13,400,8,17,16,400,9,8,ok,,4.238,n-62-21-72,29052208,2026-08-08T08:38:16+0200
0be0e5e2addea670,auto-a1214efd9c98,steward_hardened_reinforced@cdc552f,steward_hardened_reinforced,cdc552f,hodr@ea88247,hodr,ea88247,strait,all_official,1,0,rating,b,b,0.0,core_destroyed,238,,10,60,5,9,10,570,8,13,ok,,5.357,n-62-21-89,29052208,2026-08-08T08:39:51+0200
0be7cd95a6c47840,auto-a1214efd9c98,maporacle@38e1456,maporacle,38e1456,hodr@ea88247,hodr,ea88247,sprint,all_official,1,0,rating,b,b,0.0,core_destroyed,46,,10,0,9,1,6,20,6,5,ok,,3.165,n-62-21-68,29052208,2026-08-08T08:38:26+0200
0bebef0ee914d3b3,auto-a1214efd9c98,hodr@ea88247,hodr,ea88247,jonbot@90fc9f3,jonbot,90fc9f3,archipelago,all_official,1,0,rating,a,a,1.0,core_destroyed,81,,72,720,6,47,357,170,5,21,ok,,4.538,n-62-21-3,29052208,2026-08-08T08:38:07+0200
0bf01640cde92c59,auto-a1214efd9c98,casemate_oracle@90fc9f3,casemate_oracle,90fc9f3,hodr@ea88247,hodr,ea88247,sprint,all_official,1,0,rating,a,a,1.0,titanium_stored,1000,,1200,0,7,7,20,0,9,2,ok,,12.967,n-62-21-97,29052208,2026-08-08T08:38:31+0200
0c02e9d45280bce7,auto-a1214efd9c98,maporacle@38e1456,maporacle,38e1456,hodr@ea88247,hodr,ea88247,saga,all_official,1,0,rating,a,a,1.0,core_destroyed,90,,18,410,8,23,91,470,8,22,ok,,4.686,n-62-21-67,29052208,2026-08-08T08:38:45+0200
0c10e83474deeab8,auto-a1214efd9c98,steward_hardened_reinforced@366cd1b,steward_hardened_reinforced,366cd1b,hodr@ea88247,hodr,ea88247,meander,all_official,1,0,rating,b,b,0.0,core_destroyed,405,,10,50,7,3,9,0,9,9,ok,,5.149,n-62-30-23,29052208,2026-08-08T08:39:57+0200
0c680e935fd5b265,auto-a1214efd9c98,gobbleglitch@6cdc440,gobbleglitch,6cdc440,hodr@ea88247,hodr,ea88247,sweden,all_official,1,0,rating,a,a,1.0,core_destroyed,123,,60,480,8,13,7,130,8,16,ok,,4.163,n-62-12-5,29052208,2026-08-08T08:38:11+0200
0c6f9fa74c4ba7e9,auto-a1214efd9c98,odin@38e1456,odin,38e1456,hodr@ea88247,hodr,ea88247,twins,all_official,1,0,rating,b,b,0.0,core_destroyed,110,,43,660,10,33,1,240,7,22,ok,,4.751,n-62-29-33,29052208,2026-08-08T08:39:28+0200
0c97263a4aaad3b2,auto-a1214efd9c98,steward_hardened_reinforced@04300bf,steward_hardened_reinforced,04300bf,hodr@ea88247,hodr,ea88247,twins,all_official,1,0,rating,a,a,1.0,core_destroyed,120,,20,280,8,9,14,160,8,14,ok,,3.577,n-62-31-5,29052208,2026-08-08T08:40:38+0200
0c9c0a8c3409683e,auto-a1214efd9c98,hodr@ea88247,hodr,ea88247,e_t4l7@9e77076,e_t4l7,9e77076,lighthouse,all_official,1,0,rating,a,a,1.0,core_destroyed,551,,29,3630,8,32,4191,5620,4,22,ok,,7.038,n-62-28-33,29052208,2026-08-08T08:38:36+0200
0c9e00f802889046,auto-a1214efd9c98,hodr@ea88247,hodr,ea88247,gefjon@f66a427,gefjon,f66a427,showdown,all_official,1,0,rating,a,a,1.0,core_destroyed,137,,9,10,6,10,10,0,7,12,ok,,3.24,n-62-11-55,29052208,2026-08-08T08:38:04+0200
0ca2417faaa421b0,auto-a1214efd9c98,jotunn@6b39ebb,jotunn,6b39ebb,hodr@ea88247,hodr,ea88247,longship,all_official,1,0,rating,b,b,0.0,core_destroyed,332,,14,970,7,72,87,2150,14,51,ok,,6.854,n-62-12-65,29052208,2026-08-08T08:38:16+0200
0cbf71351a1d4562,auto-a1214efd9c98,tempest_reinforcements@025dd51,tempest_reinforcements,025dd51,hodr@ea88247,hodr,ea88247,longship,all_official,1,0,rating,a,a,1.0,core_destroyed,269,,60,650,12,12,9,210,7,15,ok,,5.125,n-62-30-25,29052208,2026-08-08T08:40:38+0200
0cfab8661e1800aa,auto-a1214efd9c98,hodr@ea88247,hodr,ea88247,bastion@840a180,bastion,840a180,skerry,all_official,1,0,rating,a,a,1.0,core_destroyed,69,,17,370,8,14,5,330,9,30,ok,,3.766,n-62-11-63,29052208,2026-08-08T08:38:11+0200
0d164cf644b66398,auto-a1214efd9c98,hodr@ea88247,hodr,ea88247,jotunn@6b39ebb,jotunn,6b39ebb,drumlin,all_official,1,0,rating,a,a,1.0,core_destroyed,64,,21,470,9,36,70,320,8,30,ok,,3.029,n-62-13-6,29052208,2026-08-08T08:38:32+0200
0d5f566cfdf64642,auto-a1214efd9c98,steward_hardened_reinforced@deba9ec,steward_hardened_reinforced,deba9ec,hodr@ea88247,hodr,ea88247,hive,all_official,1,0,rating,a,a,1.0,core_destroyed,77,,9,170,7,17,10,250,9,22,ok,,4.851,n-62-31-10,29052208,2026-08-08T08:40:29+0200
0db029d4751ad81a,auto-a1214efd9c98,hodr@ea88247,hodr,ea88247,njord@f66a427,njord,f66a427,sweden,all_official,1,0,rating,b,b,0.0,core_destroyed,659,,39,0,10,2,25,1610,14,19,ok,,23.866,n-62-29-13,29052208,2026-08-08T08:39:43+0200
0db20dd158baace9,auto-a1214efd9c98,hodr@ea88247,hodr,ea88247,steward_hardened_reinforced@366cd1b,steward_hardened_reinforced,366cd1b,vault,all_official,1,0,rating,b,b,0.0,core_destroyed,131,,8,430,11,13,9,610,9,21,ok,,5.517,n-62-31-17,29052208,2026-08-08T08:40:34+0200
0db7709d72f355f2,auto-a1214efd9c98,hodr@ea88247,hodr,ea88247,janus@8a1e7a1,janus,8a1e7a1,pinch,all_official,1,0,rating,a,a,1.0,core_destroyed,165,,8,160,7,13,10,390,6,5,ok,,4.174,n-62-21-6,29052208,2026-08-08T08:38:04+0200
0e01aba2255a89ae,auto-a1214efd9c98,steward_hardened_reinforced@a994296,steward_hardened_reinforced,a994296,hodr@ea88247,hodr,ea88247,quarry,all_official,1,0,rating,b,b,0.0,core_destroyed,981,,8,630,7,22,10,2660,9,22,ok,,8.467,n-62-31-24,29052208,2026-08-08T08:40:17+0200
0e391c488bab3c62,auto-a1214efd9c98,aegis@e55aab5,aegis,e55aab5,hodr@ea88247,hodr,ea88247,string,all_official,1,0,rating,a,a,1.0,core_destroyed,661,,10,1790,6,11,66,420,8,6,ok,,9.183,n-62-31-24,29052208,2026-08-08T08:38:34+0200
0e71f0e36662a117,auto-a1214efd9c98,mjolnir@2e6c876,mjolnir,2e6c876,hodr@ea88247,hodr,ea88247,skerry,all_official,1,0,rating,b,b,0.0,core_destroyed,102,,1,470,10,21,70,820,11,28,ok,,5.711,n-62-31-11,29052208,2026-08-08T08:38:54+0200
0e721758295ee85d,auto-a1214efd9c98,spar_mender@d5b46bc,spar_mender,d5b46bc,hodr@ea88247,hodr,ea88247,antler,all_official,1,0,rating,b,b,0.0,core_destroyed,74,,8,170,8,7,149,320,5,8,ok,,2.72,n-62-28-31,29052208,2026-08-08T08:39:31+0200
0e876fb97e0f2522,auto-a1214efd9c98,hodr@ea88247,hodr,ea88247,steward_hardened_reinforced@366cd1b,steward_hardened_reinforced,366cd1b,nordkap,all_official,1,0,rating,b,b,0.0,titanium_collected,1000,,20,80,9,7,16,360,8,9,ok,,8.538,n-62-30-23,29052208,2026-08-08T08:40:15+0200
0e9c0d47eb4992cf,auto-a1214efd9c98,jotunn@6b39ebb,jotunn,6b39ebb,hodr@ea88247,hodr,ea88247,showdown,all_official,1,0,rating,b,b,0.0,core_destroyed,138,,10,0,7,6,119,660,8,28,ok,,2.705,n-62-12-66,29052208,2026-08-08T08:38:30+0200
0e9c32ca007cf594,auto-a1214efd9c98,steward_relent@7ed1acc,steward_relent,7ed1acc,hodr@ea88247,hodr,ea88247,skerry,all_official,1,0,rating,b,b,0.0,core_destroyed,111,,31,750,12,11,10,320,4,13,ok,,4.034,n-62-11-62,29052208,2026-08-08T08:40:35+0200
0e9e0bae608107b9,auto-a1214efd9c98,hodr@ea88247,hodr,ea88247,steward_hardened_reinforced@04300bf,steward_hardened_reinforced,04300bf,vase,all_official,1,0,rating,a,a,1.0,core_destroyed,144,,20,110,8,4,43,320,8,13,ok,,4.763,n-62-31-5,29052208,2026-08-08T08:40:43+0200
0ea9135bc984b74b,auto-a1214efd9c98,hodr@ea88247,hodr,ea88247,steward_hardened_reinforced@366cd1b,steward_hardened_reinforced,366cd1b,archipelago,all_official,1,0,rating,a,a,1.0,core_destroyed,66,,20,360,9,27,5,150,8,14,ok,,3.956,n-62-29-34,29052208,2026-08-08T08:39:48+0200
0ec128656f9ed342,auto-a1214efd9c98,hodr@ea88247,hodr,ea88247,jotunn@6b39ebb,jotunn,6b39ebb,archipelago,all_official,1,0,rating,a,a,1.0,core_destroyed,152,,139,1290,9,45,293,740,7,21,ok,,5.337,n-62-21-23,29052208,2026-08-08T08:38:17+0200
0ecb2271e12dd2b1,auto-a1214efd9c98,hodr@ea88247,hodr,ea88247,steward_reinforced@a8dc58a,steward_reinforced,a8dc58a,quarry,all_official,1,0,rating,a,a,1.0,core_destroyed,66,,33,310,7,29,10,120,10,9,ok,,4.934,n-62-31-22,29052208,2026-08-08T08:40:07+0200
0efdb801c8100b19,auto-a1214efd9c98,freyr@c2c0d3d,freyr,c2c0d3d,hodr@ea88247,hodr,ea88247,vase,all_official,1,0,rating,b,b,0.0,core_destroyed,121,,37,230,8,8,33,260,7,15,ok,,4.634,n-62-31-7,29052208,2026-08-08T08:38:09+0200
0f20eabae6a667d9,auto-a1214efd9c98,casemate_oracle@90fc9f3,casemate_oracle,90fc9f3,hodr@ea88247,hodr,ea88247,strait,all_official,1,0,rating,b,b,0.0,core_destroyed,150,,28,0,6,15,8,340,8,15,ok,,7.343,n-62-21-97,29052208,2026-08-08T08:38:44+0200
0f43d04739a63135,auto-a1214efd9c98,hodr@ea88247,hodr,ea88247,heimdall@daf0de0,heimdall,daf0de0,strait,all_official,1,0,rating,a,a,1.0,core_destroyed,265,,10,710,5,19,7,920,8,34,ok,,4.937,n-62-12-6,29052208,2026-08-08T08:38:04+0200
0f551a495db3a89b,auto-a1214efd9c98,hodr@ea88247,hodr,ea88247,steward_hardened_reinforced@366cd1b,steward_hardened_reinforced,366cd1b,pinch,all_official,1,0,rating,a,a,1.0,core_destroyed,201,,8,480,8,8,9,480,7,6,ok,,3.745,n-62-30-24,29052208,2026-08-08T08:39:33+0200
0f6ac6c0e2af312b,auto-a1214efd9c98,fenrir2@6b39ebb,fenrir2,6b39ebb,hodr@ea88247,hodr,ea88247,sweden,all_official,1,0,rating,b,b,0.0,core_destroyed,451,,154,460,2,15,10,1090,16,15,ok,,9.275,n-62-29-27,29052208,2026-08-08T08:38:28+0200
0fa1ea91be37031e,auto-a1214efd9c98,hodr@ea88247,hodr,ea88247,jonbot_190003d@90fc9f3,jonbot_190003d,90fc9f3,vault,all_official,1,0,rating,a,a,1.0,core_destroyed,122,,20,560,7,34,326,290,8,5,ok,,4.864,n-62-21-23,29052208,2026-08-08T08:37:56+0200
0fcfb0a666def38b,auto-a1214efd9c98,hodr@ea88247,hodr,ea88247,lockin@90fc9f3,lockin,90fc9f3,fjordgate,all_official,1,0,rating,a,a,1.0,core_destroyed,42,,10,90,7,14,600,0,0,0,ok,,1.729,n-62-21-57,29052208,2026-08-08T08:38:22+0200
0fdcd33049060190,auto-a1214efd9c98,hodr@ea88247,hodr,ea88247,lockin@90fc9f3,lockin,90fc9f3,sweden,all_official,1,0,rating,a,a,1.0,core_destroyed,77,,20,100,9,19,690,0,0,0,ok,,2.689,n-62-21-62,29052208,2026-08-08T08:38:18+0200
0fe0038de0d6ed94,auto-a1214efd9c98,jotunn@6b39ebb,jotunn,6b39ebb,hodr@ea88247,hodr,ea88247,bridge,all_official,1,0,rating,b,b,0.0,core_destroyed,977,,4756,5250,9,17,10,0,6,8,ok,,9.535,n-62-13-6,29052208,2026-08-08T08:38:12+0200
0fe8d966a10c346c,auto-a1214efd9c98,hodr@ea88247,hodr,ea88247,steward_hardened_reinforced@366cd1b,steward_hardened_reinforced,366cd1b,aurora,all_official,1,0,rating,a,a,1.0,core_destroyed,68,,28,410,7,30,19,250,8,22,ok,,3.857,n-62-29-34,29052208,2026-08-08T08:40:05+0200
100f732369d04048,auto-a1214efd9c98,tempest_reinforcements@38f9c23,tempest_reinforcements,38f9c23,hodr@ea88247,hodr,ea88247,eider,all_official,1,0,rating,b,b,0.0,core_destroyed,54,,40,190,9,8,19,210,6,11,ok,,3.327,n-62-31-13,29052208,2026-08-08T08:40:44+0200
1034a44517cece2f,auto-a1214efd9c98,mistral@90fc9f3,mistral,90fc9f3,hodr@ea88247,hodr,ea88247,vault,all_official,1,0,rating,b,b,0.0,core_destroyed,51,,4,0,10,0,10,210,9,18,ok,,4.826,n-62-11-66,29052208,2026-08-08T08:38:44+0200
1039270e8667cc4d,auto-a1214efd9c98,hodr@ea88247,hodr,ea88247,skadi@6a2af02,skadi,6a2af02,quarry,all_official,1,0,rating,a,a,1.0,core_destroyed,253,,57,1280,7,29,8,1280,8,22,ok,,6.219,n-62-21-13,29052208,2026-08-08T08:39:36+0200
1057ab99272d9c21,auto-a1214efd9c98,steward_hardened_reinforced@a994296,steward_hardened_reinforced,a994296,hodr@ea88247,hodr,ea88247,runestone,all_official,1,0,rating,a,a,1.0,core_destroyed,325,,9,50,8,17,10,280,8,17,ok,,5.492,n-62-31-24,29052208,2026-08-08T08:40:28+0200
1061dc30b917fef1,auto-a1214efd9c98,pantheon_replica_day3@aa8bae0,pantheon_replica_day3,aa8bae0,hodr@ea88247,hodr,ea88247,lighthouse,all_official,1,0,rating,a,a,1.0,core_destroyed,285,,9,90,8,4,10,190,7,6,ok,,4.605,n-62-31-8,29052208,2026-08-08T08:39:17+0200
10645466374b0085,auto-a1214efd9c98,jotunn@6b39ebb,jotunn,6b39ebb,hodr@ea88247,hodr,ea88247,antler,all_official,1,0,rating,a,a,1.0,core_destroyed,219,,56,1580,15,31,60,560,3,23,ok,,5.909,n-62-21-23,29052208,2026-08-08T08:38:11+0200
107292c90112e919,auto-a1214efd9c98,hodr@ea88247,hodr,ea88247,steward_hardened_reinforced@672ee02,steward_hardened_reinforced,672ee02,strait,all_official,1,0,rating,a,a,1.0,core_destroyed,149,,9,540,8,13,10,60,5,5,ok,,4.204,n-62-31-22,29052208,2026-08-08T08:39:42+0200
109c4f2f202d8458,auto-a1214efd9c98,heimdall@daf0de0,heimdall,daf0de0,hodr@ea88247,hodr,ea88247,pinch,all_official,1,0,rating,b,b,0.0,core_destroyed,133,,23,310,9,29,2,730,12,29,ok,,4.76,n-62-12-3,29052208,2026-08-08T08:38:22+0200
10c31ca8b38c07cf,auto-a1214efd9c98,hodr@ea88247,hodr,ea88247,spar_mender@d5b46bc,spar_mender,d5b46bc,fjordgate,all_official,1,0,rating,b,b,0.0,core_destroyed,314,,0,10,1,3,63,1650,15,12,ok,,6.068,n-62-28-34,29052208,2026-08-08T08:39:29+0200
10c585c09160a0b9,auto-a1214efd9c98,hodr@ea88247,hodr,ea88247,ragnarok_fair@79582fc,ragnarok_fair,79582fc,crossfire,all_official,1,0,rating,a,a,1.0,core_destroyed,143,,8,650,8,13,9,620,8,20,ok,,5.056,n-62-21-1,29052208,2026-08-08T08:39:31+0200
10c845aa44891355,auto-a1214efd9c98,hodr@ea88247,hodr,ea88247,bastion@840a180,bastion,840a180,lighthouse,all_official,1,0,rating,a,a,1.0,core_destroyed,88,,33,360,7,13,11,50,8,5,ok,,3.333,n-62-11-62,29052208,2026-08-08T08:38:20+0200
10cd03c3d356f137,auto-a1214efd9c98,hodr@ea88247,hodr,ea88247,maporacle@38e1456,maporacle,38e1456,crossfire,all_official,1,0,rating,a,a,1.0,core_destroyed,73,,9,310,7,16,0,240,10,13,ok,,4.08,n-62-21-64,29052208,2026-08-08T08:38:30+0200
10df3a9dbfc4ae9e,auto-a1214efd9c98,hodr@ea88247,hodr,ea88247,janus@8a1e7a1,janus,8a1e7a1,quarry,all_official,1,0,rating,b,b,0.0,core_destroyed,66,,18,300,7,29,20,330,9,16,ok,,4.002,n-62-21-6,29052208,2026-08-08T08:38:12+0200
10f0c008e5fb3893,auto-a1214efd9c98,e_t4l7@9e77076,e_t4l7,9e77076,hodr@ea88247,hodr,ea88247,saga,all_official,1,0,rating,b,b,0.0,core_destroyed,166,,95,650,6,34,27,1240,8,39,ok,,4.479,n-62-29-13,29052208,2026-08-08T08:38:29+0200
11386614cff4f20c,auto-a1214efd9c98,steward_hardened_reinforced@672ee02,steward_hardened_reinforced,672ee02,hodr@ea88247,hodr,ea88247,quarry,all_official,1,0,rating,b,b,0.0,core_destroyed,116,,12,240,9,17,30,670,9,23,ok,,3.921,n-62-31-21,29052208,2026-08-08T08:40:10+0200
113d37b000fdd0cd,auto-a1214efd9c98,hodr@ea88247,hodr,ea88247,freyr@c2c0d3d,freyr,c2c0d3d,longship,all_official,1,0,rating,b,b,0.0,core_destroyed,68,,19,230,8,15,18,250,7,23,ok,,4.138,n-62-30-24,29052208,2026-08-08T08:37:55+0200
115412f6122f440b,auto-a1214efd9c98,hodr@ea88247,hodr,ea88247,undertow_oracle@fdc1e1f,undertow_oracle,fdc1e1f,snowflake,all_official,1,0,rating,b,b,0.0,core_destroyed,68,,156,570,7,22,89,780,9,25,ok,,4.115,n-62-21-90,29052208,2026-08-08T08:40:49+0200
11615ad222039693,auto-a1214efd9c98,hodr@ea88247,hodr,ea88247,heimdall@daf0de0,heimdall,daf0de0,crossfire,all_official,1,0,rating,a,a,1.0,core_destroyed,136,,56,630,9,15,19,440,9,10,ok,,5.019,n-62-12-7,29052208,2026-08-08T08:38:46+0200
118f745b06e668f4,auto-a1214efd9c98,hodr@ea88247,hodr,ea88247,ragnarok_fair@79582fc,ragnarok_fair,79582fc,vault,all_official,1,0,rating,a,a,1.0,core_destroyed,68,,18,250,7,16,20,290,11,8,ok,,4.483,n-62-21-6,29052208,2026-08-08T08:40:02+0200
11a98ecde8739afd,auto-a1214efd9c98,skadi@821d792,skadi,821d792,hodr@ea88247,hodr,ea88247,moonrise,all_official,1,0,rating,a,a,1.0,core_destroyed,115,,7,260,5,10,7,200,7,5,ok,,3.135,n-62-21-16,29052208,2026-08-08T08:39:46+0200
11b32c3c5c9b4d95,auto-a1214efd9c98,heimdall@daf0de0,heimdall,daf0de0,hodr@ea88247,hodr,ea88247,crossfire,all_official,1,0,rating,a,a,1.0,core_destroyed,120,,21,610,10,25,166,540,9,19,ok,,4.777,n-62-12-7,29052208,2026-08-08T08:38:51+0200
11b3fc8b46989772,auto-a1214efd9c98,tempest@90fc9f3,tempest,90fc9f3,hodr@ea88247,hodr,ea88247,bridge,all_official,1,0,rating,b,b,0.0,core_destroyed,159,,580,0,2,5,10,0,7,8,ok,,3.856,n-62-29-27,29052208,2026-08-08T08:40:43+0200
11e19138251d2ea6,auto-a1214efd9c98,njord@f66a427,njord,f66a427,hodr@ea88247,hodr,ea88247,quarry,all_official,1,0,rating,b,b,0.0,core_destroyed,981,,8,630,7,22,10,2660,9,22,ok,,8.8,n-62-28-33,29052208,2026-08-08T08:39:44+0200
12238ec8786db941,auto-a1214efd9c98,aegis@e55aab5,aegis,e55aab5,hodr@ea88247,hodr,ea88247,duel,all_official,1,0,rating,b,b,0.0,core_destroyed,97,,10,230,6,7,18,450,7,7,ok,,3.387,n-62-31-4,29052208,2026-08-08T08:38:13+0200
125870e952e4ab02,auto-a1214efd9c98,hodr@ea88247,hodr,ea88247,skadi@6a2af02,skadi,6a2af02,lighthouse,all_official,1,0,rating,a,a,1.0,core_destroyed,78,,9,320,7,9,4,60,6,9,ok,,3.145,n-62-31-5,29052208,2026-08-08T08:39:45+0200
125926249d659411,auto-a1214efd9c98,hodr@ea88247,hodr,ea88247,mistral@90fc9f3,mistral,90fc9f3,strait,all_official,1,0,rating,a,a,1.0,core_destroyed,50,,8,180,8,16,60,0,8,0,ok,,3.781,n-62-11-64,29052208,2026-08-08T08:38:37+0200
1260f921be543761,auto-a1214efd9c98,hodr@ea88247,hodr,ea88247,mjolnir@2e6c876,mjolnir,2e6c876,duel,all_official,1,0,rating,a,a,1.0,core_destroyed,118,,16,290,5,7,10,540,7,19,ok,,3.568,n-62-11-63,29052208,2026-08-08T08:39:47+0200
126678fdb88c5975,auto-a1214efd9c98,hodr@ea88247,hodr,ea88247,janus@8a1e7a1,janus,8a1e7a1,crossfire,all_official,1,0,rating,a,a,1.0,core_destroyed,122,,6,290,7,6,8,230,9,4,ok,,4.153,n-62-21-12,29052208,2026-08-08T08:38:24+0200
126bfeddd00ffd50,auto-a1214efd9c98,hodr@ea88247,hodr,ea88247,jotunn@6b39ebb,jotunn,6b39ebb,showdown,all_official,1,0,rating,a,a,1.0,core_destroyed,143,,7,50,7,11,10,0,7,6,ok,,2.664,n-62-12-66,29052208,2026-08-08T08:38:27+0200
126d82d3b84b9e6f,auto-a1214efd9c98,jotunn@6b39ebb,jotunn,6b39ebb,hodr@ea88247,hodr,ea88247,drumlin,all_official,1,0,rating,b,b,0.0,core_destroyed,288,,43,420,10,11,90,3230,9,65,ok,,5.693,n-62-13-6,29052208,2026-08-08T08:38:38+0200
126e781db479e6f3,auto-a1214efd9c98,hodr@ea88247,hodr,ea88247,mimir@cfc1ec4,mimir,cfc1ec4,vase,all_official,1,0,rating,b,b,0.0,core_destroyed,121,,37,230,8,8,33,260,7,15,ok,,4.413,n-62-31-24,29052208,2026-08-08T08:38:44+0200
1270c29c74ec0644,auto-a1214efd9c98,hodr@ea88247,hodr,ea88247,odin@38e1456,odin,38e1456,nordkap,all_official,1,0,rating,a,a,1.0,core_destroyed,97,,9,150,9,4,10,210,7,9,ok,,3.837,n-62-29-9,29052208,2026-08-08T08:38:42+0200
12d2addef8e2432f,auto-a1214efd9c98,hodr@ea88247,hodr,ea88247,jonbot@90fc9f3,jonbot,90fc9f3,hive,all_official,1,0,rating,a,a,1.0,core_destroyed,109,,10,250,8,32,325,0,4,18,ok,,4.727,n-62-21-11,29052208,2026-08-08T08:38:09+0200
12e784393c89d4ce,auto-a1214efd9c98,lockin@90fc9f3,lockin,90fc9f3,hodr@ea88247,hodr,ea88247,snowflake,all_official,1,0,rating,b,b,0.0,core_destroyed,53,,630,0,0,0,2,110,8,19,ok,,2.172,n-62-21-61,29052208,2026-08-08T08:38:31+0200
12fe426af22565cb,auto-a1214efd9c98,hodr@ea88247,hodr,ea88247,steward_relent@7ed1acc,steward_relent,7ed1acc,pinch,all_official,1,0,rating,a,a,1.0,core_destroyed,201,,8,480,8,8,9,480,7,6,ok,,3.127,n-62-11-61,29052208,2026-08-08T08:40:37+0200
130580f08920467d,auto-a1214efd9c98,tempest_reinforcements@025dd51,tempest_reinforcements,025dd51,hodr@ea88247,hodr,ea88247,antler,all_official,1,0,rating,b,b,0.0,core_destroyed,66,,2,280,10,7,10,200,6,6,ok,,3.593,n-62-28-34,29052208,2026-08-08T08:40:34+0200
130bf463e6ea0adb,auto-a1214efd9c98,hodr@ea88247,hodr,ea88247,jotunn@6b39ebb,jotunn,6b39ebb,vault,all_official,1,0,rating,a,a,1.0,core_destroyed,169,,36,790,8,30,55,550,9,19,ok,,6.933,n-62-21-69,29052208,2026-08-08T08:39:34+0200
131cf094ff967e6e,auto-a1214efd9c98,hodr@ea88247,hodr,ea88247,odin@93e46da,odin,93e46da,antler,all_official,1,0,rating,b,b,0.0,core_destroyed,101,,17,330,8,5,9,240,6,7,ok,,3.45,n-62-29-27,29052208,2026-08-08T08:38:42+0200
131e0e9baa5fd2ee,auto-a1214efd9c98,hodr@ea88247,hodr,ea88247,prospect_rushonly@bf9b3e3,prospect_rushonly,bf9b3e3,quarry,all_official,1,0,rating,b,b,0.0,core_destroyed,66,,18,300,7,29,20,330,9,16,ok,,3.542,n-62-12-7,29052208,2026-08-08T08:39:26+0200
132a1327733b5ea9,auto-a1214efd9c98,hodr@ea88247,hodr,ea88247,maporacle@38e1456,maporacle,38e1456,bridge,all_official,1,0,rating,a,a,1.0,core_destroyed,267,,37,490,6,16,7,0,10,7,ok,,7.904,n-62-21-64,29052208,2026-08-08T08:38:09+0200
132da9b4cd1ab9cd,auto-a1214efd9c98,fenrir2@6b39ebb,fenrir2,6b39ebb,hodr@ea88247,hodr,ea88247,antler,all_official,1,0,rating,a,a,1.0,core_destroyed,64,,18,270,6,10,204,270,5,6,ok,,2.97,n-62-29-16,29052208,2026-08-08T08:38:30+0200
133c401247003534,auto-a1214efd9c98,gefjon@f66a427,gefjon,f66a427,hodr@ea88247,hodr,ea88247,atoll,all_official,1,0,rating,a,a,1.0,core_destroyed,69,,29,320,8,26,9,290,11,8,ok,,4.548,n-62-31-8,29052208,2026-08-08T08:38:01+0200
1350fe38897d0775,auto-a1214efd9c98,hodr@ea88247,hodr,ea88247,strategist@2a19238,strategist,2a19238,bridge,all_official,1,0,rating,b,b,0.0,titanium_collected,1000,,190,0,23,17,4944,2700,7,23,ok,,20.423,n-62-11-64,29052208,2026-08-08T08:40:31+0200
135918504fe0d341,auto-a1214efd9c98,hodr@ea88247,hodr,ea88247,skadi@aad5f44,skadi,aad5f44,longship,all_official,1,0,rating,a,a,1.0,core_destroyed,98,,2,380,8,17,6,290,8,21,ok,,3.564,n-62-11-61,29052208,2026-08-08T08:40:08+0200
13611f457aaf979b,auto-a1214efd9c98,bastion@840a180,bastion,840a180,hodr@ea88247,hodr,ea88247,heart,all_official,1,0,rating,b,b,0.0,core_destroyed,117,,10,0,8,7,9,40,6,5,ok,,3.999,n-62-11-68,29052208,2026-08-08T08:38:34+0200
1371b871f52d2eb4,auto-a1214efd9c98,prospect_rushonly@bf9b3e3,prospect_rushonly,bf9b3e3,hodr@ea88247,hodr,ea88247,eider,all_official,1,0,rating,b,b,0.0,core_destroyed,44,,19,90,8,7,19,150,7,7,ok,,2.956,n-62-12-1,29052208,2026-08-08T08:39:05+0200
137519988d8b52f0,auto-a1214efd9c98,hodr@ea88247,hodr,ea88247,janus@8a1e7a1,janus,8a1e7a1,twins,all_official,1,0,rating,a,a,1.0,core_destroyed,189,,10,450,9,7,9,210,6,2,ok,,4.371,n-62-21-14,29052208,2026-08-08T08:38:20+0200
137b63d85912253a,auto-a1214efd9c98,odin@93e46da,odin,93e46da,hodr@ea88247,hodr,ea88247,longship,all_official,1,0,rating,b,b,0.0,core_destroyed,181,,0,590,11,18,8,430,6,18,ok,,4.23,n-62-29-17,29052208,2026-08-08T08:38:48+0200
137cad54cb78621b,auto-a1214efd9c98,steward_hardened_reinforced@deba9ec,steward_hardened_reinforced,deba9ec,hodr@ea88247,hodr,ea88247,heart,all_official,1,0,rating,b,b,0.0,core_destroyed,155,,7,0,8,3,7,320,6,11,ok,,3.964,n-62-31-10,29052208,2026-08-08T08:40:19+0200
1391754af8758b39,auto-a1214efd9c98,prospect@bf9b3e3,prospect,bf9b3e3,hodr@ea88247,hodr,ea88247,meander,all_official,1,0,rating,a,a,1.0,titanium_collected,1000,,16,110,5,4,16,0,7,14,ok,,6.658,n-62-11-52,29052208,2026-08-08T08:39:09+0200
1394c0405c328a8b,auto-a1214efd9c98,lockin@90fc9f3,lockin,90fc9f3,hodr@ea88247,hodr,ea88247,aurora,all_official,1,0,rating,b,b,0.0,core_destroyed,104,,39,0,12,2,33,440,9,37,ok,,8.047,n-62-21-56,29052208,2026-08-08T08:38:26+0200
139d821cb7092d25,auto-a1214efd9c98,mistral@90fc9f3,mistral,90fc9f3,hodr@ea88247,hodr,ea88247,fjordgate,all_official,1,0,rating,b,b,0.0,core_destroyed,57,,60,0,9,0,19,130,8,6,ok,,4.1,n-62-11-60,29052208,2026-08-08T08:39:12+0200
13b599da57e735c2,auto-a1214efd9c98,jonbot@90fc9f3,jonbot,90fc9f3,hodr@ea88247,hodr,ea88247,jackpot,all_official,1,0,rating,b,b,0.0,core_destroyed,205,,715,190,0,7,70,910,12,27,ok,,5.675,n-62-21-11,29052208,2026-08-08T08:38:25+0200
13b8532d84d5be67,auto-a1214efd9c98,hodr@ea88247,hodr,ea88247,jonbot_190003d@90fc9f3,jonbot_190003d,90fc9f3,lighthouse,all_official,1,0,rating,b,b,0.0,core_destroyed,122,,8,80,5,12,70,800,10,23,ok,,3.838,n-62-21-16,29052208,2026-08-08T08:38:12+0200
13bf40fdbca2ad33,auto-a1214efd9c98,hodr@ea88247,hodr,ea88247,casemate_oracle@90fc9f3,casemate_oracle,90fc9f3,snowflake,all_official,1,0,rating,a,a,1.0,core_destroyed,112,,271,1010,9,52,160,0,5,29,ok,,5.01,n-62-21-97,29052208,2026-08-08T08:38:08+0200
13bf54d18e96d9bd,auto-a1214efd9c98,hodr@ea88247,hodr,ea88247,maporacle@38e1456,maporacle,38e1456,strait,all_official,1,0,rating,a,a,1.0,core_destroyed,111,,6,400,7,22,29,420,7,24,ok,,4.186,n-62-21-68,29052208,2026-08-08T08:38:30+0200
13cb96805bc719da,auto-a1214efd9c98,hodr@ea88247,hodr,ea88247,steward_hardened_reinforced@366cd1b,steward_hardened_reinforced,366cd1b,meander,all_official,1,0,rating,b,b,0.0,core_destroyed,349,,10,60,7,2,9,0,9,8,ok,,4.738,n-62-30-23,29052208,2026-08-08T08:39:51+0200
13d75136ae448f32,auto-a1214efd9c98,hodr@ea88247,hodr,ea88247,strategist@2e6eca5,strategist,2e6eca5,strait,all_official,1,0,rating,a,a,1.0,core_destroyed,100,,18,620,8,31,10,360,9,46,ok,,3.539,n-62-28-31,29052208,2026-08-08T08:40:36+0200
13d7f506367ff71b,auto-a1214efd9c98,hodr@ea88247,hodr,ea88247,freyr@c2c0d3d,freyr,c2c0d3d,bridge,all_official,1,0,rating,b,b,0.0,titanium_stored,1000,,93,0,15,11,121,0,15,7,ok,,28.842,n-62-29-34,29052208,2026-08-08T08:38:52+0200
13ec5fbff0f18aaa,auto-a1214efd9c98,maporacle@38e1456,maporacle,38e1456,hodr@ea88247,hodr,ea88247,jackpot,all_official,1,0,rating,b,b,0.0,core_destroyed,121,,34,520,9,23,10,490,12,23,ok,,5.819,n-62-21-66,29052208,2026-08-08T08:38:10+0200
13ef5ee3cd5ba87d,auto-a1214efd9c98,hodr@ea88247,hodr,ea88247,aegis@e55aab5,aegis,e55aab5,bridge,all_official,1,0,rating,a,a,1.0,core_destroyed,578,,10,0,10,10,31,10,3,0,ok,,9.908,n-62-31-5,29052208,2026-08-08T08:38:33+0200
13f5fc7c78854c30,auto-a1214efd9c98,lockin@90fc9f3,lockin,90fc9f3,hodr@ea88247,hodr,ea88247,skerry,all_official,1,0,rating,b,b,0.0,core_destroyed,53,,193,220,11,7,10,220,9,20,ok,,5.683,n-62-21-61,29052208,2026-08-08T08:38:26+0200
142253ec820377dc,auto-a1214efd9c98,hodr@ea88247,hodr,ea88247,steward_hardened_reinforced@f61245f,steward_hardened_reinforced,f61245f,eider,all_official,1,0,rating,b,b,0.0,core_destroyed,128,,40,810,8,16,28,980,8,21,ok,,5.1,n-62-28-28,29052208,2026-08-08T08:39:59+0200
1428d10d0122d4b1,auto-a1214efd9c98,prospect_rushonly@bf9b3e3,prospect_rushonly,bf9b3e3,hodr@ea88247,hodr,ea88247,fjordgate,all_official,1,0,rating,b,b,0.0,core_destroyed,90,,8,90,7,1,10,210,7,7,ok,,2.811,n-62-12-1,29052208,2026-08-08T08:39:18+0200
142cc7067cdb058e,auto-a1214efd9c98,mjolnir@2e6c876,mjolnir,2e6c876,hodr@ea88247,hodr,ea88247,quarry,all_official,1,0,rating,b,b,0.0,core_destroyed,147,,7,210,3,10,19,900,10,22,ok,,4.456,n-62-31-10,29052208,2026-08-08T08:38:54+0200
144cde8401097b8e,auto-a1214efd9c98,odin@38e1456,odin,38e1456,hodr@ea88247,hodr,ea88247,lighthouse,all_official,1,0,rating,b,b,0.0,core_destroyed,164,,16,120,5,5,46,1220,10,37,ok,,4.268,n-62-29-24,29052208,2026-08-08T08:39:18+0200
14533fed0364c91b,auto-a1214efd9c98,fenrir2@6b39ebb,fenrir2,6b39ebb,hodr@ea88247,hodr,ea88247,fjord,all_official,1,0,rating,b,b,0.0,titanium_collected,125,,32,850,10,28,34,1040,12,35,ok,,5.174,n-62-29-24,29052208,2026-08-08T08:38:12+0200
1455a0c7e34a3a3e,auto-a1214efd9c98,hodr@ea88247,hodr,ea88247,maporacle@38e1456,maporacle,38e1456,meander,all_official,1,0,rating,a,a,1.0,core_destroyed,101,,20,130,8,7,10,40,8,8,ok,,3.648,n-62-21-66,29052208,2026-08-08T08:38:34+0200
147cec18cf338d8d,auto-a1214efd9c98,odin@38e1456,odin,38e1456,hodr@ea88247,hodr,ea88247,jackpot,all_official,1,0,rating,b,b,0.0,core_destroyed,121,,34,520,9,23,10,490,12,23,ok,,5.036,n-62-29-24,29052208,2026-08-08T08:39:10+0200
148864092ae546e5,auto-a1214efd9c98,mimir@cfc1ec4,mimir,cfc1ec4,hodr@ea88247,hodr,ea88247,aurora,all_official,1,0,rating,a,a,1.0,core_destroyed,70,,28,430,7,30,6,250,8,22,ok,,3.712,n-62-21-72,29052208,2026-08-08T08:38:24+0200
1499387b1c26bdfb,auto-a1214efd9c98,prospect_rushonly@bf9b3e3,prospect_rushonly,bf9b3e3,hodr@ea88247,hodr,ea88247,runestone,all_official,1,0,rating,a,a,1.0,core_destroyed,139,,9,320,9,9,7,70,9,7,ok,,3.819,n-62-12-8,29052208,2026-08-08T08:39:00+0200
14abb070656688c5,auto-a1214efd9c98,hodr@ea88247,hodr,ea88247,njord@f66a427,njord,f66a427,vault,all_official,1,0,rating,b,b,0.0,core_destroyed,134,,6,430,11,13,18,630,9,21,ok,,5.28,n-62-29-15,29052208,2026-08-08T08:38:51+0200
14af5a511c6ec3fe,auto-a1214efd9c98,hodr@ea88247,hodr,ea88247,prospect@bf9b3e3,prospect,bf9b3e3,crossfire,all_official,1,0,rating,a,a,1.0,core_destroyed,122,,6,290,7,6,8,230,9,4,ok,,3.448,n-62-11-55,29052208,2026-08-08T08:39:16+0200
14cbcd1ee74511eb,auto-a1214efd9c98,hodr@ea88247,hodr,ea88247,lockin@90fc9f3,lockin,90fc9f3,fjord,all_official,1,0,rating,a,a,1.0,core_destroyed,73,,49,470,9,32,324,280,9,4,ok,,6.586,n-62-21-57,29052208,2026-08-08T08:38:15+0200
14d7c12ff22c3728,auto-a1214efd9c98,steward_reinforced@a8dc58a,steward_reinforced,a8dc58a,hodr@ea88247,hodr,ea88247,runestone,all_official,1,0,rating,b,b,0.0,core_destroyed,78,,8,60,8,15,8,240,8,20,ok,,4.004,n-62-31-22,29052208,2026-08-08T08:40:24+0200
14dc0719c9711087,auto-a1214efd9c98,hodr@ea88247,hodr,ea88247,maporacle@38e1456,maporacle,38e1456,eider,all_official,1,0,rating,a,a,1.0,core_destroyed,757,,9,1870,10,8,2,1810,8,16,ok,,9.291,n-62-21-65,29052208,2026-08-08T08:38:00+0200
14ee67caa6d58fd3,auto-a1214efd9c98,hodr@ea88247,hodr,ea88247,steward_hardened_reinforced@cdc552f,steward_hardened_reinforced,cdc552f,vase,all_official,1,0,rating,a,a,1.0,core_destroyed,145,,9,260,10,7,12,280,9,12,ok,,5.867,n-62-21-89,29052208,2026-08-08T08:40:44+0200
14fa3b9681c8c40e,auto-a1214efd9c98,mistral@90fc9f3,mistral,90fc9f3,hodr@ea88247,hodr,ea88247,saga,all_official,1,0,rating,b,b,0.0,core_destroyed,74,,120,0,9,0,9,250,8,26,ok,,8.32,n-62-11-61,29052208,2026-08-08T08:38:49+0200
150f24f60c08ab84,auto-a1214efd9c98,pantheon_replica_day3@aa8bae0,pantheon_replica_day3,aa8bae0,hodr@ea88247,hodr,ea88247,meander,all_official,1,0,rating,b,b,0.0,core_destroyed,217,,10,0,5,3,9,0,5,6,ok,,3.942,n-62-31-8,29052208,2026-08-08T08:39:38+0200
153d00f15d2facef,auto-a1214efd9c98,hodr@ea88247,hodr,ea88247,aegis@e55aab5,aegis,e55aab5,jackpot,all_official,1,0,rating,b,b,0.0,core_destroyed,124,,124,540,11,16,87,550,7,23,ok,,4.361,n-62-31-21,29052208,2026-08-08T08:38:18+0200
153da0f828148503,auto-a1214efd9c98,hodr@ea88247,hodr,ea88247,steward_hardened_reinforced@deba9ec,steward_hardened_reinforced,deba9ec,meander,all_official,1,0,rating,a,a,1.0,core_destroyed,133,,9,90,8,9,10,0,8,6,ok,,3.666,n-62-12-1,29052208,2026-08-08T08:40:11+0200
155c83932f7cf32a,auto-a1214efd9c98,steward_hardened_reinforced@f1f2bda,steward_hardened_reinforced,f1f2bda,hodr@ea88247,hodr,ea88247,bridge,all_official,1,0,rating,b,b,0.0,core_destroyed,243,,60,0,8,10,10,0,9,5,ok,,7.311,n-62-12-2,29052208,2026-08-08T08:40:47+0200
155dcf546ef34e2d,auto-a1214efd9c98,hodr@ea88247,hodr,ea88247,pantheon_replica_day3@aa8bae0,pantheon_replica_day3,aa8bae0,aurora,all_official,1,0,rating,a,a,1.0,core_destroyed,62,,16,350,8,30,8,200,8,23,ok,,3.763,n-62-31-13,29052208,2026-08-08T08:38:55+0200
15695ad36a2877ee,auto-a1214efd9c98,hodr@ea88247,hodr,ea88247,mimir@cfc1ec4,mimir,cfc1ec4,jackpot,all_official,1,0,rating,a,a,1.0,titanium_collected,1000,,195,4930,23,24,136,3580,20,15,ok,,53.294,n-62-31-4,29052208,2026-08-08T08:39:50+0200
1579ede86e8fab53,auto-a1214efd9c98,hodr@ea88247,hodr,ea88247,jonbot_190003d@90fc9f3,jonbot_190003d,90fc9f3,crossfire,all_official,1,0,rating,a,a,1.0,core_destroyed,63,,10,260,7,14,282,140,6,5,ok,,3.136,n-62-21-13,29052208,2026-08-08T08:38:21+0200
15b4b816f5767808,auto-a1214efd9c98,mistral@90fc9f3,mistral,90fc9f3,hodr@ea88247,hodr,ea88247,strait,all_official,1,0,rating,b,b,0.0,core_destroyed,57,,38,0,9,0,8,110,8,13,ok,,4.301,n-62-11-64,29052208,2026-08-08T08:38:41+0200
15bbf96a10e9747a,auto-a1214efd9c98,hodr@ea88247,hodr,ea88247,pantheon_replica_day3@aa8bae0,pantheon_replica_day3,aa8bae0,moonrise,all_official,1,0,rating,a,a,1.0,core_destroyed,93,,19,190,7,8,10,0,7,3,ok,,3.495,n-62-31-7,29052208,2026-08-08T08:38:45+0200
15c8f546742d21d3,auto-a1214efd9c98,hodr@ea88247,hodr,ea88247,steward_hardened_reinforced@f1f2bda,steward_hardened_reinforced,f1f2bda,moonrise,all_official,1,0,rating,a,a,1.0,core_destroyed,175,,9,800,10,14,7,70,4,3,ok,,4.164,n-62-12-3,29052208,2026-08-08T08:40:02+0200
15ed82102cfd49f5,auto-a1214efd9c98,steward_hardened_reinforced@f61245f,steward_hardened_reinforced,f61245f,hodr@ea88247,hodr,ea88247,crossfire,all_official,1,0,rating,a,a,1.0,core_destroyed,293,,39,1570,12,27,9,50,3,3,ok,,4.921,n-62-28-31,29052208,2026-08-08T08:40:40+0200
163a346cc676cce7,auto-a1214efd9c98,hodr@ea88247,hodr,ea88247,prospect_rushonly@bf9b3e3,prospect_rushonly,bf9b3e3,atoll,all_official,1,0,rating,b,b,0.0,core_destroyed,57,,9,230,8,11,9,230,7,7,ok,,3.42,n-62-21-90,29052208,2026-08-08T08:38:57+0200
163dc2a49d83c107,auto-a1214efd9c98,steward_hardened_reinforced@f1f2bda,steward_hardened_reinforced,f1f2bda,hodr@ea88247,hodr,ea88247,vault,all_official,1,0,rating,b,b,0.0,core_destroyed,134,,6,430,11,13,18,630,9,21,ok,,5.612,n-62-31-14,29052208,2026-08-08T08:40:12+0200
164a419150f427bf,auto-a1214efd9c98,hodr@ea88247,hodr,ea88247,spar_mender@7ed1acc,spar_mender,7ed1acc,atoll,all_official,1,0,rating,a,a,1.0,core_destroyed,169,,69,570,5,14,62,800,11,19,ok,,4.667,n-62-21-92,29052208,2026-08-08T08:40:38+0200
165e7cc335390cf5,auto-a1214efd9c98,hodr@ea88247,hodr,ea88247,jotunn@6b39ebb,jotunn,6b39ebb,pinch,all_official,1,0,rating,a,a,1.0,core_destroyed,120,,20,640,8,18,108,880,11,31,ok,,4.554,n-62-12-66,29052208,2026-08-08T08:37:55+0200
1697d14a6a058f9a,auto-a1214efd9c98,hodr@ea88247,hodr,ea88247,steward_relent@7ed1acc,steward_relent,7ed1acc,sprint,all_official,1,0,rating,a,a,1.0,core_destroyed,301,,9,20,6,4,10,90,7,5,ok,,3.645,n-62-11-62,29052208,2026-08-08T08:40:46+0200
16a3d75592b96e76,auto-a1214efd9c98,hodr@ea88247,hodr,ea88247,steward_hardened_reinforced@366cd1b,steward_hardened_reinforced,366cd1b,quarry,all_official,1,0,rating,b,b,0.0,core_destroyed,989,,8,630,7,22,10,2680,9,22,ok,,8.921,n-62-30-24,29052208,2026-08-08T08:39:46+0200
16af21d67c47af1c,auto-a1214efd9c98,hodr@ea88247,hodr,ea88247,fenrir2@6b39ebb,fenrir2,6b39ebb,aurora,all_official,1,0,rating,a,a,1.0,core_destroyed,90,,38,600,8,32,8,480,9,25,ok,,4.733,n-62-29-21,29052208,2026-08-08T08:37:56+0200
16b619fc3e1fb6dc,auto-a1214efd9c98,mimir@cfc1ec4,mimir,cfc1ec4,hodr@ea88247,hodr,ea88247,bridge,all_official,1,0,rating,b,b,0.0,core_destroyed,208,,104,0,8,12,14,0,9,5,ok,,6.948,n-62-21-72,29052208,2026-08-08T08:38:58+0200
16daf406f1bb42bd,auto-a1214efd9c98,steward_hardened_reinforced@f1f2bda,steward_hardened_reinforced,f1f2bda,hodr@ea88247,hodr,ea88247,nordkap,all_official,1,0,rating,b,b,0.0,titanium_collected,1000,,20,80,9,7,16,360,8,9,ok,,8.076,n-62-12-3,29052208,2026-08-08T08:40:23+0200
16ee58e8abb66589,auto-a1214efd9c98,steward_hardened_reinforced@a994296,steward_hardened_reinforced,a994296,hodr@ea88247,hodr,ea88247,twins,all_official,1,0,rating,a,a,1.0,core_destroyed,120,,20,280,8,9,14,160,8,14,ok,,3.818,n-62-11-60,29052208,2026-08-08T08:40:50+0200
16f3532c2128a401,auto-a1214efd9c98,hodr@ea88247,hodr,ea88247,steward_hardened_reinforced@672ee02,steward_hardened_reinforced,672ee02,archipelago,all_official,1,0,rating,a,a,1.0,core_destroyed,71,,23,460,8,30,9,180,8,14,ok,,4.485,n-62-31-8,29052208,2026-08-08T08:39:33+0200
16f87bac7a9c9211,auto-a1214efd9c98,hodr@ea88247,hodr,ea88247,steward_hardened_reinforced@cdc552f,steward_hardened_reinforced,cdc552f,antler,all_official,1,0,rating,b,b,0.0,core_destroyed,239,,8,840,5,13,1,1150,8,13,ok,,4.15,n-62-11-63,29052208,2026-08-08T08:40:23+0200
16fa88fd867e5077,auto-a1214efd9c98,hodr@ea88247,hodr,ea88247,prospect_rushonly@bf9b3e3,prospect_rushonly,bf9b3e3,string,all_official,1,0,rating,b,b,0.0,core_destroyed,210,,6,180,6,5,32,670,7,12,ok,,4.819,n-62-12-2,29052208,2026-08-08T08:39:07+0200
1704d654a1b68eb6,auto-a1214efd9c98,hodr@ea88247,hodr,ea88247,jotunn@6b39ebb,jotunn,6b39ebb,vase,all_official,1,0,rating,a,a,1.0,core_destroyed,985,,10,40,9,9,281,2420,5,6,ok,,9.895,n-62-21-69,29052208,2026-08-08T08:39:14+0200
170fb5ead1da7af9,auto-a1214efd9c98,hodr@ea88247,hodr,ea88247,gobbleglitch@6cdc440,gobbleglitch,6cdc440,longship,all_official,1,0,rating,a,a,1.0,core_destroyed,70,,44,340,7,26,59,240,7,11,ok,,3.376,n-62-21-89,29052208,2026-08-08T08:38:02+0200
1721fa0b18d5f357,auto-a1214efd9c98,hodr@ea88247,hodr,ea88247,tempest_reinforcements@025dd51,tempest_reinforcements,025dd51,snowflake,all_official,1,0,rating,a,a,1.0,core_destroyed,58,,43,460,8,23,44,160,9,13,ok,,3.815,n-62-31-5,29052208,2026-08-08T08:40:32+0200
1730b49047cbb108,auto-a1214efd9c98,gobbleglitch@6cdc440,gobbleglitch,6cdc440,hodr@ea88247,hodr,ea88247,crossfire,all_official,1,0,rating,b,b,0.0,core_destroyed,72,,68,130,7,8,55,310,8,8,ok,,2.886,n-62-11-57,29052208,2026-08-08T08:38:20+0200
1745e49b65b515af,auto-a1214efd9c98,hodr@ea88247,hodr,ea88247,steward_hardened_reinforced@f1f2bda,steward_hardened_reinforced,f1f2bda,aurora,all_official,1,0,rating,a,a,1.0,core_destroyed,68,,28,410,7,30,19,250,8,22,ok,,3.769,n-62-12-2,29052208,2026-08-08T08:40:08+0200
1761e2630f8ca892,auto-a1214efd9c98,spar_mender@d5b46bc,spar_mender,d5b46bc,hodr@ea88247,hodr,ea88247,saga,all_official,1,0,rating,b,b,0.0,titanium_collected,1000,,11,210,8,2,30,2450,7,22,ok,,11.444,n-62-29-15,29052208,2026-08-08T08:40:09+0200
17693dc04a1ec36d,auto-a1214efd9c98,skadi@821d792,skadi,821d792,hodr@ea88247,hodr,ea88247,vault,all_official,1,0,rating,b,b,0.0,core_destroyed,122,,50,560,9,14,55,570,8,22,ok,,5.159,n-62-11-60,29052208,2026-08-08T08:40:20+0200
177e2732188a08e8,auto-a1214efd9c98,freyr@c2c0d3d,freyr,c2c0d3d,hodr@ea88247,hodr,ea88247,jackpot,all_official,1,0,rating,a,a,1.0,titanium_collected,1000,,221,4930,16,21,50,4890,21,16,ok,,47.384,n-62-29-17,29052208,2026-08-08T08:39:30+0200
1785d45ee9fccfd4,auto-a1214efd9c98,njord@f66a427,njord,f66a427,hodr@ea88247,hodr,ea88247,eider,all_official,1,0,rating,a,a,1.0,core_destroyed,131,,27,840,11,14,10,1050,8,27,ok,,6.372,n-62-28-28,29052208,2026-08-08T08:39:05+0200
17a993f0036216c5,auto-a1214efd9c98,janus@8a1e7a1,janus,8a1e7a1,hodr@ea88247,hodr,ea88247,sprint,all_official,1,0,rating,b,b,0.0,core_destroyed,167,,7,30,5,11,44,400,8,6,ok,,3.757,n-62-21-9,29052208,2026-08-08T08:38:29+0200
17ad49ceae17f702,auto-a1214efd9c98,steward_reinforced@a8dc58a,steward_reinforced,a8dc58a,hodr@ea88247,hodr,ea88247,saga,all_official,1,0,rating,b,b,0.0,core_destroyed,197,,9,180,8,16,140,1550,13,23,ok,,8.96,n-62-31-22,29052208,2026-08-08T08:40:39+0200
17c024e33854bd78,auto-a1214efd9c98,pantheon_replica_day3@aa8bae0,pantheon_replica_day3,aa8bae0,hodr@ea88247,hodr,ea88247,longship,all_official,1,0,rating,b,b,0.0,core_destroyed,68,,11,140,8,12,19,170,7,18,ok,,3.87,n-62-31-8,29052208,2026-08-08T08:39:25+0200
17da30049f8f8344,auto-a1214efd9c98,hodr@ea88247,hodr,ea88247,steward_hardened_reinforced@f61245f,steward_hardened_reinforced,f61245f,fjordgate,all_official,1,0,rating,a,a,1.0,core_destroyed,123,,20,550,6,25,227,10,2,3,ok,,2.861,n-62-28-28,29052208,2026-08-08T08:40:14+0200
17fe17ef8692a849,auto-a1214efd9c98,hodr@ea88247,hodr,ea88247,janus@8a1e7a1,janus,8a1e7a1,hive,all_official,1,0,rating,b,b,0.0,core_destroyed,52,,18,110,9,19,17,150,8,14,ok,,3.733,n-62-21-2,29052208,2026-08-08T08:38:30+0200
17ff5f1e5b18fb3d,auto-a1214efd9c98,hodr@ea88247,hodr,ea88247,steward_hardened_reinforced@a994296,steward_hardened_reinforced,a994296,twins,all_official,1,0,rating,a,a,1.0,core_destroyed,120,,20,280,8,9,14,160,8,14,ok,,3.831,n-62-11-60,29052208,2026-08-08T08:40:46+0200
186755e958b217fa,auto-a1214efd9c98,hodr@ea88247,hodr,ea88247,ragnarok_fair@79582fc,ragnarok_fair,79582fc,saga,all_official,1,0,rating,b,b,0.0,core_destroyed,92,,41,320,8,23,28,410,6,32,ok,,4.367,n-62-21-14,29052208,2026-08-08T08:39:27+0200
186b230663c079c1,auto-a1214efd9c98,hodr@ea88247,hodr,ea88247,aegis@e55aab5,aegis,e55aab5,archipelago,all_official,1,0,rating,a,a,1.0,core_destroyed,57,,19,290,7,27,10,120,8,19,ok,,3.579,n-62-31-5,29052208,2026-08-08T08:38:03+0200
186cfea5496a9211,auto-a1214efd9c98,mistral@90fc9f3,mistral,90fc9f3,hodr@ea88247,hodr,ea88247,bridge,all_official,1,0,rating,b,b,0.0,core_destroyed,121,,524,0,3,0,10,0,9,8,ok,,4.417,n-62-11-67,29052208,2026-08-08T08:39:08+0200
18ac658856bdcce4,auto-a1214efd9c98,odin@38e1456,odin,38e1456,hodr@ea88247,hodr,ea88247,duel,all_official,1,0,rating,b,b,0.0,core_destroyed,86,,10,200,5,5,8,390,8,6,ok,,3.491,n-62-29-16,29052208,2026-08-08T08:39:38+0200
18afd9ad447330b9,auto-a1214efd9c98,heimdall@daf0de0,heimdall,daf0de0,hodr@ea88247,hodr,ea88247,fjordgate,all_official,1,0,rating,b,b,0.0,core_destroyed,162,,10,0,4,0,69,390,3,5,ok,,2.948,n-62-12-8,29052208,2026-08-08T08:38:39+0200
18dae291ab65f007,auto-a1214efd9c98,hodr@ea88247,hodr,ea88247,aegis@e55aab5,aegis,e55aab5,pinch,all_official,1,0,rating,b,b,0.0,core_destroyed,965,,9,100,6,6,10,630,8,8,ok,,6.748,n-62-31-22,29052208,2026-08-08T08:38:28+0200
18fc427a10b373b4,auto-a1214efd9c98,hodr@ea88247,hodr,ea88247,strategist@2e6eca5,strategist,2e6eca5,sprint,all_official,1,0,rating,b,b,0.0,titanium_collected,1000,,20,2520,5,13,6855,7300,10,23,ok,,6.65,n-62-28-31,29052208,2026-08-08T08:40:29+0200
18ff0377b86e4b7e,auto-a1214efd9c98,hodr@ea88247,hodr,ea88247,jonbot_190003d@90fc9f3,jonbot_190003d,90fc9f3,drumlin,all_official,1,0,rating,b,b,0.0,core_destroyed,81,,9,200,7,19,70,630,9,32,ok,,3.98,n-62-21-13,29052208,2026-08-08T08:38:30+0200
1929ba67fb1c2935,auto-a1214efd9c98,hodr@ea88247,hodr,ea88247,jotunn@6b39ebb,jotunn,6b39ebb,sweden,all_official,1,0,rating,a,a,1.0,titanium_collected,1000,,172,2390,23,19,49,930,11,24,ok,,36.789,n-62-21-69,29052208,2026-08-08T08:38:28+0200
193c7d137bfb8104,auto-a1214efd9c98,mjolnir@2e6c876,mjolnir,2e6c876,hodr@ea88247,hodr,ea88247,lighthouse,all_official,1,0,rating,b,b,0.0,core_destroyed,122,,1,210,5,9,55,1260,9,41,ok,,4.161,n-62-31-9,29052208,2026-08-08T08:38:45+0200
19522dde8b122423,auto-a1214efd9c98,spar_mender@7ed1acc,spar_mender,7ed1acc,hodr@ea88247,hodr,ea88247,longship,all_official,1,0,rating,a,a,1.0,core_destroyed,187,,8,1500,12,39,30,1520,17,38,ok,,10.807,n-62-31-11,29052208,2026-08-08T08:40:12+0200
19647c0757ff0830,auto-a1214efd9c98,spar_mender@7ed1acc,spar_mender,7ed1acc,hodr@ea88247,hodr,ea88247,atoll,all_official,1,0,rating,b,b,0.0,core_destroyed,146,,96,700,12,15,20,680,12,49,ok,,6.755,n-62-21-92,29052208,2026-08-08T08:40:45+0200
198739eb20a3f6a8,auto-a1214efd9c98,hodr@ea88247,hodr,ea88247,steward_hardened_reinforced@04300bf,steward_hardened_reinforced,04300bf,snowflake,all_official,1,0,rating,a,a,1.0,core_destroyed,65,,43,550,9,22,7,140,8,11,ok,,3.545,n-62-29-27,29052208,2026-08-08T08:39:57+0200
198f73194f6ca49a,auto-a1214efd9c98,hodr@ea88247,hodr,ea88247,lockin@90fc9f3,lockin,90fc9f3,strait,all_official,1,0,rating,a,a,1.0,core_destroyed,86,,8,470,10,30,35,0,7,3,ok,,6.569,n-62-21-62,29052208,2026-08-08T08:38:06+0200
19b8ef2c361b637d,auto-a1214efd9c98,hodr@ea88247,hodr,ea88247,ragnarok_fair@79582fc,ragnarok_fair,79582fc,showdown,all_official,1,0,rating,a,a,1.0,core_destroyed,93,,9,40,4,8,10,0,6,0,ok,,2.926,n-62-21-2,29052208,2026-08-08T08:38:54+0200
19bdc3867757b739,auto-a1214efd9c98,jonbot_190003d@90fc9f3,jonbot_190003d,90fc9f3,hodr@ea88247,hodr,ea88247,sprint,all_official,1,0,rating,a,a,1.0,titanium_collected,1000,,66,180,10,15,16,10,7,2,ok,,7.169,n-62-21-19,29052208,2026-08-08T08:38:43+0200
19d52f7e0f5fb77b,auto-a1214efd9c98,steward_relent@7ed1acc,steward_relent,7ed1acc,hodr@ea88247,hodr,ea88247,aurora,all_official,1,0,rating,a,a,1.0,core_destroyed,70,,28,430,7,30,6,250,8,22,ok,,3.967,n-62-11-60,29052208,2026-08-08T08:40:23+0200
19e20a8039b2093f,auto-a1214efd9c98,hodr@ea88247,hodr,ea88247,steward_hardened_reinforced@f1f2bda,steward_hardened_reinforced,f1f2bda,showdown,all_official,1,0,rating,a,a,1.0,core_destroyed,489,,9,170,7,14,10,190,6,2,ok,,4.766,n-62-12-4,29052208,2026-08-08T08:40:13+0200
1a19c8a4f8f3c26e,auto-a1214efd9c98,hodr@ea88247,hodr,ea88247,steward_hardened_reinforced@f1f2bda,steward_hardened_reinforced,f1f2bda,jackpot,all_official,1,0,rating,b,b,0.0,core_destroyed,411,,247,1980,13,23,45,1950,13,20,ok,,20.431,n-62-21-97,29052208,2026-08-08T08:40:40+0200
1a20f31ef0885cff,auto-a1214efd9c98,aegis@e55aab5,aegis,e55aab5,hodr@ea88247,hodr,ea88247,aurora,all_official,1,0,rating,b,b,0.0,core_destroyed,67,,8,250,9,20,8,230,8,22,ok,,4.052,n-62-31-5,29052208,2026-08-08T08:38:23+0200
1a2348c3ab30510a,auto-a1214efd9c98,prospect@bf9b3e3,prospect,bf9b3e3,hodr@ea88247,hodr,ea88247,fjordgate,all_official,1,0,rating,b,b,0.0,core_destroyed,90,,8,90,7,1,10,210,7,7,ok,,2.754,n-62-11-50,29052208,2026-08-08T08:38:57+0200
1a452da67974d099,auto-a1214efd9c98,hodr@ea88247,hodr,ea88247,steward_hardened_reinforced@f61245f,steward_hardened_reinforced,f61245f,twins,all_official,1,0,rating,a,a,1.0,core_destroyed,120,,20,280,8,9,14,160,8,14,ok,,3.644,n-62-29-15,29052208,2026-08-08T08:40:49+0200
1a50d8b039c818e7,auto-a1214efd9c98,prospect@bf9b3e3,prospect,bf9b3e3,hodr@ea88247,hodr,ea88247,moonrise,all_official,1,0,rating,a,a,1.0,titanium_collected,1000,,16,260,6,7,16,90,8,3,ok,,6.033,n-62-11-52,29052208,2026-08-08T08:39:18+0200
1a56ba2ad0d444fa,auto-a1214efd9c98,pantheon_replica_day3@aa8bae0,pantheon_replica_day3,aa8bae0,hodr@ea88247,hodr,ea88247,hive,all_official,1,0,rating,b,b,0.0,core_destroyed,57,,8,160,8,14,8,180,8,21,ok,,3.881,n-62-31-8,29052208,2026-08-08T08:38:49+0200
1a71bbb68b6697aa,auto-a1214efd9c98,steward_hardened_reinforced@366cd1b,steward_hardened_reinforced,366cd1b,hodr@ea88247,hodr,ea88247,snowflake,all_official,1,0,rating,a,a,1.0,core_destroyed,65,,81,550,9,21,7,140,8,11,ok,,4.126,n-62-30-25,29052208,2026-08-08T08:39:47+0200
1a7d55046503c29f,auto-a1214efd9c98,hodr@ea88247,hodr,ea88247,steward_hardened_reinforced@cdc552f,steward_hardened_reinforced,cdc552f,archipelago,all_official,1,0,rating,a,a,1.0,core_destroyed,69,,19,380,9,28,5,0,8,11,ok,,3.88,n-62-11-63,29052208,2026-08-08T08:40:31+0200
1a864929dabe5815,auto-a1214efd9c98,hodr@ea88247,hodr,ea88247,jotunn@6b39ebb,jotunn,6b39ebb,sprint,all_official,1,0,rating,a,a,1.0,core_destroyed,140,,20,180,6,13,20,0,6,0,ok,,4.122,n-62-21-55,29052208,2026-08-08T08:38:43+0200
1a904edc8fa3a93b,auto-a1214efd9c98,hodr@ea88247,hodr,ea88247,tempest_reinforcements@38f9c23,tempest_reinforcements,38f9c23,saga,all_official,1,0,rating,a,a,1.0,core_destroyed,76,,19,220,7,22,13,160,8,30,ok,,3.863,n-62-31-19,29052208,2026-08-08T08:40:35+0200
1ac5c00e2326e9e9,auto-a1214efd9c98,hodr@ea88247,hodr,ea88247,steward_hardened_reinforced@a994296,steward_hardened_reinforced,a994296,heart,all_official,1,0,rating,a,a,1.0,titanium_stored,1000,,17,0,8,1,16,0,6,1,ok,,10.133,n-62-31-20,29052208,2026-08-08T08:40:08+0200
1ae9f338be4ef84c,auto-a1214efd9c98,hodr@ea88247,hodr,ea88247,bastion@840a180,bastion,840a180,aurora,all_official,1,0,rating,a,a,1.0,core_destroyed,85,,93,580,7,32,2,320,10,17,ok,,4.38,n-62-11-60,29052208,2026-08-08T08:38:04+0200
1b10c5066ef3f782,auto-a1214efd9c98,steward_hardened_reinforced@366cd1b,steward_hardened_reinforced,366cd1b,hodr@ea88247,hodr,ea88247,string,all_official,1,0,rating,b,b,0.0,core_destroyed,247,,59,30,1,2,47,1710,14,12,ok,,6.538,n-62-30-25,29052208,2026-08-08T08:40:28+0200
1b126a360610544a,auto-a1214efd9c98,hodr@ea88247,hodr,ea88247,mjolnir@2e6c876,mjolnir,2e6c876,nordkap,all_official,1,0,rating,a,a,1.0,core_destroyed,70,,8,150,8,5,13,240,7,8,ok,,3.122,n-62-31-9,29052208,2026-08-08T08:39:11+0200
1b3c16d8d29c3939,auto-a1214efd9c98,mimir@cfc1ec4,mimir,cfc1ec4,hodr@ea88247,hodr,ea88247,vase,all_official,1,0,rating,b,b,0.0,core_destroyed,121,,37,230,8,8,33,260,7,15,ok,,4.399,n-62-31-24,29052208,2026-08-08T08:38:49+0200
1b4c56bc34b79ade,auto-a1214efd9c98,hodr@ea88247,hodr,ea88247,tempest_reinforcements@38f9c23,tempest_reinforcements,38f9c23,eider,all_official,1,0,rating,a,a,1.0,core_destroyed,85,,8,190,8,8,10,120,8,2,ok,,3.623,n-62-31-13,29052208,2026-08-08T08:40:41+0200
1b6e6a1cd5b908f2,auto-a1214efd9c98,jonbot@90fc9f3,jonbot,90fc9f3,hodr@ea88247,hodr,ea88247,atoll,all_official,1,0,rating,b,b,0.0,core_destroyed,146,,11,0,9,4,20,680,8,23,ok,,5.823,n-62-21-3,29052208,2026-08-08T08:38:28+0200
1b77153d7d32f1c4,auto-a1214efd9c98,hodr@ea88247,hodr,ea88247,casemate_oracle@90fc9f3,casemate_oracle,90fc9f3,hive,all_official,1,0,rating,a,a,1.0,core_destroyed,113,,6,260,8,24,30,0,7,9,ok,,5.36,n-62-31-9,29052208,2026-08-08T08:38:19+0200
1bd88f427dc0aee3,auto-a1214efd9c98,hodr@ea88247,hodr,ea88247,steward_hardened_reinforced@c04e46e,steward_hardened_reinforced,c04e46e,fjordgate,all_official,1,0,rating,a,a,1.0,core_destroyed,109,,10,480,6,10,9,10,5,3,ok,,3.283,n-62-11-52,29052208,2026-08-08T08:39:36+0200
1be0f2d5afea61d7,auto-a1214efd9c98,ragnarok_fair@79582fc,ragnarok_fair,79582fc,hodr@ea88247,hodr,ea88247,fjord,all_official,1,0,rating,b,b,0.0,core_destroyed,61,,8,350,10,14,19,380,8,31,ok,,3.827,n-62-21-12,29052208,2026-08-08T08:39:04+0200
1c2458634b77880c,auto-a1214efd9c98,hodr@ea88247,hodr,ea88247,heimdall@daf0de0,heimdall,daf0de0,sweden,all_official,1,0,rating,a,a,1.0,core_destroyed,192,,16,360,9,19,43,810,6,18,ok,,6.478,n-62-12-6,29052208,2026-08-08T08:38:44+0200
1c4e2ecab0cc2ee7,auto-a1214efd9c98,mjolnir@2e6c876,mjolnir,2e6c876,hodr@ea88247,hodr,ea88247,crossfire,all_official,1,0,rating,b,b,0.0,core_destroyed,663,,1158,4740,14,15,180,3260,17,21,ok,,20.311,n-62-11-63,29052208,2026-08-08T08:39:37+0200
1c67bb4ca2c63b71,auto-a1214efd9c98,aegis@e55aab5,aegis,e55aab5,hodr@ea88247,hodr,ea88247,skerry,all_official,1,0,rating,b,b,0.0,core_destroyed,79,,10,480,10,29,8,370,7,21,ok,,4.012,n-62-31-23,29052208,2026-08-08T08:38:36+0200
1c7e59d2a58519c6,auto-a1214efd9c98,skadi@1e4eddf,skadi,1e4eddf,hodr@ea88247,hodr,ea88247,vault,all_official,1,0,rating,b,b,0.0,core_destroyed,122,,50,560,9,14,55,570,8,22,ok,,5.048,n-62-21-17,29052208,2026-08-08T08:39:38+0200
1ca38a360dd1bebf,auto-a1214efd9c98,jotunn@6b39ebb,jotunn,6b39ebb,hodr@ea88247,hodr,ea88247,jackpot,all_official,1,0,rating,b,b,0.0,titanium_collected,1000,,43,2920,7,23,76,4900,11,20,ok,,22.802,n-62-13-7,29052208,2026-08-08T08:39:28+0200
1cb336d8b488144a,auto-a1214efd9c98,freyr@c2c0d3d,freyr,c2c0d3d,hodr@ea88247,hodr,ea88247,lighthouse,all_official,1,0,rating,a,a,1.0,core_destroyed,397,,9,440,8,8,10,230,7,9,ok,,4.54,n-62-29-17,29052208,2026-08-08T08:39:39+0200
1cd4dda60ff09718,auto-a1214efd9c98,steward_hardened_reinforced@f1f2bda,steward_hardened_reinforced,f1f2bda,hodr@ea88247,hodr,ea88247,aurora,all_official,1,0,rating,a,a,1.0,core_destroyed,70,,28,430,7,30,6,250,8,22,ok,,3.705,n-62-12-2,29052208,2026-08-08T08:40:12+0200
1cf1a3b934bc54af,auto-a1214efd9c98,mjolnir@2e6c876,mjolnir,2e6c876,hodr@ea88247,hodr,ea88247,aurora,all_official,1,0,rating,a,a,1.0,core_destroyed,97,,10,370,6,27,35,380,10,23,ok,,3.972,n-62-11-66,29052208,2026-08-08T08:39:29+0200
1cfce70a855340bd,auto-a1214efd9c98,hodr@ea88247,hodr,ea88247,fenrir2@6b39ebb,fenrir2,6b39ebb,longship,all_official,1,0,rating,a,a,1.0,core_destroyed,126,,75,920,10,42,57,550,9,34,ok,,5.336,n-62-29-9,29052208,2026-08-08T08:38:40+0200
1d07c1c09d92bfa2,auto-a1214efd9c98,steward_relent@7ed1acc,steward_relent,7ed1acc,hodr@ea88247,hodr,ea88247,pinch,all_official,1,0,rating,a,a,1.0,core_destroyed,201,,8,480,8,8,9,480,7,6,ok,,3.293,n-62-11-61,29052208,2026-08-08T08:40:41+0200
1d088f70b7fc71c7,auto-a1214efd9c98,hodr@ea88247,hodr,ea88247,skadi@821d792,skadi,821d792,meander,all_official,1,0,rating,b,b,0.0,core_destroyed,176,,16,0,6,6,19,360,6,12,ok,,3.368,n-62-21-16,29052208,2026-08-08T08:39:33+0200
1d197785df9070bc,auto-a1214efd9c98,hodr@ea88247,hodr,ea88247,steward_hardened_reinforced@f61245f,steward_hardened_reinforced,f61245f,drumlin,all_official,1,0,rating,b,b,0.0,core_destroyed,67,,24,200,7,17,9,350,7,17,ok,,3.082,n-62-28-31,29052208,2026-08-08T08:40:43+0200
1d2263a38b3eeb5d,auto-a1214efd9c98,lockin@90fc9f3,lockin,90fc9f3,hodr@ea88247,hodr,ea88247,string,all_official,1,0,rating,b,b,0.0,core_destroyed,41,,600,0,0,0,10,90,8,10,ok,,1.947,n-62-21-62,29052208,2026-08-08T08:38:16+0200
1d334bbf92128379,auto-a1214efd9c98,hodr@ea88247,hodr,ea88247,gefjon@f66a427,gefjon,f66a427,vase,all_official,1,0,rating,b,b,0.0,titanium_collected,1000,,56,2340,8,7,479,2460,3,13,ok,,19.892,n-62-11-50,29052208,2026-08-08T08:38:59+0200
1d338ada268ec87d,auto-a1214efd9c98,aegis@e55aab5,aegis,e55aab5,hodr@ea88247,hodr,ea88247,sweden,all_official,1,0,rating,b,b,0.0,core_destroyed,301,,150,0,3,12,63,710,11,15,ok,,8.606,n-62-31-24,29052208,2026-08-08T08:39:01+0200
1d7a6611e045fd47,auto-a1214efd9c98,hodr@ea88247,hodr,ea88247,mistral@90fc9f3,mistral,90fc9f3,lighthouse,all_official,1,0,rating,a,a,1.0,core_destroyed,51,,20,190,8,9,42,0,9,0,ok,,4.386,n-62-11-68,29052208,2026-08-08T08:39:04+0200
1db520c7ee7a5bcd,auto-a1214efd9c98,hodr@ea88247,hodr,ea88247,njord@f66a427,njord,f66a427,duel,all_official,1,0,rating,a,a,1.0,core_destroyed,59,,9,250,8,7,170,250,6,6,ok,,3.313,n-62-28-28,29052208,2026-08-08T08:38:47+0200
1dc01799802e7068,auto-a1214efd9c98,hodr@ea88247,hodr,ea88247,tempest_reinforcements@025dd51,tempest_reinforcements,025dd51,quarry,all_official,1,0,rating,a,a,1.0,core_destroyed,80,,19,400,9,27,34,110,11,7,ok,,4.704,n-62-31-17,29052208,2026-08-08T08:40:33+0200
1dd3aa52ddc8b56e,auto-a1214efd9c98,fenrir2@6b39ebb,fenrir2,6b39ebb,hodr@ea88247,hodr,ea88247,sprint,all_official,1,0,rating,b,b,0.0,core_destroyed,46,,10,0,9,1,6,20,6,5,ok,,3.288,n-62-29-33,29052208,2026-08-08T08:38:28+0200
1debdda54e4f49c1,auto-a1214efd9c98,mimir@cfc1ec4,mimir,cfc1ec4,hodr@ea88247,hodr,ea88247,heart,all_official,1,0,rating,a,a,1.0,core_destroyed,353,,9,0,8,2,10,40,6,5,ok,,5.134,n-62-31-4,29052208,2026-08-08T08:38:49+0200
1e31c7fea0cdf59a,auto-a1214efd9c98,hodr@ea88247,hodr,ea88247,spar_mender@d5b46bc,spar_mender,d5b46bc,skerry,all_official,1,0,rating,a,a,1.0,core_destroyed,242,,20,1730,12,28,29,880,11,9,ok,,7.681,n-62-29-15,29052208,2026-08-08T08:40:30+0200
1e3db2708f66f572,auto-a1214efd9c98,pantheon_replica_day3@aa8bae0,pantheon_replica_day3,aa8bae0,hodr@ea88247,hodr,ea88247,twins,all_official,1,0,rating,b,b,0.0,core_destroyed,203,,10,230,3,5,7,470,8,14,ok,,4.178,n-62-31-20,29052208,2026-08-08T08:40:02+0200
1e41b9c19211a11b,auto-a1214efd9c98,hodr@ea88247,hodr,ea88247,casemate_oracle@90fc9f3,casemate_oracle,90fc9f3,quarry,all_official,1,0,rating,a,a,1.0,core_destroyed,125,,47,770,11,36,55,0,5,29,ok,,8.699,n-62-31-11,29052208,2026-08-08T08:38:10+0200
1e4630c8d2adb794,auto-a1214efd9c98,fenrir2@6b39ebb,fenrir2,6b39ebb,hodr@ea88247,hodr,ea88247,longship,all_official,1,0,rating,b,b,0.0,core_destroyed,181,,0,590,11,18,8,430,6,18,ok,,4.765,n-62-29-9,29052208,2026-08-08T08:38:45+0200
1e749b1d3f4162ef,auto-a1214efd9c98,freyr@c2c0d3d,freyr,c2c0d3d,hodr@ea88247,hodr,ea88247,bridge,all_official,1,0,rating,b,b,0.0,core_destroyed,243,,60,0,8,10,10,0,9,5,ok,,7.281,n-62-29-34,29052208,2026-08-08T08:38:59+0200
1e8db5b4a0f2154e,auto-a1214efd9c98,strategist@2e6eca5,strategist,2e6eca5,hodr@ea88247,hodr,ea88247,strait,all_official,1,0,rating,b,b,0.0,core_destroyed,93,,109,200,5,56,60,540,7,27,ok,,3.017,n-62-28-31,29052208,2026-08-08T08:40:39+0200
1ed40910fb942196,auto-a1214efd9c98,hodr@ea88247,hodr,ea88247,mjolnir@2e6c876,mjolnir,2e6c876,crossfire,all_official,1,0,rating,a,a,1.0,core_destroyed,146,,63,680,8,21,39,860,11,14,ok,,5.026,n-62-11-63,29052208,2026-08-08T08:39:17+0200
1ed452cd54babdd1,auto-a1214efd9c98,tempest_reinforcements@025dd51,tempest_reinforcements,025dd51,hodr@ea88247,hodr,ea88247,archipelago,all_official,1,0,rating,a,a,1.0,core_destroyed,225,,60,770,10,11,9,120,7,2,ok,,5.023,n-62-28-34,29052208,2026-08-08T08:40:43+0200
1ed4d91be4fa25f8,auto-a1214efd9c98,aegis@e55aab5,aegis,e55aab5,hodr@ea88247,hodr,ea88247,lighthouse,all_official,1,0,rating,b,b,0.0,core_destroyed,60,,14,80,7,11,19,320,8,11,ok,,2.773,n-62-31-21,29052208,2026-08-08T08:38:28+0200
1ef68ba29a05e982,auto-a1214efd9c98,jonbot@90fc9f3,jonbot,90fc9f3,hodr@ea88247,hodr,ea88247,aurora,all_official,1,0,rating,b,b,0.0,core_destroyed,92,,38,0,9,12,17,370,7,24,ok,,4.453,n-62-21-3,29052208,2026-08-08T08:38:37+0200
1f1bf3328ecc6cb5,auto-a1214efd9c98,hodr@ea88247,hodr,ea88247,steward_relent@7ed1acc,steward_relent,7ed1acc,string,all_official,1,0,rating,b,b,0.0,core_destroyed,397,,59,160,1,2,10,2010,14,8,ok,,8.163,n-62-11-66,29052208,2026-08-08T08:40:30+0200
1f37390ef7767983,auto-a1214efd9c98,hodr@ea88247,hodr,ea88247,mimir@cfc1ec4,mimir,cfc1ec4,fjord,all_official,1,0,rating,a,a,1.0,core_destroyed,116,,14,770,9,15,17,600,6,15,ok,,3.911,n-62-31-5,29052208,2026-08-08T08:39:13+0200
1f4bfdd9adfec070,auto-a1214efd9c98,bastion@840a180,bastion,840a180,hodr@ea88247,hodr,ea88247,twins,all_official,1,0,rating,a,a,1.0,core_destroyed,541,,4,230,7,11,10,1320,8,15,ok,,5.674,n-62-11-64,29052208,2026-08-08T08:38:41+0200
1f5a13830149688b,auto-a1214efd9c98,skadi@821d792,skadi,821d792,hodr@ea88247,hodr,ea88247,duel,all_official,1,0,rating,a,a,1.0,core_destroyed,63,,10,150,5,5,72,150,7,4,ok,,2.959,n-62-31-23,29052208,2026-08-08T08:40:13+0200
1f6857397303cb90,auto-a1214efd9c98,bastion@840a180,bastion,840a180,hodr@ea88247,hodr,ea88247,saga,all_official,1,0,rating,b,b,0.0,core_destroyed,79,,38,340,7,39,10,360,7,37,ok,,4.156,n-62-11-63,29052208,2026-08-08T08:38:01+0200
1fa1c8c5317d10f6,auto-a1214efd9c98,ragnarok_fair@79582fc,ragnarok_fair,79582fc,hodr@ea88247,hodr,ea88247,heart,all_official,1,0,rating,b,b,0.0,core_destroyed,117,,10,0,8,7,9,40,6,5,ok,,4.095,n-62-21-12,29052208,2026-08-08T08:39:22+0200
1fbdfd594223aed0,auto-a1214efd9c98,jonbot@90fc9f3,jonbot,90fc9f3,hodr@ea88247,hodr,ea88247,antler,all_official,1,0,rating,b,b,0.0,core_destroyed,334,,17,640,8,9,47,2170,10,28,ok,,6.077,n-62-21-3,29052208,2026-08-08T08:38:03+0200
1fc971498589d403,auto-a1214efd9c98,e_t4l7@9e77076,e_t4l7,9e77076,hodr@ea88247,hodr,ea88247,fjord,all_official,1,0,rating,b,b,0.0,core_destroyed,277,,569,1760,7,39,20,2490,10,41,ok,,5.233,n-62-28-31,29052208,2026-08-08T08:38:38+0200
1fcf4acb97f67e90,auto-a1214efd9c98,hodr@ea88247,hodr,ea88247,undertow_oracle@fdc1e1f,undertow_oracle,fdc1e1f,antler,all_official,1,0,rating,a,a,1.0,core_destroyed,85,,18,380,7,13,59,200,8,2,ok,,3.157,n-62-11-64,29052208,2026-08-08T08:40:44+0200
1fd264827ecf5874,auto-a1214efd9c98,hodr@ea88247,hodr,ea88247,skadi@6a2af02,skadi,6a2af02,strait,all_official,1,0,rating,b,b,0.0,core_destroyed,169,,185,1130,12,21,279,1130,9,28,ok,,4.958,n-62-31-21,29052208,2026-08-08T08:39:05+0200
1fd6ceda138ed3dd,auto-a1214efd9c98,mimir@cfc1ec4,mimir,cfc1ec4,hodr@ea88247,hodr,ea88247,fjord,all_official,1,0,rating,a,a,1.0,core_destroyed,116,,14,770,9,15,17,600,6,15,ok,,3.988,n-62-31-5,29052208,2026-08-08T08:39:17+0200
1fe3f778875f8fe8,auto-a1214efd9c98,steward_hardened_reinforced@04300bf,steward_hardened_reinforced,04300bf,hodr@ea88247,hodr,ea88247,pinch,all_official,1,0,rating,a,a,1.0,core_destroyed,201,,8,480,8,8,9,480,7,6,ok,,3.573,n-62-29-31,29052208,2026-08-08T08:39:50+0200
1ff7097b19e87545,auto-a1214efd9c98,hodr@ea88247,hodr,ea88247,e_t4l7@9e77076,e_t4l7,9e77076,eider,all_official,1,0,rating,a,a,1.0,core_destroyed,135,,114,1850,11,46,3,260,2,14,ok,,3.692,n-62-28-31,29052208,2026-08-08T08:38:16+0200
1ffdd82fad32ccf8,auto-a1214efd9c98,hodr@ea88247,hodr,ea88247,steward_hardened_reinforced@672ee02,steward_hardened_reinforced,672ee02,vase,all_official,1,0,rating,a,a,1.0,core_destroyed,144,,20,110,8,4,43,320,8,13,ok,,4.847,n-62-31-7,29052208,2026-08-08T08:39:36+0200
2003bbe79535fdbe,auto-a1214efd9c98,hodr@ea88247,hodr,ea88247,skadi@821d792,skadi,821d792,vault,all_official,1,0,rating,b,b,0.0,core_destroyed,470,,45,2290,10,17,8,2130,10,11,ok,,8.261,n-62-11-60,29052208,2026-08-08T08:40:15+0200
20076f0534997b5d,auto-a1214efd9c98,hodr@ea88247,hodr,ea88247,steward_hardened_reinforced@c04e46e,steward_hardened_reinforced,c04e46e,archipelago,all_official,1,0,rating,a,a,1.0,core_destroyed,66,,20,360,9,27,5,150,8,14,ok,,3.821,n-62-11-55,29052208,2026-08-08T08:39:48+0200
2008f8d0b985e28f,auto-a1214efd9c98,hodr@ea88247,hodr,ea88247,gefjon@f66a427,gefjon,f66a427,lighthouse,all_official,1,0,rating,a,a,1.0,core_destroyed,94,,8,400,5,9,1,420,7,13,ok,,3.51,n-62-31-20,29052208,2026-08-08T08:38:32+0200
2013a924b0887fbd,auto-a1214efd9c98,jonbot@90fc9f3,jonbot,90fc9f3,hodr@ea88247,hodr,ea88247,pinch,all_official,1,0,rating,b,b,0.0,core_destroyed,365,,120,770,7,10,8,890,7,13,ok,,6.467,n-62-21-10,29052208,2026-08-08T08:38:53+0200
201f1cb2f15422a0,auto-a1214efd9c98,ragnarok_fair@79582fc,ragnarok_fair,79582fc,hodr@ea88247,hodr,ea88247,sweden,all_official,1,0,rating,b,b,0.0,core_destroyed,400,,445,1410,10,18,20,960,9,15,ok,,16.761,n-62-21-6,29052208,2026-08-08T08:39:35+0200
204e7ceaccc17ae8,auto-a1214efd9c98,hodr@ea88247,hodr,ea88247,steward_hardened_reinforced@cdc552f,steward_hardened_reinforced,cdc552f,showdown,all_official,1,0,rating,a,a,1.0,core_destroyed,92,,19,180,7,9,20,0,7,4,ok,,3.592,n-62-11-51,29052208,2026-08-08T08:39:58+0200
2082689c815fdca1,auto-a1214efd9c98,skadi@aad5f44,skadi,aad5f44,hodr@ea88247,hodr,ea88247,fjordgate,all_official,1,0,rating,a,a,1.0,core_destroyed,276,,66,720,7,15,20,180,8,12,ok,,4.882,n-62-11-62,29052208,2026-08-08T08:39:48+0200
208706a22cd52178,auto-a1214efd9c98,steward_hardened_reinforced@cdc552f,steward_hardened_reinforced,cdc552f,hodr@ea88247,hodr,ea88247,runestone,all_official,1,0,rating,b,b,0.0,core_destroyed,103,,1,60,7,14,10,320,8,19,ok,,4.127,n-62-21-92,29052208,2026-08-08T08:40:31+0200
209e2ba75a609135,auto-a1214efd9c98,hodr@ea88247,hodr,ea88247,steward_hardened_reinforced@f61245f,steward_hardened_reinforced,f61245f,fjord,all_official,1,0,rating,a,a,1.0,core_destroyed,116,,14,770,9,15,17,600,6,15,ok,,3.674,n-62-28-28,29052208,2026-08-08T08:40:07+0200
20b8ecb3a640d089,auto-a1214efd9c98,prospect_rushonly@bf9b3e3,prospect_rushonly,bf9b3e3,hodr@ea88247,hodr,ea88247,twins,all_official,1,0,rating,b,b,0.0,core_destroyed,164,,16,160,9,2,26,380,6,14,ok,,3.768,n-62-12-2,29052208,2026-08-08T08:39:44+0200
20c19dd74a8f2093,auto-a1214efd9c98,hodr@ea88247,hodr,ea88247,lockin@90fc9f3,lockin,90fc9f3,pinch,all_official,1,0,rating,a,a,1.0,core_destroyed,78,,181,540,7,31,317,0,7,1,ok,,4.883,n-62-21-60,29052208,2026-08-08T08:38:09+0200
20e93b85ae59821f,auto-a1214efd9c98,hodr@ea88247,hodr,ea88247,pantheon_replica_day3@aa8bae0,pantheon_replica_day3,aa8bae0,snowflake,all_official,1,0,rating,a,a,1.0,core_destroyed,50,,36,360,7,20,10,70,9,9,ok,,3.638,n-62-31-18,29052208,2026-08-08T08:39:11+0200
20f5216cd1251e9a,auto-a1214efd9c98,prospect@bf9b3e3,prospect,bf9b3e3,hodr@ea88247,hodr,ea88247,lighthouse,all_official,1,0,rating,b,b,0.0,core_destroyed,60,,14,80,7,11,19,320,8,11,ok,,3.094,n-62-11-52,29052208,2026-08-08T08:38:51+0200
215f9e4e64172f15,auto-a1214efd9c98,strategist@2e6eca5,strategist,2e6eca5,hodr@ea88247,hodr,ea88247,vase,all_official,1,0,rating,b,b,0.0,core_destroyed,57,,640,0,0,0,10,100,8,16,ok,,1.967,n-62-29-9,29052208,2026-08-08T08:40:29+0200
217597ed368babbc,auto-a1214efd9c98,steward_hardened_reinforced@c04e46e,steward_hardened_reinforced,c04e46e,hodr@ea88247,hodr,ea88247,runestone,all_official,1,0,rating,a,a,1.0,core_destroyed,325,,9,50,8,17,10,280,8,17,ok,,5.608,n-62-11-68,29052208,2026-08-08T08:40:07+0200
2191b87178477811,auto-a1214efd9c98,hodr@ea88247,hodr,ea88247,freyr@c2c0d3d,freyr,c2c0d3d,aurora,all_official,1,0,rating,a,a,1.0,core_destroyed,68,,28,410,7,30,19,250,8,22,ok,,3.657,n-62-29-34,29052208,2026-08-08T08:38:19+0200
2194d50a40712822,auto-a1214efd9c98,hodr@ea88247,hodr,ea88247,lockin@90fc9f3,lockin,90fc9f3,moonrise,all_official,1,0,rating,a,a,1.0,core_destroyed,42,,10,60,7,11,600,0,0,0,ok,,1.888,n-62-21-60,29052208,2026-08-08T08:37:58+0200
21af98aa61db5c55,auto-a1214efd9c98,lockin@90fc9f3,lockin,90fc9f3,hodr@ea88247,hodr,ea88247,moonrise,all_official,1,0,rating,b,b,0.0,core_destroyed,48,,620,0,0,0,20,100,7,20,ok,,1.754,n-62-21-60,29052208,2026-08-08T08:38:00+0200
21dba212ee11762a,auto-a1214efd9c98,skadi@6a2af02,skadi,6a2af02,hodr@ea88247,hodr,ea88247,drumlin,all_official,1,0,rating,b,b,0.0,core_destroyed,255,,269,2260,17,25,76,2310,10,44,ok,,9.962,n-62-21-23,29052208,2026-08-08T08:40:24+0200
21dc649700904d40,auto-a1214efd9c98,bastion@840a180,bastion,840a180,hodr@ea88247,hodr,ea88247,quarry,all_official,1,0,rating,b,b,0.0,core_destroyed,138,,61,1120,12,48,64,820,10,22,ok,,6.698,n-62-11-61,29052208,2026-08-08T08:38:26+0200
21edb8de47c03dfa,auto-a1214efd9c98,hodr@ea88247,hodr,ea88247,tempest@90fc9f3,tempest,90fc9f3,nordkap,all_official,1,0,rating,a,a,1.0,core_destroyed,117,,10,270,7,13,2,0,10,0,ok,,5.941,n-62-28-33,29052208,2026-08-08T08:40:31+0200
21f62673fd0ca147,auto-a1214efd9c98,hodr@ea88247,hodr,ea88247,odin@38e1456,odin,38e1456,lighthouse,all_official,1,0,rating,a,a,1.0,core_destroyed,87,,6,360,8,11,11,190,6,8,ok,,3.433,n-62-29-24,29052208,2026-08-08T08:39:13+0200
2237c7533467a26e,auto-a1214efd9c98,e_t4l7@9e77076,e_t4l7,9e77076,hodr@ea88247,hodr,ea88247,aurora,all_official,1,0,rating,a,a,1.0,titanium_collected,1000,,4725,5100,4,32,36,4900,9,24,ok,,15.953,n-62-28-28,29052208,2026-08-08T08:38:35+0200
2242512a93e1f76c,auto-a1214efd9c98,steward_hardened_reinforced@672ee02,steward_hardened_reinforced,672ee02,hodr@ea88247,hodr,ea88247,crossfire,all_official,1,0,rating,a,a,1.0,titanium_collected,1000,,16,650,8,11,16,50,5,5,ok,,8.032,n-62-31-8,29052208,2026-08-08T08:40:48+0200
2250989ebeca8d1b,auto-a1214efd9c98,hodr@ea88247,hodr,ea88247,janus@8a1e7a1,janus,8a1e7a1,antler,all_official,1,0,rating,a,a,1.0,core_destroyed,164,,16,480,5,9,18,770,8,6,ok,,3.881,n-62-21-1,29052208,2026-08-08T08:38:22+0200
2259c90552d2a4a8,auto-a1214efd9c98,skadi@aad5f44,skadi,aad5f44,hodr@ea88247,hodr,ea88247,vase,all_official,1,0,rating,a,a,1.0,core_destroyed,249,,10,300,3,6,58,410,6,11,ok,,6.357,n-62-21-92,29052208,2026-08-08T08:39:25+0200
225e3c86d274be19,auto-a1214efd9c98,steward_reinforced@a8dc58a,steward_reinforced,a8dc58a,hodr@ea88247,hodr,ea88247,drumlin,all_official,1,0,rating,b,b,0.0,core_destroyed,68,,20,340,8,22,19,370,6,21,ok,,4.09,n-62-31-4,29052208,2026-08-08T08:40:17+0200
226cf1baada49ce7,auto-a1214efd9c98,hodr@ea88247,hodr,ea88247,skadi@6a2af02,skadi,6a2af02,snowflake,all_official,1,0,rating,a,a,1.0,core_destroyed,110,,168,1120,10,23,67,1020,10,28,ok,,5.141,n-62-31-4,29052208,2026-08-08T08:39:47+0200
227be43026ad365d,auto-a1214efd9c98,hodr@ea88247,hodr,ea88247,jonbot_190003d@90fc9f3,jonbot_190003d,90fc9f3,sprint,all_official,1,0,rating,b,b,0.0,core_destroyed,228,,16,30,7,3,68,620,9,9,ok,,3.907,n-62-21-19,29052208,2026-08-08T08:38:36+0200
227f29a22564d131,auto-a1214efd9c98,skadi@821d792,skadi,821d792,hodr@ea88247,hodr,ea88247,lighthouse,all_official,1,0,rating,b,b,0.0,core_destroyed,125,,8,170,7,9,20,560,7,13,ok,,3.343,n-62-21-16,29052208,2026-08-08T08:39:07+0200
22a184a0ffec5183,auto-a1214efd9c98,hodr@ea88247,hodr,ea88247,lockin@90fc9f3,lockin,90fc9f3,meander,all_official,1,0,rating,a,a,1.0,core_destroyed,58,,10,110,7,17,640,0,0,0,ok,,2.473,n-62-21-60,29052208,2026-08-08T08:37:54+0200
22adcd7a7ff956e9,auto-a1214efd9c98,prospect_rushonly@bf9b3e3,prospect_rushonly,bf9b3e3,hodr@ea88247,hodr,ea88247,vase,all_official,1,0,rating,b,b,0.0,core_destroyed,113,,222,0,4,5,10,0,8,8,ok,,3.131,n-62-12-6,29052208,2026-08-08T08:38:54+0200
22bae109dbdb98a0,auto-a1214efd9c98,bastion@840a180,bastion,840a180,hodr@ea88247,hodr,ea88247,crossfire,all_official,1,0,rating,b,b,0.0,core_destroyed,301,,17,740,6,8,8,750,6,6,ok,,4.852,n-62-11-60,29052208,2026-08-08T08:38:37+0200
22de1cd399775c9e,auto-a1214efd9c98,hodr@ea88247,hodr,ea88247,odin@38e1456,odin,38e1456,sweden,all_official,1,0,rating,b,b,0.0,core_destroyed,105,,60,160,8,15,20,390,6,20,ok,,5.804,n-62-29-33,29052208,2026-08-08T08:39:07+0200
2303d24d156a09de,auto-a1214efd9c98,ragnarok_fair@79582fc,ragnarok_fair,79582fc,hodr@ea88247,hodr,ea88247,lighthouse,all_official,1,0,rating,b,b,0.0,core_destroyed,60,,14,80,7,11,19,320,8,11,ok,,3.519,n-62-21-4,29052208,2026-08-08T08:39:20+0200
231e250aa0427d50,auto-a1214efd9c98,pantheon_replica_day3@aa8bae0,pantheon_replica_day3,aa8bae0,hodr@ea88247,hodr,ea88247,antler,all_official,1,0,rating,b,b,0.0,core_destroyed,46,,10,100,8,9,19,190,7,7,ok,,3.523,n-62-30-25,29052208,2026-08-08T08:39:22+0200
23695080a83accbb,auto-a1214efd9c98,hodr@ea88247,hodr,ea88247,skadi@1e4eddf,skadi,1e4eddf,pinch,all_official,1,0,rating,a,a,1.0,core_destroyed,110,,20,610,9,24,35,690,9,25,ok,,4.978,n-62-21-11,29052208,2026-08-08T08:39:50+0200
238efb33ee9a8b42,auto-a1214efd9c98,hodr@ea88247,hodr,ea88247,ragnarok_fair@79582fc,ragnarok_fair,79582fc,vase,all_official,1,0,rating,b,b,0.0,core_destroyed,530,,65,70,8,5,11,1280,9,12,ok,,7.616,n-62-21-6,29052208,2026-08-08T08:39:52+0200
23954ee478c9627d,auto-a1214efd9c98,mistral@90fc9f3,mistral,90fc9f3,hodr@ea88247,hodr,ea88247,heart,all_official,1,0,rating,b,b,0.0,core_destroyed,45,,32,0,8,0,10,50,7,10,ok,,4.446,n-62-11-60,29052208,2026-08-08T08:39:23+0200
23b1851e7d74bb3a,auto-a1214efd9c98,hodr@ea88247,hodr,ea88247,gobbleglitch@6cdc440,gobbleglitch,6cdc440,pinch,all_official,1,0,rating,a,a,1.0,core_destroyed,153,,8,360,8,14,97,0,10,4,ok,,4.268,n-62-21-90,29052208,2026-08-08T08:37:55+0200
23bc87f7eb556a6f,auto-a1214efd9c98,prospect_rushonly@bf9b3e3,prospect_rushonly,bf9b3e3,hodr@ea88247,hodr,ea88247,drumlin,all_official,1,0,rating,b,b,0.0,core_destroyed,57,,9,180,7,14,19,220,8,15,ok,,3.117,n-62-12-1,29052208,2026-08-08T08:38:52+0200
23bfd9f26c0e4e5e,auto-a1214efd9c98,hodr@ea88247,hodr,ea88247,odin@38e1456,odin,38e1456,moonrise,all_official,1,0,rating,a,a,1.0,core_destroyed,76,,18,280,8,9,20,170,8,6,ok,,3.201,n-62-29-24,29052208,2026-08-08T08:39:38+0200
23c3d628cbd6a80f,auto-a1214efd9c98,maporacle@38e1456,maporacle,38e1456,hodr@ea88247,hodr,ea88247,antler,all_official,1,0,rating,a,a,1.0,core_destroyed,64,,18,270,6,10,204,270,5,6,ok,,3.103,n-62-21-63,29052208,2026-08-08T08:38:16+0200
23cb254dfbd762ad,auto-a1214efd9c98,strategist@2e6eca5,strategist,2e6eca5,hodr@ea88247,hodr,ea88247,vault,all_official,1,0,rating,b,b,0.0,core_destroyed,350,,1786,1690,1,48,20,1710,12,27,ok,,8.568,n-62-29-9,29052208,2026-08-08T08:40:47+0200
23d542e0651d4c1d,auto-a1214efd9c98,janus@8a1e7a1,janus,8a1e7a1,hodr@ea88247,hodr,ea88247,antler,all_official,1,0,rating,b,b,0.0,core_destroyed,61,,9,250,7,9,19,260,7,10,ok,,3.64,n-62-21-1,29052208,2026-08-08T08:38:26+0200
23e39d64c936eaba,auto-a1214efd9c98,heimdall@daf0de0,heimdall,daf0de0,hodr@ea88247,hodr,ea88247,quarry,all_official,1,0,rating,b,b,0.0,core_destroyed,115,,0,190,7,25,30,660,9,22,ok,,3.692,n-62-12-3,29052208,2026-08-08T08:38:30+0200
2406983f545ab606,auto-a1214efd9c98,hodr@ea88247,hodr,ea88247,odin@93e46da,odin,93e46da,lighthouse,all_official,1,0,rating,a,a,1.0,core_destroyed,87,,6,360,8,11,11,190,6,8,ok,,3.43,n-62-29-5,29052208,2026-08-08T08:39:43+0200
2410777abd2ac932,auto-a1214efd9c98,freyr@c2c0d3d,freyr,c2c0d3d,hodr@ea88247,hodr,ea88247,fjord,all_official,1,0,rating,a,a,1.0,core_destroyed,116,,14,770,9,15,17,600,6,15,ok,,3.56,n-62-29-5,29052208,2026-08-08T08:38:34+0200
2440bd0ad56e6e3d,auto-a1214efd9c98,hodr@ea88247,hodr,ea88247,janus@8a1e7a1,janus,8a1e7a1,heart,all_official,1,0,rating,a,a,1.0,core_destroyed,82,,6,50,5,6,10,0,6,8,ok,,3.241,n-62-21-2,29052208,2026-08-08T08:38:18+0200
246a0d09816f4777,auto-a1214efd9c98,hodr@ea88247,hodr,ea88247,bastion@840a180,bastion,840a180,showdown,all_official,1,0,rating,a,a,1.0,core_destroyed,85,,9,0,5,9,10,0,6,0,ok,,2.969,n-62-11-63,29052208,2026-08-08T08:38:04+0200
2496faebcfc595c5,auto-a1214efd9c98,bastion@840a180,bastion,840a180,hodr@ea88247,hodr,ea88247,moonrise,all_official,1,0,rating,a,a,1.0,core_destroyed,76,,15,280,5,9,19,170,6,6,ok,,3.412,n-62-11-61,29052208,2026-08-08T08:37:59+0200
24aa8c10bf9c811d,auto-a1214efd9c98,ragnarok_fair@79582fc,ragnarok_fair,79582fc,hodr@ea88247,hodr,ea88247,runestone,all_official,1,0,rating,b,b,0.0,core_destroyed,159,,9,370,7,12,29,540,8,24,ok,,5.039,n-62-21-14,29052208,2026-08-08T08:39:22+0200
24da229d9d024c01,auto-a1214efd9c98,steward_hardened_reinforced@f61245f,steward_hardened_reinforced,f61245f,hodr@ea88247,hodr,ea88247,quarry,all_official,1,0,rating,b,b,0.0,core_destroyed,981,,8,630,7,22,10,2660,9,22,ok,,9.215,n-62-28-34,29052208,2026-08-08T08:40:32+0200
24fe4431ae5c789e,auto-a1214efd9c98,hodr@ea88247,hodr,ea88247,gefjon@f66a427,gefjon,f66a427,eider,all_official,1,0,rating,b,b,0.0,core_destroyed,66,,6,140,8,7,10,360,7,11,ok,,3.56,n-62-31-18,29052208,2026-08-08T08:38:03+0200
250c229d612405dc,auto-a1214efd9c98,steward_hardened_reinforced@f61245f,steward_hardened_reinforced,f61245f,hodr@ea88247,hodr,ea88247,hive,all_official,1,0,rating,b,b,0.0,core_destroyed,82,,8,180,9,18,8,240,8,22,ok,,4.327,n-62-28-28,29052208,2026-08-08T08:40:45+0200
252af8b4d1a53678,auto-a1214efd9c98,steward_reinforced@a8dc58a,steward_reinforced,a8dc58a,hodr@ea88247,hodr,ea88247,string,all_official,1,0,rating,b,b,0.0,core_destroyed,230,,92,10,2,3,20,1090,15,11,ok,,6.582,n-62-31-24,29052208,2026-08-08T08:40:50+0200
255354d2ced896bf,auto-a1214efd9c98,janus@8a1e7a1,janus,8a1e7a1,hodr@ea88247,hodr,ea88247,snowflake,all_official,1,0,rating,b,b,0.0,core_destroyed,71,,1,390,9,17,6,150,6,11,ok,,3.579,n-62-21-9,29052208,2026-08-08T08:38:21+0200
255b5980588ff2be,auto-a1214efd9c98,lockin@90fc9f3,lockin,90fc9f3,hodr@ea88247,hodr,ea88247,hive,all_official,1,0,rating,b,b,0.0,core_destroyed,71,,35,0,10,2,20,260,8,24,ok,,6.747,n-62-21-59,29052208,2026-08-08T08:38:12+0200
257558e45b3c4634,auto-a1214efd9c98,hodr@ea88247,hodr,ea88247,steward_hardened_reinforced@366cd1b,steward_hardened_reinforced,366cd1b,twins,all_official,1,0,rating,a,a,1.0,core_destroyed,120,,20,280,8,9,14,160,8,14,ok,,3.794,n-62-31-17,29052208,2026-08-08T08:40:14+0200
258c6b6dcb4c7b7e,auto-a1214efd9c98,hodr@ea88247,hodr,ea88247,tempest_reinforcements@025dd51,tempest_reinforcements,025dd51,runestone,all_official,1,0,rating,a,a,1.0,core_destroyed,113,,10,250,7,19,41,90,10,8,ok,,4.544,n-62-31-17,29052208,2026-08-08T08:40:43+0200
258d64588468bd0d,auto-a1214efd9c98,hodr@ea88247,hodr,ea88247,steward_hardened_reinforced@672ee02,steward_hardened_reinforced,672ee02,sweden,all_official,1,0,rating,b,b,0.0,core_destroyed,133,,53,0,9,20,0,290,7,16,ok,,6.427,n-62-31-22,29052208,2026-08-08T08:40:18+0200
25a2e37126fd9aac,auto-a1214efd9c98,hodr@ea88247,hodr,ea88247,spar_mender@d5b46bc,spar_mender,d5b46bc,heart,all_official,1,0,rating,b,b,0.0,core_destroyed,369,,10,0,5,5,9,0,9,9,ok,,5.995,n-62-28-34,29052208,2026-08-08T08:39:41+0200
25bfa05177fa3032,auto-a1214efd9c98,skadi@6a2af02,skadi,6a2af02,hodr@ea88247,hodr,ea88247,aurora,all_official,1,0,rating,b,b,0.0,core_destroyed,74,,40,470,8,35,19,280,8,24,ok,,3.913,n-62-21-23,29052208,2026-08-08T08:39:21+0200
25c0c9ec93e77050,auto-a1214efd9c98,hodr@ea88247,hodr,ea88247,e_t4l7@9e77076,e_t4l7,9e77076,longship,all_official,1,0,rating,b,b,0.0,titanium_collected,1000,,48,2480,8,18,6903,5000,10,16,ok,,16.953,n-62-28-33,29052208,2026-08-08T08:38:56+0200
25c3a804b39d2526,auto-a1214efd9c98,steward_hardened_reinforced@04300bf,steward_hardened_reinforced,04300bf,hodr@ea88247,hodr,ea88247,vault,all_official,1,0,rating,b,b,0.0,core_destroyed,134,,6,430,11,13,18,630,9,21,ok,,5.008,n-62-29-34,29052208,2026-08-08T08:39:37+0200
25c3e8505664c2f8,auto-a1214efd9c98,hodr@ea88247,hodr,ea88247,odin@38e1456,odin,38e1456,drumlin,all_official,1,0,rating,a,a,1.0,core_destroyed,79,,19,480,8,19,33,510,8,30,ok,,3.937,n-62-29-16,29052208,2026-08-08T08:39:25+0200
25d3ebf888a73307,auto-a1214efd9c98,hodr@ea88247,hodr,ea88247,spar_mender@7ed1acc,spar_mender,7ed1acc,skerry,all_official,1,0,rating,a,a,1.0,core_destroyed,162,,69,960,10,23,42,1140,12,18,ok,,7.551,n-62-21-98,29052208,2026-08-08T08:39:36+0200
25d6799d3ec957bd,auto-a1214efd9c98,steward_reinforced@a8dc58a,steward_reinforced,a8dc58a,hodr@ea88247,hodr,ea88247,vase,all_official,1,0,rating,a,a,1.0,core_destroyed,159,,10,0,6,6,10,310,6,11,ok,,5.768,n-62-11-67,29052208,2026-08-08T08:40:32+0200
25e0ca923336e0a2,auto-a1214efd9c98,hodr@ea88247,hodr,ea88247,steward_hardened_reinforced@04300bf,steward_hardened_reinforced,04300bf,string,all_official,1,0,rating,b,b,0.0,core_destroyed,453,,8,30,6,0,9,1380,8,7,ok,,8.245,n-62-31-5,29052208,2026-08-08T08:39:52+0200
25ee962c25d3af61,auto-a1214efd9c98,hodr@ea88247,hodr,ea88247,mistral@90fc9f3,mistral,90fc9f3,sprint,all_official,1,0,rating,a,a,1.0,core_destroyed,65,,9,0,6,12,60,0,8,0,ok,,3.085,n-62-11-61,29052208,2026-08-08T08:39:24+0200
25f50247bddb15d3,auto-a1214efd9c98,hodr@ea88247,hodr,ea88247,steward_hardened_reinforced@f61245f,steward_hardened_reinforced,f61245f,snowflake,all_official,1,0,rating,a,a,1.0,core_destroyed,65,,43,550,9,22,7,140,8,11,ok,,3.815,n-62-31-5,29052208,2026-08-08T08:40:23+0200
25f7dd5295d72c32,auto-a1214efd9c98,jotunn@6b39ebb,jotunn,6b39ebb,hodr@ea88247,hodr,ea88247,fjordgate,all_official,1,0,rating,b,b,0.0,core_destroyed,446,,35,0,5,0,10,30,7,1,ok,,4.796,n-62-13-7,29052208,2026-08-08T08:38:12+0200
262e54737f464c58,auto-a1214efd9c98,hodr@ea88247,hodr,ea88247,steward_hardened_reinforced@cdc552f,steward_hardened_reinforced,cdc552f,skerry,all_official,1,0,rating,a,a,1.0,core_destroyed,89,,39,580,10,12,10,290,8,15,ok,,5.004,n-62-11-51,29052208,2026-08-08T08:40:08+0200
26375796d7138983,auto-a1214efd9c98,maporacle@38e1456,maporacle,38e1456,hodr@ea88247,hodr,ea88247,pinch,all_official,1,0,rating,a,a,1.0,core_destroyed,102,,30,640,10,25,34,650,11,35,ok,,5.002,n-62-21-67,29052208,2026-08-08T08:38:15+0200
265bc73e11975a2d,auto-a1214efd9c98,hodr@ea88247,hodr,ea88247,mistral@90fc9f3,mistral,90fc9f3,skerry,all_official,1,0,rating,a,a,1.0,core_destroyed,45,,20,260,9,17,258,0,5,0,ok,,5.798,n-62-11-61,29052208,2026-08-08T08:39:04+0200
265e7cd740d85c89,auto-a1214efd9c98,hodr@ea88247,hodr,ea88247,jonbot_190003d@90fc9f3,jonbot_190003d,90fc9f3,heart,all_official,1,0,rating,a,a,1.0,core_destroyed,141,,9,0,6,10,60,0,6,11,ok,,4.007,n-62-21-15,29052208,2026-08-08T08:38:29+0200
265f0bb69bb3a95e,auto-a1214efd9c98,hodr@ea88247,hodr,ea88247,tempest_reinforcements@025dd51,tempest_reinforcements,025dd51,heart,all_official,1,0,rating,a,a,1.0,core_destroyed,109,,1,80,7,7,24,0,8,3,ok,,4.035,n-62-30-24,29052208,2026-08-08T08:40:45+0200
268323a330ae17f7,auto-a1214efd9c98,hodr@ea88247,hodr,ea88247,gefjon@f66a427,gefjon,f66a427,antler,all_official,1,0,rating,a,a,1.0,core_destroyed,55,,8,290,6,11,10,240,6,10,ok,,3.129,n-62-31-7,29052208,2026-08-08T08:38:24+0200
268b24c6d9bf858b,auto-a1214efd9c98,hodr@ea88247,hodr,ea88247,janus@8a1e7a1,janus,8a1e7a1,fjordgate,all_official,1,0,rating,b,b,0.0,core_destroyed,90,,166,210,4,7,9,210,6,5,ok,,2.764,n-62-21-2,29052208,2026-08-08T08:38:11+0200
26a2283481a50122,auto-a1214efd9c98,steward_hardened_reinforced@a994296,steward_hardened_reinforced,a994296,hodr@ea88247,hodr,ea88247,fjordgate,all_official,1,0,rating,a,a,1.0,core_destroyed,224,,30,1060,6,25,32,10,2,3,ok,,4.093,n-62-31-20,29052208,2026-08-08T08:39:57+0200
26ec1eeef0d6a3c7,auto-a1214efd9c98,hodr@ea88247,hodr,ea88247,lockin@90fc9f3,lockin,90fc9f3,sprint,all_official,1,0,rating,a,a,1.0,core_destroyed,41,,10,130,7,14,315,0,6,0,ok,,3.864,n-62-21-62,29052208,2026-08-08T08:37:55+0200
26ed2128c763b5b8,auto-a1214efd9c98,steward_hardened_reinforced@f61245f,steward_hardened_reinforced,f61245f,hodr@ea88247,hodr,ea88247,bridge,all_official,1,0,rating,b,b,0.0,core_destroyed,243,,39,0,8,10,10,0,9,5,ok,,7.052,n-62-28-31,29052208,2026-08-08T08:40:29+0200
273fb48426746785,auto-a1214efd9c98,steward_hardened_reinforced@c04e46e,steward_hardened_reinforced,c04e46e,hodr@ea88247,hodr,ea88247,vase,all_official,1,0,rating,a,a,1.0,core_destroyed,604,,22,1440,19,14,232,840,13,12,ok,,17.637,n-62-11-63,29052208,2026-08-08T08:40:09+0200
278bc5be72da85d0,auto-a1214efd9c98,steward_hardened_reinforced@deba9ec,steward_hardened_reinforced,deba9ec,hodr@ea88247,hodr,ea88247,sprint,all_official,1,0,rating,b,b,0.0,titanium_collected,1000,,16,0,6,9,19,210,5,8,ok,,6.494,n-62-12-7,29052208,2026-08-08T08:40:13+0200
27b30debd18417df,auto-a1214efd9c98,hodr@ea88247,hodr,ea88247,spar_mender@7ed1acc,spar_mender,7ed1acc,bridge,all_official,1,0,rating,a,a,1.0,titanium_stored,1000,,256,0,10,17,163,0,9,8,ok,,19.305,n-62-31-9,29052208,2026-08-08T08:39:48+0200
27e62e021d2bc69b,auto-a1214efd9c98,steward_hardened_reinforced@366cd1b,steward_hardened_reinforced,366cd1b,hodr@ea88247,hodr,ea88247,archipelago,all_official,1,0,rating,a,a,1.0,core_destroyed,68,,19,370,9,27,10,160,8,14,ok,,3.931,n-62-29-34,29052208,2026-08-08T08:39:52+0200
27e675a34d8573f1,auto-a1214efd9c98,steward_hardened_reinforced@04300bf,steward_hardened_reinforced,04300bf,hodr@ea88247,hodr,ea88247,archipelago,all_official,1,0,rating,a,a,1.0,core_destroyed,68,,19,370,9,27,10,160,8,14,ok,,4.002,n-62-29-21,29052208,2026-08-08T08:40:30+0200
28286964c5e82cdf,auto-a1214efd9c98,hodr@ea88247,hodr,ea88247,heimdall@daf0de0,heimdall,daf0de0,eider,all_official,1,0,rating,a,a,1.0,core_destroyed,125,,7,560,9,11,10,280,7,12,ok,,4.034,n-62-12-8,29052208,2026-08-08T08:38:11+0200
284bfc1a91ea1272,auto-a1214efd9c98,tempest@90fc9f3,tempest,90fc9f3,hodr@ea88247,hodr,ea88247,jackpot,all_official,1,0,rating,b,b,0.0,core_destroyed,165,,521,0,4,1,10,720,11,25,ok,,6.619,n-62-29-5,29052208,2026-08-08T08:40:36+0200
285bb567c6c7a3c7,auto-a1214efd9c98,jotunn@6b39ebb,jotunn,6b39ebb,hodr@ea88247,hodr,ea88247,moonrise,all_official,1,0,rating,b,b,0.0,core_destroyed,77,,70,0,8,7,24,350,6,26,ok,,2.625,n-62-12-65,29052208,2026-08-08T08:38:27+0200
2864c2a35bc4f159,auto-a1214efd9c98,hodr@ea88247,hodr,ea88247,janus@8a1e7a1,janus,8a1e7a1,longship,all_official,1,0,rating,b,b,0.0,core_destroyed,85,,9,190,8,13,9,270,9,8,ok,,3.925,n-62-21-4,29052208,2026-08-08T08:38:22+0200
2877d2135ecacc56,auto-a1214efd9c98,heimdall@daf0de0,heimdall,daf0de0,hodr@ea88247,hodr,ea88247,snowflake,all_official,1,0,rating,a,a,1.0,core_destroyed,65,,20,430,9,18,22,140,7,10,ok,,3.698,n-62-12-4,29052208,2026-08-08T08:38:31+0200
28828bb1b6b91986,auto-a1214efd9c98,hodr@ea88247,hodr,ea88247,prospect_rushonly@bf9b3e3,prospect_rushonly,bf9b3e3,moonrise,all_official,1,0,rating,a,a,1.0,core_destroyed,62,,9,110,6,8,8,120,8,13,ok,,2.822,n-62-12-7,29052208,2026-08-08T08:39:01+0200
288d8bd5591bc5a8,auto-a1214efd9c98,aegis@e55aab5,aegis,e55aab5,hodr@ea88247,hodr,ea88247,runestone,all_official,1,0,rating,b,b,0.0,core_destroyed,141,,9,320,8,13,8,400,7,20,ok,,4.358,n-62-31-23,29052208,2026-08-08T08:38:12+0200
28944f009f820f82,auto-a1214efd9c98,hodr@ea88247,hodr,ea88247,odin@38e1456,odin,38e1456,atoll,all_official,1,0,rating,a,a,1.0,core_destroyed,141,,7,480,10,9,1,480,9,20,ok,,4.664,n-62-29-15,29052208,2026-08-08T08:39:17+0200
289d66a6a323db40,auto-a1214efd9c98,hodr@ea88247,hodr,ea88247,ullr@7d1ab4e,ullr,7d1ab4e,archipelago,all_official,1,0,rating,a,a,1.0,core_destroyed,66,,20,360,9,27,5,150,8,14,ok,,4.51,n-62-31-8,29052208,2026-08-08T08:40:41+0200
28ce0af09cbaa014,auto-a1214efd9c98,hodr@ea88247,hodr,ea88247,tempest_reinforcements@025dd51,tempest_reinforcements,025dd51,antler,all_official,1,0,rating,a,a,1.0,core_destroyed,169,,8,460,7,9,59,410,7,5,ok,,4.387,n-62-28-34,29052208,2026-08-08T08:40:30+0200
28ee8e7609019c22,auto-a1214efd9c98,pantheon_replica_day3@aa8bae0,pantheon_replica_day3,aa8bae0,hodr@ea88247,hodr,ea88247,runestone,all_official,1,0,rating,a,a,1.0,core_destroyed,105,,20,230,8,13,10,100,8,16,ok,,3.926,n-62-31-7,29052208,2026-08-08T08:39:22+0200
28ffd7e8ea9a2a22,auto-a1214efd9c98,steward_hardened_reinforced@f1f2bda,steward_hardened_reinforced,f1f2bda,hodr@ea88247,hodr,ea88247,meander,all_official,1,0,rating,b,b,0.0,core_destroyed,405,,10,50,7,3,9,0,9,9,ok,,4.66,n-62-12-3,29052208,2026-08-08T08:39:58+0200
2911782b5664bf07,auto-a1214efd9c98,hodr@ea88247,hodr,ea88247,steward_hardened_reinforced@f1f2bda,steward_hardened_reinforced,f1f2bda,sprint,all_official,1,0,rating,a,a,1.0,core_destroyed,301,,9,20,6,4,10,90,7,5,ok,,4.337,n-62-21-98,29052208,2026-08-08T08:39:55+0200
292348bcdbec1843,auto-a1214efd9c98,hodr@ea88247,hodr,ea88247,odin@93e46da,odin,93e46da,hive,all_official,1,0,rating,a,a,1.0,core_destroyed,142,,35,330,8,25,34,150,8,33,ok,,4.016,n-62-29-5,29052208,2026-08-08T08:39:01+0200
29259581fe153b0b,auto-a1214efd9c98,hodr@ea88247,hodr,ea88247,steward_hardened_reinforced@f61245f,steward_hardened_reinforced,f61245f,strait,all_official,1,0,rating,a,a,1.0,titanium_collected,1000,,16,250,6,13,16,70,6,11,ok,,7.787,n-62-31-5,29052208,2026-08-08T08:40:42+0200
298e910b8bc3ba2d,auto-a1214efd9c98,freyr@c2c0d3d,freyr,c2c0d3d,hodr@ea88247,hodr,ea88247,drumlin,all_official,1,0,rating,b,b,0.0,core_destroyed,67,,24,200,7,17,9,350,7,17,ok,,3.098,n-62-29-5,29052208,2026-08-08T08:38:11+0200
2997ff473c3c4b11,auto-a1214efd9c98,hodr@ea88247,hodr,ea88247,steward_hardened_reinforced@f61245f,steward_hardened_reinforced,f61245f,skerry,all_official,1,0,rating,a,a,1.0,core_destroyed,110,,70,750,9,14,6,320,6,16,ok,,3.938,n-62-31-5,29052208,2026-08-08T08:40:13+0200
2999cb1a8195b56c,auto-a1214efd9c98,aegis@e55aab5,aegis,e55aab5,hodr@ea88247,hodr,ea88247,fjordgate,all_official,1,0,rating,b,b,0.0,core_destroyed,162,,10,0,4,0,69,390,3,5,ok,,2.47,n-62-31-21,29052208,2026-08-08T08:38:00+0200
299b7d32ec8cd5e1,auto-a1214efd9c98,spar_mender@7ed1acc,spar_mender,7ed1acc,hodr@ea88247,hodr,ea88247,archipelago,all_official,1,0,rating,a,a,1.0,core_destroyed,177,,55,1590,17,24,32,720,11,31,ok,,11.197,n-62-21-92,29052208,2026-08-08T08:40:33+0200
29bcd84fcb1acc36,auto-a1214efd9c98,hodr@ea88247,hodr,ea88247,prospect@bf9b3e3,prospect,bf9b3e3,longship,all_official,1,0,rating,b,b,0.0,core_destroyed,85,,9,190,8,13,9,270,9,8,ok,,3.353,n-62-11-52,29052208,2026-08-08T08:38:55+0200
29cf604ec156138f,auto-a1214efd9c98,ragnarok_fair@79582fc,ragnarok_fair,79582fc,hodr@ea88247,hodr,ea88247,antler,all_official,1,0,rating,b,b,0.0,core_destroyed,74,,10,320,7,10,69,330,7,11,ok,,3.11,n-62-12-6,29052208,2026-08-08T08:39:11+0200
29e4295a7bed5ef3,auto-a1214efd9c98,hodr@ea88247,hodr,ea88247,freyr@c2c0d3d,freyr,c2c0d3d,meander,all_official,1,0,rating,b,b,0.0,core_destroyed,349,,10,60,7,2,9,0,9,8,ok,,5.104,n-62-30-24,29052208,2026-08-08T08:38:05+0200
29eb622176d66dee,auto-a1214efd9c98,hodr@ea88247,hodr,ea88247,steward_hardened_reinforced@cdc552f,steward_hardened_reinforced,cdc552f,pinch,all_official,1,0,rating,a,a,1.0,core_destroyed,73,,8,160,8,8,10,160,6,7,ok,,3.586,n-62-21-92,29052208,2026-08-08T08:40:04+0200
2a02be826255ac18,auto-a1214efd9c98,hodr@ea88247,hodr,ea88247,spar_mender@7ed1acc,spar_mender,7ed1acc,duel,all_official,1,0,rating,a,a,1.0,core_destroyed,102,,65,630,8,16,23,480,8,18,ok,,3.636,n-62-31-9,29052208,2026-08-08T08:40:24+0200
2a229a86ab695fb2,auto-a1214efd9c98,hodr@ea88247,hodr,ea88247,casemate_oracle@90fc9f3,casemate_oracle,90fc9f3,nordkap,all_official,1,0,rating,a,a,1.0,core_destroyed,53,,9,110,8,5,27,0,8,14,ok,,3.773,n-62-31-10,29052208,2026-08-08T08:38:43+0200
2a47911d77ca0508,auto-a1214efd9c98,steward_hardened_reinforced@366cd1b,steward_hardened_reinforced,366cd1b,hodr@ea88247,hodr,ea88247,drumlin,all_official,1,0,rating,b,b,0.0,core_destroyed,67,,24,200,7,17,9,350,7,17,ok,,2.995,n-62-29-5,29052208,2026-08-08T08:40:20+0200
2a608196032e5906,auto-a1214efd9c98,strategist@2e6eca5,strategist,2e6eca5,hodr@ea88247,hodr,ea88247,sprint,all_official,1,0,rating,b,b,0.0,core_destroyed,82,,4,60,5,34,16,350,6,17,ok,,2.546,n-62-28-31,29052208,2026-08-08T08:40:32+0200
2a6451f815b3dab1,auto-a1214efd9c98,skadi@6a2af02,skadi,6a2af02,hodr@ea88247,hodr,ea88247,twins,all_official,1,0,rating,a,a,1.0,core_destroyed,141,,20,390,7,17,194,330,8,18,ok,,3.447,n-62-31-21,29052208,2026-08-08T08:40:06+0200
2a6a11e1b4a571ba,auto-a1214efd9c98,steward_reinforced@a8dc58a,steward_reinforced,a8dc58a,hodr@ea88247,hodr,ea88247,aurora,all_official,1,0,rating,b,b,0.0,core_destroyed,58,,4,280,9,29,19,200,8,24,ok,,4.543,n-62-29-16,29052208,2026-08-08T08:40:36+0200
2a9904e39c218cb6,auto-a1214efd9c98,hodr@ea88247,hodr,ea88247,odin@93e46da,odin,93e46da,eider,all_official,1,0,rating,a,a,1.0,core_destroyed,757,,9,1870,10,8,2,1810,8,16,ok,,8.092,n-62-29-34,29052208,2026-08-08T08:39:13+0200
2ac1f780136b0b9f,auto-a1214efd9c98,steward_hardened_reinforced@f1f2bda,steward_hardened_reinforced,f1f2bda,hodr@ea88247,hodr,ea88247,moonrise,all_official,1,0,rating,a,a,1.0,core_destroyed,240,,33,1130,11,15,16,70,6,2,ok,,4.386,n-62-12-3,29052208,2026-08-08T08:40:07+0200
2af78cfe96f7225e,auto-a1214efd9c98,gobbleglitch@6cdc440,gobbleglitch,6cdc440,hodr@ea88247,hodr,ea88247,showdown,all_official,1,0,rating,b,b,0.0,core_destroyed,127,,57,0,8,6,70,340,5,18,ok,,2.89,n-62-21-90,29052208,2026-08-08T08:38:31+0200
2afe67549b4f4b02,auto-a1214efd9c98,steward_hardened_reinforced@a994296,steward_hardened_reinforced,a994296,hodr@ea88247,hodr,ea88247,skerry,all_official,1,0,rating,b,b,0.0,core_destroyed,143,,12,990,14,11,4,400,6,17,ok,,5.651,n-62-11-67,29052208,2026-08-08T08:39:57+0200
2b23265328eeb382,auto-a1214efd9c98,hodr@ea88247,hodr,ea88247,steward_hardened_reinforced@366cd1b,steward_hardened_reinforced,366cd1b,runestone,all_official,1,0,rating,a,a,1.0,core_destroyed,317,,9,50,8,17,10,260,8,17,ok,,4.892,n-62-30-24,29052208,2026-08-08T08:40:00+0200
2b815ce55c6cab33,auto-a1214efd9c98,hodr@ea88247,hodr,ea88247,skadi@6a2af02,skadi,6a2af02,vault,all_official,1,0,rating,a,a,1.0,core_destroyed,477,,9,2330,11,16,8,1520,9,8,ok,,8.22,n-62-31-22,29052208,2026-08-08T08:39:09+0200
2ba55350571130d2,auto-a1214efd9c98,hodr@ea88247,hodr,ea88247,steward_hardened_reinforced@f1f2bda,steward_hardened_reinforced,f1f2bda,nordkap,all_official,1,0,rating,b,b,0.0,titanium_collected,1000,,20,80,9,7,16,360,8,9,ok,,8.245,n-62-12-3,29052208,2026-08-08T08:40:15+0200
2bb2d8a3284ddec9,auto-a1214efd9c98,hodr@ea88247,hodr,ea88247,maporacle@38e1456,maporacle,38e1456,antler,all_official,1,0,rating,b,b,0.0,core_destroyed,101,,17,330,8,5,9,240,6,7,ok,,3.787,n-62-21-63,29052208,2026-08-08T08:38:13+0200
2be141419d15fe14,auto-a1214efd9c98,odin@38e1456,odin,38e1456,hodr@ea88247,hodr,ea88247,showdown,all_official,1,0,rating,b,b,0.0,core_destroyed,138,,10,0,7,6,119,660,8,28,ok,,3.705,n-62-29-31,29052208,2026-08-08T08:38:46+0200
2be8d975777c2955,auto-a1214efd9c98,maporacle@38e1456,maporacle,38e1456,hodr@ea88247,hodr,ea88247,sweden,all_official,1,0,rating,b,b,0.0,core_destroyed,388,,70,1550,9,14,28,930,8,15,ok,,10.845,n-62-21-71,29052208,2026-08-08T08:38:30+0200
2bf503fe86068a6c,auto-a1214efd9c98,tempest_reinforcements@38f9c23,tempest_reinforcements,38f9c23,hodr@ea88247,hodr,ea88247,vault,all_official,1,0,rating,b,b,0.0,core_destroyed,55,,7,210,10,9,9,230,9,10,ok,,3.165,n-62-31-21,29052208,2026-08-08T08:40:38+0200
2bf60ebc6b35de8c,auto-a1214efd9c98,jonbot_190003d@90fc9f3,jonbot_190003d,90fc9f3,hodr@ea88247,hodr,ea88247,antler,all_official,1,0,rating,a,a,1.0,core_destroyed,454,,56,1110,8,7,8,1150,6,9,ok,,4.664,n-62-21-8,29052208,2026-08-08T08:38:32+0200
2c13bbc0772d77d2,auto-a1214efd9c98,mistral@90fc9f3,mistral,90fc9f3,hodr@ea88247,hodr,ea88247,fjord,all_official,1,0,rating,b,b,0.0,core_destroyed,48,,70,0,7,0,28,280,8,26,ok,,5.007,n-62-11-60,29052208,2026-08-08T08:39:03+0200
2c1f345a36df0278,auto-a1214efd9c98,hodr@ea88247,hodr,ea88247,ragnarok_fair@79582fc,ragnarok_fair,79582fc,nordkap,all_official,1,0,rating,a,a,1.0,core_destroyed,45,,9,90,8,5,10,160,8,11,ok,,3.388,n-62-21-14,29052208,2026-08-08T08:38:53+0200
2c2f7f67be68ad4e,auto-a1214efd9c98,tyr@2e6c876,tyr,2e6c876,hodr@ea88247,hodr,ea88247,antler,all_official,1,0,rating,b,b,0.0,core_destroyed,49,,4,190,7,8,9,110,5,6,ok,,2.415,n-62-31-21,29052208,2026-08-08T08:40:44+0200
2c325ed7eba86c42,auto-a1214efd9c98,hodr@ea88247,hodr,ea88247,steward_hardened_reinforced@a994296,steward_hardened_reinforced,a994296,fjordgate,all_official,1,0,rating,a,a,1.0,core_destroyed,164,,30,760,6,25,230,10,2,3,ok,,2.931,n-62-31-20,29052208,2026-08-08T08:39:53+0200
2c3310082266179d,auto-a1214efd9c98,mjolnir@2e6c876,mjolnir,2e6c876,hodr@ea88247,hodr,ea88247,strait,all_official,1,0,rating,b,b,0.0,core_destroyed,85,,53,450,9,37,10,480,9,30,ok,,4.801,n-62-31-11,29052208,2026-08-08T08:39:35+0200
2c402ac1393f2640,auto-a1214efd9c98,hodr@ea88247,hodr,ea88247,maporacle@38e1456,maporacle,38e1456,drumlin,all_official,1,0,rating,a,a,1.0,core_destroyed,79,,19,480,8,19,33,510,8,30,ok,,4.054,n-62-21-64,29052208,2026-08-08T08:38:41+0200
2c7270642b402cf1,auto-a1214efd9c98,hodr@ea88247,hodr,ea88247,casemate_oracle@90fc9f3,casemate_oracle,90fc9f3,meander,all_official,1,0,rating,a,a,1.0,core_destroyed,58,,10,110,8,11,383,0,4,0,ok,,3.257,n-62-31-10,29052208,2026-08-08T08:38:20+0200
2ca9670a7ce9b0ea,auto-a1214efd9c98,hodr@ea88247,hodr,ea88247,steward_hardened_reinforced@cdc552f,steward_hardened_reinforced,cdc552f,snowflake,all_official,1,0,rating,a,a,1.0,core_destroyed,63,,8,520,9,22,7,130,8,10,ok,,4.13,n-62-11-51,29052208,2026-08-08T08:40:17+0200
2ccb7c4e20c6a4fc,auto-a1214efd9c98,hodr@ea88247,hodr,ea88247,bastion@840a180,bastion,840a180,saga,all_official,1,0,rating,a,a,1.0,core_destroyed,99,,18,360,9,30,10,430,8,32,ok,,5.487,n-62-11-63,29052208,2026-08-08T08:37:57+0200
2cfcc96cfbd28d23,auto-a1214efd9c98,hodr@ea88247,hodr,ea88247,gobbleglitch@6cdc440,gobbleglitch,6cdc440,quarry,all_official,1,0,rating,a,a,1.0,core_destroyed,67,,19,320,8,20,60,90,5,9,ok,,3.641,n-62-21-90,29052208,2026-08-08T08:38:03+0200
2d051d6934e6f4c1,auto-a1214efd9c98,hodr@ea88247,hodr,ea88247,mistral@90fc9f3,mistral,90fc9f3,crossfire,all_official,1,0,rating,a,a,1.0,core_destroyed,49,,10,110,8,9,344,0,4,0,ok,,5.098,n-62-11-67,29052208,2026-08-08T08:39:13+0200
2d1cc3ec003430d8,auto-a1214efd9c98,hodr@ea88247,hodr,ea88247,lockin@90fc9f3,lockin,90fc9f3,twins,all_official,1,0,rating,a,a,1.0,core_destroyed,167,,20,400,14,12,285,0,9,4,ok,,11.284,n-62-21-62,29052208,2026-08-08T08:38:33+0200
2d2027fb9acab5ac,auto-a1214efd9c98,hodr@ea88247,hodr,ea88247,steward_hardened_reinforced@c04e46e,steward_hardened_reinforced,c04e46e,saga,all_official,1,0,rating,b,b,0.0,core_destroyed,79,,8,250,8,29,9,360,8,23,ok,,4.31,n-62-11-68,29052208,2026-08-08T08:40:12+0200
2d26f0512a773429,auto-a1214efd9c98,hodr@ea88247,hodr,ea88247,skadi@aad5f44,skadi,aad5f44,atoll,all_official,1,0,rating,a,a,1.0,core_destroyed,181,,10,850,8,13,9,280,7,11,ok,,5.295,n-62-11-68,29052208,2026-08-08T08:39:20+0200
2d3d45cef9cc940d,auto-a1214efd9c98,hodr@ea88247,hodr,ea88247,skadi@1e4eddf,skadi,1e4eddf,nordkap,all_official,1,0,rating,a,a,1.0,core_destroyed,66,,8,140,8,5,43,240,7,11,ok,,3.265,n-62-21-11,29052208,2026-08-08T08:39:35+0200
2d432dd802779c57,auto-a1214efd9c98,hodr@ea88247,hodr,ea88247,jonbot@90fc9f3,jonbot,90fc9f3,moonrise,all_official,1,0,rating,a,a,1.0,core_destroyed,653,,9,280,6,18,60,130,5,19,ok,,5.647,n-62-21-10,29052208,2026-08-08T08:38:24+0200
2d72661647851e8e,auto-a1214efd9c98,maporacle@38e1456,maporacle,38e1456,hodr@ea88247,hodr,ea88247,nordkap,all_official,1,0,rating,b,b,0.0,core_destroyed,95,,10,100,3,7,7,380,8,9,ok,,4.231,n-62-21-67,29052208,2026-08-08T08:38:00+0200
2d7aca9e6f8c8ea8,auto-a1214efd9c98,jonbot@90fc9f3,jonbot,90fc9f3,hodr@ea88247,hodr,ea88247,runestone,all_official,1,0,rating,b,b,0.0,core_destroyed,101,,533,220,3,10,10,220,8,22,ok,,3.852,n-62-21-17,29052208,2026-08-08T08:38:12+0200
2d7c152efcdd90bf,auto-a1214efd9c98,hodr@ea88247,hodr,ea88247,lockin@90fc9f3,lockin,90fc9f3,heart,all_official,1,0,rating,a,a,1.0,core_destroyed,93,,10,0,8,20,730,0,0,0,ok,,2.649,n-62-21-59,29052208,2026-08-08T08:37:54+0200
2d8a0870b50fe882,auto-a1214efd9c98,ragnarok_fair@79582fc,ragnarok_fair,79582fc,hodr@ea88247,hodr,ea88247,archipelago,all_official,1,0,rating,a,a,1.0,core_destroyed,69,,19,440,8,34,4,180,8,13,ok,,3.694,n-62-12-6,29052208,2026-08-08T08:39:18+0200
2d925286c0e09509,auto-a1214efd9c98,hodr@ea88247,hodr,ea88247,freyr@c2c0d3d,freyr,c2c0d3d,drumlin,all_official,1,0,rating,b,b,0.0,core_destroyed,67,,24,200,7,17,9,350,7,17,ok,,3.085,n-62-29-5,29052208,2026-08-08T08:38:08+0200
2dac5e8fb3b0027d,auto-a1214efd9c98,hodr@ea88247,hodr,ea88247,casemate_oracle@90fc9f3,casemate_oracle,90fc9f3,crossfire,all_official,1,0,rating,a,a,1.0,core_destroyed,93,,22,220,8,9,345,0,4,11,ok,,4.42,n-62-21-92,29052208,2026-08-08T08:38:03+0200
2daf2e87745f74d9,auto-a1214efd9c98,pantheon_replica_day3@aa8bae0,pantheon_replica_day3,aa8bae0,hodr@ea88247,hodr,ea88247,fjord,all_official,1,0,rating,a,a,1.0,core_destroyed,90,,13,560,9,25,32,440,5,17,ok,,4.214,n-62-31-17,29052208,2026-08-08T08:39:10+0200
2dbce989f4f46f41,auto-a1214efd9c98,hodr@ea88247,hodr,ea88247,gobbleglitch@6cdc440,gobbleglitch,6cdc440,vase,all_official,1,0,rating,a,a,1.0,core_destroyed,935,,10,2270,10,9,286,0,5,0,ok,,7.351,n-62-12-5,29052208,2026-08-08T08:38:26+0200
2dc2d1f5d783a4ee,auto-a1214efd9c98,skadi@aad5f44,skadi,aad5f44,hodr@ea88247,hodr,ea88247,meander,all_official,1,0,rating,a,a,1.0,titanium_collected,1000,,16,90,5,13,16,0,7,3,ok,,5.745,n-62-11-63,29052208,2026-08-08T08:39:14+0200
2dec08eed03a0f24,auto-a1214efd9c98,steward_hardened_reinforced@f61245f,steward_hardened_reinforced,f61245f,hodr@ea88247,hodr,ea88247,atoll,all_official,1,0,rating,a,a,1.0,core_destroyed,91,,13,400,8,17,16,400,9,8,ok,,4.326,n-62-31-14,29052208,2026-08-08T08:40:38+0200
2defba60207c0603,auto-a1214efd9c98,hodr@ea88247,hodr,ea88247,steward_hardened_reinforced@a994296,steward_hardened_reinforced,a994296,antler,all_official,1,0,rating,b,b,0.0,core_destroyed,56,,20,290,6,13,18,230,7,14,ok,,3.478,n-62-31-7,29052208,2026-08-08T08:40:08+0200
2e25ef2aaa197e0e,auto-a1214efd9c98,hodr@ea88247,hodr,ea88247,steward_hardened_reinforced@c04e46e,steward_hardened_reinforced,c04e46e,eider,all_official,1,0,rating,a,a,1.0,core_destroyed,122,,28,770,7,16,8,250,6,8,ok,,3.631,n-62-11-50,29052208,2026-08-08T08:40:00+0200
2e2722ba7cdc8b22,auto-a1214efd9c98,hodr@ea88247,hodr,ea88247,spar_mender@7ed1acc,spar_mender,7ed1acc,crossfire,all_official,1,0,rating,a,a,1.0,core_destroyed,272,,30,1310,16,21,43,1320,10,13,ok,,9.332,n-62-31-9,29052208,2026-08-08T08:40:05+0200
2e36fb5287c5731b,auto-a1214efd9c98,jonbot_190003d@90fc9f3,jonbot_190003d,90fc9f3,hodr@ea88247,hodr,ea88247,bridge,all_official,1,0,rating,b,b,0.0,core_destroyed,201,,644,0,2,5,10,0,6,6,ok,,3.508,n-62-21-13,29052208,2026-08-08T08:38:18+0200
2e62da7122249c24,auto-a1214efd9c98,lockin@90fc9f3,lockin,90fc9f3,hodr@ea88247,hodr,ea88247,drumlin,all_official,1,0,rating,b,b,0.0,core_destroyed,46,,610,0,0,0,20,210,7,26,ok,,1.977,n-62-21-57,29052208,2026-08-08T08:37:56+0200
2e69669a85e57391,auto-a1214efd9c98,hodr@ea88247,hodr,ea88247,tempest@90fc9f3,tempest,90fc9f3,snowflake,all_official,1,0,rating,a,a,1.0,core_destroyed,53,,53,400,6,25,65,180,7,11,ok,,4.828,n-62-29-34,29052208,2026-08-08T08:40:48+0200
2e8fdd0d254c57de,auto-a1214efd9c98,hodr@ea88247,hodr,ea88247,spar_mender@7ed1acc,spar_mender,7ed1acc,fjordgate,all_official,1,0,rating,a,a,1.0,core_destroyed,993,,10,50,6,7,38,120,7,2,ok,,8.005,n-62-31-10,29052208,2026-08-08T08:40:00+0200
2eac85b44ef0c99e,auto-a1214efd9c98,hodr@ea88247,hodr,ea88247,gefjon@f66a427,gefjon,f66a427,atoll,all_official,1,0,rating,b,b,0.0,core_destroyed,116,,16,520,8,16,27,550,8,10,ok,,4.523,n-62-31-8,29052208,2026-08-08T08:37:56+0200
2eb4bb09abeb25d4,auto-a1214efd9c98,skadi@1e4eddf,skadi,1e4eddf,hodr@ea88247,hodr,ea88247,lighthouse,all_official,1,0,rating,b,b,0.0,core_destroyed,125,,8,170,7,9,20,560,7,13,ok,,3.527,n-62-21-5,29052208,2026-08-08T08:40:21+0200
2eca7e3633c646aa,auto-a1214efd9c98,prospect_rushonly@bf9b3e3,prospect_rushonly,bf9b3e3,hodr@ea88247,hodr,ea88247,heart,all_official,1,0,rating,a,a,1.0,core_destroyed,513,,9,0,8,7,10,20,7,9,ok,,7.38,n-62-12-5,29052208,2026-08-08T08:38:57+0200
2ed64d69157f8ee7,auto-a1214efd9c98,hodr@ea88247,hodr,ea88247,maporacle@38e1456,maporacle,38e1456,lighthouse,all_official,1,0,rating,a,a,1.0,core_destroyed,87,,6,360,8,11,11,190,6,8,ok,,3.942,n-62-21-66,29052208,2026-08-08T08:38:14+0200
2eff807e27762bae,auto-a1214efd9c98,hodr@ea88247,hodr,ea88247,mimir@cfc1ec4,mimir,cfc1ec4,eider,all_official,1,0,rating,a,a,1.0,core_destroyed,160,,63,1060,10,16,69,1410,9,27,ok,,7.415,n-62-31-5,29052208,2026-08-08T08:39:02+0200
2f106e5571611b05,auto-a1214efd9c98,hodr@ea88247,hodr,ea88247,strategist@2e6eca5,strategist,2e6eca5,archipelago,all_official,1,0,rating,a,a,1.0,core_destroyed,148,,480,2220,13,49,23,0,5,29,ok,,5.185,n-62-29-31,29052208,2026-08-08T08:40:22+0200
2f248b422ab1f1d0,auto-a1214efd9c98,hodr@ea88247,hodr,ea88247,skadi@aad5f44,skadi,aad5f44,fjord,all_official,1,0,rating,b,b,0.0,core_destroyed,97,,59,750,8,32,18,650,9,20,ok,,4.052,n-62-11-62,29052208,2026-08-08T08:39:34+0200
2f2a8cc6f346f370,auto-a1214efd9c98,steward_hardened_reinforced@04300bf,steward_hardened_reinforced,04300bf,hodr@ea88247,hodr,ea88247,nordkap,all_official,1,0,rating,b,b,0.0,core_destroyed,165,,9,80,9,3,9,380,8,16,ok,,4.138,n-62-29-31,29052208,2026-08-08T08:39:43+0200
2f4f2a45d9ea65a7,auto-a1214efd9c98,mjolnir@2e6c876,mjolnir,2e6c876,hodr@ea88247,hodr,ea88247,atoll,all_official,1,0,rating,b,b,0.0,core_destroyed,90,,31,400,9,22,16,400,10,12,ok,,3.893,n-62-11-66,29052208,2026-08-08T08:39:21+0200
2f90ecb053a7a9b9,auto-a1214efd9c98,hodr@ea88247,hodr,ea88247,ragnarok_fair@79582fc,ragnarok_fair,79582fc,atoll,all_official,1,0,rating,a,a,1.0,core_destroyed,42,,8,150,7,8,10,150,9,10,ok,,3.396,n-62-12-6,29052208,2026-08-08T08:39:22+0200
2f9877c995bf6295,auto-a1214efd9c98,hodr@ea88247,hodr,ea88247,gefjon@f66a427,gefjon,f66a427,vault,all_official,1,0,rating,b,b,0.0,core_destroyed,93,,9,410,11,14,18,440,10,24,ok,,5.0,n-62-11-52,29052208,2026-08-08T08:37:56+0200
2fa8183cc9455e4a,auto-a1214efd9c98,jonbot_190003d@90fc9f3,jonbot_190003d,90fc9f3,hodr@ea88247,hodr,ea88247,hive,all_official,1,0,rating,b,b,0.0,core_destroyed,64,,334,120,5,17,20,220,8,28,ok,,3.088,n-62-21-16,29052208,2026-08-08T08:37:58+0200
2fab4157dfb74a47,auto-a1214efd9c98,jonbot@90fc9f3,jonbot,90fc9f3,hodr@ea88247,hodr,ea88247,vault,all_official,1,0,rating,b,b,0.0,core_destroyed,113,,58,0,7,4,9,520,9,23,ok,,4.39,n-62-21-8,29052208,2026-08-08T08:38:24+0200
2fcae1b6da5d374a,auto-a1214efd9c98,hodr@ea88247,hodr,ea88247,skadi@821d792,skadi,821d792,antler,all_official,1,0,rating,a,a,1.0,core_destroyed,74,,6,320,6,8,60,320,5,9,ok,,3.206,n-62-31-22,29052208,2026-08-08T08:39:17+0200
2feae3daaeb1f5b2,auto-a1214efd9c98,steward_hardened_reinforced@f1f2bda,steward_hardened_reinforced,f1f2bda,hodr@ea88247,hodr,ea88247,hive,all_official,1,0,rating,b,b,0.0,core_destroyed,82,,8,180,9,18,8,240,8,22,ok,,4.144,n-62-21-97,29052208,2026-08-08T08:40:19+0200
2fff1cf8b9865b68,auto-a1214efd9c98,skadi@6a2af02,skadi,6a2af02,hodr@ea88247,hodr,ea88247,jackpot,all_official,1,0,rating,a,a,1.0,core_destroyed,92,,154,500,4,29,188,350,10,14,ok,,4.337,n-62-31-5,29052208,2026-08-08T08:39:42+0200
300127966add8286,auto-a1214efd9c98,spar_mender@d5b46bc,spar_mender,d5b46bc,hodr@ea88247,hodr,ea88247,aurora,all_official,1,0,rating,b,b,0.0,core_destroyed,67,,8,310,9,21,18,250,8,23,ok,,3.645,n-62-28-31,29052208,2026-08-08T08:39:58+0200
301779fd3b2c74b1,auto-a1214efd9c98,hodr@ea88247,hodr,ea88247,mjolnir@2e6c876,mjolnir,2e6c876,skerry,all_official,1,0,rating,a,a,1.0,core_destroyed,282,,92,2930,22,35,57,2200,7,26,ok,,13.407,n-62-31-11,29052208,2026-08-08T08:38:48+0200
302a3f1382b33b4e,auto-a1214efd9c98,steward_hardened_reinforced@366cd1b,steward_hardened_reinforced,366cd1b,hodr@ea88247,hodr,ea88247,crossfire,all_official,1,0,rating,a,a,1.0,core_destroyed,383,,154,3150,20,41,4,50,3,4,ok,,7.49,n-62-29-5,29052208,2026-08-08T08:40:14+0200
302a90d1404ca218,auto-a1214efd9c98,hodr@ea88247,hodr,ea88247,lockin@90fc9f3,lockin,90fc9f3,atoll,all_official,1,0,rating,a,a,1.0,core_destroyed,128,,30,590,11,33,195,0,9,4,ok,,8.124,n-62-21-56,29052208,2026-08-08T08:38:04+0200
305a76865cb97b52,auto-a1214efd9c98,skadi@821d792,skadi,821d792,hodr@ea88247,hodr,ea88247,drumlin,all_official,1,0,rating,b,b,0.0,core_destroyed,67,,14,380,9,25,19,480,8,29,ok,,3.704,n-62-31-23,29052208,2026-08-08T08:40:06+0200
30646ba1d3d75088,auto-a1214efd9c98,aegis@e55aab5,aegis,e55aab5,hodr@ea88247,hodr,ea88247,snowflake,all_official,1,0,rating,a,a,1.0,core_destroyed,65,,20,430,9,18,22,140,7,10,ok,,3.978,n-62-31-24,29052208,2026-08-08T08:38:00+0200
30b185af8728cb58,auto-a1214efd9c98,e_t4l7@9e77076,e_t4l7,9e77076,hodr@ea88247,hodr,ea88247,strait,all_official,1,0,rating,b,b,0.0,core_destroyed,613,,2253,3290,4,25,30,4420,10,45,ok,,8.598,n-62-29-15,29052208,2026-08-08T08:38:19+0200
30ba7d6a29d4b06f,auto-a1214efd9c98,mistral@90fc9f3,mistral,90fc9f3,hodr@ea88247,hodr,ea88247,vase,all_official,1,0,rating,a,a,1.0,core_destroyed,177,,60,0,4,1,71,0,9,4,ok,,4.052,n-62-11-64,29052208,2026-08-08T08:39:20+0200
30c311d098d263c7,auto-a1214efd9c98,steward_hardened_reinforced@366cd1b,steward_hardened_reinforced,366cd1b,hodr@ea88247,hodr,ea88247,sprint,all_official,1,0,rating,a,a,1.0,core_destroyed,401,,4,20,6,6,10,90,7,1,ok,,4.883,n-62-30-25,29052208,2026-08-08T08:39:57+0200
30ca2b36618099f9,auto-a1214efd9c98,jonbot_190003d@90fc9f3,jonbot_190003d,90fc9f3,hodr@ea88247,hodr,ea88247,string,all_official,1,0,rating,b,b,0.0,core_destroyed,169,,409,0,1,9,60,410,8,6,ok,,3.105,n-62-21-21,29052208,2026-08-08T08:38:06+0200
310783a372845c25,auto-a1214efd9c98,hodr@ea88247,hodr,ea88247,heimdall@daf0de0,heimdall,daf0de0,antler,all_official,1,0,rating,a,a,1.0,core_destroyed,53,,120,220,5,8,10,120,8,9,ok,,2.673,n-62-12-5,29052208,2026-08-08T08:38:42+0200
3117efeaa78425c4,auto-a1214efd9c98,hodr@ea88247,hodr,ea88247,skadi@6a2af02,skadi,6a2af02,sprint,all_official,1,0,rating,b,b,0.0,core_destroyed,130,,4,10,8,3,10,290,5,13,ok,,3.07,n-62-31-4,29052208,2026-08-08T08:39:56+0200
311a17b01d369e7d,auto-a1214efd9c98,hodr@ea88247,hodr,ea88247,gobbleglitch@6cdc440,gobbleglitch,6cdc440,sweden,all_official,1,0,rating,b,b,0.0,titanium_collected,1000,,47,2350,10,19,8727,8940,10,24,ok,,15.146,n-62-12-5,29052208,2026-08-08T08:38:06+0200
311fd69897375a67,auto-a1214efd9c98,mimir@cfc1ec4,mimir,cfc1ec4,hodr@ea88247,hodr,ea88247,antler,all_official,1,0,rating,b,b,0.0,core_destroyed,56,,20,290,6,13,18,230,7,14,ok,,3.391,n-62-21-72,29052208,2026-08-08T08:37:58+0200
3136828aa9983835,auto-a1214efd9c98,steward_hardened_reinforced@c04e46e,steward_hardened_reinforced,c04e46e,hodr@ea88247,hodr,ea88247,sweden,all_official,1,0,rating,b,b,0.0,core_destroyed,204,,68,0,5,11,41,470,8,17,ok,,6.519,n-62-11-62,29052208,2026-08-08T08:40:47+0200
3158d1dd62969bc3,auto-a1214efd9c98,hodr@ea88247,hodr,ea88247,steward_hardened_reinforced@deba9ec,steward_hardened_reinforced,deba9ec,jackpot,all_official,1,0,rating,b,b,0.0,core_destroyed,287,,10,1370,20,22,71,680,9,12,ok,,14.312,n-62-31-10,29052208,2026-08-08T08:40:43+0200
316769e701c64e09,auto-a1214efd9c98,gobbleglitch@6cdc440,gobbleglitch,6cdc440,hodr@ea88247,hodr,ea88247,pinch,all_official,1,0,rating,b,b,0.0,core_destroyed,77,,59,0,8,6,9,170,8,7,ok,,3.31,n-62-21-90,29052208,2026-08-08T08:37:59+0200
316b1b0ff6a8fb31,auto-a1214efd9c98,steward_relent@7ed1acc,steward_relent,7ed1acc,hodr@ea88247,hodr,ea88247,snowflake,all_official,1,0,rating,a,a,1.0,core_destroyed,65,,81,550,9,21,7,140,8,11,ok,,3.47,n-62-11-62,29052208,2026-08-08T08:40:42+0200
31746a97575ef64f,auto-a1214efd9c98,gefjon@f66a427,gefjon,f66a427,hodr@ea88247,hodr,ea88247,aurora,all_official,1,0,rating,a,a,1.0,core_destroyed,81,,8,350,9,19,9,280,8,21,ok,,4.511,n-62-31-8,29052208,2026-08-08T08:38:10+0200
319c23c848cf0e2c,auto-a1214efd9c98,skadi@aad5f44,skadi,aad5f44,hodr@ea88247,hodr,ea88247,showdown,all_official,1,0,rating,a,a,1.0,core_destroyed,268,,20,620,6,13,16,170,8,6,ok,,4.188,n-62-11-64,29052208,2026-08-08T08:39:39+0200
31a158d01ae02d7a,auto-a1214efd9c98,skadi@821d792,skadi,821d792,hodr@ea88247,hodr,ea88247,crossfire,all_official,1,0,rating,b,b,0.0,core_destroyed,163,,94,760,9,14,10,760,10,25,ok,,4.96,n-62-31-23,29052208,2026-08-08T08:39:59+0200
31de9bfbcaaec85d,auto-a1214efd9c98,steward_hardened_reinforced@04300bf,steward_hardened_reinforced,04300bf,hodr@ea88247,hodr,ea88247,strait,all_official,1,0,rating,a,a,1.0,titanium_collected,1000,,16,730,7,13,16,70,7,6,ok,,8.911,n-62-31-5,29052208,2026-08-08T08:39:44+0200
31eed760c393b960,auto-a1214efd9c98,odin@38e1456,odin,38e1456,hodr@ea88247,hodr,ea88247,longship,all_official,1,0,rating,b,b,0.0,core_destroyed,242,,16,980,11,27,8,580,5,19,ok,,4.941,n-62-29-24,29052208,2026-08-08T08:39:27+0200
31fc5df4b39e79b4,auto-a1214efd9c98,casemate_oracle@90fc9f3,casemate_oracle,90fc9f3,hodr@ea88247,hodr,ea88247,fjordgate,all_official,1,0,rating,b,b,0.0,core_destroyed,501,,460,0,4,3,10,1230,8,9,ok,,4.516,n-62-31-9,29052208,2026-08-08T08:38:06+0200
320eeef655d6badb,auto-a1214efd9c98,hodr@ea88247,hodr,ea88247,skadi@6a2af02,skadi,6a2af02,fjord,all_official,1,0,rating,b,b,0.0,core_destroyed,97,,59,750,8,32,18,650,9,20,ok,,4.474,n-62-21-8,29052208,2026-08-08T08:39:21+0200
322bcbf13d35d638,auto-a1214efd9c98,steward_hardened_reinforced@f61245f,steward_hardened_reinforced,f61245f,hodr@ea88247,hodr,ea88247,eider,all_official,1,0,rating,a,a,1.0,core_destroyed,116,,29,730,11,15,21,820,8,24,ok,,4.824,n-62-28-28,29052208,2026-08-08T08:40:04+0200
3237a140b0e52e27,auto-a1214efd9c98,hodr@ea88247,hodr,ea88247,jonbot_190003d@90fc9f3,jonbot_190003d,90fc9f3,moonrise,all_official,1,0,rating,b,b,0.0,core_destroyed,345,,10,0,7,9,59,30,7,6,ok,,5.018,n-62-21-18,29052208,2026-08-08T08:37:56+0200
325195360214bea9,auto-a1214efd9c98,hodr@ea88247,hodr,ea88247,skadi@1e4eddf,skadi,1e4eddf,runestone,all_official,1,0,rating,a,a,1.0,core_destroyed,132,,19,540,8,19,16,110,7,17,ok,,3.978,n-62-21-10,29052208,2026-08-08T08:39:08+0200
328385be331c1f06,auto-a1214efd9c98,hodr@ea88247,hodr,ea88247,aegis@e55aab5,aegis,e55aab5,showdown,all_official,1,0,rating,a,a,1.0,core_destroyed,85,,9,0,5,9,10,0,6,0,ok,,3.181,n-62-31-23,29052208,2026-08-08T08:38:24+0200
32a7a86017ca1740,auto-a1214efd9c98,hodr@ea88247,hodr,ea88247,mjolnir@2e6c876,mjolnir,2e6c876,saga,all_official,1,0,rating,a,a,1.0,core_destroyed,101,,34,370,6,30,107,730,8,41,ok,,4.82,n-62-31-10,29052208,2026-08-08T08:39:10+0200
32b0ca24d2b7caff,auto-a1214efd9c98,skadi@1e4eddf,skadi,1e4eddf,hodr@ea88247,hodr,ea88247,bridge,all_official,1,0,rating,b,b,0.0,core_destroyed,713,,3703,5360,1,18,10,0,11,3,ok,,16.11,n-62-21-9,29052208,2026-08-08T08:40:17+0200
32ec02fa295eca37,auto-a1214efd9c98,steward_hardened_reinforced@f61245f,steward_hardened_reinforced,f61245f,hodr@ea88247,hodr,ea88247,string,all_official,1,0,rating,b,b,0.0,core_destroyed,207,,187,30,1,1,86,1400,14,12,ok,,6.213,n-62-29-15,29052208,2026-08-08T08:40:14+0200
32f5671881f5b69d,auto-a1214efd9c98,hodr@ea88247,hodr,ea88247,steward_hardened_reinforced@deba9ec,steward_hardened_reinforced,deba9ec,atoll,all_official,1,0,rating,a,a,1.0,core_destroyed,95,,35,420,6,16,9,420,10,8,ok,,5.152,n-62-21-90,29052208,2026-08-08T08:40:22+0200
32f81319f534ed38,auto-a1214efd9c98,hodr@ea88247,hodr,ea88247,jonbot_190003d@90fc9f3,jonbot_190003d,90fc9f3,fjord,all_official,1,0,rating,a,a,1.0,core_destroyed,70,,10,440,8,28,317,160,6,6,ok,,3.248,n-62-21-15,29052208,2026-08-08T08:38:10+0200
3306cfdda2579474,auto-a1214efd9c98,hodr@ea88247,hodr,ea88247,aegis@e55aab5,aegis,e55aab5,hive,all_official,1,0,rating,a,a,1.0,core_destroyed,84,,20,190,9,20,39,190,9,20,ok,,3.468,n-62-31-21,29052208,2026-08-08T08:38:10+0200
3310f458c6046a60,auto-a1214efd9c98,hodr@ea88247,hodr,ea88247,janus@8a1e7a1,janus,8a1e7a1,sprint,all_official,1,0,rating,a,a,1.0,core_destroyed,158,,9,370,7,6,8,240,6,8,ok,,3.417,n-62-21-9,29052208,2026-08-08T08:38:25+0200
3325f7bd387b15b7,auto-a1214efd9c98,hodr@ea88247,hodr,ea88247,bastion@840a180,bastion,840a180,strait,all_official,1,0,rating,a,a,1.0,core_destroyed,70,,9,390,9,28,41,180,7,16,ok,,4.707,n-62-11-64,29052208,2026-08-08T08:37:56+0200
33270c379e1a3ca7,auto-a1214efd9c98,mistral@90fc9f3,mistral,90fc9f3,hodr@ea88247,hodr,ea88247,runestone,all_official,1,0,rating,b,b,0.0,core_destroyed,61,,374,0,4,0,10,120,8,22,ok,,5.331,n-62-11-62,29052208,2026-08-08T08:39:30+0200
333339778ac05f35,auto-a1214efd9c98,hodr@ea88247,hodr,ea88247,odin@38e1456,odin,38e1456,hive,all_official,1,0,rating,a,a,1.0,core_destroyed,85,,9,250,7,28,9,310,9,27,ok,,3.859,n-62-29-21,29052208,2026-08-08T08:39:22+0200
33415365472e4b41,auto-a1214efd9c98,hodr@ea88247,hodr,ea88247,mimir@cfc1ec4,mimir,cfc1ec4,longship,all_official,1,0,rating,a,a,1.0,core_destroyed,62,,8,200,8,16,8,210,7,22,ok,,2.93,n-62-31-21,29052208,2026-08-08T08:38:32+0200
3349b9d12cfe18d9,auto-a1214efd9c98,jonbot@90fc9f3,jonbot,90fc9f3,hodr@ea88247,hodr,ea88247,strait,all_official,1,0,rating,b,b,0.0,core_destroyed,230,,50,500,9,12,47,1220,7,28,ok,,5.433,n-62-21-24,29052208,2026-08-08T08:38:29+0200
336825b1dfa56f1e,auto-a1214efd9c98,bastion@840a180,bastion,840a180,hodr@ea88247,hodr,ea88247,snowflake,all_official,1,0,rating,b,b,0.0,core_destroyed,117,,10,620,8,18,9,180,6,8,ok,,4.578,n-62-11-63,29052208,2026-08-08T08:38:24+0200
3370a4351ee46e72,auto-a1214efd9c98,freyr@c2c0d3d,freyr,c2c0d3d,hodr@ea88247,hodr,ea88247,nordkap,all_official,1,0,rating,b,b,0.0,titanium_collected,1000,,20,80,9,7,16,360,8,9,ok,,9.695,n-62-30-24,29052208,2026-08-08T08:38:41+0200
337f4afc09703087,auto-a1214efd9c98,hodr@ea88247,hodr,ea88247,mimir@cfc1ec4,mimir,cfc1ec4,pinch,all_official,1,0,rating,a,a,1.0,core_destroyed,201,,8,480,8,8,9,480,7,6,ok,,3.159,n-62-31-21,29052208,2026-08-08T08:39:10+0200
339a6262309bdf3e,auto-a1214efd9c98,hodr@ea88247,hodr,ea88247,skadi@6a2af02,skadi,6a2af02,aurora,all_official,1,0,rating,a,a,1.0,core_destroyed,98,,137,720,8,32,6,330,8,25,ok,,4.003,n-62-21-23,29052208,2026-08-08T08:39:16+0200
339fbda36af323d4,auto-a1214efd9c98,hodr@ea88247,hodr,ea88247,lockin@90fc9f3,lockin,90fc9f3,jackpot,all_official,1,0,rating,a,a,1.0,core_destroyed,54,,10,200,7,24,630,0,0,0,ok,,2.143,n-62-21-59,29052208,2026-08-08T08:38:14+0200
33aea22fa1c05a52,auto-a1214efd9c98,gefjon@f66a427,gefjon,f66a427,hodr@ea88247,hodr,ea88247,hive,all_official,1,0,rating,a,a,1.0,core_destroyed,77,,39,420,8,31,20,280,8,24,ok,,4.377,n-62-31-20,29052208,2026-08-08T08:38:02+0200
33be53dd2ac20d87,auto-a1214efd9c98,jotunn@6b39ebb,jotunn,6b39ebb,hodr@ea88247,hodr,ea88247,fjord,all_official,1,0,rating,b,b,0.0,core_destroyed,219,,39,1550,12,53,47,1690,14,32,ok,,6.108,n-62-13-7,29052208,2026-08-08T08:38:03+0200
33ef9528697d6d33,auto-a1214efd9c98,hodr@ea88247,hodr,ea88247,jotunn@6b39ebb,jotunn,6b39ebb,fjordgate,all_official,1,0,rating,a,a,1.0,core_destroyed,218,,10,0,8,2,9,0,9,0,ok,,3.324,n-62-13-7,29052208,2026-08-08T08:38:07+0200
33f28449c7a87263,auto-a1214efd9c98,bastion@840a180,bastion,840a180,hodr@ea88247,hodr,ea88247,eider,all_official,1,0,rating,b,b,0.0,core_destroyed,39,,23,120,9,8,19,140,6,11,ok,,3.42,n-62-11-68,29052208,2026-08-08T08:38:08+0200
33f41c067ffcdb23,auto-a1214efd9c98,hodr@ea88247,hodr,ea88247,jotunn@6b39ebb,jotunn,6b39ebb,skerry,all_official,1,0,rating,a,a,1.0,core_destroyed,155,,29,1080,15,32,30,1260,10,46,ok,,8.988,n-62-21-55,29052208,2026-08-08T08:38:00+0200
33f5dacae02915fd,auto-a1214efd9c98,steward_hardened_reinforced@366cd1b,steward_hardened_reinforced,366cd1b,hodr@ea88247,hodr,ea88247,pinch,all_official,1,0,rating,a,a,1.0,core_destroyed,201,,8,480,8,8,9,480,7,6,ok,,4.26,n-62-30-24,29052208,2026-08-08T08:39:37+0200
3401fbba1f31f990,auto-a1214efd9c98,hodr@ea88247,hodr,ea88247,lockin@90fc9f3,lockin,90fc9f3,drumlin,all_official,1,0,rating,a,a,1.0,core_destroyed,57,,49,330,6,28,640,0,0,0,ok,,2.338,n-62-21-57,29052208,2026-08-08T08:37:53+0200
3434ad9902519ac7,auto-a1214efd9c98,gobbleglitch@6cdc440,gobbleglitch,6cdc440,hodr@ea88247,hodr,ea88247,saga,all_official,1,0,rating,a,a,1.0,core_destroyed,113,,60,230,7,10,9,180,9,14,ok,,4.765,n-62-21-90,29052208,2026-08-08T08:38:25+0200
34433359273f2b4b,auto-a1214efd9c98,hodr@ea88247,hodr,ea88247,steward_hardened_reinforced@deba9ec,steward_hardened_reinforced,deba9ec,saga,all_official,1,0,rating,a,a,1.0,core_destroyed,921,,8,920,9,25,22,2210,9,10,ok,,23.73,n-62-12-5,29052208,2026-08-08T08:40:41+0200
34439d88167d921c,auto-a1214efd9c98,janus@8a1e7a1,janus,8a1e7a1,hodr@ea88247,hodr,ea88247,heart,all_official,1,0,rating,a,a,1.0,core_destroyed,513,,9,0,8,7,10,20,7,9,ok,,8.674,n-62-21-2,29052208,2026-08-08T08:38:26+0200
34453ad90e817b04,auto-a1214efd9c98,hodr@ea88247,hodr,ea88247,steward_reinforced@a8dc58a,steward_reinforced,a8dc58a,fjordgate,all_official,1,0,rating,a,a,1.0,titanium_collected,1000,,56,4940,5,12,20,0,7,6,ok,,7.943,n-62-31-21,29052208,2026-08-08T08:40:10+0200
3445c80e1936176c,auto-a1214efd9c98,steward_hardened_reinforced@c04e46e,steward_hardened_reinforced,c04e46e,hodr@ea88247,hodr,ea88247,aurora,all_official,1,0,rating,a,a,1.0,core_destroyed,70,,28,430,7,30,6,250,8,22,ok,,3.525,n-62-11-55,29052208,2026-08-08T08:40:11+0200
3453f7dd7b70f711,auto-a1214efd9c98,prospect@bf9b3e3,prospect,bf9b3e3,hodr@ea88247,hodr,ea88247,twins,all_official,1,0,rating,b,b,0.0,core_destroyed,164,,16,160,9,2,26,380,6,14,ok,,3.635,n-62-21-89,29052208,2026-08-08T08:39:19+0200
3459e0f60e4e268a,auto-a1214efd9c98,hodr@ea88247,hodr,ea88247,gefjon@f66a427,gefjon,f66a427,drumlin,all_official,1,0,rating,a,a,1.0,core_destroyed,109,,18,820,8,22,8,560,6,18,ok,,4.571,n-62-31-8,29052208,2026-08-08T08:38:57+0200
347c7c34b684ef96,auto-a1214efd9c98,hodr@ea88247,hodr,ea88247,steward_hardened_reinforced@c04e46e,steward_hardened_reinforced,c04e46e,vase,all_official,1,0,rating,a,a,1.0,core_destroyed,144,,20,110,8,4,43,320,8,13,ok,,4.153,n-62-11-63,29052208,2026-08-08T08:39:51+0200
3490295d2eefe452,auto-a1214efd9c98,hodr@ea88247,hodr,ea88247,skadi@aad5f44,skadi,aad5f44,quarry,all_official,1,0,rating,a,a,1.0,core_destroyed,172,,54,1110,10,30,24,1100,9,26,ok,,5.098,n-62-11-63,29052208,2026-08-08T08:39:46+0200
349ab31c54b0c4d7,auto-a1214efd9c98,hodr@ea88247,hodr,ea88247,fenrir2@6b39ebb,fenrir2,6b39ebb,moonrise,all_official,1,0,rating,a,a,1.0,core_destroyed,68,,14,240,8,9,20,150,8,6,ok,,3.309,n-62-29-9,29052208,2026-08-08T08:38:56+0200
34b349b141bf52c1,auto-a1214efd9c98,jotunn@6b39ebb,jotunn,6b39ebb,hodr@ea88247,hodr,ea88247,runestone,all_official,1,0,rating,b,b,0.0,core_destroyed,333,,30,740,6,27,39,1870,13,35,ok,,7.176,n-62-12-66,29052208,2026-08-08T08:38:18+0200
34badea490753cd5,auto-a1214efd9c98,hodr@ea88247,hodr,ea88247,njord@f66a427,njord,f66a427,moonrise,all_official,1,0,rating,a,a,1.0,core_destroyed,114,,9,500,7,15,10,70,6,6,ok,,3.738,n-62-28-33,29052208,2026-08-08T08:38:51+0200
34fbe83f598a6dde,auto-a1214efd9c98,mjolnir@2e6c876,mjolnir,2e6c876,hodr@ea88247,hodr,ea88247,fjord,all_official,1,0,rating,a,a,1.0,core_destroyed,195,,22,1910,12,49,19,1730,13,33,ok,,8.348,n-62-21-92,29052208,2026-08-08T08:38:47+0200
353cfaa687184d23,auto-a1214efd9c98,hodr@ea88247,hodr,ea88247,prospect@bf9b3e3,prospect,bf9b3e3,showdown,all_official,1,0,rating,a,a,1.0,titanium_collected,1000,,19,60,6,12,16,0,7,5,ok,,5.816,n-62-11-57,29052208,2026-08-08T08:39:26+0200
3577fc9472dd9476,auto-a1214efd9c98,steward_hardened_reinforced@deba9ec,steward_hardened_reinforced,deba9ec,hodr@ea88247,hodr,ea88247,aurora,all_official,1,0,rating,a,a,1.0,core_destroyed,85,,6,480,9,28,9,330,9,21,ok,,4.844,n-62-21-90,29052208,2026-08-08T08:40:39+0200
35857a47565841ca,auto-a1214efd9c98,hodr@ea88247,hodr,ea88247,steward_hardened_reinforced@f1f2bda,steward_hardened_reinforced,f1f2bda,pinch,all_official,1,0,rating,a,a,1.0,core_destroyed,201,,8,480,8,8,9,480,7,6,ok,,3.248,n-62-12-3,29052208,2026-08-08T08:40:27+0200
35912897486321ba,auto-a1214efd9c98,hodr@ea88247,hodr,ea88247,skadi@aad5f44,skadi,aad5f44,fjordgate,all_official,1,0,rating,b,b,0.0,core_destroyed,287,,7,0,6,1,9,480,6,20,ok,,3.465,n-62-11-62,29052208,2026-08-08T08:39:43+0200
359f1129dbcb04ce,auto-a1214efd9c98,hodr@ea88247,hodr,ea88247,prospect_rushonly@bf9b3e3,prospect_rushonly,bf9b3e3,pinch,all_official,1,0,rating,a,a,1.0,core_destroyed,165,,8,160,7,13,10,390,6,5,ok,,3.41,n-62-12-7,29052208,2026-08-08T08:39:18+0200
35e5bbd2a0d2f4ea,auto-a1214efd9c98,hodr@ea88247,hodr,ea88247,prospect@bf9b3e3,prospect,bf9b3e3,snowflake,all_official,1,0,rating,a,a,1.0,core_destroyed,53,,18,340,8,18,39,180,6,12,ok,,3.483,n-62-11-51,29052208,2026-08-08T08:38:56+0200
35f06b9b430edcad,auto-a1214efd9c98,hodr@ea88247,hodr,ea88247,strategist@2e6eca5,strategist,2e6eca5,vault,all_official,1,0,rating,a,a,1.0,core_destroyed,687,,8,3380,9,31,2601,3410,5,83,ok,,9.53,n-62-29-9,29052208,2026-08-08T08:40:39+0200
363b57d69c6fe849,auto-a1214efd9c98,steward_hardened_reinforced@cdc552f,steward_hardened_reinforced,cdc552f,hodr@ea88247,hodr,ea88247,twins,all_official,1,0,rating,a,a,1.0,core_destroyed,369,,8,900,9,8,9,880,7,12,ok,,6.075,n-62-21-89,29052208,2026-08-08T08:40:38+0200
36599177ff9060a1,auto-a1214efd9c98,tempest_reinforcements@38f9c23,tempest_reinforcements,38f9c23,hodr@ea88247,hodr,ea88247,duel,all_official,1,0,rating,b,b,0.0,core_destroyed,41,,9,90,9,4,18,170,7,6,ok,,3.043,n-62-31-13,29052208,2026-08-08T08:40:37+0200
36609afeb9afb86f,auto-a1214efd9c98,jonbot_190003d@90fc9f3,jonbot_190003d,90fc9f3,hodr@ea88247,hodr,ea88247,vase,all_official,1,0,rating,b,b,0.0,core_destroyed,617,,1062,0,1,4,10,20,13,9,ok,,7.793,n-62-21-21,29052208,2026-08-08T08:38:44+0200
3662b1d814ac6c97,auto-a1214efd9c98,hodr@ea88247,hodr,ea88247,mjolnir@2e6c876,mjolnir,2e6c876,showdown,all_official,1,0,rating,a,a,1.0,titanium_collected,1000,,18,60,4,10,16,0,7,10,ok,,5.659,n-62-31-10,29052208,2026-08-08T08:39:22+0200
366ddc0ceaeca7a3,auto-a1214efd9c98,jonbot@90fc9f3,jonbot,90fc9f3,hodr@ea88247,hodr,ea88247,string,all_official,1,0,rating,b,b,0.0,core_destroyed,272,,573,10,0,1,30,1790,21,19,ok,,7.102,n-62-21-24,29052208,2026-08-08T08:38:41+0200
367f7648dcad46ef,auto-a1214efd9c98,hodr@ea88247,hodr,ea88247,mimir@cfc1ec4,mimir,cfc1ec4,drumlin,all_official,1,0,rating,b,b,0.0,core_destroyed,67,,24,200,7,17,9,350,7,17,ok,,3.399,n-62-31-5,29052208,2026-08-08T08:38:45+0200
368434c5221b6f3b,auto-a1214efd9c98,gobbleglitch@6cdc440,gobbleglitch,6cdc440,hodr@ea88247,hodr,ea88247,longship,all_official,1,0,rating,b,b,0.0,core_destroyed,72,,60,140,8,7,18,240,6,25,ok,,3.547,n-62-21-89,29052208,2026-08-08T08:38:05+0200
368c58216fe90d24,auto-a1214efd9c98,jonbot@90fc9f3,jonbot,90fc9f3,hodr@ea88247,hodr,ea88247,heart,all_official,1,0,rating,b,b,0.0,core_destroyed,52,,92,140,5,23,19,40,6,11,ok,,2.814,n-62-21-11,29052208,2026-08-08T08:38:04+0200
368e0aa3e4895048,auto-a1214efd9c98,hodr@ea88247,hodr,ea88247,freyr@c2c0d3d,freyr,c2c0d3d,eider,all_official,1,0,rating,b,b,0.0,core_destroyed,128,,40,810,8,16,28,980,8,21,ok,,4.729,n-62-29-5,29052208,2026-08-08T08:38:22+0200
369cc62b92231d82,auto-a1214efd9c98,hodr@ea88247,hodr,ea88247,steward_hardened_reinforced@cdc552f,steward_hardened_reinforced,cdc552f,nordkap,all_official,1,0,rating,a,a,1.0,core_destroyed,45,,10,90,5,4,7,0,8,7,ok,,3.642,n-62-21-92,29052208,2026-08-08T08:39:54+0200
369cfad5ccc66f63,auto-a1214efd9c98,hodr@ea88247,hodr,ea88247,spar_mender@7ed1acc,spar_mender,7ed1acc,moonrise,all_official,1,0,rating,a,a,1.0,core_destroyed,100,,20,400,7,10,124,410,10,12,ok,,4.807,n-62-31-11,29052208,2026-08-08T08:40:29+0200
36c4460905778c7d,auto-a1214efd9c98,steward_hardened_reinforced@cdc552f,steward_hardened_reinforced,cdc552f,hodr@ea88247,hodr,ea88247,eider,all_official,1,0,rating,a,a,1.0,core_destroyed,128,,29,580,9,9,20,180,4,6,ok,,4.216,n-62-11-64,29052208,2026-08-08T08:39:54+0200
36c7034553d92a5e,auto-a1214efd9c98,pantheon_replica_day3@aa8bae0,pantheon_replica_day3,aa8bae0,hodr@ea88247,hodr,ea88247,quarry,all_official,1,0,rating,a,a,1.0,core_destroyed,54,,10,120,7,12,25,190,8,16,ok,,3.826,n-62-31-7,29052208,2026-08-08T08:39:14+0200
36dd8d26d1e11ce7,auto-a1214efd9c98,hodr@ea88247,hodr,ea88247,skadi@1e4eddf,skadi,1e4eddf,string,all_official,1,0,rating,b,b,0.0,titanium_collected,1000,,224,3160,6,14,190,7640,7,12,ok,,20.738,n-62-21-24,29052208,2026-08-08T08:39:44+0200
36fd58e700c3517b,auto-a1214efd9c98,hodr@ea88247,hodr,ea88247,gobbleglitch@6cdc440,gobbleglitch,6cdc440,archipelago,all_official,1,0,rating,a,a,1.0,core_destroyed,104,,20,460,11,13,50,0,7,0,ok,,4.904,n-62-11-52,29052208,2026-08-08T08:38:14+0200
372f2902d80e4492,auto-a1214efd9c98,hodr@ea88247,hodr,ea88247,steward_hardened_reinforced@deba9ec,steward_hardened_reinforced,deba9ec,pinch,all_official,1,0,rating,a,a,1.0,core_destroyed,73,,8,160,8,8,10,160,6,7,ok,,3.251,n-62-12-5,29052208,2026-08-08T08:39:49+0200
37988aa7f71be3f1,auto-a1214efd9c98,fenrir2@6b39ebb,fenrir2,6b39ebb,hodr@ea88247,hodr,ea88247,meander,all_official,1,0,rating,b,b,0.0,core_destroyed,101,,10,0,8,5,7,0,8,2,ok,,3.481,n-62-29-9,29052208,2026-08-08T08:38:52+0200
379c82f21f3279f9,auto-a1214efd9c98,hodr@ea88247,hodr,ea88247,tempest_reinforcements@025dd51,tempest_reinforcements,025dd51,drumlin,all_official,1,0,rating,a,a,1.0,core_destroyed,58,,9,310,7,20,30,180,10,9,ok,,3.706,n-62-30-23,29052208,2026-08-08T08:40:42+0200
37a56256c2df4190,auto-a1214efd9c98,hodr@ea88247,hodr,ea88247,skadi@821d792,skadi,821d792,quarry,all_official,1,0,rating,a,a,1.0,core_destroyed,172,,54,1110,10,30,24,1100,9,26,ok,,5.652,n-62-31-24,29052208,2026-08-08T08:39:19+0200
37cb4aff94087bc4,auto-a1214efd9c98,janus@8a1e7a1,janus,8a1e7a1,hodr@ea88247,hodr,ea88247,bridge,all_official,1,0,rating,b,b,0.0,core_destroyed,774,,1668,2350,4,5,10,0,10,16,ok,,13.369,n-62-21-12,29052208,2026-08-08T08:38:20+0200
37cc9c324f67ff82,auto-a1214efd9c98,gefjon@f66a427,gefjon,f66a427,hodr@ea88247,hodr,ea88247,showdown,all_official,1,0,rating,b,b,0.0,core_destroyed,83,,36,220,5,25,16,550,6,35,ok,,2.989,n-62-11-55,29052208,2026-08-08T08:38:07+0200
37ceb7f1650cfde3,auto-a1214efd9c98,hodr@ea88247,hodr,ea88247,mimir@cfc1ec4,mimir,cfc1ec4,saga,all_official,1,0,rating,b,b,0.0,core_destroyed,79,,8,250,8,29,9,360,8,23,ok,,4.206,n-62-31-22,29052208,2026-08-08T08:39:01+0200
37d5e013a1cf7389,auto-a1214efd9c98,fenrir2@6b39ebb,fenrir2,6b39ebb,hodr@ea88247,hodr,ea88247,duel,all_official,1,0,rating,b,b,0.0,core_destroyed,86,,10,200,5,5,8,390,8,6,ok,,3.307,n-62-29-21,29052208,2026-08-08T08:39:04+0200
37fcd1dc7f9393bf,auto-a1214efd9c98,hodr@ea88247,hodr,ea88247,ragnarok_fair@79582fc,ragnarok_fair,79582fc,meander,all_official,1,0,rating,a,a,1.0,core_destroyed,94,,8,120,8,7,10,70,8,8,ok,,3.597,n-62-21-4,29052208,2026-08-08T08:39:34+0200
382a782134327a26,auto-a1214efd9c98,hodr@ea88247,hodr,ea88247,odin@38e1456,odin,38e1456,meander,all_official,1,0,rating,a,a,1.0,core_destroyed,101,,20,130,8,7,10,40,8,8,ok,,3.478,n-62-29-24,29052208,2026-08-08T08:39:31+0200
382fae78efd5e622,auto-a1214efd9c98,hodr@ea88247,hodr,ea88247,freyr@c2c0d3d,freyr,c2c0d3d,archipelago,all_official,1,0,rating,a,a,1.0,core_destroyed,66,,20,360,9,27,5,150,8,14,ok,,3.973,n-62-29-34,29052208,2026-08-08T08:38:02+0200
38592f65b3d5498e,auto-a1214efd9c98,steward_hardened_reinforced@f1f2bda,steward_hardened_reinforced,f1f2bda,hodr@ea88247,hodr,ea88247,drumlin,all_official,1,0,rating,b,b,0.0,core_destroyed,67,,24,200,7,17,9,350,7,17,ok,,3.636,n-62-31-11,29052208,2026-08-08T08:39:55+0200
38801f8edeaa9ac8,auto-a1214efd9c98,steward_hardened_reinforced@c04e46e,steward_hardened_reinforced,c04e46e,hodr@ea88247,hodr,ea88247,skerry,all_official,1,0,rating,b,b,0.0,core_destroyed,143,,12,990,14,11,4,400,6,17,ok,,5.121,n-62-11-68,29052208,2026-08-08T08:40:35+0200
388588fb13b6f5eb,auto-a1214efd9c98,skadi@1e4eddf,skadi,1e4eddf,hodr@ea88247,hodr,ea88247,string,all_official,1,0,rating,b,b,0.0,core_destroyed,181,,270,940,7,7,112,1140,7,15,ok,,6.235,n-62-21-24,29052208,2026-08-08T08:39:51+0200
3898e19610781363,auto-a1214efd9c98,mistral@90fc9f3,mistral,90fc9f3,hodr@ea88247,hodr,ea88247,jackpot,all_official,1,0,rating,b,b,0.0,core_destroyed,185,,684,0,0,0,64,810,11,23,ok,,7.881,n-62-11-68,29052208,2026-08-08T08:38:59+0200
389b38f05804c092,auto-a1214efd9c98,mistral@90fc9f3,mistral,90fc9f3,hodr@ea88247,hodr,ea88247,string,all_official,1,0,rating,b,b,0.0,core_destroyed,253,,60,0,3,0,9,80,7,1,ok,,3.264,n-62-11-64,29052208,2026-08-08T08:38:47+0200
389c9f2fd38d8a84,auto-a1214efd9c98,strategist@2e6eca5,strategist,2e6eca5,hodr@ea88247,hodr,ea88247,atoll,all_official,1,0,rating,b,b,0.0,core_destroyed,196,,528,920,8,63,169,1560,12,54,ok,,5.659,n-62-29-31,29052208,2026-08-08T08:40:45+0200
38b175e1166b6908,auto-a1214efd9c98,prospect_rushonly@bf9b3e3,prospect_rushonly,bf9b3e3,hodr@ea88247,hodr,ea88247,strait,all_official,1,0,rating,b,b,0.0,core_destroyed,123,,3,50,9,6,10,270,6,10,ok,,3.934,n-62-12-2,29052208,2026-08-08T08:39:02+0200
38e519b3d1b59fde,auto-a1214efd9c98,steward_hardened_reinforced@cdc552f,steward_hardened_reinforced,cdc552f,hodr@ea88247,hodr,ea88247,sweden,all_official,1,0,rating,b,b,0.0,core_destroyed,230,,45,0,8,19,42,540,8,12,ok,,11.73,n-62-21-89,29052208,2026-08-08T08:40:26+0200
38ef244240ab20ed,auto-a1214efd9c98,steward_hardened_reinforced@672ee02,steward_hardened_reinforced,672ee02,hodr@ea88247,hodr,ea88247,skerry,all_official,1,0,rating,b,b,0.0,core_destroyed,123,,15,840,11,11,4,350,6,17,ok,,4.682,n-62-31-23,29052208,2026-08-08T08:40:14+0200
3924d091a48558b9,auto-a1214efd9c98,hodr@ea88247,hodr,ea88247,spar_mender@7ed1acc,spar_mender,7ed1acc,eider,all_official,1,0,rating,a,a,1.0,core_destroyed,56,,60,360,6,22,52,110,8,18,ok,,3.532,n-62-31-10,29052208,2026-08-08T08:39:20+0200
39366cfebb7df900,auto-a1214efd9c98,spar_mender@7ed1acc,spar_mender,7ed1acc,hodr@ea88247,hodr,ea88247,heart,all_official,1,0,rating,b,b,0.0,core_destroyed,714,,10,0,12,7,8,0,5,3,ok,,10.632,n-62-31-10,29052208,2026-08-08T08:40:25+0200
3953380f8c2969d1,auto-a1214efd9c98,skadi@821d792,skadi,821d792,hodr@ea88247,hodr,ea88247,fjordgate,all_official,1,0,rating,a,a,1.0,core_destroyed,276,,66,720,7,15,20,180,8,12,ok,,5.345,n-62-21-15,29052208,2026-08-08T08:39:20+0200
3960c5a4ac3060ab,auto-a1214efd9c98,hodr@ea88247,hodr,ea88247,steward_reinforced@a8dc58a,steward_reinforced,a8dc58a,vault,all_official,1,0,rating,a,a,1.0,core_destroyed,76,,26,330,10,15,21,200,9,22,ok,,6.167,n-62-11-67,29052208,2026-08-08T08:40:39+0200
396ef20b6826c3d2,auto-a1214efd9c98,lockin@90fc9f3,lockin,90fc9f3,hodr@ea88247,hodr,ea88247,showdown,all_official,1,0,rating,b,b,0.0,core_destroyed,61,,650,0,0,0,10,0,7,15,ok,,1.839,n-62-21-61,29052208,2026-08-08T08:38:15+0200
397a2a1c33f4da7c,auto-a1214efd9c98,lockin@90fc9f3,lockin,90fc9f3,hodr@ea88247,hodr,ea88247,nordkap,all_official,1,0,rating,b,b,0.0,core_destroyed,58,,640,0,0,0,10,120,8,20,ok,,2.031,n-62-21-60,29052208,2026-08-08T08:38:04+0200
39808a7f8e0c5c29,auto-a1214efd9c98,steward_hardened_reinforced@04300bf,steward_hardened_reinforced,04300bf,hodr@ea88247,hodr,ea88247,sprint,all_official,1,0,rating,a,a,1.0,core_destroyed,105,,9,10,6,4,10,40,7,6,ok,,3.134,n-62-29-27,29052208,2026-08-08T08:40:07+0200
399b87a3c252bc4c,auto-a1214efd9c98,mistral@90fc9f3,mistral,90fc9f3,hodr@ea88247,hodr,ea88247,snowflake,all_official,1,0,rating,b,b,0.0,core_destroyed,53,,310,0,5,0,2,110,8,19,ok,,5.651,n-62-11-61,29052208,2026-08-08T08:39:21+0200
39cec9180ab7090b,auto-a1214efd9c98,skadi@1e4eddf,skadi,1e4eddf,hodr@ea88247,hodr,ea88247,moonrise,all_official,1,0,rating,a,a,1.0,core_destroyed,115,,7,260,5,10,7,200,7,5,ok,,3.131,n-62-21-11,29052208,2026-08-08T08:39:31+0200
39fb0dc674c69a8c,auto-a1214efd9c98,aegis@e55aab5,aegis,e55aab5,hodr@ea88247,hodr,ea88247,antler,all_official,1,0,rating,b,b,0.0,core_destroyed,74,,10,320,7,10,69,330,7,11,ok,,3.318,n-62-31-5,29052208,2026-08-08T08:37:59+0200
3a3308d63372eb39,auto-a1214efd9c98,hodr@ea88247,hodr,ea88247,gefjon@f66a427,gefjon,f66a427,runestone,all_official,1,0,rating,b,b,0.0,core_destroyed,121,,8,100,8,16,9,570,9,30,ok,,4.113,n-62-31-19,29052208,2026-08-08T08:38:33+0200
3a44fbe32cacee89,auto-a1214efd9c98,e_t4l7@9e77076,e_t4l7,9e77076,hodr@ea88247,hodr,ea88247,meander,all_official,1,0,rating,a,a,1.0,titanium_collected,1000,,3247,2490,10,19,12,0,8,6,ok,,10.652,n-62-28-34,29052208,2026-08-08T08:38:05+0200
3a68807e84f1413b,auto-a1214efd9c98,hodr@ea88247,hodr,ea88247,e_t4l7@9e77076,e_t4l7,9e77076,snowflake,all_official,1,0,rating,a,a,1.0,core_destroyed,167,,22,2480,13,56,221,840,4,15,ok,,5.283,n-62-29-13,29052208,2026-08-08T08:38:53+0200
3a772e78b6520aa5,auto-a1214efd9c98,skadi@1e4eddf,skadi,1e4eddf,hodr@ea88247,hodr,ea88247,pinch,all_official,1,0,rating,b,b,0.0,core_destroyed,200,,16,220,9,8,20,470,5,23,ok,,4.241,n-62-21-11,29052208,2026-08-08T08:39:54+0200
3a81d3edac813a34,auto-a1214efd9c98,skadi@1e4eddf,skadi,1e4eddf,hodr@ea88247,hodr,ea88247,quarry,all_official,1,0,rating,b,b,0.0,core_destroyed,67,,36,310,8,22,18,300,8,22,ok,,4.037,n-62-21-10,29052208,2026-08-08T08:39:04+0200
3a94138e4a86788b,auto-a1214efd9c98,steward_hardened_reinforced@366cd1b,steward_hardened_reinforced,366cd1b,hodr@ea88247,hodr,ea88247,skerry,all_official,1,0,rating,b,b,0.0,core_destroyed,143,,12,990,14,11,4,400,6,17,ok,,5.626,n-62-30-25,29052208,2026-08-08T08:39:38+0200
3a9b3c5e8ca7aa28,auto-a1214efd9c98,mistral@90fc9f3,mistral,90fc9f3,hodr@ea88247,hodr,ea88247,moonrise,all_official,1,0,rating,b,b,0.0,core_destroyed,71,,60,0,7,0,99,300,6,11,ok,,4.188,n-62-11-62,29052208,2026-08-08T08:38:41+0200
3aa5bda59d2069a0,auto-a1214efd9c98,hodr@ea88247,hodr,ea88247,skadi@aad5f44,skadi,aad5f44,runestone,all_official,1,0,rating,a,a,1.0,core_destroyed,132,,19,540,8,19,16,110,7,17,ok,,3.274,n-62-11-64,29052208,2026-08-08T08:39:09+0200
3af5cb84d0fa1a0a,auto-a1214efd9c98,hodr@ea88247,hodr,ea88247,fenrir2@6b39ebb,fenrir2,6b39ebb,string,all_official,1,0,rating,b,b,0.0,core_destroyed,95,,10,80,5,3,19,430,8,8,ok,,3.865,n-62-29-27,29052208,2026-08-08T08:37:55+0200
3afbca8d3345178d,auto-a1214efd9c98,hodr@ea88247,hodr,ea88247,ragnarok_fair@79582fc,ragnarok_fair,79582fc,drumlin,all_official,1,0,rating,a,a,1.0,core_destroyed,65,,29,390,7,21,10,250,8,18,ok,,3.897,n-62-21-1,29052208,2026-08-08T08:39:39+0200
3b06b5435aac6ef6,auto-a1214efd9c98,bastion@840a180,bastion,840a180,hodr@ea88247,hodr,ea88247,bridge,all_official,1,0,rating,a,a,1.0,core_destroyed,302,,41,1850,15,25,60,0,7,1,ok,,9.72,n-62-11-60,29052208,2026-08-08T08:38:28+0200
3b17ad8c0eccac0e,auto-a1214efd9c98,e_t4l7@9e77076,e_t4l7,9e77076,hodr@ea88247,hodr,ea88247,moonrise,all_official,1,0,rating,b,b,0.0,titanium_collected,1000,,98,20,4,17,20,2470,7,17,ok,,7.03,n-62-28-34,29052208,2026-08-08T08:38:17+0200
3b359b822a2875a4,auto-a1214efd9c98,skadi@6a2af02,skadi,6a2af02,hodr@ea88247,hodr,ea88247,lighthouse,all_official,1,0,rating,b,b,0.0,core_destroyed,125,,8,170,7,9,20,560,7,13,ok,,3.356,n-62-31-5,29052208,2026-08-08T08:39:49+0200
3b39b3edaa8e6cbc,auto-a1214efd9c98,jonbot@90fc9f3,jonbot,90fc9f3,hodr@ea88247,hodr,ea88247,meander,all_official,1,0,rating,a,a,1.0,core_destroyed,131,,58,280,5,19,7,0,8,5,ok,,3.339,n-62-21-10,29052208,2026-08-08T08:38:18+0200
3b47181c2ffff550,auto-a1214efd9c98,hodr@ea88247,hodr,ea88247,steward_hardened_reinforced@cdc552f,steward_hardened_reinforced,cdc552f,aurora,all_official,1,0,rating,a,a,1.0,core_destroyed,68,,28,420,8,32,19,250,9,22,ok,,3.971,n-62-11-61,29052208,2026-08-08T08:39:56+0200
3b56e8396583d153,auto-a1214efd9c98,hodr@ea88247,hodr,ea88247,odin@93e46da,odin,93e46da,jackpot,all_official,1,0,rating,a,a,1.0,core_destroyed,696,,29,3410,11,24,2576,2330,6,8,ok,,16.434,n-62-29-5,29052208,2026-08-08T08:39:21+0200
3b766bf25d32b5a1,auto-a1214efd9c98,hodr@ea88247,hodr,ea88247,mjolnir@2e6c876,mjolnir,2e6c876,archipelago,all_official,1,0,rating,a,a,1.0,core_destroyed,113,,273,1430,9,55,90,460,9,27,ok,,4.714,n-62-11-66,29052208,2026-08-08T08:38:54+0200
3b7e1360b009f323,auto-a1214efd9c98,jonbot_190003d@90fc9f3,jonbot_190003d,90fc9f3,hodr@ea88247,hodr,ea88247,fjord,all_official,1,0,rating,b,b,0.0,core_destroyed,75,,0,0,9,4,20,470,7,27,ok,,3.852,n-62-21-15,29052208,2026-08-08T08:38:14+0200
3bb7570fbdae3ab4,auto-a1214efd9c98,hodr@ea88247,hodr,ea88247,aegis@e55aab5,aegis,e55aab5,vase,all_official,1,0,rating,b,b,0.0,core_destroyed,167,,19,380,10,6,10,380,5,13,ok,,5.533,n-62-11-67,29052208,2026-08-08T08:38:06+0200
3bb7cbc8c477b635,auto-a1214efd9c98,gobbleglitch@6cdc440,gobbleglitch,6cdc440,hodr@ea88247,hodr,ea88247,vault,all_official,1,0,rating,b,b,0.0,core_destroyed,53,,60,0,5,0,8,220,9,8,ok,,3.298,n-62-12-5,29052208,2026-08-08T08:38:39+0200
3bbb6ccfb671394a,auto-a1214efd9c98,steward_hardened_reinforced@c04e46e,steward_hardened_reinforced,c04e46e,hodr@ea88247,hodr,ea88247,pinch,all_official,1,0,rating,a,a,1.0,core_destroyed,169,,9,400,8,8,9,400,6,6,ok,,3.218,n-62-11-57,29052208,2026-08-08T08:40:22+0200
3bc3829472acfc50,auto-a1214efd9c98,skadi@821d792,skadi,821d792,hodr@ea88247,hodr,ea88247,longship,all_official,1,0,rating,a,a,1.0,titanium_collected,618,,22,3020,11,24,8,2850,11,22,ok,,17.473,n-62-21-16,29052208,2026-08-08T08:39:29+0200
3bc87da4a1af16a1,auto-a1214efd9c98,hodr@ea88247,hodr,ea88247,steward_hardened_reinforced@cdc552f,steward_hardened_reinforced,cdc552f,jackpot,all_official,1,0,rating,b,b,0.0,core_destroyed,250,,63,1170,16,21,60,570,8,7,ok,,12.735,n-62-11-66,29052208,2026-08-08T08:40:01+0200
3bc9e5a81bfb2aca,auto-a1214efd9c98,hodr@ea88247,hodr,ea88247,njord@f66a427,njord,f66a427,archipelago,all_official,1,0,rating,a,a,1.0,core_destroyed,66,,20,360,9,27,5,150,8,14,ok,,4.345,n-62-21-98,29052208,2026-08-08T08:38:40+0200
3be121ac7af3da8b,auto-a1214efd9c98,odin@93e46da,odin,93e46da,hodr@ea88247,hodr,ea88247,hive,all_official,1,0,rating,b,b,0.0,core_destroyed,79,,32,280,9,38,27,380,7,37,ok,,3.58,n-62-29-5,29052208,2026-08-08T08:39:05+0200
3be543d1a68ada06,auto-a1214efd9c98,maporacle@38e1456,maporacle,38e1456,hodr@ea88247,hodr,ea88247,skerry,all_official,1,0,rating,b,b,0.0,core_destroyed,69,,10,310,10,12,19,480,10,25,ok,,4.478,n-62-21-68,29052208,2026-08-08T08:38:10+0200
3bfe8d027c1cee4a,auto-a1214efd9c98,hodr@ea88247,hodr,ea88247,njord@f66a427,njord,f66a427,vase,all_official,1,0,rating,b,b,0.0,core_destroyed,121,,37,230,8,8,33,260,7,15,ok,,4.605,n-62-29-15,29052208,2026-08-08T08:38:41+0200
3c0bdf2edbd3bfb0,auto-a1214efd9c98,steward_reinforced@a8dc58a,steward_reinforced,a8dc58a,hodr@ea88247,hodr,ea88247,hive,all_official,1,0,rating,b,b,0.0,core_destroyed,69,,0,140,8,29,17,250,8,23,ok,,3.392,n-62-31-21,29052208,2026-08-08T08:40:29+0200
3c0d93e6e110e874,auto-a1214efd9c98,steward_hardened_reinforced@deba9ec,steward_hardened_reinforced,deba9ec,hodr@ea88247,hodr,ea88247,duel,all_official,1,0,rating,a,a,1.0,core_destroyed,89,,10,250,8,9,44,400,5,6,ok,,2.693,n-62-31-9,29052208,2026-08-08T08:40:35+0200
3c2d8d292f0145ef,auto-a1214efd9c98,hodr@ea88247,hodr,ea88247,steward_hardened_reinforced@cdc552f,steward_hardened_reinforced,cdc552f,string,all_official,1,0,rating,a,a,1.0,core_destroyed,203,,22,480,6,3,0,0,6,3,ok,,4.267,n-62-21-89,29052208,2026-08-08T08:39:56+0200
3c6662824ba32f96,auto-a1214efd9c98,prospect@bf9b3e3,prospect,bf9b3e3,hodr@ea88247,hodr,ea88247,antler,all_official,1,0,rating,b,b,0.0,core_destroyed,61,,9,250,7,9,19,260,7,10,ok,,2.984,n-62-31-19,29052208,2026-08-08T08:38:58+0200
3c6e3139d3307254,auto-a1214efd9c98,hodr@ea88247,hodr,ea88247,mjolnir@2e6c876,mjolnir,2e6c876,drumlin,all_official,1,0,rating,a,a,1.0,core_destroyed,68,,34,620,8,41,55,360,8,31,ok,,3.332,n-62-11-63,29052208,2026-08-08T08:39:41+0200
3c7ed2d1084d085e,auto-a1214efd9c98,steward_hardened_reinforced@a994296,steward_hardened_reinforced,a994296,hodr@ea88247,hodr,ea88247,pinch,all_official,1,0,rating,a,a,1.0,core_destroyed,201,,8,480,8,8,9,480,7,6,ok,,3.703,n-62-31-24,29052208,2026-08-08T08:40:00+0200
3c819b399b88c05e,auto-a1214efd9c98,skadi@aad5f44,skadi,aad5f44,hodr@ea88247,hodr,ea88247,jackpot,all_official,1,0,rating,a,a,1.0,core_destroyed,92,,154,500,4,29,188,350,10,14,ok,,3.6,n-62-11-61,29052208,2026-08-08T08:39:59+0200
3cb25756da080cde,auto-a1214efd9c98,hodr@ea88247,hodr,ea88247,bastion@840a180,bastion,840a180,vase,all_official,1,0,rating,b,b,0.0,core_destroyed,167,,19,380,10,6,10,380,5,13,ok,,4.386,n-62-11-64,29052208,2026-08-08T08:38:45+0200
3ccace7d4eb4ca84,auto-a1214efd9c98,hodr@ea88247,hodr,ea88247,odin@38e1456,odin,38e1456,strait,all_official,1,0,rating,a,a,1.0,core_destroyed,111,,6,400,7,22,29,420,7,24,ok,,3.889,n-62-29-31,29052208,2026-08-08T08:39:13+0200
3cce69a9d6a74419,auto-a1214efd9c98,hodr@ea88247,hodr,ea88247,steward_hardened_reinforced@f61245f,steward_hardened_reinforced,f61245f,jackpot,all_official,1,0,rating,a,a,1.0,core_destroyed,334,,49,1610,15,19,31,1510,10,14,ok,,13.95,n-62-28-33,29052208,2026-08-08T08:40:08+0200
3cf41002a7cdef32,auto-a1214efd9c98,hodr@ea88247,hodr,ea88247,pantheon_replica_day3@aa8bae0,pantheon_replica_day3,aa8bae0,fjordgate,all_official,1,0,rating,a,a,1.0,core_destroyed,189,,8,0,7,5,10,0,5,1,ok,,3.832,n-62-31-17,29052208,2026-08-08T08:39:14+0200
3d00581fe7ddbb96,auto-a1214efd9c98,njord@f66a427,njord,f66a427,hodr@ea88247,hodr,ea88247,pinch,all_official,1,0,rating,a,a,1.0,core_destroyed,201,,8,480,8,8,9,480,7,6,ok,,3.97,n-62-28-33,29052208,2026-08-08T08:39:26+0200
3d078344025c478e,auto-a1214efd9c98,e_t4l7@9e77076,e_t4l7,9e77076,hodr@ea88247,hodr,ea88247,bridge,all_official,1,0,rating,a,a,1.0,titanium_collected,1000,,996,320,7,21,20,0,9,19,ok,,9.249,n-62-28-28,29052208,2026-08-08T08:38:58+0200
3d20fbadcc77377c,auto-a1214efd9c98,hodr@ea88247,hodr,ea88247,bastion@840a180,bastion,840a180,twins,all_official,1,0,rating,a,a,1.0,core_destroyed,86,,8,210,6,16,32,310,5,30,ok,,3.158,n-62-11-64,29052208,2026-08-08T08:38:35+0200
3d2239d2eec1e397,auto-a1214efd9c98,prospect@bf9b3e3,prospect,bf9b3e3,hodr@ea88247,hodr,ea88247,aurora,all_official,1,0,rating,b,b,0.0,core_destroyed,128,,476,410,7,12,80,880,10,52,ok,,4.604,n-62-31-19,29052208,2026-08-08T08:39:22+0200
3d562e1d8b62a65b,auto-a1214efd9c98,hodr@ea88247,hodr,ea88247,tempest@90fc9f3,tempest,90fc9f3,showdown,all_official,1,0,rating,a,a,1.0,core_destroyed,90,,17,240,4,29,43,0,8,7,ok,,3.591,n-62-29-34,29052208,2026-08-08T08:40:28+0200
3d6c9d44ab94d5d5,auto-a1214efd9c98,steward_hardened_reinforced@a994296,steward_hardened_reinforced,a994296,hodr@ea88247,hodr,ea88247,duel,all_official,1,0,rating,a,a,1.0,core_destroyed,59,,9,250,8,7,170,250,6,6,ok,,2.937,n-62-31-18,29052208,2026-08-08T08:40:37+0200
3d8f955d2f3a36e6,auto-a1214efd9c98,e_t4l7@9e77076,e_t4l7,9e77076,hodr@ea88247,hodr,ea88247,archipelago,all_official,1,0,rating,b,b,0.0,core_destroyed,279,,403,790,4,23,20,1230,9,34,ok,,6.888,n-62-28-28,29052208,2026-08-08T08:38:04+0200
3db9930b82e76ed9,auto-a1214efd9c98,hodr@ea88247,hodr,ea88247,spar_mender@d5b46bc,spar_mender,d5b46bc,longship,all_official,1,0,rating,a,a,1.0,core_destroyed,97,,8,380,8,17,23,210,7,19,ok,,3.606,n-62-29-13,29052208,2026-08-08T08:39:26+0200
3dcbbfcb24811591,auto-a1214efd9c98,steward_reinforced@a8dc58a,steward_reinforced,a8dc58a,hodr@ea88247,hodr,ea88247,moonrise,all_official,1,0,rating,a,a,1.0,core_destroyed,103,,9,460,8,20,38,30,6,4,ok,,4.194,n-62-31-23,29052208,2026-08-08T08:40:28+0200
3dd88e634059dc5c,auto-a1214efd9c98,hodr@ea88247,hodr,ea88247,skadi@821d792,skadi,821d792,nordkap,all_official,1,0,rating,a,a,1.0,core_destroyed,66,,8,140,8,5,43,240,7,11,ok,,3.335,n-62-21-16,29052208,2026-08-08T08:39:49+0200
3dddafb6172d6da7,auto-a1214efd9c98,hodr@ea88247,hodr,ea88247,prospect_rushonly@bf9b3e3,prospect_rushonly,bf9b3e3,crossfire,all_official,1,0,rating,a,a,1.0,core_destroyed,122,,6,290,7,6,8,230,9,4,ok,,3.75,n-62-21-90,29052208,2026-08-08T08:39:36+0200
3e4e8a3b578599f1,auto-a1214efd9c98,steward_hardened_reinforced@cdc552f,steward_hardened_reinforced,cdc552f,hodr@ea88247,hodr,ea88247,moonrise,all_official,1,0,rating,a,a,1.0,core_destroyed,126,,50,540,8,12,8,30,4,4,ok,,4.229,n-62-21-92,29052208,2026-08-08T08:39:50+0200
3e71209e2579e20e,auto-a1214efd9c98,ragnarok_fair@79582fc,ragnarok_fair,79582fc,hodr@ea88247,hodr,ea88247,longship,all_official,1,0,rating,b,b,0.0,core_destroyed,103,,47,290,11,18,34,500,6,24,ok,,4.612,n-62-21-4,29052208,2026-08-08T08:39:30+0200
3e8b3f4cb70eeb52,auto-a1214efd9c98,jonbot@90fc9f3,jonbot,90fc9f3,hodr@ea88247,hodr,ea88247,lighthouse,all_official,1,0,rating,b,b,0.0,core_destroyed,85,,170,180,8,11,20,360,7,13,ok,,3.735,n-62-21-11,29052208,2026-08-08T08:38:39+0200
3ec4f03ddf561e65,auto-a1214efd9c98,hodr@ea88247,hodr,ea88247,strategist@2e6eca5,strategist,2e6eca5,hive,all_official,1,0,rating,a,a,1.0,core_destroyed,105,,76,340,6,45,3,220,5,91,ok,,3.109,n-62-21-97,29052208,2026-08-08T08:40:38+0200
3f015e8b2639646a,auto-a1214efd9c98,hodr@ea88247,hodr,ea88247,bastion@840a180,bastion,840a180,fjord,all_official,1,0,rating,a,a,1.0,core_destroyed,60,,17,350,9,13,20,290,7,19,ok,,3.843,n-62-11-68,29052208,2026-08-08T08:38:12+0200
3f0a5c9a54a2c236,auto-a1214efd9c98,hodr@ea88247,hodr,ea88247,e_t4l7@9e77076,e_t4l7,9e77076,atoll,all_official,1,0,rating,a,a,1.0,core_destroyed,373,,10,1810,8,25,1500,1820,3,9,ok,,5.885,n-62-28-28,29052208,2026-08-08T08:38:10+0200
3f35b0cf98e3f3f5,auto-a1214efd9c98,hodr@ea88247,hodr,ea88247,odin@38e1456,odin,38e1456,string,all_official,1,0,rating,b,b,0.0,core_destroyed,95,,10,80,5,3,19,430,8,8,ok,,3.736,n-62-29-33,29052208,2026-08-08T08:38:42+0200
3f72794db0300ccd,auto-a1214efd9c98,steward_hardened_reinforced@366cd1b,steward_hardened_reinforced,366cd1b,hodr@ea88247,hodr,ea88247,strait,all_official,1,0,rating,a,a,1.0,titanium_collected,1000,,16,730,7,13,16,70,7,6,ok,,8.899,n-62-30-25,29052208,2026-08-08T08:40:14+0200
3f85168f4d5fb2ed,auto-a1214efd9c98,njord@f66a427,njord,f66a427,hodr@ea88247,hodr,ea88247,snowflake,all_official,1,0,rating,a,a,1.0,core_destroyed,65,,43,550,9,22,7,140,8,11,ok,,3.483,n-62-28-34,29052208,2026-08-08T08:39:25+0200
3f9c928ef9e8b5fe,auto-a1214efd9c98,steward_hardened_reinforced@cdc552f,steward_hardened_reinforced,cdc552f,hodr@ea88247,hodr,ea88247,vase,all_official,1,0,rating,a,a,1.0,core_destroyed,186,,8,0,7,6,31,310,8,9,ok,,4.924,n-62-21-89,29052208,2026-08-08T08:40:49+0200
3f9f28678daba73d,auto-a1214efd9c98,hodr@ea88247,hodr,ea88247,tempest_reinforcements@38f9c23,tempest_reinforcements,38f9c23,aurora,all_official,1,0,rating,a,a,1.0,core_destroyed,66,,18,400,7,32,9,220,11,16,ok,,4.131,n-62-31-7,29052208,2026-08-08T08:40:40+0200
3fc44a0503f85f3f,auto-a1214efd9c98,janus@8a1e7a1,janus,8a1e7a1,hodr@ea88247,hodr,ea88247,eider,all_official,1,0,rating,b,b,0.0,core_destroyed,44,,19,90,8,7,19,150,7,7,ok,,3.471,n-62-21-2,29052208,2026-08-08T08:37:59+0200
3fc6ed5e7f8d0dde,auto-a1214efd9c98,hodr@ea88247,hodr,ea88247,gobbleglitch@6cdc440,gobbleglitch,6cdc440,sprint,all_official,1,0,rating,a,a,1.0,core_destroyed,637,,9,0,7,6,60,0,5,10,ok,,4.389,n-62-12-1,29052208,2026-08-08T08:38:12+0200
3feb56cb04c2926c,auto-a1214efd9c98,odin@93e46da,odin,93e46da,hodr@ea88247,hodr,ea88247,antler,all_official,1,0,rating,a,a,1.0,core_destroyed,64,,18,270,6,10,204,270,5,6,ok,,2.735,n-62-29-27,29052208,2026-08-08T08:38:45+0200
3ff7da4115d6bb11,auto-a1214efd9c98,hodr@ea88247,hodr,ea88247,freyr@c2c0d3d,freyr,c2c0d3d,nordkap,all_official,1,0,rating,b,b,0.0,titanium_collected,1000,,20,80,9,7,16,360,8,9,ok,,9.84,n-62-30-24,29052208,2026-08-08T08:38:31+0200
402faf995d210bf4,auto-a1214efd9c98,hodr@ea88247,hodr,ea88247,prospect_rushonly@bf9b3e3,prospect_rushonly,bf9b3e3,strait,all_official,1,0,rating,a,a,1.0,core_destroyed,161,,9,160,6,16,10,140,7,7,ok,,3.616,n-62-12-2,29052208,2026-08-08T08:38:57+0200
4057ccf47482e303,auto-a1214efd9c98,hodr@ea88247,hodr,ea88247,njord@f66a427,njord,f66a427,runestone,all_official,1,0,rating,a,a,1.0,core_destroyed,317,,9,50,8,17,10,260,8,17,ok,,5.375,n-62-28-34,29052208,2026-08-08T08:38:42+0200
406913f41abb867a,auto-a1214efd9c98,hodr@ea88247,hodr,ea88247,e_t4l7@9e77076,e_t4l7,9e77076,twins,all_official,1,0,rating,a,a,1.0,core_destroyed,481,,8,1180,9,6,3326,3490,8,15,ok,,7.217,n-62-29-15,29052208,2026-08-08T08:38:54+0200
4088aacd5cad7ca8,auto-a1214efd9c98,hodr@ea88247,hodr,ea88247,strategist@2a19238,strategist,2a19238,pinch,all_official,1,0,rating,a,a,1.0,core_destroyed,176,,106,1480,10,38,161,300,5,34,ok,,3.974,n-62-31-9,29052208,2026-08-08T08:40:19+0200
4089b23ab7a71bf9,auto-a1214efd9c98,hodr@ea88247,hodr,ea88247,steward_hardened_reinforced@deba9ec,steward_hardened_reinforced,deba9ec,duel,all_official,1,0,rating,a,a,1.0,core_destroyed,51,,9,210,8,7,4,210,9,6,ok,,3.07,n-62-31-9,29052208,2026-08-08T08:40:32+0200
40a7778fa40a72f1,auto-a1214efd9c98,hodr@ea88247,hodr,ea88247,lockin@90fc9f3,lockin,90fc9f3,vault,all_official,1,0,rating,a,a,1.0,core_destroyed,51,,10,200,10,11,39,0,11,3,ok,,6.445,n-62-21-63,29052208,2026-08-08T08:38:02+0200
40c35cd41236b9f5,auto-a1214efd9c98,e_t4l7@9e77076,e_t4l7,9e77076,hodr@ea88247,hodr,ea88247,nordkap,all_official,1,0,rating,a,a,1.0,titanium_collected,1000,,4710,5040,8,15,16,2470,8,20,ok,,11.396,n-62-28-34,29052208,2026-08-08T08:38:34+0200
40c9520a609da363,auto-a1214efd9c98,hodr@ea88247,hodr,ea88247,prospect_rushonly@bf9b3e3,prospect_rushonly,bf9b3e3,nordkap,all_official,1,0,rating,b,b,0.0,core_destroyed,99,,7,120,9,3,9,220,8,7,ok,,3.654,n-62-12-7,29052208,2026-08-08T08:39:11+0200
40ddb36946405b6c,auto-a1214efd9c98,hodr@ea88247,hodr,ea88247,tempest@90fc9f3,tempest,90fc9f3,pinch,all_official,1,0,rating,a,a,1.0,core_destroyed,50,,10,100,7,14,185,0,6,3,ok,,4.141,n-62-28-33,29052208,2026-08-08T08:40:40+0200
40df0a36cf78832e,auto-a1214efd9c98,steward_hardened_reinforced@366cd1b,steward_hardened_reinforced,366cd1b,hodr@ea88247,hodr,ea88247,fjordgate,all_official,1,0,rating,a,a,1.0,core_destroyed,224,,30,1060,6,25,32,10,2,3,ok,,3.848,n-62-29-17,29052208,2026-08-08T08:39:41+0200
40fb2f937308bca8,auto-a1214efd9c98,skadi@1e4eddf,skadi,1e4eddf,hodr@ea88247,hodr,ea88247,longship,all_official,1,0,rating,a,a,1.0,titanium_collected,618,,22,3020,11,24,8,2850,11,22,ok,,17.262,n-62-21-11,29052208,2026-08-08T08:39:15+0200
410ad6e6c9aad2bb,auto-a1214efd9c98,hodr@ea88247,hodr,ea88247,heimdall@daf0de0,heimdall,daf0de0,duel,all_official,1,0,rating,a,a,1.0,core_destroyed,67,,8,240,8,5,10,290,7,12,ok,,3.442,n-62-12-8,29052208,2026-08-08T08:38:03+0200
411a924f5afa2e91,auto-a1214efd9c98,spar_mender@d5b46bc,spar_mender,d5b46bc,hodr@ea88247,hodr,ea88247,fjord,all_official,1,0,rating,b,b,0.0,core_destroyed,109,,103,660,7,43,19,740,11,28,ok,,5.214,n-62-28-33,29052208,2026-08-08T08:40:12+0200
4146a5d138432bff,auto-a1214efd9c98,hodr@ea88247,hodr,ea88247,ragnarok_fair@79582fc,ragnarok_fair,79582fc,fjordgate,all_official,1,0,rating,a,a,1.0,titanium_collected,1000,,16,10,6,2,20,0,8,2,ok,,7.012,n-62-21-12,29052208,2026-08-08T08:39:11+0200
418b12671cc293e1,auto-a1214efd9c98,bastion@840a180,bastion,840a180,hodr@ea88247,hodr,ea88247,vase,all_official,1,0,rating,b,b,0.0,core_destroyed,521,,8,0,7,2,8,1260,11,9,ok,,5.92,n-62-11-64,29052208,2026-08-08T08:38:51+0200
418b784fe4b462d1,auto-a1214efd9c98,hodr@ea88247,hodr,ea88247,janus@8a1e7a1,janus,8a1e7a1,jackpot,all_official,1,0,rating,a,a,1.0,core_destroyed,422,,8,2040,12,26,1274,2070,8,18,ok,,13.42,n-62-21-4,29052208,2026-08-08T08:38:05+0200
41ab8c83479b452a,auto-a1214efd9c98,steward_hardened_reinforced@deba9ec,steward_hardened_reinforced,deba9ec,hodr@ea88247,hodr,ea88247,atoll,all_official,1,0,rating,b,b,0.0,core_destroyed,263,,7,230,8,8,8,1260,12,18,ok,,6.979,n-62-21-90,29052208,2026-08-08T08:40:29+0200
41bd3358acd58862,auto-a1214efd9c98,maporacle@38e1456,maporacle,38e1456,hodr@ea88247,hodr,ea88247,duel,all_official,1,0,rating,b,b,0.0,core_destroyed,86,,10,200,5,5,8,390,8,6,ok,,3.517,n-62-21-64,29052208,2026-08-08T08:38:54+0200
41d491a3019f92a7,auto-a1214efd9c98,jotunn@6b39ebb,jotunn,6b39ebb,hodr@ea88247,hodr,ea88247,meander,all_official,1,0,rating,b,b,0.0,core_destroyed,77,,45,110,9,17,10,0,5,3,ok,,2.84,n-62-12-65,29052208,2026-08-08T08:38:22+0200
41e2a0870e772490,auto-a1214efd9c98,gefjon@f66a427,gefjon,f66a427,hodr@ea88247,hodr,ea88247,nordkap,all_official,1,0,rating,a,a,1.0,core_destroyed,230,,8,590,7,14,8,60,7,2,ok,,4.228,n-62-31-19,29052208,2026-08-08T08:38:12+0200
421063195e510c3e,auto-a1214efd9c98,hodr@ea88247,hodr,ea88247,prospect@bf9b3e3,prospect,bf9b3e3,atoll,all_official,1,0,rating,b,b,0.0,core_destroyed,57,,9,230,8,11,9,230,7,7,ok,,3.33,n-62-31-19,29052208,2026-08-08T08:39:09+0200
4255ad645ca0c2ab,auto-a1214efd9c98,freyr@c2c0d3d,freyr,c2c0d3d,hodr@ea88247,hodr,ea88247,hive,all_official,1,0,rating,b,b,0.0,core_destroyed,82,,8,180,9,18,8,240,8,22,ok,,3.606,n-62-29-17,29052208,2026-08-08T08:38:24+0200
42619d66704b0e37,auto-a1214efd9c98,gefjon@f66a427,gefjon,f66a427,hodr@ea88247,hodr,ea88247,moonrise,all_official,1,0,rating,a,a,1.0,titanium_collected,1000,,18,100,5,14,16,30,6,12,ok,,7.202,n-62-31-19,29052208,2026-08-08T08:38:02+0200
42715c9661d8679f,auto-a1214efd9c98,hodr@ea88247,hodr,ea88247,mistral@90fc9f3,mistral,90fc9f3,vault,all_official,1,0,rating,a,a,1.0,core_destroyed,53,,8,210,9,15,60,0,8,0,ok,,5.256,n-62-11-66,29052208,2026-08-08T08:38:39+0200
428855b246417756,auto-a1214efd9c98,hodr@ea88247,hodr,ea88247,aegis@e55aab5,aegis,e55aab5,atoll,all_official,1,0,rating,a,a,1.0,core_destroyed,53,,9,210,7,24,10,210,9,17,ok,,3.734,n-62-31-5,29052208,2026-08-08T08:38:11+0200
429caf14340be604,auto-a1214efd9c98,hodr@ea88247,hodr,ea88247,steward_hardened_reinforced@366cd1b,steward_hardened_reinforced,366cd1b,fjordgate,all_official,1,0,rating,a,a,1.0,core_destroyed,164,,30,760,6,25,230,10,2,3,ok,,2.568,n-62-29-17,29052208,2026-08-08T08:39:37+0200
42a1fbbdd505bfb2,auto-a1214efd9c98,undertow@fdc1e1f,undertow,fdc1e1f,hodr@ea88247,hodr,ea88247,showdown,all_official,1,0,rating,a,a,1.0,core_destroyed,191,,92,830,7,41,1,0,7,14,ok,,3.172,n-62-11-66,29052208,2026-08-08T08:40:47+0200
42a84a8a6cfb0d26,auto-a1214efd9c98,hodr@ea88247,hodr,ea88247,pantheon_replica_day3@aa8bae0,pantheon_replica_day3,aa8bae0,longship,all_official,1,0,rating,a,a,1.0,core_destroyed,49,,7,100,8,13,6,90,8,13,ok,,3.671,n-62-31-8,29052208,2026-08-08T08:39:21+0200
42b5d6092a79ef72,auto-a1214efd9c98,jonbot_190003d@90fc9f3,jonbot_190003d,90fc9f3,hodr@ea88247,hodr,ea88247,drumlin,all_official,1,0,rating,b,b,0.0,core_destroyed,48,,321,350,5,25,20,220,7,26,ok,,3.379,n-62-21-13,29052208,2026-08-08T08:38:33+0200
42bdea4875f9e5a2,auto-a1214efd9c98,njord@f66a427,njord,f66a427,hodr@ea88247,hodr,ea88247,meander,all_official,1,0,rating,b,b,0.0,core_destroyed,361,,10,50,7,2,9,0,9,8,ok,,5.872,n-62-28-33,29052208,2026-08-08T08:38:47+0200
42c40d85fd1ba206,auto-a1214efd9c98,skadi@aad5f44,skadi,aad5f44,hodr@ea88247,hodr,ea88247,archipelago,all_official,1,0,rating,b,b,0.0,core_destroyed,188,,148,1620,14,29,29,780,9,19,ok,,6.852,n-62-11-68,29052208,2026-08-08T08:39:15+0200
42d77fe5470cd710,auto-a1214efd9c98,mimir@cfc1ec4,mimir,cfc1ec4,hodr@ea88247,hodr,ea88247,crossfire,all_official,1,0,rating,a,a,1.0,core_destroyed,390,,48,3260,22,41,8,50,2,3,ok,,8.976,n-62-31-5,29052208,2026-08-08T08:38:41+0200
4334237a7a415daa,auto-a1214efd9c98,hodr@ea88247,hodr,ea88247,njord@f66a427,njord,f66a427,hive,all_official,1,0,rating,b,b,0.0,core_destroyed,56,,18,120,9,19,17,180,8,23,ok,,3.453,n-62-28-31,29052208,2026-08-08T08:38:54+0200
4337c57c6c0caadb,auto-a1214efd9c98,steward_hardened_reinforced@deba9ec,steward_hardened_reinforced,deba9ec,hodr@ea88247,hodr,ea88247,skerry,all_official,1,0,rating,a,a,1.0,core_destroyed,75,,20,460,8,12,9,450,8,22,ok,,4.186,n-62-12-7,29052208,2026-08-08T08:39:55+0200
43552c48707044b6,auto-a1214efd9c98,mjolnir@2e6c876,mjolnir,2e6c876,hodr@ea88247,hodr,ea88247,heart,all_official,1,0,rating,b,b,0.0,core_destroyed,94,,0,170,7,18,4,170,7,11,ok,,3.695,n-62-21-92,29052208,2026-08-08T08:39:05+0200
436cdaa6085425a0,auto-a1214efd9c98,mistral@90fc9f3,mistral,90fc9f3,hodr@ea88247,hodr,ea88247,aurora,all_official,1,0,rating,b,b,0.0,core_destroyed,58,,56,0,9,0,18,200,8,23,ok,,7.893,n-62-11-67,29052208,2026-08-08T08:38:59+0200
4374a78bae215e46,auto-a1214efd9c98,steward_hardened_reinforced@366cd1b,steward_hardened_reinforced,366cd1b,hodr@ea88247,hodr,ea88247,nordkap,all_official,1,0,rating,b,b,0.0,titanium_collected,1000,,20,80,9,7,16,360,8,9,ok,,8.539,n-62-30-23,29052208,2026-08-08T08:40:24+0200
4380fadf864bccc7,auto-a1214efd9c98,prospect@bf9b3e3,prospect,bf9b3e3,hodr@ea88247,hodr,ea88247,runestone,all_official,1,0,rating,a,a,1.0,core_destroyed,139,,9,320,9,9,7,70,9,7,ok,,3.517,n-62-11-57,29052208,2026-08-08T08:39:10+0200
43873edc8e6e71a2,auto-a1214efd9c98,skadi@aad5f44,skadi,aad5f44,hodr@ea88247,hodr,ea88247,lighthouse,all_official,1,0,rating,b,b,0.0,core_destroyed,125,,8,170,7,9,20,560,7,13,ok,,2.959,n-62-11-61,29052208,2026-08-08T08:40:05+0200
438dc035c5bd6791,auto-a1214efd9c98,mjolnir@2e6c876,mjolnir,2e6c876,hodr@ea88247,hodr,ea88247,moonrise,all_official,1,0,rating,b,b,0.0,core_destroyed,99,,8,200,6,9,9,180,3,6,ok,,2.442,n-62-31-9,29052208,2026-08-08T08:39:08+0200
4392cf422c772c45,auto-a1214efd9c98,hodr@ea88247,hodr,ea88247,freyr@c2c0d3d,freyr,c2c0d3d,sprint,all_official,1,0,rating,a,a,1.0,core_destroyed,301,,9,20,6,4,10,90,7,5,ok,,4.359,n-62-31-17,29052208,2026-08-08T08:38:05+0200
43ce33fb90223048,auto-a1214efd9c98,spar_mender@7ed1acc,spar_mender,7ed1acc,hodr@ea88247,hodr,ea88247,sprint,all_official,1,0,rating,b,b,0.0,core_destroyed,145,,9,0,8,8,20,550,6,24,ok,,3.862,n-62-21-98,29052208,2026-08-08T08:40:11+0200
441b720ca2cc1870,auto-a1214efd9c98,heimdall@daf0de0,heimdall,daf0de0,hodr@ea88247,hodr,ea88247,nordkap,all_official,1,0,rating,b,b,0.0,core_destroyed,99,,3,220,8,15,14,410,9,16,ok,,3.771,n-62-12-3,29052208,2026-08-08T08:38:14+0200
442bb9edfd335667,auto-a1214efd9c98,hodr@ea88247,hodr,ea88247,steward_hardened_reinforced@04300bf,steward_hardened_reinforced,04300bf,quarry,all_official,1,0,rating,b,b,0.0,core_destroyed,989,,8,630,7,22,10,2680,9,22,ok,,8.446,n-62-29-31,29052208,2026-08-08T08:39:59+0200
446e921625926de4,auto-a1214efd9c98,ragnarok_fair@79582fc,ragnarok_fair,79582fc,hodr@ea88247,hodr,ea88247,showdown,all_official,1,0,rating,b,b,0.0,titanium_collected,1000,,16,0,7,1,16,60,6,10,ok,,6.896,n-62-21-2,29052208,2026-08-08T08:39:01+0200
448c9d002471f07b,auto-a1214efd9c98,gobbleglitch@6cdc440,gobbleglitch,6cdc440,hodr@ea88247,hodr,ea88247,runestone,all_official,1,0,rating,b,b,0.0,core_destroyed,68,,69,130,8,9,18,200,7,26,ok,,3.583,n-62-21-90,29052208,2026-08-08T08:38:15+0200
44a556a00afb53b0,auto-a1214efd9c98,hodr@ea88247,hodr,ea88247,steward_hardened_reinforced@04300bf,steward_hardened_reinforced,04300bf,atoll,all_official,1,0,rating,a,a,1.0,core_destroyed,91,,13,400,8,17,16,400,9,8,ok,,3.973,n-62-29-24,29052208,2026-08-08T08:39:29+0200
44b1d67ad864df3c,auto-a1214efd9c98,hodr@ea88247,hodr,ea88247,casemate_oracle@90fc9f3,casemate_oracle,90fc9f3,moonrise,all_official,1,0,rating,a,a,1.0,core_destroyed,69,,20,260,7,17,295,0,5,4,ok,,3.19,n-62-31-10,29052208,2026-08-08T08:38:28+0200
44e667b4af9bdad8,auto-a1214efd9c98,tempest_reinforcements@025dd51,tempest_reinforcements,025dd51,hodr@ea88247,hodr,ea88247,meander,all_official,1,0,rating,a,a,1.0,core_destroyed,405,,59,70,13,4,10,10,5,8,ok,,6.296,n-62-30-25,29052208,2026-08-08T08:40:50+0200
4505dde479800d36,auto-a1214efd9c98,hodr@ea88247,hodr,ea88247,mjolnir@2e6c876,mjolnir,2e6c876,jackpot,all_official,1,0,rating,a,a,1.0,core_destroyed,696,,29,3410,11,24,2576,2330,6,8,ok,,17.902,n-62-21-92,29052208,2026-08-08T08:39:31+0200
450666ee99af42ad,auto-a1214efd9c98,skadi@1e4eddf,skadi,1e4eddf,hodr@ea88247,hodr,ea88247,eider,all_official,1,0,rating,b,b,0.0,core_destroyed,221,,45,960,9,11,132,1470,6,46,ok,,6.606,n-62-21-3,29052208,2026-08-08T08:39:57+0200
452736a136e6fec9,auto-a1214efd9c98,hodr@ea88247,hodr,ea88247,odin@38e1456,odin,38e1456,fjordgate,all_official,1,0,rating,a,a,1.0,core_destroyed,218,,10,0,8,2,9,0,9,0,ok,,4.072,n-62-29-21,29052208,2026-08-08T08:39:03+0200
452b36caa0996767,auto-a1214efd9c98,hodr@ea88247,hodr,ea88247,freyr@c2c0d3d,freyr,c2c0d3d,crossfire,all_official,1,0,rating,a,a,1.0,core_destroyed,306,,61,2000,14,43,8,50,4,4,ok,,5.841,n-62-29-5,29052208,2026-08-08T08:37:57+0200
454f25f7a6b045ef,auto-a1214efd9c98,hodr@ea88247,hodr,ea88247,spar_mender@7ed1acc,spar_mender,7ed1acc,aurora,all_official,1,0,rating,b,b,0.0,core_destroyed,187,,417,2220,17,50,45,1280,10,45,ok,,7.112,n-62-31-9,29052208,2026-08-08T08:39:22+0200
45563176c53a3fd1,auto-a1214efd9c98,hodr@ea88247,hodr,ea88247,jonbot_190003d@90fc9f3,jonbot_190003d,90fc9f3,strait,all_official,1,0,rating,a,a,1.0,core_destroyed,58,,9,220,8,23,212,120,5,10,ok,,3.414,n-62-21-21,29052208,2026-08-08T08:37:55+0200
45848c004394f005,auto-a1214efd9c98,steward_hardened_reinforced@cdc552f,steward_hardened_reinforced,cdc552f,hodr@ea88247,hodr,ea88247,string,all_official,1,0,rating,b,b,0.0,core_destroyed,238,,81,10,2,3,30,1140,15,11,ok,,6.869,n-62-21-89,29052208,2026-08-08T08:40:03+0200
458a8491e64e89f5,auto-a1214efd9c98,jonbot@90fc9f3,jonbot,90fc9f3,hodr@ea88247,hodr,ea88247,hive,all_official,1,0,rating,b,b,0.0,core_destroyed,118,,414,270,6,15,10,490,8,28,ok,,4.231,n-62-21-11,29052208,2026-08-08T08:38:13+0200
45e803240de0ddee,auto-a1214efd9c98,gefjon@f66a427,gefjon,f66a427,hodr@ea88247,hodr,ea88247,snowflake,all_official,1,0,rating,a,a,1.0,core_destroyed,57,,47,600,9,22,7,120,8,11,ok,,3.702,n-62-11-55,29052208,2026-08-08T08:38:24+0200
45f4e019feefc88b,auto-a1214efd9c98,skadi@821d792,skadi,821d792,hodr@ea88247,hodr,ea88247,fjord,all_official,1,0,rating,b,b,0.0,core_destroyed,137,,34,1050,8,45,75,1150,11,35,ok,,5.305,n-62-21-15,29052208,2026-08-08T08:39:11+0200
460854c598f5337b,auto-a1214efd9c98,spar_mender@7ed1acc,spar_mender,7ed1acc,hodr@ea88247,hodr,ea88247,moonrise,all_official,1,0,rating,b,b,0.0,core_destroyed,281,,10,0,8,11,9,10,7,8,ok,,5.606,n-62-31-11,29052208,2026-08-08T08:40:35+0200
461d6bcb403126df,auto-a1214efd9c98,hodr@ea88247,hodr,ea88247,maporacle@38e1456,maporacle,38e1456,sprint,all_official,1,0,rating,a,a,1.0,core_destroyed,140,,20,180,6,13,20,0,6,0,ok,,3.958,n-62-21-68,29052208,2026-08-08T08:38:23+0200
461db7bd57ccdf34,auto-a1214efd9c98,odin@93e46da,odin,93e46da,hodr@ea88247,hodr,ea88247,quarry,all_official,1,0,rating,b,b,0.0,core_destroyed,150,,8,180,4,13,36,920,9,22,ok,,4.279,n-62-30-23,29052208,2026-08-08T08:38:48+0200
46438cab91f441a6,auto-a1214efd9c98,hodr@ea88247,hodr,ea88247,e_t4l7@9e77076,e_t4l7,9e77076,skerry,all_official,1,0,rating,a,a,1.0,core_destroyed,399,,10,2900,10,38,917,1980,8,24,ok,,6.03,n-62-29-13,29052208,2026-08-08T08:38:44+0200
464567380e6bb18c,auto-a1214efd9c98,jonbot_190003d@90fc9f3,jonbot_190003d,90fc9f3,hodr@ea88247,hodr,ea88247,heart,all_official,1,0,rating,b,b,0.0,core_destroyed,83,,1,90,8,17,8,210,5,16,ok,,3.216,n-62-21-15,29052208,2026-08-08T08:38:33+0200
465ac05bea2d9a54,auto-a1214efd9c98,hodr@ea88247,hodr,ea88247,prospect_rushonly@bf9b3e3,prospect_rushonly,bf9b3e3,skerry,all_official,1,0,rating,a,a,1.0,core_destroyed,79,,8,510,7,13,7,220,8,7,ok,,3.71,n-62-12-8,29052208,2026-08-08T08:39:25+0200
4661db9f1869ecc5,auto-a1214efd9c98,hodr@ea88247,hodr,ea88247,lockin@90fc9f3,lockin,90fc9f3,quarry,all_official,1,0,rating,a,a,1.0,core_destroyed,66,,20,240,8,24,195,0,10,0,ok,,6.502,n-62-21-60,29052208,2026-08-08T08:38:20+0200
468d79480974f910,auto-a1214efd9c98,hodr@ea88247,hodr,ea88247,skadi@821d792,skadi,821d792,moonrise,all_official,1,0,rating,a,a,1.0,core_destroyed,111,,9,460,5,10,4,250,6,7,ok,,2.858,n-62-21-16,29052208,2026-08-08T08:39:43+0200
469124d4941f6dc5,auto-a1214efd9c98,hodr@ea88247,hodr,ea88247,tempest@90fc9f3,tempest,90fc9f3,jackpot,all_official,1,0,rating,a,a,1.0,core_destroyed,117,,20,530,10,20,499,210,6,4,ok,,5.682,n-62-29-5,29052208,2026-08-08T08:40:29+0200
4697ebd15315faf6,auto-a1214efd9c98,hodr@ea88247,hodr,ea88247,steward_hardened_reinforced@cdc552f,steward_hardened_reinforced,cdc552f,bridge,all_official,1,0,rating,b,b,0.0,core_destroyed,261,,34,0,8,7,10,0,9,5,ok,,8.108,n-62-11-61,29052208,2026-08-08T08:40:09+0200
46d6a1c741d5e350,auto-a1214efd9c98,strategist@2a19238,strategist,2a19238,hodr@ea88247,hodr,ea88247,lighthouse,all_official,1,0,rating,b,b,0.0,core_destroyed,140,,284,630,6,19,107,1700,10,44,ok,,4.567,n-62-29-21,29052208,2026-08-08T08:40:22+0200
46d947c13d0f3b8a,auto-a1214efd9c98,steward_hardened_reinforced@a994296,steward_hardened_reinforced,a994296,hodr@ea88247,hodr,ea88247,archipelago,all_official,1,0,rating,a,a,1.0,core_destroyed,68,,19,370,9,27,10,160,8,14,ok,,4.249,n-62-31-7,29052208,2026-08-08T08:40:21+0200
4702bf3e5343c7c7,auto-a1214efd9c98,odin@38e1456,odin,38e1456,hodr@ea88247,hodr,ea88247,aurora,all_official,1,0,rating,a,a,1.0,core_destroyed,64,,30,310,8,21,18,220,7,23,ok,,3.784,n-62-29-16,29052208,2026-08-08T08:38:46+0200
47081d5659e15982,auto-a1214efd9c98,steward_hardened_reinforced@deba9ec,steward_hardened_reinforced,deba9ec,hodr@ea88247,hodr,ea88247,string,all_official,1,0,rating,b,b,0.0,core_destroyed,253,,69,0,4,1,10,790,10,6,ok,,5.593,n-62-12-7,29052208,2026-08-08T08:40:38+0200
47343224626247b4,auto-a1214efd9c98,hodr@ea88247,hodr,ea88247,skadi@1e4eddf,skadi,1e4eddf,bridge,all_official,1,0,rating,b,b,0.0,titanium_collected,1000,,20,0,9,16,2671,2410,5,15,ok,,17.969,n-62-21-9,29052208,2026-08-08T08:40:01+0200
47447be17a956a03,auto-a1214efd9c98,skadi@1e4eddf,skadi,1e4eddf,hodr@ea88247,hodr,ea88247,aurora,all_official,1,0,rating,b,b,0.0,core_destroyed,74,,40,470,8,35,19,280,8,24,ok,,4.255,n-62-21-9,29052208,2026-08-08T08:39:43+0200
475f00174443d145,auto-a1214efd9c98,maporacle@38e1456,maporacle,38e1456,hodr@ea88247,hodr,ea88247,snowflake,all_official,1,0,rating,a,a,1.0,core_destroyed,75,,19,530,10,18,0,160,8,10,ok,,4.639,n-62-21-68,29052208,2026-08-08T08:38:19+0200
47671d3786fbdb8a,auto-a1214efd9c98,steward_hardened_reinforced@f61245f,steward_hardened_reinforced,f61245f,hodr@ea88247,hodr,ea88247,heart,all_official,1,0,rating,b,b,0.0,titanium_collected,1000,,16,0,8,4,17,60,6,10,ok,,9.008,n-62-28-28,29052208,2026-08-08T08:40:36+0200
47770623d5e498ef,auto-a1214efd9c98,hodr@ea88247,hodr,ea88247,prospect_rushonly@bf9b3e3,prospect_rushonly,bf9b3e3,aurora,all_official,1,0,rating,b,b,0.0,core_destroyed,67,,54,340,7,28,17,260,11,11,ok,,4.074,n-62-21-90,29052208,2026-08-08T08:39:05+0200
47c5677c4408af44,auto-a1214efd9c98,prospect_rushonly@bf9b3e3,prospect_rushonly,bf9b3e3,hodr@ea88247,hodr,ea88247,lighthouse,all_official,1,0,rating,b,b,0.0,core_destroyed,60,,14,80,7,11,19,320,8,11,ok,,3.122,n-62-12-5,29052208,2026-08-08T08:39:24+0200
4803b85fca258c2a,auto-a1214efd9c98,hodr@ea88247,hodr,ea88247,jotunn@6b39ebb,jotunn,6b39ebb,lighthouse,all_official,1,0,rating,a,a,1.0,core_destroyed,118,,198,1270,9,36,36,410,8,17,ok,,4.255,n-62-12-65,29052208,2026-08-08T08:37:55+0200
4813b0017665e0d5,auto-a1214efd9c98,janus@8a1e7a1,janus,8a1e7a1,hodr@ea88247,hodr,ea88247,archipelago,all_official,1,0,rating,a,a,1.0,core_destroyed,60,,19,310,8,18,19,130,7,13,ok,,4.368,n-62-21-1,29052208,2026-08-08T08:38:35+0200
485147f764297431,auto-a1214efd9c98,hodr@ea88247,hodr,ea88247,freyr@c2c0d3d,freyr,c2c0d3d,heart,all_official,1,0,rating,a,a,1.0,titanium_stored,1000,,17,0,8,1,16,0,6,1,ok,,9.79,n-62-29-17,29052208,2026-08-08T08:38:08+0200
4857708aa4f15ca9,auto-a1214efd9c98,hodr@ea88247,hodr,ea88247,e_t4l7@9e77076,e_t4l7,9e77076,meander,all_official,1,0,rating,a,a,1.0,core_destroyed,77,,18,260,6,23,46,110,6,15,ok,,3.402,n-62-28-34,29052208,2026-08-08T08:37:54+0200
487318e44130d0c8,auto-a1214efd9c98,hodr@ea88247,hodr,ea88247,maporacle@38e1456,maporacle,38e1456,vase,all_official,1,0,rating,a,a,1.0,core_destroyed,107,,50,230,5,10,215,230,4,6,ok,,3.837,n-62-21-71,29052208,2026-08-08T08:38:43+0200
48a97e61c79b6769,auto-a1214efd9c98,casemate_oracle@90fc9f3,casemate_oracle,90fc9f3,hodr@ea88247,hodr,ea88247,nordkap,all_official,1,0,rating,b,b,0.0,core_destroyed,45,,2,0,6,22,8,90,7,5,ok,,3.179,n-62-31-10,29052208,2026-08-08T08:38:47+0200
48b1451c0d9a9b1f,auto-a1214efd9c98,odin@38e1456,odin,38e1456,hodr@ea88247,hodr,ea88247,skerry,all_official,1,0,rating,b,b,0.0,core_destroyed,69,,10,310,10,12,19,480,10,25,ok,,4.085,n-62-29-31,29052208,2026-08-08T08:38:54+0200
48bb92aa5b893dee,auto-a1214efd9c98,steward_hardened_reinforced@deba9ec,steward_hardened_reinforced,deba9ec,hodr@ea88247,hodr,ea88247,strait,all_official,1,0,rating,b,b,0.0,core_destroyed,238,,10,60,5,9,10,570,8,13,ok,,5.031,n-62-12-7,29052208,2026-08-08T08:40:23+0200
48d783862617a145,auto-a1214efd9c98,hodr@ea88247,hodr,ea88247,jonbot_190003d@90fc9f3,jonbot_190003d,90fc9f3,vase,all_official,1,0,rating,a,a,1.0,core_destroyed,99,,19,210,10,11,369,10,4,6,ok,,3.376,n-62-21-21,29052208,2026-08-08T08:38:36+0200
48e20f1ed24e08f7,auto-a1214efd9c98,steward_relent@7ed1acc,steward_relent,7ed1acc,hodr@ea88247,hodr,ea88247,sprint,all_official,1,0,rating,a,a,1.0,core_destroyed,401,,4,20,6,6,10,90,7,1,ok,,3.958,n-62-11-62,29052208,2026-08-08T08:40:50+0200
492837cd63e54c7e,auto-a1214efd9c98,spar_mender@d5b46bc,spar_mender,d5b46bc,hodr@ea88247,hodr,ea88247,lighthouse,all_official,1,0,rating,b,b,0.0,core_destroyed,109,,8,250,8,7,8,480,7,11,ok,,3.187,n-62-28-34,29052208,2026-08-08T08:40:39+0200
493cd5c5d611207a,auto-a1214efd9c98,hodr@ea88247,hodr,ea88247,skadi@1e4eddf,skadi,1e4eddf,moonrise,all_official,1,0,rating,a,a,1.0,core_destroyed,111,,9,460,5,10,4,250,6,7,ok,,2.799,n-62-21-11,29052208,2026-08-08T08:39:28+0200
495a677e9caca7e2,auto-a1214efd9c98,hodr@ea88247,hodr,ea88247,steward_relent@7ed1acc,steward_relent,7ed1acc,duel,all_official,1,0,rating,a,a,1.0,core_destroyed,59,,9,250,8,7,170,250,6,6,ok,,2.883,n-62-29-13,29052208,2026-08-08T08:40:09+0200
495afb40c9ea89fb,auto-a1214efd9c98,hodr@ea88247,hodr,ea88247,prospect@bf9b3e3,prospect,bf9b3e3,skerry,all_official,1,0,rating,a,a,1.0,core_destroyed,79,,8,510,7,13,7,220,8,7,ok,,3.679,n-62-11-51,29052208,2026-08-08T08:38:48+0200
495ee65a4c3ad2da,auto-a1214efd9c98,hodr@ea88247,hodr,ea88247,casemate_oracle@90fc9f3,casemate_oracle,90fc9f3,heart,all_official,1,0,rating,a,a,1.0,core_destroyed,111,,26,220,8,9,125,0,3,18,ok,,3.282,n-62-31-9,29052208,2026-08-08T08:38:10+0200
4985da31112f56d8,auto-a1214efd9c98,hodr@ea88247,hodr,ea88247,skadi@821d792,skadi,821d792,saga,all_official,1,0,rating,b,b,0.0,core_destroyed,127,,119,490,6,29,29,1260,13,39,ok,,5.441,n-62-31-24,29052208,2026-08-08T08:39:37+0200
4987e29521d98041,auto-a1214efd9c98,hodr@ea88247,hodr,ea88247,aegis@e55aab5,aegis,e55aab5,strait,all_official,1,0,rating,a,a,1.0,core_destroyed,138,,8,380,5,15,22,450,9,14,ok,,4.118,n-62-31-24,29052208,2026-08-08T08:38:11+0200
498d5d13436b472c,auto-a1214efd9c98,hodr@ea88247,hodr,ea88247,prospect_rushonly@bf9b3e3,prospect_rushonly,bf9b3e3,snowflake,all_official,1,0,rating,a,a,1.0,core_destroyed,53,,18,340,8,18,39,180,6,12,ok,,3.378,n-62-12-8,29052208,2026-08-08T08:39:33+0200
499cccd0cdd5b30f,auto-a1214efd9c98,hodr@ea88247,hodr,ea88247,mistral@90fc9f3,mistral,90fc9f3,hive,all_official,1,0,rating,a,a,1.0,core_destroyed,65,,9,140,8,22,58,0,8,0,ok,,7.698,n-62-11-68,29052208,2026-08-08T08:38:39+0200
49b65ea4debe60a6,auto-a1214efd9c98,hodr@ea88247,hodr,ea88247,mistral@90fc9f3,mistral,90fc9f3,vase,all_official,1,0,rating,a,a,1.0,core_destroyed,83,,10,0,9,6,424,0,4,0,ok,,3.345,n-62-11-64,29052208,2026-08-08T08:39:16+0200
49da45a2b2ceb13d,auto-a1214efd9c98,hodr@ea88247,hodr,ea88247,tempest@90fc9f3,tempest,90fc9f3,eider,all_official,1,0,rating,a,a,1.0,core_destroyed,104,,48,350,7,12,43,160,10,2,ok,,6.165,n-62-28-28,29052208,2026-08-08T08:40:30+0200
49dcbb784e07b825,auto-a1214efd9c98,hodr@ea88247,hodr,ea88247,prospect_rushonly@bf9b3e3,prospect_rushonly,bf9b3e3,archipelago,all_official,1,0,rating,a,a,1.0,core_destroyed,52,,18,200,8,10,10,0,9,9,ok,,3.589,n-62-21-90,29052208,2026-08-08T08:38:49+0200
49e30a2d78b04381,auto-a1214efd9c98,hodr@ea88247,hodr,ea88247,gobbleglitch@6cdc440,gobbleglitch,6cdc440,nordkap,all_official,1,0,rating,a,a,1.0,core_destroyed,102,,8,230,9,8,58,0,8,7,ok,,3.471,n-62-21-89,29052208,2026-08-08T08:38:24+0200
49fede3e7a6fd05b,auto-a1214efd9c98,hodr@ea88247,hodr,ea88247,steward_hardened_reinforced@f1f2bda,steward_hardened_reinforced,f1f2bda,fjordgate,all_official,1,0,rating,a,a,1.0,core_destroyed,164,,30,760,6,25,230,10,2,3,ok,,3.084,n-62-31-11,29052208,2026-08-08T08:40:26+0200
4a04c790275e90ff,auto-a1214efd9c98,prospect@bf9b3e3,prospect,bf9b3e3,hodr@ea88247,hodr,ea88247,vase,all_official,1,0,rating,b,b,0.0,core_destroyed,111,,4,0,8,1,12,240,7,6,ok,,3.533,n-62-21-89,29052208,2026-08-08T08:39:27+0200
4a213fc27673fc6a,auto-a1214efd9c98,hodr@ea88247,hodr,ea88247,gobbleglitch@6cdc440,gobbleglitch,6cdc440,moonrise,all_official,1,0,rating,a,a,1.0,core_destroyed,236,,20,1020,13,21,85,0,1,1,ok,,5.159,n-62-21-89,29052208,2026-08-08T08:38:17+0200
4a4ea5f432573743,auto-a1214efd9c98,e_t4l7@9e77076,e_t4l7,9e77076,hodr@ea88247,hodr,ea88247,showdown,all_official,1,0,rating,b,b,0.0,core_destroyed,870,,2158,2060,5,18,10,2010,7,26,ok,,5.674,n-62-29-13,29052208,2026-08-08T08:38:37+0200
4a551797e76c43b5,auto-a1214efd9c98,hodr@ea88247,hodr,ea88247,fenrir2@6b39ebb,fenrir2,6b39ebb,sweden,all_official,1,0,rating,b,b,0.0,core_destroyed,173,,10,320,11,17,520,1340,9,30,ok,,6.223,n-62-29-27,29052208,2026-08-08T08:38:19+0200
4a55b1b5bd42a552,auto-a1214efd9c98,odin@38e1456,odin,38e1456,hodr@ea88247,hodr,ea88247,string,all_official,1,0,rating,b,b,0.0,core_destroyed,723,,1702,1640,1,5,10,1800,21,4,ok,,18.614,n-62-29-33,29052208,2026-08-08T08:39:01+0200
4a5b6bf578b23af8,auto-a1214efd9c98,odin@93e46da,odin,93e46da,hodr@ea88247,hodr,ea88247,drumlin,all_official,1,0,rating,b,b,0.0,core_destroyed,94,,8,90,8,14,70,800,9,22,ok,,3.704,n-62-29-34,29052208,2026-08-08T08:38:58+0200
4a5fa1279cea5a77,auto-a1214efd9c98,hodr@ea88247,hodr,ea88247,njord@f66a427,njord,f66a427,pinch,all_official,1,0,rating,a,a,1.0,core_destroyed,201,,8,480,8,8,9,480,7,6,ok,,3.984,n-62-28-33,29052208,2026-08-08T08:39:22+0200
4a60d9818c0f9776,auto-a1214efd9c98,hodr@ea88247,hodr,ea88247,spar_mender@7ed1acc,spar_mender,7ed1acc,vase,all_official,1,0,rating,b,b,0.0,titanium_collected,1000,,143,190,10,6,109,320,10,8,ok,,18.653,n-62-28-28,29052208,2026-08-08T08:40:44+0200
4a69b919c0553904,auto-a1214efd9c98,undertow_oracle@fdc1e1f,undertow_oracle,fdc1e1f,hodr@ea88247,hodr,ea88247,antler,all_official,1,0,rating,a,a,1.0,core_destroyed,477,,58,1240,9,6,9,1330,8,6,ok,,5.813,n-62-11-64,29052208,2026-08-08T08:40:50+0200
4a76ebb967c744c5,auto-a1214efd9c98,undertow@fdc1e1f,undertow,fdc1e1f,hodr@ea88247,hodr,ea88247,eider,all_official,1,0,rating,b,b,0.0,core_destroyed,104,,63,450,9,9,19,460,7,17,ok,,4.338,n-62-11-51,29052208,2026-08-08T08:40:47+0200
4a83aa8d460162df,auto-a1214efd9c98,hodr@ea88247,hodr,ea88247,mjolnir@2e6c876,mjolnir,2e6c876,lighthouse,all_official,1,0,rating,b,b,0.0,core_destroyed,151,,162,1560,12,22,34,1230,4,21,ok,,6.441,n-62-31-9,29052208,2026-08-08T08:38:41+0200
4aba25da5531b94d,auto-a1214efd9c98,e_t4l7@9e77076,e_t4l7,9e77076,hodr@ea88247,hodr,ea88247,sweden,all_official,1,0,rating,b,b,0.0,core_destroyed,333,,26,610,6,50,30,790,10,15,ok,,8.359,n-62-29-15,29052208,2026-08-08T08:38:46+0200
4ac1b4100ebf32d3,auto-a1214efd9c98,hodr@ea88247,hodr,ea88247,casemate_oracle@90fc9f3,casemate_oracle,90fc9f3,sweden,all_official,1,0,rating,a,a,1.0,core_destroyed,109,,20,180,7,22,292,0,4,27,ok,,5.79,n-62-21-98,29052208,2026-08-08T08:37:57+0200
4ac85a9738cfe6e5,auto-a1214efd9c98,casemate_oracle@90fc9f3,casemate_oracle,90fc9f3,hodr@ea88247,hodr,ea88247,sweden,all_official,1,0,rating,b,b,0.0,core_destroyed,309,,547,0,2,11,10,730,9,17,ok,,9.424,n-62-21-98,29052208,2026-08-08T08:38:07+0200
4ad99cfdad0e8873,auto-a1214efd9c98,mimir@cfc1ec4,mimir,cfc1ec4,hodr@ea88247,hodr,ea88247,longship,all_official,1,0,rating,a,a,1.0,core_destroyed,62,,8,200,8,16,8,210,7,22,ok,,2.934,n-62-31-21,29052208,2026-08-08T08:38:36+0200
4aea214fdb3c248e,auto-a1214efd9c98,mjolnir@2e6c876,mjolnir,2e6c876,hodr@ea88247,hodr,ea88247,bridge,all_official,1,0,rating,b,b,0.0,core_destroyed,537,,37,3150,8,13,10,0,11,5,ok,,8.339,n-62-11-63,29052208,2026-08-08T08:39:11+0200
4af136375a11e2ee,auto-a1214efd9c98,hodr@ea88247,hodr,ea88247,steward_hardened_reinforced@deba9ec,steward_hardened_reinforced,deba9ec,strait,all_official,1,0,rating,a,a,1.0,core_destroyed,114,,10,450,8,13,10,60,5,9,ok,,4.078,n-62-12-7,29052208,2026-08-08T08:40:18+0200
4b15627341a8c1a8,auto-a1214efd9c98,hodr@ea88247,hodr,ea88247,steward_hardened_reinforced@04300bf,steward_hardened_reinforced,04300bf,skerry,all_official,1,0,rating,a,a,1.0,core_destroyed,110,,70,750,9,14,6,320,6,16,ok,,3.728,n-62-29-27,29052208,2026-08-08T08:39:48+0200
4b1f9c440373eeed,auto-a1214efd9c98,hodr@ea88247,hodr,ea88247,njord@f66a427,njord,f66a427,eider,all_official,1,0,rating,a,a,1.0,core_destroyed,160,,63,1060,10,16,69,1410,9,27,ok,,8.02,n-62-28-28,29052208,2026-08-08T08:38:58+0200
4b23e6f0a4b69120,auto-a1214efd9c98,hodr@ea88247,hodr,ea88247,njord@f66a427,njord,f66a427,lighthouse,all_official,1,0,rating,a,a,1.0,core_destroyed,397,,9,440,8,8,10,230,7,9,ok,,4.587,n-62-28-31,29052208,2026-08-08T08:40:49+0200
4b243edbd81ad543,auto-a1214efd9c98,hodr@ea88247,hodr,ea88247,steward_relent@7ed1acc,steward_relent,7ed1acc,quarry,all_official,1,0,rating,b,b,0.0,core_destroyed,989,,8,630,7,22,10,2680,9,22,ok,,7.347,n-62-11-61,29052208,2026-08-08T08:40:48+0200
4b24778905aeb423,auto-a1214efd9c98,hodr@ea88247,hodr,ea88247,jotunn@6b39ebb,jotunn,6b39ebb,jackpot,all_official,1,0,rating,b,b,0.0,titanium_stored,1000,,213,4930,23,20,2252,4930,9,18,ok,,27.134,n-62-13-7,29052208,2026-08-08T08:39:05+0200
4b2be3cc41f663ab,auto-a1214efd9c98,hodr@ea88247,hodr,ea88247,steward_reinforced@a8dc58a,steward_reinforced,a8dc58a,showdown,all_official,1,0,rating,a,a,1.0,core_destroyed,92,,19,180,7,9,20,0,7,4,ok,,3.669,n-62-31-22,29052208,2026-08-08T08:40:43+0200
4b2d8b866a0ec9d5,auto-a1214efd9c98,hodr@ea88247,hodr,ea88247,mjolnir@2e6c876,mjolnir,2e6c876,hive,all_official,1,0,rating,a,a,1.0,core_destroyed,129,,10,300,8,32,12,190,7,34,ok,,4.636,n-62-21-92,29052208,2026-08-08T08:39:09+0200
4b36713eda6417ba,auto-a1214efd9c98,odin@93e46da,odin,93e46da,hodr@ea88247,hodr,ea88247,heart,all_official,1,0,rating,a,a,1.0,core_destroyed,285,,9,0,9,11,10,90,7,6,ok,,4.965,n-62-29-5,29052208,2026-08-08T08:38:57+0200
4b3acbb11985826c,auto-a1214efd9c98,gefjon@f66a427,gefjon,f66a427,hodr@ea88247,hodr,ea88247,meander,all_official,1,0,rating,a,a,1.0,core_destroyed,95,,11,530,8,17,1,20,7,13,ok,,3.873,n-62-31-20,29052208,2026-08-08T08:38:53+0200
4b4439e09e9af5f6,auto-a1214efd9c98,hodr@ea88247,hodr,ea88247,mistral@90fc9f3,mistral,90fc9f3,twins,all_official,1,0,rating,a,a,1.0,core_destroyed,73,,8,160,9,7,60,0,8,0,ok,,4.935,n-62-11-64,29052208,2026-08-08T08:39:09+0200
4b4ca593cabd47d5,auto-a1214efd9c98,steward_hardened_reinforced@f61245f,steward_hardened_reinforced,f61245f,hodr@ea88247,hodr,ea88247,antler,all_official,1,0,rating,b,b,0.0,core_destroyed,56,,20,290,6,13,18,230,7,14,ok,,3.619,n-62-31-14,29052208,2026-08-08T08:40:20+0200
4b5bce4e6b193725,auto-a1214efd9c98,hodr@ea88247,hodr,ea88247,ragnarok_fair@79582fc,ragnarok_fair,79582fc,antler,all_official,1,0,rating,a,a,1.0,core_destroyed,164,,16,480,5,9,18,770,8,6,ok,,3.264,n-62-12-6,29052208,2026-08-08T08:39:07+0200
4b6a1e8ca7e812fc,auto-a1214efd9c98,hodr@ea88247,hodr,ea88247,janus@8a1e7a1,janus,8a1e7a1,drumlin,all_official,1,0,rating,a,a,1.0,core_destroyed,54,,18,200,7,17,3,250,10,16,ok,,3.58,n-62-21-12,29052208,2026-08-08T08:38:32+0200
4b87050fc761bf4f,auto-a1214efd9c98,hodr@ea88247,hodr,ea88247,skadi@6a2af02,skadi,6a2af02,fjordgate,all_official,1,0,rating,b,b,0.0,core_destroyed,287,,7,0,6,1,9,480,6,20,ok,,4.078,n-62-21-8,29052208,2026-08-08T08:39:31+0200
4b99f5906922be7c,auto-a1214efd9c98,e_t4l7@9e77076,e_t4l7,9e77076,hodr@ea88247,hodr,ea88247,twins,all_official,1,0,rating,b,b,0.0,core_destroyed,406,,1935,1980,1,11,6,980,8,17,ok,,5.479,n-62-29-15,29052208,2026-08-08T08:38:59+0200
4bed0a2db370c4c3,auto-a1214efd9c98,hodr@ea88247,hodr,ea88247,spar_mender@d5b46bc,spar_mender,d5b46bc,bridge,all_official,1,0,rating,b,b,0.0,core_destroyed,266,,67,0,8,7,10,0,7,5,ok,,7.379,n-62-28-31,29052208,2026-08-08T08:40:06+0200
4c08c2096e07df87,auto-a1214efd9c98,mimir@cfc1ec4,mimir,cfc1ec4,hodr@ea88247,hodr,ea88247,fjordgate,all_official,1,0,rating,a,a,1.0,core_destroyed,224,,30,1060,6,25,32,10,2,3,ok,,4.035,n-62-31-4,29052208,2026-08-08T08:38:38+0200
4c7a7039d0305efe,auto-a1214efd9c98,hodr@ea88247,hodr,ea88247,spar_mender@7ed1acc,spar_mender,7ed1acc,runestone,all_official,1,0,rating,b,b,0.0,core_destroyed,207,,7,580,5,27,10,1400,11,37,ok,,6.042,n-62-21-97,29052208,2026-08-08T08:40:07+0200
4c7da94485272d6e,auto-a1214efd9c98,hodr@ea88247,hodr,ea88247,undertow@fdc1e1f,undertow,fdc1e1f,eider,all_official,1,0,rating,a,a,1.0,core_destroyed,61,,10,240,7,11,57,240,10,9,ok,,3.956,n-62-11-51,29052208,2026-08-08T08:40:42+0200
4c9362e0db5edd1a,auto-a1214efd9c98,hodr@ea88247,hodr,ea88247,undertow_oracle@fdc1e1f,undertow_oracle,fdc1e1f,crossfire,all_official,1,0,rating,a,a,1.0,core_destroyed,117,,10,530,8,14,112,270,5,5,ok,,4.979,n-62-21-92,29052208,2026-08-08T08:40:48+0200
4cbe15b5943d6cd7,auto-a1214efd9c98,steward_hardened_reinforced@f1f2bda,steward_hardened_reinforced,f1f2bda,hodr@ea88247,hodr,ea88247,showdown,all_official,1,0,rating,a,a,1.0,core_destroyed,757,,9,170,6,8,10,800,6,6,ok,,5.474,n-62-12-4,29052208,2026-08-08T08:40:19+0200
4d1556f00f522647,auto-a1214efd9c98,skadi@1e4eddf,skadi,1e4eddf,hodr@ea88247,hodr,ea88247,drumlin,all_official,1,0,rating,b,b,0.0,core_destroyed,67,,14,380,9,25,19,480,8,29,ok,,4.17,n-62-21-3,29052208,2026-08-08T08:39:33+0200
4d38ba66cfe41974,auto-a1214efd9c98,odin@93e46da,odin,93e46da,hodr@ea88247,hodr,ea88247,fjordgate,all_official,1,0,rating,b,b,0.0,core_destroyed,446,,35,0,5,0,10,30,7,1,ok,,5.673,n-62-29-5,29052208,2026-08-08T08:38:48+0200
4d5812a96ecfc759,auto-a1214efd9c98,hodr@ea88247,hodr,ea88247,skadi@6a2af02,skadi,6a2af02,vase,all_official,1,0,rating,b,b,0.0,titanium_collected,1000,,20,90,7,8,2541,2460,7,7,ok,,10.315,n-62-31-21,29052208,2026-08-08T08:40:17+0200
4d5d2b264d58d108,auto-a1214efd9c98,steward_reinforced@a8dc58a,steward_reinforced,a8dc58a,hodr@ea88247,hodr,ea88247,archipelago,all_official,1,0,rating,b,b,0.0,core_destroyed,79,,10,470,10,25,6,220,8,15,ok,,5.249,n-62-29-16,29052208,2026-08-08T08:40:18+0200
4d6c5cbc0434ee28,auto-a1214efd9c98,hodr@ea88247,hodr,ea88247,steward_hardened_reinforced@672ee02,steward_hardened_reinforced,672ee02,longship,all_official,1,0,rating,a,a,1.0,core_destroyed,90,,8,340,8,16,8,200,8,20,ok,,3.697,n-62-31-4,29052208,2026-08-08T08:40:21+0200
4d9a0932c86482d0,auto-a1214efd9c98,odin@38e1456,odin,38e1456,hodr@ea88247,hodr,ea88247,fjord,all_official,1,0,rating,a,a,1.0,core_destroyed,87,,20,580,10,38,219,650,10,35,ok,,4.2,n-62-29-21,29052208,2026-08-08T08:38:58+0200
4db90ebd08f3053d,auto-a1214efd9c98,bastion@840a180,bastion,840a180,hodr@ea88247,hodr,ea88247,sweden,all_official,1,0,rating,b,b,0.0,core_destroyed,346,,10,60,5,15,10,760,10,14,ok,,9.7,n-62-11-64,29052208,2026-08-08T08:38:32+0200
4dc3e082167c0df4,auto-a1214efd9c98,hodr@ea88247,hodr,ea88247,spar_mender@d5b46bc,spar_mender,d5b46bc,quarry,all_official,1,0,rating,a,a,1.0,core_destroyed,91,,28,630,9,31,30,350,7,13,ok,,4.146,n-62-29-15,29052208,2026-08-08T08:39:28+0200
4dde73a967ac6f8f,auto-a1214efd9c98,hodr@ea88247,hodr,ea88247,steward_hardened_reinforced@672ee02,steward_hardened_reinforced,672ee02,sprint,all_official,1,0,rating,a,a,1.0,core_destroyed,173,,19,410,7,8,9,120,6,5,ok,,3.608,n-62-31-22,29052208,2026-08-08T08:39:34+0200
4e0f5cfb2ad37fd7,auto-a1214efd9c98,skadi@821d792,skadi,821d792,hodr@ea88247,hodr,ea88247,snowflake,all_official,1,0,rating,a,a,1.0,core_destroyed,159,,33,1370,12,34,24,370,7,22,ok,,6.986,n-62-11-67,29052208,2026-08-08T08:39:34+0200
4e165a524555eaff,auto-a1214efd9c98,hodr@ea88247,hodr,ea88247,steward_hardened_reinforced@c04e46e,steward_hardened_reinforced,c04e46e,snowflake,all_official,1,0,rating,a,a,1.0,core_destroyed,72,,76,630,8,22,10,150,8,11,ok,,3.501,n-62-11-62,29052208,2026-08-08T08:39:41+0200
4e19aa4da190d381,auto-a1214efd9c98,hodr@ea88247,hodr,ea88247,spar_mender@7ed1acc,spar_mender,7ed1acc,meander,all_official,1,0,rating,a,a,1.0,core_destroyed,70,,10,130,8,12,35,0,7,9,ok,,3.565,n-62-31-11,29052208,2026-08-08T08:40:15+0200
4e2f436b26d03541,auto-a1214efd9c98,hodr@ea88247,hodr,ea88247,gobbleglitch@6cdc440,gobbleglitch,6cdc440,bridge,all_official,1,0,rating,a,a,1.0,titanium_collected,1000,,18,2380,11,13,103,0,8,6,ok,,10.274,n-62-11-57,29052208,2026-08-08T08:38:01+0200
4e3e89755adddb29,auto-a1214efd9c98,tempest@90fc9f3,tempest,90fc9f3,hodr@ea88247,hodr,ea88247,eider,all_official,1,0,rating,b,b,0.0,core_destroyed,57,,59,120,8,5,8,220,7,11,ok,,4.724,n-62-28-28,29052208,2026-08-08T08:40:35+0200
4e6a1231463a3beb,auto-a1214efd9c98,odin@38e1456,odin,38e1456,hodr@ea88247,hodr,ea88247,runestone,all_official,1,0,rating,a,a,1.0,titanium_collected,1000,,20,2370,8,31,12,160,8,21,ok,,7.998,n-62-29-9,29052208,2026-08-08T08:39:21+0200
4e6d35cc8ee0db09,auto-a1214efd9c98,hodr@ea88247,hodr,ea88247,skadi@1e4eddf,skadi,1e4eddf,meander,all_official,1,0,rating,b,b,0.0,core_destroyed,176,,16,0,6,6,19,360,6,12,ok,,3.314,n-62-21-11,29052208,2026-08-08T08:39:18+0200
4e8ae4c879b56ae8,auto-a1214efd9c98,hodr@ea88247,hodr,ea88247,spar_mender@d5b46bc,spar_mender,d5b46bc,vase,all_official,1,0,rating,b,b,0.0,core_destroyed,121,,37,230,8,8,33,260,7,15,ok,,4.217,n-62-29-21,29052208,2026-08-08T08:39:36+0200
4f206a968205de64,auto-a1214efd9c98,hodr@ea88247,hodr,ea88247,bastion@840a180,bastion,840a180,runestone,all_official,1,0,rating,a,a,1.0,core_destroyed,173,,10,400,8,17,9,110,8,7,ok,,3.974,n-62-11-61,29052208,2026-08-08T08:38:30+0200
4f26bd79895769b5,auto-a1214efd9c98,hodr@ea88247,hodr,ea88247,e_t4l7@9e77076,e_t4l7,9e77076,saga,all_official,1,0,rating,a,a,1.0,core_destroyed,429,,123,5370,25,39,4,1210,9,34,ok,,21.688,n-62-29-13,29052208,2026-08-08T08:38:24+0200
4f26c124038f227b,auto-a1214efd9c98,steward_hardened_reinforced@04300bf,steward_hardened_reinforced,04300bf,hodr@ea88247,hodr,ea88247,crossfire,all_official,1,0,rating,a,a,1.0,core_destroyed,293,,39,1570,12,27,9,50,3,3,ok,,4.909,n-62-29-24,29052208,2026-08-08T08:40:19+0200
4f3fbe574cfa374a,auto-a1214efd9c98,strategist@2e6eca5,strategist,2e6eca5,hodr@ea88247,hodr,ea88247,drumlin,all_official,1,0,rating,b,b,0.0,core_destroyed,426,,1875,3080,15,30,10,3060,7,45,ok,,7.188,n-62-31-11,29052208,2026-08-08T08:40:30+0200
4f42d09e4185fb09,auto-a1214efd9c98,skadi@6a2af02,skadi,6a2af02,hodr@ea88247,hodr,ea88247,crossfire,all_official,1,0,rating,b,b,0.0,core_destroyed,163,,94,760,9,14,10,760,10,25,ok,,5.105,n-62-21-23,29052208,2026-08-08T08:40:11+0200
4f67fd28cb3be7fb,auto-a1214efd9c98,maporacle@38e1456,maporacle,38e1456,hodr@ea88247,hodr,ea88247,vase,all_official,1,0,rating,b,b,0.0,core_destroyed,253,,10,120,2,0,9,590,10,7,ok,,5.054,n-62-21-71,29052208,2026-08-08T08:38:48+0200
4f6fb83d3005a11c,auto-a1214efd9c98,steward_hardened_reinforced@672ee02,steward_hardened_reinforced,672ee02,hodr@ea88247,hodr,ea88247,saga,all_official,1,0,rating,b,b,0.0,core_destroyed,79,,9,260,8,29,8,360,8,23,ok,,4.433,n-62-31-23,29052208,2026-08-08T08:39:54+0200
4f87476ebc187c13,auto-a1214efd9c98,mistral@90fc9f3,mistral,90fc9f3,hodr@ea88247,hodr,ea88247,longship,all_official,1,0,rating,b,b,0.0,core_destroyed,65,,60,0,6,0,18,140,8,20,ok,,5.714,n-62-11-68,29052208,2026-08-08T08:39:21+0200
4f8f94f11850a93e,auto-a1214efd9c98,hodr@ea88247,hodr,ea88247,prospect_rushonly@bf9b3e3,prospect_rushonly,bf9b3e3,drumlin,all_official,1,0,rating,a,a,1.0,core_destroyed,54,,18,200,7,17,3,250,10,16,ok,,3.226,n-62-12-1,29052208,2026-08-08T08:38:49+0200
4f90178a8692ce65,auto-a1214efd9c98,hodr@ea88247,hodr,ea88247,bastion@840a180,bastion,840a180,antler,all_official,1,0,rating,a,a,1.0,core_destroyed,140,,47,930,5,23,20,650,5,8,ok,,4.732,n-62-11-67,29052208,2026-08-08T08:38:28+0200
4fa102f9186ab457,auto-a1214efd9c98,hodr@ea88247,hodr,ea88247,jonbot@90fc9f3,jonbot,90fc9f3,drumlin,all_official,1,0,rating,a,a,1.0,core_destroyed,75,,20,650,8,39,299,170,4,24,ok,,4.001,n-62-21-5,29052208,2026-08-08T08:38:16+0200
4fbcbf8694a965bd,auto-a1214efd9c98,hodr@ea88247,hodr,ea88247,e_t4l7@9e77076,e_t4l7,9e77076,pinch,all_official,1,0,rating,b,b,0.0,titanium_collected,1000,,18,2480,8,14,6768,7340,10,28,ok,,10.518,n-62-28-34,29052208,2026-08-08T08:38:44+0200
5022a7ca4981e857,auto-a1214efd9c98,skadi@aad5f44,skadi,aad5f44,hodr@ea88247,hodr,ea88247,crossfire,all_official,1,0,rating,b,b,0.0,core_destroyed,163,,94,760,9,14,10,760,10,25,ok,,5.126,n-62-11-68,29052208,2026-08-08T08:40:42+0200
5037b3032049de55,auto-a1214efd9c98,hodr@ea88247,hodr,ea88247,jonbot@90fc9f3,jonbot,90fc9f3,string,all_official,1,0,rating,a,a,1.0,core_destroyed,188,,30,1120,14,18,311,40,0,3,ok,,4.546,n-62-21-24,29052208,2026-08-08T08:38:34+0200
5055a51b0fd6fb9e,auto-a1214efd9c98,hodr@ea88247,hodr,ea88247,mistral@90fc9f3,mistral,90fc9f3,heart,all_official,1,0,rating,a,a,1.0,core_destroyed,89,,9,0,7,8,52,0,10,0,ok,,5.794,n-62-11-60,29052208,2026-08-08T08:39:18+0200
505ac6c20442cad8,auto-a1214efd9c98,hodr@ea88247,hodr,ea88247,casemate_oracle@90fc9f3,casemate_oracle,90fc9f3,showdown,all_official,1,0,rating,a,a,1.0,core_destroyed,168,,96,670,6,26,36,0,7,1,ok,,5.736,n-62-31-11,29052208,2026-08-08T08:39:27+0200
50a579329b1995de,auto-a1214efd9c98,steward_hardened_reinforced@a994296,steward_hardened_reinforced,a994296,hodr@ea88247,hodr,ea88247,nordkap,all_official,1,0,rating,b,b,0.0,titanium_collected,1000,,20,80,9,7,16,360,8,9,ok,,9.205,n-62-31-24,29052208,2026-08-08T08:39:52+0200
50b688c965bd8769,auto-a1214efd9c98,prospect_rushonly@bf9b3e3,prospect_rushonly,bf9b3e3,hodr@ea88247,hodr,ea88247,sweden,all_official,1,0,rating,a,a,1.0,core_destroyed,277,,10,30,4,10,49,470,7,30,ok,,7.228,n-62-12-2,29052208,2026-08-08T08:39:36+0200
50eb96238bf7a115,auto-a1214efd9c98,steward_hardened_reinforced@c04e46e,steward_hardened_reinforced,c04e46e,hodr@ea88247,hodr,ea88247,fjord,all_official,1,0,rating,a,a,1.0,core_destroyed,108,,16,710,9,16,17,560,6,16,ok,,3.553,n-62-11-50,29052208,2026-08-08T08:40:13+0200
510309274c8d9325,auto-a1214efd9c98,hodr@ea88247,hodr,ea88247,steward_hardened_reinforced@672ee02,steward_hardened_reinforced,672ee02,duel,all_official,1,0,rating,a,a,1.0,core_destroyed,51,,9,210,8,7,4,210,9,6,ok,,3.453,n-62-31-13,29052208,2026-08-08T08:39:41+0200
511d21e318cd0b35,auto-a1214efd9c98,hodr@ea88247,hodr,ea88247,strategist@2e6eca5,strategist,2e6eca5,meander,all_official,1,0,rating,b,b,0.0,titanium_collected,1000,,14,2460,4,17,2387,4780,6,30,ok,,15.297,n-62-29-33,29052208,2026-08-08T08:40:36+0200
513d1d120380252a,auto-a1214efd9c98,prospect_rushonly@bf9b3e3,prospect_rushonly,bf9b3e3,hodr@ea88247,hodr,ea88247,hive,all_official,1,0,rating,a,a,1.0,core_destroyed,65,,9,220,9,13,45,220,6,22,ok,,3.528,n-62-12-5,29052208,2026-08-08T08:39:04+0200
514178a78c5fea57,auto-a1214efd9c98,odin@38e1456,odin,38e1456,hodr@ea88247,hodr,ea88247,drumlin,all_official,1,0,rating,b,b,0.0,core_destroyed,124,,19,500,6,16,123,1190,11,24,ok,,5.255,n-62-29-16,29052208,2026-08-08T08:39:30+0200
5160b50539cbe3e2,auto-a1214efd9c98,hodr@ea88247,hodr,ea88247,steward_hardened_reinforced@cdc552f,steward_hardened_reinforced,cdc552f,longship,all_official,1,0,rating,a,a,1.0,core_destroyed,73,,9,260,8,16,9,150,7,16,ok,,3.614,n-62-11-66,29052208,2026-08-08T08:40:21+0200
5165af226947f522,auto-a1214efd9c98,steward_reinforced@a8dc58a,steward_reinforced,a8dc58a,hodr@ea88247,hodr,ea88247,jackpot,all_official,1,0,rating,a,a,1.0,core_destroyed,276,,30,1230,14,20,16,490,13,12,ok,,13.197,n-62-31-21,29052208,2026-08-08T08:40:48+0200
5169ca4af3662959,auto-a1214efd9c98,hodr@ea88247,hodr,ea88247,prospect@bf9b3e3,prospect,bf9b3e3,saga,all_official,1,0,rating,a,a,1.0,core_destroyed,242,,9,570,10,11,8,0,9,0,ok,,5.792,n-62-11-57,29052208,2026-08-08T08:39:16+0200
51723be53ecb5084,auto-a1214efd9c98,odin@38e1456,odin,38e1456,hodr@ea88247,hodr,ea88247,crossfire,all_official,1,0,rating,a,a,1.0,core_destroyed,191,,66,1160,11,14,4,900,12,12,ok,,6.035,n-62-29-16,29052208,2026-08-08T08:39:21+0200
51a3a1dab55a1666,auto-a1214efd9c98,steward_hardened_reinforced@f61245f,steward_hardened_reinforced,f61245f,hodr@ea88247,hodr,ea88247,runestone,all_official,1,0,rating,a,a,1.0,core_destroyed,325,,9,50,8,17,10,280,8,17,ok,,5.025,n-62-28-34,29052208,2026-08-08T08:40:43+0200
51ab1c2f5e9bc707,auto-a1214efd9c98,hodr@ea88247,hodr,ea88247,skadi@6a2af02,skadi,6a2af02,heart,all_official,1,0,rating,a,a,1.0,core_destroyed,104,,24,140,6,15,20,0,6,10,ok,,3.81,n-62-21-8,29052208,2026-08-08T08:39:41+0200
51bd18493f6935cb,auto-a1214efd9c98,hodr@ea88247,hodr,ea88247,casemate_oracle@90fc9f3,casemate_oracle,90fc9f3,vase,all_official,1,0,rating,a,a,1.0,core_destroyed,69,,10,130,8,10,420,0,3,2,ok,,3.621,n-62-21-98,29052208,2026-08-08T08:38:21+0200
51c35a8b5c6afed8,auto-a1214efd9c98,hodr@ea88247,hodr,ea88247,steward_hardened_reinforced@f1f2bda,steward_hardened_reinforced,f1f2bda,snowflake,all_official,1,0,rating,a,a,1.0,core_destroyed,65,,43,550,9,22,7,140,8,11,ok,,3.852,n-62-12-4,29052208,2026-08-08T08:40:32+0200
51ca4fb431541c6e,auto-a1214efd9c98,prospect@bf9b3e3,prospect,bf9b3e3,hodr@ea88247,hodr,ea88247,duel,all_official,1,0,rating,b,b,0.0,core_destroyed,50,,34,200,9,10,9,150,7,7,ok,,2.879,n-62-11-55,29052208,2026-08-08T08:39:32+0200
51d3dbcd5a4a4722,auto-a1214efd9c98,aegis@e55aab5,aegis,e55aab5,hodr@ea88247,hodr,ea88247,nordkap,all_official,1,0,rating,b,b,0.0,core_destroyed,45,,10,90,10,4,6,140,7,12,ok,,3.421,n-62-31-22,29052208,2026-08-08T08:38:21+0200
52371405b33f81ff,auto-a1214efd9c98,janus@8a1e7a1,janus,8a1e7a1,hodr@ea88247,hodr,ea88247,saga,all_official,1,0,rating,b,b,0.0,core_destroyed,85,,8,260,8,28,17,220,8,17,ok,,4.357,n-62-21-6,29052208,2026-08-08T08:38:42+0200
52419358cf92d2b7,auto-a1214efd9c98,odin@93e46da,odin,93e46da,hodr@ea88247,hodr,ea88247,jackpot,all_official,1,0,rating,b,b,0.0,core_destroyed,728,,333,2470,2,3,75,3540,16,29,ok,,17.634,n-62-29-5,29052208,2026-08-08T08:39:39+0200
5253b5ffc2c26a98,auto-a1214efd9c98,lockin@90fc9f3,lockin,90fc9f3,hodr@ea88247,hodr,ea88247,archipelago,all_official,1,0,rating,b,b,0.0,core_destroyed,65,,660,0,0,0,10,160,7,27,ok,,2.309,n-62-21-56,29052208,2026-08-08T08:37:56+0200
52583108271e7253,auto-a1214efd9c98,freyr@c2c0d3d,freyr,c2c0d3d,hodr@ea88247,hodr,ea88247,showdown,all_official,1,0,rating,a,a,1.0,core_destroyed,757,,9,170,6,8,10,800,6,6,ok,,5.707,n-62-31-13,29052208,2026-08-08T08:38:40+0200
529eed630d905fe4,auto-a1214efd9c98,njord@f66a427,njord,f66a427,hodr@ea88247,hodr,ea88247,nordkap,all_official,1,0,rating,b,b,0.0,titanium_collected,1000,,20,80,9,7,16,360,8,9,ok,,10.234,n-62-28-33,29052208,2026-08-08T08:39:18+0200
52bbeb83413370fa,auto-a1214efd9c98,skadi@821d792,skadi,821d792,hodr@ea88247,hodr,ea88247,jackpot,all_official,1,0,rating,a,a,1.0,core_destroyed,92,,154,500,4,29,188,350,10,14,ok,,4.107,n-62-21-15,29052208,2026-08-08T08:40:21+0200
52ddc8d99752264f,auto-a1214efd9c98,njord@f66a427,njord,f66a427,hodr@ea88247,hodr,ea88247,skerry,all_official,1,0,rating,b,b,0.0,core_destroyed,143,,12,990,14,11,4,400,6,17,ok,,4.735,n-62-28-34,29052208,2026-08-08T08:39:18+0200
52f826c7c89a9853,auto-a1214efd9c98,hodr@ea88247,hodr,ea88247,steward_hardened_reinforced@f1f2bda,steward_hardened_reinforced,f1f2bda,archipelago,all_official,1,0,rating,a,a,1.0,core_destroyed,66,,20,360,9,27,5,150,8,14,ok,,4.375,n-62-12-2,29052208,2026-08-08T08:39:51+0200
53324a7f94419943,auto-a1214efd9c98,hodr@ea88247,hodr,ea88247,steward_hardened_reinforced@672ee02,steward_hardened_reinforced,672ee02,bridge,all_official,1,0,rating,b,b,0.0,core_destroyed,733,,172,0,13,11,10,0,11,5,ok,,18.819,n-62-31-8,29052208,2026-08-08T08:40:19+0200
53370c0d44c84c3d,auto-a1214efd9c98,spar_mender@7ed1acc,spar_mender,7ed1acc,hodr@ea88247,hodr,ea88247,fjord,all_official,1,0,rating,b,b,0.0,core_destroyed,194,,74,1370,13,30,30,1730,11,33,ok,,9.309,n-62-31-10,29052208,2026-08-08T08:39:52+0200
537118cbd16a32b2,auto-a1214efd9c98,hodr@ea88247,hodr,ea88247,steward_hardened_reinforced@f1f2bda,steward_hardened_reinforced,f1f2bda,eider,all_official,1,0,rating,b,b,0.0,core_destroyed,128,,40,810,8,16,28,980,8,21,ok,,5.562,n-62-31-11,29052208,2026-08-08T08:40:08+0200
537948a183b9c9a5,auto-a1214efd9c98,hodr@ea88247,hodr,ea88247,skadi@aad5f44,skadi,aad5f44,hive,all_official,1,0,rating,b,b,0.0,core_destroyed,152,,19,360,7,31,43,730,8,39,ok,,4.149,n-62-11-61,29052208,2026-08-08T08:39:18+0200
537ab3388226eb7f,auto-a1214efd9c98,steward_hardened_reinforced@04300bf,steward_hardened_reinforced,04300bf,hodr@ea88247,hodr,ea88247,eider,all_official,1,0,rating,a,a,1.0,core_destroyed,116,,29,730,11,15,21,820,8,24,ok,,5.248,n-62-29-9,29052208,2026-08-08T08:39:42+0200
53a2b3e45575f522,auto-a1214efd9c98,hodr@ea88247,hodr,ea88247,ullr@7d1ab4e,ullr,7d1ab4e,duel,all_official,1,0,rating,a,a,1.0,core_destroyed,59,,9,250,8,7,170,250,6,6,ok,,3.3,n-62-31-14,29052208,2026-08-08T08:40:48+0200
53b1d374f5abf932,auto-a1214efd9c98,hodr@ea88247,hodr,ea88247,heimdall@daf0de0,heimdall,daf0de0,aurora,all_official,1,0,rating,b,b,0.0,core_destroyed,66,,9,390,8,31,10,320,8,19,ok,,3.853,n-62-12-7,29052208,2026-08-08T08:38:12+0200
53e8bd8c46253b12,auto-a1214efd9c98,steward_hardened_reinforced@cdc552f,steward_hardened_reinforced,cdc552f,hodr@ea88247,hodr,ea88247,fjordgate,all_official,1,0,rating,b,b,0.0,core_destroyed,138,,10,0,6,1,8,210,7,6,ok,,4.241,n-62-11-64,29052208,2026-08-08T08:40:13+0200
540a8489b77415ec,auto-a1214efd9c98,hodr@ea88247,hodr,ea88247,lockin@90fc9f3,lockin,90fc9f3,string,all_official,1,0,rating,a,a,1.0,core_destroyed,37,,10,80,8,7,590,0,0,0,ok,,1.928,n-62-21-62,29052208,2026-08-08T08:38:13+0200
54226e3ea40d472e,auto-a1214efd9c98,hodr@ea88247,hodr,ea88247,steward_hardened_reinforced@366cd1b,steward_hardened_reinforced,366cd1b,longship,all_official,1,0,rating,b,b,0.0,core_destroyed,68,,19,230,8,15,18,250,7,23,ok,,3.598,n-62-30-23,29052208,2026-08-08T08:39:43+0200
542ea2bedeacacaf,auto-a1214efd9c98,gefjon@f66a427,gefjon,f66a427,hodr@ea88247,hodr,ea88247,fjordgate,all_official,1,0,rating,a,a,1.0,core_destroyed,116,,28,760,12,13,20,270,7,13,ok,,4.366,n-62-31-18,29052208,2026-08-08T08:38:24+0200
54360b6a40f73732,auto-a1214efd9c98,hodr@ea88247,hodr,ea88247,jotunn@6b39ebb,jotunn,6b39ebb,atoll,all_official,1,0,rating,a,a,1.0,core_destroyed,154,,20,720,9,22,292,710,10,21,ok,,5.301,n-62-21-23,29052208,2026-08-08T08:38:54+0200
5461fcf3125c4909,auto-a1214efd9c98,maporacle@38e1456,maporacle,38e1456,hodr@ea88247,hodr,ea88247,bridge,all_official,1,0,rating,a,a,1.0,titanium_collected,1000,,43,5540,5,16,41,0,14,6,ok,,16.01,n-62-21-64,29052208,2026-08-08T08:38:25+0200
5468423230d4e4fe,auto-a1214efd9c98,hodr@ea88247,hodr,ea88247,bastion@840a180,bastion,840a180,eider,all_official,1,0,rating,a,a,1.0,core_destroyed,249,,8,600,8,8,10,600,8,6,ok,,4.731,n-62-11-68,29052208,2026-08-08T08:38:04+0200
549a347e078d0acc,auto-a1214efd9c98,hodr@ea88247,hodr,ea88247,jonbot_190003d@90fc9f3,jonbot_190003d,90fc9f3,saga,all_official,1,0,rating,a,a,1.0,titanium_collected,1000,,17,100,8,20,66,0,7,22,ok,,9.524,n-62-21-19,29052208,2026-08-08T08:38:01+0200
54c66c0ce0148ff0,auto-a1214efd9c98,mistral@90fc9f3,mistral,90fc9f3,hodr@ea88247,hodr,ea88247,skerry,all_official,1,0,rating,b,b,0.0,core_destroyed,46,,334,0,4,0,20,190,8,20,ok,,4.836,n-62-11-61,29052208,2026-08-08T08:39:09+0200
54c6cb11c0f9014f,auto-a1214efd9c98,hodr@ea88247,hodr,ea88247,mimir@cfc1ec4,mimir,cfc1ec4,hive,all_official,1,0,rating,b,b,0.0,core_destroyed,56,,18,120,9,19,17,180,8,23,ok,,3.759,n-62-31-4,29052208,2026-08-08T08:38:53+0200
54c7451d009e5faa,auto-a1214efd9c98,hodr@ea88247,hodr,ea88247,gefjon@f66a427,gefjon,f66a427,heart,all_official,1,0,rating,a,a,1.0,core_destroyed,517,,9,90,7,3,10,0,6,16,ok,,6.463,n-62-31-18,29052208,2026-08-08T08:38:31+0200
54f933af8e64df55,auto-a1214efd9c98,hodr@ea88247,hodr,ea88247,casemate_oracle@90fc9f3,casemate_oracle,90fc9f3,duel,all_official,1,0,rating,a,a,1.0,core_destroyed,77,,9,200,8,7,30,0,6,5,ok,,3.762,n-62-21-92,29052208,2026-08-08T08:38:21+0200
55220733e2ed12ac,auto-a1214efd9c98,hodr@ea88247,hodr,ea88247,jonbot@90fc9f3,jonbot,90fc9f3,strait,all_official,1,0,rating,a,a,1.0,core_destroyed,120,,41,770,9,21,66,40,5,7,ok,,3.677,n-62-21-24,29052208,2026-08-08T08:38:24+0200
552b82f8641aa8e4,auto-a1214efd9c98,hodr@ea88247,hodr,ea88247,tempest_reinforcements@38f9c23,tempest_reinforcements,38f9c23,duel,all_official,1,0,rating,a,a,1.0,core_destroyed,119,,9,450,8,8,7,370,7,19,ok,,3.63,n-62-31-13,29052208,2026-08-08T08:40:34+0200
5552fe082be1ecba,auto-a1214efd9c98,steward_relent@7ed1acc,steward_relent,7ed1acc,hodr@ea88247,hodr,ea88247,moonrise,all_official,1,0,rating,a,a,1.0,core_destroyed,240,,33,1130,11,15,16,70,6,2,ok,,4.328,n-62-11-61,29052208,2026-08-08T08:40:18+0200
55550a12067f600b,auto-a1214efd9c98,hodr@ea88247,hodr,ea88247,steward_hardened_reinforced@cdc552f,steward_hardened_reinforced,cdc552f,vault,all_official,1,0,rating,a,a,1.0,core_destroyed,152,,106,630,9,11,14,710,11,21,ok,,7.718,n-62-21-90,29052208,2026-08-08T08:39:50+0200
559bc00c09d7359b,auto-a1214efd9c98,aegis@e55aab5,aegis,e55aab5,hodr@ea88247,hodr,ea88247,atoll,all_official,1,0,rating,b,b,0.0,core_destroyed,47,,10,100,9,5,9,180,8,9,ok,,3.532,n-62-31-5,29052208,2026-08-08T08:38:15+0200
55a7a2379dfecfed,auto-a1214efd9c98,hodr@ea88247,hodr,ea88247,steward_hardened_reinforced@f1f2bda,steward_hardened_reinforced,f1f2bda,drumlin,all_official,1,0,rating,b,b,0.0,core_destroyed,67,,24,200,7,17,9,350,7,17,ok,,3.726,n-62-31-11,29052208,2026-08-08T08:39:51+0200
55aca4745b2cbfad,auto-a1214efd9c98,hodr@ea88247,hodr,ea88247,strategist@2e6eca5,strategist,2e6eca5,duel,all_official,1,0,rating,a,a,1.0,core_destroyed,151,,8,880,7,38,858,840,5,23,ok,,3.307,n-62-31-11,29052208,2026-08-08T08:40:34+0200
55c68bf11bbce3e3,auto-a1214efd9c98,hodr@ea88247,hodr,ea88247,pantheon_replica_day3@aa8bae0,pantheon_replica_day3,aa8bae0,eider,all_official,1,0,rating,b,b,0.0,core_destroyed,425,,10,70,8,6,9,70,7,4,ok,,6.164,n-62-31-17,29052208,2026-08-08T08:38:57+0200
5602d4d07dafec0f,auto-a1214efd9c98,jotunn@6b39ebb,jotunn,6b39ebb,hodr@ea88247,hodr,ea88247,sprint,all_official,1,0,rating,b,b,0.0,core_destroyed,46,,10,0,9,1,6,20,6,5,ok,,3.523,n-62-21-55,29052208,2026-08-08T08:38:46+0200
560c24722e753a45,auto-a1214efd9c98,hodr@ea88247,hodr,ea88247,steward_hardened_reinforced@672ee02,steward_hardened_reinforced,672ee02,quarry,all_official,1,0,rating,a,a,1.0,core_destroyed,76,,27,390,8,29,42,360,10,18,ok,,3.649,n-62-31-21,29052208,2026-08-08T08:40:05+0200
5613c9c9b4a6c318,auto-a1214efd9c98,steward_hardened_reinforced@c04e46e,steward_hardened_reinforced,c04e46e,hodr@ea88247,hodr,ea88247,showdown,all_official,1,0,rating,a,a,1.0,core_destroyed,101,,8,190,7,11,8,200,5,15,ok,,3.037,n-62-11-68,29052208,2026-08-08T08:40:25+0200
56246a4aecbca2e4,auto-a1214efd9c98,hodr@ea88247,hodr,ea88247,steward_hardened_reinforced@04300bf,steward_hardened_reinforced,04300bf,bridge,all_official,1,0,rating,a,a,1.0,titanium_stored,1000,,43,0,10,13,40,0,12,5,ok,,21.4,n-62-29-24,29052208,2026-08-08T08:40:02+0200
562744c136e48509,auto-a1214efd9c98,hodr@ea88247,hodr,ea88247,tempest_reinforcements@025dd51,tempest_reinforcements,025dd51,sprint,all_official,1,0,rating,b,b,0.0,core_destroyed,753,,9,460,7,9,59,680,7,14,ok,,6.487,n-62-31-5,29052208,2026-08-08T08:40:44+0200
565e10757dfcd3b5,auto-a1214efd9c98,ragnarok_fair@79582fc,ragnarok_fair,79582fc,hodr@ea88247,hodr,ea88247,drumlin,all_official,1,0,rating,b,b,0.0,core_destroyed,52,,29,140,8,18,28,240,7,17,ok,,3.859,n-62-21-1,29052208,2026-08-08T08:39:43+0200
56649a6451988c1f,auto-a1214efd9c98,hodr@ea88247,hodr,ea88247,steward_reinforced@a8dc58a,steward_reinforced,a8dc58a,drumlin,all_official,1,0,rating,a,a,1.0,core_destroyed,61,,8,190,8,18,8,220,8,19,ok,,3.634,n-62-31-4,29052208,2026-08-08T08:40:13+0200
56655a28e9166b41,auto-a1214efd9c98,jonbot@90fc9f3,jonbot,90fc9f3,hodr@ea88247,hodr,ea88247,skerry,all_official,1,0,rating,b,b,0.0,core_destroyed,124,,140,0,6,6,48,1130,11,44,ok,,5.696,n-62-21-17,29052208,2026-08-08T08:38:43+0200
56859f3185410abb,auto-a1214efd9c98,ullr@7d1ab4e,ullr,7d1ab4e,hodr@ea88247,hodr,ea88247,archipelago,all_official,1,0,rating,a,a,1.0,core_destroyed,66,,20,360,9,27,5,150,8,14,ok,,4.466,n-62-31-8,29052208,2026-08-08T08:40:46+0200
5692b2ce4ba2d8fd,auto-a1214efd9c98,skadi@6a2af02,skadi,6a2af02,hodr@ea88247,hodr,ea88247,hive,all_official,1,0,rating,b,b,0.0,core_destroyed,107,,1,280,7,24,18,440,7,22,ok,,4.005,n-62-31-5,29052208,2026-08-08T08:39:07+0200
569722ed0afc4928,auto-a1214efd9c98,hodr@ea88247,hodr,ea88247,tempest_reinforcements@38f9c23,tempest_reinforcements,38f9c23,nordkap,all_official,1,0,rating,b,b,0.0,core_destroyed,62,,8,110,8,3,8,240,8,11,ok,,3.59,n-62-31-20,29052208,2026-08-08T08:40:44+0200
569d200a489aa0fe,auto-a1214efd9c98,hodr@ea88247,hodr,ea88247,pantheon_replica_day3@aa8bae0,pantheon_replica_day3,aa8bae0,quarry,all_official,1,0,rating,a,a,1.0,core_destroyed,64,,48,300,7,24,18,180,7,13,ok,,3.754,n-62-31-7,29052208,2026-08-08T08:39:10+0200
56c1e67031d24361,auto-a1214efd9c98,hodr@ea88247,hodr,ea88247,ullr@7d1ab4e,ullr,7d1ab4e,vase,all_official,1,0,rating,b,b,0.0,core_destroyed,121,,37,230,8,8,33,260,7,15,ok,,4.252,n-62-11-52,29052208,2026-08-08T08:40:42+0200
56f4d03d7aa2dd0a,auto-a1214efd9c98,mimir@cfc1ec4,mimir,cfc1ec4,hodr@ea88247,hodr,ea88247,showdown,all_official,1,0,rating,a,a,1.0,core_destroyed,757,,9,170,6,8,10,800,6,6,ok,,5.76,n-62-31-22,29052208,2026-08-08T08:39:16+0200
5712dfc7f5fba236,auto-a1214efd9c98,janus@8a1e7a1,janus,8a1e7a1,hodr@ea88247,hodr,ea88247,vault,all_official,1,0,rating,a,a,1.0,core_destroyed,77,,10,330,10,7,1,220,6,17,ok,,4.389,n-62-21-14,29052208,2026-08-08T08:38:59+0200
571b1c56891bc4d2,auto-a1214efd9c98,spar_mender@d5b46bc,spar_mender,d5b46bc,hodr@ea88247,hodr,ea88247,skerry,all_official,1,0,rating,b,b,0.0,core_destroyed,128,,20,850,10,16,41,860,10,30,ok,,6.254,n-62-29-15,29052208,2026-08-08T08:40:36+0200
571de198134df945,auto-a1214efd9c98,hodr@ea88247,hodr,ea88247,spar_mender@7ed1acc,spar_mender,7ed1acc,strait,all_official,1,0,rating,a,a,1.0,core_destroyed,107,,49,650,8,29,65,480,12,21,ok,,4.855,n-62-21-98,29052208,2026-08-08T08:40:16+0200
571e89ffe6b81712,auto-a1214efd9c98,janus@8a1e7a1,janus,8a1e7a1,hodr@ea88247,hodr,ea88247,aurora,all_official,1,0,rating,b,b,0.0,core_destroyed,128,,476,410,7,12,80,880,10,52,ok,,5.025,n-62-21-12,29052208,2026-08-08T08:38:01+0200
572a434a2ca61352,auto-a1214efd9c98,hodr@ea88247,hodr,ea88247,steward_hardened_reinforced@f1f2bda,steward_hardened_reinforced,f1f2bda,strait,all_official,1,0,rating,a,a,1.0,titanium_collected,1000,,16,250,6,13,16,70,6,11,ok,,8.696,n-62-21-98,29052208,2026-08-08T08:40:09+0200
574b1ad1a9dbae69,auto-a1214efd9c98,heimdall@daf0de0,heimdall,daf0de0,hodr@ea88247,hodr,ea88247,archipelago,all_official,1,0,rating,a,a,1.0,core_destroyed,65,,19,400,8,30,26,160,8,14,ok,,3.802,n-62-12-7,29052208,2026-08-08T08:37:59+0200
579ffbf7551e4115,auto-a1214efd9c98,spar_mender@7ed1acc,spar_mender,7ed1acc,hodr@ea88247,hodr,ea88247,snowflake,all_official,1,0,rating,a,a,1.0,core_destroyed,304,,57,3590,23,25,20,270,5,22,ok,,10.94,n-62-21-98,29052208,2026-08-08T08:39:55+0200
57a30398c342a97b,auto-a1214efd9c98,janus@8a1e7a1,janus,8a1e7a1,hodr@ea88247,hodr,ea88247,lighthouse,all_official,1,0,rating,b,b,0.0,core_destroyed,60,,14,80,7,11,19,320,8,11,ok,,3.553,n-62-21-4,29052208,2026-08-08T08:38:18+0200
57ac85fd3533659c,auto-a1214efd9c98,gefjon@f66a427,gefjon,f66a427,hodr@ea88247,hodr,ea88247,pinch,all_official,1,0,rating,b,b,0.0,core_destroyed,73,,9,300,8,23,9,160,7,8,ok,,3.54,n-62-31-19,29052208,2026-08-08T08:38:19+0200
57ba1b6726092cfc,auto-a1214efd9c98,freyr@c2c0d3d,freyr,c2c0d3d,hodr@ea88247,hodr,ea88247,string,all_official,1,0,rating,b,b,0.0,core_destroyed,247,,59,30,1,2,47,1710,14,12,ok,,7.088,n-62-31-17,29052208,2026-08-08T08:38:42+0200
57c7a0bb9359fe81,auto-a1214efd9c98,spar_mender@7ed1acc,spar_mender,7ed1acc,hodr@ea88247,hodr,ea88247,eider,all_official,1,0,rating,b,b,0.0,core_destroyed,294,,35,2050,10,14,152,3410,19,27,ok,,14.369,n-62-31-10,29052208,2026-08-08T08:39:34+0200
57d842c43a24c948,auto-a1214efd9c98,hodr@ea88247,hodr,ea88247,aegis@e55aab5,aegis,e55aab5,skerry,all_official,1,0,rating,a,a,1.0,core_destroyed,79,,39,510,10,12,7,360,7,30,ok,,3.998,n-62-31-23,29052208,2026-08-08T08:38:32+0200
57fffdbaad5e994d,auto-a1214efd9c98,odin@38e1456,odin,38e1456,hodr@ea88247,hodr,ea88247,meander,all_official,1,0,rating,b,b,0.0,core_destroyed,101,,10,0,8,5,7,0,8,2,ok,,3.261,n-62-29-24,29052208,2026-08-08T08:39:34+0200
58205872477b396e,auto-a1214efd9c98,spar_mender@d5b46bc,spar_mender,d5b46bc,hodr@ea88247,hodr,ea88247,duel,all_official,1,0,rating,b,b,0.0,core_destroyed,85,,90,200,8,3,20,390,6,9,ok,,3.55,n-62-28-33,29052208,2026-08-08T08:39:50+0200
58278e26809820b8,auto-a1214efd9c98,steward_hardened_reinforced@f1f2bda,steward_hardened_reinforced,f1f2bda,hodr@ea88247,hodr,ea88247,atoll,all_official,1,0,rating,a,a,1.0,core_destroyed,91,,13,400,8,17,16,400,9,8,ok,,4.661,n-62-12-2,29052208,2026-08-08T08:40:04+0200
583f7660f0e8bd81,auto-a1214efd9c98,spar_mender@7ed1acc,spar_mender,7ed1acc,hodr@ea88247,hodr,ea88247,pinch,all_official,1,0,rating,b,b,0.0,core_destroyed,101,,58,230,10,13,11,480,6,24,ok,,4.259,n-62-21-97,29052208,2026-08-08T08:39:46+0200
585277b1a72fc15f,auto-a1214efd9c98,jonbot@90fc9f3,jonbot,90fc9f3,hodr@ea88247,hodr,ea88247,archipelago,all_official,1,0,rating,b,b,0.0,core_destroyed,85,,749,610,4,26,10,260,8,29,ok,,4.884,n-62-21-3,29052208,2026-08-08T08:38:12+0200
58a608d621e967c5,auto-a1214efd9c98,hodr@ea88247,hodr,ea88247,gefjon@f66a427,gefjon,f66a427,strait,all_official,1,0,rating,a,a,1.0,core_destroyed,122,,9,360,6,11,56,610,9,15,ok,,4.578,n-62-11-50,29052208,2026-08-08T08:37:56+0200
58cac0866ba034c5,auto-a1214efd9c98,hodr@ea88247,hodr,ea88247,steward_hardened_reinforced@f61245f,steward_hardened_reinforced,f61245f,atoll,all_official,1,0,rating,a,a,1.0,core_destroyed,91,,13,400,8,17,16,400,9,8,ok,,4.544,n-62-31-14,29052208,2026-08-08T08:40:34+0200
58e96c5c2fd6066b,auto-a1214efd9c98,skadi@6a2af02,skadi,6a2af02,hodr@ea88247,hodr,ea88247,snowflake,all_official,1,0,rating,a,a,1.0,core_destroyed,146,,27,1250,12,22,58,340,5,17,ok,,5.989,n-62-31-4,29052208,2026-08-08T08:39:53+0200
5920af1e25b11cf8,auto-a1214efd9c98,hodr@ea88247,hodr,ea88247,e_t4l7@9e77076,e_t4l7,9e77076,fjord,all_official,1,0,rating,a,a,1.0,core_destroyed,402,,10,2930,10,30,291,1110,3,14,ok,,5.228,n-62-28-31,29052208,2026-08-08T08:38:33+0200
5929123440944563,auto-a1214efd9c98,hodr@ea88247,hodr,ea88247,bastion@840a180,bastion,840a180,crossfire,all_official,1,0,rating,a,a,1.0,core_destroyed,61,,9,140,8,5,10,40,8,4,ok,,3.459,n-62-11-60,29052208,2026-08-08T08:38:32+0200
5932d89710c9d945,auto-a1214efd9c98,casemate_oracle@90fc9f3,casemate_oracle,90fc9f3,hodr@ea88247,hodr,ea88247,skerry,all_official,1,0,rating,b,b,0.0,core_destroyed,49,,45,0,4,17,7,200,8,19,ok,,4.393,n-62-21-97,29052208,2026-08-08T08:38:02+0200
59383d2b1cadadba,auto-a1214efd9c98,skadi@6a2af02,skadi,6a2af02,hodr@ea88247,hodr,ea88247,fjord,all_official,1,0,rating,a,a,1.0,core_destroyed,146,,63,1150,7,37,38,1230,12,32,ok,,5.719,n-62-21-8,29052208,2026-08-08T08:39:26+0200
5940a8fcd3c6df8f,auto-a1214efd9c98,skadi@1e4eddf,skadi,1e4eddf,hodr@ea88247,hodr,ea88247,antler,all_official,1,0,rating,b,b,0.0,core_destroyed,488,,12,460,5,8,118,2110,12,16,ok,,8.078,n-62-21-9,29052208,2026-08-08T08:39:03+0200
59415a08dfca84e6,auto-a1214efd9c98,heimdall@daf0de0,heimdall,daf0de0,hodr@ea88247,hodr,ea88247,duel,all_official,1,0,rating,b,b,0.0,core_destroyed,134,,8,320,8,8,16,630,9,9,ok,,3.962,n-62-12-8,29052208,2026-08-08T08:38:07+0200
595de283b918b65d,auto-a1214efd9c98,skadi@6a2af02,skadi,6a2af02,hodr@ea88247,hodr,ea88247,pinch,all_official,1,0,rating,b,b,0.0,core_destroyed,252,,16,220,6,6,18,610,7,21,ok,,4.864,n-62-21-13,29052208,2026-08-08T08:39:30+0200
595ef2f55e3becd1,auto-a1214efd9c98,jonbot_190003d@90fc9f3,jonbot_190003d,90fc9f3,hodr@ea88247,hodr,ea88247,moonrise,all_official,1,0,rating,a,a,1.0,core_destroyed,333,,59,0,7,7,10,20,5,8,ok,,4.179,n-62-21-18,29052208,2026-08-08T08:38:01+0200
59636c51acd05b0b,auto-a1214efd9c98,hodr@ea88247,hodr,ea88247,steward_hardened_reinforced@366cd1b,steward_hardened_reinforced,366cd1b,drumlin,all_official,1,0,rating,b,b,0.0,core_destroyed,67,,24,200,7,17,9,350,7,17,ok,,2.967,n-62-29-5,29052208,2026-08-08T08:40:17+0200
598f6039f1b43d59,auto-a1214efd9c98,bastion@840a180,bastion,840a180,hodr@ea88247,hodr,ea88247,runestone,all_official,1,0,rating,b,b,0.0,core_destroyed,89,,10,190,8,13,9,90,9,8,ok,,3.482,n-62-11-61,29052208,2026-08-08T08:38:34+0200
59903089c1fc5ea7,auto-a1214efd9c98,hodr@ea88247,hodr,ea88247,odin@93e46da,odin,93e46da,atoll,all_official,1,0,rating,a,a,1.0,core_destroyed,302,,6,800,9,10,8,820,9,6,ok,,5.586,n-62-29-27,29052208,2026-08-08T08:39:00+0200
5992e02fcbf7e33e,auto-a1214efd9c98,hodr@ea88247,hodr,ea88247,spar_mender@d5b46bc,spar_mender,d5b46bc,string,all_official,1,0,rating,b,b,0.0,titanium_collected,1000,,20,30,7,5,44,2490,6,6,ok,,7.569,n-62-29-16,29052208,2026-08-08T08:40:09+0200
599ea45f60b5d9d5,auto-a1214efd9c98,hodr@ea88247,hodr,ea88247,strategist@2e6eca5,strategist,2e6eca5,runestone,all_official,1,0,rating,a,a,1.0,core_destroyed,64,,20,200,8,26,55,90,5,62,ok,,2.981,n-62-21-98,29052208,2026-08-08T08:40:26+0200
59a0e0d53d5b7b02,auto-a1214efd9c98,hodr@ea88247,hodr,ea88247,prospect@bf9b3e3,prospect,bf9b3e3,heart,all_official,1,0,rating,a,a,1.0,core_destroyed,82,,6,50,5,6,10,0,6,8,ok,,2.719,n-62-11-50,29052208,2026-08-08T08:39:00+0200
5a1b35abd26cbb75,auto-a1214efd9c98,hodr@ea88247,hodr,ea88247,skadi@6a2af02,skadi,6a2af02,moonrise,all_official,1,0,rating,a,a,1.0,core_destroyed,111,,9,460,5,10,4,250,6,7,ok,,2.846,n-62-21-13,29052208,2026-08-08T08:39:01+0200
5a35c908c0d759c1,auto-a1214efd9c98,hodr@ea88247,hodr,ea88247,skadi@821d792,skadi,821d792,aurora,all_official,1,0,rating,a,a,1.0,core_destroyed,98,,141,720,8,32,8,330,8,24,ok,,3.958,n-62-31-22,29052208,2026-08-08T08:39:57+0200
5ac8c61d7d9805f8,auto-a1214efd9c98,hodr@ea88247,hodr,ea88247,maporacle@38e1456,maporacle,38e1456,pinch,all_official,1,0,rating,b,b,0.0,core_destroyed,321,,187,1560,10,27,10,1010,5,11,ok,,9.198,n-62-21-67,29052208,2026-08-08T08:38:10+0200
5ace30ed115b1dff,auto-a1214efd9c98,jonbot_190003d@90fc9f3,jonbot_190003d,90fc9f3,hodr@ea88247,hodr,ea88247,skerry,all_official,1,0,rating,b,b,0.0,core_destroyed,79,,164,0,7,3,10,350,7,20,ok,,4.696,n-62-21-19,29052208,2026-08-08T08:38:24+0200
5b1d1c1a074b768d,auto-a1214efd9c98,hodr@ea88247,hodr,ea88247,steward_hardened_reinforced@deba9ec,steward_hardened_reinforced,deba9ec,sweden,all_official,1,0,rating,a,a,1.0,core_destroyed,418,,10,0,10,21,67,930,16,14,ok,,18.448,n-62-12-8,29052208,2026-08-08T08:40:04+0200
5b4ac2218ab05d87,auto-a1214efd9c98,hodr@ea88247,hodr,ea88247,odin@38e1456,odin,38e1456,showdown,all_official,1,0,rating,a,a,1.0,core_destroyed,143,,7,50,7,11,10,0,7,6,ok,,3.648,n-62-29-31,29052208,2026-08-08T08:38:42+0200
5b511f20bdff805f,auto-a1214efd9c98,hodr@ea88247,hodr,ea88247,skadi@6a2af02,skadi,6a2af02,antler,all_official,1,0,rating,a,a,1.0,core_destroyed,78,,18,350,6,8,60,340,5,9,ok,,3.42,n-62-21-17,29052208,2026-08-08T08:39:41+0200
5b6fa1f7902e2abe,auto-a1214efd9c98,hodr@ea88247,hodr,ea88247,pantheon_replica_day3@aa8bae0,pantheon_replica_day3,aa8bae0,crossfire,all_official,1,0,rating,b,b,0.0,core_destroyed,269,,10,280,8,3,10,0,6,2,ok,,4.919,n-62-31-13,29052208,2026-08-08T08:39:14+0200
5b83431374c325da,auto-a1214efd9c98,gobbleglitch@6cdc440,gobbleglitch,6cdc440,hodr@ea88247,hodr,ea88247,strait,all_official,1,0,rating,b,b,0.0,core_destroyed,69,,47,120,8,19,8,140,10,11,ok,,3.859,n-62-12-1,29052208,2026-08-08T08:38:25+0200
5b8d1f3765f71eb5,auto-a1214efd9c98,hodr@ea88247,hodr,ea88247,steward_hardened_reinforced@366cd1b,steward_hardened_reinforced,366cd1b,jackpot,all_official,1,0,rating,b,b,0.0,core_destroyed,411,,247,1980,13,23,45,1950,13,20,ok,,17.782,n-62-29-17,29052208,2026-08-08T08:40:24+0200
5b92e5e178b0d73d,auto-a1214efd9c98,e_t4l7@9e77076,e_t4l7,9e77076,hodr@ea88247,hodr,ea88247,heart,all_official,1,0,rating,b,b,0.0,core_destroyed,445,,1008,710,9,12,10,0,8,20,ok,,7.902,n-62-28-33,29052208,2026-08-08T08:38:02+0200
5baf0c7fe69ce399,auto-a1214efd9c98,steward_hardened_reinforced@deba9ec,steward_hardened_reinforced,deba9ec,hodr@ea88247,hodr,ea88247,nordkap,all_official,1,0,rating,b,b,0.0,core_destroyed,638,,6,80,9,3,10,1560,8,17,ok,,6.797,n-62-12-1,29052208,2026-08-08T08:40:38+0200
5bd1f5a7abe30591,auto-a1214efd9c98,maporacle@38e1456,maporacle,38e1456,hodr@ea88247,hodr,ea88247,string,all_official,1,0,rating,b,b,0.0,core_destroyed,723,,1702,1640,1,5,10,1800,21,4,ok,,17.691,n-62-21-71,29052208,2026-08-08T08:38:13+0200
5bd4164bcc3ad694,auto-a1214efd9c98,strategist@2a19238,strategist,2a19238,hodr@ea88247,hodr,ea88247,fjordgate,all_official,1,0,rating,b,b,0.0,core_destroyed,542,,2604,2380,5,21,8,1340,5,14,ok,,3.837,n-62-21-92,29052208,2026-08-08T08:40:45+0200
5c086d0dd6408b10,auto-a1214efd9c98,gefjon@f66a427,gefjon,f66a427,hodr@ea88247,hodr,ea88247,sprint,all_official,1,0,rating,b,b,0.0,core_destroyed,330,,8,40,6,0,10,800,9,14,ok,,4.444,n-62-11-55,29052208,2026-08-08T08:38:32+0200
5c0aa580b05246a3,auto-a1214efd9c98,casemate_oracle@90fc9f3,casemate_oracle,90fc9f3,hodr@ea88247,hodr,ea88247,meander,all_official,1,0,rating,b,b,0.0,core_destroyed,183,,16,0,5,54,18,380,8,49,ok,,4.906,n-62-31-10,29052208,2026-08-08T08:38:25+0200
5c11383ac8a49541,auto-a1214efd9c98,aegis@e55aab5,aegis,e55aab5,hodr@ea88247,hodr,ea88247,vase,all_official,1,0,rating,b,b,0.0,core_destroyed,521,,8,0,7,2,8,1260,11,9,ok,,7.623,n-62-11-67,29052208,2026-08-08T08:38:14+0200
5c2dece95e45450a,auto-a1214efd9c98,hodr@ea88247,hodr,ea88247,steward_hardened_reinforced@04300bf,steward_hardened_reinforced,04300bf,sprint,all_official,1,0,rating,b,b,0.0,core_destroyed,204,,16,20,5,6,19,480,5,8,ok,,3.212,n-62-29-27,29052208,2026-08-08T08:40:04+0200
5c35bbaaf713a3a1,auto-a1214efd9c98,hodr@ea88247,hodr,ea88247,steward_reinforced@a8dc58a,steward_reinforced,a8dc58a,saga,all_official,1,0,rating,a,a,1.0,core_destroyed,102,,9,370,10,30,42,160,8,26,ok,,5.831,n-62-31-22,29052208,2026-08-08T08:40:30+0200
5c428d2441e39b28,auto-a1214efd9c98,hodr@ea88247,hodr,ea88247,odin@38e1456,odin,38e1456,runestone,all_official,1,0,rating,a,a,1.0,core_destroyed,105,,6,400,8,25,10,360,8,20,ok,,4.458,n-62-29-9,29052208,2026-08-08T08:39:13+0200
5c44487b29fc3304,auto-a1214efd9c98,hodr@ea88247,hodr,ea88247,mistral@90fc9f3,mistral,90fc9f3,runestone,all_official,1,0,rating,a,a,1.0,core_destroyed,61,,9,120,8,18,44,0,10,0,ok,,6.342,n-62-11-62,29052208,2026-08-08T08:39:24+0200
5c6c30d3cf9ffe41,auto-a1214efd9c98,pantheon_replica_day3@aa8bae0,pantheon_replica_day3,aa8bae0,hodr@ea88247,hodr,ea88247,sweden,all_official,1,0,rating,b,b,0.0,core_destroyed,256,,374,20,5,13,40,600,9,15,ok,,10.444,n-62-31-20,29052208,2026-08-08T08:39:53+0200
5c6c613b2dc45eae,auto-a1214efd9c98,tempest@90fc9f3,tempest,90fc9f3,hodr@ea88247,hodr,ea88247,showdown,all_official,1,0,rating,b,b,0.0,core_destroyed,119,,42,0,9,6,13,340,7,22,ok,,4.263,n-62-29-34,29052208,2026-08-08T08:40:33+0200
5c902609dff67c23,auto-a1214efd9c98,steward_hardened_reinforced@366cd1b,steward_hardened_reinforced,366cd1b,hodr@ea88247,hodr,ea88247,bridge,all_official,1,0,rating,b,b,0.0,core_destroyed,243,,60,0,8,10,10,0,9,5,ok,,6.714,n-62-29-5,29052208,2026-08-08T08:40:01+0200
5c978c529aa2e6f9,auto-a1214efd9c98,lockin@90fc9f3,lockin,90fc9f3,hodr@ea88247,hodr,ea88247,quarry,all_official,1,0,rating,b,b,0.0,core_destroyed,92,,91,0,11,4,30,360,10,19,ok,,7.989,n-62-21-60,29052208,2026-08-08T08:38:29+0200
5ca8697e5ed0e62f,auto-a1214efd9c98,skadi@6a2af02,skadi,6a2af02,hodr@ea88247,hodr,ea88247,showdown,all_official,1,0,rating,a,a,1.0,core_destroyed,846,,10,2060,6,12,6,160,8,1,ok,,6.724,n-62-31-4,29052208,2026-08-08T08:39:29+0200
5cde891f3b5e3893,auto-a1214efd9c98,hodr@ea88247,hodr,ea88247,prospect_rushonly@bf9b3e3,prospect_rushonly,bf9b3e3,hive,all_official,1,0,rating,b,b,0.0,core_destroyed,52,,18,110,9,19,17,150,8,14,ok,,3.331,n-62-12-5,29052208,2026-08-08T08:39:00+0200
5d03f624d661e785,auto-a1214efd9c98,skadi@aad5f44,skadi,aad5f44,hodr@ea88247,hodr,ea88247,hive,all_official,1,0,rating,b,b,0.0,core_destroyed,106,,8,280,7,24,9,430,7,24,ok,,3.529,n-62-11-61,29052208,2026-08-08T08:39:21+0200
5d39dccc46d5a26d,auto-a1214efd9c98,mjolnir@2e6c876,mjolnir,2e6c876,hodr@ea88247,hodr,ea88247,pinch,all_official,1,0,rating,b,b,0.0,core_destroyed,113,,41,670,9,23,20,750,9,46,ok,,4.956,n-62-31-10,29052208,2026-08-08T08:38:45+0200
5d7e45e12048688d,auto-a1214efd9c98,hodr@ea88247,hodr,ea88247,jonbot_190003d@90fc9f3,jonbot_190003d,90fc9f3,pinch,all_official,1,0,rating,a,a,1.0,titanium_collected,1000,,20,240,8,11,66,0,10,8,ok,,7.665,n-62-21-18,29052208,2026-08-08T08:38:18+0200
5d90d4334d20e320,auto-a1214efd9c98,njord@f66a427,njord,f66a427,hodr@ea88247,hodr,ea88247,heart,all_official,1,0,rating,b,b,0.0,titanium_collected,1000,,18,0,8,4,18,60,6,7,ok,,8.69,n-62-28-31,29052208,2026-08-08T08:38:51+0200
5db5d54a3fbf0fd1,auto-a1214efd9c98,steward_hardened_reinforced@c04e46e,steward_hardened_reinforced,c04e46e,hodr@ea88247,hodr,ea88247,atoll,all_official,1,0,rating,b,b,0.0,core_destroyed,257,,9,230,8,9,9,1230,12,18,ok,,6.079,n-62-11-55,29052208,2026-08-08T08:40:04+0200
5dbc5a2fadd89712,auto-a1214efd9c98,heimdall@daf0de0,heimdall,daf0de0,hodr@ea88247,hodr,ea88247,sweden,all_official,1,0,rating,b,b,0.0,core_destroyed,239,,720,910,8,21,48,560,6,15,ok,,7.609,n-62-12-6,29052208,2026-08-08T08:38:51+0200
5def63fe5b235aa7,auto-a1214efd9c98,spar_mender@d5b46bc,spar_mender,d5b46bc,hodr@ea88247,hodr,ea88247,crossfire,all_official,1,0,rating,a,a,1.0,core_destroyed,207,,20,970,10,27,30,720,8,5,ok,,7.965,n-62-28-33,29052208,2026-08-08T08:39:35+0200
5dfaba22416c1fc3,auto-a1214efd9c98,steward_hardened_reinforced@deba9ec,steward_hardened_reinforced,deba9ec,hodr@ea88247,hodr,ea88247,snowflake,all_official,1,0,rating,a,a,1.0,core_destroyed,81,,19,650,7,20,8,180,7,13,ok,,4.375,n-62-12-7,29052208,2026-08-08T08:40:03+0200
5e00aed42e5f83db,auto-a1214efd9c98,steward_hardened_reinforced@c04e46e,steward_hardened_reinforced,c04e46e,hodr@ea88247,hodr,ea88247,bridge,all_official,1,0,rating,b,b,0.0,core_destroyed,243,,39,0,8,10,10,0,9,5,ok,,7.065,n-62-11-55,29052208,2026-08-08T08:40:40+0200
5e2d35a0cb4b9ca5,auto-a1214efd9c98,hodr@ea88247,hodr,ea88247,spar_mender@d5b46bc,spar_mender,d5b46bc,sprint,all_official,1,0,rating,a,a,1.0,core_destroyed,66,,10,0,6,3,31,0,8,2,ok,,3.677,n-62-29-16,29052208,2026-08-08T08:39:39+0200
5e34d20a583424ae,auto-a1214efd9c98,steward_hardened_reinforced@c04e46e,steward_hardened_reinforced,c04e46e,hodr@ea88247,hodr,ea88247,string,all_official,1,0,rating,b,b,0.0,core_destroyed,207,,187,30,1,1,86,1400,14,12,ok,,5.57,n-62-11-62,29052208,2026-08-08T08:40:26+0200
5e678136b713d872,auto-a1214efd9c98,hodr@ea88247,hodr,ea88247,heimdall@daf0de0,heimdall,daf0de0,snowflake,all_official,1,0,rating,a,a,1.0,core_destroyed,78,,43,720,9,21,6,230,5,14,ok,,3.778,n-62-12-4,29052208,2026-08-08T08:38:27+0200
5e70365a4fd03b27,auto-a1214efd9c98,gobbleglitch@6cdc440,gobbleglitch,6cdc440,hodr@ea88247,hodr,ea88247,quarry,all_official,1,0,rating,b,b,0.0,core_destroyed,105,,60,50,6,3,28,580,9,22,ok,,4.855,n-62-21-90,29052208,2026-08-08T08:38:08+0200
5e98de26e421e283,auto-a1214efd9c98,hodr@ea88247,hodr,ea88247,skadi@1e4eddf,skadi,1e4eddf,sweden,all_official,1,0,rating,a,a,1.0,core_destroyed,302,,40,620,8,19,256,550,3,11,ok,,7.868,n-62-21-24,29052208,2026-08-08T08:39:59+0200
5eab80073818bb57,auto-a1214efd9c98,janus@8a1e7a1,janus,8a1e7a1,hodr@ea88247,hodr,ea88247,pinch,all_official,1,0,rating,b,b,0.0,core_destroyed,136,,19,320,8,4,19,320,6,13,ok,,3.861,n-62-21-6,29052208,2026-08-08T08:38:08+0200
5eef5f9152507a19,auto-a1214efd9c98,mistral@90fc9f3,mistral,90fc9f3,hodr@ea88247,hodr,ea88247,eider,all_official,1,0,rating,b,b,0.0,core_destroyed,93,,46,0,9,0,10,70,9,4,ok,,5.77,n-62-11-60,29052208,2026-08-08T08:38:52+0200
5ef34212d54d9a87,auto-a1214efd9c98,fenrir2@6b39ebb,fenrir2,6b39ebb,hodr@ea88247,hodr,ea88247,aurora,all_official,1,0,rating,a,a,1.0,core_destroyed,107,,20,400,7,23,38,440,9,23,ok,,4.689,n-62-29-21,29052208,2026-08-08T08:38:01+0200
5f26dbc7bd7001cd,auto-a1214efd9c98,hodr@ea88247,hodr,ea88247,skadi@aad5f44,skadi,aad5f44,snowflake,all_official,1,0,rating,a,a,1.0,core_destroyed,110,,168,1120,10,23,67,1020,10,28,ok,,4.607,n-62-11-64,29052208,2026-08-08T08:39:57+0200
5f37e95ca8596c56,auto-a1214efd9c98,hodr@ea88247,hodr,ea88247,steward_hardened_reinforced@366cd1b,steward_hardened_reinforced,366cd1b,eider,all_official,1,0,rating,b,b,0.0,core_destroyed,128,,40,810,8,16,28,980,8,21,ok,,4.559,n-62-29-5,29052208,2026-08-08T08:40:30+0200
5f40d4d6d543adee,auto-a1214efd9c98,njord@f66a427,njord,f66a427,hodr@ea88247,hodr,ea88247,fjordgate,all_official,1,0,rating,a,a,1.0,core_destroyed,224,,30,1060,6,25,32,10,2,3,ok,,4.66,n-62-28-28,29052208,2026-08-08T08:39:23+0200
5f575aa4839767c5,auto-a1214efd9c98,hodr@ea88247,hodr,ea88247,e_t4l7@9e77076,e_t4l7,9e77076,sweden,all_official,1,0,rating,b,b,0.0,titanium_collected,1000,,12,0,8,18,10666,11090,3,100,ok,,6.605,n-62-29-15,29052208,2026-08-08T08:38:38+0200
5f6754aa1f32244e,auto-a1214efd9c98,hodr@ea88247,hodr,ea88247,jonbot_190003d@90fc9f3,jonbot_190003d,90fc9f3,bridge,all_official,1,0,rating,a,a,1.0,core_destroyed,186,,10,0,5,16,593,0,2,10,ok,,3.618,n-62-21-13,29052208,2026-08-08T08:38:14+0200
5f723af8e510728f,auto-a1214efd9c98,freyr@c2c0d3d,freyr,c2c0d3d,hodr@ea88247,hodr,ea88247,sweden,all_official,1,0,rating,b,b,0.0,core_destroyed,449,,33,0,9,4,21,1080,11,21,ok,,15.933,n-62-31-17,29052208,2026-08-08T08:39:25+0200
5f757473eedfb05c,auto-a1214efd9c98,hodr@ea88247,hodr,ea88247,casemate_oracle@90fc9f3,casemate_oracle,90fc9f3,sprint,all_official,1,0,rating,a,a,1.0,core_destroyed,133,,19,280,8,11,29,0,9,7,ok,,5.106,n-62-21-97,29052208,2026-08-08T08:38:18+0200
5f9a7529b20c56ea,auto-a1214efd9c98,ragnarok_fair@79582fc,ragnarok_fair,79582fc,hodr@ea88247,hodr,ea88247,bridge,all_official,1,0,rating,a,a,1.0,titanium_collected,1000,,2339,1530,12,12,222,0,12,4,ok,,22.238,n-62-21-1,29052208,2026-08-08T08:39:25+0200
5febdee5c03f2f58,auto-a1214efd9c98,steward_hardened_reinforced@f1f2bda,steward_hardened_reinforced,f1f2bda,hodr@ea88247,hodr,ea88247,runestone,all_official,1,0,rating,a,a,1.0,core_destroyed,325,,9,50,8,17,10,280,8,17,ok,,5.177,n-62-12-4,29052208,2026-08-08T08:39:59+0200
5fee81a5c748371f,auto-a1214efd9c98,jotunn@6b39ebb,jotunn,6b39ebb,hodr@ea88247,hodr,ea88247,eider,all_official,1,0,rating,b,b,0.0,core_destroyed,473,,185,4150,13,28,48,1180,7,41,ok,,9.884,n-62-13-6,29052208,2026-08-08T08:39:02+0200
5ffb8033e0ce862c,auto-a1214efd9c98,hodr@ea88247,hodr,ea88247,skadi@aad5f44,skadi,aad5f44,eider,all_official,1,0,rating,a,a,1.0,titanium_collected,1000,,20,2480,8,11,12,0,6,7,ok,,7.198,n-62-11-62,29052208,2026-08-08T08:39:24+0200
600b6c9417a9b944,auto-a1214efd9c98,gobbleglitch@6cdc440,gobbleglitch,6cdc440,hodr@ea88247,hodr,ea88247,drumlin,all_official,1,0,rating,b,b,0.0,core_destroyed,57,,59,110,8,5,8,210,8,9,ok,,3.042,n-62-11-57,29052208,2026-08-08T08:38:26+0200
602f2488e924c678,auto-a1214efd9c98,hodr@ea88247,hodr,ea88247,steward_hardened_reinforced@f61245f,steward_hardened_reinforced,f61245f,crossfire,all_official,1,0,rating,a,a,1.0,core_destroyed,306,,65,2000,14,43,8,50,4,4,ok,,5.281,n-62-28-31,29052208,2026-08-08T08:40:35+0200
604a0098a9f8573e,auto-a1214efd9c98,odin@93e46da,odin,93e46da,hodr@ea88247,hodr,ea88247,vase,all_official,1,0,rating,b,b,0.0,core_destroyed,253,,10,120,2,0,9,590,10,7,ok,,5.147,n-62-30-25,29052208,2026-08-08T08:39:01+0200
607ac415b5a08912,auto-a1214efd9c98,strategist@2a19238,strategist,2a19238,hodr@ea88247,hodr,ea88247,bridge,all_official,1,0,rating,a,a,1.0,titanium_collected,1000,,3492,1970,5,21,10,0,7,23,ok,,7.225,n-62-11-64,29052208,2026-08-08T08:40:38+0200
609e2a8f0a246819,auto-a1214efd9c98,hodr@ea88247,hodr,ea88247,maporacle@38e1456,maporacle,38e1456,fjordgate,all_official,1,0,rating,a,a,1.0,core_destroyed,218,,10,0,8,2,9,0,9,0,ok,,4.345,n-62-21-65,29052208,2026-08-08T08:38:18+0200
60c8b30f0393914b,auto-a1214efd9c98,hodr@ea88247,hodr,ea88247,tyr@2e6c876,tyr,2e6c876,pinch,all_official,1,0,rating,a,a,1.0,core_destroyed,148,,34,720,7,25,20,290,6,7,ok,,5.577,n-62-11-67,29052208,2026-08-08T08:40:41+0200
60d1d04baee85a3b,auto-a1214efd9c98,skadi@aad5f44,skadi,aad5f44,hodr@ea88247,hodr,ea88247,duel,all_official,1,0,rating,a,a,1.0,core_destroyed,63,,10,150,5,5,72,150,7,4,ok,,2.755,n-62-11-62,29052208,2026-08-08T08:39:17+0200
60efe89980b504e5,auto-a1214efd9c98,gobbleglitch@6cdc440,gobbleglitch,6cdc440,hodr@ea88247,hodr,ea88247,bridge,all_official,1,0,rating,a,a,1.0,titanium_collected,1000,,3185,2470,13,16,16,0,11,5,ok,,12.179,n-62-11-57,29052208,2026-08-08T08:38:14+0200
612bf75a119c6397,auto-a1214efd9c98,njord@f66a427,njord,f66a427,hodr@ea88247,hodr,ea88247,sweden,all_official,1,0,rating,b,b,0.0,core_destroyed,449,,33,0,9,4,21,1080,11,21,ok,,14.542,n-62-29-13,29052208,2026-08-08T08:39:58+0200
616b1269dfde5855,auto-a1214efd9c98,fenrir2@6b39ebb,fenrir2,6b39ebb,hodr@ea88247,hodr,ea88247,archipelago,all_official,1,0,rating,b,b,0.0,core_destroyed,80,,34,540,9,32,25,240,9,14,ok,,4.538,n-62-29-16,29052208,2026-08-08T08:38:40+0200
617b7c399b62b6e2,auto-a1214efd9c98,hodr@ea88247,hodr,ea88247,skadi@aad5f44,skadi,aad5f44,duel,all_official,1,0,rating,a,a,1.0,core_destroyed,241,,8,590,7,3,9,610,5,6,ok,,3.207,n-62-11-62,29052208,2026-08-08T08:39:14+0200
61b40fb1486e9577,auto-a1214efd9c98,strategist@2e6eca5,strategist,2e6eca5,hodr@ea88247,hodr,ea88247,heart,all_official,1,0,rating,b,b,0.0,core_destroyed,333,,194,0,4,40,72,1460,13,44,ok,,9.013,n-62-21-97,29052208,2026-08-08T08:40:35+0200
61bf247f1355653d,auto-a1214efd9c98,steward_hardened_reinforced@366cd1b,steward_hardened_reinforced,366cd1b,hodr@ea88247,hodr,ea88247,antler,all_official,1,0,rating,b,b,0.0,core_destroyed,56,,20,290,6,13,18,230,7,14,ok,,3.183,n-62-29-34,29052208,2026-08-08T08:39:44+0200
61c96071e66aeac7,auto-a1214efd9c98,hodr@ea88247,hodr,ea88247,skadi@6a2af02,skadi,6a2af02,sweden,all_official,1,0,rating,a,a,1.0,core_destroyed,302,,40,620,8,19,256,550,3,11,ok,,6.376,n-62-31-21,29052208,2026-08-08T08:39:38+0200
61cab4e90da3cb11,auto-a1214efd9c98,hodr@ea88247,hodr,ea88247,pantheon_replica_day3@aa8bae0,pantheon_replica_day3,aa8bae0,hive,all_official,1,0,rating,b,b,0.0,core_destroyed,71,,10,150,9,17,10,150,9,11,ok,,4.331,n-62-31-8,29052208,2026-08-08T08:38:45+0200
61d7a1ed7fb0d35b,auto-a1214efd9c98,gefjon@f66a427,gefjon,f66a427,hodr@ea88247,hodr,ea88247,strait,all_official,1,0,rating,b,b,0.0,core_destroyed,75,,35,440,8,39,63,360,6,15,ok,,3.534,n-62-11-50,29052208,2026-08-08T08:37:59+0200
61e313653843f55d,auto-a1214efd9c98,njord@f66a427,njord,f66a427,hodr@ea88247,hodr,ea88247,antler,all_official,1,0,rating,b,b,0.0,core_destroyed,56,,20,290,6,13,18,230,7,14,ok,,3.549,n-62-21-97,29052208,2026-08-08T08:39:42+0200
61e31747befeb5ab,auto-a1214efd9c98,hodr@ea88247,hodr,ea88247,mjolnir@2e6c876,mjolnir,2e6c876,strait,all_official,1,0,rating,b,b,0.0,core_destroyed,231,,144,1480,14,22,80,1560,9,44,ok,,10.422,n-62-31-11,29052208,2026-08-08T08:39:30+0200
61f6e47ff5778d4e,auto-a1214efd9c98,mjolnir@2e6c876,mjolnir,2e6c876,hodr@ea88247,hodr,ea88247,antler,all_official,1,0,rating,b,b,0.0,core_destroyed,49,,4,190,7,8,9,110,5,6,ok,,2.599,n-62-11-66,29052208,2026-08-08T08:38:50+0200
61fc927283f5c309,auto-a1214efd9c98,prospect_rushonly@bf9b3e3,prospect_rushonly,bf9b3e3,hodr@ea88247,hodr,ea88247,saga,all_official,1,0,rating,b,b,0.0,core_destroyed,85,,8,260,8,28,17,220,8,17,ok,,3.911,n-62-12-8,29052208,2026-08-08T08:39:10+0200
62324904c89ca7ed,auto-a1214efd9c98,tempest_reinforcements@025dd51,tempest_reinforcements,025dd51,hodr@ea88247,hodr,ea88247,crossfire,all_official,1,0,rating,a,a,1.0,titanium_collected,1000,,70,120,11,7,16,100,8,7,ok,,8.601,n-62-30-23,29052208,2026-08-08T08:40:38+0200
62846249822e4e32,auto-a1214efd9c98,hodr@ea88247,hodr,ea88247,steward_hardened_reinforced@deba9ec,steward_hardened_reinforced,deba9ec,archipelago,all_official,1,0,rating,a,a,1.0,core_destroyed,69,,19,380,9,28,5,0,8,11,ok,,4.502,n-62-21-90,29052208,2026-08-08T08:40:12+0200
628cc141f25fbc20,auto-a1214efd9c98,hodr@ea88247,hodr,ea88247,odin@93e46da,odin,93e46da,fjord,all_official,1,0,rating,a,a,1.0,core_destroyed,103,,103,820,8,39,9,470,11,11,ok,,4.3,n-62-29-34,29052208,2026-08-08T08:39:21+0200
62b4f4750fe831bb,auto-a1214efd9c98,hodr@ea88247,hodr,ea88247,steward_hardened_reinforced@f61245f,steward_hardened_reinforced,f61245f,antler,all_official,1,0,rating,b,b,0.0,core_destroyed,56,,20,290,6,13,18,230,7,14,ok,,3.635,n-62-31-14,29052208,2026-08-08T08:40:16+0200
62ee75b4bcab62de,auto-a1214efd9c98,steward_hardened_reinforced@cdc552f,steward_hardened_reinforced,cdc552f,hodr@ea88247,hodr,ea88247,heart,all_official,1,0,rating,b,b,0.0,harvesters,1000,,16,0,9,5,16,0,6,8,ok,,9.707,n-62-11-64,29052208,2026-08-08T08:40:29+0200
62f618f1daeee4b4,auto-a1214efd9c98,hodr@ea88247,hodr,ea88247,skadi@aad5f44,skadi,aad5f44,moonrise,all_official,1,0,rating,a,a,1.0,core_destroyed,111,,9,460,5,10,4,250,6,7,ok,,2.587,n-62-11-63,29052208,2026-08-08T08:39:16+0200
62fc8749676354cb,auto-a1214efd9c98,hodr@ea88247,hodr,ea88247,maporacle@38e1456,maporacle,38e1456,snowflake,all_official,1,0,rating,a,a,1.0,core_destroyed,62,,42,520,7,22,10,370,8,21,ok,,3.963,n-62-21-68,29052208,2026-08-08T08:38:14+0200
62fc909c7d5e4703,auto-a1214efd9c98,spar_mender@d5b46bc,spar_mender,d5b46bc,hodr@ea88247,hodr,ea88247,snowflake,all_official,1,0,rating,a,a,1.0,core_destroyed,161,,37,1280,17,25,9,380,7,36,ok,,7.054,n-62-29-16,29052208,2026-08-08T08:39:36+0200
630091f071081185,auto-a1214efd9c98,hodr@ea88247,hodr,ea88247,odin@38e1456,odin,38e1456,fjord,all_official,1,0,rating,b,b,0.0,core_destroyed,69,,8,410,8,31,19,440,10,13,ok,,3.965,n-62-29-21,29052208,2026-08-08T08:38:54+0200
6340257a44137d0b,auto-a1214efd9c98,hodr@ea88247,hodr,ea88247,odin@38e1456,odin,38e1456,vault,all_official,1,0,rating,a,a,1.0,core_destroyed,239,,9,1140,7,17,9,740,9,22,ok,,6.036,n-62-29-33,29052208,2026-08-08T08:39:44+0200
637c72adace02bc5,auto-a1214efd9c98,skadi@aad5f44,skadi,aad5f44,hodr@ea88247,hodr,ea88247,string,all_official,1,0,rating,b,b,0.0,core_destroyed,181,,270,940,7,7,112,1140,7,15,ok,,5.733,n-62-11-66,29052208,2026-08-08T08:39:50+0200
63a19c27e51b0f74,auto-a1214efd9c98,skadi@1e4eddf,skadi,1e4eddf,hodr@ea88247,hodr,ea88247,showdown,all_official,1,0,rating,b,b,0.0,titanium_collected,1000,,16,0,6,1,17,70,5,9,ok,,6.23,n-62-21-10,29052208,2026-08-08T08:39:40+0200
63be219c2d9736c4,auto-a1214efd9c98,hodr@ea88247,hodr,ea88247,jotunn@6b39ebb,jotunn,6b39ebb,quarry,all_official,1,0,rating,a,a,1.0,core_destroyed,100,,38,720,8,30,23,250,7,24,ok,,3.288,n-62-12-66,29052208,2026-08-08T08:38:03+0200
63c8336a21548cd3,auto-a1214efd9c98,steward_hardened_reinforced@672ee02,steward_hardened_reinforced,672ee02,hodr@ea88247,hodr,ea88247,aurora,all_official,1,0,rating,a,a,1.0,core_destroyed,85,,6,480,9,28,9,330,9,21,ok,,4.705,n-62-31-8,29052208,2026-08-08T08:40:00+0200
63d1f958d6a58f59,auto-a1214efd9c98,skadi@1e4eddf,skadi,1e4eddf,hodr@ea88247,hodr,ea88247,twins,all_official,1,0,rating,a,a,1.0,core_destroyed,141,,20,390,7,17,194,330,8,18,ok,,4.364,n-62-21-17,29052208,2026-08-08T08:39:04+0200
63d9d877444147a2,auto-a1214efd9c98,hodr@ea88247,hodr,ea88247,steward_hardened_reinforced@deba9ec,steward_hardened_reinforced,deba9ec,skerry,all_official,1,0,rating,a,a,1.0,core_destroyed,96,,28,640,11,12,12,300,8,14,ok,,4.895,n-62-12-7,29052208,2026-08-08T08:39:50+0200
63e493f4f079d60d,auto-a1214efd9c98,steward_hardened_reinforced@f1f2bda,steward_hardened_reinforced,f1f2bda,hodr@ea88247,hodr,ea88247,vase,all_official,1,0,rating,b,b,0.0,core_destroyed,121,,37,230,8,8,33,260,7,15,ok,,4.796,n-62-31-14,29052208,2026-08-08T08:40:01+0200
63fc7e099535c9ac,auto-a1214efd9c98,hodr@ea88247,hodr,ea88247,steward_hardened_reinforced@f1f2bda,steward_hardened_reinforced,f1f2bda,vase,all_official,1,0,rating,b,b,0.0,core_destroyed,121,,37,230,8,8,33,260,7,15,ok,,4.809,n-62-31-14,29052208,2026-08-08T08:39:56+0200
6400776901986833,auto-a1214efd9c98,prospect@bf9b3e3,prospect,bf9b3e3,hodr@ea88247,hodr,ea88247,skerry,all_official,1,0,rating,b,b,0.0,core_destroyed,69,,2,410,9,17,8,210,8,15,ok,,3.843,n-62-11-51,29052208,2026-08-08T08:38:52+0200
640464ddf5b5bc0f,auto-a1214efd9c98,heimdall@daf0de0,heimdall,daf0de0,hodr@ea88247,hodr,ea88247,sprint,all_official,1,0,rating,b,b,0.0,core_destroyed,105,,8,0,7,0,10,100,6,4,ok,,3.259,n-62-12-6,29052208,2026-08-08T08:37:59+0200
640c2cd325536b71,auto-a1214efd9c98,maporacle@38e1456,maporacle,38e1456,hodr@ea88247,hodr,ea88247,showdown,all_official,1,0,rating,b,b,0.0,core_destroyed,138,,10,0,7,6,119,660,8,28,ok,,4.063,n-62-21-68,29052208,2026-08-08T08:38:00+0200
6413312bac67dada,auto-a1214efd9c98,hodr@ea88247,hodr,ea88247,casemate_oracle@90fc9f3,casemate_oracle,90fc9f3,archipelago,all_official,1,0,rating,a,a,1.0,core_destroyed,125,,89,1350,10,39,416,0,4,3,ok,,4.215,n-62-11-66,29052208,2026-08-08T08:38:09+0200
64239675bc0cd365,auto-a1214efd9c98,skadi@1e4eddf,skadi,1e4eddf,hodr@ea88247,hodr,ea88247,hive,all_official,1,0,rating,b,b,0.0,core_destroyed,106,,8,280,7,24,9,430,7,24,ok,,4.243,n-62-21-5,29052208,2026-08-08T08:39:28+0200
643079eff5cee305,auto-a1214efd9c98,bastion@840a180,bastion,840a180,hodr@ea88247,hodr,ea88247,strait,all_official,1,0,rating,a,a,1.0,core_destroyed,83,,48,440,8,29,10,440,10,25,ok,,4.505,n-62-11-64,29052208,2026-08-08T08:38:00+0200
644800ba74af0bb6,auto-a1214efd9c98,hodr@ea88247,hodr,ea88247,odin@38e1456,odin,38e1456,eider,all_official,1,0,rating,a,a,1.0,core_destroyed,757,,9,1870,10,8,2,1810,8,16,ok,,8.201,n-62-29-21,29052208,2026-08-08T08:38:46+0200
6459f08855295a28,auto-a1214efd9c98,hodr@ea88247,hodr,ea88247,odin@93e46da,odin,93e46da,skerry,all_official,1,0,rating,a,a,1.0,core_destroyed,92,,28,610,12,22,30,640,10,26,ok,,5.067,n-62-30-23,29052208,2026-08-08T08:39:20+0200
6462b4833717857c,auto-a1214efd9c98,freyr@c2c0d3d,freyr,c2c0d3d,hodr@ea88247,hodr,ea88247,sprint,all_official,1,0,rating,a,a,1.0,core_destroyed,401,,4,20,6,6,10,90,7,1,ok,,4.658,n-62-31-17,29052208,2026-08-08T08:38:09+0200
64916054a395e446,auto-a1214efd9c98,hodr@ea88247,hodr,ea88247,spar_mender@d5b46bc,spar_mender,d5b46bc,runestone,all_official,1,0,rating,b,b,0.0,core_destroyed,437,,10,90,7,16,9,100,9,14,ok,,5.913,n-62-29-15,29052208,2026-08-08T08:39:38+0200
64b438639830eec0,auto-a1214efd9c98,njord@f66a427,njord,f66a427,hodr@ea88247,hodr,ea88247,aurora,all_official,1,0,rating,a,a,1.0,core_destroyed,70,,28,430,7,30,6,250,8,22,ok,,4.224,n-62-21-98,29052208,2026-08-08T08:39:02+0200
64ba3f5c1c218fc8,auto-a1214efd9c98,steward_hardened_reinforced@366cd1b,steward_hardened_reinforced,366cd1b,hodr@ea88247,hodr,ea88247,moonrise,all_official,1,0,rating,a,a,1.0,core_destroyed,240,,33,1130,11,15,16,70,6,2,ok,,4.656,n-62-30-23,29052208,2026-08-08T08:40:06+0200
64c3457461cb7226,auto-a1214efd9c98,steward_hardened_reinforced@672ee02,steward_hardened_reinforced,672ee02,hodr@ea88247,hodr,ea88247,lighthouse,all_official,1,0,rating,b,b,0.0,core_destroyed,89,,9,310,8,7,18,380,7,11,ok,,3.483,n-62-31-4,29052208,2026-08-08T08:40:17+0200
64ca396c59925673,auto-a1214efd9c98,mistral@90fc9f3,mistral,90fc9f3,hodr@ea88247,hodr,ea88247,hive,all_official,1,0,rating,b,b,0.0,core_destroyed,56,,70,0,8,0,20,180,8,24,ok,,6.485,n-62-11-68,29052208,2026-08-08T08:38:46+0200
64ca628a40189620,auto-a1214efd9c98,steward_hardened_reinforced@f1f2bda,steward_hardened_reinforced,f1f2bda,hodr@ea88247,hodr,ea88247,string,all_official,1,0,rating,b,b,0.0,core_destroyed,247,,59,30,1,2,47,1710,14,12,ok,,7.073,n-62-21-98,29052208,2026-08-08T08:40:33+0200
64e1cf2b525f635c,auto-a1214efd9c98,steward_hardened_reinforced@cdc552f,steward_hardened_reinforced,cdc552f,hodr@ea88247,hodr,ea88247,duel,all_official,1,0,rating,a,a,1.0,core_destroyed,89,,10,250,8,9,44,400,5,6,ok,,2.635,n-62-11-64,29052208,2026-08-08T08:39:46+0200
64ed97fa28af8bf0,auto-a1214efd9c98,gefjon@f66a427,gefjon,f66a427,hodr@ea88247,hodr,ea88247,sweden,all_official,1,0,rating,b,b,0.0,core_destroyed,251,,1,70,7,11,40,560,9,13,ok,,7.784,n-62-11-50,29052208,2026-08-08T08:38:30+0200
6508b77ce927e219,auto-a1214efd9c98,skadi@1e4eddf,skadi,1e4eddf,hodr@ea88247,hodr,ea88247,fjord,all_official,1,0,rating,b,b,0.0,core_destroyed,137,,34,1050,8,45,75,1150,11,35,ok,,5.952,n-62-21-3,29052208,2026-08-08T08:40:09+0200
650efd478cccb6b0,auto-a1214efd9c98,e_t4l7@9e77076,e_t4l7,9e77076,hodr@ea88247,hodr,ea88247,vault,all_official,1,0,rating,b,b,0.0,core_destroyed,309,,1428,1500,2,9,10,1500,9,67,ok,,5.814,n-62-29-16,29052208,2026-08-08T08:38:23+0200
651cb226860a81d4,auto-a1214efd9c98,casemate_oracle@90fc9f3,casemate_oracle,90fc9f3,hodr@ea88247,hodr,ea88247,twins,all_official,1,0,rating,b,b,0.0,core_destroyed,70,,30,0,8,7,8,140,8,13,ok,,5.205,n-62-21-98,29052208,2026-08-08T08:38:17+0200
653077815e2f747b,auto-a1214efd9c98,hodr@ea88247,hodr,ea88247,odin@93e46da,odin,93e46da,heart,all_official,1,0,rating,a,a,1.0,core_destroyed,137,,9,60,7,11,10,0,7,8,ok,,3.192,n-62-29-5,29052208,2026-08-08T08:38:52+0200
65399f26a9629058,auto-a1214efd9c98,hodr@ea88247,hodr,ea88247,mistral@90fc9f3,mistral,90fc9f3,sweden,all_official,1,0,rating,a,a,1.0,core_destroyed,161,,10,250,9,19,624,0,4,0,ok,,8.811,n-62-11-64,29052208,2026-08-08T08:38:56+0200
653e4300e1b03673,auto-a1214efd9c98,hodr@ea88247,hodr,ea88247,jonbot@90fc9f3,jonbot,90fc9f3,heart,all_official,1,0,rating,a,a,1.0,core_destroyed,114,,20,430,7,23,340,0,3,8,ok,,3.304,n-62-21-11,29052208,2026-08-08T08:38:01+0200
657672f336d130a5,auto-a1214efd9c98,hodr@ea88247,hodr,ea88247,strategist@2a19238,strategist,2a19238,archipelago,all_official,1,0,rating,a,a,1.0,core_destroyed,118,,170,1560,12,49,39,0,3,31,ok,,3.964,n-62-11-63,29052208,2026-08-08T08:40:36+0200
6576a3c0f616789b,auto-a1214efd9c98,hodr@ea88247,hodr,ea88247,steward_hardened_reinforced@04300bf,steward_hardened_reinforced,04300bf,nordkap,all_official,1,0,rating,b,b,0.0,core_destroyed,155,,7,80,9,3,9,350,8,13,ok,,4.125,n-62-29-31,29052208,2026-08-08T08:39:38+0200
65b401a2b895394f,auto-a1214efd9c98,hodr@ea88247,hodr,ea88247,aegis@e55aab5,aegis,e55aab5,runestone,all_official,1,0,rating,a,a,1.0,core_destroyed,213,,9,70,6,21,10,150,11,14,ok,,5.08,n-62-31-23,29052208,2026-08-08T08:38:07+0200
65c1e381118511df,auto-a1214efd9c98,steward_hardened_reinforced@deba9ec,steward_hardened_reinforced,deba9ec,hodr@ea88247,hodr,ea88247,runestone,all_official,1,0,rating,b,b,0.0,core_destroyed,103,,1,60,7,14,10,320,8,19,ok,,3.849,n-62-12-5,29052208,2026-08-08T08:40:18+0200
65d11a882c098f6d,auto-a1214efd9c98,hodr@ea88247,hodr,ea88247,skadi@1e4eddf,skadi,1e4eddf,vault,all_official,1,0,rating,b,b,0.0,core_destroyed,470,,45,2290,10,17,8,2130,10,11,ok,,8.256,n-62-21-17,29052208,2026-08-08T08:39:32+0200
65e681466b9ddfeb,auto-a1214efd9c98,hodr@ea88247,hodr,ea88247,skadi@821d792,skadi,821d792,hive,all_official,1,0,rating,b,b,0.0,core_destroyed,152,,19,360,7,31,43,730,8,39,ok,,4.77,n-62-21-15,29052208,2026-08-08T08:39:34+0200
65ffcc584682b48b,auto-a1214efd9c98,heimdall@daf0de0,heimdall,daf0de0,hodr@ea88247,hodr,ea88247,lighthouse,all_official,1,0,rating,b,b,0.0,core_destroyed,72,,10,80,6,10,19,410,6,20,ok,,3.169,n-62-12-2,29052208,2026-08-08T08:38:45+0200
6602e369e829d1e4,auto-a1214efd9c98,bastion@840a180,bastion,840a180,hodr@ea88247,hodr,ea88247,sprint,all_official,1,0,rating,b,b,0.0,core_destroyed,121,,10,0,6,1,9,20,6,1,ok,,3.228,n-62-11-63,29052208,2026-08-08T08:38:31+0200
661312ed534c901e,auto-a1214efd9c98,hodr@ea88247,hodr,ea88247,strategist@2a19238,strategist,2a19238,antler,all_official,1,0,rating,a,a,1.0,core_destroyed,112,,92,1190,10,47,391,700,9,23,ok,,4.47,n-62-11-63,29052208,2026-08-08T08:40:24+0200
6629bfd795d6cb4f,auto-a1214efd9c98,skadi@1e4eddf,skadi,1e4eddf,hodr@ea88247,hodr,ea88247,crossfire,all_official,1,0,rating,b,b,0.0,core_destroyed,163,,94,760,9,14,10,760,10,25,ok,,5.748,n-62-21-3,29052208,2026-08-08T08:39:25+0200
66364d92fad11add,auto-a1214efd9c98,hodr@ea88247,hodr,ea88247,steward_hardened_reinforced@deba9ec,steward_hardened_reinforced,deba9ec,string,all_official,1,0,rating,b,b,0.0,core_destroyed,765,,159,210,10,2,10,0,4,2,ok,,8.83,n-62-12-7,29052208,2026-08-08T08:40:32+0200
6654b06fb99412bb,auto-a1214efd9c98,prospect_rushonly@bf9b3e3,prospect_rushonly,bf9b3e3,hodr@ea88247,hodr,ea88247,bridge,all_official,1,0,rating,a,a,1.0,core_destroyed,154,,6,310,9,11,22,0,8,4,ok,,5.394,n-62-21-90,29052208,2026-08-08T08:39:33+0200
666f1101b28d7444,auto-a1214efd9c98,gobbleglitch@6cdc440,gobbleglitch,6cdc440,hodr@ea88247,hodr,ea88247,aurora,all_official,1,0,rating,b,b,0.0,core_destroyed,645,,716,1570,11,11,10,3130,9,24,ok,,8.2,n-62-11-52,29052208,2026-08-08T08:38:36+0200
66748539c12b6063,auto-a1214efd9c98,hodr@ea88247,hodr,ea88247,mjolnir@2e6c876,mjolnir,2e6c876,vault,all_official,1,0,rating,a,a,1.0,core_destroyed,148,,26,690,11,16,17,690,6,25,ok,,5.297,n-62-21-97,29052208,2026-08-08T08:39:30+0200
6681ccdf68cf6e2e,auto-a1214efd9c98,steward_hardened_reinforced@f1f2bda,steward_hardened_reinforced,f1f2bda,hodr@ea88247,hodr,ea88247,skerry,all_official,1,0,rating,b,b,0.0,core_destroyed,143,,12,990,14,11,4,400,6,17,ok,,5.086,n-62-12-4,29052208,2026-08-08T08:40:28+0200
66b607463827adb4,auto-a1214efd9c98,lockin@90fc9f3,lockin,90fc9f3,hodr@ea88247,hodr,ea88247,pinch,all_official,1,0,rating,b,b,0.0,core_destroyed,71,,254,0,7,1,33,470,8,35,ok,,4.368,n-62-21-60,29052208,2026-08-08T08:38:14+0200
66c84c19091e8fda,auto-a1214efd9c98,steward_hardened_reinforced@cdc552f,steward_hardened_reinforced,cdc552f,hodr@ea88247,hodr,ea88247,skerry,all_official,1,0,rating,b,b,0.0,core_destroyed,92,,17,500,10,12,27,500,7,19,ok,,4.756,n-62-11-51,29052208,2026-08-08T08:40:13+0200
66e0cf9a896eea9f,auto-a1214efd9c98,hodr@ea88247,hodr,ea88247,jonbot_190003d@90fc9f3,jonbot_190003d,90fc9f3,showdown,all_official,1,0,rating,a,a,1.0,core_destroyed,189,,9,0,6,5,60,420,8,11,ok,,3.253,n-62-21-19,29052208,2026-08-08T08:38:08+0200
66e865ef1e20c316,auto-a1214efd9c98,spar_mender@7ed1acc,spar_mender,7ed1acc,hodr@ea88247,hodr,ea88247,fjordgate,all_official,1,0,rating,b,b,0.0,core_destroyed,697,,10,730,10,5,9,90,5,8,ok,,7.971,n-62-31-10,29052208,2026-08-08T08:40:09+0200
6706e52a8940848a,auto-a1214efd9c98,ragnarok_fair@79582fc,ragnarok_fair,79582fc,hodr@ea88247,hodr,ea88247,vault,all_official,1,0,rating,a,a,1.0,titanium_collected,1000,,1024,4330,8,110,12,230,7,18,ok,,11.783,n-62-21-6,29052208,2026-08-08T08:40:14+0200
6739e58f76f3d970,auto-a1214efd9c98,hodr@ea88247,hodr,ea88247,ragnarok_fair@79582fc,ragnarok_fair,79582fc,runestone,all_official,1,0,rating,a,a,1.0,core_destroyed,75,,19,260,7,19,10,160,9,13,ok,,3.854,n-62-21-14,29052208,2026-08-08T08:39:17+0200
67671a70aab6c90f,auto-a1214efd9c98,hodr@ea88247,hodr,ea88247,odin@93e46da,odin,93e46da,nordkap,all_official,1,0,rating,a,a,1.0,core_destroyed,97,,9,150,9,4,10,210,7,9,ok,,3.434,n-62-29-17,29052208,2026-08-08T08:39:04+0200
67710ea04281b9e5,auto-a1214efd9c98,jotunn@6b39ebb,jotunn,6b39ebb,hodr@ea88247,hodr,ea88247,quarry,all_official,1,0,rating,b,b,0.0,core_destroyed,179,,36,300,6,17,72,1140,10,25,ok,,4.442,n-62-12-66,29052208,2026-08-08T08:38:07+0200
678fba86412146f7,auto-a1214efd9c98,e_t4l7@9e77076,e_t4l7,9e77076,hodr@ea88247,hodr,ea88247,quarry,all_official,1,0,rating,b,b,0.0,core_destroyed,57,,82,170,6,27,10,220,8,22,ok,,3.235,n-62-28-34,29052208,2026-08-08T08:39:04+0200
67989f8a9984fcce,auto-a1214efd9c98,maporacle@38e1456,maporacle,38e1456,hodr@ea88247,hodr,ea88247,lighthouse,all_official,1,0,rating,b,b,0.0,core_destroyed,164,,16,120,5,5,46,1220,10,37,ok,,4.865,n-62-21-66,29052208,2026-08-08T08:38:19+0200
67b37496061c8fec,auto-a1214efd9c98,hodr@ea88247,hodr,ea88247,strategist@2a19238,strategist,2a19238,sweden,all_official,1,0,rating,a,a,1.0,titanium_collected,1000,,20,2400,10,19,271,90,0,9,ok,,10.629,n-62-29-24,29052208,2026-08-08T08:40:27+0200
67c0834c339e78fc,auto-a1214efd9c98,heimdall@daf0de0,heimdall,daf0de0,hodr@ea88247,hodr,ea88247,atoll,all_official,1,0,rating,b,b,0.0,core_destroyed,157,,10,730,9,16,8,730,9,12,ok,,4.993,n-62-12-7,29052208,2026-08-08T08:38:08+0200
67d4a3c998883005,auto-a1214efd9c98,hodr@ea88247,hodr,ea88247,skadi@821d792,skadi,821d792,runestone,all_official,1,0,rating,a,a,1.0,core_destroyed,132,,19,540,8,19,16,110,7,17,ok,,3.723,n-62-31-24,29052208,2026-08-08T08:39:27+0200
67f7990935a28a72,auto-a1214efd9c98,hodr@ea88247,hodr,ea88247,njord@f66a427,njord,f66a427,bridge,all_official,1,0,rating,b,b,0.0,titanium_stored,1000,,205,0,13,12,251,0,9,5,ok,,27.895,n-62-21-98,29052208,2026-08-08T08:39:30+0200
68003d7ff17abeba,auto-a1214efd9c98,hodr@ea88247,hodr,ea88247,heimdall@daf0de0,heimdall,daf0de0,drumlin,all_official,1,0,rating,a,a,1.0,core_destroyed,58,,8,310,8,22,10,220,9,20,ok,,4.244,n-62-12-8,29052208,2026-08-08T08:37:55+0200
680dc95cce5673d7,auto-a1214efd9c98,hodr@ea88247,hodr,ea88247,prospect@bf9b3e3,prospect,bf9b3e3,jackpot,all_official,1,0,rating,b,b,0.0,core_destroyed,119,,182,530,10,19,20,480,9,22,ok,,4.59,n-62-11-50,29052208,2026-08-08T08:39:19+0200
681500fd57ca5eef,auto-a1214efd9c98,skadi@821d792,skadi,821d792,hodr@ea88247,hodr,ea88247,skerry,all_official,1,0,rating,a,a,1.0,core_destroyed,93,,9,430,9,12,33,580,6,23,ok,,4.614,n-62-11-67,29052208,2026-08-08T08:39:21+0200
681d25e5f05bbd67,auto-a1214efd9c98,skadi@aad5f44,skadi,aad5f44,hodr@ea88247,hodr,ea88247,quarry,all_official,1,0,rating,b,b,0.0,core_destroyed,67,,36,310,8,22,18,300,8,22,ok,,3.419,n-62-11-63,29052208,2026-08-08T08:39:49+0200
683ba86419324ec4,auto-a1214efd9c98,bastion@840a180,bastion,840a180,hodr@ea88247,hodr,ea88247,lighthouse,all_official,1,0,rating,b,b,0.0,core_destroyed,93,,32,450,7,15,18,540,8,9,ok,,3.302,n-62-11-62,29052208,2026-08-08T08:38:24+0200
6861243b759d15d3,auto-a1214efd9c98,hodr@ea88247,hodr,ea88247,aegis@e55aab5,aegis,e55aab5,duel,all_official,1,0,rating,a,a,1.0,core_destroyed,70,,16,310,7,9,6,210,7,5,ok,,3.352,n-62-31-4,29052208,2026-08-08T08:38:10+0200
686225b17e251215,auto-a1214efd9c98,steward_hardened_reinforced@deba9ec,steward_hardened_reinforced,deba9ec,hodr@ea88247,hodr,ea88247,archipelago,all_official,1,0,rating,b,b,0.0,core_destroyed,72,,60,400,10,26,18,180,6,17,ok,,5.009,n-62-21-90,29052208,2026-08-08T08:40:17+0200
688829610411f400,auto-a1214efd9c98,hodr@ea88247,hodr,ea88247,freyr@c2c0d3d,freyr,c2c0d3d,fjordgate,all_official,1,0,rating,a,a,1.0,core_destroyed,164,,30,760,6,25,230,10,2,3,ok,,3.088,n-62-29-17,29052208,2026-08-08T08:37:54+0200
68964374cd2fc86f,auto-a1214efd9c98,gobbleglitch@6cdc440,gobbleglitch,6cdc440,hodr@ea88247,hodr,ea88247,archipelago,all_official,1,0,rating,b,b,0.0,core_destroyed,137,,59,0,8,0,10,260,8,10,ok,,3.633,n-62-11-52,29052208,2026-08-08T08:38:17+0200
689c57338c46d47e,auto-a1214efd9c98,casemate_oracle@90fc9f3,casemate_oracle,90fc9f3,hodr@ea88247,hodr,ea88247,archipelago,all_official,1,0,rating,b,b,0.0,core_destroyed,92,,354,0,4,12,30,300,7,32,ok,,3.456,n-62-11-66,29052208,2026-08-08T08:38:12+0200
68a910ec756dc103,auto-a1214efd9c98,hodr@ea88247,hodr,ea88247,strategist@2a19238,strategist,2a19238,meander,all_official,1,0,rating,a,a,1.0,core_destroyed,243,,18,1360,8,30,39,220,5,36,ok,,4.448,n-62-29-21,29052208,2026-08-08T08:40:42+0200
68a9bf31ce9bf857,auto-a1214efd9c98,fenrir2@6b39ebb,fenrir2,6b39ebb,hodr@ea88247,hodr,ea88247,fjordgate,all_official,1,0,rating,b,b,0.0,core_destroyed,446,,35,0,5,0,10,30,7,1,ok,,5.647,n-62-29-24,29052208,2026-08-08T08:38:22+0200
68b1667b33b5a298,auto-a1214efd9c98,hodr@ea88247,hodr,ea88247,aegis@e55aab5,aegis,e55aab5,fjord,all_official,1,0,rating,a,a,1.0,core_destroyed,87,,39,560,8,18,4,450,8,15,ok,,3.683,n-62-31-4,29052208,2026-08-08T08:38:24+0200
68d6c67e49d6c6ef,auto-a1214efd9c98,skadi@821d792,skadi,821d792,hodr@ea88247,hodr,ea88247,eider,all_official,1,0,rating,b,b,0.0,core_destroyed,221,,45,960,9,11,132,1470,6,46,ok,,5.847,n-62-31-23,29052208,2026-08-08T08:40:27+0200
68e248a00101fbdf,auto-a1214efd9c98,njord@f66a427,njord,f66a427,hodr@ea88247,hodr,ea88247,twins,all_official,1,0,rating,a,a,1.0,core_destroyed,120,,20,280,8,9,14,160,8,14,ok,,3.464,n-62-29-13,29052208,2026-08-08T08:40:05+0200
68eef466897cc3d6,auto-a1214efd9c98,hodr@ea88247,hodr,ea88247,steward_relent@7ed1acc,steward_relent,7ed1acc,moonrise,all_official,1,0,rating,a,a,1.0,core_destroyed,176,,29,810,9,15,16,70,6,4,ok,,3.964,n-62-11-61,29052208,2026-08-08T08:40:13+0200
68f2d976432adb3d,auto-a1214efd9c98,hodr@ea88247,hodr,ea88247,ullr@7d1ab4e,ullr,7d1ab4e,sprint,all_official,1,0,rating,a,a,1.0,core_destroyed,301,,9,20,6,4,10,90,7,5,ok,,3.896,n-62-11-50,29052208,2026-08-08T08:40:42+0200
690fd20007f3d494,auto-a1214efd9c98,hodr@ea88247,hodr,ea88247,steward_hardened_reinforced@deba9ec,steward_hardened_reinforced,deba9ec,hive,all_official,1,0,rating,b,b,0.0,core_destroyed,69,,10,150,9,20,19,250,9,20,ok,,4.693,n-62-31-10,29052208,2026-08-08T08:40:24+0200
69505289e6971e66,auto-a1214efd9c98,skadi@821d792,skadi,821d792,hodr@ea88247,hodr,ea88247,archipelago,all_official,1,0,rating,b,b,0.0,core_destroyed,188,,148,1620,14,29,29,780,9,19,ok,,6.635,n-62-31-22,29052208,2026-08-08T08:39:35+0200
6955287c012cf829,auto-a1214efd9c98,hodr@ea88247,hodr,ea88247,e_t4l7@9e77076,e_t4l7,9e77076,quarry,all_official,1,0,rating,a,a,1.0,core_destroyed,917,,8,6690,8,30,6341,8880,9,30,ok,,11.171,n-62-28-34,29052208,2026-08-08T08:39:01+0200
698332190b389f1d,auto-a1214efd9c98,hodr@ea88247,hodr,ea88247,steward_relent@7ed1acc,steward_relent,7ed1acc,nordkap,all_official,1,0,rating,b,b,0.0,titanium_collected,1000,,20,80,9,7,16,360,8,9,ok,,8.023,n-62-11-61,29052208,2026-08-08T08:40:26+0200
698bc3e49ad88ec4,auto-a1214efd9c98,hodr@ea88247,hodr,ea88247,spar_mender@7ed1acc,spar_mender,7ed1acc,lighthouse,all_official,1,0,rating,a,a,1.0,core_destroyed,88,,219,860,7,32,41,580,10,19,ok,,4.745,n-62-31-11,29052208,2026-08-08T08:39:43+0200
699d259452ecaaae,auto-a1214efd9c98,hodr@ea88247,hodr,ea88247,steward_reinforced@a8dc58a,steward_reinforced,a8dc58a,pinch,all_official,1,0,rating,a,a,1.0,core_destroyed,109,,9,240,8,7,10,250,7,11,ok,,3.733,n-62-31-23,29052208,2026-08-08T08:40:40+0200
6a46d6164fb018fa,auto-a1214efd9c98,pantheon_replica_day3@aa8bae0,pantheon_replica_day3,aa8bae0,hodr@ea88247,hodr,ea88247,bridge,all_official,1,0,rating,b,b,0.0,core_destroyed,209,,352,0,6,4,10,0,8,5,ok,,4.582,n-62-31-13,29052208,2026-08-08T08:39:09+0200
6a5b5b9fef7338d2,auto-a1214efd9c98,pantheon_replica_day3@aa8bae0,pantheon_replica_day3,aa8bae0,hodr@ea88247,hodr,ea88247,duel,all_official,1,0,rating,a,a,1.0,core_destroyed,138,,9,330,9,7,14,400,5,4,ok,,3.966,n-62-31-17,29052208,2026-08-08T08:38:51+0200
6a6027e6034f51d1,auto-a1214efd9c98,skadi@821d792,skadi,821d792,hodr@ea88247,hodr,ea88247,twins,all_official,1,0,rating,a,a,1.0,core_destroyed,141,,20,390,7,17,194,330,8,18,ok,,4.477,n-62-11-60,29052208,2026-08-08T08:39:46+0200
6a8330a6fc5f0f38,auto-a1214efd9c98,heimdall@daf0de0,heimdall,daf0de0,hodr@ea88247,hodr,ea88247,bridge,all_official,1,0,rating,a,a,1.0,titanium_collected,1000,,2197,3510,9,16,802,0,10,2,ok,,20.285,n-62-12-7,29052208,2026-08-08T08:38:41+0200
6aa430a9446762cd,auto-a1214efd9c98,hodr@ea88247,hodr,ea88247,steward_hardened_reinforced@366cd1b,steward_hardened_reinforced,366cd1b,vase,all_official,1,0,rating,b,b,0.0,core_destroyed,121,,37,230,8,8,33,260,7,15,ok,,4.564,n-62-31-17,29052208,2026-08-08T08:40:23+0200
6aa4f24c1d1c2267,auto-a1214efd9c98,hodr@ea88247,hodr,ea88247,steward_hardened_reinforced@672ee02,steward_hardened_reinforced,672ee02,atoll,all_official,1,0,rating,a,a,1.0,core_destroyed,95,,35,420,6,16,9,420,10,8,ok,,4.854,n-62-31-8,29052208,2026-08-08T08:39:43+0200
6ab6bb63dd274672,auto-a1214efd9c98,jonbot@90fc9f3,jonbot,90fc9f3,hodr@ea88247,hodr,ea88247,sweden,all_official,1,0,rating,b,b,0.0,core_destroyed,166,,550,0,2,4,24,380,8,19,ok,,6.036,n-62-21-24,29052208,2026-08-08T08:38:56+0200
6ac3ec81c1b7fe42,auto-a1214efd9c98,hodr@ea88247,hodr,ea88247,skadi@aad5f44,skadi,aad5f44,heart,all_official,1,0,rating,a,a,1.0,core_destroyed,104,,24,140,6,15,20,0,6,10,ok,,3.457,n-62-11-61,29052208,2026-08-08T08:39:08+0200
6aefeffe42b51bc9,auto-a1214efd9c98,skadi@1e4eddf,skadi,1e4eddf,hodr@ea88247,hodr,ea88247,duel,all_official,1,0,rating,a,a,1.0,core_destroyed,63,,10,150,5,5,72,150,7,4,ok,,3.531,n-62-21-3,29052208,2026-08-08T08:39:41+0200
6af1eb8d11f595e9,auto-a1214efd9c98,skadi@6a2af02,skadi,6a2af02,hodr@ea88247,hodr,ea88247,longship,all_official,1,0,rating,a,a,1.0,core_destroyed,572,,42,2770,10,24,18,2610,10,21,ok,,14.509,n-62-31-5,29052208,2026-08-08T08:40:07+0200
6afa3e6805297b19,auto-a1214efd9c98,hodr@ea88247,hodr,ea88247,tempest_reinforcements@38f9c23,tempest_reinforcements,38f9c23,strait,all_official,1,0,rating,a,a,1.0,core_destroyed,65,,38,350,7,28,13,180,10,12,ok,,3.698,n-62-31-4,29052208,2026-08-08T08:40:36+0200
6b2eb0ef6cf7d8f3,auto-a1214efd9c98,hodr@ea88247,hodr,ea88247,steward_hardened_reinforced@c04e46e,steward_hardened_reinforced,c04e46e,skerry,all_official,1,0,rating,a,a,1.0,core_destroyed,110,,70,750,9,14,6,320,6,16,ok,,3.984,n-62-11-68,29052208,2026-08-08T08:40:29+0200
6b383cb93275e46a,auto-a1214efd9c98,hodr@ea88247,hodr,ea88247,odin@93e46da,odin,93e46da,vault,all_official,1,0,rating,b,b,0.0,core_destroyed,107,,0,210,11,13,9,470,8,25,ok,,4.742,n-62-30-25,29052208,2026-08-08T08:39:06+0200
6b8c52699607d887,auto-a1214efd9c98,hodr@ea88247,hodr,ea88247,steward_reinforced@a8dc58a,steward_reinforced,a8dc58a,archipelago,all_official,1,0,rating,a,a,1.0,core_destroyed,80,,64,460,8,28,10,0,9,16,ok,,4.751,n-62-29-16,29052208,2026-08-08T08:40:12+0200
6b98ade12a85ee4d,auto-a1214efd9c98,jotunn@6b39ebb,jotunn,6b39ebb,hodr@ea88247,hodr,ea88247,duel,all_official,1,0,rating,b,b,0.0,core_destroyed,112,,21,370,9,23,21,520,7,14,ok,,3.676,n-62-13-6,29052208,2026-08-08T08:38:45+0200
6bc8799bb5692d23,auto-a1214efd9c98,steward_hardened_reinforced@c04e46e,steward_hardened_reinforced,c04e46e,hodr@ea88247,hodr,ea88247,crossfire,all_official,1,0,rating,a,a,1.0,titanium_collected,1000,,16,650,8,11,16,50,5,5,ok,,7.174,n-62-11-50,29052208,2026-08-08T08:39:44+0200
6becb49295caf3a7,auto-a1214efd9c98,hodr@ea88247,hodr,ea88247,njord@f66a427,njord,f66a427,drumlin,all_official,1,0,rating,b,b,0.0,core_destroyed,67,,24,200,7,17,9,350,7,17,ok,,3.735,n-62-28-28,29052208,2026-08-08T08:38:39+0200
6bf1a2f5843ee036,auto-a1214efd9c98,maporacle@38e1456,maporacle,38e1456,hodr@ea88247,hodr,ea88247,drumlin,all_official,1,0,rating,b,b,0.0,core_destroyed,124,,19,500,6,16,123,1190,11,24,ok,,4.969,n-62-21-64,29052208,2026-08-08T08:38:46+0200
6bfa660487f173e3,auto-a1214efd9c98,steward_hardened_reinforced@deba9ec,steward_hardened_reinforced,deba9ec,hodr@ea88247,hodr,ea88247,longship,all_official,1,0,rating,b,b,0.0,core_destroyed,197,,9,470,8,14,8,490,6,22,ok,,5.44,n-62-12-1,29052208,2026-08-08T08:40:07+0200
6c066b260183fc84,auto-a1214efd9c98,hodr@ea88247,hodr,ea88247,steward_hardened_reinforced@04300bf,steward_hardened_reinforced,04300bf,fjordgate,all_official,1,0,rating,a,a,1.0,core_destroyed,123,,20,550,6,25,227,10,2,3,ok,,2.994,n-62-29-9,29052208,2026-08-08T08:39:54+0200
6c13f35035f5a237,auto-a1214efd9c98,steward_hardened_reinforced@f61245f,steward_hardened_reinforced,f61245f,hodr@ea88247,hodr,ea88247,archipelago,all_official,1,0,rating,a,a,1.0,core_destroyed,68,,19,370,9,27,10,160,8,14,ok,,4.409,n-62-31-14,29052208,2026-08-08T08:40:29+0200
6c51a1ae247ae1b1,auto-a1214efd9c98,mjolnir@2e6c876,mjolnir,2e6c876,hodr@ea88247,hodr,ea88247,runestone,all_official,1,0,rating,b,b,0.0,core_destroyed,85,,11,150,6,13,9,180,8,22,ok,,3.587,n-62-31-10,29052208,2026-08-08T08:39:05+0200
6c5c6c28631ada4d,auto-a1214efd9c98,steward_hardened_reinforced@04300bf,steward_hardened_reinforced,04300bf,hodr@ea88247,hodr,ea88247,atoll,all_official,1,0,rating,a,a,1.0,core_destroyed,91,,13,400,8,17,16,400,9,8,ok,,3.839,n-62-29-24,29052208,2026-08-08T08:39:33+0200
6c6de77f4835dca6,auto-a1214efd9c98,janus@8a1e7a1,janus,8a1e7a1,hodr@ea88247,hodr,ea88247,sweden,all_official,1,0,rating,a,a,1.0,core_destroyed,269,,60,170,3,12,134,630,9,18,ok,,7.88,n-62-21-14,29052208,2026-08-08T08:38:15+0200
6c71b6f6102ac767,auto-a1214efd9c98,hodr@ea88247,hodr,ea88247,e_t4l7@9e77076,e_t4l7,9e77076,crossfire,all_official,1,0,rating,b,b,0.0,titanium_collected,1000,,54,4610,8,14,5259,4960,2,10,ok,,10.622,n-62-28-28,29052208,2026-08-08T08:39:08+0200
6c8d30eacf6f5a12,auto-a1214efd9c98,freyr@c2c0d3d,freyr,c2c0d3d,hodr@ea88247,hodr,ea88247,heart,all_official,1,0,rating,b,b,0.0,titanium_collected,1000,,18,0,8,4,18,60,6,7,ok,,8.523,n-62-29-17,29052208,2026-08-08T08:38:17+0200
6c9a92fb6a39c23d,auto-a1214efd9c98,hodr@ea88247,hodr,ea88247,steward_hardened_reinforced@deba9ec,steward_hardened_reinforced,deba9ec,runestone,all_official,1,0,rating,b,b,0.0,titanium_collected,1000,,16,70,8,16,16,330,9,22,ok,,11.317,n-62-12-5,29052208,2026-08-08T08:40:14+0200
6cb869b538ae65d5,auto-a1214efd9c98,prospect_rushonly@bf9b3e3,prospect_rushonly,bf9b3e3,hodr@ea88247,hodr,ea88247,string,all_official,1,0,rating,a,a,1.0,titanium_collected,1000,,5944,5030,6,9,20,120,2,1,ok,,5.348,n-62-12-2,29052208,2026-08-08T08:39:12+0200
6cdae1f0dcdb662b,auto-a1214efd9c98,hodr@ea88247,hodr,ea88247,ragnarok_fair@79582fc,ragnarok_fair,79582fc,fjord,all_official,1,0,rating,b,b,0.0,core_destroyed,62,,38,420,8,33,2,370,10,19,ok,,3.928,n-62-21-12,29052208,2026-08-08T08:39:00+0200
6ce0bac9690eb2a6,auto-a1214efd9c98,hodr@ea88247,hodr,ea88247,tempest_reinforcements@025dd51,tempest_reinforcements,025dd51,meander,all_official,1,0,rating,b,b,0.0,core_destroyed,349,,10,70,7,8,59,10,8,6,ok,,5.562,n-62-30-25,29052208,2026-08-08T08:40:44+0200
6ce910d1a5a1e097,auto-a1214efd9c98,strategist@2e6eca5,strategist,2e6eca5,hodr@ea88247,hodr,ea88247,runestone,all_official,1,0,rating,a,a,1.0,titanium_collected,1000,,2164,7350,16,45,16,2470,6,22,ok,,15.735,n-62-21-98,29052208,2026-08-08T08:40:42+0200
6d200984decbcfa9,auto-a1214efd9c98,janus@8a1e7a1,janus,8a1e7a1,hodr@ea88247,hodr,ea88247,crossfire,all_official,1,0,rating,b,b,0.0,core_destroyed,57,,10,100,7,10,8,230,7,8,ok,,3.428,n-62-21-12,29052208,2026-08-08T08:38:28+0200
6d4bf526da88e62e,auto-a1214efd9c98,hodr@ea88247,hodr,ea88247,steward_hardened_reinforced@cdc552f,steward_hardened_reinforced,cdc552f,moonrise,all_official,1,0,rating,a,a,1.0,core_destroyed,158,,39,700,7,10,8,0,8,3,ok,,4.539,n-62-21-92,29052208,2026-08-08T08:39:46+0200
6d6dc63e27069df5,auto-a1214efd9c98,hodr@ea88247,hodr,ea88247,jonbot_190003d@90fc9f3,jonbot_190003d,90fc9f3,longship,all_official,1,0,rating,b,b,0.0,core_destroyed,323,,7,80,7,11,59,510,8,17,ok,,4.554,n-62-21-16,29052208,2026-08-08T08:38:22+0200
6d778104200014cc,auto-a1214efd9c98,hodr@ea88247,hodr,ea88247,spar_mender@d5b46bc,spar_mender,d5b46bc,aurora,all_official,1,0,rating,b,b,0.0,core_destroyed,140,,16,400,7,21,18,600,10,24,ok,,4.067,n-62-28-31,29052208,2026-08-08T08:39:55+0200
6da778964671f81a,auto-a1214efd9c98,hodr@ea88247,hodr,ea88247,spar_mender@7ed1acc,spar_mender,7ed1acc,string,all_official,1,0,rating,a,a,1.0,core_destroyed,235,,29,1110,11,11,96,530,4,4,ok,,6.862,n-62-28-28,29052208,2026-08-08T08:39:28+0200
6dddf6c6da5e0ad0,auto-a1214efd9c98,mistral@90fc9f3,mistral,90fc9f3,hodr@ea88247,hodr,ea88247,pinch,all_official,1,0,rating,b,b,0.0,core_destroyed,49,,264,0,6,0,10,100,8,14,ok,,3.839,n-62-11-62,29052208,2026-08-08T08:39:02+0200
6de8e3cce68e1bb8,auto-a1214efd9c98,gefjon@f66a427,gefjon,f66a427,hodr@ea88247,hodr,ea88247,bridge,all_official,1,0,rating,a,a,1.0,core_destroyed,669,,9,0,9,3,10,0,14,7,ok,,12.937,n-62-31-8,29052208,2026-08-08T08:38:44+0200
6e085038b1248299,auto-a1214efd9c98,skadi@aad5f44,skadi,aad5f44,hodr@ea88247,hodr,ea88247,fjord,all_official,1,0,rating,b,b,0.0,core_destroyed,137,,34,1050,8,45,75,1150,11,35,ok,,4.836,n-62-11-62,29052208,2026-08-08T08:39:39+0200
6e293534002926ad,auto-a1214efd9c98,ragnarok_fair@79582fc,ragnarok_fair,79582fc,hodr@ea88247,hodr,ea88247,string,all_official,1,0,rating,a,a,1.0,core_destroyed,531,,1772,3360,6,8,87,1320,17,3,ok,,16.249,n-62-21-6,29052208,2026-08-08T08:39:11+0200
6e391df1b6fd29d7,auto-a1214efd9c98,fenrir2@6b39ebb,fenrir2,6b39ebb,hodr@ea88247,hodr,ea88247,lighthouse,all_official,1,0,rating,b,b,0.0,core_destroyed,164,,16,120,5,5,46,1220,10,37,ok,,4.732,n-62-29-9,29052208,2026-08-08T08:38:34+0200
6e508f28d6812b7a,auto-a1214efd9c98,hodr@ea88247,hodr,ea88247,steward_hardened_reinforced@c04e46e,steward_hardened_reinforced,c04e46e,longship,all_official,1,0,rating,b,b,0.0,core_destroyed,71,,7,240,8,15,8,260,7,24,ok,,4.147,n-62-11-57,29052208,2026-08-08T08:39:37+0200
6e8209ae8cacceb5,auto-a1214efd9c98,jonbot@90fc9f3,jonbot,90fc9f3,hodr@ea88247,hodr,ea88247,longship,all_official,1,0,rating,b,b,0.0,core_destroyed,114,,508,260,5,14,10,260,8,20,ok,,4.589,n-62-21-10,29052208,2026-08-08T08:38:11+0200
6e8ecd6211576842,auto-a1214efd9c98,hodr@ea88247,hodr,ea88247,steward_hardened_reinforced@366cd1b,steward_hardened_reinforced,366cd1b,sprint,all_official,1,0,rating,a,a,1.0,core_destroyed,301,,9,20,6,4,10,90,7,5,ok,,4.48,n-62-30-25,29052208,2026-08-08T08:39:52+0200
6ea311fce45ec1b9,auto-a1214efd9c98,hodr@ea88247,hodr,ea88247,odin@38e1456,odin,38e1456,saga,all_official,1,0,rating,b,b,0.0,core_destroyed,92,,41,320,8,23,28,410,6,32,ok,,4.031,n-62-29-9,29052208,2026-08-08T08:39:25+0200
6ea37093112b82e4,auto-a1214efd9c98,hodr@ea88247,hodr,ea88247,skadi@1e4eddf,skadi,1e4eddf,aurora,all_official,1,0,rating,a,a,1.0,core_destroyed,98,,141,720,8,32,8,330,8,24,ok,,4.352,n-62-21-9,29052208,2026-08-08T08:39:38+0200
6ec6ad556dd17701,auto-a1214efd9c98,hodr@ea88247,hodr,ea88247,skadi@821d792,skadi,821d792,longship,all_official,1,0,rating,a,a,1.0,core_destroyed,98,,2,380,8,17,6,290,8,21,ok,,3.986,n-62-21-16,29052208,2026-08-08T08:39:12+0200
6eebccceafd5172a,auto-a1214efd9c98,skadi@821d792,skadi,821d792,hodr@ea88247,hodr,ea88247,sprint,all_official,1,0,rating,a,a,1.0,titanium_collected,1000,,16,790,8,16,16,150,7,5,ok,,8.814,n-62-11-67,29052208,2026-08-08T08:39:46+0200
6f17ba584033683f,auto-a1214efd9c98,hodr@ea88247,hodr,ea88247,mistral@90fc9f3,mistral,90fc9f3,nordkap,all_official,1,0,rating,a,a,1.0,core_destroyed,57,,9,60,8,4,42,0,10,0,ok,,4.01,n-62-11-62,29052208,2026-08-08T08:38:45+0200
6f29409d39131adc,auto-a1214efd9c98,hodr@ea88247,hodr,ea88247,steward_hardened_reinforced@f61245f,steward_hardened_reinforced,f61245f,heart,all_official,1,0,rating,b,b,0.0,titanium_stored,1000,,16,0,8,7,18,0,6,5,ok,,8.126,n-62-28-28,29052208,2026-08-08T08:40:27+0200
6f2a61c905c6a21b,auto-a1214efd9c98,jonbot_190003d@90fc9f3,jonbot_190003d,90fc9f3,hodr@ea88247,hodr,ea88247,sweden,all_official,1,0,rating,b,b,0.0,core_destroyed,137,,455,0,3,6,10,300,9,17,ok,,8.659,n-62-21-21,29052208,2026-08-08T08:38:24+0200
6f2ebd3bc6a88bd4,auto-a1214efd9c98,steward_hardened_reinforced@366cd1b,steward_hardened_reinforced,366cd1b,hodr@ea88247,hodr,ea88247,showdown,all_official,1,0,rating,a,a,1.0,core_destroyed,757,,9,170,6,8,10,800,6,6,ok,,6.118,n-62-30-24,29052208,2026-08-08T08:40:27+0200
6f419df7efe7ca2e,auto-a1214efd9c98,undertow@fdc1e1f,undertow,fdc1e1f,hodr@ea88247,hodr,ea88247,nordkap,all_official,1,0,rating,b,b,0.0,core_destroyed,145,,35,230,10,13,10,630,7,33,ok,,4.13,n-62-11-61,29052208,2026-08-08T08:40:48+0200
6f56aa0074c5d560,auto-a1214efd9c98,hodr@ea88247,hodr,ea88247,fenrir2@6b39ebb,fenrir2,6b39ebb,jackpot,all_official,1,0,rating,a,a,1.0,core_destroyed,678,,27,3320,14,24,2754,2330,4,8,ok,,17.251,n-62-29-9,29052208,2026-08-08T08:38:08+0200
6f575ab32fbef60b,auto-a1214efd9c98,hodr@ea88247,hodr,ea88247,skadi@6a2af02,skadi,6a2af02,hive,all_official,1,0,rating,b,b,0.0,core_destroyed,248,,46,600,5,29,48,1400,9,42,ok,,5.671,n-62-31-5,29052208,2026-08-08T08:39:03+0200
6f8853420f6494cd,auto-a1214efd9c98,hodr@ea88247,hodr,ea88247,steward_hardened_reinforced@c04e46e,steward_hardened_reinforced,c04e46e,strait,all_official,1,0,rating,a,a,1.0,titanium_collected,1000,,18,410,6,17,18,230,6,6,ok,,7.641,n-62-11-62,29052208,2026-08-08T08:40:01+0200
6fadb94691bf1098,auto-a1214efd9c98,hodr@ea88247,hodr,ea88247,odin@93e46da,odin,93e46da,showdown,all_official,1,0,rating,a,a,1.0,core_destroyed,143,,7,50,7,11,10,0,7,6,ok,,3.76,n-62-30-23,29052208,2026-08-08T08:39:10+0200
6ff76228e0624ee5,auto-a1214efd9c98,steward_hardened_reinforced@366cd1b,steward_hardened_reinforced,366cd1b,hodr@ea88247,hodr,ea88247,vase,all_official,1,0,rating,b,b,0.0,core_destroyed,121,,37,230,8,8,33,260,7,15,ok,,4.61,n-62-31-17,29052208,2026-08-08T08:40:28+0200
6ffc0f521fa50c82,auto-a1214efd9c98,prospect@bf9b3e3,prospect,bf9b3e3,hodr@ea88247,hodr,ea88247,sweden,all_official,1,0,rating,b,b,0.0,core_destroyed,250,,16,60,5,8,13,590,7,18,ok,,7.112,n-62-21-89,29052208,2026-08-08T08:39:11+0200
700cf5fc383a3ca0,auto-a1214efd9c98,hodr@ea88247,hodr,ea88247,aegis@e55aab5,aegis,e55aab5,eider,all_official,1,0,rating,a,a,1.0,core_destroyed,125,,3,290,8,9,10,130,9,4,ok,,3.839,n-62-31-4,29052208,2026-08-08T08:38:17+0200
701221d6fb1b6e2f,auto-a1214efd9c98,prospect_rushonly@bf9b3e3,prospect_rushonly,bf9b3e3,hodr@ea88247,hodr,ea88247,skerry,all_official,1,0,rating,b,b,0.0,core_destroyed,69,,2,410,9,17,8,210,8,15,ok,,4.118,n-62-12-8,29052208,2026-08-08T08:39:29+0200
7016731d55ef1d9a,auto-a1214efd9c98,hodr@ea88247,hodr,ea88247,pantheon_replica_day3@aa8bae0,pantheon_replica_day3,aa8bae0,jackpot,all_official,1,0,rating,b,b,0.0,core_destroyed,130,,156,570,11,20,23,570,9,23,ok,,4.921,n-62-31-8,29052208,2026-08-08T08:38:54+0200
7032190be0767efd,auto-a1214efd9c98,hodr@ea88247,hodr,ea88247,steward_hardened_reinforced@04300bf,steward_hardened_reinforced,04300bf,fjord,all_official,1,0,rating,a,a,1.0,core_destroyed,116,,14,770,9,15,17,600,6,15,ok,,3.929,n-62-29-9,29052208,2026-08-08T08:39:46+0200
7033d788aab817b7,auto-a1214efd9c98,hodr@ea88247,hodr,ea88247,steward_hardened_reinforced@c04e46e,steward_hardened_reinforced,c04e46e,nordkap,all_official,1,0,rating,b,b,0.0,core_destroyed,125,,9,80,9,3,9,280,8,9,ok,,3.936,n-62-11-57,29052208,2026-08-08T08:40:08+0200
7036f4949a1d603b,auto-a1214efd9c98,hodr@ea88247,hodr,ea88247,jonbot@90fc9f3,jonbot,90fc9f3,longship,all_official,1,0,rating,a,a,1.0,core_destroyed,613,,10,1510,7,18,465,0,5,6,ok,,15.007,n-62-21-10,29052208,2026-08-08T08:38:06+0200
705898e3cfeb5b30,auto-a1214efd9c98,hodr@ea88247,hodr,ea88247,ragnarok_fair@79582fc,ragnarok_fair,79582fc,skerry,all_official,1,0,rating,a,a,1.0,core_destroyed,69,,27,440,7,17,28,380,8,19,ok,,4.184,n-62-21-2,29052208,2026-08-08T08:39:06+0200
705f653c3b852f5c,auto-a1214efd9c98,gobbleglitch@6cdc440,gobbleglitch,6cdc440,hodr@ea88247,hodr,ea88247,fjord,all_official,1,0,rating,b,b,0.0,core_destroyed,57,,60,110,10,3,19,340,8,29,ok,,3.936,n-62-11-51,29052208,2026-08-08T08:37:59+0200
70640d849c8d713f,auto-a1214efd9c98,hodr@ea88247,hodr,ea88247,skadi@6a2af02,skadi,6a2af02,twins,all_official,1,0,rating,a,a,1.0,core_destroyed,225,,10,540,10,11,9,180,6,6,ok,,3.871,n-62-31-21,29052208,2026-08-08T08:40:02+0200
70643c9982832b7c,auto-a1214efd9c98,hodr@ea88247,hodr,ea88247,skadi@1e4eddf,skadi,1e4eddf,antler,all_official,1,0,rating,a,a,1.0,core_destroyed,74,,6,320,6,8,60,320,5,9,ok,,3.534,n-62-21-9,29052208,2026-08-08T08:38:55+0200
70a32b1810020d98,auto-a1214efd9c98,steward_hardened_reinforced@c04e46e,steward_hardened_reinforced,c04e46e,hodr@ea88247,hodr,ea88247,vault,all_official,1,0,rating,b,b,0.0,core_destroyed,118,,6,390,12,13,18,550,10,22,ok,,4.725,n-62-11-63,29052208,2026-08-08T08:40:18+0200
70aa134f95d2ba92,auto-a1214efd9c98,maporacle@38e1456,maporacle,38e1456,hodr@ea88247,hodr,ea88247,twins,all_official,1,0,rating,b,b,0.0,core_destroyed,177,,9,120,6,3,10,410,8,8,ok,,4.167,n-62-21-71,29052208,2026-08-08T08:38:39+0200
70b9ac33ec819d69,auto-a1214efd9c98,spar_mender@d5b46bc,spar_mender,d5b46bc,hodr@ea88247,hodr,ea88247,nordkap,all_official,1,0,rating,b,b,0.0,core_destroyed,73,,9,160,8,4,10,140,7,5,ok,,3.233,n-62-29-13,29052208,2026-08-08T08:40:00+0200
70c6fb2832e137ac,auto-a1214efd9c98,gefjon@f66a427,gefjon,f66a427,hodr@ea88247,hodr,ea88247,twins,all_official,1,0,rating,a,a,1.0,core_destroyed,169,,20,760,10,16,7,80,5,4,ok,,4.321,n-62-11-50,29052208,2026-08-08T08:38:39+0200
70dd3f8387020090,auto-a1214efd9c98,hodr@ea88247,hodr,ea88247,steward_hardened_reinforced@a994296,steward_hardened_reinforced,a994296,nordkap,all_official,1,0,rating,b,b,0.0,titanium_collected,1000,,20,80,9,7,16,360,8,9,ok,,9.527,n-62-31-24,29052208,2026-08-08T08:39:43+0200
70e34a2f5ccdfd92,auto-a1214efd9c98,hodr@ea88247,hodr,ea88247,jotunn@6b39ebb,jotunn,6b39ebb,crossfire,all_official,1,0,rating,a,a,1.0,core_destroyed,400,,30,1950,16,27,136,1910,13,9,ok,,11.029,n-62-13-6,29052208,2026-08-08T08:38:23+0200
70f79563f51bbe72,auto-a1214efd9c98,hodr@ea88247,hodr,ea88247,freyr@c2c0d3d,freyr,c2c0d3d,hive,all_official,1,0,rating,b,b,0.0,core_destroyed,56,,18,120,9,19,16,180,8,23,ok,,3.498,n-62-29-17,29052208,2026-08-08T08:38:20+0200
70fc4203472cbbde,auto-a1214efd9c98,mjolnir@2e6c876,mjolnir,2e6c876,hodr@ea88247,hodr,ea88247,string,all_official,1,0,rating,b,b,0.0,core_destroyed,340,,637,1290,7,7,200,2260,14,13,ok,,11.093,n-62-31-11,29052208,2026-08-08T08:39:50+0200
70fcc9528de7489a,auto-a1214efd9c98,hodr@ea88247,hodr,ea88247,janus@8a1e7a1,janus,8a1e7a1,fjord,all_official,1,0,rating,a,a,1.0,core_destroyed,84,,34,530,8,22,10,390,10,13,ok,,4.473,n-62-21-2,29052208,2026-08-08T08:38:04+0200
71050a4cfc28c17c,auto-a1214efd9c98,hodr@ea88247,hodr,ea88247,fenrir2@6b39ebb,fenrir2,6b39ebb,meander,all_official,1,0,rating,a,a,1.0,core_destroyed,101,,20,130,8,7,10,40,8,8,ok,,3.525,n-62-29-9,29052208,2026-08-08T08:38:48+0200
712f7c4d5167a3b6,auto-a1214efd9c98,steward_hardened_reinforced@deba9ec,steward_hardened_reinforced,deba9ec,hodr@ea88247,hodr,ea88247,meander,all_official,1,0,rating,a,a,1.0,core_destroyed,209,,9,0,8,5,10,0,8,5,ok,,4.006,n-62-12-1,29052208,2026-08-08T08:40:15+0200
7147023e78b5bb22,auto-a1214efd9c98,jotunn@6b39ebb,jotunn,6b39ebb,hodr@ea88247,hodr,ea88247,saga,all_official,1,0,rating,b,b,0.0,core_destroyed,102,,33,490,10,25,52,460,6,41,ok,,3.255,n-62-12-66,29052208,2026-08-08T08:38:24+0200
714c647cde29a349,auto-a1214efd9c98,prospect@bf9b3e3,prospect,bf9b3e3,hodr@ea88247,hodr,ea88247,eider,all_official,1,0,rating,b,b,0.0,core_destroyed,44,,19,90,8,7,19,150,7,7,ok,,2.835,n-62-11-55,29052208,2026-08-08T08:39:39+0200
715376a83bd38476,auto-a1214efd9c98,tempest_reinforcements@38f9c23,tempest_reinforcements,38f9c23,hodr@ea88247,hodr,ea88247,strait,all_official,1,0,rating,b,b,0.0,core_destroyed,71,,8,150,11,10,21,380,9,17,ok,,3.957,n-62-31-4,29052208,2026-08-08T08:40:40+0200
715b63c14102623a,auto-a1214efd9c98,gefjon@f66a427,gefjon,f66a427,hodr@ea88247,hodr,ea88247,jackpot,all_official,1,0,rating,b,b,0.0,core_destroyed,249,,70,1170,13,15,16,600,11,15,ok,,10.027,n-62-31-20,29052208,2026-08-08T08:38:28+0200
715c62ca5ab144d5,auto-a1214efd9c98,tyr@2e6c876,tyr,2e6c876,hodr@ea88247,hodr,ea88247,fjord,all_official,1,0,rating,b,b,0.0,core_destroyed,144,,21,1250,11,42,146,1240,11,34,ok,,6.998,n-62-31-24,29052208,2026-08-08T08:40:44+0200
71969e51501ee29d,auto-a1214efd9c98,hodr@ea88247,hodr,ea88247,steward_hardened_reinforced@a994296,steward_hardened_reinforced,a994296,skerry,all_official,1,0,rating,a,a,1.0,core_destroyed,110,,70,750,9,14,6,320,6,16,ok,,4.429,n-62-11-67,29052208,2026-08-08T08:39:51+0200
71a28e1951d16f6a,auto-a1214efd9c98,jotunn@6b39ebb,jotunn,6b39ebb,hodr@ea88247,hodr,ea88247,vase,all_official,1,0,rating,a,a,1.0,titanium_collected,1000,,577,2460,7,7,232,40,4,9,ok,,12.069,n-62-21-69,29052208,2026-08-08T08:39:26+0200
71b5bc7108681e1a,auto-a1214efd9c98,mimir@cfc1ec4,mimir,cfc1ec4,hodr@ea88247,hodr,ea88247,snowflake,all_official,1,0,rating,a,a,1.0,core_destroyed,65,,43,550,9,22,7,140,8,11,ok,,4.179,n-62-31-23,29052208,2026-08-08T08:38:39+0200
71d727fbcd054740,auto-a1214efd9c98,steward_hardened_reinforced@366cd1b,steward_hardened_reinforced,366cd1b,hodr@ea88247,hodr,ea88247,aurora,all_official,1,0,rating,a,a,1.0,core_destroyed,70,,28,430,7,30,6,250,8,22,ok,,3.609,n-62-29-34,29052208,2026-08-08T08:40:08+0200
71d81b541acc3ced,auto-a1214efd9c98,hodr@ea88247,hodr,ea88247,e_t4l7@9e77076,e_t4l7,9e77076,showdown,all_official,1,0,rating,a,a,1.0,core_destroyed,65,,10,110,6,17,63,0,6,13,ok,,2.344,n-62-29-13,29052208,2026-08-08T08:38:32+0200
71ecae9abcea3acf,auto-a1214efd9c98,hodr@ea88247,hodr,ea88247,gefjon@f66a427,gefjon,f66a427,pinch,all_official,1,0,rating,a,a,1.0,core_destroyed,87,,55,350,7,10,9,350,7,35,ok,,3.493,n-62-31-19,29052208,2026-08-08T08:38:16+0200
71f6fbe5def4f619,auto-a1214efd9c98,hodr@ea88247,hodr,ea88247,mistral@90fc9f3,mistral,90fc9f3,eider,all_official,1,0,rating,a,a,1.0,core_destroyed,53,,2,110,8,7,32,0,10,0,ok,,4.96,n-62-11-60,29052208,2026-08-08T08:38:46+0200
720d430c2c4ef101,auto-a1214efd9c98,prospect@bf9b3e3,prospect,bf9b3e3,hodr@ea88247,hodr,ea88247,heart,all_official,1,0,rating,a,a,1.0,core_destroyed,513,,9,0,8,7,10,20,7,9,ok,,7.111,n-62-11-50,29052208,2026-08-08T08:39:07+0200
7231877c926b9ed4,auto-a1214efd9c98,hodr@ea88247,hodr,ea88247,gobbleglitch@6cdc440,gobbleglitch,6cdc440,hive,all_official,1,0,rating,a,a,1.0,core_destroyed,109,,9,250,8,25,59,60,8,8,ok,,3.647,n-62-11-51,29052208,2026-08-08T08:38:18+0200
723797d8f1bb97b3,auto-a1214efd9c98,hodr@ea88247,hodr,ea88247,skadi@1e4eddf,skadi,1e4eddf,twins,all_official,1,0,rating,a,a,1.0,core_destroyed,225,,10,540,10,11,9,180,6,6,ok,,5.02,n-62-21-17,29052208,2026-08-08T08:39:00+0200
72414e531ea4fce2,auto-a1214efd9c98,e_t4l7@9e77076,e_t4l7,9e77076,hodr@ea88247,hodr,ea88247,lighthouse,all_official,1,0,rating,b,b,0.0,core_destroyed,92,,26,0,5,10,20,390,7,13,ok,,2.883,n-62-28-33,29052208,2026-08-08T08:38:39+0200
72511f3d81c4f72d,auto-a1214efd9c98,skadi@1e4eddf,skadi,1e4eddf,hodr@ea88247,hodr,ea88247,vase,all_official,1,0,rating,a,a,1.0,core_destroyed,257,,10,300,3,6,28,410,6,11,ok,,6.847,n-62-21-17,29052208,2026-08-08T08:39:24+0200
728063851b53a729,auto-a1214efd9c98,steward_hardened_reinforced@672ee02,steward_hardened_reinforced,672ee02,hodr@ea88247,hodr,ea88247,antler,all_official,1,0,rating,a,a,1.0,core_destroyed,123,,24,800,8,12,102,790,7,14,ok,,4.484,n-62-31-17,29052208,2026-08-08T08:40:48+0200
72a1784733bd8cc6,auto-a1214efd9c98,hodr@ea88247,hodr,ea88247,skadi@1e4eddf,skadi,1e4eddf,quarry,all_official,1,0,rating,a,a,1.0,core_destroyed,172,,54,1110,10,30,24,1100,9,26,ok,,5.857,n-62-21-10,29052208,2026-08-08T08:38:59+0200
72abfdc5ff5dbe5f,auto-a1214efd9c98,hodr@ea88247,hodr,ea88247,skadi@6a2af02,skadi,6a2af02,drumlin,all_official,1,0,rating,a,a,1.0,core_destroyed,79,,18,500,8,21,7,190,7,19,ok,,3.492,n-62-21-23,29052208,2026-08-08T08:40:14+0200
72d24e48f91a6135,auto-a1214efd9c98,heimdall@daf0de0,heimdall,daf0de0,hodr@ea88247,hodr,ea88247,jackpot,all_official,1,0,rating,b,b,0.0,core_destroyed,115,,247,490,7,12,180,460,6,15,ok,,4.148,n-62-12-2,29052208,2026-08-08T08:38:38+0200
7308488a0bea4c43,auto-a1214efd9c98,hodr@ea88247,hodr,ea88247,prospect_rushonly@bf9b3e3,prospect_rushonly,bf9b3e3,vase,all_official,1,0,rating,a,a,1.0,core_destroyed,181,,9,20,8,4,10,0,4,5,ok,,3.152,n-62-12-6,29052208,2026-08-08T08:38:51+0200
73251c31f2752e31,auto-a1214efd9c98,steward_hardened_reinforced@cdc552f,steward_hardened_reinforced,cdc552f,hodr@ea88247,hodr,ea88247,quarry,all_official,1,0,rating,b,b,0.0,core_destroyed,131,,7,190,5,12,20,750,9,21,ok,,5.009,n-62-21-92,29052208,2026-08-08T08:40:18+0200
733449aa14177946,auto-a1214efd9c98,hodr@ea88247,hodr,ea88247,mjolnir@2e6c876,mjolnir,2e6c876,string,all_official,1,0,rating,b,b,0.0,core_destroyed,85,,18,200,5,5,87,370,6,8,ok,,3.398,n-62-31-11,29052208,2026-08-08T08:39:38+0200
7338f4dcef8c68a3,auto-a1214efd9c98,maporacle@38e1456,maporacle,38e1456,hodr@ea88247,hodr,ea88247,meander,all_official,1,0,rating,b,b,0.0,core_destroyed,101,,10,0,8,5,7,0,8,2,ok,,3.777,n-62-21-66,29052208,2026-08-08T08:38:38+0200
734a7593f9b79f04,auto-a1214efd9c98,bastion@840a180,bastion,840a180,hodr@ea88247,hodr,ea88247,drumlin,all_official,1,0,rating,b,b,0.0,core_destroyed,79,,26,320,9,19,102,550,5,23,ok,,4.305,n-62-11-60,29052208,2026-08-08T08:38:45+0200
7354da6423aecf15,auto-a1214efd9c98,hodr@ea88247,hodr,ea88247,tempest_reinforcements@025dd51,tempest_reinforcements,025dd51,atoll,all_official,1,0,rating,a,a,1.0,core_destroyed,53,,9,210,7,14,2,120,11,5,ok,,3.549,n-62-28-34,29052208,2026-08-08T08:40:47+0200
738df967c2d996ac,auto-a1214efd9c98,spar_mender@d5b46bc,spar_mender,d5b46bc,hodr@ea88247,hodr,ea88247,pinch,all_official,1,0,rating,b,b,0.0,core_destroyed,102,,8,0,9,3,9,600,10,20,ok,,4.272,n-62-29-13,29052208,2026-08-08T08:40:08+0200
73980c4dc377576d,auto-a1214efd9c98,odin@38e1456,odin,38e1456,hodr@ea88247,hodr,ea88247,vase,all_official,1,0,rating,b,b,0.0,core_destroyed,253,,10,120,2,0,9,590,10,7,ok,,5.445,n-62-29-33,29052208,2026-08-08T08:39:38+0200
73c5529d917e7108,auto-a1214efd9c98,skadi@aad5f44,skadi,aad5f44,hodr@ea88247,hodr,ea88247,heart,all_official,1,0,rating,b,b,0.0,core_destroyed,253,,10,0,4,13,9,60,6,10,ok,,4.649,n-62-11-61,29052208,2026-08-08T08:39:13+0200
73d5d1546fd2f620,auto-a1214efd9c98,hodr@ea88247,hodr,ea88247,mjolnir@2e6c876,mjolnir,2e6c876,antler,all_official,1,0,rating,a,a,1.0,core_destroyed,79,,8,350,6,8,37,340,6,14,ok,,2.743,n-62-11-66,29052208,2026-08-08T08:38:47+0200
740103b84dcaf31a,auto-a1214efd9c98,maporacle@38e1456,maporacle,38e1456,hodr@ea88247,hodr,ea88247,fjord,all_official,1,0,rating,b,b,0.0,core_destroyed,53,,8,210,9,7,19,320,8,9,ok,,3.857,n-62-21-65,29052208,2026-08-08T08:38:13+0200
74314e5fd6cc63ce,auto-a1214efd9c98,hodr@ea88247,hodr,ea88247,janus@8a1e7a1,janus,8a1e7a1,moonrise,all_official,1,0,rating,a,a,1.0,core_destroyed,62,,9,110,6,8,8,120,8,13,ok,,3.169,n-62-21-4,29052208,2026-08-08T08:38:42+0200
74388e2a439f023c,auto-a1214efd9c98,njord@f66a427,njord,f66a427,hodr@ea88247,hodr,ea88247,vault,all_official,1,0,rating,b,b,0.0,core_destroyed,134,,6,430,11,13,18,630,9,21,ok,,5.276,n-62-29-15,29052208,2026-08-08T08:38:57+0200
743dbcef50caf18f,auto-a1214efd9c98,odin@93e46da,odin,93e46da,hodr@ea88247,hodr,ea88247,string,all_official,1,0,rating,b,b,0.0,core_destroyed,723,,1702,1640,1,5,10,1800,21,4,ok,,17.299,n-62-30-24,29052208,2026-08-08T08:39:25+0200
745fc52345ff9249,auto-a1214efd9c98,hodr@ea88247,hodr,ea88247,janus@8a1e7a1,janus,8a1e7a1,eider,all_official,1,0,rating,a,a,1.0,core_destroyed,121,,10,280,7,8,9,130,8,2,ok,,4.231,n-62-21-2,29052208,2026-08-08T08:37:55+0200
7476b442872d2bf0,auto-a1214efd9c98,spar_mender@7ed1acc,spar_mender,7ed1acc,hodr@ea88247,hodr,ea88247,nordkap,all_official,1,0,rating,a,a,1.0,core_destroyed,881,,9,130,14,7,10,90,4,9,ok,,13.117,n-62-21-97,29052208,2026-08-08T08:39:37+0200
7493eac6fef0009a,auto-a1214efd9c98,steward_hardened_reinforced@04300bf,steward_hardened_reinforced,04300bf,hodr@ea88247,hodr,ea88247,string,all_official,1,0,rating,b,b,0.0,core_destroyed,207,,187,30,1,1,86,1400,14,12,ok,,6.234,n-62-31-5,29052208,2026-08-08T08:39:59+0200
7495557abb305f27,auto-a1214efd9c98,hodr@ea88247,hodr,ea88247,fenrir2@6b39ebb,fenrir2,6b39ebb,nordkap,all_official,1,0,rating,a,a,1.0,core_destroyed,97,,9,150,9,4,10,210,7,9,ok,,4.283,n-62-29-31,29052208,2026-08-08T08:37:55+0200
7498f68b3acea16e,auto-a1214efd9c98,hodr@ea88247,hodr,ea88247,skadi@1e4eddf,skadi,1e4eddf,hive,all_official,1,0,rating,b,b,0.0,core_destroyed,152,,19,360,7,31,43,730,8,39,ok,,5.215,n-62-21-5,29052208,2026-08-08T08:39:23+0200
74a9126a896e1f8d,auto-a1214efd9c98,jonbot_190003d@90fc9f3,jonbot_190003d,90fc9f3,hodr@ea88247,hodr,ea88247,meander,all_official,1,0,rating,a,a,1.0,core_destroyed,248,,70,570,10,18,16,0,5,6,ok,,4.032,n-62-21-16,29052208,2026-08-08T08:38:33+0200
74b09b5c43e3a150,auto-a1214efd9c98,hodr@ea88247,hodr,ea88247,gefjon@f66a427,gefjon,f66a427,quarry,all_official,1,0,rating,b,b,0.0,core_destroyed,94,,171,640,9,29,19,520,9,26,ok,,4.444,n-62-31-19,29052208,2026-08-08T08:38:24+0200
74cb4b46feaabf8e,auto-a1214efd9c98,hodr@ea88247,hodr,ea88247,jonbot@90fc9f3,jonbot,90fc9f3,antler,all_official,1,0,rating,a,a,1.0,core_destroyed,164,,65,1010,9,21,11,20,5,7,ok,,5.164,n-62-21-3,29052208,2026-08-08T08:37:56+0200
7501cdb80eeecebd,auto-a1214efd9c98,hodr@ea88247,hodr,ea88247,mistral@90fc9f3,mistral,90fc9f3,bridge,all_official,1,0,rating,a,a,1.0,core_destroyed,213,,10,0,8,15,754,0,0,0,ok,,4.081,n-62-11-67,29052208,2026-08-08T08:39:03+0200
750567b77866cb20,auto-a1214efd9c98,skadi@aad5f44,skadi,aad5f44,hodr@ea88247,hodr,ea88247,drumlin,all_official,1,0,rating,b,b,0.0,core_destroyed,67,,14,380,9,25,19,480,8,29,ok,,3.445,n-62-11-62,29052208,2026-08-08T08:39:11+0200
7536d1cfb4f4a391,auto-a1214efd9c98,jonbot_190003d@90fc9f3,jonbot_190003d,90fc9f3,hodr@ea88247,hodr,ea88247,jackpot,all_official,1,0,rating,b,b,0.0,core_destroyed,99,,543,220,4,13,43,210,9,9,ok,,3.239,n-62-21-16,29052208,2026-08-08T08:38:08+0200
754cd0eaa1fa2917,auto-a1214efd9c98,hodr@ea88247,hodr,ea88247,spar_mender@7ed1acc,spar_mender,7ed1acc,snowflake,all_official,1,0,rating,a,a,1.0,core_destroyed,68,,140,650,5,43,181,690,8,29,ok,,3.422,n-62-21-98,29052208,2026-08-08T08:39:44+0200
75572815c2379435,auto-a1214efd9c98,steward_hardened_reinforced@f61245f,steward_hardened_reinforced,f61245f,hodr@ea88247,hodr,ea88247,pinch,all_official,1,0,rating,a,a,1.0,core_destroyed,201,,8,480,8,8,9,480,7,6,ok,,3.934,n-62-28-34,29052208,2026-08-08T08:40:13+0200
758b03130aa30fbd,auto-a1214efd9c98,hodr@ea88247,hodr,ea88247,mistral@90fc9f3,mistral,90fc9f3,aurora,all_official,1,0,rating,a,a,1.0,core_destroyed,62,,28,350,7,31,60,0,8,0,ok,,7.738,n-62-11-67,29052208,2026-08-08T08:38:51+0200
75a2c77331deb483,auto-a1214efd9c98,hodr@ea88247,hodr,ea88247,gobbleglitch@6cdc440,gobbleglitch,6cdc440,runestone,all_official,1,0,rating,a,a,1.0,core_destroyed,67,,19,220,7,21,58,120,7,8,ok,,3.49,n-62-21-90,29052208,2026-08-08T08:38:11+0200
75b33a7f2cd7fed0,auto-a1214efd9c98,heimdall@daf0de0,heimdall,daf0de0,hodr@ea88247,hodr,ea88247,skerry,all_official,1,0,rating,a,a,1.0,core_destroyed,65,,20,400,10,17,110,430,8,24,ok,,3.892,n-62-12-4,29052208,2026-08-08T08:38:23+0200
75b7b047979478a2,auto-a1214efd9c98,hodr@ea88247,hodr,ea88247,steward_hardened_reinforced@cdc552f,steward_hardened_reinforced,cdc552f,runestone,all_official,1,0,rating,b,b,0.0,core_destroyed,395,,7,70,6,17,10,1090,11,25,ok,,8.708,n-62-21-92,29052208,2026-08-08T08:40:27+0200
75c674e323dcbbb0,auto-a1214efd9c98,hodr@ea88247,hodr,ea88247,maporacle@38e1456,maporacle,38e1456,hive,all_official,1,0,rating,a,a,1.0,core_destroyed,85,,9,250,7,28,9,310,9,27,ok,,4.215,n-62-21-65,29052208,2026-08-08T08:38:39+0200
75cc98fe3cdf430d,auto-a1214efd9c98,heimdall@daf0de0,heimdall,daf0de0,hodr@ea88247,hodr,ea88247,showdown,all_official,1,0,rating,b,b,0.0,core_destroyed,89,,10,0,5,3,8,170,7,9,ok,,3.225,n-62-12-4,29052208,2026-08-08T08:38:15+0200
75de4190b5b31dbb,auto-a1214efd9c98,hodr@ea88247,hodr,ea88247,strategist@2e6eca5,strategist,2e6eca5,vase,all_official,1,0,rating,a,a,1.0,core_destroyed,200,,20,460,9,9,548,130,3,10,ok,,3.936,n-62-29-9,29052208,2026-08-08T08:40:27+0200
75de7b4c00354b6c,auto-a1214efd9c98,steward_hardened_reinforced@f61245f,steward_hardened_reinforced,f61245f,hodr@ea88247,hodr,ea88247,aurora,all_official,1,0,rating,a,a,1.0,core_destroyed,70,,28,430,7,30,6,250,8,22,ok,,3.495,n-62-28-31,29052208,2026-08-08T08:40:00+0200
75f168634341968e,auto-a1214efd9c98,ragnarok_fair@79582fc,ragnarok_fair,79582fc,hodr@ea88247,hodr,ea88247,duel,all_official,1,0,rating,b,b,0.0,core_destroyed,87,,10,210,6,7,6,390,7,7,ok,,3.737,n-62-21-1,29052208,2026-08-08T08:39:52+0200
761e69da8259b2ea,auto-a1214efd9c98,hodr@ea88247,hodr,ea88247,skadi@aad5f44,skadi,aad5f44,nordkap,all_official,1,0,rating,a,a,1.0,core_destroyed,66,,8,140,8,5,43,240,7,11,ok,,3.012,n-62-11-63,29052208,2026-08-08T08:39:23+0200
762df842b29e8935,auto-a1214efd9c98,spar_mender@d5b46bc,spar_mender,d5b46bc,hodr@ea88247,hodr,ea88247,moonrise,all_official,1,0,rating,a,a,1.0,titanium_stored,1000,,18,0,7,12,17,0,7,8,ok,,7.397,n-62-29-13,29052208,2026-08-08T08:39:52+0200
763621e7c9cac35b,auto-a1214efd9c98,steward_hardened_reinforced@a994296,steward_hardened_reinforced,a994296,hodr@ea88247,hodr,ea88247,aurora,all_official,1,0,rating,a,a,1.0,core_destroyed,70,,28,430,7,30,6,250,8,22,ok,,3.708,n-62-31-18,29052208,2026-08-08T08:39:39+0200
763aa9382bf05ffa,auto-a1214efd9c98,hodr@ea88247,hodr,ea88247,steward_hardened_reinforced@f1f2bda,steward_hardened_reinforced,f1f2bda,hive,all_official,1,0,rating,b,b,0.0,core_destroyed,56,,18,120,9,19,16,180,8,23,ok,,3.933,n-62-21-97,29052208,2026-08-08T08:40:15+0200
763fde92602d30bb,auto-a1214efd9c98,steward_hardened_reinforced@672ee02,steward_hardened_reinforced,672ee02,hodr@ea88247,hodr,ea88247,eider,all_official,1,0,rating,a,a,1.0,core_destroyed,128,,29,580,9,9,20,180,4,6,ok,,4.467,n-62-31-13,29052208,2026-08-08T08:39:53+0200
766da0c6f43f6abe,auto-a1214efd9c98,hodr@ea88247,hodr,ea88247,steward_hardened_reinforced@04300bf,steward_hardened_reinforced,04300bf,moonrise,all_official,1,0,rating,a,a,1.0,core_destroyed,144,,29,650,7,15,20,70,5,5,ok,,3.679,n-62-29-31,29052208,2026-08-08T08:39:30+0200
7690d0c84c477817,auto-a1214efd9c98,prospect@bf9b3e3,prospect,bf9b3e3,hodr@ea88247,hodr,ea88247,nordkap,all_official,1,0,rating,b,b,0.0,core_destroyed,49,,10,100,9,6,9,90,7,7,ok,,3.108,n-62-11-52,29052208,2026-08-08T08:39:25+0200
76a8c9bc808cbb3e,auto-a1214efd9c98,steward_hardened_reinforced@04300bf,steward_hardened_reinforced,04300bf,hodr@ea88247,hodr,ea88247,hive,all_official,1,0,rating,b,b,0.0,core_destroyed,82,,8,180,9,18,8,240,8,22,ok,,4.444,n-62-29-33,29052208,2026-08-08T08:39:34+0200
76a9fec7df2efbb8,auto-a1214efd9c98,hodr@ea88247,hodr,ea88247,skadi@1e4eddf,skadi,1e4eddf,saga,all_official,1,0,rating,b,b,0.0,core_destroyed,127,,119,490,6,29,29,1260,13,39,ok,,5.687,n-62-21-10,29052208,2026-08-08T08:39:18+0200
76cfaf4c68136657,auto-a1214efd9c98,hodr@ea88247,hodr,ea88247,skadi@1e4eddf,skadi,1e4eddf,skerry,all_official,1,0,rating,a,a,1.0,core_destroyed,280,,55,2010,15,32,43,1960,13,19,ok,,11.93,n-62-21-10,29052208,2026-08-08T08:39:53+0200
76e2d66db64d4c11,auto-a1214efd9c98,hodr@ea88247,hodr,ea88247,jonbot_190003d@90fc9f3,jonbot_190003d,90fc9f3,twins,all_official,1,0,rating,a,a,1.0,core_destroyed,197,,19,470,8,6,59,20,6,4,ok,,4.323,n-62-21-21,29052208,2026-08-08T08:38:28+0200
76e3b497c9e0d673,auto-a1214efd9c98,freyr@c2c0d3d,freyr,c2c0d3d,hodr@ea88247,hodr,ea88247,archipelago,all_official,1,0,rating,a,a,1.0,core_destroyed,68,,19,370,9,27,10,160,8,14,ok,,4.003,n-62-29-34,29052208,2026-08-08T08:38:07+0200
76f087dfddca3f7c,auto-a1214efd9c98,steward_hardened_reinforced@f1f2bda,steward_hardened_reinforced,f1f2bda,hodr@ea88247,hodr,ea88247,duel,all_official,1,0,rating,a,a,1.0,core_destroyed,59,,9,250,8,7,170,250,6,6,ok,,3.361,n-62-31-11,29052208,2026-08-08T08:40:02+0200
7710a57daf01a313,auto-a1214efd9c98,hodr@ea88247,hodr,ea88247,jonbot@90fc9f3,jonbot,90fc9f3,fjord,all_official,1,0,rating,a,a,1.0,core_destroyed,90,,8,590,9,26,124,210,7,6,ok,,4.37,n-62-21-5,29052208,2026-08-08T08:38:41+0200
7726a45ebd577c80,auto-a1214efd9c98,skadi@6a2af02,skadi,6a2af02,hodr@ea88247,hodr,ea88247,vase,all_official,1,0,rating,a,a,1.0,core_destroyed,233,,10,240,2,6,111,490,4,14,ok,,5.314,n-62-31-21,29052208,2026-08-08T08:40:22+0200
772fadecdbd4facc,auto-a1214efd9c98,hodr@ea88247,hodr,ea88247,steward_hardened_reinforced@deba9ec,steward_hardened_reinforced,deba9ec,crossfire,all_official,1,0,rating,a,a,1.0,core_destroyed,512,,30,1600,10,20,12,90,7,3,ok,,5.809,n-62-31-9,29052208,2026-08-08T08:40:16+0200
773f02e0be0ac97e,auto-a1214efd9c98,hodr@ea88247,hodr,ea88247,steward_hardened_reinforced@deba9ec,steward_hardened_reinforced,deba9ec,sprint,all_official,1,0,rating,a,a,1.0,core_destroyed,37,,9,0,6,7,10,0,9,3,ok,,2.998,n-62-12-7,29052208,2026-08-08T08:40:07+0200
7741e098c8046e4b,auto-a1214efd9c98,steward_hardened_reinforced@deba9ec,steward_hardened_reinforced,deba9ec,hodr@ea88247,hodr,ea88247,moonrise,all_official,1,0,rating,a,a,1.0,core_destroyed,311,,9,1460,10,15,10,30,3,1,ok,,5.694,n-62-12-1,29052208,2026-08-08T08:40:27+0200
77515311641cdbf3,auto-a1214efd9c98,steward_reinforced@a8dc58a,steward_reinforced,a8dc58a,hodr@ea88247,hodr,ea88247,twins,all_official,1,0,rating,a,a,1.0,core_destroyed,189,,9,450,10,6,9,40,8,8,ok,,5.769,n-62-11-67,29052208,2026-08-08T08:40:16+0200
77526cabe446b24f,auto-a1214efd9c98,hodr@ea88247,hodr,ea88247,skadi@821d792,skadi,821d792,crossfire,all_official,1,0,rating,a,a,1.0,titanium_collected,1000,,48,4580,8,6,198,2720,14,24,ok,,21.734,n-62-31-23,29052208,2026-08-08T08:39:54+0200
7754693d6b1476af,auto-a1214efd9c98,hodr@ea88247,hodr,ea88247,undertow_oracle@fdc1e1f,undertow_oracle,fdc1e1f,twins,all_official,1,0,rating,b,b,0.0,core_destroyed,129,,9,300,8,8,58,680,9,23,ok,,4.271,n-62-31-10,29052208,2026-08-08T08:40:50+0200
7760dc7065326aba,auto-a1214efd9c98,fenrir2@6b39ebb,fenrir2,6b39ebb,hodr@ea88247,hodr,ea88247,vault,all_official,1,0,rating,a,a,1.0,core_destroyed,434,,1,950,8,65,8,190,7,20,ok,,7.644,n-62-29-27,29052208,2026-08-08T08:39:04+0200
77a58ea58753d919,auto-a1214efd9c98,casemate_oracle@90fc9f3,casemate_oracle,90fc9f3,hodr@ea88247,hodr,ea88247,longship,all_official,1,0,rating,b,b,0.0,core_destroyed,106,,28,0,4,37,18,700,8,26,ok,,6.379,n-62-31-10,29052208,2026-08-08T08:38:16+0200
77a863e573960cb7,auto-a1214efd9c98,maporacle@38e1456,maporacle,38e1456,hodr@ea88247,hodr,ea88247,strait,all_official,1,0,rating,b,b,0.0,core_destroyed,81,,27,410,10,35,10,430,9,29,ok,,4.728,n-62-21-68,29052208,2026-08-08T08:38:35+0200
77b6e1623374fa7e,auto-a1214efd9c98,hodr@ea88247,hodr,ea88247,skadi@1e4eddf,skadi,1e4eddf,eider,all_official,1,0,rating,a,a,1.0,titanium_collected,1000,,20,2480,8,11,12,0,6,7,ok,,9.306,n-62-21-3,29052208,2026-08-08T08:39:51+0200
77c4a543e0d6664b,auto-a1214efd9c98,hodr@ea88247,hodr,ea88247,steward_hardened_reinforced@04300bf,steward_hardened_reinforced,04300bf,saga,all_official,1,0,rating,b,b,0.0,core_destroyed,79,,8,250,8,29,9,360,8,23,ok,,4.108,n-62-29-27,29052208,2026-08-08T08:39:30+0200
77cd6f8727e197a6,auto-a1214efd9c98,odin@93e46da,odin,93e46da,hodr@ea88247,hodr,ea88247,twins,all_official,1,0,rating,a,a,1.0,core_destroyed,171,,69,1030,11,45,96,390,6,25,ok,,5.964,n-62-30-25,29052208,2026-08-08T08:38:51+0200
77e2eb0998f799ab,auto-a1214efd9c98,njord@f66a427,njord,f66a427,hodr@ea88247,hodr,ea88247,crossfire,all_official,1,0,rating,a,a,1.0,core_destroyed,390,,48,3260,22,41,8,50,2,3,ok,,9.396,n-62-21-98,29052208,2026-08-08T08:39:53+0200
77ebf4efe86b4161,auto-a1214efd9c98,hodr@ea88247,hodr,ea88247,skadi@aad5f44,skadi,aad5f44,jackpot,all_official,1,0,rating,a,a,1.0,titanium_collected,1000,,279,4930,24,20,1904,3600,6,26,ok,,33.596,n-62-11-61,29052208,2026-08-08T08:39:55+0200
784d724e3e3af52c,auto-a1214efd9c98,hodr@ea88247,hodr,ea88247,spar_mender@7ed1acc,spar_mender,7ed1acc,longship,all_official,1,0,rating,a,a,1.0,core_destroyed,183,,70,860,6,36,40,1250,14,33,ok,,7.412,n-62-31-11,29052208,2026-08-08T08:40:01+0200
7859c5e5b84e55db,auto-a1214efd9c98,hodr@ea88247,hodr,ea88247,spar_mender@7ed1acc,spar_mender,7ed1acc,nordkap,all_official,1,0,rating,a,a,1.0,core_destroyed,102,,10,370,9,16,35,30,6,25,ok,,4.617,n-62-21-97,29052208,2026-08-08T08:39:23+0200
785bda8b7926c79c,auto-a1214efd9c98,hodr@ea88247,hodr,ea88247,prospect_rushonly@bf9b3e3,prospect_rushonly,bf9b3e3,showdown,all_official,1,0,rating,a,a,1.0,titanium_collected,1000,,19,60,6,12,16,0,7,5,ok,,5.945,n-62-12-8,29052208,2026-08-08T08:39:16+0200
786c5e1f0eebcc6e,auto-a1214efd9c98,gefjon@f66a427,gefjon,f66a427,hodr@ea88247,hodr,ea88247,eider,all_official,1,0,rating,a,a,1.0,core_destroyed,61,,34,350,6,14,9,230,7,12,ok,,3.215,n-62-31-18,29052208,2026-08-08T08:38:06+0200
787ac39b2105ac9b,auto-a1214efd9c98,hodr@ea88247,hodr,ea88247,odin@93e46da,odin,93e46da,snowflake,all_official,1,0,rating,a,a,1.0,core_destroyed,63,,58,520,7,22,15,290,8,16,ok,,3.52,n-62-30-24,29052208,2026-08-08T08:38:43+0200
7888140111a1c809,auto-a1214efd9c98,steward_hardened_reinforced@f1f2bda,steward_hardened_reinforced,f1f2bda,hodr@ea88247,hodr,ea88247,heart,all_official,1,0,rating,b,b,0.0,titanium_collected,1000,,18,0,8,4,18,60,6,7,ok,,10.202,n-62-21-97,29052208,2026-08-08T08:40:11+0200
78ad2591da561d29,auto-a1214efd9c98,steward_hardened_reinforced@a994296,steward_hardened_reinforced,a994296,hodr@ea88247,hodr,ea88247,jackpot,all_official,1,0,rating,a,a,1.0,titanium_collected,1000,,221,4930,16,21,50,4890,21,16,ok,,50.239,n-62-31-19,29052208,2026-08-08T08:40:51+0200
78d1ae20cba50bb4,auto-a1214efd9c98,hodr@ea88247,hodr,ea88247,skadi@aad5f44,skadi,aad5f44,vase,all_official,1,0,rating,a,a,1.0,core_destroyed,835,,10,90,7,8,1953,2050,7,6,ok,,11.874,n-62-21-92,29052208,2026-08-08T08:39:19+0200
78fdc467af01e9cf,auto-a1214efd9c98,hodr@ea88247,hodr,ea88247,gobbleglitch@6cdc440,gobbleglitch,6cdc440,twins,all_official,1,0,rating,a,a,1.0,core_destroyed,66,,8,260,8,9,58,130,7,7,ok,,3.062,n-62-12-5,29052208,2026-08-08T08:38:14+0200
7905ac3139483154,auto-a1214efd9c98,gobbleglitch@6cdc440,gobbleglitch,6cdc440,hodr@ea88247,hodr,ea88247,skerry,all_official,1,0,rating,b,b,0.0,core_destroyed,57,,75,110,6,3,9,240,10,7,ok,,3.347,n-62-12-1,29052208,2026-08-08T08:37:58+0200
79580d99366fc9c6,auto-a1214efd9c98,hodr@ea88247,hodr,ea88247,maporacle@38e1456,maporacle,38e1456,duel,all_official,1,0,rating,a,a,1.0,core_destroyed,52,,26,220,9,7,16,210,8,9,ok,,3.508,n-62-21-64,29052208,2026-08-08T08:38:50+0200
7978f0cec5d5b74c,auto-a1214efd9c98,skadi@aad5f44,skadi,aad5f44,hodr@ea88247,hodr,ea88247,longship,all_official,1,0,rating,a,a,1.0,titanium_collected,618,,22,3020,11,24,8,2850,11,22,ok,,14.698,n-62-11-61,29052208,2026-08-08T08:40:23+0200
79892ff0c6e69347,auto-a1214efd9c98,aegis@e55aab5,aegis,e55aab5,hodr@ea88247,hodr,ea88247,archipelago,all_official,1,0,rating,a,a,1.0,core_destroyed,69,,19,440,8,34,4,180,8,13,ok,,4.04,n-62-31-5,29052208,2026-08-08T08:38:07+0200
7997fd2c7816e36c,auto-a1214efd9c98,mistral@90fc9f3,mistral,90fc9f3,hodr@ea88247,hodr,ea88247,sprint,all_official,1,0,rating,a,a,1.0,core_destroyed,73,,60,0,8,1,237,160,5,5,ok,,3.323,n-62-11-61,29052208,2026-08-08T08:39:27+0200
79a6d71c90951e4f,auto-a1214efd9c98,pantheon_replica_day3@aa8bae0,pantheon_replica_day3,aa8bae0,hodr@ea88247,hodr,ea88247,snowflake,all_official,1,0,rating,b,b,0.0,core_destroyed,45,,10,190,8,13,9,90,8,11,ok,,3.614,n-62-31-18,29052208,2026-08-08T08:39:15+0200
79aa5fa48d95ca70,auto-a1214efd9c98,njord@f66a427,njord,f66a427,hodr@ea88247,hodr,ea88247,atoll,all_official,1,0,rating,a,a,1.0,core_destroyed,91,,13,400,8,17,16,400,9,8,ok,,4.389,n-62-21-98,29052208,2026-08-08T08:38:54+0200
79abc8f1799463f0,auto-a1214efd9c98,hodr@ea88247,hodr,ea88247,janus@8a1e7a1,janus,8a1e7a1,nordkap,all_official,1,0,rating,b,b,0.0,core_destroyed,99,,7,120,9,3,9,220,8,7,ok,,4.631,n-62-21-6,29052208,2026-08-08T08:37:56+0200
79ae1d1bce31ca71,auto-a1214efd9c98,hodr@ea88247,hodr,ea88247,odin@93e46da,odin,93e46da,vase,all_official,1,0,rating,b,b,0.0,core_destroyed,105,,10,220,8,11,21,220,5,7,ok,,4.117,n-62-30-25,29052208,2026-08-08T08:38:56+0200
79b0d5bf236bdb62,auto-a1214efd9c98,steward_hardened_reinforced@672ee02,steward_hardened_reinforced,672ee02,hodr@ea88247,hodr,ea88247,hive,all_official,1,0,rating,a,a,1.0,core_destroyed,77,,9,170,7,17,10,250,9,22,ok,,4.657,n-62-31-4,29052208,2026-08-08T08:39:53+0200
79dd8cc6396f42ef,auto-a1214efd9c98,skadi@6a2af02,skadi,6a2af02,hodr@ea88247,hodr,ea88247,eider,all_official,1,0,rating,b,b,0.0,core_destroyed,221,,45,960,9,11,132,1470,6,46,ok,,5.88,n-62-21-8,29052208,2026-08-08T08:39:16+0200
7a1022d7ff4cccb8,auto-a1214efd9c98,hodr@ea88247,hodr,ea88247,jonbot_190003d@90fc9f3,jonbot_190003d,90fc9f3,eider,all_official,1,0,rating,a,a,1.0,core_destroyed,198,,6,480,7,14,353,920,8,12,ok,,3.808,n-62-21-15,29052208,2026-08-08T08:38:03+0200
7a7457e1e0bd7db9,auto-a1214efd9c98,hodr@ea88247,hodr,ea88247,spar_mender@7ed1acc,spar_mender,7ed1acc,drumlin,all_official,1,0,rating,a,a,1.0,core_destroyed,93,,60,1060,9,52,42,380,8,23,ok,,3.837,n-62-31-9,29052208,2026-08-08T08:40:15+0200
7a77d1e9c6f10838,auto-a1214efd9c98,prospect_rushonly@bf9b3e3,prospect_rushonly,bf9b3e3,hodr@ea88247,hodr,ea88247,jackpot,all_official,1,0,rating,a,a,1.0,core_destroyed,235,,95,1700,11,30,35,610,7,4,ok,,7.148,n-62-12-5,29052208,2026-08-08T08:39:17+0200
7a84a0501ebba21c,auto-a1214efd9c98,hodr@ea88247,hodr,ea88247,casemate_oracle@90fc9f3,casemate_oracle,90fc9f3,jackpot,all_official,1,0,rating,a,a,1.0,core_destroyed,239,,10,1130,12,24,738,0,1,6,ok,,7.449,n-62-31-9,29052208,2026-08-08T08:38:32+0200
7a94d6752d87c18c,auto-a1214efd9c98,pantheon_replica_day3@aa8bae0,pantheon_replica_day3,aa8bae0,hodr@ea88247,hodr,ea88247,eider,all_official,1,0,rating,b,b,0.0,core_destroyed,48,,14,90,8,7,20,180,7,12,ok,,3.612,n-62-31-17,29052208,2026-08-08T08:39:01+0200
7aa6a00683c42c89,auto-a1214efd9c98,jotunn@6b39ebb,jotunn,6b39ebb,hodr@ea88247,hodr,ea88247,twins,all_official,1,0,rating,a,a,1.0,core_destroyed,650,,36,6150,21,58,16,1050,6,10,ok,,18.92,n-62-21-69,29052208,2026-08-08T08:39:04+0200
7aea8db036cf8da9,auto-a1214efd9c98,hodr@ea88247,hodr,ea88247,gefjon@f66a427,gefjon,f66a427,bridge,all_official,1,0,rating,a,a,1.0,core_destroyed,771,,10,0,9,13,153,0,11,2,ok,,20.964,n-62-31-8,29052208,2026-08-08T08:38:31+0200
7b06b179285339fa,auto-a1214efd9c98,hodr@ea88247,hodr,ea88247,spar_mender@d5b46bc,spar_mender,d5b46bc,jackpot,all_official,1,0,rating,a,a,1.0,core_destroyed,397,,10,1920,17,20,132,1300,10,12,ok,,14.172,n-62-28-34,29052208,2026-08-08T08:40:18+0200
7b12d85148808a0a,auto-a1214efd9c98,hodr@ea88247,hodr,ea88247,ragnarok_fair@79582fc,ragnarok_fair,79582fc,pinch,all_official,1,0,rating,a,a,1.0,core_destroyed,60,,20,130,6,14,20,130,8,11,ok,,3.614,n-62-21-14,29052208,2026-08-08T08:39:01+0200
7b17c29dcd51c531,auto-a1214efd9c98,hodr@ea88247,hodr,ea88247,gefjon@f66a427,gefjon,f66a427,moonrise,all_official,1,0,rating,a,a,1.0,core_destroyed,80,,30,310,8,12,41,50,6,17,ok,,3.818,n-62-31-19,29052208,2026-08-08T08:37:55+0200
7b1d78e57b92022a,auto-a1214efd9c98,skadi@821d792,skadi,821d792,hodr@ea88247,hodr,ea88247,nordkap,all_official,1,0,rating,a,a,1.0,titanium_collected,1000,,16,410,7,3,16,100,7,6,ok,,10.041,n-62-21-16,29052208,2026-08-08T08:40:00+0200
7b214ac5ce0d4d74,auto-a1214efd9c98,hodr@ea88247,hodr,ea88247,steward_hardened_reinforced@672ee02,steward_hardened_reinforced,672ee02,antler,all_official,1,0,rating,a,a,1.0,core_destroyed,76,,28,450,5,13,17,320,7,13,ok,,3.669,n-62-31-17,29052208,2026-08-08T08:40:43+0200
7b3207a75e7ebb05,auto-a1214efd9c98,steward_hardened_reinforced@deba9ec,steward_hardened_reinforced,deba9ec,hodr@ea88247,hodr,ea88247,crossfire,all_official,1,0,rating,b,b,0.0,core_destroyed,345,,10,230,8,4,9,50,7,5,ok,,4.563,n-62-31-9,29052208,2026-08-08T08:40:21+0200
7b3528ddee3903e1,auto-a1214efd9c98,mjolnir@2e6c876,mjolnir,2e6c876,hodr@ea88247,hodr,ea88247,duel,all_official,1,0,rating,b,b,0.0,core_destroyed,142,,8,340,7,5,23,670,9,7,ok,,3.721,n-62-11-63,29052208,2026-08-08T08:39:51+0200
7b5cbc0e6819de91,auto-a1214efd9c98,freyr@c2c0d3d,freyr,c2c0d3d,hodr@ea88247,hodr,ea88247,meander,all_official,1,0,rating,b,b,0.0,core_destroyed,405,,10,50,7,3,9,0,9,9,ok,,5.543,n-62-30-24,29052208,2026-08-08T08:38:10+0200
7b669626a128538c,auto-a1214efd9c98,spar_mender@7ed1acc,spar_mender,7ed1acc,hodr@ea88247,hodr,ea88247,duel,all_official,1,0,rating,b,b,0.0,core_destroyed,112,,72,640,9,11,97,570,7,17,ok,,3.969,n-62-31-9,29052208,2026-08-08T08:40:28+0200
7b7c0ab1ebb048c7,auto-a1214efd9c98,prospect@bf9b3e3,prospect,bf9b3e3,hodr@ea88247,hodr,ea88247,bridge,all_official,1,0,rating,b,b,0.0,core_destroyed,852,,1845,5450,8,19,20,0,13,4,ok,,15.906,n-62-11-55,29052208,2026-08-08T08:39:12+0200
7bb628b266304db1,auto-a1214efd9c98,hodr@ea88247,hodr,ea88247,gobbleglitch@6cdc440,gobbleglitch,6cdc440,snowflake,all_official,1,0,rating,a,a,1.0,core_destroyed,87,,7,190,8,9,59,270,7,9,ok,,3.154,n-62-12-1,29052208,2026-08-08T08:38:02+0200
7bbb8bf0f82f0afd,auto-a1214efd9c98,hodr@ea88247,hodr,ea88247,lockin@90fc9f3,lockin,90fc9f3,snowflake,all_official,1,0,rating,a,a,1.0,core_destroyed,52,,44,380,7,28,630,0,0,0,ok,,1.969,n-62-21-61,29052208,2026-08-08T08:38:28+0200
7bc406c035ec8184,auto-a1214efd9c98,ullr@7d1ab4e,ullr,7d1ab4e,hodr@ea88247,hodr,ea88247,runestone,all_official,1,0,rating,a,a,1.0,core_destroyed,317,,9,50,8,17,10,260,8,17,ok,,4.912,n-62-29-15,29052208,2026-08-08T08:40:48+0200
7bd0f0ba0158f446,auto-a1214efd9c98,hodr@ea88247,hodr,ea88247,steward_hardened_reinforced@f61245f,steward_hardened_reinforced,f61245f,runestone,all_official,1,0,rating,a,a,1.0,core_destroyed,317,,9,50,8,17,10,260,8,17,ok,,5.108,n-62-28-34,29052208,2026-08-08T08:40:37+0200
7be77af21e17c5e6,auto-a1214efd9c98,hodr@ea88247,hodr,ea88247,steward_hardened_reinforced@04300bf,steward_hardened_reinforced,04300bf,strait,all_official,1,0,rating,a,a,1.0,titanium_collected,1000,,16,250,6,13,16,70,6,11,ok,,7.933,n-62-31-5,29052208,2026-08-08T08:39:35+0200
7bf5ded0da96aa42,auto-a1214efd9c98,hodr@ea88247,hodr,ea88247,skadi@821d792,skadi,821d792,eider,all_official,1,0,rating,a,a,1.0,titanium_collected,1000,,20,2480,8,11,12,0,6,7,ok,,7.731,n-62-31-23,29052208,2026-08-08T08:40:21+0200
7bfa2d8a41a8fc3a,auto-a1214efd9c98,hodr@ea88247,hodr,ea88247,pantheon_replica_day3@aa8bae0,pantheon_replica_day3,aa8bae0,pinch,all_official,1,0,rating,b,b,0.0,core_destroyed,277,,10,120,7,5,9,0,9,4,ok,,4.642,n-62-31-7,29052208,2026-08-08T08:39:02+0200
7bfdc5cb2f418f55,auto-a1214efd9c98,freyr@c2c0d3d,freyr,c2c0d3d,hodr@ea88247,hodr,ea88247,antler,all_official,1,0,rating,b,b,0.0,core_destroyed,56,,20,290,6,13,18,230,7,14,ok,,3.359,n-62-29-34,29052208,2026-08-08T08:37:58+0200
7c0ae203d1eb732e,auto-a1214efd9c98,njord@f66a427,njord,f66a427,hodr@ea88247,hodr,ea88247,saga,all_official,1,0,rating,b,b,0.0,core_destroyed,79,,8,250,8,29,9,360,8,23,ok,,4.599,n-62-28-34,29052208,2026-08-08T08:38:57+0200
7c225a716b01d01f,auto-a1214efd9c98,hodr@ea88247,hodr,ea88247,jonbot_190003d@90fc9f3,jonbot_190003d,90fc9f3,hive,all_official,1,0,rating,a,a,1.0,core_destroyed,72,,20,160,8,31,304,100,5,14,ok,,3.618,n-62-21-16,29052208,2026-08-08T08:37:55+0200
7c3070ec2bd5f3df,auto-a1214efd9c98,hodr@ea88247,hodr,ea88247,gefjon@f66a427,gefjon,f66a427,fjord,all_official,1,0,rating,a,a,1.0,core_destroyed,95,,8,620,9,17,8,500,6,17,ok,,3.959,n-62-31-18,29052208,2026-08-08T08:38:11+0200
7c762fe4d6725ae1,auto-a1214efd9c98,jonbot_190003d@90fc9f3,jonbot_190003d,90fc9f3,hodr@ea88247,hodr,ea88247,twins,all_official,1,0,rating,b,b,0.0,core_destroyed,102,,445,230,6,7,10,220,7,17,ok,,3.685,n-62-21-21,29052208,2026-08-08T08:38:32+0200
7c91d0a47e053d3e,auto-a1214efd9c98,hodr@ea88247,hodr,ea88247,gobbleglitch@6cdc440,gobbleglitch,6cdc440,saga,all_official,1,0,rating,a,a,1.0,core_destroyed,75,,8,150,9,7,60,0,10,1,ok,,4.464,n-62-21-90,29052208,2026-08-08T08:38:20+0200
7cac3c2923b12b5e,auto-a1214efd9c98,strategist@2e6eca5,strategist,2e6eca5,hodr@ea88247,hodr,ea88247,duel,all_official,1,0,rating,b,b,0.0,core_destroyed,169,,467,400,2,15,18,1150,9,17,ok,,3.915,n-62-31-11,29052208,2026-08-08T08:40:38+0200
7cb8a4a37db0c9a1,auto-a1214efd9c98,janus@8a1e7a1,janus,8a1e7a1,hodr@ea88247,hodr,ea88247,longship,all_official,1,0,rating,b,b,0.0,core_destroyed,77,,9,270,10,12,9,170,6,22,ok,,3.942,n-62-21-4,29052208,2026-08-08T08:38:26+0200
7cd25ca5849efd8d,auto-a1214efd9c98,spar_mender@7ed1acc,spar_mender,7ed1acc,hodr@ea88247,hodr,ea88247,twins,all_official,1,0,rating,b,b,0.0,core_destroyed,97,,19,340,11,17,10,200,6,13,ok,,4.093,n-62-28-28,29052208,2026-08-08T08:40:26+0200
7ced0db82bd40de5,auto-a1214efd9c98,prospect@bf9b3e3,prospect,bf9b3e3,hodr@ea88247,hodr,ea88247,drumlin,all_official,1,0,rating,b,b,0.0,core_destroyed,57,,9,180,7,14,19,220,8,15,ok,,3.055,n-62-11-55,29052208,2026-08-08T08:39:26+0200
7cf4f81ca5e6d046,auto-a1214efd9c98,hodr@ea88247,hodr,ea88247,spar_mender@d5b46bc,spar_mender,d5b46bc,meander,all_official,1,0,rating,b,b,0.0,core_destroyed,167,,4,0,5,13,6,230,9,15,ok,,3.757,n-62-29-13,29052208,2026-08-08T08:39:34+0200
7cfcb9419a279550,auto-a1214efd9c98,jonbot@90fc9f3,jonbot,90fc9f3,hodr@ea88247,hodr,ea88247,fjord,all_official,1,0,rating,b,b,0.0,core_destroyed,138,,6,0,6,5,10,950,8,31,ok,,4.7,n-62-21-5,29052208,2026-08-08T08:38:46+0200
7d1f1557adbe6d96,auto-a1214efd9c98,steward_hardened_reinforced@04300bf,steward_hardened_reinforced,04300bf,hodr@ea88247,hodr,ea88247,aurora,all_official,1,0,rating,a,a,1.0,core_destroyed,70,,28,430,7,30,6,250,8,22,ok,,3.429,n-62-29-24,29052208,2026-08-08T08:39:40+0200
7d5a618c7adab035,auto-a1214efd9c98,hodr@ea88247,hodr,ea88247,njord@f66a427,njord,f66a427,fjord,all_official,1,0,rating,a,a,1.0,core_destroyed,116,,14,770,9,15,17,600,6,15,ok,,4.24,n-62-28-28,29052208,2026-08-08T08:39:09+0200
7d5ebfe18500a2cb,auto-a1214efd9c98,njord@f66a427,njord,f66a427,hodr@ea88247,hodr,ea88247,strait,all_official,1,0,rating,a,a,1.0,titanium_collected,1000,,16,250,6,13,16,70,6,11,ok,,7.857,n-62-29-13,29052208,2026-08-08T08:39:01+0200
7d5ef426876850a2,auto-a1214efd9c98,hodr@ea88247,hodr,ea88247,steward_hardened_reinforced@f1f2bda,steward_hardened_reinforced,f1f2bda,skerry,all_official,1,0,rating,a,a,1.0,core_destroyed,110,,70,750,9,14,6,320,6,16,ok,,3.959,n-62-12-4,29052208,2026-08-08T08:40:23+0200
7d6b44d5565483e2,auto-a1214efd9c98,skadi@6a2af02,skadi,6a2af02,hodr@ea88247,hodr,ea88247,heart,all_official,1,0,rating,b,b,0.0,core_destroyed,253,,10,0,4,13,9,60,6,10,ok,,5.104,n-62-21-8,29052208,2026-08-08T08:39:47+0200
7d7ae39772fd6d1c,auto-a1214efd9c98,steward_hardened_reinforced@366cd1b,steward_hardened_reinforced,366cd1b,hodr@ea88247,hodr,ea88247,fjord,all_official,1,0,rating,a,a,1.0,core_destroyed,116,,14,770,9,15,17,600,6,15,ok,,3.506,n-62-29-17,29052208,2026-08-08T08:39:34+0200
7d83b4b45bfdeeab,auto-a1214efd9c98,steward_hardened_reinforced@c04e46e,steward_hardened_reinforced,c04e46e,hodr@ea88247,hodr,ea88247,meander,all_official,1,0,rating,b,b,0.0,core_destroyed,421,,10,70,6,5,9,0,9,10,ok,,4.716,n-62-11-57,29052208,2026-08-08T08:39:52+0200
7d95d6fc1a7e2834,auto-a1214efd9c98,heimdall@daf0de0,heimdall,daf0de0,hodr@ea88247,hodr,ea88247,fjord,all_official,1,0,rating,a,a,1.0,core_destroyed,66,,17,420,10,13,141,410,6,30,ok,,4.015,n-62-12-8,29052208,2026-08-08T08:38:29+0200
7da828fc75b90b0e,auto-a1214efd9c98,hodr@ea88247,hodr,ea88247,steward_hardened_reinforced@f61245f,steward_hardened_reinforced,f61245f,quarry,all_official,1,0,rating,b,b,0.0,core_destroyed,989,,8,630,7,22,10,2680,9,22,ok,,9.257,n-62-28-34,29052208,2026-08-08T08:40:23+0200
7dcfda8e83bbb4c9,auto-a1214efd9c98,hodr@ea88247,hodr,ea88247,tyr@2e6c876,tyr,2e6c876,antler,all_official,1,0,rating,a,a,1.0,core_destroyed,79,,8,350,6,8,37,340,6,14,ok,,2.641,n-62-31-21,29052208,2026-08-08T08:40:41+0200
7df0b315a74ea311,auto-a1214efd9c98,mistral@90fc9f3,mistral,90fc9f3,hodr@ea88247,hodr,ea88247,meander,all_official,1,0,rating,b,b,0.0,core_destroyed,97,,42,0,9,0,10,120,7,10,ok,,5.38,n-62-11-68,29052208,2026-08-08T08:39:32+0200
7df1d6d68f144b37,auto-a1214efd9c98,spar_mender@7ed1acc,spar_mender,7ed1acc,hodr@ea88247,hodr,ea88247,sweden,all_official,1,0,rating,b,b,0.0,core_destroyed,248,,43,370,7,14,70,580,11,15,ok,,9.503,n-62-28-28,29052208,2026-08-08T08:40:15+0200
7e0143e9436b0327,auto-a1214efd9c98,hodr@ea88247,hodr,ea88247,mimir@cfc1ec4,mimir,cfc1ec4,atoll,all_official,1,0,rating,a,a,1.0,core_destroyed,91,,13,400,8,17,16,400,9,8,ok,,4.292,n-62-21-72,29052208,2026-08-08T08:38:12+0200
7e01c9031d59afc2,auto-a1214efd9c98,hodr@ea88247,hodr,ea88247,janus@8a1e7a1,janus,8a1e7a1,archipelago,all_official,1,0,rating,a,a,1.0,core_destroyed,52,,18,200,8,10,10,0,9,9,ok,,4.155,n-62-21-1,29052208,2026-08-08T08:38:30+0200
7e2070384dcc4452,auto-a1214efd9c98,hodr@ea88247,hodr,ea88247,skadi@821d792,skadi,821d792,heart,all_official,1,0,rating,a,a,1.0,core_destroyed,104,,24,140,6,15,20,0,6,10,ok,,3.813,n-62-21-15,29052208,2026-08-08T08:39:24+0200
7e3408fb6832a16c,auto-a1214efd9c98,steward_hardened_reinforced@366cd1b,steward_hardened_reinforced,366cd1b,hodr@ea88247,hodr,ea88247,vault,all_official,1,0,rating,b,b,0.0,core_destroyed,134,,6,430,11,13,18,630,9,21,ok,,5.575,n-62-31-17,29052208,2026-08-08T08:40:39+0200
7e35b6abc88744d2,auto-a1214efd9c98,mimir@cfc1ec4,mimir,cfc1ec4,hodr@ea88247,hodr,ea88247,eider,all_official,1,0,rating,a,a,1.0,core_destroyed,131,,27,840,11,14,10,1050,8,27,ok,,6.004,n-62-31-5,29052208,2026-08-08T08:39:09+0200
7e5bd10e5029a2ac,auto-a1214efd9c98,heimdall@daf0de0,heimdall,daf0de0,hodr@ea88247,hodr,ea88247,saga,all_official,1,0,rating,b,b,0.0,core_destroyed,77,,41,470,7,40,18,350,8,23,ok,,3.999,n-62-12-4,29052208,2026-08-08T08:38:08+0200
7ee8f4a54cae66a4,auto-a1214efd9c98,hodr@ea88247,hodr,ea88247,spar_mender@d5b46bc,spar_mender,d5b46bc,moonrise,all_official,1,0,rating,a,a,1.0,core_destroyed,69,,20,250,7,10,10,40,9,9,ok,,3.318,n-62-29-13,29052208,2026-08-08T08:39:44+0200
7eecddd204c12239,auto-a1214efd9c98,hodr@ea88247,hodr,ea88247,skadi@1e4eddf,skadi,1e4eddf,atoll,all_official,1,0,rating,a,a,1.0,core_destroyed,181,,10,850,8,13,9,280,7,11,ok,,5.573,n-62-21-9,29052208,2026-08-08T08:39:20+0200
7f1b5635bf39adff,auto-a1214efd9c98,hodr@ea88247,hodr,ea88247,strategist@2e6eca5,strategist,2e6eca5,saga,all_official,1,0,rating,a,a,1.0,core_destroyed,124,,212,940,11,35,87,0,7,40,ok,,4.811,n-62-21-98,29052208,2026-08-08T08:40:47+0200
7f22aa6220654e8a,auto-a1214efd9c98,tempest@90fc9f3,tempest,90fc9f3,hodr@ea88247,hodr,ea88247,nordkap,all_official,1,0,rating,b,b,0.0,core_destroyed,53,,32,0,10,2,9,110,6,10,ok,,4.667,n-62-28-33,29052208,2026-08-08T08:40:36+0200
7f2c4f650f319bd8,auto-a1214efd9c98,steward_hardened_reinforced@f1f2bda,steward_hardened_reinforced,f1f2bda,hodr@ea88247,hodr,ea88247,archipelago,all_official,1,0,rating,a,a,1.0,core_destroyed,68,,19,370,9,27,10,160,8,14,ok,,4.04,n-62-12-2,29052208,2026-08-08T08:39:55+0200
7f41181762057aa3,auto-a1214efd9c98,hodr@ea88247,hodr,ea88247,steward_hardened_reinforced@c04e46e,steward_hardened_reinforced,c04e46e,bridge,all_official,1,0,rating,a,a,1.0,titanium_stored,1000,,43,0,10,13,40,0,12,5,ok,,21.535,n-62-11-55,29052208,2026-08-08T08:40:33+0200
7f63a92feda04def,auto-a1214efd9c98,mimir@cfc1ec4,mimir,cfc1ec4,hodr@ea88247,hodr,ea88247,hive,all_official,1,0,rating,b,b,0.0,core_destroyed,56,,18,120,9,19,17,180,8,23,ok,,3.733,n-62-31-4,29052208,2026-08-08T08:38:56+0200
7faed38cb3e231cf,auto-a1214efd9c98,steward_hardened_reinforced@366cd1b,steward_hardened_reinforced,366cd1b,hodr@ea88247,hodr,ea88247,sweden,all_official,1,0,rating,b,b,0.0,core_destroyed,449,,33,0,9,4,21,1080,11,21,ok,,15.465,n-62-31-17,29052208,2026-08-08T08:40:10+0200
7fb10b1ecc3cc187,auto-a1214efd9c98,skadi@aad5f44,skadi,aad5f44,hodr@ea88247,hodr,ea88247,bridge,all_official,1,0,rating,b,b,0.0,core_destroyed,713,,3703,5360,1,18,10,0,11,3,ok,,15.282,n-62-11-68,29052208,2026-08-08T08:40:14+0200
7fcae38f20a05f5d,auto-a1214efd9c98,steward_hardened_reinforced@04300bf,steward_hardened_reinforced,04300bf,hodr@ea88247,hodr,ea88247,sweden,all_official,1,0,rating,b,b,0.0,core_destroyed,449,,33,0,9,4,21,1080,11,21,ok,,15.218,n-62-31-5,29052208,2026-08-08T08:40:30+0200
7fcdd49840698e9c,auto-a1214efd9c98,prospect_rushonly@bf9b3e3,prospect_rushonly,bf9b3e3,hodr@ea88247,hodr,ea88247,crossfire,all_official,1,0,rating,b,b,0.0,core_destroyed,57,,10,100,7,10,8,230,7,8,ok,,3.311,n-62-21-90,29052208,2026-08-08T08:39:40+0200
7fcf15c0a0c419c4,auto-a1214efd9c98,lockin@90fc9f3,lockin,90fc9f3,hodr@ea88247,hodr,ea88247,duel,all_official,1,0,rating,b,b,0.0,core_destroyed,41,,322,60,5,3,20,160,7,16,ok,,3.171,n-62-21-57,29052208,2026-08-08T08:38:04+0200
7fddc19e7f5435cc,auto-a1214efd9c98,hodr@ea88247,hodr,ea88247,fenrir2@6b39ebb,fenrir2,6b39ebb,heart,all_official,1,0,rating,a,a,1.0,core_destroyed,137,,9,60,7,11,10,0,7,8,ok,,3.164,n-62-29-24,29052208,2026-08-08T08:38:26+0200
7fe562ad350b784e,auto-a1214efd9c98,hodr@ea88247,hodr,ea88247,steward_hardened_reinforced@04300bf,steward_hardened_reinforced,04300bf,twins,all_official,1,0,rating,a,a,1.0,core_destroyed,120,,20,280,8,9,14,160,8,14,ok,,3.699,n-62-31-5,29052208,2026-08-08T08:40:34+0200
7ffacf66207db672,auto-a1214efd9c98,spar_mender@d5b46bc,spar_mender,d5b46bc,hodr@ea88247,hodr,ea88247,showdown,all_official,1,0,rating,b,b,0.0,core_destroyed,645,,8,0,8,8,9,1560,6,9,ok,,5.276,n-62-29-15,29052208,2026-08-08T08:40:22+0200
800f0c3b79d104ab,auto-a1214efd9c98,skadi@6a2af02,skadi,6a2af02,hodr@ea88247,hodr,ea88247,moonrise,all_official,1,0,rating,b,b,0.0,core_destroyed,225,,10,110,4,8,9,230,8,5,ok,,3.817,n-62-21-13,29052208,2026-08-08T08:39:05+0200
80194f6110fa235b,auto-a1214efd9c98,steward_hardened_reinforced@04300bf,steward_hardened_reinforced,04300bf,hodr@ea88247,hodr,ea88247,duel,all_official,1,0,rating,a,a,1.0,core_destroyed,59,,9,250,8,7,170,250,6,6,ok,,3.109,n-62-29-9,29052208,2026-08-08T08:39:31+0200
801aae96371971cb,auto-a1214efd9c98,lockin@90fc9f3,lockin,90fc9f3,hodr@ea88247,hodr,ea88247,antler,all_official,1,0,rating,b,b,0.0,core_destroyed,51,,620,0,0,0,10,120,8,16,ok,,2.064,n-62-21-69,29052208,2026-08-08T08:39:44+0200
80372160ef184ff8,auto-a1214efd9c98,steward_hardened_reinforced@cdc552f,steward_hardened_reinforced,cdc552f,hodr@ea88247,hodr,ea88247,snowflake,all_official,1,0,rating,a,a,1.0,core_destroyed,86,,30,820,11,20,6,190,6,14,ok,,4.877,n-62-11-51,29052208,2026-08-08T08:40:22+0200
805307b75d5b6e8e,auto-a1214efd9c98,steward_hardened_reinforced@672ee02,steward_hardened_reinforced,672ee02,hodr@ea88247,hodr,ea88247,vase,all_official,1,0,rating,b,b,0.0,core_destroyed,429,,37,710,10,4,24,1030,17,16,ok,,15.481,n-62-31-7,29052208,2026-08-08T08:39:51+0200
806c9af7511ed9da,auto-a1214efd9c98,steward_hardened_reinforced@672ee02,steward_hardened_reinforced,672ee02,hodr@ea88247,hodr,ea88247,nordkap,all_official,1,0,rating,b,b,0.0,core_destroyed,638,,6,80,9,3,10,1560,8,17,ok,,5.697,n-62-31-21,29052208,2026-08-08T08:39:56+0200
80851e3ddb958146,auto-a1214efd9c98,hodr@ea88247,hodr,ea88247,steward_hardened_reinforced@366cd1b,steward_hardened_reinforced,366cd1b,crossfire,all_official,1,0,rating,a,a,1.0,core_destroyed,306,,61,2000,14,43,8,50,4,4,ok,,5.128,n-62-29-5,29052208,2026-08-08T08:40:06+0200
80ca899b6e0a8223,auto-a1214efd9c98,gefjon@f66a427,gefjon,f66a427,hodr@ea88247,hodr,ea88247,duel,all_official,1,0,rating,b,b,0.0,core_destroyed,69,,9,250,8,6,18,310,8,7,ok,,3.412,n-62-31-18,29052208,2026-08-08T08:37:59+0200
80d7d9a6d199b24d,auto-a1214efd9c98,ragnarok_fair@79582fc,ragnarok_fair,79582fc,hodr@ea88247,hodr,ea88247,eider,all_official,1,0,rating,b,b,0.0,core_destroyed,39,,22,120,9,9,19,140,6,11,ok,,3.324,n-62-21-12,29052208,2026-08-08T08:38:55+0200
80e485716cf87879,auto-a1214efd9c98,hodr@ea88247,hodr,ea88247,prospect@bf9b3e3,prospect,bf9b3e3,archipelago,all_official,1,0,rating,a,a,1.0,core_destroyed,52,,18,200,8,10,10,0,9,9,ok,,3.415,n-62-31-19,29052208,2026-08-08T08:39:02+0200
80f6809aa8829ff7,auto-a1214efd9c98,odin@93e46da,odin,93e46da,hodr@ea88247,hodr,ea88247,nordkap,all_official,1,0,rating,b,b,0.0,core_destroyed,95,,10,100,3,7,7,380,8,9,ok,,3.617,n-62-29-17,29052208,2026-08-08T08:39:08+0200
810d0b392073de1e,auto-a1214efd9c98,hodr@ea88247,hodr,ea88247,mistral@90fc9f3,mistral,90fc9f3,jackpot,all_official,1,0,rating,a,a,1.0,core_destroyed,101,,20,440,12,18,474,0,2,0,ok,,4.883,n-62-11-68,29052208,2026-08-08T08:38:51+0200
812d548090681cfc,auto-a1214efd9c98,hodr@ea88247,hodr,ea88247,odin@38e1456,odin,38e1456,bridge,all_official,1,0,rating,a,a,1.0,core_destroyed,267,,37,490,6,16,7,0,10,7,ok,,7.89,n-62-29-16,29052208,2026-08-08T08:38:54+0200
8149786aadf35e4b,auto-a1214efd9c98,hodr@ea88247,hodr,ea88247,steward_reinforced@a8dc58a,steward_reinforced,a8dc58a,fjord,all_official,1,0,rating,a,a,1.0,core_destroyed,93,,38,620,9,18,10,460,7,16,ok,,4.313,n-62-31-4,29052208,2026-08-08T08:40:36+0200
815a8674ae77c78c,auto-a1214efd9c98,e_t4l7@9e77076,e_t4l7,9e77076,hodr@ea88247,hodr,ea88247,atoll,all_official,1,0,rating,b,b,0.0,core_destroyed,267,,1044,1290,1,16,8,1280,8,56,ok,,4.565,n-62-28-28,29052208,2026-08-08T08:38:14+0200
816a81b79be9f385,auto-a1214efd9c98,hodr@ea88247,hodr,ea88247,bastion@840a180,bastion,840a180,quarry,all_official,1,0,rating,b,b,0.0,core_destroyed,218,,8,660,8,12,8,430,6,15,ok,,5.052,n-62-11-61,29052208,2026-08-08T08:38:19+0200
817f7e04c90b6177,auto-a1214efd9c98,odin@93e46da,odin,93e46da,hodr@ea88247,hodr,ea88247,pinch,all_official,1,0,rating,a,a,1.0,core_destroyed,102,,30,640,10,25,34,650,11,35,ok,,4.342,n-62-29-17,29052208,2026-08-08T08:39:21+0200
819415e07e6f7498,auto-a1214efd9c98,strategist@2a19238,strategist,2a19238,hodr@ea88247,hodr,ea88247,longship,all_official,1,0,rating,b,b,0.0,core_destroyed,522,,1519,2570,10,53,8,3090,10,40,ok,,7.917,n-62-29-21,29052208,2026-08-08T08:40:37+0200
81add7a1a31926f1,auto-a1214efd9c98,maporacle@38e1456,maporacle,38e1456,hodr@ea88247,hodr,ea88247,moonrise,all_official,1,0,rating,b,b,0.0,core_destroyed,45,,10,0,8,6,8,90,6,5,ok,,3.596,n-62-21-66,29052208,2026-08-08T08:38:46+0200
81b8d56907e416d9,auto-a1214efd9c98,hodr@ea88247,hodr,ea88247,steward_hardened_reinforced@cdc552f,steward_hardened_reinforced,cdc552f,duel,all_official,1,0,rating,a,a,1.0,core_destroyed,43,,9,170,8,7,10,170,8,6,ok,,3.148,n-62-11-64,29052208,2026-08-08T08:39:43+0200
81ddca303dcb976e,auto-a1214efd9c98,prospect@bf9b3e3,prospect,bf9b3e3,hodr@ea88247,hodr,ea88247,fjord,all_official,1,0,rating,b,b,0.0,core_destroyed,48,,23,250,10,13,30,280,6,18,ok,,3.314,n-62-11-50,29052208,2026-08-08T08:38:52+0200
81f053075badded9,auto-a1214efd9c98,prospect_rushonly@bf9b3e3,prospect_rushonly,bf9b3e3,hodr@ea88247,hodr,ea88247,vault,all_official,1,0,rating,a,a,1.0,core_destroyed,77,,10,330,10,7,1,220,6,17,ok,,3.951,n-62-12-6,29052208,2026-08-08T08:39:04+0200
81f8797d0e8f0ec3,auto-a1214efd9c98,janus@8a1e7a1,janus,8a1e7a1,hodr@ea88247,hodr,ea88247,moonrise,all_official,1,0,rating,a,a,1.0,titanium_collected,1000,,16,260,6,7,16,90,8,3,ok,,7.104,n-62-21-4,29052208,2026-08-08T08:38:49+0200
820dc0f0ebdedab3,auto-a1214efd9c98,hodr@ea88247,hodr,ea88247,njord@f66a427,njord,f66a427,saga,all_official,1,0,rating,b,b,0.0,core_destroyed,79,,8,250,8,29,9,360,8,23,ok,,4.53,n-62-28-34,29052208,2026-08-08T08:38:52+0200
820ec2e5a101cd73,auto-a1214efd9c98,odin@93e46da,odin,93e46da,hodr@ea88247,hodr,ea88247,strait,all_official,1,0,rating,b,b,0.0,core_destroyed,85,,53,450,9,37,10,480,9,30,ok,,4.592,n-62-30-24,29052208,2026-08-08T08:39:04+0200
821767d0b921f1ba,auto-a1214efd9c98,casemate_oracle@90fc9f3,casemate_oracle,90fc9f3,hodr@ea88247,hodr,ea88247,vault,all_official,1,0,rating,b,b,0.0,core_destroyed,199,,4,0,5,18,10,950,8,33,ok,,13.748,n-62-21-98,29052208,2026-08-08T08:38:45+0200
8220631e7056dcf0,auto-a1214efd9c98,gobbleglitch@6cdc440,gobbleglitch,6cdc440,hodr@ea88247,hodr,ea88247,meander,all_official,1,0,rating,b,b,0.0,core_destroyed,94,,58,0,5,3,9,370,8,9,ok,,3.452,n-62-21-89,29052208,2026-08-08T08:38:12+0200
8225a88d48b233ef,auto-a1214efd9c98,hodr@ea88247,hodr,ea88247,ragnarok_fair@79582fc,ragnarok_fair,79582fc,heart,all_official,1,0,rating,a,a,1.0,core_destroyed,81,,7,140,6,9,10,0,8,5,ok,,3.424,n-62-21-12,29052208,2026-08-08T08:39:18+0200
822c0e87443aacd4,auto-a1214efd9c98,jonbot_190003d@90fc9f3,jonbot_190003d,90fc9f3,hodr@ea88247,hodr,ea88247,fjordgate,all_official,1,0,rating,b,b,0.0,titanium_collected,1000,,70,0,7,3,17,20,7,6,ok,,6.922,n-62-21-15,29052208,2026-08-08T08:38:25+0200
822da6f2725be996,auto-a1214efd9c98,hodr@ea88247,hodr,ea88247,prospect_rushonly@bf9b3e3,prospect_rushonly,bf9b3e3,runestone,all_official,1,0,rating,a,a,1.0,titanium_collected,1000,,16,240,8,20,20,100,9,11,ok,,7.757,n-62-12-8,29052208,2026-08-08T08:38:55+0200
822debae05e8bd3d,auto-a1214efd9c98,hodr@ea88247,hodr,ea88247,e_t4l7@9e77076,e_t4l7,9e77076,heart,all_official,1,0,rating,a,a,1.0,core_destroyed,115,,8,230,7,18,1,50,6,22,ok,,3.651,n-62-28-33,29052208,2026-08-08T08:37:54+0200
82377ed2914f3d50,auto-a1214efd9c98,hodr@ea88247,hodr,ea88247,tyr@2e6c876,tyr,2e6c876,longship,all_official,1,0,rating,a,a,1.0,core_destroyed,136,,127,950,11,41,101,950,10,53,ok,,5.533,n-62-31-22,29052208,2026-08-08T08:40:50+0200
824705621116cc33,auto-a1214efd9c98,hodr@ea88247,hodr,ea88247,strategist@2a19238,strategist,2a19238,snowflake,all_official,1,0,rating,a,a,1.0,core_destroyed,137,,101,2050,12,51,277,620,7,45,ok,,4.824,n-62-31-10,29052208,2026-08-08T08:40:39+0200
824ba1ede354677a,auto-a1214efd9c98,gefjon@f66a427,gefjon,f66a427,hodr@ea88247,hodr,ea88247,lighthouse,all_official,1,0,rating,b,b,0.0,core_destroyed,109,,8,690,7,25,37,690,7,11,ok,,3.88,n-62-31-20,29052208,2026-08-08T08:38:36+0200
8259788d0c441b13,auto-a1214efd9c98,gefjon@f66a427,gefjon,f66a427,hodr@ea88247,hodr,ea88247,quarry,all_official,1,0,rating,b,b,0.0,core_destroyed,114,,20,600,8,28,30,650,8,22,ok,,4.486,n-62-31-19,29052208,2026-08-08T08:38:29+0200
8273502936432384,auto-a1214efd9c98,hodr@ea88247,hodr,ea88247,steward_hardened_reinforced@672ee02,steward_hardened_reinforced,672ee02,aurora,all_official,1,0,rating,a,a,1.0,core_destroyed,68,,28,420,8,32,19,250,9,22,ok,,4.608,n-62-31-8,29052208,2026-08-08T08:39:55+0200
82772fade6146593,auto-a1214efd9c98,hodr@ea88247,hodr,ea88247,strategist@2a19238,strategist,2a19238,crossfire,all_official,1,0,rating,b,b,0.0,titanium_collected,1000,,26,5160,8,24,3580,5220,15,21,ok,,8.929,n-62-11-64,29052208,2026-08-08T08:40:47+0200
827f2056a77f827c,auto-a1214efd9c98,ragnarok_fair@79582fc,ragnarok_fair,79582fc,hodr@ea88247,hodr,ea88247,crossfire,all_official,1,0,rating,b,b,0.0,core_destroyed,72,,20,300,10,12,28,310,7,16,ok,,4.495,n-62-21-1,29052208,2026-08-08T08:39:35+0200
828b8f44cd504c31,auto-a1214efd9c98,hodr@ea88247,hodr,ea88247,maporacle@38e1456,maporacle,38e1456,string,all_official,1,0,rating,b,b,0.0,core_destroyed,95,,10,80,5,3,19,430,8,8,ok,,4.395,n-62-21-71,29052208,2026-08-08T08:37:55+0200
82b215261d7cf679,auto-a1214efd9c98,hodr@ea88247,hodr,ea88247,undertow_oracle@fdc1e1f,undertow_oracle,fdc1e1f,fjordgate,all_official,1,0,rating,a,a,1.0,core_destroyed,97,,19,230,7,10,60,0,2,0,ok,,3.217,n-62-21-89,29052208,2026-08-08T08:40:47+0200
82c8d9a7776ddc41,auto-a1214efd9c98,hodr@ea88247,hodr,ea88247,mjolnir@2e6c876,mjolnir,2e6c876,runestone,all_official,1,0,rating,a,a,1.0,core_destroyed,157,,75,1160,12,44,34,570,5,23,ok,,6.123,n-62-31-10,29052208,2026-08-08T08:39:01+0200
83078c3b666a6cb9,auto-a1214efd9c98,hodr@ea88247,hodr,ea88247,strategist@2a19238,strategist,2a19238,longship,all_official,1,0,rating,a,a,1.0,core_destroyed,185,,126,1980,14,53,315,1030,14,46,ok,,6.739,n-62-29-21,29052208,2026-08-08T08:40:29+0200
831936272071a3ad,auto-a1214efd9c98,hodr@ea88247,hodr,ea88247,freyr@c2c0d3d,freyr,c2c0d3d,string,all_official,1,0,rating,b,b,0.0,core_destroyed,295,,40,30,2,2,6,1380,12,7,ok,,7.127,n-62-31-17,29052208,2026-08-08T08:38:35+0200
831c9ab096fd9fb9,auto-a1214efd9c98,hodr@ea88247,hodr,ea88247,steward_hardened_reinforced@a994296,steward_hardened_reinforced,a994296,saga,all_official,1,0,rating,b,b,0.0,core_destroyed,79,,8,250,8,29,9,360,8,23,ok,,4.3,n-62-31-24,29052208,2026-08-08T08:40:33+0200
834a99b40b7ac45c,auto-a1214efd9c98,hodr@ea88247,hodr,ea88247,skadi@6a2af02,skadi,6a2af02,duel,all_official,1,0,rating,a,a,1.0,core_destroyed,221,,8,540,6,3,9,560,5,6,ok,,3.587,n-62-21-8,29052208,2026-08-08T08:38:58+0200
83525c6458d40166,auto-a1214efd9c98,mjolnir@2e6c876,mjolnir,2e6c876,hodr@ea88247,hodr,ea88247,snowflake,all_official,1,0,rating,a,a,1.0,core_destroyed,131,,37,1090,11,36,25,300,6,38,ok,,6.905,n-62-31-11,29052208,2026-08-08T08:39:07+0200
836262763909f19a,auto-a1214efd9c98,prospect_rushonly@bf9b3e3,prospect_rushonly,bf9b3e3,hodr@ea88247,hodr,ea88247,duel,all_official,1,0,rating,b,b,0.0,core_destroyed,50,,34,200,9,10,9,150,7,7,ok,,2.989,n-62-12-1,29052208,2026-08-08T08:38:59+0200
8370cba80207389a,auto-a1214efd9c98,hodr@ea88247,hodr,ea88247,janus@8a1e7a1,janus,8a1e7a1,showdown,all_official,1,0,rating,a,a,1.0,titanium_collected,1000,,19,60,6,12,16,0,7,5,ok,,7.662,n-62-21-9,29052208,2026-08-08T08:37:59+0200
8385b9ed847eaa1f,auto-a1214efd9c98,hodr@ea88247,hodr,ea88247,steward_hardened_reinforced@f61245f,steward_hardened_reinforced,f61245f,aurora,all_official,1,0,rating,a,a,1.0,core_destroyed,68,,28,410,7,30,19,250,8,22,ok,,3.609,n-62-28-31,29052208,2026-08-08T08:39:56+0200
8389c3edaa08a4bf,auto-a1214efd9c98,hodr@ea88247,hodr,ea88247,ullr@7d1ab4e,ullr,7d1ab4e,atoll,all_official,1,0,rating,a,a,1.0,core_destroyed,91,,13,400,8,17,16,400,9,8,ok,,4.518,n-62-31-8,29052208,2026-08-08T08:40:51+0200
83a6a56504fa5d4f,auto-a1214efd9c98,jonbot@90fc9f3,jonbot,90fc9f3,hodr@ea88247,hodr,ea88247,drumlin,all_official,1,0,rating,b,b,0.0,core_destroyed,63,,420,440,5,30,32,340,6,30,ok,,3.729,n-62-21-5,29052208,2026-08-08T08:38:20+0200
83a7705aa7eaf03a,auto-a1214efd9c98,hodr@ea88247,hodr,ea88247,odin@38e1456,odin,38e1456,quarry,all_official,1,0,rating,a,a,1.0,core_destroyed,95,,40,770,10,33,10,310,3,29,ok,,3.95,n-62-29-9,29052208,2026-08-08T08:39:04+0200
84230acbaf31428d,auto-a1214efd9c98,steward_hardened_reinforced@a994296,steward_hardened_reinforced,a994296,hodr@ea88247,hodr,ea88247,snowflake,all_official,1,0,rating,a,a,1.0,core_destroyed,65,,81,550,9,21,7,140,8,11,ok,,4.312,n-62-11-67,29052208,2026-08-08T08:40:05+0200
842b55c9580c2b23,auto-a1214efd9c98,steward_hardened_reinforced@672ee02,steward_hardened_reinforced,672ee02,hodr@ea88247,hodr,ea88247,longship,all_official,1,0,rating,b,b,0.0,core_destroyed,197,,9,470,8,14,8,490,6,22,ok,,4.911,n-62-31-4,29052208,2026-08-08T08:40:26+0200
844774c4ea5e0f5d,auto-a1214efd9c98,hodr@ea88247,hodr,ea88247,ragnarok_fair@79582fc,ragnarok_fair,79582fc,string,all_official,1,0,rating,b,b,0.0,core_destroyed,91,,10,80,4,2,9,410,8,8,ok,,3.47,n-62-21-6,29052208,2026-08-08T08:38:55+0200
844b67cbc2d7fb01,auto-a1214efd9c98,odin@38e1456,odin,38e1456,hodr@ea88247,hodr,ea88247,nordkap,all_official,1,0,rating,b,b,0.0,core_destroyed,95,,10,100,3,7,7,380,8,9,ok,,3.976,n-62-29-9,29052208,2026-08-08T08:38:46+0200
84653142a603a40d,auto-a1214efd9c98,freyr@c2c0d3d,freyr,c2c0d3d,hodr@ea88247,hodr,ea88247,snowflake,all_official,1,0,rating,a,a,1.0,core_destroyed,65,,81,550,9,21,7,140,8,11,ok,,4.089,n-62-31-17,29052208,2026-08-08T08:38:00+0200
84680bee734c0a33,auto-a1214efd9c98,hodr@ea88247,hodr,ea88247,casemate_oracle@90fc9f3,casemate_oracle,90fc9f3,strait,all_official,1,0,rating,a,a,1.0,core_destroyed,72,,20,330,7,27,53,0,7,10,ok,,5.35,n-62-21-97,29052208,2026-08-08T08:38:37+0200
847fd025f76fedf7,auto-a1214efd9c98,mjolnir@2e6c876,mjolnir,2e6c876,hodr@ea88247,hodr,ea88247,vase,all_official,1,0,rating,b,b,0.0,core_destroyed,305,,10,280,2,1,9,370,11,7,ok,,5.065,n-62-21-97,29052208,2026-08-08T08:39:25+0200
848fb14565170c39,auto-a1214efd9c98,mimir@cfc1ec4,mimir,cfc1ec4,hodr@ea88247,hodr,ea88247,sweden,all_official,1,0,rating,b,b,0.0,core_destroyed,275,,19,0,7,5,38,650,9,17,ok,,9.249,n-62-31-23,29052208,2026-08-08T08:39:57+0200
849ac879f908fc70,auto-a1214efd9c98,hodr@ea88247,hodr,ea88247,fenrir2@6b39ebb,fenrir2,6b39ebb,vault,all_official,1,0,rating,b,b,0.0,core_destroyed,107,,0,210,11,13,9,470,8,25,ok,,4.356,n-62-29-27,29052208,2026-08-08T08:38:56+0200
84b88a3783225da9,auto-a1214efd9c98,hodr@ea88247,hodr,ea88247,v233_i@902be71,v233_i,902be71,duel,all_official,1,0,rating,a,a,1.0,core_destroyed,61,,9,260,8,7,59,170,10,5,ok,,3.567,n-62-29-31,29052208,2026-08-08T08:40:50+0200
84d64bd4b45b8a5d,auto-a1214efd9c98,hodr@ea88247,hodr,ea88247,steward_hardened_reinforced@c04e46e,steward_hardened_reinforced,c04e46e,aurora,all_official,1,0,rating,a,a,1.0,core_destroyed,68,,28,410,7,30,19,250,8,22,ok,,3.562,n-62-11-55,29052208,2026-08-08T08:40:07+0200
8524e4f9836a8657,auto-a1214efd9c98,hodr@ea88247,hodr,ea88247,skadi@821d792,skadi,821d792,sprint,all_official,1,0,rating,b,b,0.0,core_destroyed,140,,16,10,7,3,19,320,5,14,ok,,3.53,n-62-11-67,29052208,2026-08-08T08:39:37+0200
852543faed11cd16,auto-a1214efd9c98,heimdall@daf0de0,heimdall,daf0de0,hodr@ea88247,hodr,ea88247,heart,all_official,1,0,rating,a,a,1.0,core_destroyed,309,,9,0,9,6,10,30,8,5,ok,,6.079,n-62-12-2,29052208,2026-08-08T08:38:07+0200
853904bec555a2dc,auto-a1214efd9c98,hodr@ea88247,hodr,ea88247,ragnarok_fair@79582fc,ragnarok_fair,79582fc,aurora,all_official,1,0,rating,a,a,1.0,core_destroyed,62,,28,360,8,32,8,280,10,21,ok,,4.59,n-62-21-1,29052208,2026-08-08T08:38:52+0200
8539223d316695ac,auto-a1214efd9c98,jotunn@6b39ebb,jotunn,6b39ebb,hodr@ea88247,hodr,ea88247,string,all_official,1,0,rating,b,b,0.0,core_destroyed,307,,58,610,1,0,66,1630,15,17,ok,,10.685,n-62-21-55,29052208,2026-08-08T08:39:34+0200
858938b133a4f74d,auto-a1214efd9c98,hodr@ea88247,hodr,ea88247,prospect@bf9b3e3,prospect,bf9b3e3,string,all_official,1,0,rating,b,b,0.0,core_destroyed,125,,40,180,6,3,10,560,4,15,ok,,5.243,n-62-11-51,29052208,2026-08-08T08:39:19+0200
858b4522c8734661,auto-a1214efd9c98,hodr@ea88247,hodr,ea88247,steward_hardened_reinforced@cdc552f,steward_hardened_reinforced,cdc552f,saga,all_official,1,0,rating,a,a,1.0,core_destroyed,134,,8,530,9,30,9,240,8,18,ok,,6.106,n-62-11-51,29052208,2026-08-08T08:39:47+0200
86044f125ced3314,auto-a1214efd9c98,hodr@ea88247,hodr,ea88247,casemate_oracle@90fc9f3,casemate_oracle,90fc9f3,lighthouse,all_official,1,0,rating,b,b,0.0,core_destroyed,669,,8,10,7,22,29,0,7,11,ok,,9.826,n-62-31-10,29052208,2026-08-08T08:38:01+0200
860c6489f354134e,auto-a1214efd9c98,hodr@ea88247,hodr,ea88247,aegis@e55aab5,aegis,e55aab5,vault,all_official,1,0,rating,a,a,1.0,core_destroyed,92,,28,410,8,15,20,150,8,19,ok,,4.203,n-62-11-67,29052208,2026-08-08T08:38:18+0200
8625fee62cc0232f,auto-a1214efd9c98,bastion@840a180,bastion,840a180,hodr@ea88247,hodr,ea88247,pinch,all_official,1,0,rating,b,b,0.0,core_destroyed,250,,10,90,8,9,10,600,8,7,ok,,4.24,n-62-11-61,29052208,2026-08-08T08:38:14+0200
86265df341be0a2d,auto-a1214efd9c98,hodr@ea88247,hodr,ea88247,skadi@821d792,skadi,821d792,skerry,all_official,1,0,rating,a,a,1.0,core_destroyed,280,,55,2010,15,32,43,1960,13,19,ok,,12.462,n-62-11-67,29052208,2026-08-08T08:39:16+0200
862d05c2aca2ffc7,auto-a1214efd9c98,steward_relent@7ed1acc,steward_relent,7ed1acc,hodr@ea88247,hodr,ea88247,string,all_official,1,0,rating,b,b,0.0,titanium_collected,1000,,78,110,5,3,58,1230,8,7,ok,,13.519,n-62-11-66,29052208,2026-08-08T08:40:44+0200
863a81d1eaddfec3,auto-a1214efd9c98,hodr@ea88247,hodr,ea88247,lockin@90fc9f3,lockin,90fc9f3,saga,all_official,1,0,rating,a,a,1.0,core_destroyed,101,,96,600,9,35,750,0,0,0,ok,,3.281,n-62-21-61,29052208,2026-08-08T08:38:08+0200
8688b6f15d4714d1,auto-a1214efd9c98,steward_hardened_reinforced@cdc552f,steward_hardened_reinforced,cdc552f,hodr@ea88247,hodr,ea88247,aurora,all_official,1,0,rating,a,a,1.0,core_destroyed,93,,6,540,9,30,37,370,9,22,ok,,4.461,n-62-11-61,29052208,2026-08-08T08:40:01+0200
869495733f2cb99c,auto-a1214efd9c98,hodr@ea88247,hodr,ea88247,maporacle@38e1456,maporacle,38e1456,heart,all_official,1,0,rating,a,a,1.0,core_destroyed,137,,9,60,7,11,10,0,7,8,ok,,3.785,n-62-21-65,29052208,2026-08-08T08:38:29+0200
869ea9253b1d91c9,auto-a1214efd9c98,mistral@90fc9f3,mistral,90fc9f3,hodr@ea88247,hodr,ea88247,lighthouse,all_official,1,0,rating,b,b,0.0,core_destroyed,49,,40,0,9,0,9,100,8,8,ok,,4.983,n-62-11-68,29052208,2026-08-08T08:39:09+0200
86a8c7cecc24a500,auto-a1214efd9c98,hodr@ea88247,hodr,ea88247,jotunn@6b39ebb,jotunn,6b39ebb,fjord,all_official,1,0,rating,a,a,1.0,core_destroyed,190,,31,1340,12,26,39,1090,10,31,ok,,5.917,n-62-13-7,29052208,2026-08-08T08:37:57+0200
86e5e8094c155f97,auto-a1214efd9c98,hodr@ea88247,hodr,ea88247,skadi@821d792,skadi,821d792,duel,all_official,1,0,rating,a,a,1.0,core_destroyed,241,,8,590,7,3,9,610,5,6,ok,,3.495,n-62-31-23,29052208,2026-08-08T08:40:10+0200
86eebe3096c6f0cb,auto-a1214efd9c98,hodr@ea88247,hodr,ea88247,mjolnir@2e6c876,mjolnir,2e6c876,fjordgate,all_official,1,0,rating,a,draw,0.5,coinflip,1000,,16,0,8,4,16,0,5,5,ok,,6.927,n-62-21-92,29052208,2026-08-08T08:38:54+0200
86f11c1e0ed8328b,auto-a1214efd9c98,steward_relent@7ed1acc,steward_relent,7ed1acc,hodr@ea88247,hodr,ea88247,strait,all_official,1,0,rating,a,a,1.0,core_destroyed,197,,9,450,7,13,9,70,6,10,ok,,4.133,n-62-11-66,29052208,2026-08-08T08:40:22+0200
8717e724b02a847f,auto-a1214efd9c98,hodr@ea88247,hodr,ea88247,prospect_rushonly@bf9b3e3,prospect_rushonly,bf9b3e3,jackpot,all_official,1,0,rating,b,b,0.0,core_destroyed,165,,53,290,8,7,60,760,10,15,ok,,5.74,n-62-12-5,29052208,2026-08-08T08:39:10+0200
872ba9fb7ddb8455,auto-a1214efd9c98,mjolnir@2e6c876,mjolnir,2e6c876,hodr@ea88247,hodr,ea88247,vault,all_official,1,0,rating,b,b,0.0,core_destroyed,89,,2,210,9,13,9,400,9,25,ok,,4.382,n-62-21-97,29052208,2026-08-08T08:39:35+0200
875955bb09b702f6,auto-a1214efd9c98,hodr@ea88247,hodr,ea88247,maporacle@38e1456,maporacle,38e1456,moonrise,all_official,1,0,rating,a,a,1.0,core_destroyed,76,,18,280,8,9,20,170,8,6,ok,,3.631,n-62-21-66,29052208,2026-08-08T08:38:42+0200
879539ab2c7f736b,auto-a1214efd9c98,skadi@aad5f44,skadi,aad5f44,hodr@ea88247,hodr,ea88247,atoll,all_official,1,0,rating,b,b,0.0,titanium_collected,1000,,17,3220,9,19,28,4950,12,10,ok,,12.778,n-62-11-68,29052208,2026-08-08T08:39:33+0200
879ebb857f4c692f,auto-a1214efd9c98,heimdall@daf0de0,heimdall,daf0de0,hodr@ea88247,hodr,ea88247,eider,all_official,1,0,rating,b,b,0.0,titanium_collected,1000,,16,90,8,11,18,450,9,10,ok,,9.095,n-62-12-8,29052208,2026-08-08T08:38:21+0200
87af29c521122fdb,auto-a1214efd9c98,skadi@1e4eddf,skadi,1e4eddf,hodr@ea88247,hodr,ea88247,fjordgate,all_official,1,0,rating,b,b,0.0,titanium_collected,1000,,17,0,5,2,16,10,5,1,ok,,6.409,n-62-21-5,29052208,2026-08-08T08:39:08+0200
87b2fa3adfb8d24c,auto-a1214efd9c98,hodr@ea88247,hodr,ea88247,fenrir2@6b39ebb,fenrir2,6b39ebb,duel,all_official,1,0,rating,a,a,1.0,core_destroyed,52,,26,220,9,7,16,210,8,9,ok,,3.25,n-62-29-21,29052208,2026-08-08T08:39:01+0200
87c7417607211310,auto-a1214efd9c98,mistral@90fc9f3,mistral,90fc9f3,hodr@ea88247,hodr,ea88247,duel,all_official,1,0,rating,b,b,0.0,core_destroyed,42,,22,0,9,0,9,170,8,6,ok,,4.347,n-62-11-60,29052208,2026-08-08T08:38:41+0200
87e4f57429abbb5e,auto-a1214efd9c98,gefjon@f66a427,gefjon,f66a427,hodr@ea88247,hodr,ea88247,crossfire,all_official,1,0,rating,a,a,1.0,core_destroyed,142,,10,680,8,20,6,120,9,4,ok,,4.207,n-62-31-8,29052208,2026-08-08T08:38:52+0200
87ef0235ec18deab,auto-a1214efd9c98,hodr@ea88247,hodr,ea88247,odin@38e1456,odin,38e1456,jackpot,all_official,1,0,rating,b,b,0.0,titanium_collected,1000,,124,4930,16,25,2821,5020,11,16,ok,,26.672,n-62-29-24,29052208,2026-08-08T08:39:05+0200
882defbe348be680,auto-a1214efd9c98,hodr@ea88247,hodr,ea88247,ragnarok_fair@79582fc,ragnarok_fair,79582fc,quarry,all_official,1,0,rating,b,b,0.0,core_destroyed,65,,9,300,8,29,20,410,8,31,ok,,3.932,n-62-21-14,29052208,2026-08-08T08:39:09+0200
8831d42b93f2c1d4,auto-a1214efd9c98,hodr@ea88247,hodr,ea88247,steward_hardened_reinforced@cdc552f,steward_hardened_reinforced,cdc552f,twins,all_official,1,0,rating,b,b,0.0,core_destroyed,241,,10,80,9,6,9,0,8,4,ok,,5.306,n-62-21-89,29052208,2026-08-08T08:40:32+0200
88582ef48e6c2982,auto-a1214efd9c98,hodr@ea88247,hodr,ea88247,njord@f66a427,njord,f66a427,showdown,all_official,1,0,rating,a,a,1.0,core_destroyed,489,,9,170,7,14,10,190,6,2,ok,,5.587,n-62-28-34,29052208,2026-08-08T08:39:03+0200
8864e99786665be6,auto-a1214efd9c98,hodr@ea88247,hodr,ea88247,lockin@90fc9f3,lockin,90fc9f3,bridge,all_official,1,0,rating,a,a,1.0,core_destroyed,87,,53,0,6,16,710,0,0,0,ok,,1.833,n-62-21-56,29052208,2026-08-08T08:38:28+0200
8874cccd4fb54ca9,auto-a1214efd9c98,steward_hardened_reinforced@a994296,steward_hardened_reinforced,a994296,hodr@ea88247,hodr,ea88247,heart,all_official,1,0,rating,b,b,0.0,titanium_collected,1000,,18,0,8,4,18,60,6,7,ok,,8.833,n-62-31-20,29052208,2026-08-08T08:40:17+0200
888795f08782ec97,auto-a1214efd9c98,hodr@ea88247,hodr,ea88247,mimir@cfc1ec4,mimir,cfc1ec4,runestone,all_official,1,0,rating,a,a,1.0,core_destroyed,317,,9,50,8,17,10,260,8,17,ok,,4.675,n-62-31-22,29052208,2026-08-08T08:38:52+0200
8899461e47f560c4,auto-a1214efd9c98,hodr@ea88247,hodr,ea88247,steward_relent@7ed1acc,steward_relent,7ed1acc,saga,all_official,1,0,rating,b,b,0.0,core_destroyed,79,,8,250,8,29,9,360,8,23,ok,,3.883,n-62-11-62,29052208,2026-08-08T08:40:13+0200
88a51578418cc98e,auto-a1214efd9c98,hodr@ea88247,hodr,ea88247,mjolnir@2e6c876,mjolnir,2e6c876,vase,all_official,1,0,rating,a,a,1.0,core_destroyed,98,,20,210,8,10,33,200,8,7,ok,,4.365,n-62-21-97,29052208,2026-08-08T08:39:20+0200
88e34b5efba7689b,auto-a1214efd9c98,steward_reinforced@a8dc58a,steward_reinforced,a8dc58a,hodr@ea88247,hodr,ea88247,nordkap,all_official,1,0,rating,b,b,0.0,core_destroyed,85,,10,80,7,13,9,120,8,8,ok,,3.919,n-62-31-23,29052208,2026-08-08T08:40:36+0200
895edeb53d161f36,auto-a1214efd9c98,steward_hardened_reinforced@c04e46e,steward_hardened_reinforced,c04e46e,hodr@ea88247,hodr,ea88247,hive,all_official,1,0,rating,b,b,0.0,core_destroyed,81,,9,180,9,18,9,240,8,22,ok,,3.733,n-62-11-52,29052208,2026-08-08T08:40:01+0200
8980d7311e8b9502,auto-a1214efd9c98,hodr@ea88247,hodr,ea88247,gobbleglitch@6cdc440,gobbleglitch,6cdc440,atoll,all_official,1,0,rating,a,a,1.0,core_destroyed,73,,9,310,10,7,59,130,5,10,ok,,3.244,n-62-11-52,29052208,2026-08-08T08:38:21+0200
8981d23c63d5adb6,auto-a1214efd9c98,hodr@ea88247,hodr,ea88247,steward_hardened_reinforced@deba9ec,steward_hardened_reinforced,deba9ec,lighthouse,all_official,1,0,rating,b,b,0.0,titanium_collected,1000,,12,180,8,7,19,2480,8,10,ok,,8.325,n-62-12-1,29052208,2026-08-08T08:39:54+0200
8987db1defb79319,auto-a1214efd9c98,odin@38e1456,odin,38e1456,hodr@ea88247,hodr,ea88247,strait,all_official,1,0,rating,b,b,0.0,core_destroyed,81,,27,410,10,35,10,430,9,29,ok,,4.392,n-62-29-31,29052208,2026-08-08T08:39:18+0200
89ac70f61657aa65,auto-a1214efd9c98,ragnarok_fair@79582fc,ragnarok_fair,79582fc,hodr@ea88247,hodr,ea88247,meander,all_official,1,0,rating,b,b,0.0,core_destroyed,117,,10,130,7,8,9,0,7,7,ok,,3.429,n-62-21-4,29052208,2026-08-08T08:39:38+0200
89bbc852aa7f9b39,auto-a1214efd9c98,bastion@840a180,bastion,840a180,hodr@ea88247,hodr,ea88247,archipelago,all_official,1,0,rating,b,b,0.0,core_destroyed,80,,19,460,8,33,29,240,8,14,ok,,4.984,n-62-11-67,29052208,2026-08-08T08:38:42+0200
89bdc40777a385fe,auto-a1214efd9c98,hodr@ea88247,hodr,ea88247,aegis@e55aab5,aegis,e55aab5,heart,all_official,1,0,rating,a,a,1.0,core_destroyed,81,,7,140,6,9,10,0,8,5,ok,,2.86,n-62-31-21,29052208,2026-08-08T08:38:03+0200
89c9de8c57914110,auto-a1214efd9c98,hodr@ea88247,hodr,ea88247,tempest@90fc9f3,tempest,90fc9f3,lighthouse,all_official,1,0,rating,a,a,1.0,core_destroyed,54,,10,200,7,12,58,110,10,7,ok,,3.678,n-62-29-5,29052208,2026-08-08T08:40:40+0200
89d270149b2962de,auto-a1214efd9c98,hodr@ea88247,hodr,ea88247,steward_hardened_reinforced@f61245f,steward_hardened_reinforced,f61245f,string,all_official,1,0,rating,b,b,0.0,core_destroyed,453,,8,30,6,0,9,1380,8,7,ok,,8.34,n-62-29-15,29052208,2026-08-08T08:40:07+0200
89e7f1e369746397,auto-a1214efd9c98,mjolnir@2e6c876,mjolnir,2e6c876,hodr@ea88247,hodr,ea88247,jackpot,all_official,1,0,rating,b,b,0.0,core_destroyed,561,,38,2760,6,17,0,2700,18,26,ok,,15.286,n-62-21-92,29052208,2026-08-08T08:39:47+0200
89f12b6544308a3e,auto-a1214efd9c98,hodr@ea88247,hodr,ea88247,jonbot@90fc9f3,jonbot,90fc9f3,runestone,all_official,1,0,rating,a,a,1.0,core_destroyed,561,,10,1370,7,18,58,90,8,16,ok,,7.421,n-62-21-17,29052208,2026-08-08T08:38:08+0200
8a05679c9ae8798d,auto-a1214efd9c98,hodr@ea88247,hodr,ea88247,jonbot_190003d@90fc9f3,jonbot_190003d,90fc9f3,antler,all_official,1,0,rating,a,a,1.0,core_destroyed,57,,8,230,6,14,51,100,8,8,ok,,2.77,n-62-21-8,29052208,2026-08-08T08:38:27+0200
8a47ba62821410e3,auto-a1214efd9c98,hodr@ea88247,hodr,ea88247,jonbot@90fc9f3,jonbot,90fc9f3,showdown,all_official,1,0,rating,a,a,1.0,core_destroyed,845,,10,60,7,16,1189,0,5,21,ok,,5.514,n-62-21-17,29052208,2026-08-08T08:38:27+0200
8a600d6410ead4be,auto-a1214efd9c98,strategist@2e6eca5,strategist,2e6eca5,hodr@ea88247,hodr,ea88247,meander,all_official,1,0,rating,a,a,1.0,titanium_collected,1000,,802,530,17,32,12,0,8,9,ok,,10.998,n-62-29-33,29052208,2026-08-08T08:40:47+0200
8a800857b7dffac2,auto-a1214efd9c98,hodr@ea88247,hodr,ea88247,odin@93e46da,odin,93e46da,sweden,all_official,1,0,rating,b,b,0.0,core_destroyed,173,,24,320,10,19,98,1160,13,28,ok,,6.437,n-62-30-24,29052208,2026-08-08T08:39:32+0200
8a8230c0fb65b080,auto-a1214efd9c98,hodr@ea88247,hodr,ea88247,steward_hardened_reinforced@a994296,steward_hardened_reinforced,a994296,sprint,all_official,1,0,rating,a,a,1.0,core_destroyed,301,,9,20,6,4,10,90,7,5,ok,,4.623,n-62-11-67,29052208,2026-08-08T08:40:10+0200
8ac867476997f8b0,auto-a1214efd9c98,hodr@ea88247,hodr,ea88247,jotunn@6b39ebb,jotunn,6b39ebb,snowflake,all_official,1,0,rating,a,a,1.0,core_destroyed,144,,194,2140,15,58,402,1260,12,22,ok,,8.15,n-62-21-55,29052208,2026-08-08T08:38:15+0200
8b0f613ee9e0e97d,auto-a1214efd9c98,steward_hardened_reinforced@cdc552f,steward_hardened_reinforced,cdc552f,hodr@ea88247,hodr,ea88247,meander,all_official,1,0,rating,a,a,1.0,core_destroyed,425,,9,0,8,6,10,0,8,5,ok,,4.911,n-62-11-66,29052208,2026-08-08T08:40:41+0200
8b1c46bae418b7d3,auto-a1214efd9c98,steward_reinforced@a8dc58a,steward_reinforced,a8dc58a,hodr@ea88247,hodr,ea88247,antler,all_official,1,0,rating,b,b,0.0,core_destroyed,70,,8,290,5,13,16,310,7,7,ok,,3.561,n-62-29-16,29052208,2026-08-08T08:40:07+0200
8b2b103cf56e01e8,auto-a1214efd9c98,hodr@ea88247,hodr,ea88247,jonbot@90fc9f3,jonbot,90fc9f3,saga,all_official,1,0,rating,a,a,1.0,core_destroyed,86,,10,290,8,30,201,170,8,27,ok,,4.675,n-62-21-17,29052208,2026-08-08T08:38:17+0200
8b4b552b0fd4a7a4,auto-a1214efd9c98,hodr@ea88247,hodr,ea88247,freyr@c2c0d3d,freyr,c2c0d3d,showdown,all_official,1,0,rating,a,a,1.0,core_destroyed,489,,9,170,7,14,10,190,6,2,ok,,4.962,n-62-31-13,29052208,2026-08-08T08:38:34+0200
8b6b1ce9ddee8c21,auto-a1214efd9c98,prospect_rushonly@bf9b3e3,prospect_rushonly,bf9b3e3,hodr@ea88247,hodr,ea88247,snowflake,all_official,1,0,rating,b,b,0.0,core_destroyed,71,,1,390,9,17,6,150,6,11,ok,,3.278,n-62-12-8,29052208,2026-08-08T08:39:36+0200
8b6c428722771683,auto-a1214efd9c98,hodr@ea88247,hodr,ea88247,steward_reinforced@a8dc58a,steward_reinforced,a8dc58a,longship,all_official,1,0,rating,b,b,0.0,core_destroyed,79,,10,280,9,14,7,170,8,17,ok,,4.344,n-62-31-23,29052208,2026-08-08T08:40:06+0200
8b7383921598cb29,auto-a1214efd9c98,hodr@ea88247,hodr,ea88247,odin@38e1456,odin,38e1456,longship,all_official,1,0,rating,a,a,1.0,core_destroyed,129,,6,540,8,23,19,590,9,30,ok,,4.322,n-62-29-24,29052208,2026-08-08T08:39:22+0200
8b7a48e2a2688db2,auto-a1214efd9c98,aegis@e55aab5,aegis,e55aab5,hodr@ea88247,hodr,ea88247,twins,all_official,1,0,rating,b,b,0.0,core_destroyed,346,,10,290,7,6,18,830,8,21,ok,,4.8,n-62-11-67,29052208,2026-08-08T08:38:00+0200
8b7c3740cebfb485,auto-a1214efd9c98,hodr@ea88247,hodr,ea88247,skadi@6a2af02,skadi,6a2af02,showdown,all_official,1,0,rating,b,b,0.0,titanium_collected,1000,,16,0,9,2,17,90,6,9,ok,,7.818,n-62-31-4,29052208,2026-08-08T08:39:22+0200
8b81cc552acdb28b,auto-a1214efd9c98,hodr@ea88247,hodr,ea88247,heimdall@daf0de0,heimdall,daf0de0,fjord,all_official,1,0,rating,a,a,1.0,core_destroyed,91,,8,700,10,37,8,590,9,23,ok,,4.356,n-62-12-8,29052208,2026-08-08T08:38:25+0200
8b96ce8da07b0451,auto-a1214efd9c98,hodr@ea88247,hodr,ea88247,janus@8a1e7a1,janus,8a1e7a1,runestone,all_official,1,0,rating,a,a,1.0,titanium_collected,1000,,16,240,8,20,20,100,9,11,ok,,9.287,n-62-21-6,29052208,2026-08-08T08:38:26+0200
8bbb9309477f25ee,auto-a1214efd9c98,hodr@ea88247,hodr,ea88247,pantheon_replica_day3@aa8bae0,pantheon_replica_day3,aa8bae0,vault,all_official,1,0,rating,b,b,0.0,core_destroyed,85,,7,370,10,13,18,370,7,21,ok,,4.208,n-62-31-19,29052208,2026-08-08T08:38:48+0200
8bcad7ec3f31781a,auto-a1214efd9c98,hodr@ea88247,hodr,ea88247,prospect@bf9b3e3,prospect,bf9b3e3,strait,all_official,1,0,rating,a,a,1.0,core_destroyed,161,,9,160,6,16,10,140,7,7,ok,,3.47,n-62-11-51,29052208,2026-08-08T08:39:10+0200
8bcb0d6136663ff1,auto-a1214efd9c98,hodr@ea88247,hodr,ea88247,steward_hardened_reinforced@04300bf,steward_hardened_reinforced,04300bf,pinch,all_official,1,0,rating,a,a,1.0,core_destroyed,201,,8,480,8,8,9,480,7,6,ok,,3.627,n-62-29-31,29052208,2026-08-08T08:39:47+0200
8be010425ca483e0,auto-a1214efd9c98,odin@93e46da,odin,93e46da,hodr@ea88247,hodr,ea88247,sweden,all_official,1,0,rating,b,b,0.0,core_destroyed,299,,56,240,9,24,46,710,9,15,ok,,12.246,n-62-30-24,29052208,2026-08-08T08:39:44+0200
8be1685940641644,auto-a1214efd9c98,jonbot@90fc9f3,jonbot,90fc9f3,hodr@ea88247,hodr,ea88247,eider,all_official,1,0,rating,b,b,0.0,core_destroyed,81,,540,510,5,16,10,340,7,17,ok,,3.592,n-62-21-5,29052208,2026-08-08T08:38:36+0200
8be992de7907ba2e,auto-a1214efd9c98,steward_relent@7ed1acc,steward_relent,7ed1acc,hodr@ea88247,hodr,ea88247,fjord,all_official,1,0,rating,a,a,1.0,core_destroyed,117,,38,800,9,15,7,600,6,16,ok,,3.63,n-62-29-13,29052208,2026-08-08T08:40:29+0200
8c0f2a3da85d5570,auto-a1214efd9c98,hodr@ea88247,hodr,ea88247,steward_hardened_reinforced@c04e46e,steward_hardened_reinforced,c04e46e,atoll,all_official,1,0,rating,a,a,1.0,core_destroyed,91,,13,400,8,17,16,400,9,8,ok,,4.274,n-62-11-55,29052208,2026-08-08T08:39:57+0200
8c1e8b72afe88fe5,auto-a1214efd9c98,hodr@ea88247,hodr,ea88247,steward_hardened_reinforced@a994296,steward_hardened_reinforced,a994296,hive,all_official,1,0,rating,b,b,0.0,core_destroyed,56,,18,120,9,19,16,180,8,23,ok,,4.125,n-62-31-20,29052208,2026-08-08T08:40:21+0200
8c20a2381bbeb7fa,auto-a1214efd9c98,steward_hardened_reinforced@a994296,steward_hardened_reinforced,a994296,hodr@ea88247,hodr,ea88247,fjord,all_official,1,0,rating,a,a,1.0,core_destroyed,116,,14,770,9,15,17,600,6,15,ok,,3.71,n-62-31-20,29052208,2026-08-08T08:39:50+0200
8c2d87f319703e3d,auto-a1214efd9c98,spar_mender@7ed1acc,spar_mender,7ed1acc,hodr@ea88247,hodr,ea88247,skerry,all_official,1,0,rating,b,b,0.0,core_destroyed,83,,40,460,10,27,52,610,11,33,ok,,4.963,n-62-21-98,29052208,2026-08-08T08:39:41+0200
8c6d2c4fe3407264,auto-a1214efd9c98,hodr@ea88247,hodr,ea88247,steward_hardened_reinforced@672ee02,steward_hardened_reinforced,672ee02,nordkap,all_official,1,0,rating,b,b,0.0,core_destroyed,125,,9,80,9,3,9,280,8,9,ok,,3.362,n-62-31-21,29052208,2026-08-08T08:39:50+0200
8c86fab074baa9bc,auto-a1214efd9c98,steward_hardened_reinforced@c04e46e,steward_hardened_reinforced,c04e46e,hodr@ea88247,hodr,ea88247,saga,all_official,1,0,rating,b,b,0.0,core_destroyed,79,,8,250,8,29,9,360,8,23,ok,,4.179,n-62-11-68,29052208,2026-08-08T08:40:16+0200
8c92e4b3d4f5fd13,auto-a1214efd9c98,gefjon@f66a427,gefjon,f66a427,hodr@ea88247,hodr,ea88247,skerry,all_official,1,0,rating,a,a,1.0,core_destroyed,103,,28,660,10,17,37,490,7,20,ok,,4.671,n-62-11-55,29052208,2026-08-08T08:38:16+0200
8c94c633313dac15,auto-a1214efd9c98,steward_hardened_reinforced@672ee02,steward_hardened_reinforced,672ee02,hodr@ea88247,hodr,ea88247,atoll,all_official,1,0,rating,b,b,0.0,core_destroyed,257,,9,230,8,9,9,1230,12,18,ok,,6.716,n-62-31-8,29052208,2026-08-08T08:39:50+0200
8ccd57b162a1452e,auto-a1214efd9c98,hodr@ea88247,hodr,ea88247,prospect@bf9b3e3,prospect,bf9b3e3,drumlin,all_official,1,0,rating,a,a,1.0,core_destroyed,54,,18,200,7,17,3,250,10,16,ok,,3.14,n-62-11-55,29052208,2026-08-08T08:39:23+0200
8cd0f28035c3a5dc,auto-a1214efd9c98,prospect@bf9b3e3,prospect,bf9b3e3,hodr@ea88247,hodr,ea88247,vault,all_official,1,0,rating,a,a,1.0,core_destroyed,77,,10,330,10,7,1,220,6,17,ok,,3.833,n-62-21-89,29052208,2026-08-08T08:39:38+0200
8cd2925b930ffeee,auto-a1214efd9c98,hodr@ea88247,hodr,ea88247,e_t4l7@9e77076,e_t4l7,9e77076,archipelago,all_official,1,0,rating,a,a,1.0,core_destroyed,126,,131,1740,11,57,105,470,5,20,ok,,5.57,n-62-28-28,29052208,2026-08-08T08:37:56+0200
8cf16a680e38c3ff,auto-a1214efd9c98,gefjon@f66a427,gefjon,f66a427,hodr@ea88247,hodr,ea88247,saga,all_official,1,0,rating,b,b,0.0,core_destroyed,86,,18,460,7,38,5,340,8,22,ok,,3.891,n-62-11-55,29052208,2026-08-08T08:38:01+0200
8cf92c021bbd7153,auto-a1214efd9c98,mimir@cfc1ec4,mimir,cfc1ec4,hodr@ea88247,hodr,ea88247,twins,all_official,1,0,rating,a,a,1.0,core_destroyed,120,,20,280,8,9,14,160,8,14,ok,,3.738,n-62-31-24,29052208,2026-08-08T08:38:39+0200
8cfb9270c12e7b63,auto-a1214efd9c98,hodr@ea88247,hodr,ea88247,prospect@bf9b3e3,prospect,bf9b3e3,vault,all_official,1,0,rating,b,b,0.0,core_destroyed,589,,10,210,6,13,9,210,9,5,ok,,6.679,n-62-21-89,29052208,2026-08-08T08:39:34+0200
8d0281fc40594a49,auto-a1214efd9c98,hodr@ea88247,hodr,ea88247,tempest@90fc9f3,tempest,90fc9f3,aurora,all_official,1,0,rating,a,a,1.0,core_destroyed,67,,19,410,7,32,57,140,9,7,ok,,6.214,n-62-29-27,29052208,2026-08-08T08:40:29+0200
8d0d14bad93e446e,auto-a1214efd9c98,hodr@ea88247,hodr,ea88247,prospect@bf9b3e3,prospect,bf9b3e3,antler,all_official,1,0,rating,a,a,1.0,core_destroyed,164,,16,480,5,9,18,770,8,6,ok,,3.098,n-62-31-19,29052208,2026-08-08T08:38:55+0200
8d0eebe034dbee64,auto-a1214efd9c98,hodr@ea88247,hodr,ea88247,steward_hardened_reinforced@a994296,steward_hardened_reinforced,a994296,eider,all_official,1,0,rating,b,b,0.0,core_destroyed,128,,40,810,8,16,28,980,8,21,ok,,5.143,n-62-31-20,29052208,2026-08-08T08:39:37+0200
8d24fa1c04b71836,auto-a1214efd9c98,hodr@ea88247,hodr,ea88247,gefjon@f66a427,gefjon,f66a427,crossfire,all_official,1,0,rating,b,b,0.0,core_destroyed,102,,6,240,8,5,9,480,7,7,ok,,3.748,n-62-31-8,29052208,2026-08-08T08:38:48+0200
8d4c77e3942cae09,auto-a1214efd9c98,hodr@ea88247,hodr,ea88247,skadi@6a2af02,skadi,6a2af02,atoll,all_official,1,0,rating,a,a,1.0,core_destroyed,185,,10,870,8,13,28,280,6,12,ok,,5.21,n-62-21-23,29052208,2026-08-08T08:39:00+0200
8d5ae3776e160549,auto-a1214efd9c98,hodr@ea88247,hodr,ea88247,heimdall@daf0de0,heimdall,daf0de0,sprint,all_official,1,0,rating,a,a,1.0,core_destroyed,115,,7,50,4,4,10,0,5,0,ok,,3.611,n-62-12-6,29052208,2026-08-08T08:37:55+0200
8d6257d58a072ad6,auto-a1214efd9c98,hodr@ea88247,hodr,ea88247,lockin@90fc9f3,lockin,90fc9f3,showdown,all_official,1,0,rating,a,a,1.0,core_destroyed,61,,10,0,7,15,650,0,0,0,ok,,1.818,n-62-21-61,29052208,2026-08-08T08:38:13+0200
8d78bf97709cbf3b,auto-a1214efd9c98,hodr@ea88247,hodr,ea88247,fenrir2@6b39ebb,fenrir2,6b39ebb,vase,all_official,1,0,rating,b,b,0.0,core_destroyed,105,,27,220,7,11,11,220,5,7,ok,,3.572,n-62-29-27,29052208,2026-08-08T08:38:42+0200
8db9bb1dd6b5aa11,auto-a1214efd9c98,steward_hardened_reinforced@cdc552f,steward_hardened_reinforced,cdc552f,hodr@ea88247,hodr,ea88247,sprint,all_official,1,0,rating,b,b,0.0,titanium_collected,1000,,16,0,6,5,16,90,6,5,ok,,6.612,n-62-11-51,29052208,2026-08-08T08:40:36+0200
8dbe578aa4914d6d,auto-a1214efd9c98,hodr@ea88247,hodr,ea88247,steward_hardened_reinforced@a994296,steward_hardened_reinforced,a994296,snowflake,all_official,1,0,rating,a,a,1.0,core_destroyed,65,,43,550,9,22,7,140,8,11,ok,,4.165,n-62-11-67,29052208,2026-08-08T08:40:01+0200
8dd0dca980cdfb7d,auto-a1214efd9c98,hodr@ea88247,hodr,ea88247,fenrir2@6b39ebb,fenrir2,6b39ebb,snowflake,all_official,1,0,rating,a,a,1.0,core_destroyed,63,,58,520,7,22,15,290,8,16,ok,,3.866,n-62-29-33,29052208,2026-08-08T08:38:15+0200
8dd8063a64fc5eb0,auto-a1214efd9c98,hodr@ea88247,hodr,ea88247,heimdall@daf0de0,heimdall,daf0de0,quarry,all_official,1,0,rating,a,a,1.0,core_destroyed,111,,29,670,8,28,28,490,8,28,ok,,3.732,n-62-12-3,29052208,2026-08-08T08:38:26+0200
8de3406da64db239,auto-a1214efd9c98,fenrir2@6b39ebb,fenrir2,6b39ebb,hodr@ea88247,hodr,ea88247,atoll,all_official,1,0,rating,b,b,0.0,core_destroyed,170,,43,800,9,34,42,800,10,15,ok,,5.826,n-62-29-16,29052208,2026-08-08T08:38:52+0200
8df5a4332d56c2c3,auto-a1214efd9c98,mistral@90fc9f3,mistral,90fc9f3,hodr@ea88247,hodr,ea88247,antler,all_official,1,0,rating,b,b,0.0,core_destroyed,79,,40,0,11,0,22,190,7,9,ok,,5.666,n-62-31-24,29052208,2026-08-08T08:39:11+0200
8e29ee06d04764ec,auto-a1214efd9c98,hodr@ea88247,hodr,ea88247,steward_hardened_reinforced@c04e46e,steward_hardened_reinforced,c04e46e,sprint,all_official,1,0,rating,b,b,0.0,titanium_collected,1000,,17,20,6,9,18,40,5,3,ok,,5.108,n-62-11-62,29052208,2026-08-08T08:39:50+0200
8e53a24fc6dd88c1,auto-a1214efd9c98,hodr@ea88247,hodr,ea88247,steward_hardened_reinforced@366cd1b,steward_hardened_reinforced,366cd1b,moonrise,all_official,1,0,rating,a,a,1.0,core_destroyed,175,,9,800,10,14,7,70,4,3,ok,,4.486,n-62-30-23,29052208,2026-08-08T08:40:01+0200
8e733db1838053c9,auto-a1214efd9c98,bastion@840a180,bastion,840a180,hodr@ea88247,hodr,ea88247,meander,all_official,1,0,rating,a,a,1.0,core_destroyed,138,,13,310,6,18,10,0,6,1,ok,,3.544,n-62-11-62,29052208,2026-08-08T08:38:39+0200
8e8d99f8be415034,auto-a1214efd9c98,hodr@ea88247,hodr,ea88247,ullr@7d1ab4e,ullr,7d1ab4e,meander,all_official,1,0,rating,b,b,0.0,core_destroyed,349,,10,60,7,2,9,0,9,8,ok,,5.154,n-62-11-68,29052208,2026-08-08T08:40:43+0200
8eb0925b21d8a15c,auto-a1214efd9c98,hodr@ea88247,hodr,ea88247,lockin@90fc9f3,lockin,90fc9f3,longship,all_official,1,0,rating,a,a,1.0,core_destroyed,58,,10,180,7,26,103,120,12,6,ok,,6.375,n-62-21-59,29052208,2026-08-08T08:38:27+0200
8ef3cf229676eea9,auto-a1214efd9c98,hodr@ea88247,hodr,ea88247,jonbot@90fc9f3,jonbot,90fc9f3,eider,all_official,1,0,rating,b,b,0.0,core_destroyed,351,,4,850,7,10,70,1440,7,25,ok,,4.595,n-62-21-5,29052208,2026-08-08T08:38:33+0200
8ef595db4469476f,auto-a1214efd9c98,hodr@ea88247,hodr,ea88247,steward_hardened_reinforced@f61245f,steward_hardened_reinforced,f61245f,nordkap,all_official,1,0,rating,b,b,0.0,core_destroyed,155,,7,80,9,3,9,350,8,13,ok,,4.297,n-62-28-34,29052208,2026-08-08T08:40:00+0200
8efa9a6f59b3ffc4,auto-a1214efd9c98,aegis@e55aab5,aegis,e55aab5,hodr@ea88247,hodr,ea88247,fjord,all_official,1,0,rating,a,a,1.0,titanium_collected,116,,28,770,9,14,19,630,6,19,ok,,4.163,n-62-31-4,29052208,2026-08-08T08:38:29+0200
8efbacd9044c335c,auto-a1214efd9c98,steward_reinforced@a8dc58a,steward_reinforced,a8dc58a,hodr@ea88247,hodr,ea88247,atoll,all_official,1,0,rating,b,b,0.0,core_destroyed,68,,20,280,7,23,26,290,11,9,ok,,4.43,n-62-29-16,29052208,2026-08-08T08:40:26+0200
8efe60b170bcebc2,auto-a1214efd9c98,hodr@ea88247,hodr,ea88247,casemate_oracle@90fc9f3,casemate_oracle,90fc9f3,vault,all_official,1,0,rating,a,a,1.0,core_destroyed,65,,9,270,9,15,29,0,6,23,ok,,5.927,n-62-21-98,29052208,2026-08-08T08:38:31+0200
8f0ef20bc1b91d75,auto-a1214efd9c98,hodr@ea88247,hodr,ea88247,skadi@821d792,skadi,821d792,snowflake,all_official,1,0,rating,a,a,1.0,core_destroyed,110,,168,1120,10,23,67,1020,10,28,ok,,5.788,n-62-11-67,29052208,2026-08-08T08:39:27+0200
8f184f24572c40b1,auto-a1214efd9c98,steward_reinforced@a8dc58a,steward_reinforced,a8dc58a,hodr@ea88247,hodr,ea88247,showdown,all_official,1,0,rating,b,b,0.0,core_destroyed,94,,10,0,8,2,9,360,9,14,ok,,4.039,n-62-31-22,29052208,2026-08-08T08:40:47+0200
8f1eea38aa3ced40,auto-a1214efd9c98,tempest_reinforcements@38f9c23,tempest_reinforcements,38f9c23,hodr@ea88247,hodr,ea88247,moonrise,all_official,1,0,rating,a,a,1.0,titanium_collected,1000,,16,260,6,7,16,90,8,3,ok,,6.573,n-62-31-20,29052208,2026-08-08T08:40:40+0200
8f2b46d3b5821773,auto-a1214efd9c98,hodr@ea88247,hodr,ea88247,tempest@90fc9f3,tempest,90fc9f3,fjordgate,all_official,1,0,rating,a,a,1.0,core_destroyed,56,,30,220,5,17,18,120,10,6,ok,,3.539,n-62-28-28,29052208,2026-08-08T08:40:49+0200
8f48aecefa6deda2,auto-a1214efd9c98,hodr@ea88247,hodr,ea88247,skadi@821d792,skadi,821d792,showdown,all_official,1,0,rating,b,b,0.0,titanium_collected,1000,,19,0,9,8,16,90,6,9,ok,,8.596,n-62-31-24,29052208,2026-08-08T08:39:55+0200
8f820a05a5919ae3,auto-a1214efd9c98,hodr@ea88247,hodr,ea88247,steward_hardened_reinforced@672ee02,steward_hardened_reinforced,672ee02,lighthouse,all_official,1,0,rating,b,b,0.0,core_destroyed,254,,8,800,7,2,9,1200,9,11,ok,,4.778,n-62-31-4,29052208,2026-08-08T08:40:13+0200
8f961ad6a8c74c78,auto-a1214efd9c98,tempest_reinforcements@38f9c23,tempest_reinforcements,38f9c23,hodr@ea88247,hodr,ea88247,hive,all_official,1,0,rating,b,b,0.0,core_destroyed,107,,156,420,9,36,14,520,9,32,ok,,4.206,n-62-31-18,29052208,2026-08-08T08:40:48+0200
8fbb008de17bed93,auto-a1214efd9c98,bastion@840a180,bastion,840a180,hodr@ea88247,hodr,ea88247,longship,all_official,1,0,rating,b,b,0.0,core_destroyed,165,,39,390,7,8,59,390,6,14,ok,,4.127,n-62-11-62,29052208,2026-08-08T08:38:32+0200
8fc7549bc37e1d0a,auto-a1214efd9c98,skadi@821d792,skadi,821d792,hodr@ea88247,hodr,ea88247,vase,all_official,1,0,rating,a,a,1.0,core_destroyed,257,,10,300,3,6,28,410,6,11,ok,,7.086,n-62-11-60,29052208,2026-08-08T08:40:06+0200
8fd73a56cd6b3007,auto-a1214efd9c98,odin@93e46da,odin,93e46da,hodr@ea88247,hodr,ea88247,moonrise,all_official,1,0,rating,b,b,0.0,core_destroyed,45,,10,0,8,6,8,90,6,5,ok,,2.681,n-62-29-17,29052208,2026-08-08T08:39:01+0200
8fdbde597a5c4678,auto-a1214efd9c98,hodr@ea88247,hodr,ea88247,heimdall@daf0de0,heimdall,daf0de0,vase,all_official,1,0,rating,b,b,0.0,core_destroyed,570,,60,70,8,5,53,1380,7,13,ok,,9.095,n-62-21-1,29052208,2026-08-08T08:38:00+0200
8feee120a2aaee02,auto-a1214efd9c98,hodr@ea88247,hodr,ea88247,steward_reinforced@a8dc58a,steward_reinforced,a8dc58a,heart,all_official,1,0,rating,a,a,1.0,core_destroyed,101,,9,0,7,7,10,0,8,4,ok,,3.364,n-62-31-21,29052208,2026-08-08T08:40:18+0200
8ff13baa4ec42460,auto-a1214efd9c98,steward_hardened_reinforced@cdc552f,steward_hardened_reinforced,cdc552f,hodr@ea88247,hodr,ea88247,vault,all_official,1,0,rating,b,b,0.0,core_destroyed,126,,8,230,11,11,20,590,10,22,ok,,7.039,n-62-21-90,29052208,2026-08-08T08:39:57+0200
8ff331eb1381069b,auto-a1214efd9c98,lockin@90fc9f3,lockin,90fc9f3,hodr@ea88247,hodr,ea88247,atoll,all_official,1,0,rating,b,b,0.0,core_destroyed,77,,157,150,9,6,10,330,11,17,ok,,6.539,n-62-21-56,29052208,2026-08-08T08:38:11+0200
8ffcf0f70649e512,auto-a1214efd9c98,mistral@90fc9f3,mistral,90fc9f3,hodr@ea88247,hodr,ea88247,quarry,all_official,1,0,rating,b,b,0.0,core_destroyed,59,,364,0,4,0,20,240,8,22,ok,,5.286,n-62-11-62,29052208,2026-08-08T08:39:18+0200
9009388e9d539709,auto-a1214efd9c98,hodr@ea88247,hodr,ea88247,steward_hardened_reinforced@04300bf,steward_hardened_reinforced,04300bf,hive,all_official,1,0,rating,b,b,0.0,core_destroyed,56,,18,120,9,19,16,180,8,23,ok,,4.281,n-62-29-33,29052208,2026-08-08T08:39:29+0200
902a8f3812b85a9f,auto-a1214efd9c98,mjolnir@2e6c876,mjolnir,2e6c876,hodr@ea88247,hodr,ea88247,fjordgate,all_official,1,0,rating,b,b,0.0,core_destroyed,57,,9,0,6,5,9,0,5,2,ok,,2.512,n-62-21-92,29052208,2026-08-08T08:38:56+0200
9043c18540f478b0,auto-a1214efd9c98,steward_hardened_reinforced@672ee02,steward_hardened_reinforced,672ee02,hodr@ea88247,hodr,ea88247,drumlin,all_official,1,0,rating,b,b,0.0,core_destroyed,81,,17,300,8,19,27,460,7,17,ok,,4.023,n-62-31-13,29052208,2026-08-08T08:39:37+0200
904a319c2d96c7b2,auto-a1214efd9c98,hodr@ea88247,hodr,ea88247,casemate_oracle@90fc9f3,casemate_oracle,90fc9f3,atoll,all_official,1,0,rating,a,a,1.0,core_destroyed,82,,20,360,9,25,263,0,5,9,ok,,4.792,n-62-11-66,29052208,2026-08-08T08:38:17+0200
905068f91f31c076,auto-a1214efd9c98,steward_reinforced@a8dc58a,steward_reinforced,a8dc58a,hodr@ea88247,hodr,ea88247,quarry,all_official,1,0,rating,b,b,0.0,core_destroyed,151,,0,200,9,16,46,930,11,23,ok,,7.438,n-62-31-22,29052208,2026-08-08T08:40:14+0200
90646405d5884eae,auto-a1214efd9c98,hodr@ea88247,hodr,ea88247,steward_hardened_reinforced@cdc552f,steward_hardened_reinforced,cdc552f,meander,all_official,1,0,rating,a,a,1.0,core_destroyed,777,,9,90,8,14,10,0,8,18,ok,,8.689,n-62-11-66,29052208,2026-08-08T08:40:36+0200
9082e498c6cecb56,auto-a1214efd9c98,hodr@ea88247,hodr,ea88247,undertow_oracle@fdc1e1f,undertow_oracle,fdc1e1f,quarry,all_official,1,0,rating,a,a,1.0,core_destroyed,119,,10,1070,9,59,141,850,7,24,ok,,5.1,n-62-31-9,29052208,2026-08-08T08:40:50+0200
908c03abee5958f7,auto-a1214efd9c98,hodr@ea88247,hodr,ea88247,bastion@840a180,bastion,840a180,sweden,all_official,1,0,rating,a,a,1.0,core_destroyed,209,,10,0,6,16,57,930,11,21,ok,,7.483,n-62-11-64,29052208,2026-08-08T08:38:22+0200
9096d3ec53be2e87,auto-a1214efd9c98,steward_hardened_reinforced@deba9ec,steward_hardened_reinforced,deba9ec,hodr@ea88247,hodr,ea88247,drumlin,all_official,1,0,rating,b,b,0.0,core_destroyed,81,,17,300,8,19,27,460,7,17,ok,,3.584,n-62-31-9,29052208,2026-08-08T08:40:29+0200
909aafef3054c6e6,auto-a1214efd9c98,hodr@ea88247,hodr,ea88247,pantheon_replica_day3@aa8bae0,pantheon_replica_day3,aa8bae0,string,all_official,1,0,rating,b,b,0.0,core_destroyed,159,,13,250,10,2,10,0,2,4,ok,,5.441,n-62-31-20,29052208,2026-08-08T08:39:01+0200
90cadb5b1b457057,auto-a1214efd9c98,hodr@ea88247,hodr,ea88247,prospect_rushonly@bf9b3e3,prospect_rushonly,bf9b3e3,fjordgate,all_official,1,0,rating,b,b,0.0,core_destroyed,90,,166,210,4,7,9,210,6,5,ok,,2.312,n-62-12-1,29052208,2026-08-08T08:39:15+0200
90cc85012074e60a,auto-a1214efd9c98,jonbot_190003d@90fc9f3,jonbot_190003d,90fc9f3,hodr@ea88247,hodr,ea88247,strait,all_official,1,0,rating,b,b,0.0,core_destroyed,265,,6,280,7,4,10,1120,8,17,ok,,4.859,n-62-21-21,29052208,2026-08-08T08:38:00+0200
90fa7e71d65c7f47,auto-a1214efd9c98,hodr@ea88247,hodr,ea88247,mjolnir@2e6c876,mjolnir,2e6c876,twins,all_official,1,0,rating,a,a,1.0,core_destroyed,201,,8,480,7,7,9,480,8,8,ok,,4.107,n-62-21-97,29052208,2026-08-08T08:39:06+0200
910289efb1d863c5,auto-a1214efd9c98,e_t4l7@9e77076,e_t4l7,9e77076,hodr@ea88247,hodr,ea88247,string,all_official,1,0,rating,b,b,0.0,titanium_collected,1000,,124,0,2,2,68,2740,9,21,ok,,8.678,n-62-29-15,29052208,2026-08-08T08:38:31+0200
9115c6cddf7a5140,auto-a1214efd9c98,hodr@ea88247,hodr,ea88247,spar_mender@d5b46bc,spar_mender,d5b46bc,snowflake,all_official,1,0,rating,a,a,1.0,core_destroyed,67,,13,570,9,26,10,110,9,5,ok,,4.277,n-62-29-16,29052208,2026-08-08T08:39:28+0200
91410cbdfb808b30,auto-a1214efd9c98,hodr@ea88247,hodr,ea88247,ragnarok_fair@79582fc,ragnarok_fair,79582fc,sweden,all_official,1,0,rating,a,a,1.0,core_destroyed,192,,16,360,9,19,43,810,6,18,ok,,6.992,n-62-21-6,29052208,2026-08-08T08:39:19+0200
9141b52774443de5,auto-a1214efd9c98,mjolnir@2e6c876,mjolnir,2e6c876,hodr@ea88247,hodr,ea88247,nordkap,all_official,1,0,rating,b,b,0.0,core_destroyed,412,,42,2550,12,41,30,2250,13,29,ok,,10.088,n-62-31-9,29052208,2026-08-08T08:39:21+0200
917692fabf3facc8,auto-a1214efd9c98,casemate_oracle@90fc9f3,casemate_oracle,90fc9f3,hodr@ea88247,hodr,ea88247,lighthouse,all_official,1,0,rating,b,b,0.0,core_destroyed,96,,259,0,5,6,20,410,7,13,ok,,3.224,n-62-31-10,29052208,2026-08-08T08:38:04+0200
917df123ba84c8b9,auto-a1214efd9c98,hodr@ea88247,hodr,ea88247,tyr@2e6c876,tyr,2e6c876,archipelago,all_official,1,0,rating,a,a,1.0,core_destroyed,113,,87,1290,11,48,60,780,7,26,ok,,4.856,n-62-31-21,29052208,2026-08-08T08:40:49+0200
91947b93228f8ae0,auto-a1214efd9c98,hodr@ea88247,hodr,ea88247,mjolnir@2e6c876,mjolnir,2e6c876,fjord,all_official,1,0,rating,a,a,1.0,core_destroyed,103,,115,820,8,39,60,610,10,30,ok,,4.457,n-62-21-92,29052208,2026-08-08T08:38:38+0200
91b490a31169abb5,auto-a1214efd9c98,hodr@ea88247,hodr,ea88247,spar_mender@7ed1acc,spar_mender,7ed1acc,antler,all_official,1,0,rating,a,a,1.0,core_destroyed,96,,50,710,9,36,50,770,11,24,ok,,4.643,n-62-21-92,29052208,2026-08-08T08:39:43+0200
91bc4015e487aed3,auto-a1214efd9c98,freyr@c2c0d3d,freyr,c2c0d3d,hodr@ea88247,hodr,ea88247,moonrise,all_official,1,0,rating,a,a,1.0,core_destroyed,240,,33,1130,11,15,16,70,6,2,ok,,5.209,n-62-30-24,29052208,2026-08-08T08:38:21+0200
91ce7137effd9af6,auto-a1214efd9c98,steward_hardened_reinforced@a994296,steward_hardened_reinforced,a994296,hodr@ea88247,hodr,ea88247,hive,all_official,1,0,rating,b,b,0.0,core_destroyed,82,,8,180,9,18,8,240,8,22,ok,,4.268,n-62-31-20,29052208,2026-08-08T08:40:25+0200
91d279e18e3aea52,auto-a1214efd9c98,hodr@ea88247,hodr,ea88247,fenrir2@6b39ebb,fenrir2,6b39ebb,fjordgate,all_official,1,0,rating,a,a,1.0,core_destroyed,221,,10,0,8,5,10,0,9,0,ok,,3.727,n-62-29-24,29052208,2026-08-08T08:38:16+0200
91eef034bf1bac87,auto-a1214efd9c98,hodr@ea88247,hodr,ea88247,gobbleglitch@6cdc440,gobbleglitch,6cdc440,skerry,all_official,1,0,rating,a,a,1.0,core_destroyed,53,,10,230,9,9,55,0,7,10,ok,,3.902,n-62-12-1,29052208,2026-08-08T08:37:55+0200
9208165c7f265297,auto-a1214efd9c98,freyr@c2c0d3d,freyr,c2c0d3d,hodr@ea88247,hodr,ea88247,saga,all_official,1,0,rating,b,b,0.0,core_destroyed,79,,8,250,8,29,9,360,8,23,ok,,4.382,n-62-31-13,29052208,2026-08-08T08:38:29+0200
920890eda1ac7301,auto-a1214efd9c98,hodr@ea88247,hodr,ea88247,fenrir2@6b39ebb,fenrir2,6b39ebb,crossfire,all_official,1,0,rating,b,b,0.0,core_destroyed,166,,36,770,12,18,88,1010,9,21,ok,,6.199,n-62-29-21,29052208,2026-08-08T08:38:45+0200
92207e5db56706fa,auto-a1214efd9c98,hodr@ea88247,hodr,ea88247,heimdall@daf0de0,heimdall,daf0de0,skerry,all_official,1,0,rating,a,a,1.0,core_destroyed,74,,29,480,8,19,2,410,8,21,ok,,4.191,n-62-12-4,29052208,2026-08-08T08:38:19+0200
923363660a831135,auto-a1214efd9c98,steward_hardened_reinforced@672ee02,steward_hardened_reinforced,672ee02,hodr@ea88247,hodr,ea88247,sweden,all_official,1,0,rating,b,b,0.0,core_destroyed,851,,44,0,8,12,62,2090,11,18,ok,,29.897,n-62-31-22,29052208,2026-08-08T08:40:48+0200
92471ebf911b8ea3,auto-a1214efd9c98,hodr@ea88247,hodr,ea88247,spar_mender@7ed1acc,spar_mender,7ed1acc,showdown,all_official,1,0,rating,a,a,1.0,core_destroyed,181,,10,400,7,17,38,0,9,0,ok,,4.035,n-62-21-98,29052208,2026-08-08T08:39:24+0200
925439da1b7a1a23,auto-a1214efd9c98,hodr@ea88247,hodr,ea88247,heimdall@daf0de0,heimdall,daf0de0,longship,all_official,1,0,rating,a,a,1.0,core_destroyed,78,,10,280,5,26,126,310,10,21,ok,,4.128,n-62-12-2,29052208,2026-08-08T08:38:49+0200
927cb4cfe24debdd,auto-a1214efd9c98,hodr@ea88247,hodr,ea88247,lockin@90fc9f3,lockin,90fc9f3,aurora,all_official,1,0,rating,a,a,1.0,core_destroyed,57,,20,260,8,27,6,0,13,2,ok,,6.7,n-62-21-56,29052208,2026-08-08T08:38:18+0200
92910c1820fc4f7e,auto-a1214efd9c98,gobbleglitch@6cdc440,gobbleglitch,6cdc440,hodr@ea88247,hodr,ea88247,duel,all_official,1,0,rating,b,b,0.0,core_destroyed,37,,60,0,9,0,9,80,8,5,ok,,2.816,n-62-11-57,29052208,2026-08-08T08:38:32+0200
9294ca464bc1339e,auto-a1214efd9c98,hodr@ea88247,hodr,ea88247,steward_hardened_reinforced@672ee02,steward_hardened_reinforced,672ee02,string,all_official,1,0,rating,b,b,0.0,titanium_collected,1000,,38,180,2,1,20,1490,15,7,ok,,16.627,n-62-31-22,29052208,2026-08-08T08:40:05+0200
92abdad6f24e365a,auto-a1214efd9c98,hodr@ea88247,hodr,ea88247,bastion@840a180,bastion,840a180,pinch,all_official,1,0,rating,a,a,1.0,core_destroyed,145,,10,340,7,11,9,110,8,5,ok,,3.488,n-62-11-61,29052208,2026-08-08T08:38:10+0200
92b2466bfa899a8d,auto-a1214efd9c98,hodr@ea88247,hodr,ea88247,tyr@2e6c876,tyr,2e6c876,sweden,all_official,1,0,rating,a,a,1.0,core_destroyed,498,,27,1140,13,14,1344,2410,5,16,ok,,12.421,n-62-29-13,29052208,2026-08-08T08:40:49+0200
92c013216d45fc69,auto-a1214efd9c98,jonbot@90fc9f3,jonbot,90fc9f3,hodr@ea88247,hodr,ea88247,showdown,all_official,1,0,rating,a,a,1.0,titanium_collected,1000,,3326,2220,7,41,20,0,5,16,ok,,6.547,n-62-21-17,29052208,2026-08-08T08:38:33+0200
92e7d20e44be7b45,auto-a1214efd9c98,lockin@90fc9f3,lockin,90fc9f3,hodr@ea88247,hodr,ea88247,heart,all_official,1,0,rating,b,b,0.0,core_destroyed,89,,720,0,0,0,10,0,8,19,ok,,2.212,n-62-21-59,29052208,2026-08-08T08:37:56+0200
9303e11af4ce2398,auto-a1214efd9c98,pantheon_replica_day3@aa8bae0,pantheon_replica_day3,aa8bae0,hodr@ea88247,hodr,ea88247,jackpot,all_official,1,0,rating,b,b,0.0,core_destroyed,357,,645,920,9,14,22,1680,13,17,ok,,13.415,n-62-31-8,29052208,2026-08-08T08:39:08+0200
930851d6486de119,auto-a1214efd9c98,hodr@ea88247,hodr,ea88247,steward_hardened_reinforced@04300bf,steward_hardened_reinforced,04300bf,vault,all_official,1,0,rating,b,b,0.0,core_destroyed,131,,8,430,11,13,9,610,9,21,ok,,5.404,n-62-29-34,29052208,2026-08-08T08:39:32+0200
93309e21cd30ea9b,auto-a1214efd9c98,heimdall@daf0de0,heimdall,daf0de0,hodr@ea88247,hodr,ea88247,string,all_official,1,0,rating,a,a,1.0,titanium_collected,1000,,3131,5320,9,9,187,2490,8,3,ok,,25.264,n-62-12-6,29052208,2026-08-08T08:38:37+0200
9334e5e6e33460a9,auto-a1214efd9c98,janus@8a1e7a1,janus,8a1e7a1,hodr@ea88247,hodr,ea88247,strait,all_official,1,0,rating,b,b,0.0,core_destroyed,123,,3,50,9,6,10,270,6,10,ok,,4.238,n-62-21-9,29052208,2026-08-08T08:38:37+0200
934eed2eade845fa,auto-a1214efd9c98,steward_hardened_reinforced@04300bf,steward_hardened_reinforced,04300bf,hodr@ea88247,hodr,ea88247,heart,all_official,1,0,rating,b,b,0.0,titanium_collected,1000,,16,0,8,4,17,60,6,10,ok,,9.153,n-62-29-9,29052208,2026-08-08T08:40:16+0200
9355def85c49d7a4,auto-a1214efd9c98,hodr@ea88247,hodr,ea88247,jonbot_190003d@90fc9f3,jonbot_190003d,90fc9f3,jackpot,all_official,1,0,rating,a,a,1.0,core_destroyed,207,,119,960,11,20,784,470,4,17,ok,,6.856,n-62-21-16,29052208,2026-08-08T08:38:05+0200
93969af8fa8eff06,auto-a1214efd9c98,hodr@ea88247,hodr,ea88247,jonbot_190003d@90fc9f3,jonbot_190003d,90fc9f3,aurora,all_official,1,0,rating,a,a,1.0,core_destroyed,85,,10,580,8,34,215,320,9,14,ok,,3.736,n-62-21-13,29052208,2026-08-08T08:38:06+0200
939a4a12f5663270,auto-a1214efd9c98,steward_hardened_reinforced@deba9ec,steward_hardened_reinforced,deba9ec,hodr@ea88247,hodr,ea88247,eider,all_official,1,0,rating,a,a,1.0,core_destroyed,128,,29,580,9,9,20,180,4,6,ok,,4.236,n-62-31-9,29052208,2026-08-08T08:40:43+0200
93b7afda2c7b46ed,auto-a1214efd9c98,hodr@ea88247,hodr,ea88247,spar_mender@d5b46bc,spar_mender,d5b46bc,saga,all_official,1,0,rating,a,a,1.0,core_destroyed,92,,19,320,10,21,10,50,9,12,ok,,4.651,n-62-29-15,29052208,2026-08-08T08:39:57+0200
93c5e29a0f44bd29,auto-a1214efd9c98,hodr@ea88247,hodr,ea88247,aegis@e55aab5,aegis,e55aab5,meander,all_official,1,0,rating,a,a,1.0,core_destroyed,94,,8,120,8,7,10,70,8,8,ok,,3.707,n-62-31-22,29052208,2026-08-08T08:38:03+0200
93cd40b39a0a85fb,auto-a1214efd9c98,hodr@ea88247,hodr,ea88247,maporacle@38e1456,maporacle,38e1456,sweden,all_official,1,0,rating,b,b,0.0,core_destroyed,105,,60,160,8,15,20,390,6,20,ok,,5.607,n-62-21-71,29052208,2026-08-08T08:38:19+0200
93d858f6290cb4cd,auto-a1214efd9c98,hodr@ea88247,hodr,ea88247,pantheon_replica_day3@aa8bae0,pantheon_replica_day3,aa8bae0,twins,all_official,1,0,rating,b,b,0.0,core_destroyed,266,,35,640,8,6,8,180,5,4,ok,,5.073,n-62-31-20,29052208,2026-08-08T08:39:58+0200
940e2e96887a4c0b,auto-a1214efd9c98,hodr@ea88247,hodr,ea88247,freyr@c2c0d3d,freyr,c2c0d3d,skerry,all_official,1,0,rating,a,a,1.0,core_destroyed,110,,70,750,9,14,6,320,6,16,ok,,3.945,n-62-31-13,29052208,2026-08-08T08:38:44+0200
942154ec35e5874b,auto-a1214efd9c98,hodr@ea88247,hodr,ea88247,maporacle@38e1456,maporacle,38e1456,aurora,all_official,1,0,rating,a,a,1.0,core_destroyed,135,,112,1090,9,32,54,720,9,32,ok,,5.972,n-62-21-64,29052208,2026-08-08T08:37:57+0200
94241dcf433df449,auto-a1214efd9c98,hodr@ea88247,hodr,ea88247,steward_hardened_reinforced@cdc552f,steward_hardened_reinforced,cdc552f,sprint,all_official,1,0,rating,a,a,1.0,titanium_stored,1000,,20,0,6,6,16,0,9,6,ok,,6.777,n-62-11-51,29052208,2026-08-08T08:40:29+0200
942462f84d1327d0,auto-a1214efd9c98,steward_hardened_reinforced@f61245f,steward_hardened_reinforced,f61245f,hodr@ea88247,hodr,ea88247,snowflake,all_official,1,0,rating,a,a,1.0,core_destroyed,65,,81,550,9,21,7,140,8,11,ok,,3.808,n-62-31-5,29052208,2026-08-08T08:40:27+0200
942b4badc152c92b,auto-a1214efd9c98,hodr@ea88247,hodr,ea88247,njord@f66a427,njord,f66a427,antler,all_official,1,0,rating,b,b,0.0,core_destroyed,56,,20,290,6,13,18,230,7,14,ok,,3.536,n-62-21-97,29052208,2026-08-08T08:39:39+0200
943c8a265c27b661,auto-a1214efd9c98,hodr@ea88247,hodr,ea88247,janus@8a1e7a1,janus,8a1e7a1,lighthouse,all_official,1,0,rating,a,a,1.0,core_destroyed,88,,39,360,7,12,49,50,7,5,ok,,3.81,n-62-21-4,29052208,2026-08-08T08:38:14+0200
9447dc509ff34211,auto-a1214efd9c98,jonbot_190003d@90fc9f3,jonbot_190003d,90fc9f3,hodr@ea88247,hodr,ea88247,snowflake,all_official,1,0,rating,b,b,0.0,core_destroyed,57,,195,270,8,15,1,120,8,19,ok,,3.574,n-62-21-19,29052208,2026-08-08T08:38:31+0200
944ec2a2a71fb499,auto-a1214efd9c98,hodr@ea88247,hodr,ea88247,prospect_rushonly@bf9b3e3,prospect_rushonly,bf9b3e3,antler,all_official,1,0,rating,a,a,1.0,core_destroyed,164,,16,480,5,9,18,770,8,6,ok,,3.165,n-62-21-89,29052208,2026-08-08T08:39:41+0200
9467d7745f4ca9b3,auto-a1214efd9c98,hodr@ea88247,hodr,ea88247,heimdall@daf0de0,heimdall,daf0de0,vault,all_official,1,0,rating,a,a,1.0,core_destroyed,139,,28,420,7,15,8,410,10,19,ok,,5.2,n-62-21-1,29052208,2026-08-08T08:38:12+0200
9473fe8c4d6210ad,auto-a1214efd9c98,hodr@ea88247,hodr,ea88247,steward_hardened_reinforced@f61245f,steward_hardened_reinforced,f61245f,saga,all_official,1,0,rating,b,b,0.0,core_destroyed,79,,8,250,8,29,9,360,8,23,ok,,4.099,n-62-28-34,29052208,2026-08-08T08:40:47+0200
949f4aab616679bf,auto-a1214efd9c98,hodr@ea88247,hodr,ea88247,aegis@e55aab5,aegis,e55aab5,sprint,all_official,1,0,rating,a,a,1.0,core_destroyed,162,,10,80,7,5,3,0,8,1,ok,,3.673,n-62-31-24,29052208,2026-08-08T08:38:03+0200
94a5bc5cfd5985c3,auto-a1214efd9c98,casemate_oracle@90fc9f3,casemate_oracle,90fc9f3,hodr@ea88247,hodr,ea88247,pinch,all_official,1,0,rating,b,b,0.0,core_destroyed,108,,352,0,4,5,20,250,8,14,ok,,4.676,n-62-31-11,29052208,2026-08-08T08:38:01+0200
94c46190acdedb19,auto-a1214efd9c98,hodr@ea88247,hodr,ea88247,mimir@cfc1ec4,mimir,cfc1ec4,nordkap,all_official,1,0,rating,b,b,0.0,titanium_collected,1000,,20,80,9,7,16,360,8,9,ok,,7.4,n-62-31-21,29052208,2026-08-08T08:38:59+0200
94db59c2d9ed01fc,auto-a1214efd9c98,pantheon_replica_day3@aa8bae0,pantheon_replica_day3,aa8bae0,hodr@ea88247,hodr,ea88247,pinch,all_official,1,0,rating,b,b,0.0,core_destroyed,57,,10,0,9,3,10,60,5,6,ok,,3.493,n-62-31-7,29052208,2026-08-08T08:39:06+0200
952fc25f3ca355e3,auto-a1214efd9c98,prospect@bf9b3e3,prospect,bf9b3e3,hodr@ea88247,hodr,ea88247,atoll,all_official,1,0,rating,b,b,0.0,core_destroyed,154,,8,430,7,12,37,720,7,17,ok,,3.838,n-62-31-19,29052208,2026-08-08T08:39:13+0200
954b40e89c87d8cb,auto-a1214efd9c98,bastion@840a180,bastion,840a180,hodr@ea88247,hodr,ea88247,duel,all_official,1,0,rating,b,b,0.0,core_destroyed,90,,10,210,6,7,8,410,7,6,ok,,3.665,n-62-11-68,29052208,2026-08-08T08:37:59+0200
95932a3622518727,auto-a1214efd9c98,hodr@ea88247,hodr,ea88247,pantheon_replica_day3@aa8bae0,pantheon_replica_day3,aa8bae0,drumlin,all_official,1,0,rating,a,a,1.0,core_destroyed,63,,28,370,8,22,0,220,9,10,ok,,3.935,n-62-31-13,29052208,2026-08-08T08:39:22+0200
95a0565095965320,auto-a1214efd9c98,steward_hardened_reinforced@366cd1b,steward_hardened_reinforced,366cd1b,hodr@ea88247,hodr,ea88247,duel,all_official,1,0,rating,a,a,1.0,core_destroyed,59,,9,250,8,7,170,250,6,6,ok,,2.691,n-62-29-5,29052208,2026-08-08T08:40:26+0200
95a92db365041026,auto-a1214efd9c98,mjolnir@2e6c876,mjolnir,2e6c876,hodr@ea88247,hodr,ea88247,longship,all_official,1,0,rating,b,b,0.0,core_destroyed,113,,9,450,9,27,19,370,6,21,ok,,3.958,n-62-31-9,29052208,2026-08-08T08:38:54+0200
95af814e7b594ad7,auto-a1214efd9c98,spar_mender@7ed1acc,spar_mender,7ed1acc,hodr@ea88247,hodr,ea88247,drumlin,all_official,1,0,rating,b,b,0.0,core_destroyed,145,,65,2020,12,43,35,1030,9,37,ok,,5.406,n-62-31-9,29052208,2026-08-08T08:40:20+0200
95d7b3fc27e70b4f,auto-a1214efd9c98,hodr@ea88247,hodr,ea88247,spar_mender@7ed1acc,spar_mender,7ed1acc,sweden,all_official,1,0,rating,a,a,1.0,core_destroyed,913,,10,0,4,3,250,2240,17,27,ok,,32.512,n-62-28-28,29052208,2026-08-08T08:40:05+0200
95db5ed375ea893f,auto-a1214efd9c98,hodr@ea88247,hodr,ea88247,gefjon@f66a427,gefjon,f66a427,sprint,all_official,1,0,rating,a,a,1.0,core_destroyed,155,,25,750,9,14,10,80,4,3,ok,,3.85,n-62-11-55,29052208,2026-08-08T08:38:28+0200
95eb4c0eb50031c4,auto-a1214efd9c98,hodr@ea88247,hodr,ea88247,casemate_oracle@90fc9f3,casemate_oracle,90fc9f3,pinch,all_official,1,0,rating,a,a,1.0,core_destroyed,108,,20,250,8,14,352,0,4,5,ok,,4.972,n-62-31-11,29052208,2026-08-08T08:37:56+0200
95fe71deef0c48cf,auto-a1214efd9c98,hodr@ea88247,hodr,ea88247,mistral@90fc9f3,mistral,90fc9f3,antler,all_official,1,0,rating,a,a,1.0,core_destroyed,85,,208,380,6,14,50,0,11,0,ok,,5.367,n-62-31-24,29052208,2026-08-08T08:39:05+0200
95fec11bc31a6247,auto-a1214efd9c98,skadi@6a2af02,skadi,6a2af02,hodr@ea88247,hodr,ea88247,bridge,all_official,1,0,rating,b,b,0.0,core_destroyed,733,,3773,5390,1,16,10,0,11,3,ok,,14.908,n-62-21-23,29052208,2026-08-08T08:39:53+0200
960078642a9003da,auto-a1214efd9c98,hodr@ea88247,hodr,ea88247,undertow@fdc1e1f,undertow,fdc1e1f,showdown,all_official,1,0,rating,a,a,1.0,core_destroyed,273,,9,630,6,17,59,0,5,1,ok,,3.829,n-62-11-66,29052208,2026-08-08T08:40:44+0200
96041713ce8111d1,auto-a1214efd9c98,hodr@ea88247,hodr,ea88247,aegis@e55aab5,aegis,e55aab5,antler,all_official,1,0,rating,a,a,1.0,core_destroyed,130,,16,850,6,22,7,600,6,8,ok,,4.608,n-62-31-5,29052208,2026-08-08T08:37:56+0200
9604c90f71ee7a14,auto-a1214efd9c98,steward_hardened_reinforced@04300bf,steward_hardened_reinforced,04300bf,hodr@ea88247,hodr,ea88247,drumlin,all_official,1,0,rating,b,b,0.0,core_destroyed,67,,24,200,7,17,9,350,7,17,ok,,3.007,n-62-29-24,29052208,2026-08-08T08:40:26+0200
96406ee22f3d991b,auto-a1214efd9c98,mjolnir@2e6c876,mjolnir,2e6c876,hodr@ea88247,hodr,ea88247,showdown,all_official,1,0,rating,b,b,0.0,core_destroyed,104,,16,0,7,7,19,210,6,11,ok,,3.301,n-62-31-10,29052208,2026-08-08T08:39:25+0200
9646f7a7d2b9ab47,auto-a1214efd9c98,ragnarok_fair@79582fc,ragnarok_fair,79582fc,hodr@ea88247,hodr,ea88247,pinch,all_official,1,0,rating,b,b,0.0,core_destroyed,73,,5,160,8,20,10,160,7,14,ok,,3.785,n-62-21-14,29052208,2026-08-08T08:39:04+0200
96498a7a43bf4e7f,auto-a1214efd9c98,hodr@ea88247,hodr,ea88247,freyr@c2c0d3d,freyr,c2c0d3d,vase,all_official,1,0,rating,b,b,0.0,core_destroyed,121,,37,230,8,8,33,260,7,15,ok,,4.637,n-62-31-7,29052208,2026-08-08T08:38:05+0200
968dd7e6438f1327,auto-a1214efd9c98,mjolnir@2e6c876,mjolnir,2e6c876,hodr@ea88247,hodr,ea88247,saga,all_official,1,0,rating,b,b,0.0,core_destroyed,111,,27,650,6,28,4,520,9,22,ok,,6.268,n-62-31-10,29052208,2026-08-08T08:39:16+0200
96aa051265f76c8d,auto-a1214efd9c98,hodr@ea88247,hodr,ea88247,prospect@bf9b3e3,prospect,bf9b3e3,sprint,all_official,1,0,rating,a,a,1.0,core_destroyed,158,,9,370,7,6,8,240,6,8,ok,,3.098,n-62-11-51,29052208,2026-08-08T08:39:03+0200
96b1fccd38c2b47b,auto-a1214efd9c98,hodr@ea88247,hodr,ea88247,steward_hardened_reinforced@deba9ec,steward_hardened_reinforced,deba9ec,bridge,all_official,1,0,rating,b,b,0.0,core_destroyed,217,,30,0,11,7,2,0,10,7,ok,,6.915,n-62-31-9,29052208,2026-08-08T08:39:51+0200
96b48f68481bbcb2,auto-a1214efd9c98,hodr@ea88247,hodr,ea88247,bastion@840a180,bastion,840a180,jackpot,all_official,1,0,rating,b,b,0.0,core_destroyed,397,,113,1090,11,10,80,1910,8,17,ok,,11.811,n-62-11-62,29052208,2026-08-08T08:38:11+0200
96c315df0b2772c7,auto-a1214efd9c98,steward_hardened_reinforced@672ee02,steward_hardened_reinforced,672ee02,hodr@ea88247,hodr,ea88247,string,all_official,1,0,rating,b,b,0.0,core_destroyed,219,,138,30,2,1,86,1490,14,12,ok,,6.391,n-62-31-22,29052208,2026-08-08T08:40:11+0200
96d29623decdca72,auto-a1214efd9c98,hodr@ea88247,hodr,ea88247,steward_hardened_reinforced@672ee02,steward_hardened_reinforced,672ee02,crossfire,all_official,1,0,rating,a,a,1.0,core_destroyed,171,,22,410,8,5,7,50,7,4,ok,,4.153,n-62-31-8,29052208,2026-08-08T08:40:39+0200
96d4350ac1eaed94,auto-a1214efd9c98,steward_hardened_reinforced@cdc552f,steward_hardened_reinforced,cdc552f,hodr@ea88247,hodr,ea88247,fjord,all_official,1,0,rating,a,a,1.0,core_destroyed,131,,27,890,12,20,33,850,7,23,ok,,5.058,n-62-11-64,29052208,2026-08-08T08:40:04+0200
96df11d3b54a2ca1,auto-a1214efd9c98,jonbot@90fc9f3,jonbot,90fc9f3,hodr@ea88247,hodr,ea88247,sprint,all_official,1,0,rating,b,b,0.0,core_destroyed,75,,59,440,6,15,17,170,5,6,ok,,2.476,n-62-21-24,29052208,2026-08-08T08:38:20+0200
970e3985241f16cb,auto-a1214efd9c98,hodr@ea88247,hodr,ea88247,janus@8a1e7a1,janus,8a1e7a1,aurora,all_official,1,0,rating,b,b,0.0,core_destroyed,67,,54,340,7,28,17,260,11,11,ok,,4.865,n-62-21-12,29052208,2026-08-08T08:37:56+0200
9738219521c062ed,auto-a1214efd9c98,jonbot_190003d@90fc9f3,jonbot_190003d,90fc9f3,hodr@ea88247,hodr,ea88247,saga,all_official,1,0,rating,b,b,0.0,core_destroyed,118,,60,110,7,24,32,250,7,18,ok,,4.102,n-62-21-19,29052208,2026-08-08T08:38:05+0200
973f5e4fdab0d47c,auto-a1214efd9c98,ragnarok_fair@79582fc,ragnarok_fair,79582fc,hodr@ea88247,hodr,ea88247,hive,all_official,1,0,rating,b,b,0.0,core_destroyed,89,,10,330,9,27,18,350,8,24,ok,,4.016,n-62-21-12,29052208,2026-08-08T08:39:31+0200
9759f48ab20a50ea,auto-a1214efd9c98,hodr@ea88247,hodr,ea88247,tempest@90fc9f3,tempest,90fc9f3,bridge,all_official,1,0,rating,a,a,1.0,core_destroyed,227,,10,0,7,16,750,0,0,0,ok,,3.475,n-62-29-27,29052208,2026-08-08T08:40:39+0200
9770907d418e4a97,auto-a1214efd9c98,hodr@ea88247,hodr,ea88247,gobbleglitch@6cdc440,gobbleglitch,6cdc440,eider,all_official,1,0,rating,a,a,1.0,core_destroyed,73,,9,160,8,6,60,30,8,1,ok,,3.216,n-62-11-57,29052208,2026-08-08T08:38:36+0200
9788429b5770f15d,auto-a1214efd9c98,freyr@c2c0d3d,freyr,c2c0d3d,hodr@ea88247,hodr,ea88247,duel,all_official,1,0,rating,a,a,1.0,core_destroyed,59,,9,250,8,7,170,250,6,6,ok,,2.778,n-62-29-5,29052208,2026-08-08T08:38:17+0200
978cde78fe6ae23d,auto-a1214efd9c98,hodr@ea88247,hodr,ea88247,jotunn@6b39ebb,jotunn,6b39ebb,longship,all_official,1,0,rating,a,a,1.0,core_destroyed,376,,142,2570,14,41,46,1580,12,31,ok,,9.75,n-62-12-65,29052208,2026-08-08T08:38:09+0200
979c3dcfc26e59b2,auto-a1214efd9c98,steward_relent@7ed1acc,steward_relent,7ed1acc,hodr@ea88247,hodr,ea88247,eider,all_official,1,0,rating,a,a,1.0,core_destroyed,116,,29,730,11,15,21,820,8,24,ok,,4.788,n-62-29-13,29052208,2026-08-08T08:40:22+0200
979e696399df15ce,auto-a1214efd9c98,hodr@ea88247,hodr,ea88247,steward_hardened_reinforced@c04e46e,steward_hardened_reinforced,c04e46e,string,all_official,1,0,rating,a,a,1.0,titanium_collected,1000,,22,810,4,5,26,490,9,10,ok,,11.841,n-62-11-62,29052208,2026-08-08T08:40:20+0200
97b377577c4a58f6,auto-a1214efd9c98,hodr@ea88247,hodr,ea88247,skadi@821d792,skadi,821d792,archipelago,all_official,1,0,rating,a,a,1.0,core_destroyed,74,,19,420,7,28,29,370,6,17,ok,,3.44,n-62-31-22,29052208,2026-08-08T08:39:28+0200
97c3bd28d9bd53f5,auto-a1214efd9c98,mistral@90fc9f3,mistral,90fc9f3,hodr@ea88247,hodr,ea88247,atoll,all_official,1,0,rating,b,b,0.0,core_destroyed,43,,48,0,9,0,8,160,8,9,ok,,5.327,n-62-11-67,29052208,2026-08-08T08:38:43+0200
97db8d531ad943a6,auto-a1214efd9c98,hodr@ea88247,hodr,ea88247,bastion@840a180,bastion,840a180,atoll,all_official,1,0,rating,a,a,1.0,core_destroyed,50,,18,200,7,21,18,190,10,13,ok,,4.356,n-62-11-60,29052208,2026-08-08T08:37:55+0200
97ec457f97ac3fcf,auto-a1214efd9c98,hodr@ea88247,hodr,ea88247,tempest_reinforcements@025dd51,tempest_reinforcements,025dd51,duel,all_official,1,0,rating,b,b,0.0,core_destroyed,267,,7,210,8,2,59,720,11,4,ok,,4.331,n-62-30-23,29052208,2026-08-08T08:40:50+0200
97fb73dbc4c250e1,auto-a1214efd9c98,hodr@ea88247,hodr,ea88247,steward_relent@7ed1acc,steward_relent,7ed1acc,heart,all_official,1,0,rating,a,a,1.0,titanium_stored,1000,,17,0,8,1,16,0,6,1,ok,,10.457,n-62-29-13,29052208,2026-08-08T08:40:47+0200
981bab731440fe9a,auto-a1214efd9c98,hodr@ea88247,hodr,ea88247,steward_hardened_reinforced@672ee02,steward_hardened_reinforced,672ee02,drumlin,all_official,1,0,rating,a,a,1.0,core_destroyed,172,,27,510,7,18,16,300,7,13,ok,,4.311,n-62-31-13,29052208,2026-08-08T08:39:33+0200
982104fa35b7ce6f,auto-a1214efd9c98,hodr@ea88247,hodr,ea88247,gobbleglitch@6cdc440,gobbleglitch,6cdc440,lighthouse,all_official,1,0,rating,a,a,1.0,core_destroyed,138,,9,320,7,9,58,40,8,0,ok,,3.549,n-62-21-89,29052208,2026-08-08T08:37:55+0200
98231d5ff3094b3d,auto-a1214efd9c98,skadi@821d792,skadi,821d792,hodr@ea88247,hodr,ea88247,string,all_official,1,0,rating,b,b,0.0,core_destroyed,181,,270,940,7,7,112,1140,7,15,ok,,7.408,n-62-11-67,29052208,2026-08-08T08:40:31+0200
98342bd2c1071c83,auto-a1214efd9c98,hodr@ea88247,hodr,ea88247,skadi@821d792,skadi,821d792,string,all_official,1,0,rating,b,b,0.0,titanium_collected,1000,,224,3160,6,14,190,7640,7,12,ok,,24.927,n-62-11-67,29052208,2026-08-08T08:40:23+0200
9872680ce26b6bcf,auto-a1214efd9c98,e_t4l7@9e77076,e_t4l7,9e77076,hodr@ea88247,hodr,ea88247,longship,all_official,1,0,rating,b,b,0.0,core_destroyed,405,,2054,2320,10,18,8,990,8,20,ok,,6.651,n-62-28-33,29052208,2026-08-08T08:39:03+0200
987b3c6f241eb4d6,auto-a1214efd9c98,steward_relent@7ed1acc,steward_relent,7ed1acc,hodr@ea88247,hodr,ea88247,showdown,all_official,1,0,rating,a,a,1.0,core_destroyed,757,,9,170,6,8,10,800,6,6,ok,,5.189,n-62-11-62,29052208,2026-08-08T08:40:27+0200
9887a7b79c1abe1c,auto-a1214efd9c98,hodr@ea88247,hodr,ea88247,casemate_oracle@90fc9f3,casemate_oracle,90fc9f3,bridge,all_official,1,0,rating,a,a,1.0,core_destroyed,126,,10,0,6,13,580,0,1,2,ok,,3.965,n-62-21-92,29052208,2026-08-08T08:37:55+0200
989d5cca4c71f64a,auto-a1214efd9c98,bastion@840a180,bastion,840a180,hodr@ea88247,hodr,ea88247,antler,all_official,1,0,rating,b,b,0.0,core_destroyed,136,,18,630,4,10,20,630,9,11,ok,,3.918,n-62-11-67,29052208,2026-08-08T08:38:32+0200
98aaa9f51dee9e37,auto-a1214efd9c98,steward_hardened_reinforced@04300bf,steward_hardened_reinforced,04300bf,hodr@ea88247,hodr,ea88247,quarry,all_official,1,0,rating,b,b,0.0,core_destroyed,981,,8,630,7,22,10,2660,9,22,ok,,8.644,n-62-29-31,29052208,2026-08-08T08:40:08+0200
98c1acf83a9c9e66,auto-a1214efd9c98,hodr@ea88247,hodr,ea88247,pantheon_replica_day3@aa8bae0,pantheon_replica_day3,aa8bae0,sweden,all_official,1,0,rating,a,a,1.0,core_destroyed,226,,21,430,10,24,35,710,8,12,ok,,7.944,n-62-31-20,29052208,2026-08-08T08:39:42+0200
98dba3bb7bb2d5b3,auto-a1214efd9c98,hodr@ea88247,hodr,ea88247,casemate_oracle@90fc9f3,casemate_oracle,90fc9f3,antler,all_official,1,0,rating,a,a,1.0,core_destroyed,62,,20,350,7,24,243,0,4,7,ok,,2.622,n-62-11-66,29052208,2026-08-08T08:38:02+0200
98ea76d5834b1e38,auto-a1214efd9c98,heimdall@daf0de0,heimdall,daf0de0,hodr@ea88247,hodr,ea88247,meander,all_official,1,0,rating,b,b,0.0,core_destroyed,701,,10,200,7,11,9,170,6,7,ok,,5.25,n-62-12-3,29052208,2026-08-08T08:38:00+0200
98f1429954d8ff68,auto-a1214efd9c98,hodr@ea88247,hodr,ea88247,fenrir2@6b39ebb,fenrir2,6b39ebb,drumlin,all_official,1,0,rating,a,a,1.0,core_destroyed,64,,27,460,9,26,27,240,9,26,ok,,3.62,n-62-29-21,29052208,2026-08-08T08:38:53+0200
98f81af89e3cc091,auto-a1214efd9c98,hodr@ea88247,hodr,ea88247,prospect_rushonly@bf9b3e3,prospect_rushonly,bf9b3e3,sprint,all_official,1,0,rating,a,a,1.0,core_destroyed,158,,9,370,7,6,8,240,6,8,ok,,2.819,n-62-12-2,29052208,2026-08-08T08:38:51+0200
99182080d5e79ccd,auto-a1214efd9c98,spar_mender@d5b46bc,spar_mender,d5b46bc,hodr@ea88247,hodr,ea88247,archipelago,all_official,1,0,rating,a,a,1.0,core_destroyed,101,,9,650,9,22,7,320,9,18,ok,,4.558,n-62-28-31,29052208,2026-08-08T08:39:40+0200
992a8d1db833f80e,auto-a1214efd9c98,janus@8a1e7a1,janus,8a1e7a1,hodr@ea88247,hodr,ea88247,jackpot,all_official,1,0,rating,a,a,1.0,core_destroyed,70,,60,310,9,8,19,90,11,7,ok,,4.928,n-62-21-4,29052208,2026-08-08T08:38:10+0200
993c60a051032830,auto-a1214efd9c98,hodr@ea88247,hodr,ea88247,jotunn@6b39ebb,jotunn,6b39ebb,eider,all_official,1,0,rating,a,a,1.0,core_destroyed,193,,177,2060,15,40,85,2260,11,52,ok,,6.965,n-62-13-6,29052208,2026-08-08T08:38:52+0200
9942191547849160,auto-a1214efd9c98,hodr@ea88247,hodr,ea88247,njord@f66a427,njord,f66a427,skerry,all_official,1,0,rating,a,a,1.0,core_destroyed,110,,70,750,9,14,6,320,6,16,ok,,3.643,n-62-28-34,29052208,2026-08-08T08:39:13+0200
994a111129ea3d4f,auto-a1214efd9c98,odin@38e1456,odin,38e1456,hodr@ea88247,hodr,ea88247,sweden,all_official,1,0,rating,b,b,0.0,core_destroyed,388,,70,1550,9,14,28,930,8,15,ok,,11.475,n-62-29-33,29052208,2026-08-08T08:39:18+0200
995c60df938546cb,auto-a1214efd9c98,hodr@ea88247,hodr,ea88247,mjolnir@2e6c876,mjolnir,2e6c876,atoll,all_official,1,0,rating,a,a,1.0,core_destroyed,638,,55,5170,20,27,248,4380,11,18,ok,,17.936,n-62-11-66,29052208,2026-08-08T08:39:17+0200
998827956133f582,auto-a1214efd9c98,mimir@cfc1ec4,mimir,cfc1ec4,hodr@ea88247,hodr,ea88247,meander,all_official,1,0,rating,b,b,0.0,core_destroyed,361,,10,50,7,2,9,0,9,8,ok,,4.212,n-62-31-21,29052208,2026-08-08T08:38:44+0200
999daa59342ec15f,auto-a1214efd9c98,hodr@ea88247,hodr,ea88247,aegis@e55aab5,aegis,e55aab5,crossfire,all_official,1,0,rating,a,a,1.0,core_destroyed,61,,9,140,7,5,10,40,8,4,ok,,3.808,n-62-31-4,29052208,2026-08-08T08:37:55+0200
99a5a190f5835cf2,auto-a1214efd9c98,janus@8a1e7a1,janus,8a1e7a1,hodr@ea88247,hodr,ea88247,drumlin,all_official,1,0,rating,b,b,0.0,core_destroyed,57,,9,180,7,14,19,220,8,15,ok,,3.497,n-62-21-12,29052208,2026-08-08T08:38:35+0200
99b1fce7207369f2,auto-a1214efd9c98,skadi@aad5f44,skadi,aad5f44,hodr@ea88247,hodr,ea88247,twins,all_official,1,0,rating,a,a,1.0,core_destroyed,141,,20,390,7,17,194,330,8,18,ok,,3.731,n-62-11-66,29052208,2026-08-08T08:40:27+0200
99c934d572da8c21,auto-a1214efd9c98,hodr@ea88247,hodr,ea88247,tempest_reinforcements@38f9c23,tempest_reinforcements,38f9c23,moonrise,all_official,1,0,rating,a,a,1.0,core_destroyed,62,,18,220,7,9,10,80,6,10,ok,,3.229,n-62-31-20,29052208,2026-08-08T08:40:34+0200
99d879d414f23948,auto-a1214efd9c98,hodr@ea88247,hodr,ea88247,skadi@aad5f44,skadi,aad5f44,pinch,all_official,1,0,rating,a,a,1.0,core_destroyed,110,,20,610,9,24,35,690,9,25,ok,,4.456,n-62-11-63,29052208,2026-08-08T08:39:36+0200
99db69db659f7c20,auto-a1214efd9c98,hodr@ea88247,hodr,ea88247,odin@38e1456,odin,38e1456,heart,all_official,1,0,rating,a,a,1.0,core_destroyed,137,,9,60,7,11,10,0,7,8,ok,,3.394,n-62-29-21,29052208,2026-08-08T08:39:12+0200
9a1f4c635d6ce26b,auto-a1214efd9c98,hodr@ea88247,hodr,ea88247,bastion@840a180,bastion,840a180,moonrise,all_official,1,0,rating,a,a,1.0,core_destroyed,192,,28,870,10,10,20,90,2,2,ok,,4.312,n-62-11-61,29052208,2026-08-08T08:37:55+0200
9a5aa26ed3ea6ec5,auto-a1214efd9c98,aegis@e55aab5,aegis,e55aab5,hodr@ea88247,hodr,ea88247,crossfire,all_official,1,0,rating,b,b,0.0,core_destroyed,86,,17,310,8,7,16,380,6,8,ok,,3.679,n-62-31-4,29052208,2026-08-08T08:37:59+0200
9a7d28f2c169f63a,auto-a1214efd9c98,hodr@ea88247,hodr,ea88247,skadi@aad5f44,skadi,aad5f44,sprint,all_official,1,0,rating,b,b,0.0,core_destroyed,130,,4,10,8,3,10,290,5,13,ok,,2.889,n-62-11-66,29052208,2026-08-08T08:39:08+0200
9aacefe15200184c,auto-a1214efd9c98,casemate_oracle@90fc9f3,casemate_oracle,90fc9f3,hodr@ea88247,hodr,ea88247,eider,all_official,1,0,rating,b,b,0.0,core_destroyed,78,,30,0,8,3,20,330,12,8,ok,,4.593,n-62-21-92,29052208,2026-08-08T08:38:33+0200
9ab4500c00adf725,auto-a1214efd9c98,hodr@ea88247,hodr,ea88247,steward_hardened_reinforced@366cd1b,steward_hardened_reinforced,366cd1b,strait,all_official,1,0,rating,a,a,1.0,titanium_collected,1000,,16,250,6,13,16,70,6,11,ok,,7.98,n-62-30-25,29052208,2026-08-08T08:40:05+0200
9ab89430034995db,auto-a1214efd9c98,hodr@ea88247,hodr,ea88247,skadi@821d792,skadi,821d792,atoll,all_official,1,0,rating,a,a,1.0,core_destroyed,181,,10,850,8,13,9,280,7,11,ok,,5.124,n-62-31-22,29052208,2026-08-08T08:39:41+0200
9af0263d38f9b725,auto-a1214efd9c98,lockin@90fc9f3,lockin,90fc9f3,hodr@ea88247,hodr,ea88247,jackpot,all_official,1,0,rating,b,b,0.0,core_destroyed,47,,610,0,0,0,10,80,8,11,ok,,1.983,n-62-21-59,29052208,2026-08-08T08:38:16+0200
9afb6c93dd8d7708,auto-a1214efd9c98,mimir@cfc1ec4,mimir,cfc1ec4,hodr@ea88247,hodr,ea88247,sprint,all_official,1,0,rating,a,a,1.0,core_destroyed,301,,9,20,6,4,10,90,7,5,ok,,4.383,n-62-31-23,29052208,2026-08-08T08:38:48+0200
9b3e19cf9c5d4e4d,auto-a1214efd9c98,steward_hardened_reinforced@a994296,steward_hardened_reinforced,a994296,hodr@ea88247,hodr,ea88247,sprint,all_official,1,0,rating,a,a,1.0,core_destroyed,401,,4,20,6,6,10,90,7,1,ok,,4.96,n-62-11-67,29052208,2026-08-08T08:40:16+0200
9b606f3ad081cb8a,auto-a1214efd9c98,lockin@90fc9f3,lockin,90fc9f3,hodr@ea88247,hodr,ea88247,meander,all_official,1,0,rating,b,b,0.0,core_destroyed,73,,680,0,0,0,10,0,8,13,ok,,2.033,n-62-21-60,29052208,2026-08-08T08:37:56+0200
9b63e05b90c23539,auto-a1214efd9c98,mimir@cfc1ec4,mimir,cfc1ec4,hodr@ea88247,hodr,ea88247,quarry,all_official,1,0,rating,b,b,0.0,core_destroyed,981,,8,630,7,22,10,2660,9,22,ok,,8.463,n-62-31-22,29052208,2026-08-08T08:38:47+0200
9b7e4590080ee856,auto-a1214efd9c98,hodr@ea88247,hodr,ea88247,steward_hardened_reinforced@04300bf,steward_hardened_reinforced,04300bf,heart,all_official,1,0,rating,b,b,0.0,titanium_stored,1000,,16,0,8,7,18,0,6,5,ok,,8.364,n-62-29-9,29052208,2026-08-08T08:40:07+0200
9b8cdb655dcb6697,auto-a1214efd9c98,hodr@ea88247,hodr,ea88247,njord@f66a427,njord,f66a427,quarry,all_official,1,0,rating,b,b,0.0,core_destroyed,981,,8,630,7,22,10,2660,9,22,ok,,8.899,n-62-28-33,29052208,2026-08-08T08:39:35+0200
9bb371d162107ee1,auto-a1214efd9c98,spar_mender@d5b46bc,spar_mender,d5b46bc,hodr@ea88247,hodr,ea88247,fjordgate,all_official,1,0,rating,a,a,1.0,core_destroyed,422,,6,990,7,15,9,990,7,11,ok,,6.266,n-62-28-34,29052208,2026-08-08T08:39:35+0200
9bb69a0bcdfda987,auto-a1214efd9c98,pantheon_replica_day3@aa8bae0,pantheon_replica_day3,aa8bae0,hodr@ea88247,hodr,ea88247,heart,all_official,1,0,rating,b,b,0.0,core_destroyed,537,,10,0,9,6,9,30,6,9,ok,,6.476,n-62-31-17,29052208,2026-08-08T08:39:31+0200
9be93dfb3bf613c7,auto-a1214efd9c98,spar_mender@7ed1acc,spar_mender,7ed1acc,hodr@ea88247,hodr,ea88247,aurora,all_official,1,0,rating,b,b,0.0,core_destroyed,157,,66,740,12,23,38,690,11,24,ok,,6.684,n-62-31-9,29052208,2026-08-08T08:39:29+0200
9c036e5866db781b,auto-a1214efd9c98,hodr@ea88247,hodr,ea88247,steward_hardened_reinforced@a994296,steward_hardened_reinforced,a994296,sweden,all_official,1,0,rating,b,b,0.0,titanium_collected,1000,,49,0,14,5,48,2460,17,18,ok,,37.657,n-62-11-60,29052208,2026-08-08T08:40:26+0200
9c261d4f3c609fe5,auto-a1214efd9c98,hodr@ea88247,hodr,ea88247,freyr@c2c0d3d,freyr,c2c0d3d,twins,all_official,1,0,rating,a,a,1.0,core_destroyed,120,,20,280,8,9,14,160,8,14,ok,,4.366,n-62-31-7,29052208,2026-08-08T08:37:56+0200
9c45b45f007ed226,auto-a1214efd9c98,steward_hardened_reinforced@cdc552f,steward_hardened_reinforced,cdc552f,hodr@ea88247,hodr,ea88247,nordkap,all_official,1,0,rating,a,a,1.0,core_destroyed,385,,9,90,9,4,10,190,7,10,ok,,6.565,n-62-21-92,29052208,2026-08-08T08:40:00+0200
9c5761721f5540ed,auto-a1214efd9c98,hodr@ea88247,hodr,ea88247,strategist@2e6eca5,strategist,2e6eca5,atoll,all_official,1,0,rating,a,a,1.0,core_destroyed,517,,60,2530,8,19,2019,2550,6,54,ok,,6.394,n-62-29-31,29052208,2026-08-08T08:40:39+0200
9c7531eb7b0b436e,auto-a1214efd9c98,hodr@ea88247,hodr,ea88247,odin@93e46da,odin,93e46da,quarry,all_official,1,0,rating,a,a,1.0,core_destroyed,113,,35,680,8,31,10,280,6,21,ok,,4.057,n-62-30-23,29052208,2026-08-08T08:38:44+0200
9c8006b395d52dae,auto-a1214efd9c98,casemate_oracle@90fc9f3,casemate_oracle,90fc9f3,hodr@ea88247,hodr,ea88247,drumlin,all_official,1,0,rating,b,b,0.0,core_destroyed,80,,40,0,3,30,29,330,8,22,ok,,3.497,n-62-21-92,29052208,2026-08-08T08:38:17+0200
9c8147636961b9bb,auto-a1214efd9c98,hodr@ea88247,hodr,ea88247,gefjon@f66a427,gefjon,f66a427,jackpot,all_official,1,0,rating,a,a,1.0,core_destroyed,299,,139,1430,16,24,143,1490,20,24,ok,,16.23,n-62-31-20,29052208,2026-08-08T08:38:18+0200
9c862b560bba8eef,auto-a1214efd9c98,pantheon_replica_day3@aa8bae0,pantheon_replica_day3,aa8bae0,hodr@ea88247,hodr,ea88247,sprint,all_official,1,0,rating,b,b,0.0,core_destroyed,236,,34,20,7,11,10,140,6,11,ok,,5.025,n-62-31-18,29052208,2026-08-08T08:39:24+0200
9c883ae5b99d8d9d,auto-a1214efd9c98,hodr@ea88247,hodr,ea88247,fenrir2@6b39ebb,fenrir2,6b39ebb,fjord,all_official,1,0,rating,a,a,1.0,core_destroyed,103,,103,820,8,39,9,470,11,11,ok,,4.509,n-62-29-24,29052208,2026-08-08T08:38:07+0200
9ca1a8e5f82afb03,auto-a1214efd9c98,jonbot@90fc9f3,jonbot,90fc9f3,hodr@ea88247,hodr,ea88247,quarry,all_official,1,0,rating,b,b,0.0,core_destroyed,81,,107,30,7,19,8,400,8,21,ok,,4.579,n-62-21-17,29052208,2026-08-08T08:38:00+0200
9ca275566be9e9b2,auto-a1214efd9c98,jonbot@90fc9f3,jonbot,90fc9f3,hodr@ea88247,hodr,ea88247,vase,all_official,1,0,rating,b,b,0.0,core_destroyed,264,,859,0,3,3,51,590,14,10,ok,,6.02,n-62-21-8,29052208,2026-08-08T08:38:16+0200
9cb151ff0a52dac3,auto-a1214efd9c98,hodr@ea88247,hodr,ea88247,steward_hardened_reinforced@deba9ec,steward_hardened_reinforced,deba9ec,longship,all_official,1,0,rating,a,a,1.0,core_destroyed,73,,9,260,8,16,9,150,7,16,ok,,3.709,n-62-12-1,29052208,2026-08-08T08:40:01+0200
9cbd0f46c1723f10,auto-a1214efd9c98,skadi@821d792,skadi,821d792,hodr@ea88247,hodr,ea88247,quarry,all_official,1,0,rating,b,b,0.0,core_destroyed,67,,36,310,8,22,18,300,8,22,ok,,3.917,n-62-31-24,29052208,2026-08-08T08:39:23+0200
9ce3a7b139afd234,auto-a1214efd9c98,skadi@aad5f44,skadi,aad5f44,hodr@ea88247,hodr,ea88247,nordkap,all_official,1,0,rating,a,a,1.0,titanium_collected,1000,,16,410,7,3,16,100,7,6,ok,,8.407,n-62-11-63,29052208,2026-08-08T08:39:32+0200
9cf718cec00042d0,auto-a1214efd9c98,hodr@ea88247,hodr,ea88247,steward_hardened_reinforced@c04e46e,steward_hardened_reinforced,c04e46e,antler,all_official,1,0,rating,b,b,0.0,core_destroyed,57,,31,300,6,13,19,240,8,13,ok,,3.211,n-62-11-55,29052208,2026-08-08T08:39:41+0200
9d01ecdd8917ce3c,auto-a1214efd9c98,tempest@90fc9f3,tempest,90fc9f3,hodr@ea88247,hodr,ea88247,fjord,all_official,1,0,rating,b,b,0.0,core_destroyed,58,,68,0,6,2,8,350,8,30,ok,,4.71,n-62-28-28,29052208,2026-08-08T08:40:45+0200
9d05a9a6d1005bc3,auto-a1214efd9c98,hodr@ea88247,hodr,ea88247,steward_hardened_reinforced@a994296,steward_hardened_reinforced,a994296,fjord,all_official,1,0,rating,a,a,1.0,core_destroyed,116,,14,770,9,15,17,600,6,15,ok,,3.808,n-62-31-20,29052208,2026-08-08T08:39:46+0200
9d076cd30c9b74e6,auto-a1214efd9c98,hodr@ea88247,hodr,ea88247,mimir@cfc1ec4,mimir,cfc1ec4,meander,all_official,1,0,rating,b,b,0.0,core_destroyed,361,,10,50,7,2,9,0,9,8,ok,,4.312,n-62-31-21,29052208,2026-08-08T08:38:40+0200
9d2f81c201575894,auto-a1214efd9c98,hodr@ea88247,hodr,ea88247,steward_hardened_reinforced@c04e46e,steward_hardened_reinforced,c04e46e,showdown,all_official,1,0,rating,a,a,1.0,core_destroyed,609,,9,250,7,24,10,200,6,2,ok,,5.549,n-62-11-68,29052208,2026-08-08T08:40:22+0200
9d341263c31bcb62,auto-a1214efd9c98,hodr@ea88247,hodr,ea88247,steward_hardened_reinforced@366cd1b,steward_hardened_reinforced,366cd1b,fjord,all_official,1,0,rating,a,a,1.0,core_destroyed,116,,14,770,9,15,17,600,6,15,ok,,3.687,n-62-29-17,29052208,2026-08-08T08:39:30+0200
9d75c75d352aab3d,auto-a1214efd9c98,tempest@90fc9f3,tempest,90fc9f3,hodr@ea88247,hodr,ea88247,skerry,all_official,1,0,rating,b,b,0.0,core_destroyed,58,,234,0,6,2,20,250,7,20,ok,,4.986,n-62-29-34,29052208,2026-08-08T08:40:43+0200
9d778f98463adc22,auto-a1214efd9c98,hodr@ea88247,hodr,ea88247,spar_mender@7ed1acc,spar_mender,7ed1acc,jackpot,all_official,1,0,rating,a,a,1.0,core_destroyed,213,,20,1000,12,26,123,1050,14,21,ok,,10.286,n-62-31-11,29052208,2026-08-08T08:39:28+0200
9d91e2a962090bbf,auto-a1214efd9c98,steward_reinforced@a8dc58a,steward_reinforced,a8dc58a,hodr@ea88247,hodr,ea88247,crossfire,all_official,1,0,rating,b,b,0.0,core_destroyed,118,,10,120,6,5,6,280,6,6,ok,,4.011,n-62-31-4,29052208,2026-08-08T08:40:09+0200
9d9a39d20fbc4d0f,auto-a1214efd9c98,hodr@ea88247,hodr,ea88247,steward_hardened_reinforced@c04e46e,steward_hardened_reinforced,c04e46e,sweden,all_official,1,0,rating,b,b,0.0,core_destroyed,493,,10,0,4,4,10,940,12,11,ok,,13.739,n-62-11-62,29052208,2026-08-08T08:40:40+0200
9da9de9bfaf8a596,auto-a1214efd9c98,ullr@7d1ab4e,ullr,7d1ab4e,hodr@ea88247,hodr,ea88247,meander,all_official,1,0,rating,b,b,0.0,core_destroyed,361,,10,50,7,2,9,0,9,8,ok,,5.655,n-62-11-68,29052208,2026-08-08T08:40:49+0200
9db7b4ccd6208ee9,auto-a1214efd9c98,odin@38e1456,odin,38e1456,hodr@ea88247,hodr,ea88247,pinch,all_official,1,0,rating,a,a,1.0,core_destroyed,102,,30,640,10,25,34,650,11,35,ok,,4.666,n-62-29-9,29052208,2026-08-08T08:39:00+0200
9de1dadfdd116d6e,auto-a1214efd9c98,hodr@ea88247,hodr,ea88247,pantheon_replica_day3@aa8bae0,pantheon_replica_day3,aa8bae0,saga,all_official,1,0,rating,b,b,0.0,core_destroyed,297,,7,200,6,16,10,690,10,17,ok,,5.945,n-62-31-18,29052208,2026-08-08T08:38:48+0200
9e0baea85c77a59b,auto-a1214efd9c98,prospect@bf9b3e3,prospect,bf9b3e3,hodr@ea88247,hodr,ea88247,strait,all_official,1,0,rating,b,b,0.0,core_destroyed,123,,3,50,9,6,10,270,6,10,ok,,3.778,n-62-11-51,29052208,2026-08-08T08:39:14+0200
9e2916f0a9970479,auto-a1214efd9c98,aegis@e55aab5,aegis,e55aab5,hodr@ea88247,hodr,ea88247,eider,all_official,1,0,rating,b,b,0.0,core_destroyed,39,,21,120,9,8,19,140,6,11,ok,,3.256,n-62-31-4,29052208,2026-08-08T08:38:21+0200
9e4a64c5d9e99b61,auto-a1214efd9c98,janus@8a1e7a1,janus,8a1e7a1,hodr@ea88247,hodr,ea88247,showdown,all_official,1,0,rating,a,a,1.0,titanium_collected,1000,,16,400,5,14,16,40,5,8,ok,,5.833,n-62-21-9,29052208,2026-08-08T08:38:05+0200
9e86eb083655651e,auto-a1214efd9c98,tempest_reinforcements@38f9c23,tempest_reinforcements,38f9c23,hodr@ea88247,hodr,ea88247,atoll,all_official,1,0,rating,b,b,0.0,core_destroyed,47,,7,100,9,5,9,180,8,9,ok,,3.51,n-62-31-7,29052208,2026-08-08T08:40:36+0200
9e9ef83a34abde34,auto-a1214efd9c98,maporacle@38e1456,maporacle,38e1456,hodr@ea88247,hodr,ea88247,crossfire,all_official,1,0,rating,b,b,0.0,core_destroyed,253,,80,2030,7,25,0,1250,15,26,ok,,7.2,n-62-21-64,29052208,2026-08-08T08:38:37+0200
9edac8108e0b89de,auto-a1214efd9c98,hodr@ea88247,hodr,ea88247,skadi@aad5f44,skadi,aad5f44,drumlin,all_official,1,0,rating,a,a,1.0,core_destroyed,73,,28,590,9,23,9,190,7,21,ok,,3.362,n-62-11-62,29052208,2026-08-08T08:39:07+0200
9f46268d8270ca00,auto-a1214efd9c98,steward_hardened_reinforced@a994296,steward_hardened_reinforced,a994296,hodr@ea88247,hodr,ea88247,eider,all_official,1,0,rating,a,a,1.0,core_destroyed,116,,29,730,11,15,21,820,8,24,ok,,5.033,n-62-31-20,29052208,2026-08-08T08:39:42+0200
9f4b09e7ccbd6f07,auto-a1214efd9c98,jotunn@6b39ebb,jotunn,6b39ebb,hodr@ea88247,hodr,ea88247,lighthouse,all_official,1,0,rating,b,b,0.0,core_destroyed,124,,46,320,9,12,28,880,7,30,ok,,3.665,n-62-12-65,29052208,2026-08-08T08:37:59+0200
9f51c611a486018c,auto-a1214efd9c98,casemate_oracle@90fc9f3,casemate_oracle,90fc9f3,hodr@ea88247,hodr,ea88247,jackpot,all_official,1,0,rating,b,b,0.0,core_destroyed,186,,527,0,2,15,20,820,14,24,ok,,5.605,n-62-31-9,29052208,2026-08-08T08:38:38+0200
9f649de7698fffa5,auto-a1214efd9c98,casemate_oracle@90fc9f3,casemate_oracle,90fc9f3,hodr@ea88247,hodr,ea88247,bridge,all_official,1,0,rating,b,b,0.0,core_destroyed,149,,620,0,1,2,10,0,6,16,ok,,3.52,n-62-21-92,29052208,2026-08-08T08:37:59+0200
9f6a599d698ea635,auto-a1214efd9c98,hodr@ea88247,hodr,ea88247,fenrir2@6b39ebb,fenrir2,6b39ebb,bridge,all_official,1,0,rating,b,b,0.0,titanium_collected,1000,,157,0,13,16,301,2940,9,10,ok,,19.785,n-62-29-21,29052208,2026-08-08T08:38:20+0200
9f8bec4976895f45,auto-a1214efd9c98,hodr@ea88247,hodr,ea88247,fenrir2@6b39ebb,fenrir2,6b39ebb,eider,all_official,1,0,rating,a,a,1.0,core_destroyed,757,,9,1870,10,8,2,1810,8,16,ok,,8.111,n-62-29-24,29052208,2026-08-08T08:37:59+0200
9fa2ae0e4b058b05,auto-a1214efd9c98,hodr@ea88247,hodr,ea88247,mimir@cfc1ec4,mimir,cfc1ec4,bridge,all_official,1,0,rating,b,b,0.0,titanium_stored,1000,,205,0,13,12,251,0,9,5,ok,,26.757,n-62-21-72,29052208,2026-08-08T08:38:51+0200
9fa46eafc0a270f3,auto-a1214efd9c98,hodr@ea88247,hodr,ea88247,prospect@bf9b3e3,prospect,bf9b3e3,aurora,all_official,1,0,rating,b,b,0.0,core_destroyed,67,,54,340,7,28,17,260,11,11,ok,,3.97,n-62-31-19,29052208,2026-08-08T08:39:18+0200
9fbc031c0ee9585d,auto-a1214efd9c98,hodr@ea88247,hodr,ea88247,maporacle@38e1456,maporacle,38e1456,jackpot,all_official,1,0,rating,a,a,1.0,core_destroyed,346,,42,1670,17,25,1217,1740,8,26,ok,,13.081,n-62-21-66,29052208,2026-08-08T08:38:04+0200
9fc9e42a7c35e164,auto-a1214efd9c98,hodr@ea88247,hodr,ea88247,steward_hardened_reinforced@a994296,steward_hardened_reinforced,a994296,drumlin,all_official,1,0,rating,b,b,0.0,core_destroyed,67,,24,200,7,17,9,350,7,17,ok,,3.294,n-62-31-18,29052208,2026-08-08T08:40:27+0200
a023550acb81d268,auto-a1214efd9c98,fenrir2@6b39ebb,fenrir2,6b39ebb,hodr@ea88247,hodr,ea88247,quarry,all_official,1,0,rating,b,b,0.0,core_destroyed,150,,8,180,4,13,36,920,9,22,ok,,4.256,n-62-29-31,29052208,2026-08-08T08:38:22+0200
a0286aa3a44f4d33,auto-a1214efd9c98,jonbot_190003d@90fc9f3,jonbot_190003d,90fc9f3,hodr@ea88247,hodr,ea88247,longship,all_official,1,0,rating,b,b,0.0,core_destroyed,77,,405,170,5,11,10,170,8,20,ok,,3.221,n-62-21-16,29052208,2026-08-08T08:38:25+0200
a02903dff8239bd2,auto-a1214efd9c98,odin@38e1456,odin,38e1456,hodr@ea88247,hodr,ea88247,antler,all_official,1,0,rating,a,a,1.0,core_destroyed,64,,18,270,6,10,204,270,5,6,ok,,2.841,n-62-29-15,29052208,2026-08-08T08:39:03+0200
a040f86a22ade8d3,auto-a1214efd9c98,hodr@ea88247,hodr,ea88247,fenrir2@6b39ebb,fenrir2,6b39ebb,runestone,all_official,1,0,rating,a,a,1.0,core_destroyed,105,,6,400,8,25,10,360,8,20,ok,,4.268,n-62-29-31,29052208,2026-08-08T08:38:26+0200
a04354e57ed830dc,auto-a1214efd9c98,hodr@ea88247,hodr,ea88247,jonbot_190003d@90fc9f3,jonbot_190003d,90fc9f3,quarry,all_official,1,0,rating,a,a,1.0,core_destroyed,63,,20,290,8,30,386,220,5,19,ok,,2.959,n-62-21-18,29052208,2026-08-08T08:38:29+0200
a05708f213aabd55,auto-a1214efd9c98,spar_mender@d5b46bc,spar_mender,d5b46bc,hodr@ea88247,hodr,ea88247,meander,all_official,1,0,rating,b,b,0.0,core_destroyed,693,,10,0,10,3,9,20,7,5,ok,,7.055,n-62-29-13,29052208,2026-08-08T08:39:41+0200
a06f25a71df9d2a0,auto-a1214efd9c98,janus@8a1e7a1,janus,8a1e7a1,hodr@ea88247,hodr,ea88247,nordkap,all_official,1,0,rating,b,b,0.0,core_destroyed,49,,10,100,9,6,9,90,7,7,ok,,3.72,n-62-21-6,29052208,2026-08-08T08:38:00+0200
a09106c1a8e7d8a2,auto-a1214efd9c98,casemate_oracle@90fc9f3,casemate_oracle,90fc9f3,hodr@ea88247,hodr,ea88247,quarry,all_official,1,0,rating,b,b,0.0,core_destroyed,77,,10,0,6,39,21,370,9,18,ok,,6.235,n-62-31-11,29052208,2026-08-08T08:38:16+0200
a095bba58c885c8a,auto-a1214efd9c98,hodr@ea88247,hodr,ea88247,e_t4l7@9e77076,e_t4l7,9e77076,strait,all_official,1,0,rating,a,a,1.0,core_destroyed,93,,48,540,9,30,68,330,5,36,ok,,3.544,n-62-29-15,29052208,2026-08-08T08:38:10+0200
a0c43c1bd86b92a0,auto-a1214efd9c98,hodr@ea88247,hodr,ea88247,jonbot@90fc9f3,jonbot,90fc9f3,meander,all_official,1,0,rating,a,a,1.0,core_destroyed,132,,17,270,5,13,66,0,5,9,ok,,3.324,n-62-21-10,29052208,2026-08-08T08:38:14+0200
a0c8b35b1299da58,auto-a1214efd9c98,hodr@ea88247,hodr,ea88247,steward_relent@7ed1acc,steward_relent,7ed1acc,vault,all_official,1,0,rating,b,b,0.0,core_destroyed,131,,8,430,11,13,9,610,9,21,ok,,4.594,n-62-11-63,29052208,2026-08-08T08:40:15+0200
a0e3a7d20079503b,auto-a1214efd9c98,odin@38e1456,odin,38e1456,hodr@ea88247,hodr,ea88247,atoll,all_official,1,0,rating,b,b,0.0,core_destroyed,173,,9,820,9,20,34,810,10,10,ok,,5.321,n-62-29-15,29052208,2026-08-08T08:39:22+0200
a1358f49f157de10,auto-a1214efd9c98,hodr@ea88247,hodr,ea88247,skadi@6a2af02,skadi,6a2af02,eider,all_official,1,0,rating,a,a,1.0,titanium_collected,1000,,20,2480,8,11,12,0,6,7,ok,,8.209,n-62-21-8,29052208,2026-08-08T08:39:10+0200
a148b5ccb72ea784,auto-a1214efd9c98,aegis@e55aab5,aegis,e55aab5,hodr@ea88247,hodr,ea88247,longship,all_official,1,0,rating,b,b,0.0,core_destroyed,83,,51,330,9,26,33,440,8,24,ok,,4.072,n-62-31-22,29052208,2026-08-08T08:37:59+0200
a17978c9453c5ca1,auto-a1214efd9c98,steward_reinforced@a8dc58a,steward_reinforced,a8dc58a,hodr@ea88247,hodr,ea88247,sprint,all_official,1,0,rating,b,b,0.0,titanium_collected,1000,,16,0,6,5,16,90,6,5,ok,,7.18,n-62-31-24,29052208,2026-08-08T08:40:25+0200
a1970d3c6b6d8ea3,auto-a1214efd9c98,hodr@ea88247,hodr,ea88247,mistral@90fc9f3,mistral,90fc9f3,moonrise,all_official,1,0,rating,a,a,1.0,core_destroyed,49,,20,80,5,8,56,0,9,0,ok,,3.432,n-62-11-62,29052208,2026-08-08T08:38:36+0200
a19daf504452bd94,auto-a1214efd9c98,mimir@cfc1ec4,mimir,cfc1ec4,hodr@ea88247,hodr,ea88247,pinch,all_official,1,0,rating,a,a,1.0,core_destroyed,201,,8,480,8,8,9,480,7,6,ok,,3.132,n-62-31-21,29052208,2026-08-08T08:39:14+0200
a1a1642bb190e3e9,auto-a1214efd9c98,tempest_reinforcements@025dd51,tempest_reinforcements,025dd51,hodr@ea88247,hodr,ea88247,sprint,all_official,1,0,rating,a,a,1.0,core_destroyed,353,,59,10,6,3,10,510,8,15,ok,,5.413,n-62-31-5,29052208,2026-08-08T08:40:49+0200
a1b0ff5f7b3a87a1,auto-a1214efd9c98,hodr@ea88247,hodr,ea88247,spar_mender@7ed1acc,spar_mender,7ed1acc,fjord,all_official,1,0,rating,b,b,0.0,core_destroyed,167,,57,1160,14,25,52,1170,12,17,ok,,8.442,n-62-31-10,29052208,2026-08-08T08:39:43+0200
a1bcb1d7c46f6600,auto-a1214efd9c98,hodr@ea88247,hodr,ea88247,mistral@90fc9f3,mistral,90fc9f3,fjordgate,all_official,1,0,rating,a,a,1.0,core_destroyed,77,,151,230,5,16,60,0,11,0,ok,,4.313,n-62-11-60,29052208,2026-08-08T08:39:08+0200
a1be6c4fc5a002cf,auto-a1214efd9c98,pantheon_replica_day3@aa8bae0,pantheon_replica_day3,aa8bae0,hodr@ea88247,hodr,ea88247,string,all_official,1,0,rating,a,a,1.0,titanium_collected,1000,,1159,2540,5,12,39,2490,10,4,ok,,32.427,n-62-31-20,29052208,2026-08-08T08:39:34+0200
a1c5b72576a49f20,auto-a1214efd9c98,jonbot_190003d@90fc9f3,jonbot_190003d,90fc9f3,hodr@ea88247,hodr,ea88247,eider,all_official,1,0,rating,b,b,0.0,core_destroyed,53,,57,310,8,20,9,180,7,12,ok,,3.605,n-62-21-15,29052208,2026-08-08T08:38:07+0200
a1c8f009fba4e747,auto-a1214efd9c98,steward_hardened_reinforced@366cd1b,steward_hardened_reinforced,366cd1b,hodr@ea88247,hodr,ea88247,hive,all_official,1,0,rating,b,b,0.0,core_destroyed,82,,8,180,9,18,8,240,8,22,ok,,3.546,n-62-29-17,29052208,2026-08-08T08:40:07+0200
a1f865efebb92a3f,auto-a1214efd9c98,bastion@840a180,bastion,840a180,hodr@ea88247,hodr,ea88247,jackpot,all_official,1,0,rating,a,a,1.0,core_destroyed,165,,43,720,9,27,9,0,8,2,ok,,5.074,n-62-11-62,29052208,2026-08-08T08:38:17+0200
a20a94f8060f6dd1,auto-a1214efd9c98,hodr@ea88247,hodr,ea88247,heimdall@daf0de0,heimdall,daf0de0,heart,all_official,1,0,rating,a,a,1.0,core_destroyed,292,,20,810,14,18,20,0,4,6,ok,,9.463,n-62-12-2,29052208,2026-08-08T08:38:00+0200
a20b92a2c67d8928,auto-a1214efd9c98,pantheon_replica_day3@aa8bae0,pantheon_replica_day3,aa8bae0,hodr@ea88247,hodr,ea88247,drumlin,all_official,1,0,rating,b,b,0.0,core_destroyed,47,,10,100,8,14,19,220,7,19,ok,,3.533,n-62-31-13,29052208,2026-08-08T08:39:26+0200
a2115179decb1777,auto-a1214efd9c98,prospect@bf9b3e3,prospect,bf9b3e3,hodr@ea88247,hodr,ea88247,hive,all_official,1,0,rating,a,a,1.0,core_destroyed,65,,9,220,9,13,45,220,6,22,ok,,3.407,n-62-11-50,29052208,2026-08-08T08:39:14+0200
a2279e21869f7125,auto-a1214efd9c98,gobbleglitch@6cdc440,gobbleglitch,6cdc440,hodr@ea88247,hodr,ea88247,vase,all_official,1,0,rating,b,b,0.0,core_destroyed,434,,60,0,4,0,8,0,11,6,ok,,5.434,n-62-12-5,29052208,2026-08-08T08:38:32+0200
a23b4e38e55f709d,auto-a1214efd9c98,skadi@821d792,skadi,821d792,hodr@ea88247,hodr,ea88247,runestone,all_official,1,0,rating,b,b,0.0,core_destroyed,89,,52,350,9,15,53,460,7,31,ok,,4.247,n-62-31-24,29052208,2026-08-08T08:39:31+0200
a24bfe596501a4bb,auto-a1214efd9c98,hodr@ea88247,hodr,ea88247,jotunn@6b39ebb,jotunn,6b39ebb,heart,all_official,1,0,rating,a,a,1.0,core_destroyed,837,,10,0,6,16,37,3520,16,59,ok,,11.974,n-62-13-7,29052208,2026-08-08T08:38:24+0200
a253e869eb5a8f72,auto-a1214efd9c98,heimdall@daf0de0,heimdall,daf0de0,hodr@ea88247,hodr,ea88247,twins,all_official,1,0,rating,b,b,0.0,core_destroyed,101,,173,580,10,32,4,220,6,18,ok,,3.804,n-62-12-6,29052208,2026-08-08T08:38:59+0200
a256fe729e1ad9d7,auto-a1214efd9c98,hodr@ea88247,hodr,ea88247,gobbleglitch@6cdc440,gobbleglitch,6cdc440,meander,all_official,1,0,rating,a,a,1.0,core_destroyed,138,,48,150,4,11,59,150,7,8,ok,,2.737,n-62-21-89,29052208,2026-08-08T08:38:08+0200
a27332e01a1ffa21,auto-a1214efd9c98,hodr@ea88247,hodr,ea88247,skadi@aad5f44,skadi,aad5f44,archipelago,all_official,1,0,rating,a,a,1.0,core_destroyed,82,,16,480,8,28,15,430,6,17,ok,,3.733,n-62-11-68,29052208,2026-08-08T08:39:08+0200
a278fbb462896a96,auto-a1214efd9c98,hodr@ea88247,hodr,ea88247,heimdall@daf0de0,heimdall,daf0de0,pinch,all_official,1,0,rating,a,a,1.0,core_destroyed,112,,45,490,7,16,10,150,9,16,ok,,3.693,n-62-12-3,29052208,2026-08-08T08:38:18+0200
a279330025068567,auto-a1214efd9c98,hodr@ea88247,hodr,ea88247,ragnarok_fair@79582fc,ragnarok_fair,79582fc,bridge,all_official,1,0,rating,b,b,0.0,core_destroyed,165,,80,0,10,11,10,10,6,9,ok,,5.368,n-62-21-1,29052208,2026-08-08T08:39:03+0200
a2f4c17ace477018,auto-a1214efd9c98,hodr@ea88247,hodr,ea88247,steward_hardened_reinforced@366cd1b,steward_hardened_reinforced,366cd1b,saga,all_official,1,0,rating,b,b,0.0,core_destroyed,79,,8,250,8,29,9,360,8,23,ok,,4.615,n-62-30-24,29052208,2026-08-08T08:40:11+0200
a316106a3aa85430,auto-a1214efd9c98,e_t4l7@9e77076,e_t4l7,9e77076,hodr@ea88247,hodr,ea88247,antler,all_official,1,0,rating,a,a,1.0,titanium_collected,1000,,2517,2650,10,10,16,2490,8,10,ok,,9.751,n-62-21-98,29052208,2026-08-08T08:39:05+0200
a33c1eb6b02a4ba4,auto-a1214efd9c98,mjolnir@2e6c876,mjolnir,2e6c876,hodr@ea88247,hodr,ea88247,drumlin,all_official,1,0,rating,b,b,0.0,core_destroyed,50,,36,140,7,24,30,250,8,19,ok,,2.902,n-62-11-63,29052208,2026-08-08T08:39:44+0200
a3a304542750c24d,auto-a1214efd9c98,odin@93e46da,odin,93e46da,hodr@ea88247,hodr,ea88247,lighthouse,all_official,1,0,rating,b,b,0.0,core_destroyed,164,,16,120,5,5,46,1220,10,37,ok,,4.332,n-62-29-5,29052208,2026-08-08T08:39:47+0200
a3b804c5e481d23a,auto-a1214efd9c98,hodr@ea88247,hodr,ea88247,maporacle@38e1456,maporacle,38e1456,archipelago,all_official,1,0,rating,a,a,1.0,core_destroyed,73,,19,410,10,28,10,80,8,22,ok,,4.287,n-62-21-63,29052208,2026-08-08T08:38:21+0200
a417d0ff62be6d6d,auto-a1214efd9c98,hodr@ea88247,hodr,ea88247,fenrir2@6b39ebb,fenrir2,6b39ebb,lighthouse,all_official,1,0,rating,a,a,1.0,core_destroyed,87,,6,360,8,11,11,190,6,8,ok,,3.779,n-62-29-9,29052208,2026-08-08T08:38:29+0200
a420fad00c940842,auto-a1214efd9c98,odin@93e46da,odin,93e46da,hodr@ea88247,hodr,ea88247,saga,all_official,1,0,rating,b,b,0.0,core_destroyed,108,,57,540,6,25,34,510,9,23,ok,,4.864,n-62-30-23,29052208,2026-08-08T08:39:06+0200
a441a57c0b49c8cb,auto-a1214efd9c98,mimir@cfc1ec4,mimir,cfc1ec4,hodr@ea88247,hodr,ea88247,drumlin,all_official,1,0,rating,b,b,0.0,core_destroyed,67,,24,200,7,17,9,350,7,17,ok,,3.357,n-62-31-5,29052208,2026-08-08T08:38:48+0200
a44f52d23983049e,auto-a1214efd9c98,hodr@ea88247,hodr,ea88247,steward_hardened_reinforced@f61245f,steward_hardened_reinforced,f61245f,sprint,all_official,1,0,rating,b,b,0.0,core_destroyed,204,,16,20,5,6,19,480,5,8,ok,,3.313,n-62-31-5,29052208,2026-08-08T08:40:30+0200
a45d61ef3c3e3bc3,auto-a1214efd9c98,pantheon_replica_day3@aa8bae0,pantheon_replica_day3,aa8bae0,hodr@ea88247,hodr,ea88247,showdown,all_official,1,0,rating,b,b,0.0,core_destroyed,62,,10,0,9,9,7,200,6,21,ok,,3.492,n-62-31-18,29052208,2026-08-08T08:38:59+0200
a4662b341ee4d544,auto-a1214efd9c98,hodr@ea88247,hodr,ea88247,jonbot@90fc9f3,jonbot,90fc9f3,twins,all_official,1,0,rating,a,a,1.0,core_destroyed,165,,10,390,9,8,59,30,6,15,ok,,4.275,n-62-21-8,29052208,2026-08-08T08:37:55+0200
a46f566d812d4ce5,auto-a1214efd9c98,hodr@ea88247,hodr,ea88247,jonbot@90fc9f3,jonbot,90fc9f3,sweden,all_official,1,0,rating,a,a,1.0,core_destroyed,321,,30,710,12,19,561,0,5,5,ok,,8.422,n-62-21-24,29052208,2026-08-08T08:38:50+0200
a47c0098032e5282,auto-a1214efd9c98,mistral@90fc9f3,mistral,90fc9f3,hodr@ea88247,hodr,ea88247,drumlin,all_official,1,0,rating,b,b,0.0,core_destroyed,46,,194,0,7,0,19,210,7,24,ok,,5.597,n-62-11-67,29052208,2026-08-08T08:39:30+0200
a48e34e79a67a307,auto-a1214efd9c98,njord@f66a427,njord,f66a427,hodr@ea88247,hodr,ea88247,drumlin,all_official,1,0,rating,b,b,0.0,core_destroyed,67,,24,200,7,17,9,350,7,17,ok,,3.563,n-62-28-28,29052208,2026-08-08T08:38:43+0200
a4c09555557c20ed,auto-a1214efd9c98,hodr@ea88247,hodr,ea88247,steward_hardened_reinforced@366cd1b,steward_hardened_reinforced,366cd1b,atoll,all_official,1,0,rating,a,a,1.0,core_destroyed,91,,13,400,8,17,16,400,9,8,ok,,4.069,n-62-29-34,29052208,2026-08-08T08:39:56+0200
a4d1445628bf36be,auto-a1214efd9c98,hodr@ea88247,hodr,ea88247,strategist@2a19238,strategist,2a19238,twins,all_official,1,0,rating,a,a,1.0,core_destroyed,269,,8,1180,8,21,934,1270,9,38,ok,,4.32,n-62-29-24,29052208,2026-08-08T08:40:35+0200
a5122d56e406ad80,auto-a1214efd9c98,mistral@90fc9f3,mistral,90fc9f3,hodr@ea88247,hodr,ea88247,showdown,all_official,1,0,rating,b,b,0.0,core_destroyed,57,,52,0,9,0,9,90,7,9,ok,,4.271,n-62-11-61,29052208,2026-08-08T08:38:58+0200
a51851160ee81ca6,auto-a1214efd9c98,hodr@ea88247,hodr,ea88247,e_t4l7@9e77076,e_t4l7,9e77076,vase,all_official,1,0,rating,a,a,1.0,titanium_collected,1000,,48,2460,7,14,1440,80,4,23,ok,,8.096,n-62-29-16,29052208,2026-08-08T08:37:59+0200
a559d0944002b60e,auto-a1214efd9c98,hodr@ea88247,hodr,ea88247,skadi@821d792,skadi,821d792,drumlin,all_official,1,0,rating,a,a,1.0,core_destroyed,73,,28,590,9,23,9,190,7,21,ok,,3.57,n-62-31-23,29052208,2026-08-08T08:40:02+0200
a583165583fba1ae,auto-a1214efd9c98,jotunn@6b39ebb,jotunn,6b39ebb,hodr@ea88247,hodr,ea88247,snowflake,all_official,1,0,rating,b,b,0.0,core_destroyed,701,,38,3420,12,14,20,3260,13,46,ok,,23.108,n-62-21-55,29052208,2026-08-08T08:38:38+0200
a5846fd308d82e10,auto-a1214efd9c98,steward_hardened_reinforced@c04e46e,steward_hardened_reinforced,c04e46e,hodr@ea88247,hodr,ea88247,antler,all_official,1,0,rating,b,b,0.0,core_destroyed,56,,20,290,6,13,18,230,8,14,ok,,3.307,n-62-11-55,29052208,2026-08-08T08:39:44+0200
a594b2cad9220ce5,auto-a1214efd9c98,hodr@ea88247,hodr,ea88247,freyr@c2c0d3d,freyr,c2c0d3d,moonrise,all_official,1,0,rating,a,a,1.0,core_destroyed,175,,9,800,10,14,7,70,4,3,ok,,5.12,n-62-30-24,29052208,2026-08-08T08:38:16+0200
a5955a8e7293b74f,auto-a1214efd9c98,ragnarok_fair@79582fc,ragnarok_fair,79582fc,hodr@ea88247,hodr,ea88247,sprint,all_official,1,0,rating,b,b,0.0,titanium_collected,1000,,20,0,8,1,16,50,6,3,ok,,6.291,n-62-21-2,29052208,2026-08-08T08:39:29+0200
a59a3833aaaf251c,auto-a1214efd9c98,hodr@ea88247,hodr,ea88247,freyr@c2c0d3d,freyr,c2c0d3d,lighthouse,all_official,1,0,rating,a,a,1.0,core_destroyed,397,,9,440,8,8,10,230,7,9,ok,,4.675,n-62-29-17,29052208,2026-08-08T08:39:35+0200
a5a87c218c4429d0,auto-a1214efd9c98,hodr@ea88247,hodr,ea88247,steward_hardened_reinforced@672ee02,steward_hardened_reinforced,672ee02,hive,all_official,1,0,rating,b,b,0.0,core_destroyed,70,,10,150,9,20,8,250,9,22,ok,,4.17,n-62-31-4,29052208,2026-08-08T08:39:48+0200
a5c47357133f77da,auto-a1214efd9c98,hodr@ea88247,hodr,ea88247,jotunn@6b39ebb,jotunn,6b39ebb,aurora,all_official,1,0,rating,a,a,1.0,core_destroyed,203,,30,2330,19,49,0,1600,9,30,ok,,9.038,n-62-21-23,29052208,2026-08-08T08:39:16+0200
a5ccfa83121a5a11,auto-a1214efd9c98,fenrir2@6b39ebb,fenrir2,6b39ebb,hodr@ea88247,hodr,ea88247,saga,all_official,1,0,rating,b,b,0.0,core_destroyed,108,,57,540,6,25,34,510,9,23,ok,,4.86,n-62-29-31,29052208,2026-08-08T08:38:40+0200
a5ce1932ab1239b3,auto-a1214efd9c98,steward_hardened_reinforced@c04e46e,steward_hardened_reinforced,c04e46e,hodr@ea88247,hodr,ea88247,drumlin,all_official,1,0,rating,b,b,0.0,core_destroyed,67,,24,200,7,17,9,350,7,17,ok,,3.087,n-62-11-50,29052208,2026-08-08T08:39:51+0200
a5d78018bca59e6b,auto-a1214efd9c98,steward_hardened_reinforced@366cd1b,steward_hardened_reinforced,366cd1b,hodr@ea88247,hodr,ea88247,atoll,all_official,1,0,rating,a,a,1.0,core_destroyed,91,,13,400,8,17,16,400,9,8,ok,,4.059,n-62-29-34,29052208,2026-08-08T08:40:01+0200
a5e2272a5f86895a,auto-a1214efd9c98,hodr@ea88247,hodr,ea88247,odin@93e46da,odin,93e46da,sprint,all_official,1,0,rating,a,a,1.0,core_destroyed,140,,20,180,6,13,20,0,6,0,ok,,3.726,n-62-30-24,29052208,2026-08-08T08:38:52+0200
a5ee470e661b6f35,auto-a1214efd9c98,strategist@2e6eca5,strategist,2e6eca5,hodr@ea88247,hodr,ea88247,archipelago,all_official,1,0,rating,b,b,0.0,titanium_collected,1000,,2320,2840,5,19,26,4840,7,32,ok,,10.561,n-62-29-31,29052208,2026-08-08T08:40:33+0200
a5f4cefff080a481,auto-a1214efd9c98,hodr@ea88247,hodr,ea88247,prospect@bf9b3e3,prospect,bf9b3e3,quarry,all_official,1,0,rating,b,b,0.0,core_destroyed,66,,18,300,7,29,20,330,9,16,ok,,3.476,n-62-11-57,29052208,2026-08-08T08:38:55+0200
a6397e7a8f108d77,auto-a1214efd9c98,hodr@ea88247,hodr,ea88247,spar_mender@d5b46bc,spar_mender,d5b46bc,drumlin,all_official,1,0,rating,a,a,1.0,core_destroyed,57,,33,430,7,25,45,270,9,20,ok,,3.673,n-62-28-33,29052208,2026-08-08T08:39:39+0200
a64888234c5454da,auto-a1214efd9c98,mimir@cfc1ec4,mimir,cfc1ec4,hodr@ea88247,hodr,ea88247,skerry,all_official,1,0,rating,b,b,0.0,core_destroyed,143,,12,990,14,11,4,400,6,17,ok,,5.152,n-62-31-22,29052208,2026-08-08T08:39:26+0200
a665150cc029b5fe,auto-a1214efd9c98,odin@93e46da,odin,93e46da,hodr@ea88247,hodr,ea88247,archipelago,all_official,1,0,rating,b,b,0.0,core_destroyed,80,,34,540,9,32,25,240,9,14,ok,,4.052,n-62-29-27,29052208,2026-08-08T08:38:54+0200
a678d208fc597fed,auto-a1214efd9c98,lockin@90fc9f3,lockin,90fc9f3,hodr@ea88247,hodr,ea88247,longship,all_official,1,0,rating,b,b,0.0,core_destroyed,62,,131,130,11,6,10,190,7,32,ok,,6.258,n-62-21-59,29052208,2026-08-08T08:38:33+0200
a681bae9b1913b27,auto-a1214efd9c98,hodr@ea88247,hodr,ea88247,steward_hardened_reinforced@f1f2bda,steward_hardened_reinforced,f1f2bda,runestone,all_official,1,0,rating,a,a,1.0,core_destroyed,317,,9,50,8,17,10,260,8,17,ok,,4.675,n-62-12-4,29052208,2026-08-08T08:39:53+0200
a6820c637b847f60,auto-a1214efd9c98,skadi@6a2af02,skadi,6a2af02,hodr@ea88247,hodr,ea88247,skerry,all_official,1,0,rating,a,a,1.0,core_destroyed,93,,9,430,9,12,33,580,6,23,ok,,4.247,n-62-31-4,29052208,2026-08-08T08:39:42+0200
a6adddf7d64dff2f,auto-a1214efd9c98,hodr@ea88247,hodr,ea88247,pantheon_replica_day3@aa8bae0,pantheon_replica_day3,aa8bae0,sprint,all_official,1,0,rating,a,a,1.0,core_destroyed,129,,10,270,6,14,33,0,7,16,ok,,3.818,n-62-31-18,29052208,2026-08-08T08:39:19+0200
a6bb08b25d233f85,auto-a1214efd9c98,jonbot_190003d@90fc9f3,jonbot_190003d,90fc9f3,hodr@ea88247,hodr,ea88247,showdown,all_official,1,0,rating,b,b,0.0,core_destroyed,805,,318,960,8,17,8,50,5,19,ok,,5.607,n-62-21-19,29052208,2026-08-08T08:38:14+0200
a6cd312fa6837388,auto-a1214efd9c98,casemate_oracle@90fc9f3,casemate_oracle,90fc9f3,hodr@ea88247,hodr,ea88247,snowflake,all_official,1,0,rating,b,b,0.0,core_destroyed,121,,116,0,6,14,8,280,7,15,ok,,5.171,n-62-21-97,29052208,2026-08-08T08:38:13+0200
a6e45205937836b5,auto-a1214efd9c98,tempest@90fc9f3,tempest,90fc9f3,hodr@ea88247,hodr,ea88247,lighthouse,all_official,1,0,rating,b,b,0.0,core_destroyed,65,,59,0,7,3,18,360,8,11,ok,,4.041,n-62-29-5,29052208,2026-08-08T08:40:44+0200
a6e48c57e27ca948,auto-a1214efd9c98,hodr@ea88247,hodr,ea88247,aegis@e55aab5,aegis,e55aab5,lighthouse,all_official,1,0,rating,a,a,1.0,core_destroyed,88,,32,360,7,14,22,50,8,5,ok,,3.032,n-62-31-21,29052208,2026-08-08T08:38:25+0200
a6ea68a258420b26,auto-a1214efd9c98,hodr@ea88247,hodr,ea88247,steward_relent@7ed1acc,steward_relent,7ed1acc,snowflake,all_official,1,0,rating,a,a,1.0,core_destroyed,65,,43,550,9,22,7,140,8,11,ok,,3.424,n-62-11-62,29052208,2026-08-08T08:40:39+0200
a6eb6268171156f5,auto-a1214efd9c98,hodr@ea88247,hodr,ea88247,strategist@2a19238,strategist,2a19238,heart,all_official,1,0,rating,a,a,1.0,core_destroyed,76,,20,200,6,22,10,0,5,37,ok,,2.494,n-62-21-92,29052208,2026-08-08T08:40:48+0200
a6f8b10d1a097557,auto-a1214efd9c98,odin@93e46da,odin,93e46da,hodr@ea88247,hodr,ea88247,crossfire,all_official,1,0,rating,a,a,1.0,core_destroyed,121,,45,550,8,11,38,550,10,15,ok,,4.975,n-62-29-34,29052208,2026-08-08T08:38:50+0200
a707d44bdca9e178,auto-a1214efd9c98,hodr@ea88247,hodr,ea88247,skadi@1e4eddf,skadi,1e4eddf,showdown,all_official,1,0,rating,a,a,1.0,titanium_collected,1000,,16,120,3,12,18,0,6,1,ok,,5.672,n-62-21-10,29052208,2026-08-08T08:39:34+0200
a729abc28f3651bc,auto-a1214efd9c98,hodr@ea88247,hodr,ea88247,prospect_rushonly@bf9b3e3,prospect_rushonly,bf9b3e3,fjord,all_official,1,0,rating,a,a,1.0,core_destroyed,84,,34,530,8,22,10,390,10,13,ok,,3.867,n-62-12-1,29052208,2026-08-08T08:39:09+0200
a73845fff6bf0983,auto-a1214efd9c98,hodr@ea88247,hodr,ea88247,odin@38e1456,odin,38e1456,skerry,all_official,1,0,rating,b,b,0.0,core_destroyed,105,,43,700,9,18,9,500,4,16,ok,,4.267,n-62-29-31,29052208,2026-08-08T08:38:50+0200
a73bcb7fa2946200,auto-a1214efd9c98,hodr@ea88247,hodr,ea88247,aegis@e55aab5,aegis,e55aab5,longship,all_official,1,0,rating,a,a,1.0,core_destroyed,55,,17,170,8,16,4,110,9,16,ok,,3.955,n-62-31-22,29052208,2026-08-08T08:37:55+0200
a766360d6b238fa6,auto-a1214efd9c98,aegis@e55aab5,aegis,e55aab5,hodr@ea88247,hodr,ea88247,showdown,all_official,1,0,rating,a,a,1.0,core_destroyed,61,,10,0,8,1,254,40,4,8,ok,,3.177,n-62-31-23,29052208,2026-08-08T08:38:27+0200
a772ab344e27e9d8,auto-a1214efd9c98,bastion@840a180,bastion,840a180,hodr@ea88247,hodr,ea88247,hive,all_official,1,0,rating,b,b,0.0,core_destroyed,95,,28,420,11,37,20,430,8,32,ok,,4.071,n-62-11-62,29052208,2026-08-08T08:37:59+0200
a77e8e99226b2e58,auto-a1214efd9c98,hodr@ea88247,hodr,ea88247,bastion@840a180,bastion,840a180,meander,all_official,1,0,rating,a,a,1.0,core_destroyed,145,,9,20,8,6,10,0,9,6,ok,,3.446,n-62-11-62,29052208,2026-08-08T08:38:35+0200
a7a084e0df4ef99a,auto-a1214efd9c98,hodr@ea88247,hodr,ea88247,strategist@2e6eca5,strategist,2e6eca5,drumlin,all_official,1,0,rating,a,a,1.0,core_destroyed,85,,28,850,8,44,110,280,8,28,ok,,3.988,n-62-31-11,29052208,2026-08-08T08:40:23+0200
a7b1bd0ddf3a9691,auto-a1214efd9c98,hodr@ea88247,hodr,ea88247,steward_hardened_reinforced@f1f2bda,steward_hardened_reinforced,f1f2bda,heart,all_official,1,0,rating,a,a,1.0,titanium_stored,1000,,17,0,8,1,16,0,6,1,ok,,11.473,n-62-21-97,29052208,2026-08-08T08:40:00+0200
a7b1e95515a8a93c,auto-a1214efd9c98,steward_hardened_reinforced@a994296,steward_hardened_reinforced,a994296,hodr@ea88247,hodr,ea88247,string,all_official,1,0,rating,b,b,0.0,core_destroyed,247,,59,30,1,2,47,1710,14,12,ok,,7.203,n-62-11-60,29052208,2026-08-08T08:39:48+0200
a7cc7372518aaa30,auto-a1214efd9c98,casemate_oracle@90fc9f3,casemate_oracle,90fc9f3,hodr@ea88247,hodr,ea88247,moonrise,all_official,1,0,rating,b,b,0.0,titanium_collected,1000,,151,0,4,10,18,2480,8,10,ok,,11.038,n-62-31-10,29052208,2026-08-08T08:38:39+0200
a7ef4c05171a8807,auto-a1214efd9c98,odin@38e1456,odin,38e1456,hodr@ea88247,hodr,ea88247,fjordgate,all_official,1,0,rating,b,b,0.0,core_destroyed,418,,31,0,5,0,10,30,7,1,ok,,5.76,n-62-29-21,29052208,2026-08-08T08:39:09+0200
a80acc73e8bfd2d3,auto-a1214efd9c98,hodr@ea88247,hodr,ea88247,ragnarok_fair@79582fc,ragnarok_fair,79582fc,twins,all_official,1,0,rating,a,a,1.0,core_destroyed,157,,8,450,9,10,9,90,8,8,ok,,4.634,n-62-21-6,29052208,2026-08-08T08:39:40+0200
a8120d2a363f6d62,auto-a1214efd9c98,hodr@ea88247,hodr,ea88247,undertow@fdc1e1f,undertow,fdc1e1f,jackpot,all_official,1,0,rating,a,a,1.0,core_destroyed,254,,8,1200,9,26,1099,1220,4,15,ok,,6.973,n-62-11-62,29052208,2026-08-08T08:40:47+0200
a8123a6343fd9582,auto-a1214efd9c98,tempest_reinforcements@38f9c23,tempest_reinforcements,38f9c23,hodr@ea88247,hodr,ea88247,aurora,all_official,1,0,rating,b,b,0.0,core_destroyed,71,,7,250,11,13,9,260,8,18,ok,,4.346,n-62-31-7,29052208,2026-08-08T08:40:45+0200
a8192a9231d5924a,auto-a1214efd9c98,fenrir2@6b39ebb,fenrir2,6b39ebb,hodr@ea88247,hodr,ea88247,crossfire,all_official,1,0,rating,a,a,1.0,core_destroyed,121,,45,550,8,11,38,550,10,15,ok,,4.977,n-62-29-21,29052208,2026-08-08T08:38:50+0200
a81c566d218ed78a,auto-a1214efd9c98,hodr@ea88247,hodr,ea88247,steward_hardened_reinforced@672ee02,steward_hardened_reinforced,672ee02,skerry,all_official,1,0,rating,a,a,1.0,core_destroyed,115,,55,780,10,12,4,330,8,14,ok,,4.642,n-62-31-23,29052208,2026-08-08T08:40:09+0200
a84144aa32612eb1,auto-a1214efd9c98,e_t4l7@9e77076,e_t4l7,9e77076,hodr@ea88247,hodr,ea88247,skerry,all_official,1,0,rating,b,b,0.0,core_destroyed,128,,174,720,4,39,35,850,8,34,ok,,3.584,n-62-29-13,29052208,2026-08-08T08:38:47+0200
a842827e7eb36772,auto-a1214efd9c98,strategist@2e6eca5,strategist,2e6eca5,hodr@ea88247,hodr,ea88247,eider,all_official,1,0,rating,b,b,0.0,core_destroyed,153,,171,390,3,20,24,1310,8,41,ok,,4.462,n-62-31-11,29052208,2026-08-08T08:40:50+0200
a8a00f3ff6c724f2,auto-a1214efd9c98,heimdall@daf0de0,heimdall,daf0de0,hodr@ea88247,hodr,ea88247,aurora,all_official,1,0,rating,a,a,1.0,core_destroyed,125,,9,380,9,24,9,260,9,20,ok,,3.979,n-62-12-7,29052208,2026-08-08T08:38:16+0200
a8ac58c3fe2cea42,auto-a1214efd9c98,hodr@ea88247,hodr,ea88247,steward_hardened_reinforced@deba9ec,steward_hardened_reinforced,deba9ec,heart,all_official,1,0,rating,a,a,1.0,titanium_collected,1000,,17,70,7,10,17,0,8,3,ok,,10.465,n-62-31-10,29052208,2026-08-08T08:40:15+0200
a8d07ea61d81d638,auto-a1214efd9c98,fenrir2@6b39ebb,fenrir2,6b39ebb,hodr@ea88247,hodr,ea88247,jackpot,all_official,1,0,rating,b,b,0.0,core_destroyed,551,,376,1480,6,10,10,2640,20,19,ok,,17.141,n-62-29-9,29052208,2026-08-08T08:38:26+0200
a8f0352239fbe2be,auto-a1214efd9c98,jonbot_190003d@90fc9f3,jonbot_190003d,90fc9f3,hodr@ea88247,hodr,ea88247,archipelago,all_official,1,0,rating,b,b,0.0,core_destroyed,146,,58,360,7,16,19,330,8,16,ok,,4.894,n-62-21-8,29052208,2026-08-08T08:38:46+0200
a8f0b349b884756b,auto-a1214efd9c98,hodr@ea88247,hodr,ea88247,jonbot@90fc9f3,jonbot,90fc9f3,sprint,all_official,1,0,rating,a,a,1.0,titanium_collected,1000,,20,140,6,12,1093,80,5,11,ok,,7.626,n-62-21-24,29052208,2026-08-08T08:38:17+0200
a9001edcd885af7d,auto-a1214efd9c98,hodr@ea88247,hodr,ea88247,steward_hardened_reinforced@672ee02,steward_hardened_reinforced,672ee02,meander,all_official,1,0,rating,b,b,0.0,core_destroyed,297,,10,90,6,5,9,20,8,8,ok,,3.844,n-62-31-21,29052208,2026-08-08T08:39:33+0200
a90ca0167a1a6fa2,auto-a1214efd9c98,hodr@ea88247,hodr,ea88247,mjolnir@2e6c876,mjolnir,2e6c876,heart,all_official,1,0,rating,a,a,1.0,core_destroyed,113,,10,220,7,15,35,0,7,16,ok,,4.226,n-62-21-92,29052208,2026-08-08T08:39:01+0200
a915e0ec43ffc98b,auto-a1214efd9c98,hodr@ea88247,hodr,ea88247,jotunn@6b39ebb,jotunn,6b39ebb,nordkap,all_official,1,0,rating,a,a,1.0,core_destroyed,140,,36,710,8,28,45,920,12,28,ok,,4.554,n-62-12-65,29052208,2026-08-08T08:38:32+0200
a91703b10f1399ee,auto-a1214efd9c98,freyr@c2c0d3d,freyr,c2c0d3d,hodr@ea88247,hodr,ea88247,quarry,all_official,1,0,rating,b,b,0.0,core_destroyed,981,,8,630,7,22,10,2660,9,22,ok,,8.561,n-62-31-13,29052208,2026-08-08T08:38:09+0200
a9324e6c05c050a7,auto-a1214efd9c98,hodr@ea88247,hodr,ea88247,steward_hardened_reinforced@a994296,steward_hardened_reinforced,a994296,bridge,all_official,1,0,rating,a,a,1.0,titanium_stored,1000,,43,0,10,13,40,0,12,5,ok,,22.61,n-62-31-18,29052208,2026-08-08T08:40:02+0200
a936a40a42fb3692,auto-a1214efd9c98,casemate_oracle@90fc9f3,casemate_oracle,90fc9f3,hodr@ea88247,hodr,ea88247,runestone,all_official,1,0,rating,b,b,0.0,titanium_collected,1000,,37,0,6,29,20,480,11,35,ok,,47.877,n-62-31-11,29052208,2026-08-08T08:39:11+0200
a963ce3d24b7ed30,auto-a1214efd9c98,hodr@ea88247,hodr,ea88247,prospect_rushonly@bf9b3e3,prospect_rushonly,bf9b3e3,eider,all_official,1,0,rating,a,a,1.0,core_destroyed,121,,10,280,7,8,9,130,8,2,ok,,3.2,n-62-12-1,29052208,2026-08-08T08:39:02+0200
a978169acf5335ea,auto-a1214efd9c98,steward_hardened_reinforced@cdc552f,steward_hardened_reinforced,cdc552f,hodr@ea88247,hodr,ea88247,atoll,all_official,1,0,rating,b,b,0.0,core_destroyed,263,,7,230,8,8,8,1260,12,18,ok,,5.771,n-62-11-61,29052208,2026-08-08T08:39:52+0200
a98fda6df3447ae9,auto-a1214efd9c98,hodr@ea88247,hodr,ea88247,janus@8a1e7a1,janus,8a1e7a1,atoll,all_official,1,0,rating,b,b,0.0,core_destroyed,57,,9,230,8,11,9,230,7,7,ok,,4.047,n-62-21-1,29052208,2026-08-08T08:38:39+0200
a9b8a30ceb0350b7,auto-a1214efd9c98,hodr@ea88247,hodr,ea88247,gobbleglitch@6cdc440,gobbleglitch,6cdc440,vault,all_official,1,0,rating,a,a,1.0,core_destroyed,73,,10,190,9,9,45,0,8,11,ok,,3.666,n-62-12-5,29052208,2026-08-08T08:38:36+0200
a9c527ffc6bb097d,auto-a1214efd9c98,jonbot@90fc9f3,jonbot,90fc9f3,hodr@ea88247,hodr,ea88247,moonrise,all_official,1,0,rating,b,b,0.0,core_destroyed,52,,70,0,3,12,20,180,7,8,ok,,2.959,n-62-21-10,29052208,2026-08-08T08:38:27+0200
a9c97ce3e6e89ec3,auto-a1214efd9c98,hodr@ea88247,hodr,ea88247,jotunn@6b39ebb,jotunn,6b39ebb,hive,all_official,1,0,rating,a,a,1.0,core_destroyed,224,,16,530,7,44,15,220,7,42,ok,,3.822,n-62-13-7,29052208,2026-08-08T08:38:34+0200
a9d13a47c2479c5c,auto-a1214efd9c98,hodr@ea88247,hodr,ea88247,steward_hardened_reinforced@f1f2bda,steward_hardened_reinforced,f1f2bda,fjord,all_official,1,0,rating,a,a,1.0,core_destroyed,116,,14,770,9,15,17,600,6,15,ok,,4.272,n-62-31-11,29052208,2026-08-08T08:40:18+0200
a9fcdff461754338,auto-a1214efd9c98,hodr@ea88247,hodr,ea88247,aegis@e55aab5,aegis,e55aab5,nordkap,all_official,1,0,rating,a,a,1.0,core_destroyed,45,,9,90,8,5,10,160,8,11,ok,,3.152,n-62-31-22,29052208,2026-08-08T08:38:17+0200
a9fe9b6dae4c7886,auto-a1214efd9c98,hodr@ea88247,hodr,ea88247,steward_hardened_reinforced@deba9ec,steward_hardened_reinforced,deba9ec,nordkap,all_official,1,0,rating,a,a,1.0,core_destroyed,45,,10,90,5,4,7,0,8,7,ok,,3.018,n-62-12-1,29052208,2026-08-08T08:40:31+0200
aa00e09132d8c1fa,auto-a1214efd9c98,hodr@ea88247,hodr,ea88247,prospect_rushonly@bf9b3e3,prospect_rushonly,bf9b3e3,bridge,all_official,1,0,rating,b,b,0.0,titanium_collected,1000,,18,0,11,4,979,7260,12,19,ok,,16.416,n-62-21-90,29052208,2026-08-08T08:39:27+0200
aa231cfb77ec0208,auto-a1214efd9c98,bastion@840a180,bastion,840a180,hodr@ea88247,hodr,ea88247,vault,all_official,1,0,rating,b,b,0.0,core_destroyed,52,,18,200,10,16,28,220,9,10,ok,,3.586,n-62-11-66,29052208,2026-08-08T08:37:59+0200
aa4c1a28e5c9821a,auto-a1214efd9c98,hodr@ea88247,hodr,ea88247,odin@38e1456,odin,38e1456,crossfire,all_official,1,0,rating,a,a,1.0,core_destroyed,73,,9,310,7,16,0,240,10,13,ok,,3.97,n-62-29-16,29052208,2026-08-08T08:39:15+0200
aa68cd48c0a7d8ff,auto-a1214efd9c98,hodr@ea88247,hodr,ea88247,steward_hardened_reinforced@04300bf,steward_hardened_reinforced,04300bf,jackpot,all_official,1,0,rating,a,a,1.0,titanium_collected,1000,,91,4940,22,19,257,4890,17,11,ok,,56.012,n-62-29-33,29052208,2026-08-08T08:40:30+0200
aa7babe1a98f29f3,auto-a1214efd9c98,e_t4l7@9e77076,e_t4l7,9e77076,hodr@ea88247,hodr,ea88247,duel,all_official,1,0,rating,b,b,0.0,core_destroyed,518,,443,1270,10,18,8,2550,7,14,ok,,5.61,n-62-28-31,29052208,2026-08-08T08:38:12+0200
aa7bcad6c2868995,auto-a1214efd9c98,mjolnir@2e6c876,mjolnir,2e6c876,hodr@ea88247,hodr,ea88247,hive,all_official,1,0,rating,b,b,0.0,core_destroyed,79,,53,290,8,43,27,380,7,37,ok,,3.806,n-62-21-92,29052208,2026-08-08T08:39:13+0200
aa83493de15251c1,auto-a1214efd9c98,jotunn@6b39ebb,jotunn,6b39ebb,hodr@ea88247,hodr,ea88247,nordkap,all_official,1,0,rating,b,b,0.0,core_destroyed,393,,41,1240,9,46,10,970,6,45,ok,,5.238,n-62-12-65,29052208,2026-08-08T08:38:37+0200
aaa9dce1068ec64b,auto-a1214efd9c98,hodr@ea88247,hodr,ea88247,skadi@1e4eddf,skadi,1e4eddf,crossfire,all_official,1,0,rating,a,a,1.0,titanium_collected,1000,,48,4580,8,6,198,2720,14,24,ok,,25.507,n-62-21-3,29052208,2026-08-08T08:39:19+0200
aac30c80e89e1b03,auto-a1214efd9c98,pantheon_replica_day3@aa8bae0,pantheon_replica_day3,aa8bae0,hodr@ea88247,hodr,ea88247,aurora,all_official,1,0,rating,b,b,0.0,core_destroyed,63,,8,220,9,14,9,220,9,21,ok,,4.06,n-62-31-13,29052208,2026-08-08T08:38:59+0200
aaeed9b0f2b27090,auto-a1214efd9c98,hodr@ea88247,hodr,ea88247,prospect_rushonly@bf9b3e3,prospect_rushonly,bf9b3e3,heart,all_official,1,0,rating,a,a,1.0,core_destroyed,82,,6,50,5,6,10,0,6,8,ok,,2.862,n-62-12-5,29052208,2026-08-08T08:38:49+0200
aafffc70d76d8e5e,auto-a1214efd9c98,hodr@ea88247,hodr,ea88247,skadi@6a2af02,skadi,6a2af02,runestone,all_official,1,0,rating,a,a,1.0,core_destroyed,132,,19,540,8,19,16,110,7,17,ok,,3.766,n-62-21-13,29052208,2026-08-08T08:39:44+0200
ab5c0beaca3a1884,auto-a1214efd9c98,steward_hardened_reinforced@672ee02,steward_hardened_reinforced,672ee02,hodr@ea88247,hodr,ea88247,moonrise,all_official,1,0,rating,a,a,1.0,core_destroyed,83,,25,420,7,15,7,30,5,6,ok,,2.828,n-62-31-21,29052208,2026-08-08T08:39:46+0200
ab84be54168d4b37,auto-a1214efd9c98,hodr@ea88247,hodr,ea88247,steward_reinforced@a8dc58a,steward_reinforced,a8dc58a,duel,all_official,1,0,rating,a,a,1.0,core_destroyed,41,,8,160,6,6,10,150,8,9,ok,,3.322,n-62-31-4,29052208,2026-08-08T08:40:21+0200
abbf5266930ceaed,auto-a1214efd9c98,ullr@7d1ab4e,ullr,7d1ab4e,hodr@ea88247,hodr,ea88247,drumlin,all_official,1,0,rating,b,b,0.0,core_destroyed,67,,24,200,7,17,9,350,7,17,ok,,3.589,n-62-31-14,29052208,2026-08-08T08:40:44+0200
abcc15f28616b0fe,auto-a1214efd9c98,hodr@ea88247,hodr,ea88247,pantheon_replica_day3@aa8bae0,pantheon_replica_day3,aa8bae0,atoll,all_official,1,0,rating,a,a,1.0,core_destroyed,53,,9,210,8,7,10,100,8,6,ok,,3.566,n-62-31-13,29052208,2026-08-08T08:38:44+0200
abdb444b67e9dfda,auto-a1214efd9c98,hodr@ea88247,hodr,ea88247,steward_hardened_reinforced@c04e46e,steward_hardened_reinforced,c04e46e,twins,all_official,1,0,rating,a,a,1.0,core_destroyed,125,,10,290,8,9,7,190,8,15,ok,,3.273,n-62-11-63,29052208,2026-08-08T08:39:42+0200
abf62131ae075bc2,auto-a1214efd9c98,hodr@ea88247,hodr,ea88247,prospect_rushonly@bf9b3e3,prospect_rushonly,bf9b3e3,vault,all_official,1,0,rating,b,b,0.0,core_destroyed,589,,10,210,6,13,9,210,9,5,ok,,5.559,n-62-12-6,29052208,2026-08-08T08:39:00+0200
abfad0a79b52b964,auto-a1214efd9c98,skadi@aad5f44,skadi,aad5f44,hodr@ea88247,hodr,ea88247,vault,all_official,1,0,rating,b,b,0.0,core_destroyed,122,,50,560,9,14,55,570,8,22,ok,,4.784,n-62-21-92,29052208,2026-08-08T08:39:38+0200
ac43bcc159b931d7,auto-a1214efd9c98,hodr@ea88247,hodr,ea88247,njord@f66a427,njord,f66a427,aurora,all_official,1,0,rating,a,a,1.0,core_destroyed,70,,28,430,7,30,6,250,8,22,ok,,3.963,n-62-21-98,29052208,2026-08-08T08:38:58+0200
ac45338954c93bd4,auto-a1214efd9c98,hodr@ea88247,hodr,ea88247,e_t4l7@9e77076,e_t4l7,9e77076,bridge,all_official,1,0,rating,b,b,0.0,titanium_collected,1000,,12,0,14,16,3450,2470,6,38,ok,,12.684,n-62-28-28,29052208,2026-08-08T08:38:48+0200
ac4ea07fdf267ef7,auto-a1214efd9c98,hodr@ea88247,hodr,ea88247,gefjon@f66a427,gefjon,f66a427,aurora,all_official,1,0,rating,b,b,0.0,core_destroyed,74,,8,450,7,29,18,440,9,24,ok,,4.272,n-62-31-8,29052208,2026-08-08T08:38:05+0200
ac59be247ae64706,auto-a1214efd9c98,hodr@ea88247,hodr,ea88247,lockin@90fc9f3,lockin,90fc9f3,lighthouse,all_official,1,0,rating,a,a,1.0,core_destroyed,38,,10,120,7,15,590,0,0,0,ok,,1.837,n-62-21-59,29052208,2026-08-08T08:38:18+0200
ac8b7a8d4384572a,auto-a1214efd9c98,tempest_reinforcements@025dd51,tempest_reinforcements,025dd51,hodr@ea88247,hodr,ea88247,drumlin,all_official,1,0,rating,b,b,0.0,core_destroyed,53,,19,150,10,11,19,260,6,24,ok,,3.63,n-62-30-23,29052208,2026-08-08T08:40:46+0200
aca05b48ca9f03e9,auto-a1214efd9c98,hodr@ea88247,hodr,ea88247,steward_relent@7ed1acc,steward_relent,7ed1acc,skerry,all_official,1,0,rating,a,a,1.0,core_destroyed,110,,70,750,9,14,6,320,6,16,ok,,3.526,n-62-11-62,29052208,2026-08-08T08:40:31+0200
aca25154a979b16e,auto-a1214efd9c98,hodr@ea88247,hodr,ea88247,steward_hardened_reinforced@deba9ec,steward_hardened_reinforced,deba9ec,snowflake,all_official,1,0,rating,a,a,1.0,core_destroyed,63,,8,520,9,22,7,130,8,10,ok,,4.047,n-62-12-7,29052208,2026-08-08T08:39:59+0200
acabdfbcc1a5237f,auto-a1214efd9c98,spar_mender@d5b46bc,spar_mender,d5b46bc,hodr@ea88247,hodr,ea88247,quarry,all_official,1,0,rating,b,b,0.0,core_destroyed,74,,8,140,10,20,16,350,9,22,ok,,4.366,n-62-29-15,29052208,2026-08-08T08:39:32+0200
acbd9698fbcab0e5,auto-a1214efd9c98,e_t4l7@9e77076,e_t4l7,9e77076,hodr@ea88247,hodr,ea88247,runestone,all_official,1,0,rating,b,b,0.0,core_destroyed,101,,40,0,5,21,8,220,8,22,ok,,2.82,n-62-29-13,29052208,2026-08-08T08:38:03+0200
acdddb9c44fc13ab,auto-a1214efd9c98,steward_hardened_reinforced@c04e46e,steward_hardened_reinforced,c04e46e,hodr@ea88247,hodr,ea88247,moonrise,all_official,1,0,rating,a,a,1.0,titanium_collected,1000,,53,4930,5,12,20,70,5,8,ok,,8.391,n-62-11-57,29052208,2026-08-08T08:40:04+0200
ad1a2d632f43f879,auto-a1214efd9c98,hodr@ea88247,hodr,ea88247,strategist@2a19238,strategist,2a19238,fjordgate,all_official,1,0,rating,a,a,1.0,core_destroyed,604,,12,1840,12,25,574,1710,7,23,ok,,12.918,n-62-21-92,29052208,2026-08-08T08:40:41+0200
ad316e8528a74a7d,auto-a1214efd9c98,hodr@ea88247,hodr,ea88247,spar_mender@7ed1acc,spar_mender,7ed1acc,sprint,all_official,1,0,rating,b,b,0.0,core_destroyed,482,,8,0,9,0,66,1170,16,12,ok,,10.985,n-62-21-98,29052208,2026-08-08T08:40:07+0200
ad390899909a34ca,auto-a1214efd9c98,hodr@ea88247,hodr,ea88247,mjolnir@2e6c876,mjolnir,2e6c876,bridge,all_official,1,0,rating,a,a,1.0,titanium_collected,1000,,105,2320,26,16,1471,0,3,7,ok,,29.263,n-62-11-63,29052208,2026-08-08T08:39:03+0200
ad3c7362e5b00d19,auto-a1214efd9c98,steward_hardened_reinforced@04300bf,steward_hardened_reinforced,04300bf,hodr@ea88247,hodr,ea88247,bridge,all_official,1,0,rating,b,b,0.0,core_destroyed,243,,39,0,8,10,10,0,9,5,ok,,6.919,n-62-29-24,29052208,2026-08-08T08:40:09+0200
ad578d431989fef8,auto-a1214efd9c98,steward_hardened_reinforced@c04e46e,steward_hardened_reinforced,c04e46e,hodr@ea88247,hodr,ea88247,heart,all_official,1,0,rating,b,b,0.0,core_destroyed,417,,10,0,8,0,9,40,6,9,ok,,5.323,n-62-11-52,29052208,2026-08-08T08:39:54+0200
ad6bc4a55a70428f,auto-a1214efd9c98,steward_hardened_reinforced@f61245f,steward_hardened_reinforced,f61245f,hodr@ea88247,hodr,ea88247,showdown,all_official,1,0,rating,b,b,0.0,core_destroyed,424,,16,170,6,6,20,1010,6,20,ok,,4.62,n-62-31-5,29052208,2026-08-08T08:40:09+0200
ad6e9f3aedf7b19b,auto-a1214efd9c98,heimdall@daf0de0,heimdall,daf0de0,hodr@ea88247,hodr,ea88247,moonrise,all_official,1,0,rating,b,b,0.0,core_destroyed,155,,38,340,5,9,17,370,6,7,ok,,2.825,n-62-12-3,29052208,2026-08-08T08:38:07+0200
ad8437882aa0ba5f,auto-a1214efd9c98,skadi@821d792,skadi,821d792,hodr@ea88247,hodr,ea88247,meander,all_official,1,0,rating,a,a,1.0,titanium_collected,1000,,16,90,5,13,16,0,7,3,ok,,6.638,n-62-21-16,29052208,2026-08-08T08:39:40+0200
ad97e2d03e43b77e,auto-a1214efd9c98,hodr@ea88247,hodr,ea88247,steward_hardened_reinforced@04300bf,steward_hardened_reinforced,04300bf,drumlin,all_official,1,0,rating,b,b,0.0,core_destroyed,67,,24,200,7,17,9,350,7,17,ok,,3.046,n-62-29-24,29052208,2026-08-08T08:40:22+0200
adc666521285d8f6,auto-a1214efd9c98,hodr@ea88247,hodr,ea88247,steward_hardened_reinforced@a994296,steward_hardened_reinforced,a994296,atoll,all_official,1,0,rating,a,a,1.0,core_destroyed,91,,13,400,8,17,16,400,9,8,ok,,4.403,n-62-31-7,29052208,2026-08-08T08:40:25+0200
add55bbdbb4b94e8,auto-a1214efd9c98,tempest_reinforcements@025dd51,tempest_reinforcements,025dd51,hodr@ea88247,hodr,ea88247,runestone,all_official,1,0,rating,b,b,0.0,core_destroyed,65,,24,70,11,8,9,130,8,22,ok,,4.136,n-62-31-17,29052208,2026-08-08T08:40:47+0200
addfc7adcaaaf778,auto-a1214efd9c98,hodr@ea88247,hodr,ea88247,jonbot@90fc9f3,jonbot,90fc9f3,lighthouse,all_official,1,0,rating,a,a,1.0,core_destroyed,421,,20,2040,6,15,1083,1510,9,10,ok,,9.956,n-62-21-11,29052208,2026-08-08T08:38:35+0200
adebe1cea8c8af00,auto-a1214efd9c98,hodr@ea88247,hodr,ea88247,ragnarok_fair@79582fc,ragnarok_fair,79582fc,eider,all_official,1,0,rating,a,a,1.0,core_destroyed,132,,20,310,8,8,20,130,9,3,ok,,4.178,n-62-21-12,29052208,2026-08-08T08:38:52+0200
adf013063475d325,auto-a1214efd9c98,prospect@bf9b3e3,prospect,bf9b3e3,hodr@ea88247,hodr,ea88247,sprint,all_official,1,0,rating,b,b,0.0,core_destroyed,167,,7,30,5,11,44,400,8,6,ok,,3.306,n-62-11-51,29052208,2026-08-08T08:39:06+0200
adfc92f1fc1ccefd,auto-a1214efd9c98,spar_mender@7ed1acc,spar_mender,7ed1acc,hodr@ea88247,hodr,ea88247,antler,all_official,1,0,rating,b,b,0.0,core_destroyed,223,,64,1400,13,19,71,2010,12,30,ok,,10.016,n-62-21-92,29052208,2026-08-08T08:39:53+0200
ae1f57fb58cedc88,auto-a1214efd9c98,freyr@c2c0d3d,freyr,c2c0d3d,hodr@ea88247,hodr,ea88247,skerry,all_official,1,0,rating,b,b,0.0,core_destroyed,143,,12,990,14,11,4,400,6,17,ok,,5.19,n-62-31-13,29052208,2026-08-08T08:38:49+0200
ae42041238192099,auto-a1214efd9c98,hodr@ea88247,hodr,ea88247,steward_hardened_reinforced@672ee02,steward_hardened_reinforced,672ee02,saga,all_official,1,0,rating,a,a,1.0,core_destroyed,88,,19,300,8,30,54,320,9,21,ok,,4.802,n-62-31-23,29052208,2026-08-08T08:39:50+0200
ae4949cd058ddb5d,auto-a1214efd9c98,gefjon@f66a427,gefjon,f66a427,hodr@ea88247,hodr,ea88247,vault,all_official,1,0,rating,b,b,0.0,core_destroyed,76,,56,340,9,19,26,340,9,23,ok,,4.167,n-62-11-52,29052208,2026-08-08T08:38:00+0200
ae94b2a64c8e82ce,auto-a1214efd9c98,hodr@ea88247,hodr,ea88247,heimdall@daf0de0,heimdall,daf0de0,string,all_official,1,0,rating,b,b,0.0,core_destroyed,95,,10,80,5,3,47,430,7,8,ok,,3.494,n-62-12-6,29052208,2026-08-08T08:38:12+0200
aeaccdc28b082e4a,auto-a1214efd9c98,hodr@ea88247,hodr,ea88247,freyr@c2c0d3d,freyr,c2c0d3d,strait,all_official,1,0,rating,a,a,1.0,titanium_collected,1000,,16,250,6,13,16,70,6,11,ok,,8.217,n-62-31-17,29052208,2026-08-08T08:38:18+0200
aebfa27f7a779a71,auto-a1214efd9c98,strategist@2e6eca5,strategist,2e6eca5,hodr@ea88247,hodr,ea88247,hive,all_official,1,0,rating,b,b,0.0,core_destroyed,80,,166,180,6,50,18,380,8,39,ok,,3.349,n-62-21-97,29052208,2026-08-08T08:40:42+0200
aed17031e0f0535a,auto-a1214efd9c98,hodr@ea88247,hodr,ea88247,gobbleglitch@6cdc440,gobbleglitch,6cdc440,aurora,all_official,1,0,rating,a,a,1.0,core_destroyed,72,,29,290,9,21,70,190,5,10,ok,,3.595,n-62-11-52,29052208,2026-08-08T08:38:28+0200
aee6284081c08a35,auto-a1214efd9c98,hodr@ea88247,hodr,ea88247,prospect@bf9b3e3,prospect,bf9b3e3,vase,all_official,1,0,rating,b,b,0.0,core_destroyed,93,,10,100,10,8,26,190,7,7,ok,,4.0,n-62-21-89,29052208,2026-08-08T08:39:23+0200
aef93651d6bd73e0,auto-a1214efd9c98,steward_hardened_reinforced@672ee02,steward_hardened_reinforced,672ee02,hodr@ea88247,hodr,ea88247,snowflake,all_official,1,0,rating,a,a,1.0,core_destroyed,81,,19,650,7,20,8,180,7,13,ok,,4.239,n-62-31-23,29052208,2026-08-08T08:40:23+0200
af030ef38ddc9fff,auto-a1214efd9c98,hodr@ea88247,hodr,ea88247,maporacle@38e1456,maporacle,38e1456,quarry,all_official,1,0,rating,a,a,1.0,core_destroyed,83,,19,430,9,14,18,280,9,10,ok,,4.434,n-62-21-67,29052208,2026-08-08T08:38:19+0200
af0c1b9a44f27726,auto-a1214efd9c98,ragnarok_fair@79582fc,ragnarok_fair,79582fc,hodr@ea88247,hodr,ea88247,moonrise,all_official,1,0,rating,b,b,0.0,core_destroyed,100,,20,80,7,8,13,230,8,8,ok,,3.389,n-62-21-4,29052208,2026-08-08T08:39:45+0200
af12df947362f76b,auto-a1214efd9c98,odin@38e1456,odin,38e1456,hodr@ea88247,hodr,ea88247,eider,all_official,1,0,rating,b,b,0.0,core_destroyed,80,,40,180,5,7,19,340,5,11,ok,,3.474,n-62-29-21,29052208,2026-08-08T08:38:50+0200
af181d86400993c1,auto-a1214efd9c98,hodr@ea88247,hodr,ea88247,freyr@c2c0d3d,freyr,c2c0d3d,quarry,all_official,1,0,rating,b,b,0.0,core_destroyed,989,,8,630,7,22,10,2680,9,22,ok,,9.102,n-62-31-13,29052208,2026-08-08T08:38:00+0200
af1ee902e9c23daf,auto-a1214efd9c98,hodr@ea88247,hodr,ea88247,steward_hardened_reinforced@04300bf,steward_hardened_reinforced,04300bf,showdown,all_official,1,0,rating,a,a,1.0,core_destroyed,573,,9,250,7,24,10,190,6,2,ok,,5.027,n-62-29-27,29052208,2026-08-08T08:39:39+0200
af212f61a001ccba,auto-a1214efd9c98,jonbot@90fc9f3,jonbot,90fc9f3,hodr@ea88247,hodr,ea88247,nordkap,all_official,1,0,rating,b,b,0.0,core_destroyed,160,,68,370,9,12,16,370,5,11,ok,,3.988,n-62-21-10,29052208,2026-08-08T08:38:36+0200
af247939060b235c,auto-a1214efd9c98,hodr@ea88247,hodr,ea88247,skadi@aad5f44,skadi,aad5f44,lighthouse,all_official,1,0,rating,a,a,1.0,core_destroyed,78,,9,320,7,9,4,60,6,9,ok,,2.767,n-62-11-61,29052208,2026-08-08T08:40:02+0200
af3037ab49daad05,auto-a1214efd9c98,hodr@ea88247,hodr,ea88247,steward_hardened_reinforced@cdc552f,steward_hardened_reinforced,cdc552f,lighthouse,all_official,1,0,rating,a,a,1.0,core_destroyed,89,,8,160,8,7,10,200,8,9,ok,,3.193,n-62-11-66,29052208,2026-08-08T08:40:14+0200
af3b1e288afc6c05,auto-a1214efd9c98,hodr@ea88247,hodr,ea88247,skadi@821d792,skadi,821d792,strait,all_official,1,0,rating,b,b,0.0,core_destroyed,169,,185,1130,12,21,279,1130,9,28,ok,,6.576,n-62-11-67,29052208,2026-08-08T08:39:53+0200
af53b821d69f1272,auto-a1214efd9c98,odin@38e1456,odin,38e1456,hodr@ea88247,hodr,ea88247,bridge,all_official,1,0,rating,a,a,1.0,titanium_collected,1000,,43,5540,5,16,41,0,14,6,ok,,16.234,n-62-29-16,29052208,2026-08-08T08:39:10+0200
af6289ab24a6e128,auto-a1214efd9c98,hodr@ea88247,hodr,ea88247,jotunn@6b39ebb,jotunn,6b39ebb,twins,all_official,1,0,rating,a,a,1.0,core_destroyed,129,,10,580,10,23,30,300,9,16,ok,,4.615,n-62-21-69,29052208,2026-08-08T08:38:45+0200
afa28e8bba2c3fbc,auto-a1214efd9c98,hodr@ea88247,hodr,ea88247,odin@93e46da,odin,93e46da,string,all_official,1,0,rating,b,b,0.0,core_destroyed,95,,10,80,5,3,19,430,8,8,ok,,3.511,n-62-30-24,29052208,2026-08-08T08:39:08+0200
afb9978c6ff9d644,auto-a1214efd9c98,gobbleglitch@6cdc440,gobbleglitch,6cdc440,hodr@ea88247,hodr,ea88247,moonrise,all_official,1,0,rating,b,b,0.0,core_destroyed,80,,70,0,6,2,19,180,8,6,ok,,3.091,n-62-21-89,29052208,2026-08-08T08:38:20+0200
afbfc05a5c5d5370,auto-a1214efd9c98,hodr@ea88247,hodr,ea88247,spar_mender@d5b46bc,spar_mender,d5b46bc,antler,all_official,1,0,rating,a,a,1.0,core_destroyed,280,,29,1360,10,14,16,690,4,5,ok,,5.638,n-62-28-31,29052208,2026-08-08T08:39:28+0200
afc9ce31fac7ea5e,auto-a1214efd9c98,aegis@e55aab5,aegis,e55aab5,hodr@ea88247,hodr,ea88247,vault,all_official,1,0,rating,a,a,1.0,core_destroyed,127,,10,490,8,14,9,590,10,17,ok,,5.021,n-62-11-67,29052208,2026-08-08T08:38:23+0200
aff6265b83af3e34,auto-a1214efd9c98,hodr@ea88247,hodr,ea88247,gefjon@f66a427,gefjon,f66a427,snowflake,all_official,1,0,rating,a,a,1.0,core_destroyed,56,,26,430,8,22,42,460,8,25,ok,,3.544,n-62-11-55,29052208,2026-08-08T08:38:20+0200
aff8841185c42db5,auto-a1214efd9c98,hodr@ea88247,hodr,ea88247,ragnarok_fair@79582fc,ragnarok_fair,79582fc,hive,all_official,1,0,rating,a,a,1.0,core_destroyed,104,,19,240,8,24,19,290,9,21,ok,,4.428,n-62-21-12,29052208,2026-08-08T08:39:26+0200
affcedcd366ed8b1,auto-a1214efd9c98,spar_mender@7ed1acc,spar_mender,7ed1acc,hodr@ea88247,hodr,ea88247,showdown,all_official,1,0,rating,b,b,0.0,core_destroyed,142,,112,920,8,42,56,720,7,20,ok,,3.945,n-62-21-98,29052208,2026-08-08T08:39:28+0200
afffc2e0770ca1b4,auto-a1214efd9c98,hodr@ea88247,hodr,ea88247,mistral@90fc9f3,mistral,90fc9f3,quarry,all_official,1,0,rating,a,a,1.0,core_destroyed,177,,9,70,6,27,60,0,9,0,ok,,10.244,n-62-11-62,29052208,2026-08-08T08:39:13+0200
b01ee69056ac6395,auto-a1214efd9c98,hodr@ea88247,hodr,ea88247,aegis@e55aab5,aegis,e55aab5,sweden,all_official,1,0,rating,a,a,1.0,core_destroyed,374,,10,1610,24,25,2188,1750,7,15,ok,,18.548,n-62-31-24,29052208,2026-08-08T08:38:53+0200
b0246e570320b6e3,auto-a1214efd9c98,gobbleglitch@6cdc440,gobbleglitch,6cdc440,hodr@ea88247,hodr,ea88247,snowflake,all_official,1,0,rating,b,b,0.0,core_destroyed,277,,913,1360,10,17,8,670,7,33,ok,,5.46,n-62-12-1,29052208,2026-08-08T08:38:07+0200
b02f33ce4363b6fd,auto-a1214efd9c98,hodr@ea88247,hodr,ea88247,maporacle@38e1456,maporacle,38e1456,showdown,all_official,1,0,rating,a,a,1.0,core_destroyed,143,,7,50,7,11,10,0,7,6,ok,,4.676,n-62-21-68,29052208,2026-08-08T08:37:56+0200
b05878d9e4d69041,auto-a1214efd9c98,pantheon_replica_day3@aa8bae0,pantheon_replica_day3,aa8bae0,hodr@ea88247,hodr,ea88247,atoll,all_official,1,0,rating,a,a,1.0,core_destroyed,920,,20,2280,7,8,12,80,9,5,ok,,6.526,n-62-31-13,29052208,2026-08-08T08:38:51+0200
b08a4c88b06dc4e5,auto-a1214efd9c98,hodr@ea88247,hodr,ea88247,spar_mender@7ed1acc,spar_mender,7ed1acc,heart,all_official,1,0,rating,a,a,1.0,core_destroyed,133,,9,0,7,2,13,180,10,13,ok,,4.989,n-62-31-10,29052208,2026-08-08T08:40:14+0200
b08ed697b376455a,auto-a1214efd9c98,hodr@ea88247,hodr,ea88247,e_t4l7@9e77076,e_t4l7,9e77076,string,all_official,1,0,rating,a,a,1.0,core_destroyed,180,,33,570,7,10,121,270,2,23,ok,,3.031,n-62-29-15,29052208,2026-08-08T08:38:22+0200
b0cb39983f884763,auto-a1214efd9c98,hodr@ea88247,hodr,ea88247,ragnarok_fair@79582fc,ragnarok_fair,79582fc,archipelago,all_official,1,0,rating,a,a,1.0,core_destroyed,57,,19,290,7,27,10,120,8,19,ok,,3.304,n-62-12-6,29052208,2026-08-08T08:39:14+0200
b0ddfb8ea7a6b7ee,auto-a1214efd9c98,fenrir2@6b39ebb,fenrir2,6b39ebb,hodr@ea88247,hodr,ea88247,hive,all_official,1,0,rating,b,b,0.0,core_destroyed,79,,32,280,9,38,27,380,7,37,ok,,3.605,n-62-29-24,29052208,2026-08-08T08:38:39+0200
b0fa56b683a90567,auto-a1214efd9c98,hodr@ea88247,hodr,ea88247,pantheon_replica_day3@aa8bae0,pantheon_replica_day3,aa8bae0,fjord,all_official,1,0,rating,a,a,1.0,core_destroyed,63,,20,380,9,19,6,300,8,21,ok,,3.984,n-62-31-17,29052208,2026-08-08T08:39:05+0200
b1095bb0a4dd0c06,auto-a1214efd9c98,hodr@ea88247,hodr,ea88247,pantheon_replica_day3@aa8bae0,pantheon_replica_day3,aa8bae0,nordkap,all_official,1,0,rating,a,a,1.0,core_destroyed,105,,9,80,8,5,10,10,6,5,ok,,3.755,n-62-31-7,29052208,2026-08-08T08:38:53+0200
b11a4215c019f6f5,auto-a1214efd9c98,odin@93e46da,odin,93e46da,hodr@ea88247,hodr,ea88247,eider,all_official,1,0,rating,b,b,0.0,core_destroyed,80,,40,180,5,7,19,340,5,11,ok,,3.422,n-62-29-34,29052208,2026-08-08T08:39:16+0200
b11abf03400e74c7,auto-a1214efd9c98,steward_relent@7ed1acc,steward_relent,7ed1acc,hodr@ea88247,hodr,ea88247,saga,all_official,1,0,rating,b,b,0.0,core_destroyed,79,,8,250,8,29,9,360,8,23,ok,,3.846,n-62-11-62,29052208,2026-08-08T08:40:17+0200
b1263f63ab073e69,auto-a1214efd9c98,hodr@ea88247,hodr,ea88247,steward_reinforced@a8dc58a,steward_reinforced,a8dc58a,nordkap,all_official,1,0,rating,a,a,1.0,core_destroyed,41,,8,80,7,5,8,0,7,10,ok,,3.766,n-62-31-23,29052208,2026-08-08T08:40:32+0200
b13121c509f0cc61,auto-a1214efd9c98,steward_hardened_reinforced@deba9ec,steward_hardened_reinforced,deba9ec,hodr@ea88247,hodr,ea88247,sweden,all_official,1,0,rating,b,b,0.0,titanium_collected,1000,,39,0,14,26,46,2460,11,15,ok,,39.281,n-62-12-8,29052208,2026-08-08T08:40:43+0200
b135322985238bb6,auto-a1214efd9c98,spar_mender@7ed1acc,spar_mender,7ed1acc,hodr@ea88247,hodr,ea88247,lighthouse,all_official,1,0,rating,b,b,0.0,core_destroyed,227,,7,1310,9,8,20,1560,14,23,ok,,9.819,n-62-31-11,29052208,2026-08-08T08:39:53+0200
b13c0bbf4faf252c,auto-a1214efd9c98,odin@38e1456,odin,38e1456,hodr@ea88247,hodr,ea88247,sprint,all_official,1,0,rating,b,b,0.0,core_destroyed,46,,10,0,9,1,6,20,6,5,ok,,2.825,n-62-29-31,29052208,2026-08-08T08:39:09+0200
b1b403ca880cd378,auto-a1214efd9c98,steward_hardened_reinforced@deba9ec,steward_hardened_reinforced,deba9ec,hodr@ea88247,hodr,ea88247,bridge,all_official,1,0,rating,b,b,0.0,core_destroyed,634,,37,0,15,12,10,0,14,5,ok,,18.968,n-62-31-9,29052208,2026-08-08T08:40:10+0200
b1d00c09572fdd8b,auto-a1214efd9c98,hodr@ea88247,hodr,ea88247,mimir@cfc1ec4,mimir,cfc1ec4,showdown,all_official,1,0,rating,a,a,1.0,core_destroyed,489,,9,170,7,14,10,190,6,2,ok,,5.081,n-62-31-22,29052208,2026-08-08T08:39:11+0200
b1f661bcb7a0a016,auto-a1214efd9c98,skadi@aad5f44,skadi,aad5f44,hodr@ea88247,hodr,ea88247,saga,all_official,1,0,rating,b,b,0.0,core_destroyed,237,,222,2820,12,40,79,1950,13,24,ok,,8.465,n-62-11-64,29052208,2026-08-08T08:39:26+0200
b20e2df6f60b14c8,auto-a1214efd9c98,hodr@ea88247,hodr,ea88247,spar_mender@d5b46bc,spar_mender,d5b46bc,atoll,all_official,1,0,rating,a,a,1.0,core_destroyed,78,,18,340,7,14,8,220,8,7,ok,,3.411,n-62-28-31,29052208,2026-08-08T08:39:43+0200
b217dfb66976f4ab,auto-a1214efd9c98,hodr@ea88247,hodr,ea88247,pantheon_replica_day3@aa8bae0,pantheon_replica_day3,aa8bae0,antler,all_official,1,0,rating,a,a,1.0,core_destroyed,120,,14,290,6,10,20,280,4,5,ok,,3.643,n-62-30-25,29052208,2026-08-08T08:39:18+0200
b21b7943b82c70c2,auto-a1214efd9c98,hodr@ea88247,hodr,ea88247,skadi@aad5f44,skadi,aad5f44,sweden,all_official,1,0,rating,a,a,1.0,core_destroyed,302,,40,620,8,19,256,550,3,11,ok,,6.922,n-62-11-66,29052208,2026-08-08T08:39:57+0200
b25de15ebd91043b,auto-a1214efd9c98,hodr@ea88247,hodr,ea88247,jonbot@90fc9f3,jonbot,90fc9f3,aurora,all_official,1,0,rating,a,a,1.0,core_destroyed,81,,14,550,8,31,58,310,9,20,ok,,4.484,n-62-21-3,29052208,2026-08-08T08:38:33+0200
b277f3299f9efd56,auto-a1214efd9c98,jonbot@90fc9f3,jonbot,90fc9f3,hodr@ea88247,hodr,ea88247,twins,all_official,1,0,rating,b,b,0.0,core_destroyed,906,,56,0,7,4,10,2230,9,9,ok,,11.107,n-62-21-8,29052208,2026-08-08T08:38:07+0200
b2ad1652bf014d67,auto-a1214efd9c98,hodr@ea88247,hodr,ea88247,pantheon_replica_day3@aa8bae0,pantheon_replica_day3,aa8bae0,strait,all_official,1,0,rating,a,a,1.0,core_destroyed,284,,53,1010,7,22,16,140,8,17,ok,,5.204,n-62-31-20,29052208,2026-08-08T08:38:49+0200
b2d05d5b59eabbeb,auto-a1214efd9c98,hodr@ea88247,hodr,ea88247,spar_mender@d5b46bc,spar_mender,d5b46bc,eider,all_official,1,0,rating,a,a,1.0,core_destroyed,62,,10,330,8,12,45,130,8,9,ok,,3.893,n-62-28-33,29052208,2026-08-08T08:39:54+0200
b2d90a401f52ecea,auto-a1214efd9c98,hodr@ea88247,hodr,ea88247,skadi@6a2af02,skadi,6a2af02,longship,all_official,1,0,rating,a,a,1.0,core_destroyed,98,,2,380,8,17,6,290,8,21,ok,,4.104,n-62-31-5,29052208,2026-08-08T08:39:53+0200
b2df9b56481b61f7,auto-a1214efd9c98,heimdall@daf0de0,heimdall,daf0de0,hodr@ea88247,hodr,ea88247,strait,all_official,1,0,rating,b,b,0.0,core_destroyed,101,,9,230,9,24,182,600,7,28,ok,,4.032,n-62-12-6,29052208,2026-08-08T08:38:08+0200
b2ef1613e0c32b8a,auto-a1214efd9c98,hodr@ea88247,hodr,ea88247,prospect_rushonly@bf9b3e3,prospect_rushonly,bf9b3e3,saga,all_official,1,0,rating,a,a,1.0,core_destroyed,242,,9,570,10,11,8,0,9,0,ok,,6.169,n-62-12-8,29052208,2026-08-08T08:39:06+0200
b2fc417715ab9fc6,auto-a1214efd9c98,steward_relent@7ed1acc,steward_relent,7ed1acc,hodr@ea88247,hodr,ea88247,vault,all_official,1,0,rating,b,b,0.0,core_destroyed,134,,6,430,11,13,18,630,9,21,ok,,4.611,n-62-11-63,29052208,2026-08-08T08:40:20+0200
b2fd8c484311bd59,auto-a1214efd9c98,hodr@ea88247,hodr,ea88247,jonbot_190003d@90fc9f3,jonbot_190003d,90fc9f3,fjordgate,all_official,1,0,rating,b,b,0.0,core_destroyed,206,,8,30,7,9,60,500,9,20,ok,,3.613,n-62-21-15,29052208,2026-08-08T08:38:18+0200
b337f4582dcba947,auto-a1214efd9c98,hodr@ea88247,hodr,ea88247,mimir@cfc1ec4,mimir,cfc1ec4,archipelago,all_official,1,0,rating,a,a,1.0,core_destroyed,66,,20,360,9,27,5,150,8,14,ok,,4.179,n-62-21-72,29052208,2026-08-08T08:38:03+0200
b352e37001751693,auto-a1214efd9c98,hodr@ea88247,hodr,ea88247,odin@93e46da,odin,93e46da,fjordgate,all_official,1,0,rating,a,a,1.0,core_destroyed,218,,10,0,8,2,9,0,9,0,ok,,3.914,n-62-29-5,29052208,2026-08-08T08:38:43+0200
b355e0c7f80463f8,auto-a1214efd9c98,gobbleglitch@6cdc440,gobbleglitch,6cdc440,hodr@ea88247,hodr,ea88247,antler,all_official,1,0,rating,b,b,0.0,core_destroyed,113,,13,0,6,0,19,670,10,12,ok,,3.97,n-62-11-52,29052208,2026-08-08T08:38:09+0200
b37c60c7fb68c493,auto-a1214efd9c98,hodr@ea88247,hodr,ea88247,prospect@bf9b3e3,prospect,bf9b3e3,twins,all_official,1,0,rating,a,a,1.0,core_destroyed,189,,10,450,9,7,9,210,6,2,ok,,3.796,n-62-21-89,29052208,2026-08-08T08:39:15+0200
b37e1c1de078fd73,auto-a1214efd9c98,freyr@c2c0d3d,freyr,c2c0d3d,hodr@ea88247,hodr,ea88247,eider,all_official,1,0,rating,a,a,1.0,core_destroyed,116,,29,730,11,15,21,820,8,24,ok,,4.646,n-62-29-5,29052208,2026-08-08T08:38:27+0200
b387f230da5f5b5d,auto-a1214efd9c98,hodr@ea88247,hodr,ea88247,mjolnir@2e6c876,mjolnir,2e6c876,meander,all_official,1,0,rating,b,b,0.0,core_destroyed,293,,10,10,7,8,9,0,7,4,ok,,3.869,n-62-31-9,29052208,2026-08-08T08:38:58+0200
b3ae335b2fca0aed,auto-a1214efd9c98,hodr@ea88247,hodr,ea88247,tempest_reinforcements@38f9c23,tempest_reinforcements,38f9c23,showdown,all_official,1,0,rating,b,b,0.0,core_destroyed,261,,10,40,4,15,9,0,6,8,ok,,3.169,n-62-31-19,29052208,2026-08-08T08:40:42+0200
b3b06a07dabaa573,auto-a1214efd9c98,skadi@6a2af02,skadi,6a2af02,hodr@ea88247,hodr,ea88247,meander,all_official,1,0,rating,a,a,1.0,titanium_collected,1000,,16,90,5,13,16,0,7,3,ok,,6.404,n-62-31-5,29052208,2026-08-08T08:40:18+0200
b3bec41e188bc40f,auto-a1214efd9c98,hodr@ea88247,hodr,ea88247,tempest@90fc9f3,tempest,90fc9f3,longship,all_official,1,0,rating,a,a,1.0,core_destroyed,93,,9,210,8,14,59,0,9,3,ok,,5.781,n-62-29-5,29052208,2026-08-08T08:40:50+0200
b42c3fbe1415b3bb,auto-a1214efd9c98,hodr@ea88247,hodr,ea88247,gefjon@f66a427,gefjon,f66a427,duel,all_official,1,0,rating,a,a,1.0,core_destroyed,87,,7,390,8,12,36,390,9,15,ok,,4.531,n-62-31-18,29052208,2026-08-08T08:37:56+0200
b4362aa6fcc1fabc,auto-a1214efd9c98,steward_hardened_reinforced@366cd1b,steward_hardened_reinforced,366cd1b,hodr@ea88247,hodr,ea88247,saga,all_official,1,0,rating,b,b,0.0,core_destroyed,79,,8,250,8,29,9,360,8,23,ok,,4.361,n-62-30-24,29052208,2026-08-08T08:40:16+0200
b43d8139200e042d,auto-a1214efd9c98,hodr@ea88247,hodr,ea88247,skadi@1e4eddf,skadi,1e4eddf,archipelago,all_official,1,0,rating,a,a,1.0,core_destroyed,74,,19,420,7,28,29,370,6,17,ok,,3.761,n-62-21-9,29052208,2026-08-08T08:39:07+0200
b45920e9f33706ff,auto-a1214efd9c98,steward_hardened_reinforced@672ee02,steward_hardened_reinforced,672ee02,hodr@ea88247,hodr,ea88247,strait,all_official,1,0,rating,b,b,0.0,core_destroyed,206,,9,530,5,11,2,930,9,16,ok,,5.396,n-62-31-22,29052208,2026-08-08T08:39:48+0200
b46775e255693765,auto-a1214efd9c98,mistral@90fc9f3,mistral,90fc9f3,hodr@ea88247,hodr,ea88247,archipelago,all_official,1,0,rating,b,b,0.0,core_destroyed,65,,60,0,8,0,35,160,7,14,ok,,7.969,n-62-31-24,29052208,2026-08-08T08:39:26+0200
b4897896e7ff5231,auto-a1214efd9c98,hodr@ea88247,hodr,ea88247,steward_hardened_reinforced@deba9ec,steward_hardened_reinforced,deba9ec,fjord,all_official,1,0,rating,b,b,0.0,core_destroyed,86,,9,560,9,20,10,460,6,14,ok,,4.643,n-62-31-10,29052208,2026-08-08T08:39:50+0200
b4cdba8d2eada44f,auto-a1214efd9c98,e_t4l7@9e77076,e_t4l7,9e77076,hodr@ea88247,hodr,ea88247,sprint,all_official,1,0,rating,b,b,0.0,titanium_collected,1000,,259,40,3,10,30,2480,8,19,ok,,6.363,n-62-29-15,29052208,2026-08-08T08:38:06+0200
b4ffd9404197a15f,auto-a1214efd9c98,maporacle@38e1456,maporacle,38e1456,hodr@ea88247,hodr,ea88247,hive,all_official,1,0,rating,b,b,0.0,core_destroyed,97,,9,230,7,25,16,390,8,24,ok,,4.055,n-62-21-65,29052208,2026-08-08T08:38:43+0200
b5208a8babf5097e,auto-a1214efd9c98,steward_hardened_reinforced@f1f2bda,steward_hardened_reinforced,f1f2bda,hodr@ea88247,hodr,ea88247,strait,all_official,1,0,rating,a,a,1.0,titanium_collected,1000,,16,730,7,13,16,70,7,6,ok,,9.505,n-62-21-98,29052208,2026-08-08T08:40:19+0200
b5386b32745f23e0,auto-a1214efd9c98,hodr@ea88247,hodr,ea88247,steward_hardened_reinforced@f1f2bda,steward_hardened_reinforced,f1f2bda,bridge,all_official,1,0,rating,b,b,0.0,titanium_stored,1000,,93,0,15,11,121,0,15,7,ok,,27.131,n-62-12-2,29052208,2026-08-08T08:40:40+0200
b53b468137b969c1,auto-a1214efd9c98,hodr@ea88247,hodr,ea88247,lockin@90fc9f3,lockin,90fc9f3,nordkap,all_official,1,0,rating,a,a,1.0,core_destroyed,49,,2,100,8,16,620,0,0,0,ok,,2.061,n-62-21-60,29052208,2026-08-08T08:38:02+0200
b583debce99fcaa9,auto-a1214efd9c98,spar_mender@7ed1acc,spar_mender,7ed1acc,hodr@ea88247,hodr,ea88247,string,all_official,1,0,rating,b,b,0.0,core_destroyed,119,,108,20,6,2,50,720,8,20,ok,,4.125,n-62-28-28,29052208,2026-08-08T08:39:33+0200
b5848cd5334d8446,auto-a1214efd9c98,steward_hardened_reinforced@04300bf,steward_hardened_reinforced,04300bf,hodr@ea88247,hodr,ea88247,showdown,all_official,1,0,rating,b,b,0.0,core_destroyed,424,,16,170,6,6,20,1010,6,20,ok,,4.349,n-62-29-27,29052208,2026-08-08T08:39:44+0200
b5a3b2af18606b15,auto-a1214efd9c98,skadi@821d792,skadi,821d792,hodr@ea88247,hodr,ea88247,aurora,all_official,1,0,rating,b,b,0.0,core_destroyed,74,,40,470,8,35,19,280,8,24,ok,,3.856,n-62-31-22,29052208,2026-08-08T08:40:01+0200
b5a6ed02cd48ca1a,auto-a1214efd9c98,fenrir2@6b39ebb,fenrir2,6b39ebb,hodr@ea88247,hodr,ea88247,strait,all_official,1,0,rating,b,b,0.0,core_destroyed,85,,53,450,9,37,10,480,9,30,ok,,4.664,n-62-29-33,29052208,2026-08-08T08:38:37+0200
b5cbd010890d8157,auto-a1214efd9c98,hodr@ea88247,hodr,ea88247,steward_hardened_reinforced@f1f2bda,steward_hardened_reinforced,f1f2bda,meander,all_official,1,0,rating,b,b,0.0,core_destroyed,349,,10,60,7,2,9,0,9,8,ok,,4.329,n-62-12-3,29052208,2026-08-08T08:39:53+0200
b5cd1cae587dc8ed,auto-a1214efd9c98,hodr@ea88247,hodr,ea88247,spar_mender@d5b46bc,spar_mender,d5b46bc,sweden,all_official,1,0,rating,b,b,0.0,titanium_collected,1000,,20,0,9,4,53,1560,17,12,ok,,33.73,n-62-29-16,29052208,2026-08-08T08:40:50+0200
b606d36c35c10abb,auto-a1214efd9c98,hodr@ea88247,hodr,ea88247,njord@f66a427,njord,f66a427,snowflake,all_official,1,0,rating,a,a,1.0,core_destroyed,65,,43,550,9,22,7,140,8,11,ok,,3.487,n-62-28-34,29052208,2026-08-08T08:39:21+0200
b606d90981cd3730,auto-a1214efd9c98,hodr@ea88247,hodr,ea88247,steward_hardened_reinforced@04300bf,steward_hardened_reinforced,04300bf,aurora,all_official,1,0,rating,a,a,1.0,core_destroyed,68,,28,410,7,30,19,250,8,22,ok,,3.401,n-62-29-24,29052208,2026-08-08T08:39:37+0200
b62b2e201f9ce98f,auto-a1214efd9c98,hodr@ea88247,hodr,ea88247,janus@8a1e7a1,janus,8a1e7a1,bridge,all_official,1,0,rating,b,b,0.0,core_destroyed,243,,10,0,6,14,204,580,12,16,ok,,5.143,n-62-21-12,29052208,2026-08-08T08:38:07+0200
b62eebbffc84b7f6,auto-a1214efd9c98,steward_hardened_reinforced@deba9ec,steward_hardened_reinforced,deba9ec,hodr@ea88247,hodr,ea88247,fjord,all_official,1,0,rating,b,b,0.0,core_destroyed,65,,24,380,10,18,17,410,7,26,ok,,4.281,n-62-31-10,29052208,2026-08-08T08:39:55+0200
b66f8be3845147a7,auto-a1214efd9c98,steward_reinforced@a8dc58a,steward_reinforced,a8dc58a,hodr@ea88247,hodr,ea88247,heart,all_official,1,0,rating,b,b,0.0,core_destroyed,149,,10,0,7,3,9,40,6,11,ok,,3.215,n-62-31-21,29052208,2026-08-08T08:40:21+0200
b68cff863d7c4655,auto-a1214efd9c98,hodr@ea88247,hodr,ea88247,steward_reinforced@a8dc58a,steward_reinforced,a8dc58a,runestone,all_official,1,0,rating,a,a,1.0,core_destroyed,105,,17,230,6,21,10,280,9,25,ok,,5.213,n-62-31-22,29052208,2026-08-08T08:40:20+0200
b6a9e945787951f7,auto-a1214efd9c98,skadi@aad5f44,skadi,aad5f44,hodr@ea88247,hodr,ea88247,snowflake,all_official,1,0,rating,a,a,1.0,core_destroyed,159,,33,1370,12,34,24,370,7,22,ok,,5.522,n-62-11-64,29052208,2026-08-08T08:40:03+0200
b6ab6676c9129771,auto-a1214efd9c98,tempest_reinforcements@025dd51,tempest_reinforcements,025dd51,hodr@ea88247,hodr,ea88247,heart,all_official,1,0,rating,b,b,0.0,core_destroyed,56,,10,0,8,7,16,30,5,7,ok,,3.088,n-62-30-24,29052208,2026-08-08T08:40:48+0200
b6abfa4ed23fb2f4,auto-a1214efd9c98,hodr@ea88247,hodr,ea88247,skadi@aad5f44,skadi,aad5f44,vault,all_official,1,0,rating,b,b,0.0,core_destroyed,470,,45,2290,10,17,8,2130,10,11,ok,,7.883,n-62-21-92,29052208,2026-08-08T08:39:33+0200
b6bcfcc475e6fa84,auto-a1214efd9c98,strategist@2a19238,strategist,2a19238,hodr@ea88247,hodr,ea88247,snowflake,all_official,1,0,rating,b,b,0.0,core_destroyed,258,,755,1240,15,29,107,1970,20,51,ok,,10.855,n-62-31-10,29052208,2026-08-08T08:40:50+0200
b718173ca81b60e8,auto-a1214efd9c98,spar_mender@d5b46bc,spar_mender,d5b46bc,hodr@ea88247,hodr,ea88247,strait,all_official,1,0,rating,b,b,0.0,core_destroyed,137,,9,540,9,38,71,860,13,33,ok,,6.956,n-62-29-16,29052208,2026-08-08T08:40:01+0200
b72e40c57be67abf,auto-a1214efd9c98,steward_hardened_reinforced@cdc552f,steward_hardened_reinforced,cdc552f,hodr@ea88247,hodr,ea88247,lighthouse,all_official,1,0,rating,b,b,0.0,core_destroyed,56,,17,200,9,9,18,210,6,11,ok,,3.264,n-62-11-66,29052208,2026-08-08T08:40:17+0200
b75da6b05d70f8fc,auto-a1214efd9c98,hodr@ea88247,hodr,ea88247,jotunn@6b39ebb,jotunn,6b39ebb,antler,all_official,1,0,rating,a,a,1.0,core_destroyed,99,,18,450,7,11,9,440,6,10,ok,,3.287,n-62-21-23,29052208,2026-08-08T08:38:05+0200
b76688416845e7cf,auto-a1214efd9c98,gobbleglitch@6cdc440,gobbleglitch,6cdc440,hodr@ea88247,hodr,ea88247,twins,all_official,1,0,rating,b,b,0.0,core_destroyed,330,,57,70,8,8,10,790,8,11,ok,,5.013,n-62-12-5,29052208,2026-08-08T08:38:19+0200
b78926ae2c862888,auto-a1214efd9c98,hodr@ea88247,hodr,ea88247,odin@93e46da,odin,93e46da,moonrise,all_official,1,0,rating,a,a,1.0,core_destroyed,76,,18,280,8,9,20,170,8,6,ok,,3.195,n-62-29-17,29052208,2026-08-08T08:38:58+0200
b7a396afb0437217,auto-a1214efd9c98,hodr@ea88247,hodr,ea88247,janus@8a1e7a1,janus,8a1e7a1,skerry,all_official,1,0,rating,a,a,1.0,core_destroyed,79,,8,510,7,13,7,220,8,7,ok,,4.024,n-62-21-9,29052208,2026-08-08T08:38:09+0200
b7b0b912385e9060,auto-a1214efd9c98,steward_hardened_reinforced@cdc552f,steward_hardened_reinforced,cdc552f,hodr@ea88247,hodr,ea88247,saga,all_official,1,0,rating,b,b,0.0,core_destroyed,181,,8,180,8,20,77,1390,12,24,ok,,7.268,n-62-11-51,29052208,2026-08-08T08:39:55+0200
b7b1607f2ec8fb63,auto-a1214efd9c98,hodr@ea88247,hodr,ea88247,mimir@cfc1ec4,mimir,cfc1ec4,skerry,all_official,1,0,rating,a,a,1.0,core_destroyed,110,,70,750,9,14,6,320,6,16,ok,,3.897,n-62-31-22,29052208,2026-08-08T08:39:21+0200
b7f197d95a51604a,auto-a1214efd9c98,prospect@bf9b3e3,prospect,bf9b3e3,hodr@ea88247,hodr,ea88247,quarry,all_official,1,0,rating,b,b,0.0,core_destroyed,82,,9,530,9,33,18,410,8,20,ok,,3.517,n-62-11-57,29052208,2026-08-08T08:38:58+0200
b7f9977e1583923b,auto-a1214efd9c98,janus@8a1e7a1,janus,8a1e7a1,hodr@ea88247,hodr,ea88247,vase,all_official,1,0,rating,b,b,0.0,core_destroyed,735,,89,0,5,7,10,1790,10,14,ok,,15.092,n-62-21-14,29052208,2026-08-08T08:38:47+0200
b81b9b91a462690b,auto-a1214efd9c98,skadi@1e4eddf,skadi,1e4eddf,hodr@ea88247,hodr,ea88247,jackpot,all_official,1,0,rating,a,a,1.0,core_destroyed,92,,154,500,4,29,188,350,10,14,ok,,4.406,n-62-21-5,29052208,2026-08-08T08:40:13+0200
b82acebc7f91a56e,auto-a1214efd9c98,hodr@ea88247,hodr,ea88247,tyr@2e6c876,tyr,2e6c876,lighthouse,all_official,1,0,rating,a,a,1.0,core_destroyed,156,,50,970,6,27,77,970,9,16,ok,,5.954,n-62-31-22,29052208,2026-08-08T08:40:40+0200
b8623dee4533ca3f,auto-a1214efd9c98,hodr@ea88247,hodr,ea88247,maporacle@38e1456,maporacle,38e1456,runestone,all_official,1,0,rating,b,b,0.0,core_destroyed,557,,10,280,8,16,9,100,9,8,ok,,6.367,n-62-21-67,29052208,2026-08-08T08:38:30+0200
b870c7e0da5771d3,auto-a1214efd9c98,aegis@e55aab5,aegis,e55aab5,hodr@ea88247,hodr,ea88247,sprint,all_official,1,0,rating,b,b,0.0,core_destroyed,74,,8,0,7,1,8,80,5,3,ok,,3.029,n-62-31-24,29052208,2026-08-08T08:38:07+0200
b8a66ffbefbaa299,auto-a1214efd9c98,prospect_rushonly@bf9b3e3,prospect_rushonly,bf9b3e3,hodr@ea88247,hodr,ea88247,meander,all_official,1,0,rating,a,a,1.0,titanium_collected,1000,,16,110,5,4,16,0,7,14,ok,,6.726,n-62-12-7,29052208,2026-08-08T08:38:58+0200
b8d7eb68e596dfeb,auto-a1214efd9c98,hodr@ea88247,hodr,ea88247,odin@93e46da,odin,93e46da,duel,all_official,1,0,rating,a,a,1.0,core_destroyed,52,,26,220,9,7,16,210,8,9,ok,,3.258,n-62-29-34,29052208,2026-08-08T08:39:01+0200
b8d9e9af36f18725,auto-a1214efd9c98,spar_mender@d5b46bc,spar_mender,d5b46bc,hodr@ea88247,hodr,ea88247,longship,all_official,1,0,rating,b,b,0.0,core_destroyed,90,,30,200,7,18,33,490,8,26,ok,,3.46,n-62-29-13,29052208,2026-08-08T08:39:30+0200
b8eb1f3dd51b993a,auto-a1214efd9c98,skadi@6a2af02,skadi,6a2af02,hodr@ea88247,hodr,ea88247,sweden,all_official,1,0,rating,a,a,1.0,core_destroyed,397,,20,2780,22,20,32,50,6,1,ok,,19.855,n-62-31-21,29052208,2026-08-08T08:39:58+0200
b8fcc76837bc1e80,auto-a1214efd9c98,hodr@ea88247,hodr,ea88247,ragnarok_fair@79582fc,ragnarok_fair,79582fc,moonrise,all_official,1,0,rating,a,a,1.0,core_destroyed,81,,20,310,7,9,9,40,6,9,ok,,3.216,n-62-21-4,29052208,2026-08-08T08:39:41+0200
b90fa1cd1243eb71,auto-a1214efd9c98,hodr@ea88247,hodr,ea88247,freyr@c2c0d3d,freyr,c2c0d3d,sweden,all_official,1,0,rating,b,b,0.0,core_destroyed,734,,10,0,9,2,33,1800,14,15,ok,,26.631,n-62-31-17,29052208,2026-08-08T08:39:09+0200
b94213013e6c7270,auto-a1214efd9c98,odin@38e1456,odin,38e1456,hodr@ea88247,hodr,ea88247,snowflake,all_official,1,0,rating,a,a,1.0,core_destroyed,75,,19,530,10,18,0,160,8,10,ok,,4.26,n-62-29-31,29052208,2026-08-08T08:39:02+0200
b94d43ed0875e374,auto-a1214efd9c98,hodr@ea88247,hodr,ea88247,pantheon_replica_day3@aa8bae0,pantheon_replica_day3,aa8bae0,lighthouse,all_official,1,0,rating,b,b,0.0,core_destroyed,253,,9,200,7,2,10,600,6,8,ok,,4.479,n-62-31-8,29052208,2026-08-08T08:39:12+0200
b994f7e2bd531745,auto-a1214efd9c98,hodr@ea88247,hodr,ea88247,fenrir2@6b39ebb,fenrir2,6b39ebb,archipelago,all_official,1,0,rating,a,a,1.0,core_destroyed,112,,130,1340,8,52,36,450,11,27,ok,,5.404,n-62-29-16,29052208,2026-08-08T08:38:35+0200
b9aacc924ee43c8c,auto-a1214efd9c98,hodr@ea88247,hodr,ea88247,steward_hardened_reinforced@f61245f,steward_hardened_reinforced,f61245f,bridge,all_official,1,0,rating,a,a,1.0,titanium_stored,1000,,43,0,10,13,40,0,12,5,ok,,21.999,n-62-28-31,29052208,2026-08-08T08:40:22+0200
b9dc0cea562c38b8,auto-a1214efd9c98,tempest_reinforcements@38f9c23,tempest_reinforcements,38f9c23,hodr@ea88247,hodr,ea88247,saga,all_official,1,0,rating,b,b,0.0,core_destroyed,76,,19,300,8,31,26,330,8,22,ok,,3.705,n-62-31-19,29052208,2026-08-08T08:40:39+0200
b9df76c10e520b8c,auto-a1214efd9c98,freyr@c2c0d3d,freyr,c2c0d3d,hodr@ea88247,hodr,ea88247,fjordgate,all_official,1,0,rating,a,a,1.0,core_destroyed,224,,30,1060,6,25,32,10,2,3,ok,,3.916,n-62-29-17,29052208,2026-08-08T08:37:58+0200
ba0b8fe53f4c3a5a,auto-a1214efd9c98,steward_hardened_reinforced@672ee02,steward_hardened_reinforced,672ee02,hodr@ea88247,hodr,ea88247,bridge,all_official,1,0,rating,b,b,0.0,core_destroyed,501,,10,0,16,7,10,0,14,5,ok,,16.208,n-62-31-8,29052208,2026-08-08T08:40:35+0200
ba0c9b3002ffcfca,auto-a1214efd9c98,pantheon_replica_day3@aa8bae0,pantheon_replica_day3,aa8bae0,hodr@ea88247,hodr,ea88247,archipelago,all_official,1,0,rating,a,a,1.0,core_destroyed,61,,20,300,8,17,9,140,7,13,ok,,3.993,n-62-30-25,29052208,2026-08-08T08:39:30+0200
ba16e4778dee8dda,auto-a1214efd9c98,hodr@ea88247,hodr,ea88247,prospect_rushonly@bf9b3e3,prospect_rushonly,bf9b3e3,twins,all_official,1,0,rating,a,a,1.0,core_destroyed,189,,10,450,9,7,9,210,6,2,ok,,3.935,n-62-12-2,29052208,2026-08-08T08:39:40+0200
ba2653dcbab31a5d,auto-a1214efd9c98,hodr@ea88247,hodr,ea88247,undertow_oracle@fdc1e1f,undertow_oracle,fdc1e1f,longship,all_official,1,0,rating,a,a,1.0,core_destroyed,101,,10,400,8,34,68,550,13,18,ok,,4.69,n-62-29-21,29052208,2026-08-08T08:40:48+0200
ba2b963e7262a76b,auto-a1214efd9c98,hodr@ea88247,hodr,ea88247,lockin@90fc9f3,lockin,90fc9f3,duel,all_official,1,0,rating,a,a,1.0,core_destroyed,82,,20,200,8,10,357,190,5,3,ok,,4.752,n-62-21-57,29052208,2026-08-08T08:38:01+0200
ba58e88d0444bd27,auto-a1214efd9c98,gobbleglitch@6cdc440,gobbleglitch,6cdc440,hodr@ea88247,hodr,ea88247,string,all_official,1,0,rating,b,b,0.0,core_destroyed,231,,81,0,4,3,10,570,9,4,ok,,4.266,n-62-12-1,29052208,2026-08-08T08:38:35+0200
ba5b213a5833e92c,auto-a1214efd9c98,skadi@821d792,skadi,821d792,hodr@ea88247,hodr,ea88247,showdown,all_official,1,0,rating,a,a,1.0,core_destroyed,268,,20,620,6,13,16,170,8,6,ok,,4.292,n-62-31-24,29052208,2026-08-08T08:40:00+0200
ba65b6ce6032cee7,auto-a1214efd9c98,njord@f66a427,njord,f66a427,hodr@ea88247,hodr,ea88247,fjord,all_official,1,0,rating,a,a,1.0,core_destroyed,116,,14,770,9,15,17,600,6,15,ok,,4.289,n-62-28-28,29052208,2026-08-08T08:39:14+0200
ba72a9d95c7a1e89,auto-a1214efd9c98,hodr@ea88247,hodr,ea88247,gefjon@f66a427,gefjon,f66a427,twins,all_official,1,0,rating,a,a,1.0,core_destroyed,181,,8,430,8,8,9,530,8,9,ok,,3.793,n-62-11-50,29052208,2026-08-08T08:38:34+0200
ba8b618d5d2f4aa3,auto-a1214efd9c98,freyr@c2c0d3d,freyr,c2c0d3d,hodr@ea88247,hodr,ea88247,aurora,all_official,1,0,rating,a,a,1.0,core_destroyed,70,,28,430,7,30,6,250,8,22,ok,,3.689,n-62-29-34,29052208,2026-08-08T08:38:23+0200
baaa083118e17d53,auto-a1214efd9c98,spar_mender@d5b46bc,spar_mender,d5b46bc,hodr@ea88247,hodr,ea88247,sprint,all_official,1,0,rating,b,b,0.0,titanium_collected,1000,,12,0,9,6,19,2460,8,14,ok,,8.989,n-62-29-16,29052208,2026-08-08T08:39:49+0200
baabca94a23ec6ed,auto-a1214efd9c98,aegis@e55aab5,aegis,e55aab5,hodr@ea88247,hodr,ea88247,moonrise,all_official,1,0,rating,a,a,1.0,core_destroyed,111,,10,470,7,12,7,110,4,5,ok,,3.254,n-62-31-22,29052208,2026-08-08T08:38:14+0200
bacf5a1aa9ce1873,auto-a1214efd9c98,hodr@ea88247,hodr,ea88247,skadi@1e4eddf,skadi,1e4eddf,sprint,all_official,1,0,rating,a,a,1.0,core_destroyed,201,,9,0,7,3,10,0,4,1,ok,,3.247,n-62-21-24,29052208,2026-08-08T08:39:09+0200
bad8010261e6c718,auto-a1214efd9c98,steward_hardened_reinforced@672ee02,steward_hardened_reinforced,672ee02,hodr@ea88247,hodr,ea88247,heart,all_official,1,0,rating,b,b,0.0,core_destroyed,417,,10,0,8,0,9,40,6,9,ok,,5.435,n-62-31-4,29052208,2026-08-08T08:39:44+0200
bb0a8b32e746db7d,auto-a1214efd9c98,hodr@ea88247,hodr,ea88247,tempest_reinforcements@38f9c23,tempest_reinforcements,38f9c23,vault,all_official,1,0,rating,a,a,1.0,core_destroyed,59,,9,240,9,13,9,250,10,9,ok,,3.162,n-62-31-21,29052208,2026-08-08T08:40:35+0200
bb100f01cbdc4999,auto-a1214efd9c98,njord@f66a427,njord,f66a427,hodr@ea88247,hodr,ea88247,sprint,all_official,1,0,rating,a,a,1.0,core_destroyed,301,,9,20,6,4,10,90,7,5,ok,,4.012,n-62-29-13,29052208,2026-08-08T08:38:45+0200
bb1a049a09614170,auto-a1214efd9c98,aegis@e55aab5,aegis,e55aab5,hodr@ea88247,hodr,ea88247,strait,all_official,1,0,rating,a,a,1.0,core_destroyed,417,,36,1840,10,40,10,1030,6,7,ok,,6.435,n-62-31-24,29052208,2026-08-08T08:38:17+0200
bb37a5db758fb631,auto-a1214efd9c98,tempest_reinforcements@025dd51,tempest_reinforcements,025dd51,hodr@ea88247,hodr,ea88247,snowflake,all_official,1,0,rating,a,a,1.0,core_destroyed,101,,61,540,10,11,10,120,8,3,ok,,4.428,n-62-31-5,29052208,2026-08-08T08:40:37+0200
bb50bc08280ea5ce,auto-a1214efd9c98,steward_hardened_reinforced@366cd1b,steward_hardened_reinforced,366cd1b,hodr@ea88247,hodr,ea88247,eider,all_official,1,0,rating,a,a,1.0,core_destroyed,116,,29,730,11,15,21,820,8,24,ok,,4.541,n-62-29-5,29052208,2026-08-08T08:40:35+0200
bb54f7f48fc59b13,auto-a1214efd9c98,steward_hardened_reinforced@f1f2bda,steward_hardened_reinforced,f1f2bda,hodr@ea88247,hodr,ea88247,fjord,all_official,1,0,rating,a,a,1.0,core_destroyed,116,,14,770,9,15,17,600,6,15,ok,,4.269,n-62-31-11,29052208,2026-08-08T08:40:23+0200
bb79eeadae690ba6,auto-a1214efd9c98,hodr@ea88247,hodr,ea88247,bastion@840a180,bastion,840a180,drumlin,all_official,1,0,rating,a,a,1.0,core_destroyed,61,,18,340,7,22,10,220,8,18,ok,,4.03,n-62-11-60,29052208,2026-08-08T08:38:41+0200
bb9e32987704697d,auto-a1214efd9c98,steward_hardened_reinforced@f61245f,steward_hardened_reinforced,f61245f,hodr@ea88247,hodr,ea88247,sprint,all_official,1,0,rating,a,a,1.0,core_destroyed,105,,9,10,6,4,10,40,7,6,ok,,3.349,n-62-31-5,29052208,2026-08-08T08:40:34+0200
bba99d5cf30aa19a,auto-a1214efd9c98,steward_hardened_reinforced@c04e46e,steward_hardened_reinforced,c04e46e,hodr@ea88247,hodr,ea88247,quarry,all_official,1,0,rating,b,b,0.0,core_destroyed,117,,7,210,6,23,25,670,9,22,ok,,4.226,n-62-11-68,29052208,2026-08-08T08:39:51+0200
bbb89406206c00a6,auto-a1214efd9c98,skadi@821d792,skadi,821d792,hodr@ea88247,hodr,ea88247,heart,all_official,1,0,rating,b,b,0.0,core_destroyed,253,,10,0,4,13,9,60,6,10,ok,,5.077,n-62-21-15,29052208,2026-08-08T08:39:29+0200
bbb94b43af6c06bb,auto-a1214efd9c98,hodr@ea88247,hodr,ea88247,steward_relent@7ed1acc,steward_relent,7ed1acc,jackpot,all_official,1,0,rating,b,b,0.0,core_destroyed,411,,247,1980,13,23,45,1950,13,20,ok,,19.045,n-62-11-68,29052208,2026-08-08T08:40:35+0200
bbc08e8b0f499df0,auto-a1214efd9c98,hodr@ea88247,hodr,ea88247,maporacle@38e1456,maporacle,38e1456,saga,all_official,1,0,rating,a,a,1.0,core_destroyed,128,,68,500,8,27,17,420,7,15,ok,,5.129,n-62-21-67,29052208,2026-08-08T08:38:40+0200
bc095ef947a75f22,auto-a1214efd9c98,mimir@cfc1ec4,mimir,cfc1ec4,hodr@ea88247,hodr,ea88247,string,all_official,1,0,rating,b,b,0.0,core_destroyed,247,,59,30,1,2,47,1710,14,12,ok,,6.749,n-62-31-23,29052208,2026-08-08T08:39:23+0200
bc0e6a562e76aae7,auto-a1214efd9c98,skadi@6a2af02,skadi,6a2af02,hodr@ea88247,hodr,ea88247,archipelago,all_official,1,0,rating,b,b,0.0,core_destroyed,188,,148,1620,14,29,29,780,9,19,ok,,6.981,n-62-21-17,29052208,2026-08-08T08:40:00+0200
bc1d5c67993e3808,auto-a1214efd9c98,hodr@ea88247,hodr,ea88247,spar_mender@d5b46bc,spar_mender,d5b46bc,vault,all_official,1,0,rating,a,a,1.0,core_destroyed,102,,20,460,8,34,111,460,10,24,ok,,5.034,n-62-29-21,29052208,2026-08-08T08:40:05+0200
bc68f27ae951ca49,auto-a1214efd9c98,hodr@ea88247,hodr,ea88247,fenrir2@6b39ebb,fenrir2,6b39ebb,quarry,all_official,1,0,rating,a,a,1.0,core_destroyed,113,,35,680,8,31,10,280,6,21,ok,,3.992,n-62-29-31,29052208,2026-08-08T08:38:18+0200
bc6dbe3a5e324e61,auto-a1214efd9c98,hodr@ea88247,hodr,ea88247,steward_reinforced@a8dc58a,steward_reinforced,a8dc58a,atoll,all_official,1,0,rating,a,a,1.0,core_destroyed,61,,9,140,9,6,108,200,5,10,ok,,3.318,n-62-29-16,29052208,2026-08-08T08:40:21+0200
bc72ca2ab94b0e64,auto-a1214efd9c98,aegis@e55aab5,aegis,e55aab5,hodr@ea88247,hodr,ea88247,meander,all_official,1,0,rating,b,b,0.0,core_destroyed,117,,10,130,7,8,9,0,7,7,ok,,3.23,n-62-31-22,29052208,2026-08-08T08:38:07+0200
bc8ecca7fb471da9,auto-a1214efd9c98,hodr@ea88247,hodr,ea88247,steward_hardened_reinforced@c04e46e,steward_hardened_reinforced,c04e46e,quarry,all_official,1,0,rating,b,b,0.0,core_destroyed,887,,4,630,7,22,10,2430,10,16,ok,,9.816,n-62-11-68,29052208,2026-08-08T08:39:46+0200
bc8f14e711b7f40a,auto-a1214efd9c98,ragnarok_fair@79582fc,ragnarok_fair,79582fc,hodr@ea88247,hodr,ea88247,skerry,all_official,1,0,rating,b,b,0.0,core_destroyed,49,,2,270,9,20,10,250,8,23,ok,,3.678,n-62-21-2,29052208,2026-08-08T08:39:10+0200
bc96a6e2ed88c766,auto-a1214efd9c98,hodr@ea88247,hodr,ea88247,mimir@cfc1ec4,mimir,cfc1ec4,antler,all_official,1,0,rating,b,b,0.0,core_destroyed,56,,20,290,6,13,18,230,7,14,ok,,3.8,n-62-21-72,29052208,2026-08-08T08:37:55+0200
bc9b0edb68be4188,auto-a1214efd9c98,maporacle@38e1456,maporacle,38e1456,hodr@ea88247,hodr,ea88247,quarry,all_official,1,0,rating,b,b,0.0,core_destroyed,94,,378,350,7,13,10,490,10,19,ok,,4.358,n-62-21-67,29052208,2026-08-08T08:38:24+0200
bc9b9861f6d608f8,auto-a1214efd9c98,prospect@bf9b3e3,prospect,bf9b3e3,hodr@ea88247,hodr,ea88247,crossfire,all_official,1,0,rating,b,b,0.0,core_destroyed,57,,10,100,7,10,8,230,7,8,ok,,3.217,n-62-11-55,29052208,2026-08-08T08:39:19+0200
bc9dff8cde70001f,auto-a1214efd9c98,hodr@ea88247,hodr,ea88247,fenrir2@6b39ebb,fenrir2,6b39ebb,strait,all_official,1,0,rating,a,a,1.0,core_destroyed,100,,18,590,9,26,21,400,8,23,ok,,4.616,n-62-29-33,29052208,2026-08-08T08:38:32+0200
bca0c64cd921d6d0,auto-a1214efd9c98,hodr@ea88247,hodr,ea88247,jonbot@90fc9f3,jonbot,90fc9f3,nordkap,all_official,1,0,rating,a,a,1.0,core_destroyed,201,,10,930,7,16,7,0,7,11,ok,,4.82,n-62-21-10,29052208,2026-08-08T08:38:32+0200
bca5cbf29e31500c,auto-a1214efd9c98,hodr@ea88247,hodr,ea88247,fenrir2@6b39ebb,fenrir2,6b39ebb,skerry,all_official,1,0,rating,a,a,1.0,core_destroyed,92,,28,610,12,22,30,640,10,26,ok,,5.647,n-62-29-33,29052208,2026-08-08T08:38:06+0200
bcf6de0ca4c2f345,auto-a1214efd9c98,hodr@ea88247,hodr,ea88247,steward_relent@7ed1acc,steward_relent,7ed1acc,atoll,all_official,1,0,rating,a,a,1.0,core_destroyed,91,,13,400,8,17,16,400,9,8,ok,,4.578,n-62-11-60,29052208,2026-08-08T08:40:10+0200
bcf8074718b1b752,auto-a1214efd9c98,hodr@ea88247,hodr,ea88247,steward_hardened_reinforced@672ee02,steward_hardened_reinforced,672ee02,fjordgate,all_official,1,0,rating,a,a,1.0,core_destroyed,125,,10,560,6,17,9,10,4,2,ok,,3.329,n-62-31-13,29052208,2026-08-08T08:40:04+0200
bd21e22df40b4a1e,auto-a1214efd9c98,hodr@ea88247,hodr,ea88247,strategist@2a19238,strategist,2a19238,skerry,all_official,1,0,rating,a,a,1.0,core_destroyed,308,,62,3690,22,52,28,1510,9,18,ok,,14.5,n-62-31-10,29052208,2026-08-08T08:40:30+0200
bd23a14c311c48dd,auto-a1214efd9c98,hodr@ea88247,hodr,ea88247,e_t4l7@9e77076,e_t4l7,9e77076,antler,all_official,1,0,rating,a,a,1.0,titanium_collected,1000,,30,7380,6,20,2239,5060,8,20,ok,,9.756,n-62-21-98,29052208,2026-08-08T08:38:55+0200
bd4cd57a6a17ae51,auto-a1214efd9c98,hodr@ea88247,hodr,ea88247,steward_hardened_reinforced@366cd1b,steward_hardened_reinforced,366cd1b,hive,all_official,1,0,rating,b,b,0.0,core_destroyed,56,,18,120,9,19,16,180,8,23,ok,,3.447,n-62-29-17,29052208,2026-08-08T08:40:03+0200
bd5c51fd52c090ef,auto-a1214efd9c98,hodr@ea88247,hodr,ea88247,jonbot_190003d@90fc9f3,jonbot_190003d,90fc9f3,string,all_official,1,0,rating,a,a,1.0,core_destroyed,121,,16,760,11,19,331,50,1,9,ok,,3.375,n-62-21-21,29052208,2026-08-08T08:38:03+0200
bd79fef422c02bcf,auto-a1214efd9c98,hodr@ea88247,hodr,ea88247,prospect@bf9b3e3,prospect,bf9b3e3,hive,all_official,1,0,rating,b,b,0.0,core_destroyed,52,,18,110,9,19,17,150,8,14,ok,,3.23,n-62-11-50,29052208,2026-08-08T08:39:11+0200
bd7b3aae6c29d617,auto-a1214efd9c98,hodr@ea88247,hodr,ea88247,mistral@90fc9f3,mistral,90fc9f3,pinch,all_official,1,0,rating,a,a,1.0,core_destroyed,49,,10,100,8,14,344,0,4,0,ok,,3.88,n-62-11-62,29052208,2026-08-08T08:38:58+0200
bdb5e54cfabb662f,auto-a1214efd9c98,hodr@ea88247,hodr,ea88247,ragnarok_fair@79582fc,ragnarok_fair,79582fc,longship,all_official,1,0,rating,a,a,1.0,core_destroyed,89,,35,360,6,26,12,550,12,23,ok,,4.859,n-62-21-4,29052208,2026-08-08T08:39:25+0200
bde30f4c3fd5329a,auto-a1214efd9c98,mjolnir@2e6c876,mjolnir,2e6c876,hodr@ea88247,hodr,ea88247,archipelago,all_official,1,0,rating,b,b,0.0,core_destroyed,90,,104,620,8,36,8,280,8,15,ok,,4.449,n-62-11-66,29052208,2026-08-08T08:38:59+0200
be0aecf7294cb4f2,auto-a1214efd9c98,lockin@90fc9f3,lockin,90fc9f3,hodr@ea88247,hodr,ea88247,fjord,all_official,1,0,rating,b,b,0.0,core_destroyed,47,,123,100,11,4,10,260,8,25,ok,,5.032,n-62-21-57,29052208,2026-08-08T08:38:20+0200
be249db2e7c05df5,auto-a1214efd9c98,njord@f66a427,njord,f66a427,hodr@ea88247,hodr,ea88247,duel,all_official,1,0,rating,a,a,1.0,core_destroyed,59,,9,250,8,7,170,250,6,6,ok,,3.249,n-62-28-28,29052208,2026-08-08T08:38:50+0200
be319c95c1f82503,auto-a1214efd9c98,hodr@ea88247,hodr,ea88247,steward_hardened_reinforced@c04e46e,steward_hardened_reinforced,c04e46e,fjord,all_official,1,0,rating,a,a,1.0,core_destroyed,105,,38,710,9,16,8,540,6,15,ok,,3.536,n-62-11-50,29052208,2026-08-08T08:40:09+0200
be3610e1551c3e20,auto-a1214efd9c98,hodr@ea88247,hodr,ea88247,lockin@90fc9f3,lockin,90fc9f3,skerry,all_official,1,0,rating,a,a,1.0,core_destroyed,47,,20,250,8,16,95,190,12,6,ok,,5.612,n-62-21-61,29052208,2026-08-08T08:38:20+0200
be5d8e426e47aabc,auto-a1214efd9c98,hodr@ea88247,hodr,ea88247,jotunn@6b39ebb,jotunn,6b39ebb,runestone,all_official,1,0,rating,a,a,1.0,core_destroyed,102,,16,390,8,28,4,310,8,21,ok,,3.257,n-62-12-66,29052208,2026-08-08T08:38:11+0200
be5eb00c686a28b1,auto-a1214efd9c98,hodr@ea88247,hodr,ea88247,mistral@90fc9f3,mistral,90fc9f3,meander,all_official,1,0,rating,a,a,1.0,core_destroyed,77,,18,260,7,18,60,0,11,0,ok,,5.604,n-62-11-68,29052208,2026-08-08T08:39:27+0200
be61c474851453c2,auto-a1214efd9c98,skadi@1e4eddf,skadi,1e4eddf,hodr@ea88247,hodr,ea88247,skerry,all_official,1,0,rating,a,a,1.0,core_destroyed,93,,9,430,9,12,33,580,6,23,ok,,4.422,n-62-21-10,29052208,2026-08-08T08:39:57+0200
bec139918a1baed8,auto-a1214efd9c98,hodr@ea88247,hodr,ea88247,odin@93e46da,odin,93e46da,twins,all_official,1,0,rating,a,a,1.0,core_destroyed,95,,11,250,7,15,10,210,8,9,ok,,4.306,n-62-30-25,29052208,2026-08-08T08:38:45+0200
becaefefb49489d8,auto-a1214efd9c98,hodr@ea88247,hodr,ea88247,njord@f66a427,njord,f66a427,meander,all_official,1,0,rating,b,b,0.0,core_destroyed,349,,10,60,7,2,9,0,9,8,ok,,5.523,n-62-28-33,29052208,2026-08-08T08:38:41+0200
bf289c3efb2ff03f,auto-a1214efd9c98,hodr@ea88247,hodr,ea88247,janus@8a1e7a1,janus,8a1e7a1,string,all_official,1,0,rating,a,a,1.0,core_destroyed,310,,8,40,8,2,60,80,3,4,ok,,5.085,n-62-21-14,29052208,2026-08-08T08:37:56+0200
bf3ad53511eca448,auto-a1214efd9c98,hodr@ea88247,hodr,ea88247,skadi@1e4eddf,skadi,1e4eddf,jackpot,all_official,1,0,rating,a,a,1.0,titanium_collected,1000,,279,4930,24,20,1904,3600,6,26,ok,,40.919,n-62-21-5,29052208,2026-08-08T08:40:09+0200
bf3c2fbcb958e3b6,auto-a1214efd9c98,hodr@ea88247,hodr,ea88247,gefjon@f66a427,gefjon,f66a427,skerry,all_official,1,0,rating,a,a,1.0,core_destroyed,86,,16,440,8,17,55,450,8,23,ok,,3.788,n-62-11-55,29052208,2026-08-08T08:38:11+0200
bf65a0704439f425,auto-a1214efd9c98,hodr@ea88247,hodr,ea88247,steward_relent@7ed1acc,steward_relent,7ed1acc,strait,all_official,1,0,rating,a,a,1.0,titanium_collected,1000,,19,880,7,15,19,70,7,6,ok,,8.258,n-62-11-66,29052208,2026-08-08T08:40:18+0200
bf7d4c2ec6b5a751,auto-a1214efd9c98,hodr@ea88247,hodr,ea88247,mimir@cfc1ec4,mimir,cfc1ec4,heart,all_official,1,0,rating,a,a,1.0,core_destroyed,353,,9,0,8,2,10,40,6,5,ok,,5.158,n-62-31-4,29052208,2026-08-08T08:38:43+0200
bf819bb03c9857b3,auto-a1214efd9c98,hodr@ea88247,hodr,ea88247,heimdall@daf0de0,heimdall,daf0de0,archipelago,all_official,1,0,rating,a,a,1.0,core_destroyed,71,,30,520,8,31,1,60,5,30,ok,,3.828,n-62-12-7,29052208,2026-08-08T08:37:55+0200
bf8ab10a26f93523,auto-a1214efd9c98,skadi@821d792,skadi,821d792,hodr@ea88247,hodr,ea88247,bridge,all_official,1,0,rating,b,b,0.0,core_destroyed,713,,3703,5360,1,18,10,0,11,3,ok,,14.838,n-62-31-23,29052208,2026-08-08T08:39:32+0200
bf8c7411ad42bb86,auto-a1214efd9c98,hodr@ea88247,hodr,ea88247,skadi@821d792,skadi,821d792,sweden,all_official,1,0,rating,a,a,1.0,core_destroyed,302,,40,620,8,19,256,550,3,11,ok,,8.363,n-62-11-60,29052208,2026-08-08T08:39:12+0200
bfa84b5f30e2d2cc,auto-a1214efd9c98,freyr@c2c0d3d,freyr,c2c0d3d,hodr@ea88247,hodr,ea88247,vault,all_official,1,0,rating,b,b,0.0,core_destroyed,134,,6,430,11,13,18,630,9,21,ok,,5.44,n-62-31-7,29052208,2026-08-08T08:38:21+0200
bfedf374c147d5a0,auto-a1214efd9c98,hodr@ea88247,hodr,ea88247,lockin@90fc9f3,lockin,90fc9f3,vase,all_official,1,0,rating,a,a,1.0,core_destroyed,54,,20,100,8,7,630,0,0,0,ok,,2.54,n-62-21-63,29052208,2026-08-08T08:37:54+0200
bffd5b797f2398df,auto-a1214efd9c98,hodr@ea88247,hodr,ea88247,pantheon_replica_day3@aa8bae0,pantheon_replica_day3,aa8bae0,archipelago,all_official,1,0,rating,a,a,1.0,core_destroyed,54,,19,270,7,27,10,130,8,19,ok,,3.824,n-62-30-25,29052208,2026-08-08T08:39:26+0200
c00281ae76033b8c,auto-a1214efd9c98,hodr@ea88247,hodr,ea88247,prospect@bf9b3e3,prospect,bf9b3e3,duel,all_official,1,0,rating,a,a,1.0,core_destroyed,52,,26,220,8,6,20,210,7,9,ok,,3.356,n-62-11-55,29052208,2026-08-08T08:39:29+0200
c0167019ac84c2e9,auto-a1214efd9c98,hodr@ea88247,hodr,ea88247,skadi@821d792,skadi,821d792,bridge,all_official,1,0,rating,b,b,0.0,titanium_collected,1000,,20,0,9,16,2671,2410,5,15,ok,,15.996,n-62-31-23,29052208,2026-08-08T08:39:17+0200
c01abd7d04baa95b,auto-a1214efd9c98,hodr@ea88247,hodr,ea88247,steward_hardened_reinforced@c04e46e,steward_hardened_reinforced,c04e46e,runestone,all_official,1,0,rating,b,b,0.0,titanium_collected,1000,,16,50,8,17,10,260,8,19,ok,,10.809,n-62-11-68,29052208,2026-08-08T08:40:02+0200
c021f7187b7ebbd2,auto-a1214efd9c98,hodr@ea88247,hodr,ea88247,skadi@aad5f44,skadi,aad5f44,string,all_official,1,0,rating,b,b,0.0,titanium_collected,1000,,224,3160,6,14,190,7640,7,12,ok,,19.287,n-62-11-66,29052208,2026-08-08T08:39:44+0200
c048e0bb0a13183f,auto-a1214efd9c98,hodr@ea88247,hodr,ea88247,tempest_reinforcements@38f9c23,tempest_reinforcements,38f9c23,atoll,all_official,1,0,rating,a,a,1.0,core_destroyed,66,,20,280,7,24,173,150,9,5,ok,,3.845,n-62-31-7,29052208,2026-08-08T08:40:32+0200
c07a8022bfdf6eb4,auto-a1214efd9c98,bastion@840a180,bastion,840a180,hodr@ea88247,hodr,ea88247,showdown,all_official,1,0,rating,a,a,1.0,core_destroyed,61,,10,0,8,1,254,40,4,8,ok,,2.816,n-62-11-63,29052208,2026-08-08T08:38:07+0200
c07ee616e3dba0aa,auto-a1214efd9c98,hodr@ea88247,hodr,ea88247,gefjon@f66a427,gefjon,f66a427,sweden,all_official,1,0,rating,b,b,0.0,core_destroyed,170,,30,250,13,18,34,390,8,22,ok,,6.355,n-62-11-50,29052208,2026-08-08T08:38:22+0200
c082cbac3eaf47a3,auto-a1214efd9c98,hodr@ea88247,hodr,ea88247,steward_hardened_reinforced@f61245f,steward_hardened_reinforced,f61245f,duel,all_official,1,0,rating,a,a,1.0,core_destroyed,59,,9,250,8,7,170,250,6,6,ok,,2.803,n-62-28-31,29052208,2026-08-08T08:40:49+0200
c0a2f3163ad18091,auto-a1214efd9c98,hodr@ea88247,hodr,ea88247,jotunn@6b39ebb,jotunn,6b39ebb,strait,all_official,1,0,rating,a,a,1.0,core_destroyed,648,,92,3180,16,32,94,2890,10,35,ok,,25.676,n-62-21-55,29052208,2026-08-08T08:39:12+0200
c0b269fd4724ef78,auto-a1214efd9c98,hodr@ea88247,hodr,ea88247,lockin@90fc9f3,lockin,90fc9f3,eider,all_official,1,0,rating,a,a,1.0,core_destroyed,48,,20,100,8,13,620,0,0,0,ok,,2.067,n-62-21-57,29052208,2026-08-08T08:38:06+0200
c0da4624c5b95d2b,auto-a1214efd9c98,hodr@ea88247,hodr,ea88247,odin@93e46da,odin,93e46da,meander,all_official,1,0,rating,a,a,1.0,core_destroyed,101,,20,130,8,7,10,40,8,8,ok,,3.152,n-62-29-17,29052208,2026-08-08T08:38:51+0200
c0ef1f4ac525b2d2,auto-a1214efd9c98,heimdall@daf0de0,heimdall,daf0de0,hodr@ea88247,hodr,ea88247,hive,all_official,1,0,rating,b,b,0.0,core_destroyed,92,,20,350,8,17,28,480,8,29,ok,,3.921,n-62-12-2,29052208,2026-08-08T08:38:16+0200
c10eafe6d67e7355,auto-a1214efd9c98,steward_hardened_reinforced@a994296,steward_hardened_reinforced,a994296,hodr@ea88247,hodr,ea88247,bridge,all_official,1,0,rating,b,b,0.0,core_destroyed,243,,39,0,8,10,10,0,9,5,ok,,7.254,n-62-31-18,29052208,2026-08-08T08:40:10+0200
c11a553dc2dff5c4,auto-a1214efd9c98,mimir@cfc1ec4,mimir,cfc1ec4,hodr@ea88247,hodr,ea88247,runestone,all_official,1,0,rating,a,a,1.0,core_destroyed,317,,9,50,8,17,10,260,8,17,ok,,4.766,n-62-31-22,29052208,2026-08-08T08:38:57+0200
c11ad23886149ee7,auto-a1214efd9c98,mimir@cfc1ec4,mimir,cfc1ec4,hodr@ea88247,hodr,ea88247,archipelago,all_official,1,0,rating,a,a,1.0,core_destroyed,66,,20,360,9,27,5,150,8,14,ok,,4.247,n-62-21-72,29052208,2026-08-08T08:38:07+0200
c13b1cfde35a7ea7,auto-a1214efd9c98,hodr@ea88247,hodr,ea88247,mistral@90fc9f3,mistral,90fc9f3,duel,all_official,1,0,rating,a,a,1.0,core_destroyed,71,,8,170,8,4,60,0,7,0,ok,,4.754,n-62-11-60,29052208,2026-08-08T08:38:36+0200
c14e5be62dfa851b,auto-a1214efd9c98,hodr@ea88247,hodr,ea88247,e_t4l7@9e77076,e_t4l7,9e77076,aurora,all_official,1,0,rating,a,a,1.0,core_destroyed,119,,21,930,8,35,171,930,9,44,ok,,4.561,n-62-28-28,29052208,2026-08-08T08:38:19+0200
c151dd23dc6a7660,auto-a1214efd9c98,janus@8a1e7a1,janus,8a1e7a1,hodr@ea88247,hodr,ea88247,twins,all_official,1,0,rating,b,b,0.0,core_destroyed,164,,16,160,9,2,26,380,6,14,ok,,4.164,n-62-21-14,29052208,2026-08-08T08:38:24+0200
c161389c26eff4ee,auto-a1214efd9c98,hodr@ea88247,hodr,ea88247,jonbot@90fc9f3,jonbot,90fc9f3,vase,all_official,1,0,rating,a,a,1.0,core_destroyed,73,,10,0,9,6,380,0,4,5,ok,,2.816,n-62-21-8,29052208,2026-08-08T08:38:10+0200
c19e24fa845b8e07,auto-a1214efd9c98,hodr@ea88247,hodr,ea88247,freyr@c2c0d3d,freyr,c2c0d3d,fjord,all_official,1,0,rating,a,a,1.0,core_destroyed,116,,14,770,9,15,17,600,6,15,ok,,3.528,n-62-29-5,29052208,2026-08-08T08:38:30+0200
c19fe2462b2ff897,auto-a1214efd9c98,hodr@ea88247,hodr,ea88247,steward_hardened_reinforced@672ee02,steward_hardened_reinforced,672ee02,pinch,all_official,1,0,rating,a,a,1.0,core_destroyed,73,,8,160,8,8,10,160,6,7,ok,,2.741,n-62-31-21,29052208,2026-08-08T08:39:59+0200
c1a0232ebf617642,auto-a1214efd9c98,janus@8a1e7a1,janus,8a1e7a1,hodr@ea88247,hodr,ea88247,hive,all_official,1,0,rating,a,a,1.0,core_destroyed,65,,9,220,9,13,45,220,6,22,ok,,3.97,n-62-21-2,29052208,2026-08-08T08:38:35+0200
c1efc70355aedb9f,auto-a1214efd9c98,prospect@bf9b3e3,prospect,bf9b3e3,hodr@ea88247,hodr,ea88247,longship,all_official,1,0,rating,b,b,0.0,core_destroyed,77,,9,270,10,12,9,170,6,22,ok,,3.472,n-62-11-52,29052208,2026-08-08T08:38:58+0200
c1f5ec12fda0d841,auto-a1214efd9c98,steward_hardened_reinforced@672ee02,steward_hardened_reinforced,672ee02,hodr@ea88247,hodr,ea88247,fjord,all_official,1,0,rating,b,b,0.0,core_destroyed,65,,24,380,10,18,17,410,7,26,ok,,4.01,n-62-31-13,29052208,2026-08-08T08:40:01+0200
c1f6ad7f5d9ebe12,auto-a1214efd9c98,freyr@c2c0d3d,freyr,c2c0d3d,hodr@ea88247,hodr,ea88247,pinch,all_official,1,0,rating,a,a,1.0,core_destroyed,201,,8,480,8,8,9,480,7,6,ok,,3.78,n-62-30-24,29052208,2026-08-08T08:38:49+0200
c203d3af375695d7,auto-a1214efd9c98,jonbot_190003d@90fc9f3,jonbot_190003d,90fc9f3,hodr@ea88247,hodr,ea88247,duel,all_official,1,0,rating,b,b,0.0,core_destroyed,159,,39,0,8,2,21,480,7,17,ok,,3.957,n-62-21-15,29052208,2026-08-08T08:37:59+0200
c235ec5df9673413,auto-a1214efd9c98,hodr@ea88247,hodr,ea88247,bastion@840a180,bastion,840a180,heart,all_official,1,0,rating,a,a,1.0,core_destroyed,109,,9,70,6,7,10,0,8,3,ok,,3.672,n-62-11-68,29052208,2026-08-08T08:38:30+0200
c2599969a19589b0,auto-a1214efd9c98,hodr@ea88247,hodr,ea88247,ullr@7d1ab4e,ullr,7d1ab4e,heart,all_official,1,0,rating,b,b,0.0,core_destroyed,481,,10,0,8,0,9,0,6,4,ok,,6.843,n-62-11-55,29052208,2026-08-08T08:40:49+0200
c25deec53406d07f,auto-a1214efd9c98,hodr@ea88247,hodr,ea88247,skadi@aad5f44,skadi,aad5f44,showdown,all_official,1,0,rating,b,b,0.0,titanium_collected,1000,,19,0,9,8,16,90,6,9,ok,,7.901,n-62-11-64,29052208,2026-08-08T08:39:34+0200
c264cb27413ebf8e,auto-a1214efd9c98,steward_hardened_reinforced@04300bf,steward_hardened_reinforced,04300bf,hodr@ea88247,hodr,ea88247,fjordgate,all_official,1,0,rating,a,a,1.0,core_destroyed,224,,30,1060,6,25,32,10,2,3,ok,,4.232,n-62-29-9,29052208,2026-08-08T08:39:58+0200
c26fef51046c26d8,auto-a1214efd9c98,maporacle@38e1456,maporacle,38e1456,hodr@ea88247,hodr,ea88247,heart,all_official,1,0,rating,a,a,1.0,core_destroyed,289,,9,0,8,11,10,100,7,6,ok,,5.763,n-62-21-65,29052208,2026-08-08T08:38:34+0200
c27f54e3617a5270,auto-a1214efd9c98,steward_hardened_reinforced@f1f2bda,steward_hardened_reinforced,f1f2bda,hodr@ea88247,hodr,ea88247,pinch,all_official,1,0,rating,a,a,1.0,core_destroyed,201,,8,480,8,8,9,480,7,6,ok,,3.281,n-62-12-3,29052208,2026-08-08T08:40:30+0200
c2b101eeda3835a5,auto-a1214efd9c98,odin@93e46da,odin,93e46da,hodr@ea88247,hodr,ea88247,vault,all_official,1,0,rating,a,a,1.0,core_destroyed,434,,1,950,8,65,8,190,7,20,ok,,8.323,n-62-30-25,29052208,2026-08-08T08:39:14+0200
c2bf6aa4e987f710,auto-a1214efd9c98,hodr@ea88247,hodr,ea88247,fenrir2@6b39ebb,fenrir2,6b39ebb,hive,all_official,1,0,rating,a,a,1.0,core_destroyed,142,,35,330,8,25,34,150,8,33,ok,,3.997,n-62-29-24,29052208,2026-08-08T08:38:35+0200
c2d4237bfd33c9a6,auto-a1214efd9c98,hodr@ea88247,hodr,ea88247,heimdall@daf0de0,heimdall,daf0de0,showdown,all_official,1,0,rating,a,a,1.0,core_destroyed,89,,8,170,6,9,10,0,4,2,ok,,3.31,n-62-12-4,29052208,2026-08-08T08:38:11+0200
c2ddc4422f56e5c2,auto-a1214efd9c98,hodr@ea88247,hodr,ea88247,steward_hardened_reinforced@c04e46e,steward_hardened_reinforced,c04e46e,drumlin,all_official,1,0,rating,b,b,0.0,core_destroyed,67,,24,200,7,17,9,350,7,17,ok,,3.09,n-62-11-50,29052208,2026-08-08T08:39:48+0200
c2de013448b86479,auto-a1214efd9c98,hodr@ea88247,hodr,ea88247,njord@f66a427,njord,f66a427,nordkap,all_official,1,0,rating,b,b,0.0,titanium_collected,1000,,20,80,9,7,16,360,8,9,ok,,10.433,n-62-28-33,29052208,2026-08-08T08:39:07+0200
c2e25d25c442b2a5,auto-a1214efd9c98,steward_hardened_reinforced@672ee02,steward_hardened_reinforced,672ee02,hodr@ea88247,hodr,ea88247,vault,all_official,1,0,rating,a,a,1.0,core_destroyed,111,,8,380,11,14,10,510,10,21,ok,,5.956,n-62-31-7,29052208,2026-08-08T08:40:05+0200
c30e252c2c053b66,auto-a1214efd9c98,casemate_oracle@90fc9f3,casemate_oracle,90fc9f3,hodr@ea88247,hodr,ea88247,fjord,all_official,1,0,rating,b,b,0.0,core_destroyed,67,,223,0,3,12,20,420,8,32,ok,,3.573,n-62-31-9,29052208,2026-08-08T08:37:59+0200
c31418382f43a09d,auto-a1214efd9c98,hodr@ea88247,hodr,ea88247,mimir@cfc1ec4,mimir,cfc1ec4,quarry,all_official,1,0,rating,b,b,0.0,core_destroyed,981,,8,630,7,22,10,2660,9,22,ok,,8.45,n-62-31-22,29052208,2026-08-08T08:38:38+0200
c3441e9e3f956b37,auto-a1214efd9c98,hodr@ea88247,hodr,ea88247,mistral@90fc9f3,mistral,90fc9f3,longship,all_official,1,0,rating,a,a,1.0,core_destroyed,57,,9,120,8,17,60,0,9,0,ok,,5.855,n-62-11-68,29052208,2026-08-08T08:39:15+0200
c34fbc5a44540426,auto-a1214efd9c98,hodr@ea88247,hodr,ea88247,steward_hardened_reinforced@04300bf,steward_hardened_reinforced,04300bf,antler,all_official,1,0,rating,b,b,0.0,core_destroyed,56,,20,290,6,13,18,230,7,14,ok,,3.207,n-62-29-21,29052208,2026-08-08T08:40:18+0200
c3831c9b48e6a9fd,auto-a1214efd9c98,hodr@ea88247,hodr,ea88247,steward_relent@7ed1acc,steward_relent,7ed1acc,showdown,all_official,1,0,rating,a,a,1.0,core_destroyed,489,,9,170,7,14,10,190,6,2,ok,,4.453,n-62-11-62,29052208,2026-08-08T08:40:22+0200
c3b2b5a056e2ea7a,auto-a1214efd9c98,hodr@ea88247,hodr,ea88247,steward_hardened_reinforced@366cd1b,steward_hardened_reinforced,366cd1b,antler,all_official,1,0,rating,b,b,0.0,core_destroyed,56,,20,290,6,13,18,230,7,14,ok,,3.334,n-62-29-34,29052208,2026-08-08T08:39:41+0200
c3bf1890b70af2d0,auto-a1214efd9c98,fenrir2@6b39ebb,fenrir2,6b39ebb,hodr@ea88247,hodr,ea88247,showdown,all_official,1,0,rating,b,b,0.0,core_destroyed,138,,10,0,7,6,119,660,8,28,ok,,4.23,n-62-29-33,29052208,2026-08-08T08:38:00+0200
c4029bec9bef59de,auto-a1214efd9c98,hodr@ea88247,hodr,ea88247,bastion@840a180,bastion,840a180,string,all_official,1,0,rating,a,a,1.0,core_destroyed,194,,60,930,9,12,23,760,3,8,ok,,6.758,n-62-11-64,29052208,2026-08-08T08:38:07+0200
c4034b057e04e5ae,auto-a1214efd9c98,hodr@ea88247,hodr,ea88247,ragnarok_fair@79582fc,ragnarok_fair,79582fc,sprint,all_official,1,0,rating,a,a,1.0,core_destroyed,233,,9,60,8,5,10,0,2,0,ok,,4.214,n-62-21-2,29052208,2026-08-08T08:39:22+0200
c4113140cb10a8b0,auto-a1214efd9c98,steward_hardened_reinforced@04300bf,steward_hardened_reinforced,04300bf,hodr@ea88247,hodr,ea88247,saga,all_official,1,0,rating,b,b,0.0,core_destroyed,79,,8,250,8,29,9,360,8,23,ok,,4.067,n-62-29-27,29052208,2026-08-08T08:39:34+0200
c436d1992e2f13f4,auto-a1214efd9c98,hodr@ea88247,hodr,ea88247,steward_hardened_reinforced@deba9ec,steward_hardened_reinforced,deba9ec,drumlin,all_official,1,0,rating,b,b,0.0,core_destroyed,110,,6,300,7,17,19,480,8,11,ok,,3.71,n-62-31-9,29052208,2026-08-08T08:40:25+0200
c4a559264554a79a,auto-a1214efd9c98,hodr@ea88247,hodr,ea88247,pantheon_replica_day3@aa8bae0,pantheon_replica_day3,aa8bae0,duel,all_official,1,0,rating,a,a,1.0,core_destroyed,449,,39,1130,8,5,9,680,8,5,ok,,5.713,n-62-31-17,29052208,2026-08-08T08:38:47+0200
c4ae06e8594a251c,auto-a1214efd9c98,steward_reinforced@a8dc58a,steward_reinforced,a8dc58a,hodr@ea88247,hodr,ea88247,fjordgate,all_official,1,0,rating,b,b,0.0,core_destroyed,205,,10,0,8,4,9,60,7,2,ok,,4.476,n-62-31-21,29052208,2026-08-08T08:40:14+0200
c4bf663e3cb78d9b,auto-a1214efd9c98,hodr@ea88247,hodr,ea88247,spar_mender@d5b46bc,spar_mender,d5b46bc,strait,all_official,1,0,rating,a,a,1.0,core_destroyed,78,,9,450,11,21,32,160,8,18,ok,,4.897,n-62-29-16,29052208,2026-08-08T08:39:54+0200
c4dea3cc575b315b,auto-a1214efd9c98,jonbot_190003d@90fc9f3,jonbot_190003d,90fc9f3,hodr@ea88247,hodr,ea88247,vault,all_official,1,0,rating,b,b,0.0,core_destroyed,262,,4,0,7,5,20,1270,10,57,ok,,5.649,n-62-21-23,29052208,2026-08-08T08:38:02+0200
c4ef4ba6f555358f,auto-a1214efd9c98,hodr@ea88247,hodr,ea88247,steward_hardened_reinforced@f1f2bda,steward_hardened_reinforced,f1f2bda,string,all_official,1,0,rating,b,b,0.0,core_destroyed,295,,40,30,2,2,6,1380,12,7,ok,,7.115,n-62-21-98,29052208,2026-08-08T08:40:26+0200
c5001c6f96804eaa,auto-a1214efd9c98,steward_hardened_reinforced@deba9ec,steward_hardened_reinforced,deba9ec,hodr@ea88247,hodr,ea88247,quarry,all_official,1,0,rating,b,b,0.0,core_destroyed,131,,7,190,5,12,20,750,9,21,ok,,4.701,n-62-12-5,29052208,2026-08-08T08:40:02+0200
c53e730070214051,auto-a1214efd9c98,njord@f66a427,njord,f66a427,hodr@ea88247,hodr,ea88247,jackpot,all_official,1,0,rating,a,a,1.0,titanium_collected,1000,,146,4930,25,24,260,4890,24,20,ok,,54.914,n-62-28-31,29052208,2026-08-08T08:40:44+0200
c54111c2196d105f,auto-a1214efd9c98,odin@93e46da,odin,93e46da,hodr@ea88247,hodr,ea88247,fjord,all_official,1,0,rating,b,b,0.0,titanium_collected,125,,32,850,10,28,34,1040,12,35,ok,,5.317,n-62-29-34,29052208,2026-08-08T08:39:26+0200
c5588522a7389006,auto-a1214efd9c98,steward_hardened_reinforced@deba9ec,steward_hardened_reinforced,deba9ec,hodr@ea88247,hodr,ea88247,antler,all_official,1,0,rating,a,a,1.0,core_destroyed,123,,24,800,8,12,102,790,7,14,ok,,4.661,n-62-21-90,29052208,2026-08-08T08:40:07+0200
c59e40aefc4db72a,auto-a1214efd9c98,mistral@90fc9f3,mistral,90fc9f3,hodr@ea88247,hodr,ea88247,nordkap,all_official,1,0,rating,b,b,0.0,core_destroyed,145,,60,0,6,0,9,0,8,9,ok,,9.209,n-62-11-62,29052208,2026-08-08T08:38:54+0200
c5c467b9219ca971,auto-a1214efd9c98,hodr@ea88247,hodr,ea88247,spar_mender@d5b46bc,spar_mender,d5b46bc,archipelago,all_official,1,0,rating,a,a,1.0,core_destroyed,74,,53,490,8,35,14,10,9,9,ok,,3.944,n-62-28-31,29052208,2026-08-08T08:39:35+0200
c5c644e270ffa965,auto-a1214efd9c98,hodr@ea88247,hodr,ea88247,e_t4l7@9e77076,e_t4l7,9e77076,vault,all_official,1,0,rating,a,a,1.0,core_destroyed,745,,10,3670,9,36,3098,3530,2,4,ok,,9.063,n-62-29-16,29052208,2026-08-08T08:38:17+0200
c60259ead0803a60,auto-a1214efd9c98,hodr@ea88247,hodr,ea88247,gobbleglitch@6cdc440,gobbleglitch,6cdc440,drumlin,all_official,1,0,rating,a,a,1.0,core_destroyed,113,,8,250,8,8,59,250,7,5,ok,,2.983,n-62-11-57,29052208,2026-08-08T08:38:23+0200
c61338550c702618,auto-a1214efd9c98,prospect@bf9b3e3,prospect,bf9b3e3,hodr@ea88247,hodr,ea88247,snowflake,all_official,1,0,rating,b,b,0.0,core_destroyed,71,,1,390,9,17,6,150,6,11,ok,,3.545,n-62-11-51,29052208,2026-08-08T08:39:00+0200
c623b9caf8acd3da,auto-a1214efd9c98,skadi@6a2af02,skadi,6a2af02,hodr@ea88247,hodr,ea88247,saga,all_official,1,0,rating,b,b,0.0,core_destroyed,237,,222,2820,12,40,79,1950,13,24,ok,,9.103,n-62-31-4,29052208,2026-08-08T08:39:14+0200
c6389d5998699252,auto-a1214efd9c98,hodr@ea88247,hodr,ea88247,fenrir2@6b39ebb,fenrir2,6b39ebb,sprint,all_official,1,0,rating,a,a,1.0,core_destroyed,140,,20,180,6,13,20,0,6,0,ok,,4.095,n-62-29-33,29052208,2026-08-08T08:38:24+0200
c64920e2056429a6,auto-a1214efd9c98,skadi@6a2af02,skadi,6a2af02,hodr@ea88247,hodr,ea88247,runestone,all_official,1,0,rating,b,b,0.0,core_destroyed,383,,7,1070,8,9,19,1870,10,39,ok,,8.246,n-62-21-13,29052208,2026-08-08T08:39:53+0200
c66980bc22ea129d,auto-a1214efd9c98,hodr@ea88247,hodr,ea88247,steward_hardened_reinforced@deba9ec,steward_hardened_reinforced,deba9ec,aurora,all_official,1,0,rating,a,a,1.0,core_destroyed,68,,28,420,8,32,19,250,9,22,ok,,4.637,n-62-21-90,29052208,2026-08-08T08:40:34+0200
c66cf7518e4f6031,auto-a1214efd9c98,mjolnir@2e6c876,mjolnir,2e6c876,hodr@ea88247,hodr,ea88247,sweden,all_official,1,0,rating,b,b,0.0,core_destroyed,299,,56,240,9,24,46,710,9,15,ok,,12.583,n-62-21-97,29052208,2026-08-08T08:39:02+0200
c67edb7de3cc9d0a,auto-a1214efd9c98,hodr@ea88247,hodr,ea88247,e_t4l7@9e77076,e_t4l7,9e77076,sprint,all_official,1,0,rating,b,b,0.0,titanium_collected,1000,,30,2480,7,23,7160,7550,8,18,ok,,8.843,n-62-29-15,29052208,2026-08-08T08:38:00+0200
c6902578c366e364,auto-a1214efd9c98,strategist@2a19238,strategist,2a19238,hodr@ea88247,hodr,ea88247,skerry,all_official,1,0,rating,b,b,0.0,core_destroyed,135,,332,560,3,59,71,900,8,34,ok,,3.707,n-62-31-10,29052208,2026-08-08T08:40:34+0200
c6ae9c638c362db9,auto-a1214efd9c98,steward_hardened_reinforced@c04e46e,steward_hardened_reinforced,c04e46e,hodr@ea88247,hodr,ea88247,duel,all_official,1,0,rating,a,a,1.0,core_destroyed,77,,10,220,7,7,48,340,4,6,ok,,2.587,n-62-11-50,29052208,2026-08-08T08:39:57+0200
c6b3ebf4ce3bb103,auto-a1214efd9c98,hodr@ea88247,hodr,ea88247,steward_hardened_reinforced@04300bf,steward_hardened_reinforced,04300bf,crossfire,all_official,1,0,rating,a,a,1.0,core_destroyed,306,,65,2000,14,43,8,50,4,4,ok,,5.227,n-62-29-24,29052208,2026-08-08T08:40:14+0200
c6dfdc454364dec3,auto-a1214efd9c98,steward_reinforced@a8dc58a,steward_reinforced,a8dc58a,hodr@ea88247,hodr,ea88247,snowflake,all_official,1,0,rating,a,a,1.0,core_destroyed,103,,49,1210,10,31,4,230,8,33,ok,,5.671,n-62-31-24,29052208,2026-08-08T08:40:13+0200
c6e86c2ea2b79384,auto-a1214efd9c98,odin@93e46da,odin,93e46da,hodr@ea88247,hodr,ea88247,atoll,all_official,1,0,rating,b,b,0.0,core_destroyed,170,,43,800,9,34,42,800,10,15,ok,,5.333,n-62-29-27,29052208,2026-08-08T08:39:06+0200
c7141edc50d4ff4d,auto-a1214efd9c98,steward_hardened_reinforced@672ee02,steward_hardened_reinforced,672ee02,hodr@ea88247,hodr,ea88247,archipelago,all_official,1,0,rating,b,b,0.0,core_destroyed,69,,38,370,9,27,19,170,7,17,ok,,4.657,n-62-31-8,29052208,2026-08-08T08:39:38+0200
c722bc86a5ddc7f9,auto-a1214efd9c98,hodr@ea88247,hodr,ea88247,steward_hardened_reinforced@672ee02,steward_hardened_reinforced,672ee02,snowflake,all_official,1,0,rating,a,a,1.0,core_destroyed,65,,45,550,9,22,9,140,9,11,ok,,3.889,n-62-31-23,29052208,2026-08-08T08:40:18+0200
c79507612a22afb2,auto-a1214efd9c98,hodr@ea88247,hodr,ea88247,steward_hardened_reinforced@366cd1b,steward_hardened_reinforced,366cd1b,skerry,all_official,1,0,rating,a,a,1.0,core_destroyed,110,,70,750,9,14,6,320,6,16,ok,,3.924,n-62-30-25,29052208,2026-08-08T08:39:33+0200
c7b5e8ad235e18dd,auto-a1214efd9c98,heimdall@daf0de0,heimdall,daf0de0,hodr@ea88247,hodr,ea88247,antler,all_official,1,0,rating,b,b,0.0,core_destroyed,79,,3,340,6,14,9,470,10,15,ok,,3.654,n-62-12-5,29052208,2026-08-08T08:38:46+0200
c7edeb3078bf29ec,auto-a1214efd9c98,jonbot_190003d@90fc9f3,jonbot_190003d,90fc9f3,hodr@ea88247,hodr,ea88247,pinch,all_official,1,0,rating,b,b,0.0,titanium_collected,1000,,66,0,10,8,16,740,8,9,ok,,7.724,n-62-21-18,29052208,2026-08-08T08:38:26+0200
c8157ebf8dcd35fc,auto-a1214efd9c98,hodr@ea88247,hodr,ea88247,odin@93e46da,odin,93e46da,longship,all_official,1,0,rating,a,a,1.0,core_destroyed,126,,75,920,10,42,57,550,9,34,ok,,4.94,n-62-29-17,29052208,2026-08-08T08:38:44+0200
c83996778533159a,auto-a1214efd9c98,hodr@ea88247,hodr,ea88247,pantheon_replica_day3@aa8bae0,pantheon_replica_day3,aa8bae0,runestone,all_official,1,0,rating,b,b,0.0,core_destroyed,73,,31,150,8,16,19,150,8,17,ok,,3.747,n-62-31-7,29052208,2026-08-08T08:39:18+0200
c88fb20464c2d844,auto-a1214efd9c98,janus@8a1e7a1,janus,8a1e7a1,hodr@ea88247,hodr,ea88247,runestone,all_official,1,0,rating,a,a,1.0,core_destroyed,139,,9,320,9,9,7,70,9,7,ok,,4.167,n-62-21-6,29052208,2026-08-08T08:38:31+0200
c8a0485633d90be4,auto-a1214efd9c98,hodr@ea88247,hodr,ea88247,mjolnir@2e6c876,mjolnir,2e6c876,eider,all_official,1,0,rating,b,b,0.0,core_destroyed,373,,16,910,4,7,31,1790,9,26,ok,,6.136,n-62-11-63,29052208,2026-08-08T08:39:57+0200
c8e9923075d1df10,auto-a1214efd9c98,hodr@ea88247,hodr,ea88247,skadi@821d792,skadi,821d792,lighthouse,all_official,1,0,rating,a,a,1.0,core_destroyed,78,,9,320,7,9,4,60,6,9,ok,,3.417,n-62-21-16,29052208,2026-08-08T08:39:04+0200
c905cdc1bc369503,auto-a1214efd9c98,hodr@ea88247,hodr,ea88247,jonbot@90fc9f3,jonbot,90fc9f3,skerry,all_official,1,0,rating,a,a,1.0,core_destroyed,57,,7,340,9,19,264,110,5,12,ok,,3.504,n-62-21-17,29052208,2026-08-08T08:38:37+0200
c91cf4c255fc80a2,auto-a1214efd9c98,hodr@ea88247,hodr,ea88247,casemate_oracle@90fc9f3,casemate_oracle,90fc9f3,eider,all_official,1,0,rating,a,a,1.0,core_destroyed,75,,48,700,7,30,216,0,5,10,ok,,3.522,n-62-21-92,29052208,2026-08-08T08:38:28+0200
c926973e9056ee60,auto-a1214efd9c98,hodr@ea88247,hodr,ea88247,prospect@bf9b3e3,prospect,bf9b3e3,fjord,all_official,1,0,rating,a,a,1.0,core_destroyed,84,,34,530,8,22,10,390,10,13,ok,,3.792,n-62-11-50,29052208,2026-08-08T08:38:48+0200
c939bdd3c8ab37ff,auto-a1214efd9c98,gefjon@f66a427,gefjon,f66a427,hodr@ea88247,hodr,ea88247,heart,all_official,1,0,rating,a,a,1.0,core_destroyed,197,,8,430,6,16,9,150,5,7,ok,,3.694,n-62-31-18,29052208,2026-08-08T08:38:35+0200
c942ce035a75a84a,auto-a1214efd9c98,hodr@ea88247,hodr,ea88247,fenrir2@6b39ebb,fenrir2,6b39ebb,saga,all_official,1,0,rating,a,a,1.0,core_destroyed,110,,38,410,6,30,73,790,9,38,ok,,4.446,n-62-29-31,29052208,2026-08-08T08:38:35+0200
c97b0257d3db215b,auto-a1214efd9c98,fenrir2@6b39ebb,fenrir2,6b39ebb,hodr@ea88247,hodr,ea88247,snowflake,all_official,1,0,rating,a,a,1.0,core_destroyed,69,,10,430,9,21,26,150,10,10,ok,,4.846,n-62-29-33,29052208,2026-08-08T08:38:20+0200
c98b714b836704e9,auto-a1214efd9c98,hodr@ea88247,hodr,ea88247,steward_hardened_reinforced@04300bf,steward_hardened_reinforced,04300bf,sweden,all_official,1,0,rating,b,b,0.0,core_destroyed,445,,111,0,8,7,55,1070,12,15,ok,,16.231,n-62-31-5,29052208,2026-08-08T08:40:15+0200
c98bee53de205f34,auto-a1214efd9c98,njord@f66a427,njord,f66a427,hodr@ea88247,hodr,ea88247,string,all_official,1,0,rating,b,b,0.0,core_destroyed,247,,59,30,1,2,47,1710,14,12,ok,,6.425,n-62-29-13,29052208,2026-08-08T08:39:19+0200
c9941e9062ade862,auto-a1214efd9c98,casemate_oracle@90fc9f3,casemate_oracle,90fc9f3,hodr@ea88247,hodr,ea88247,saga,all_official,1,0,rating,b,b,0.0,core_destroyed,98,,231,0,4,18,37,430,7,38,ok,,3.938,n-62-31-11,29052208,2026-08-08T08:39:21+0200
c9a6fb3a44d0a1c6,auto-a1214efd9c98,casemate_oracle@90fc9f3,casemate_oracle,90fc9f3,hodr@ea88247,hodr,ea88247,antler,all_official,1,0,rating,b,b,0.0,core_destroyed,59,,277,0,5,7,51,410,6,29,ok,,2.57,n-62-11-66,29052208,2026-08-08T08:38:04+0200
c9a85a24604c755a,auto-a1214efd9c98,freyr@c2c0d3d,freyr,c2c0d3d,hodr@ea88247,hodr,ea88247,crossfire,all_official,1,0,rating,a,a,1.0,core_destroyed,383,,154,3150,20,41,4,50,3,4,ok,,7.67,n-62-29-5,29052208,2026-08-08T08:38:05+0200
c9a8fcfc2bb04e63,auto-a1214efd9c98,prospect_rushonly@bf9b3e3,prospect_rushonly,bf9b3e3,hodr@ea88247,hodr,ea88247,moonrise,all_official,1,0,rating,a,a,1.0,titanium_collected,1000,,16,260,6,7,16,90,8,3,ok,,6.048,n-62-12-7,29052208,2026-08-08T08:39:08+0200
c9c834d0f4f76098,auto-a1214efd9c98,casemate_oracle@90fc9f3,casemate_oracle,90fc9f3,hodr@ea88247,hodr,ea88247,string,all_official,1,0,rating,b,b,0.0,core_destroyed,187,,203,0,1,2,10,460,10,3,ok,,3.999,n-62-21-97,29052208,2026-08-08T08:38:52+0200
c9d6ee8eb6f76b8c,auto-a1214efd9c98,hodr@ea88247,hodr,ea88247,skadi@6a2af02,skadi,6a2af02,skerry,all_official,1,0,rating,a,a,1.0,core_destroyed,236,,91,1690,12,35,277,2030,16,24,ok,,7.974,n-62-31-4,29052208,2026-08-08T08:39:37+0200
ca1b9facc2ac0eca,auto-a1214efd9c98,hodr@ea88247,hodr,ea88247,pantheon_replica_day3@aa8bae0,pantheon_replica_day3,aa8bae0,showdown,all_official,1,0,rating,a,a,1.0,core_destroyed,77,,9,200,6,23,10,0,8,8,ok,,3.186,n-62-31-18,29052208,2026-08-08T08:38:56+0200
ca27fbd291e066cb,auto-a1214efd9c98,hodr@ea88247,hodr,ea88247,steward_hardened_reinforced@04300bf,steward_hardened_reinforced,04300bf,archipelago,all_official,1,0,rating,a,a,1.0,core_destroyed,66,,20,360,9,27,5,150,8,14,ok,,3.976,n-62-29-21,29052208,2026-08-08T08:40:26+0200
ca2d2f696f5ee6f5,auto-a1214efd9c98,odin@93e46da,odin,93e46da,hodr@ea88247,hodr,ea88247,snowflake,all_official,1,0,rating,a,a,1.0,core_destroyed,69,,10,430,9,21,26,150,10,10,ok,,4.396,n-62-30-24,29052208,2026-08-08T08:38:48+0200
ca8bf10eb101ac89,auto-a1214efd9c98,lockin@90fc9f3,lockin,90fc9f3,hodr@ea88247,hodr,ea88247,runestone,all_official,1,0,rating,b,b,0.0,core_destroyed,69,,40,0,12,1,10,140,8,24,ok,,6.749,n-62-21-61,29052208,2026-08-08T08:38:04+0200
cab3a67fef59ac5f,auto-a1214efd9c98,hodr@ea88247,hodr,ea88247,skadi@6a2af02,skadi,6a2af02,bridge,all_official,1,0,rating,b,b,0.0,titanium_collected,1000,,20,0,9,16,2667,2410,5,15,ok,,16.819,n-62-21-23,29052208,2026-08-08T08:39:38+0200
cab44365d2f270d3,auto-a1214efd9c98,fenrir2@6b39ebb,fenrir2,6b39ebb,hodr@ea88247,hodr,ea88247,nordkap,all_official,1,0,rating,b,b,0.0,core_destroyed,95,,10,100,3,7,7,380,8,9,ok,,4.027,n-62-29-31,29052208,2026-08-08T08:37:59+0200
cab52078fc88b8d8,auto-a1214efd9c98,hodr@ea88247,hodr,ea88247,casemate_oracle@90fc9f3,casemate_oracle,90fc9f3,twins,all_official,1,0,rating,a,a,1.0,core_destroyed,136,,18,320,8,6,351,0,2,6,ok,,5.35,n-62-21-98,29052208,2026-08-08T08:38:12+0200
caca3b9409baeba3,auto-a1214efd9c98,mimir@cfc1ec4,mimir,cfc1ec4,hodr@ea88247,hodr,ea88247,saga,all_official,1,0,rating,b,b,0.0,core_destroyed,79,,8,250,8,29,9,360,8,23,ok,,4.221,n-62-31-22,29052208,2026-08-08T08:39:05+0200
cacf26ec0e5dd043,auto-a1214efd9c98,fenrir2@6b39ebb,fenrir2,6b39ebb,hodr@ea88247,hodr,ea88247,heart,all_official,1,0,rating,a,a,1.0,core_destroyed,285,,9,0,9,11,10,90,7,6,ok,,4.923,n-62-29-24,29052208,2026-08-08T08:38:31+0200
cadb45cc491e303f,auto-a1214efd9c98,hodr@ea88247,hodr,ea88247,mimir@cfc1ec4,mimir,cfc1ec4,sweden,all_official,1,0,rating,b,b,0.0,core_destroyed,659,,39,0,10,2,25,1610,14,19,ok,,23.994,n-62-31-23,29052208,2026-08-08T08:39:48+0200
cadf00e8d7ccde55,auto-a1214efd9c98,hodr@ea88247,hodr,ea88247,steward_hardened_reinforced@cdc552f,steward_hardened_reinforced,cdc552f,fjordgate,all_official,1,0,rating,a,a,1.0,core_destroyed,87,,112,400,8,13,16,0,9,4,ok,,4.156,n-62-11-64,29052208,2026-08-08T08:40:08+0200
cafc462870cf583f,auto-a1214efd9c98,steward_hardened_reinforced@672ee02,steward_hardened_reinforced,672ee02,hodr@ea88247,hodr,ea88247,meander,all_official,1,0,rating,a,a,1.0,titanium_collected,1000,,18,70,6,14,20,0,9,8,ok,,6.863,n-62-31-21,29052208,2026-08-08T08:39:40+0200
cb091db3fcb04ce5,auto-a1214efd9c98,hodr@ea88247,hodr,ea88247,steward_relent@7ed1acc,steward_relent,7ed1acc,fjordgate,all_official,1,0,rating,a,a,1.0,core_destroyed,164,,30,760,6,25,230,10,2,3,ok,,2.649,n-62-29-13,29052208,2026-08-08T08:40:32+0200
cb18cd29a5b8e2cf,auto-a1214efd9c98,hodr@ea88247,hodr,ea88247,janus@8a1e7a1,janus,8a1e7a1,meander,all_official,1,0,rating,a,a,1.0,core_destroyed,246,,8,40,8,7,10,0,5,4,ok,,4.215,n-62-21-4,29052208,2026-08-08T08:38:30+0200
cb2a8e6c3d62c8fc,auto-a1214efd9c98,hodr@ea88247,hodr,ea88247,mimir@cfc1ec4,mimir,cfc1ec4,fjordgate,all_official,1,0,rating,a,a,1.0,core_destroyed,222,,10,1040,6,25,28,10,2,3,ok,,4.074,n-62-31-4,29052208,2026-08-08T08:38:34+0200
cb875ba86f720542,auto-a1214efd9c98,skadi@6a2af02,skadi,6a2af02,hodr@ea88247,hodr,ea88247,duel,all_official,1,0,rating,a,a,1.0,core_destroyed,63,,10,150,5,5,72,150,7,4,ok,,2.992,n-62-21-8,29052208,2026-08-08T08:39:01+0200
cb90ca41fa3b8b71,auto-a1214efd9c98,hodr@ea88247,hodr,ea88247,prospect@bf9b3e3,prospect,bf9b3e3,bridge,all_official,1,0,rating,b,b,0.0,core_destroyed,475,,51,0,9,11,2569,3240,11,15,ok,,11.768,n-62-11-55,29052208,2026-08-08T08:38:56+0200
cba6a14d1a31a671,auto-a1214efd9c98,hodr@ea88247,hodr,ea88247,bastion@840a180,bastion,840a180,vault,all_official,1,0,rating,a,a,1.0,core_destroyed,65,,9,270,9,13,3,220,8,25,ok,,4.073,n-62-11-66,29052208,2026-08-08T08:37:55+0200
cbb6239fb301c575,auto-a1214efd9c98,hodr@ea88247,hodr,ea88247,skadi@1e4eddf,skadi,1e4eddf,drumlin,all_official,1,0,rating,a,a,1.0,core_destroyed,73,,28,590,9,23,9,190,7,21,ok,,4.039,n-62-21-3,29052208,2026-08-08T08:39:29+0200
cbb641fe0031f7e4,auto-a1214efd9c98,hodr@ea88247,hodr,ea88247,odin@38e1456,odin,38e1456,snowflake,all_official,1,0,rating,a,a,1.0,core_destroyed,62,,42,520,7,22,10,370,8,21,ok,,3.606,n-62-29-31,29052208,2026-08-08T08:38:58+0200
cbfdc3ae59d72aad,auto-a1214efd9c98,hodr@ea88247,hodr,ea88247,njord@f66a427,njord,f66a427,jackpot,all_official,1,0,rating,a,a,1.0,titanium_collected,1000,,195,4930,23,24,136,3580,20,15,ok,,50.701,n-62-28-31,29052208,2026-08-08T08:39:49+0200
cc4e6c33104cf717,auto-a1214efd9c98,tempest@90fc9f3,tempest,90fc9f3,hodr@ea88247,hodr,ea88247,pinch,all_official,1,0,rating,b,b,0.0,core_destroyed,125,,59,0,8,2,8,290,8,13,ok,,6.315,n-62-28-33,29052208,2026-08-08T08:40:46+0200
cc4efe26f4179b29,auto-a1214efd9c98,hodr@ea88247,hodr,ea88247,odin@38e1456,odin,38e1456,vase,all_official,1,0,rating,b,b,0.0,core_destroyed,105,,10,220,8,11,21,220,5,7,ok,,4.313,n-62-29-33,29052208,2026-08-08T08:39:32+0200
cc5fd0c308fdd05c,auto-a1214efd9c98,hodr@ea88247,hodr,ea88247,steward_hardened_reinforced@c04e46e,steward_hardened_reinforced,c04e46e,jackpot,all_official,1,0,rating,a,a,1.0,core_destroyed,287,,74,1370,15,19,38,1240,9,15,ok,,12.207,n-62-11-52,29052208,2026-08-08T08:40:14+0200
cc75bcbeae83a684,auto-a1214efd9c98,prospect_rushonly@bf9b3e3,prospect_rushonly,bf9b3e3,hodr@ea88247,hodr,ea88247,archipelago,all_official,1,0,rating,a,a,1.0,core_destroyed,60,,19,310,8,18,19,130,7,13,ok,,3.757,n-62-21-90,29052208,2026-08-08T08:38:53+0200
cc77ece2dac43294,auto-a1214efd9c98,hodr@ea88247,hodr,ea88247,steward_reinforced@a8dc58a,steward_reinforced,a8dc58a,snowflake,all_official,1,0,rating,a,a,1.0,core_destroyed,57,,28,450,9,21,10,120,8,16,ok,,4.256,n-62-31-24,29052208,2026-08-08T08:40:07+0200
cc7c299f44d8aee2,auto-a1214efd9c98,skadi@1e4eddf,skadi,1e4eddf,hodr@ea88247,hodr,ea88247,saga,all_official,1,0,rating,b,b,0.0,core_destroyed,237,,222,2820,12,40,79,1950,13,24,ok,,9.733,n-62-21-10,29052208,2026-08-08T08:39:28+0200
ccb2095fa4d0dd08,auto-a1214efd9c98,hodr@ea88247,hodr,ea88247,maporacle@38e1456,maporacle,38e1456,nordkap,all_official,1,0,rating,a,a,1.0,core_destroyed,97,,9,150,9,4,10,210,7,9,ok,,4.729,n-62-21-67,29052208,2026-08-08T08:37:56+0200
ccb22ae1770ff820,auto-a1214efd9c98,prospect_rushonly@bf9b3e3,prospect_rushonly,bf9b3e3,hodr@ea88247,hodr,ea88247,sprint,all_official,1,0,rating,b,b,0.0,core_destroyed,167,,7,30,5,11,44,400,8,6,ok,,3.023,n-62-12-2,29052208,2026-08-08T08:38:54+0200
ccb998529d162500,auto-a1214efd9c98,jonbot_190003d@90fc9f3,jonbot_190003d,90fc9f3,hodr@ea88247,hodr,ea88247,crossfire,all_official,1,0,rating,a,a,1.0,core_destroyed,282,,60,530,10,15,8,40,7,9,ok,,4.391,n-62-21-13,29052208,2026-08-08T08:38:25+0200
ccc05209af42fe63,auto-a1214efd9c98,hodr@ea88247,hodr,ea88247,gobbleglitch@6cdc440,gobbleglitch,6cdc440,heart,all_official,1,0,rating,a,a,1.0,core_destroyed,81,,9,140,8,9,60,0,5,10,ok,,3.328,n-62-11-51,29052208,2026-08-08T08:38:10+0200
ccc1811e17327564,auto-a1214efd9c98,aegis@e55aab5,aegis,e55aab5,hodr@ea88247,hodr,ea88247,jackpot,all_official,1,0,rating,a,a,1.0,core_destroyed,137,,42,600,9,30,9,0,8,17,ok,,4.015,n-62-31-21,29052208,2026-08-08T08:38:22+0200
ccce16d95288a5c0,auto-a1214efd9c98,hodr@ea88247,hodr,ea88247,steward_reinforced@a8dc58a,steward_reinforced,a8dc58a,eider,all_official,1,0,rating,a,a,1.0,core_destroyed,105,,9,240,6,9,10,0,6,6,ok,,3.943,n-62-31-4,29052208,2026-08-08T08:40:28+0200
ccfd7deeb0585977,auto-a1214efd9c98,casemate_oracle@90fc9f3,casemate_oracle,90fc9f3,hodr@ea88247,hodr,ea88247,aurora,all_official,1,0,rating,b,b,0.0,core_destroyed,131,,27,0,4,33,52,570,7,26,ok,,5.475,n-62-11-66,29052208,2026-08-08T08:38:36+0200
cd081f608ffc6bc4,auto-a1214efd9c98,hodr@ea88247,hodr,ea88247,odin@38e1456,odin,38e1456,sprint,all_official,1,0,rating,a,a,1.0,core_destroyed,140,,20,180,6,13,20,0,6,0,ok,,3.561,n-62-29-31,29052208,2026-08-08T08:39:06+0200
cd0b14db7c8dc5cf,auto-a1214efd9c98,skadi@821d792,skadi,821d792,hodr@ea88247,hodr,ea88247,hive,all_official,1,0,rating,b,b,0.0,core_destroyed,106,,8,280,7,24,9,430,7,24,ok,,3.921,n-62-21-15,29052208,2026-08-08T08:39:38+0200
cd0e14fcb50a4eff,auto-a1214efd9c98,hodr@ea88247,hodr,ea88247,tempest@90fc9f3,tempest,90fc9f3,crossfire,all_official,1,0,rating,a,a,1.0,core_destroyed,65,,10,150,8,9,432,150,4,4,ok,,4.456,n-62-29-27,29052208,2026-08-08T08:40:48+0200
cd1bc815085e565b,auto-a1214efd9c98,ragnarok_fair@79582fc,ragnarok_fair,79582fc,hodr@ea88247,hodr,ea88247,quarry,all_official,1,0,rating,b,b,0.0,core_destroyed,99,,1,170,9,28,20,540,9,22,ok,,4.44,n-62-21-14,29052208,2026-08-08T08:39:13+0200
cd4af770c79124b3,auto-a1214efd9c98,hodr@ea88247,hodr,ea88247,mistral@90fc9f3,mistral,90fc9f3,atoll,all_official,1,0,rating,a,a,1.0,core_destroyed,49,,9,140,8,6,60,0,8,0,ok,,5.442,n-62-11-67,29052208,2026-08-08T08:38:37+0200
cd55489e9891aa3e,auto-a1214efd9c98,hodr@ea88247,hodr,ea88247,jonbot@90fc9f3,jonbot,90fc9f3,bridge,all_official,1,0,rating,a,a,1.0,core_destroyed,197,,10,0,7,16,665,0,1,6,ok,,3.71,n-62-21-3,29052208,2026-08-08T08:38:41+0200
cd6ec8d5ba4d34ef,auto-a1214efd9c98,hodr@ea88247,hodr,ea88247,tempest_reinforcements@025dd51,tempest_reinforcements,025dd51,crossfire,all_official,1,0,rating,a,a,1.0,core_destroyed,61,,9,250,8,13,49,140,10,5,ok,,3.545,n-62-30-23,29052208,2026-08-08T08:40:29+0200
cd6fc96c14cfed6f,auto-a1214efd9c98,aegis@e55aab5,aegis,e55aab5,hodr@ea88247,hodr,ea88247,saga,all_official,1,0,rating,b,b,0.0,core_destroyed,77,,41,470,7,40,18,350,8,23,ok,,4.224,n-62-31-23,29052208,2026-08-08T08:38:21+0200
cd72498217677a11,auto-a1214efd9c98,jonbot_190003d@90fc9f3,jonbot_190003d,90fc9f3,hodr@ea88247,hodr,ea88247,quarry,all_official,1,0,rating,b,b,0.0,core_destroyed,74,,285,180,6,21,20,350,9,22,ok,,3.343,n-62-21-18,29052208,2026-08-08T08:38:33+0200
cd75e0c32017a129,auto-a1214efd9c98,steward_hardened_reinforced@cdc552f,steward_hardened_reinforced,cdc552f,hodr@ea88247,hodr,ea88247,antler,all_official,1,0,rating,a,a,1.0,core_destroyed,123,,24,800,8,12,102,790,7,14,ok,,4.115,n-62-11-63,29052208,2026-08-08T08:40:27+0200
cd82218df44ad51f,auto-a1214efd9c98,hodr@ea88247,hodr,ea88247,strategist@2e6eca5,strategist,2e6eca5,string,all_official,1,0,rating,a,a,1.0,core_destroyed,158,,20,980,12,20,474,40,0,2,ok,,3.461,n-62-28-31,29052208,2026-08-08T08:40:43+0200
cd8591411785d6e4,auto-a1214efd9c98,hodr@ea88247,hodr,ea88247,aegis@e55aab5,aegis,e55aab5,twins,all_official,1,0,rating,a,a,1.0,core_destroyed,57,,8,210,8,10,8,200,7,23,ok,,4.021,n-62-11-67,29052208,2026-08-08T08:37:55+0200
cda2d5c69076bd90,auto-a1214efd9c98,skadi@aad5f44,skadi,aad5f44,hodr@ea88247,hodr,ea88247,pinch,all_official,1,0,rating,b,b,0.0,core_destroyed,200,,16,220,9,8,20,470,5,23,ok,,3.825,n-62-11-63,29052208,2026-08-08T08:39:40+0200
cda7c06bc6edab0c,auto-a1214efd9c98,ragnarok_fair@79582fc,ragnarok_fair,79582fc,hodr@ea88247,hodr,ea88247,strait,all_official,1,0,rating,b,b,0.0,core_destroyed,89,,10,360,10,22,16,490,7,28,ok,,4.457,n-62-21-2,29052208,2026-08-08T08:39:38+0200
ce04198fe6108e5c,auto-a1214efd9c98,mistral@90fc9f3,mistral,90fc9f3,hodr@ea88247,hodr,ea88247,crossfire,all_official,1,0,rating,b,b,0.0,core_destroyed,58,,364,0,4,0,10,130,9,13,ok,,5.042,n-62-11-67,29052208,2026-08-08T08:39:18+0200
ce3dfc8748147351,auto-a1214efd9c98,hodr@ea88247,hodr,ea88247,casemate_oracle@90fc9f3,casemate_oracle,90fc9f3,longship,all_official,1,0,rating,a,a,1.0,core_destroyed,58,,2,180,8,22,157,0,5,28,ok,,4.94,n-62-31-10,29052208,2026-08-08T08:38:10+0200
ce95163cebecae36,auto-a1214efd9c98,hodr@ea88247,hodr,ea88247,mimir@cfc1ec4,mimir,cfc1ec4,sprint,all_official,1,0,rating,a,a,1.0,core_destroyed,301,,9,20,6,4,10,90,7,5,ok,,4.422,n-62-31-23,29052208,2026-08-08T08:38:44+0200
cea3f91f2e8e87da,auto-a1214efd9c98,strategist@2a19238,strategist,2a19238,hodr@ea88247,hodr,ea88247,vase,all_official,1,0,rating,b,b,0.0,core_destroyed,57,,640,0,0,0,10,100,8,16,ok,,1.791,n-62-29-24,29052208,2026-08-08T08:40:46+0200
cec5f6b46aafe8c0,auto-a1214efd9c98,hodr@ea88247,hodr,ea88247,tempest_reinforcements@025dd51,tempest_reinforcements,025dd51,twins,all_official,1,0,rating,a,a,1.0,core_destroyed,80,,20,180,9,8,42,0,9,2,ok,,4.157,n-62-29-16,29052208,2026-08-08T08:40:33+0200
cee0c2aaf76eedee,auto-a1214efd9c98,hodr@ea88247,hodr,ea88247,steward_hardened_reinforced@366cd1b,steward_hardened_reinforced,366cd1b,heart,all_official,1,0,rating,a,a,1.0,titanium_stored,1000,,17,0,8,1,16,0,6,1,ok,,9.863,n-62-29-17,29052208,2026-08-08T08:39:51+0200
cee2e3fc9f3a1bf1,auto-a1214efd9c98,steward_hardened_reinforced@cdc552f,steward_hardened_reinforced,cdc552f,hodr@ea88247,hodr,ea88247,archipelago,all_official,1,0,rating,b,b,0.0,core_destroyed,85,,0,490,11,26,18,250,7,17,ok,,4.606,n-62-11-63,29052208,2026-08-08T08:40:36+0200
cf00907814806462,auto-a1214efd9c98,hodr@ea88247,hodr,ea88247,steward_hardened_reinforced@c04e46e,steward_hardened_reinforced,c04e46e,duel,all_official,1,0,rating,a,a,1.0,core_destroyed,55,,7,230,8,7,204,230,5,6,ok,,2.647,n-62-11-50,29052208,2026-08-08T08:39:54+0200
cf084751dd534507,auto-a1214efd9c98,hodr@ea88247,hodr,ea88247,njord@f66a427,njord,f66a427,heart,all_official,1,0,rating,b,b,0.0,core_destroyed,481,,10,0,8,0,9,0,6,4,ok,,6.328,n-62-28-31,29052208,2026-08-08T08:38:42+0200
cf13a6fa5a86ac82,auto-a1214efd9c98,hodr@ea88247,hodr,ea88247,odin@93e46da,odin,93e46da,saga,all_official,1,0,rating,a,a,1.0,core_destroyed,110,,38,410,6,30,73,790,9,38,ok,,4.551,n-62-30-23,29052208,2026-08-08T08:39:01+0200
cf36a19ec795ed82,auto-a1214efd9c98,hodr@ea88247,hodr,ea88247,casemate_oracle@90fc9f3,casemate_oracle,90fc9f3,aurora,all_official,1,0,rating,a,a,1.0,core_destroyed,146,,68,1200,14,37,28,0,5,25,ok,,8.298,n-62-11-66,29052208,2026-08-08T08:38:30+0200
cf478975f37e73dc,auto-a1214efd9c98,tempest@90fc9f3,tempest,90fc9f3,hodr@ea88247,hodr,ea88247,aurora,all_official,1,0,rating,b,b,0.0,core_destroyed,71,,25,0,10,3,9,260,7,24,ok,,6.732,n-62-29-27,29052208,2026-08-08T08:40:36+0200
cf51237312c6b340,auto-a1214efd9c98,steward_hardened_reinforced@f61245f,steward_hardened_reinforced,f61245f,hodr@ea88247,hodr,ea88247,nordkap,all_official,1,0,rating,b,b,0.0,core_destroyed,165,,9,80,9,3,9,380,8,16,ok,,4.433,n-62-28-34,29052208,2026-08-08T08:40:05+0200
cf5b6ce9d4d4e71b,auto-a1214efd9c98,hodr@ea88247,hodr,ea88247,heimdall@daf0de0,heimdall,daf0de0,jackpot,all_official,1,0,rating,a,a,1.0,core_destroyed,525,,76,2550,12,19,919,4810,8,24,ok,,17.623,n-62-12-2,29052208,2026-08-08T08:38:34+0200
cf647ffea3e99a23,auto-a1214efd9c98,prospect_rushonly@bf9b3e3,prospect_rushonly,bf9b3e3,hodr@ea88247,hodr,ea88247,quarry,all_official,1,0,rating,b,b,0.0,core_destroyed,82,,9,530,9,33,18,410,8,20,ok,,3.785,n-62-12-7,29052208,2026-08-08T08:39:30+0200
cf654431ba8189bf,auto-a1214efd9c98,hodr@ea88247,hodr,ea88247,heimdall@daf0de0,heimdall,daf0de0,hive,all_official,1,0,rating,a,a,1.0,core_destroyed,148,,19,350,7,23,24,350,8,24,ok,,4.682,n-62-12-2,29052208,2026-08-08T08:38:12+0200
cf676d04d78224f3,auto-a1214efd9c98,hodr@ea88247,hodr,ea88247,skadi@6a2af02,skadi,6a2af02,archipelago,all_official,1,0,rating,a,a,1.0,core_destroyed,79,,16,460,8,27,34,410,6,17,ok,,3.66,n-62-21-17,29052208,2026-08-08T08:39:53+0200
cf74cb7786af201d,auto-a1214efd9c98,hodr@ea88247,hodr,ea88247,skadi@6a2af02,skadi,6a2af02,saga,all_official,1,0,rating,b,b,0.0,core_destroyed,115,,56,290,7,28,65,1080,11,39,ok,,5.102,n-62-31-4,29052208,2026-08-08T08:39:05+0200
cf7b32b6c357c55e,auto-a1214efd9c98,hodr@ea88247,hodr,ea88247,steward_reinforced@a8dc58a,steward_reinforced,a8dc58a,aurora,all_official,1,0,rating,a,a,1.0,core_destroyed,102,,38,760,9,32,1,410,8,25,ok,,5.261,n-62-29-16,29052208,2026-08-08T08:40:31+0200
cfbd8b77e88229bf,auto-a1214efd9c98,hodr@ea88247,hodr,ea88247,tempest_reinforcements@38f9c23,tempest_reinforcements,38f9c23,skerry,all_official,1,0,rating,a,a,1.0,core_destroyed,52,,26,310,9,11,20,180,9,10,ok,,3.605,n-62-31-19,29052208,2026-08-08T08:40:49+0200
cffe1a7dfa614907,auto-a1214efd9c98,prospect_rushonly@bf9b3e3,prospect_rushonly,bf9b3e3,hodr@ea88247,hodr,ea88247,showdown,all_official,1,0,rating,a,a,1.0,titanium_collected,1000,,16,400,5,14,16,40,5,8,ok,,5.02,n-62-12-8,29052208,2026-08-08T08:39:21+0200
d0171a595c671c94,auto-a1214efd9c98,pantheon_replica_day3@aa8bae0,pantheon_replica_day3,aa8bae0,hodr@ea88247,hodr,ea88247,skerry,all_official,1,0,rating,b,b,0.0,core_destroyed,48,,40,220,8,12,28,200,7,17,ok,,3.549,n-62-31-18,29052208,2026-08-08T08:39:07+0200
d024efe0bf64cdb9,auto-a1214efd9c98,hodr@ea88247,hodr,ea88247,jonbot_190003d@90fc9f3,jonbot_190003d,90fc9f3,archipelago,all_official,1,0,rating,a,a,1.0,titanium_collected,1000,,16,240,7,24,69,80,8,14,ok,,8.355,n-62-21-8,29052208,2026-08-08T08:38:41+0200
d047e771a95a7225,auto-a1214efd9c98,hodr@ea88247,hodr,ea88247,spar_mender@7ed1acc,spar_mender,7ed1acc,pinch,all_official,1,0,rating,a,a,1.0,core_destroyed,115,,107,860,10,34,29,450,9,21,ok,,4.78,n-62-21-97,29052208,2026-08-08T08:39:42+0200
d0583a3acc2b321c,auto-a1214efd9c98,njord@f66a427,njord,f66a427,hodr@ea88247,hodr,ea88247,archipelago,all_official,1,0,rating,a,a,1.0,core_destroyed,66,,20,360,9,27,5,150,8,14,ok,,4.341,n-62-21-98,29052208,2026-08-08T08:38:44+0200
d070b74097b41134,auto-a1214efd9c98,hodr@ea88247,hodr,ea88247,e_t4l7@9e77076,e_t4l7,9e77076,drumlin,all_official,1,0,rating,a,a,1.0,core_destroyed,175,,39,2360,9,47,773,1810,9,27,ok,,5.054,n-62-28-31,29052208,2026-08-08T08:37:56+0200
d0888df3071d050d,auto-a1214efd9c98,steward_hardened_reinforced@04300bf,steward_hardened_reinforced,04300bf,hodr@ea88247,hodr,ea88247,runestone,all_official,1,0,rating,a,a,1.0,core_destroyed,325,,9,50,8,17,10,280,8,17,ok,,5.405,n-62-29-31,29052208,2026-08-08T08:40:18+0200
d0ab26a42f1c2334,auto-a1214efd9c98,steward_hardened_reinforced@672ee02,steward_hardened_reinforced,672ee02,hodr@ea88247,hodr,ea88247,jackpot,all_official,1,0,rating,a,a,1.0,core_destroyed,155,,87,710,13,24,30,470,9,12,ok,,6.933,n-62-31-4,29052208,2026-08-08T08:40:08+0200
d0d90561acac5db1,auto-a1214efd9c98,hodr@ea88247,hodr,ea88247,undertow@fdc1e1f,undertow,fdc1e1f,string,all_official,1,0,rating,a,a,1.0,core_destroyed,371,,10,920,9,8,116,0,1,4,ok,,5.774,n-62-11-63,29052208,2026-08-08T08:40:47+0200
d1088f5fc35669d8,auto-a1214efd9c98,hodr@ea88247,hodr,ea88247,odin@93e46da,odin,93e46da,bridge,all_official,1,0,rating,a,a,1.0,core_destroyed,267,,37,490,6,16,7,0,10,7,ok,,7.165,n-62-29-27,29052208,2026-08-08T08:39:22+0200
d114df36c7a345a4,auto-a1214efd9c98,steward_hardened_reinforced@a994296,steward_hardened_reinforced,a994296,hodr@ea88247,hodr,ea88247,drumlin,all_official,1,0,rating,b,b,0.0,core_destroyed,67,,24,200,7,17,9,350,7,17,ok,,3.272,n-62-31-18,29052208,2026-08-08T08:40:31+0200
d12ededf6b987e3e,auto-a1214efd9c98,hodr@ea88247,hodr,ea88247,njord@f66a427,njord,f66a427,string,all_official,1,0,rating,b,b,0.0,core_destroyed,424,,81,30,3,2,97,3030,20,13,ok,,11.317,n-62-29-13,29052208,2026-08-08T08:39:12+0200
d1495d6401bff60c,auto-a1214efd9c98,gobbleglitch@6cdc440,gobbleglitch,6cdc440,hodr@ea88247,hodr,ea88247,lighthouse,all_official,1,0,rating,b,b,0.0,core_destroyed,77,,59,290,9,10,8,170,7,8,ok,,3.143,n-62-21-89,29052208,2026-08-08T08:37:58+0200
d149da93c49d259e,auto-a1214efd9c98,odin@93e46da,odin,93e46da,hodr@ea88247,hodr,ea88247,duel,all_official,1,0,rating,b,b,0.0,core_destroyed,86,,10,200,5,5,8,390,8,6,ok,,3.248,n-62-29-34,29052208,2026-08-08T08:39:04+0200
d1621e5ba629dfd4,auto-a1214efd9c98,hodr@ea88247,hodr,ea88247,steward_hardened_reinforced@672ee02,steward_hardened_reinforced,672ee02,moonrise,all_official,1,0,rating,a,a,1.0,core_destroyed,105,,42,490,5,13,32,60,5,5,ok,,2.887,n-62-31-21,29052208,2026-08-08T08:39:43+0200
d1bb03eba89bde2c,auto-a1214efd9c98,hodr@ea88247,hodr,ea88247,skadi@821d792,skadi,821d792,twins,all_official,1,0,rating,a,a,1.0,core_destroyed,225,,10,540,10,11,9,180,6,6,ok,,5.207,n-62-11-60,29052208,2026-08-08T08:39:42+0200
d1be8115a27d2fbe,auto-a1214efd9c98,hodr@ea88247,hodr,ea88247,steward_hardened_reinforced@04300bf,steward_hardened_reinforced,04300bf,duel,all_official,1,0,rating,a,a,1.0,core_destroyed,59,,9,250,8,7,170,250,6,6,ok,,3.118,n-62-29-9,29052208,2026-08-08T08:39:28+0200
d1bec20e1dafdba5,auto-a1214efd9c98,steward_hardened_reinforced@deba9ec,steward_hardened_reinforced,deba9ec,hodr@ea88247,hodr,ea88247,pinch,all_official,1,0,rating,a,a,1.0,core_destroyed,169,,9,400,8,8,9,400,6,6,ok,,3.472,n-62-12-5,29052208,2026-08-08T08:39:52+0200
d1d564f7e2038d67,auto-a1214efd9c98,freyr@c2c0d3d,freyr,c2c0d3d,hodr@ea88247,hodr,ea88247,runestone,all_official,1,0,rating,a,a,1.0,core_destroyed,325,,9,50,8,17,10,280,8,17,ok,,5.429,n-62-31-13,29052208,2026-08-08T08:38:20+0200
d2151519218a7d25,auto-a1214efd9c98,e_t4l7@9e77076,e_t4l7,9e77076,hodr@ea88247,hodr,ea88247,snowflake,all_official,1,0,rating,a,a,1.0,titanium_collected,1000,,6954,7360,8,26,30,2480,8,38,ok,,9.919,n-62-29-13,29052208,2026-08-08T08:39:03+0200
d2198283ef798abb,auto-a1214efd9c98,hodr@ea88247,hodr,ea88247,tempest_reinforcements@025dd51,tempest_reinforcements,025dd51,archipelago,all_official,1,0,rating,a,a,1.0,core_destroyed,57,,20,320,7,29,15,0,9,8,ok,,4.016,n-62-28-34,29052208,2026-08-08T08:40:38+0200
d25ba57ef3930fdd,auto-a1214efd9c98,hodr@ea88247,hodr,ea88247,steward_hardened_reinforced@deba9ec,steward_hardened_reinforced,deba9ec,quarry,all_official,1,0,rating,a,a,1.0,core_destroyed,79,,19,410,8,29,4,150,10,9,ok,,4.62,n-62-12-5,29052208,2026-08-08T08:39:57+0200
d260423bb083e433,auto-a1214efd9c98,hodr@ea88247,hodr,ea88247,odin@38e1456,odin,38e1456,aurora,all_official,1,0,rating,a,a,1.0,core_destroyed,135,,112,1090,9,32,54,720,9,32,ok,,5.421,n-62-29-16,29052208,2026-08-08T08:38:42+0200
d260e69600fbf7c1,auto-a1214efd9c98,mjolnir@2e6c876,mjolnir,2e6c876,hodr@ea88247,hodr,ea88247,sprint,all_official,1,0,rating,b,b,0.0,core_destroyed,825,,10,0,8,4,9,0,8,7,ok,,7.365,n-62-31-11,29052208,2026-08-08T08:39:19+0200
d27482b51a56f69f,auto-a1214efd9c98,steward_hardened_reinforced@366cd1b,steward_hardened_reinforced,366cd1b,hodr@ea88247,hodr,ea88247,runestone,all_official,1,0,rating,a,a,1.0,core_destroyed,325,,9,50,8,17,10,280,8,17,ok,,5.797,n-62-30-24,29052208,2026-08-08T08:40:06+0200
d275b0bc00c7f5cb,auto-a1214efd9c98,odin@93e46da,odin,93e46da,hodr@ea88247,hodr,ea88247,showdown,all_official,1,0,rating,b,b,0.0,core_destroyed,138,,10,0,7,6,119,660,8,28,ok,,4.053,n-62-30-23,29052208,2026-08-08T08:39:15+0200
d278b636e9f09abf,auto-a1214efd9c98,hodr@ea88247,hodr,ea88247,jonbot@90fc9f3,jonbot,90fc9f3,crossfire,all_official,1,0,rating,a,a,1.0,core_destroyed,500,,30,1450,8,14,1553,1230,3,7,ok,,13.17,n-62-21-5,29052208,2026-08-08T08:38:04+0200
d283c485d2831d07,auto-a1214efd9c98,odin@93e46da,odin,93e46da,hodr@ea88247,hodr,ea88247,meander,all_official,1,0,rating,b,b,0.0,core_destroyed,101,,10,0,8,5,7,0,8,2,ok,,3.272,n-62-29-17,29052208,2026-08-08T08:38:55+0200
d2c49b6d93bcd2f1,auto-a1214efd9c98,skadi@821d792,skadi,821d792,hodr@ea88247,hodr,ea88247,antler,all_official,1,0,rating,b,b,0.0,core_destroyed,488,,12,460,5,8,118,2110,12,16,ok,,7.422,n-62-31-22,29052208,2026-08-08T08:39:25+0200
d2db552cba16a462,auto-a1214efd9c98,mistral@90fc9f3,mistral,90fc9f3,hodr@ea88247,hodr,ea88247,sweden,all_official,1,0,rating,b,b,0.0,core_destroyed,123,,524,0,4,0,0,270,10,15,ok,,6.96,n-62-11-64,29052208,2026-08-08T08:39:03+0200
d2e58563c0a07f84,auto-a1214efd9c98,hodr@ea88247,hodr,ea88247,tempest@90fc9f3,tempest,90fc9f3,string,all_official,1,0,rating,a,a,1.0,core_destroyed,85,,22,190,7,11,443,190,5,3,ok,,2.99,n-62-29-17,29052208,2026-08-08T08:40:28+0200
d3129c7aacfdd7ae,auto-a1214efd9c98,hodr@ea88247,hodr,ea88247,prospect_rushonly@bf9b3e3,prospect_rushonly,bf9b3e3,meander,all_official,1,0,rating,a,a,1.0,core_destroyed,246,,8,40,8,7,10,0,5,4,ok,,3.75,n-62-12-7,29052208,2026-08-08T08:38:52+0200
d3187f5cb0499a6b,auto-a1214efd9c98,hodr@ea88247,hodr,ea88247,gobbleglitch@6cdc440,gobbleglitch,6cdc440,duel,all_official,1,0,rating,a,a,1.0,core_destroyed,129,,9,310,8,4,59,70,8,3,ok,,2.99,n-62-11-57,29052208,2026-08-08T08:38:29+0200
d34eda25e79f0a41,auto-a1214efd9c98,hodr@ea88247,hodr,ea88247,steward_hardened_reinforced@cdc552f,steward_hardened_reinforced,cdc552f,hive,all_official,1,0,rating,a,a,1.0,core_destroyed,69,,10,150,9,21,10,240,9,21,ok,,4.317,n-62-11-66,29052208,2026-08-08T08:39:44+0200
d37fadd9abb5b05e,auto-a1214efd9c98,spar_mender@d5b46bc,spar_mender,d5b46bc,hodr@ea88247,hodr,ea88247,twins,all_official,1,0,rating,a,a,1.0,core_destroyed,85,,8,190,8,10,10,180,9,5,ok,,3.798,n-62-29-21,29052208,2026-08-08T08:39:32+0200
d3a2e862ca03aa0c,auto-a1214efd9c98,steward_relent@7ed1acc,steward_relent,7ed1acc,hodr@ea88247,hodr,ea88247,atoll,all_official,1,0,rating,a,a,1.0,core_destroyed,91,,13,400,8,17,16,400,9,8,ok,,4.431,n-62-11-60,29052208,2026-08-08T08:40:14+0200
d3af557025ec7bc1,auto-a1214efd9c98,ragnarok_fair@79582fc,ragnarok_fair,79582fc,hodr@ea88247,hodr,ea88247,nordkap,all_official,1,0,rating,b,b,0.0,core_destroyed,45,,10,90,10,4,6,140,7,12,ok,,3.612,n-62-21-14,29052208,2026-08-08T08:38:57+0200
d3bac83a987ca2f5,auto-a1214efd9c98,hodr@ea88247,hodr,ea88247,steward_hardened_reinforced@366cd1b,steward_hardened_reinforced,366cd1b,string,all_official,1,0,rating,b,b,0.0,core_destroyed,295,,40,30,2,2,6,1380,12,7,ok,,6.655,n-62-30-25,29052208,2026-08-08T08:40:21+0200
d3f78cc1bc26d081,auto-a1214efd9c98,hodr@ea88247,hodr,ea88247,freyr@c2c0d3d,freyr,c2c0d3d,snowflake,all_official,1,0,rating,a,a,1.0,core_destroyed,65,,43,550,9,22,7,140,8,11,ok,,4.523,n-62-31-17,29052208,2026-08-08T08:37:56+0200
d3f88382bf918007,auto-a1214efd9c98,hodr@ea88247,hodr,ea88247,prospect@bf9b3e3,prospect,bf9b3e3,nordkap,all_official,1,0,rating,b,b,0.0,core_destroyed,99,,7,120,9,3,9,220,8,7,ok,,3.6,n-62-11-52,29052208,2026-08-08T08:39:22+0200
d49299c1af593fd6,auto-a1214efd9c98,strategist@2a19238,strategist,2a19238,hodr@ea88247,hodr,ea88247,sweden,all_official,1,0,rating,b,b,0.0,core_destroyed,71,,670,0,0,0,10,140,10,15,ok,,2.549,n-62-29-24,29052208,2026-08-08T08:40:30+0200
d4a435d36fe8ee2c,auto-a1214efd9c98,hodr@ea88247,hodr,ea88247,ragnarok_fair@79582fc,ragnarok_fair,79582fc,lighthouse,all_official,1,0,rating,a,a,1.0,core_destroyed,88,,32,360,7,14,22,50,8,5,ok,,3.76,n-62-21-4,29052208,2026-08-08T08:39:17+0200
d4a88e6ab69a9ed2,auto-a1214efd9c98,steward_hardened_reinforced@cdc552f,steward_hardened_reinforced,cdc552f,hodr@ea88247,hodr,ea88247,jackpot,all_official,1,0,rating,a,a,1.0,core_destroyed,155,,57,710,14,24,30,470,9,12,ok,,9.037,n-62-11-66,29052208,2026-08-08T08:40:11+0200
d4ba4e332a3c331a,auto-a1214efd9c98,hodr@ea88247,hodr,ea88247,steward_relent@7ed1acc,steward_relent,7ed1acc,fjord,all_official,1,0,rating,a,a,1.0,core_destroyed,116,,14,770,9,15,17,600,6,15,ok,,3.622,n-62-29-13,29052208,2026-08-08T08:40:25+0200
d4d823c4b20eb854,auto-a1214efd9c98,steward_hardened_reinforced@a994296,steward_hardened_reinforced,a994296,hodr@ea88247,hodr,ea88247,saga,all_official,1,0,rating,b,b,0.0,core_destroyed,79,,8,250,8,29,9,360,8,23,ok,,4.29,n-62-31-24,29052208,2026-08-08T08:40:37+0200
d4e475fd6e5c0ec0,auto-a1214efd9c98,hodr@ea88247,hodr,ea88247,steward_hardened_reinforced@672ee02,steward_hardened_reinforced,672ee02,jackpot,all_official,1,0,rating,b,b,0.0,core_destroyed,199,,66,920,14,22,35,600,9,17,ok,,7.682,n-62-31-4,29052208,2026-08-08T08:40:01+0200
d4f09e8730d58948,auto-a1214efd9c98,hodr@ea88247,hodr,ea88247,aegis@e55aab5,aegis,e55aab5,saga,all_official,1,0,rating,b,b,0.0,core_destroyed,92,,41,320,8,23,28,410,6,32,ok,,4.471,n-62-31-23,29052208,2026-08-08T08:38:16+0200
d4f4ebf58beac22a,auto-a1214efd9c98,strategist@2a19238,strategist,2a19238,hodr@ea88247,hodr,ea88247,crossfire,all_official,1,0,rating,b,b,0.0,core_destroyed,97,,393,520,4,39,70,510,9,19,ok,,3.219,n-62-11-64,29052208,2026-08-08T08:40:51+0200
d4f5ef28aa91cda0,auto-a1214efd9c98,spar_mender@d5b46bc,spar_mender,d5b46bc,hodr@ea88247,hodr,ea88247,eider,all_official,1,0,rating,a,a,1.0,core_destroyed,239,,54,1280,9,12,9,1140,5,22,ok,,5.729,n-62-28-33,29052208,2026-08-08T08:40:00+0200
d4f888d1a87780d6,auto-a1214efd9c98,hodr@ea88247,hodr,ea88247,ragnarok_fair@79582fc,ragnarok_fair,79582fc,jackpot,all_official,1,0,rating,a,a,1.0,core_destroyed,492,,30,2400,19,23,42,2770,12,20,ok,,19.121,n-62-21-4,29052208,2026-08-08T08:39:08+0200
d536603ccfb23787,auto-a1214efd9c98,steward_hardened_reinforced@c04e46e,steward_hardened_reinforced,c04e46e,hodr@ea88247,hodr,ea88247,eider,all_official,1,0,rating,a,a,1.0,core_destroyed,129,,60,820,10,15,7,950,8,24,ok,,4.889,n-62-11-50,29052208,2026-08-08T08:40:05+0200
d56950fed72f842e,auto-a1214efd9c98,hodr@ea88247,hodr,ea88247,jonbot@90fc9f3,jonbot,90fc9f3,pinch,all_official,1,0,rating,a,a,1.0,titanium_collected,1000,,20,2480,7,15,62,0,9,9,ok,,9.867,n-62-21-10,29052208,2026-08-08T08:38:46+0200
d57e7739b0a9cefb,auto-a1214efd9c98,steward_hardened_reinforced@366cd1b,steward_hardened_reinforced,366cd1b,hodr@ea88247,hodr,ea88247,lighthouse,all_official,1,0,rating,a,a,1.0,core_destroyed,397,,9,440,8,8,10,230,7,9,ok,,5.052,n-62-30-23,29052208,2026-08-08T08:39:39+0200
d596d878c57d8341,auto-a1214efd9c98,hodr@ea88247,hodr,ea88247,mjolnir@2e6c876,mjolnir,2e6c876,pinch,all_official,1,0,rating,a,a,1.0,core_destroyed,148,,34,720,7,25,20,290,6,7,ok,,5.394,n-62-31-10,29052208,2026-08-08T08:38:40+0200
d5985d81b3be5dfc,auto-a1214efd9c98,hodr@ea88247,hodr,ea88247,steward_hardened_reinforced@cdc552f,steward_hardened_reinforced,cdc552f,atoll,all_official,1,0,rating,a,a,1.0,titanium_collected,1000,,29,2490,8,15,12,220,7,6,ok,,6.351,n-62-11-61,29052208,2026-08-08T08:39:46+0200
d5b0ee3e48786bd1,auto-a1214efd9c98,spar_mender@d5b46bc,spar_mender,d5b46bc,hodr@ea88247,hodr,ea88247,vase,all_official,1,0,rating,a,a,1.0,titanium_collected,1000,,196,2370,16,7,20,720,9,7,ok,,23.414,n-62-29-21,29052208,2026-08-08T08:40:00+0200
d5be8a4df31902ea,auto-a1214efd9c98,prospect_rushonly@bf9b3e3,prospect_rushonly,bf9b3e3,hodr@ea88247,hodr,ea88247,atoll,all_official,1,0,rating,b,b,0.0,core_destroyed,154,,8,430,7,12,37,720,7,17,ok,,4.012,n-62-21-90,29052208,2026-08-08T08:39:01+0200
d5cadb9347801734,auto-a1214efd9c98,mimir@cfc1ec4,mimir,cfc1ec4,hodr@ea88247,hodr,ea88247,nordkap,all_official,1,0,rating,b,b,0.0,titanium_collected,1000,,20,80,9,7,16,360,8,9,ok,,7.657,n-62-31-21,29052208,2026-08-08T08:39:07+0200
d5d5f4cadc2aabeb,auto-a1214efd9c98,hodr@ea88247,hodr,ea88247,mimir@cfc1ec4,mimir,cfc1ec4,moonrise,all_official,1,0,rating,a,a,1.0,core_destroyed,114,,9,500,7,15,10,70,6,6,ok,,2.862,n-62-31-21,29052208,2026-08-08T08:38:47+0200
d5dc3d41c3959f6e,auto-a1214efd9c98,hodr@ea88247,hodr,ea88247,steward_hardened_reinforced@04300bf,steward_hardened_reinforced,04300bf,eider,all_official,1,0,rating,b,b,0.0,core_destroyed,128,,40,810,8,16,28,980,8,21,ok,,5.199,n-62-29-9,29052208,2026-08-08T08:39:37+0200
d5ddc72850cc7b42,auto-a1214efd9c98,hodr@ea88247,hodr,ea88247,steward_hardened_reinforced@c04e46e,steward_hardened_reinforced,c04e46e,crossfire,all_official,1,0,rating,a,a,1.0,core_destroyed,171,,22,410,8,5,7,50,7,4,ok,,4.103,n-62-11-50,29052208,2026-08-08T08:39:37+0200
d5e581dcce77f339,auto-a1214efd9c98,fenrir2@6b39ebb,fenrir2,6b39ebb,hodr@ea88247,hodr,ea88247,skerry,all_official,1,0,rating,b,b,0.0,core_destroyed,73,,10,330,9,9,17,520,10,26,ok,,4.664,n-62-29-33,29052208,2026-08-08T08:38:11+0200
d5e737877dcd55fc,auto-a1214efd9c98,odin@93e46da,odin,93e46da,hodr@ea88247,hodr,ea88247,skerry,all_official,1,0,rating,b,b,0.0,core_destroyed,73,,10,330,9,9,17,520,10,26,ok,,4.107,n-62-30-23,29052208,2026-08-08T08:39:24+0200
d5f34f8846a66d59,auto-a1214efd9c98,njord@f66a427,njord,f66a427,hodr@ea88247,hodr,ea88247,bridge,all_official,1,0,rating,b,b,0.0,core_destroyed,208,,104,0,8,12,14,0,9,5,ok,,7.233,n-62-21-98,29052208,2026-08-08T08:39:38+0200
d6360a8e9faade73,auto-a1214efd9c98,hodr@ea88247,hodr,ea88247,spar_mender@d5b46bc,spar_mender,d5b46bc,twins,all_official,1,0,rating,a,a,1.0,core_destroyed,109,,10,430,7,21,39,0,8,12,ok,,4.171,n-62-29-21,29052208,2026-08-08T08:39:28+0200
d6487bef02eaa868,auto-a1214efd9c98,strategist@2a19238,strategist,2a19238,hodr@ea88247,hodr,ea88247,twins,all_official,1,0,rating,b,b,0.0,core_destroyed,106,,2,0,5,46,20,230,6,14,ok,,3.023,n-62-29-24,29052208,2026-08-08T08:40:38+0200
d6500c27e257ce7b,auto-a1214efd9c98,skadi@1e4eddf,skadi,1e4eddf,hodr@ea88247,hodr,ea88247,sweden,all_official,1,0,rating,a,a,1.0,core_destroyed,397,,20,2780,22,20,32,50,6,1,ok,,25.819,n-62-21-24,29052208,2026-08-08T08:40:25+0200
d651865cbbc2cb7e,auto-a1214efd9c98,hodr@ea88247,hodr,ea88247,mjolnir@2e6c876,mjolnir,2e6c876,snowflake,all_official,1,0,rating,a,a,1.0,core_destroyed,117,,194,1200,9,23,20,990,10,27,ok,,6.064,n-62-31-11,29052208,2026-08-08T08:39:00+0200
d6649a2f0897af77,auto-a1214efd9c98,hodr@ea88247,hodr,ea88247,mimir@cfc1ec4,mimir,cfc1ec4,crossfire,all_official,1,0,rating,a,a,1.0,core_destroyed,306,,61,2000,14,43,8,50,4,4,ok,,5.759,n-62-31-5,29052208,2026-08-08T08:38:32+0200
d665f37fc12fecde,auto-a1214efd9c98,hodr@ea88247,hodr,ea88247,steward_hardened_reinforced@c04e46e,steward_hardened_reinforced,c04e46e,hive,all_official,1,0,rating,b,b,0.0,core_destroyed,62,,10,130,9,18,2,190,8,22,ok,,3.646,n-62-11-52,29052208,2026-08-08T08:39:58+0200
d67a5cb0c5b4cb7c,auto-a1214efd9c98,skadi@6a2af02,skadi,6a2af02,hodr@ea88247,hodr,ea88247,nordkap,all_official,1,0,rating,a,a,1.0,titanium_collected,1000,,16,410,7,3,16,100,7,6,ok,,9.846,n-62-21-13,29052208,2026-08-08T08:39:19+0200
d6891de2905a7de6,auto-a1214efd9c98,hodr@ea88247,hodr,ea88247,jotunn@6b39ebb,jotunn,6b39ebb,moonrise,all_official,1,0,rating,a,a,1.0,core_destroyed,54,,9,180,7,11,92,260,8,9,ok,,2.495,n-62-12-65,29052208,2026-08-08T08:38:25+0200
d6b5140be51400d9,auto-a1214efd9c98,hodr@ea88247,hodr,ea88247,janus@8a1e7a1,janus,8a1e7a1,vase,all_official,1,0,rating,a,a,1.0,core_destroyed,247,,10,580,10,7,86,480,3,5,ok,,7.559,n-62-21-14,29052208,2026-08-08T08:38:32+0200
d6d47cf80f9f9e0b,auto-a1214efd9c98,e_t4l7@9e77076,e_t4l7,9e77076,hodr@ea88247,hodr,ea88247,vase,all_official,1,0,rating,a,a,1.0,harvesters,1000,,257,0,7,41,20,0,9,8,ok,,8.183,n-62-29-16,29052208,2026-08-08T08:38:07+0200
d6e7d03a85dff70e,auto-a1214efd9c98,hodr@ea88247,hodr,ea88247,freyr@c2c0d3d,freyr,c2c0d3d,antler,all_official,1,0,rating,b,b,0.0,core_destroyed,56,,20,290,6,13,18,230,7,14,ok,,3.777,n-62-29-34,29052208,2026-08-08T08:37:55+0200
d6ed6ece4b878379,auto-a1214efd9c98,hodr@ea88247,hodr,ea88247,pantheon_replica_day3@aa8bae0,pantheon_replica_day3,aa8bae0,heart,all_official,1,0,rating,a,a,1.0,core_destroyed,417,,8,0,6,6,10,0,6,4,ok,,6.01,n-62-31-17,29052208,2026-08-08T08:39:24+0200
d6fe117aa38017c8,auto-a1214efd9c98,pantheon_replica_day3@aa8bae0,pantheon_replica_day3,aa8bae0,hodr@ea88247,hodr,ea88247,strait,all_official,1,0,rating,a,a,1.0,core_destroyed,470,,10,370,8,10,10,80,6,10,ok,,6.692,n-62-31-20,29052208,2026-08-08T08:38:56+0200
d718737788bcc453,auto-a1214efd9c98,hodr@ea88247,hodr,ea88247,njord@f66a427,njord,f66a427,fjordgate,all_official,1,0,rating,a,a,1.0,core_destroyed,222,,10,1040,6,25,28,10,2,3,ok,,4.525,n-62-28-28,29052208,2026-08-08T08:39:18+0200
d751da54a6c863b3,auto-a1214efd9c98,hodr@ea88247,hodr,ea88247,gefjon@f66a427,gefjon,f66a427,string,all_official,1,0,rating,a,a,1.0,core_destroyed,642,,58,1600,11,8,209,430,4,1,ok,,9.658,n-62-11-50,29052208,2026-08-08T08:38:09+0200
d7745d7e594468a1,auto-a1214efd9c98,casemate_oracle@90fc9f3,casemate_oracle,90fc9f3,hodr@ea88247,hodr,ea88247,vase,all_official,1,0,rating,b,b,0.0,core_destroyed,93,,444,0,2,1,10,190,8,10,ok,,3.429,n-62-21-98,29052208,2026-08-08T08:38:25+0200
d7a9bcd7cba2d481,auto-a1214efd9c98,hodr@ea88247,hodr,ea88247,heimdall@daf0de0,heimdall,daf0de0,atoll,all_official,1,0,rating,a,a,1.0,core_destroyed,59,,8,240,7,13,32,240,8,15,ok,,3.624,n-62-12-7,29052208,2026-08-08T08:38:03+0200
d7b4c8a538e8eb04,auto-a1214efd9c98,prospect@bf9b3e3,prospect,bf9b3e3,hodr@ea88247,hodr,ea88247,pinch,all_official,1,0,rating,b,b,0.0,core_destroyed,136,,19,320,8,4,19,320,6,13,ok,,3.295,n-62-11-57,29052208,2026-08-08T08:38:51+0200
d80e598376667d7a,auto-a1214efd9c98,mjolnir@2e6c876,mjolnir,2e6c876,hodr@ea88247,hodr,ea88247,meander,all_official,1,0,rating,a,a,1.0,core_destroyed,125,,10,110,6,8,9,0,8,0,ok,,3.113,n-62-31-9,29052208,2026-08-08T08:39:02+0200
d823a6e889a131ea,auto-a1214efd9c98,hodr@ea88247,hodr,ea88247,casemate_oracle@90fc9f3,casemate_oracle,90fc9f3,saga,all_official,1,0,rating,a,a,1.0,core_destroyed,126,,268,970,9,35,239,0,4,18,ok,,4.88,n-62-31-11,29052208,2026-08-08T08:39:16+0200
d83430fc57f9816a,auto-a1214efd9c98,spar_mender@7ed1acc,spar_mender,7ed1acc,hodr@ea88247,hodr,ea88247,jackpot,all_official,1,0,rating,b,b,0.0,core_destroyed,196,,102,750,11,16,144,880,11,24,ok,,9.539,n-62-31-11,29052208,2026-08-08T08:39:38+0200
d852847cb44a737b,auto-a1214efd9c98,hodr@ea88247,hodr,ea88247,freyr@c2c0d3d,freyr,c2c0d3d,runestone,all_official,1,0,rating,a,a,1.0,core_destroyed,317,,9,50,8,17,10,260,8,17,ok,,4.852,n-62-31-13,29052208,2026-08-08T08:38:14+0200
d861f20a9f13ad95,auto-a1214efd9c98,skadi@1e4eddf,skadi,1e4eddf,hodr@ea88247,hodr,ea88247,meander,all_official,1,0,rating,a,a,1.0,titanium_collected,1000,,16,90,5,13,16,0,7,3,ok,,6.689,n-62-21-11,29052208,2026-08-08T08:39:25+0200
d897eb1f1ddf251e,auto-a1214efd9c98,mimir@cfc1ec4,mimir,cfc1ec4,hodr@ea88247,hodr,ea88247,duel,all_official,1,0,rating,a,a,1.0,core_destroyed,59,,9,250,8,7,170,250,6,6,ok,,3.087,n-62-31-5,29052208,2026-08-08T08:38:55+0200
d8a5161ac6da76dd,auto-a1214efd9c98,hodr@ea88247,hodr,ea88247,steward_hardened_reinforced@672ee02,steward_hardened_reinforced,672ee02,showdown,all_official,1,0,rating,a,a,1.0,titanium_collected,1000,,16,300,6,21,16,140,6,15,ok,,6.915,n-62-31-23,29052208,2026-08-08T08:40:02+0200
d8b96c057ec8579a,auto-a1214efd9c98,jotunn@6b39ebb,jotunn,6b39ebb,hodr@ea88247,hodr,ea88247,hive,all_official,1,0,rating,b,b,0.0,core_destroyed,178,,221,1200,9,54,120,1160,9,49,ok,,4.143,n-62-13-7,29052208,2026-08-08T08:38:38+0200
d8dc36098236da31,auto-a1214efd9c98,hodr@ea88247,hodr,ea88247,lockin@90fc9f3,lockin,90fc9f3,crossfire,all_official,1,0,rating,a,a,1.0,core_destroyed,45,,10,170,8,13,232,0,7,2,ok,,4.298,n-62-21-56,29052208,2026-08-08T08:38:35+0200
d8ed74dfbc91820d,auto-a1214efd9c98,heimdall@daf0de0,heimdall,daf0de0,hodr@ea88247,hodr,ea88247,longship,all_official,1,0,rating,b,b,0.0,core_destroyed,117,,0,500,10,33,8,270,6,18,ok,,3.541,n-62-12-2,29052208,2026-08-08T08:38:53+0200
d8f1906358190b7d,auto-a1214efd9c98,jonbot@90fc9f3,jonbot,90fc9f3,hodr@ea88247,hodr,ea88247,duel,all_official,1,0,rating,b,b,0.0,core_destroyed,180,,66,0,6,2,30,970,8,27,ok,,4.254,n-62-21-5,29052208,2026-08-08T08:38:28+0200
d917a6a8eecff203,auto-a1214efd9c98,hodr@ea88247,hodr,ea88247,steward_hardened_reinforced@672ee02,steward_hardened_reinforced,672ee02,runestone,all_official,1,0,rating,b,b,0.0,titanium_collected,1000,,16,70,8,16,16,330,9,19,ok,,10.143,n-62-31-23,29052208,2026-08-08T08:39:41+0200
d9332d5d780c5325,auto-a1214efd9c98,hodr@ea88247,hodr,ea88247,steward_hardened_reinforced@cdc552f,steward_hardened_reinforced,cdc552f,quarry,all_official,1,0,rating,a,a,1.0,core_destroyed,74,,18,370,8,29,8,140,10,9,ok,,4.923,n-62-21-92,29052208,2026-08-08T08:40:13+0200
d95195770e158c14,auto-a1214efd9c98,hodr@ea88247,hodr,ea88247,spar_mender@7ed1acc,spar_mender,7ed1acc,archipelago,all_official,1,0,rating,a,a,1.0,core_destroyed,421,,33,4330,25,42,36,3890,18,19,ok,,28.537,n-62-21-92,29052208,2026-08-08T08:40:22+0200
d98853ceac288242,auto-a1214efd9c98,ragnarok_fair@79582fc,ragnarok_fair,79582fc,hodr@ea88247,hodr,ea88247,vase,all_official,1,0,rating,b,b,0.0,core_destroyed,208,,20,0,4,4,26,480,10,9,ok,,5.429,n-62-21-6,29052208,2026-08-08T08:39:57+0200
d9a2fe7aa98e7436,auto-a1214efd9c98,hodr@ea88247,hodr,ea88247,ullr@7d1ab4e,ullr,7d1ab4e,drumlin,all_official,1,0,rating,b,b,0.0,core_destroyed,67,,24,200,7,17,9,350,7,17,ok,,3.675,n-62-31-14,29052208,2026-08-08T08:40:40+0200
d9e75b12ec07e11c,auto-a1214efd9c98,hodr@ea88247,hodr,ea88247,jonbot_190003d@90fc9f3,jonbot_190003d,90fc9f3,runestone,all_official,1,0,rating,a,a,1.0,core_destroyed,499,,10,1220,7,18,7,0,11,8,ok,,6.581,n-62-21-18,29052208,2026-08-08T08:38:39+0200
d9ebeb55d7ee1271,auto-a1214efd9c98,steward_hardened_reinforced@c04e46e,steward_hardened_reinforced,c04e46e,hodr@ea88247,hodr,ea88247,snowflake,all_official,1,0,rating,a,a,1.0,core_destroyed,65,,19,420,8,17,7,140,8,11,ok,,3.437,n-62-11-62,29052208,2026-08-08T08:39:44+0200
da100852e16af3a8,auto-a1214efd9c98,hodr@ea88247,hodr,ea88247,casemate_oracle@90fc9f3,casemate_oracle,90fc9f3,fjord,all_official,1,0,rating,a,a,1.0,core_destroyed,53,,32,320,8,27,176,0,4,23,ok,,4.036,n-62-31-9,29052208,2026-08-08T08:37:55+0200
da2965d8ebf5f1d0,auto-a1214efd9c98,steward_reinforced@a8dc58a,steward_reinforced,a8dc58a,hodr@ea88247,hodr,ea88247,eider,all_official,1,0,rating,b,b,0.0,core_destroyed,53,,10,200,6,22,21,200,5,10,ok,,3.683,n-62-31-4,29052208,2026-08-08T08:40:32+0200
da4f98a44911ace9,auto-a1214efd9c98,hodr@ea88247,hodr,ea88247,heimdall@daf0de0,heimdall,daf0de0,meander,all_official,1,0,rating,a,a,1.0,core_destroyed,89,,19,190,8,7,10,0,7,3,ok,,3.584,n-62-12-3,29052208,2026-08-08T08:37:54+0200
da63aade4327badd,auto-a1214efd9c98,hodr@ea88247,hodr,ea88247,aegis@e55aab5,aegis,e55aab5,fjordgate,all_official,1,0,rating,a,a,1.0,titanium_collected,1000,,16,10,6,2,20,0,8,2,ok,,5.913,n-62-31-21,29052208,2026-08-08T08:37:57+0200
da93b5a368c0253c,auto-a1214efd9c98,hodr@ea88247,hodr,ea88247,casemate_oracle@90fc9f3,casemate_oracle,90fc9f3,runestone,all_official,1,0,rating,a,a,1.0,core_destroyed,94,,20,350,7,26,215,0,5,19,ok,,6.754,n-62-31-11,29052208,2026-08-08T08:38:23+0200
daacb457291b1be8,auto-a1214efd9c98,steward_hardened_reinforced@c04e46e,steward_hardened_reinforced,c04e46e,hodr@ea88247,hodr,ea88247,longship,all_official,1,0,rating,a,a,1.0,core_destroyed,62,,8,200,8,16,8,210,7,22,ok,,3.375,n-62-11-57,29052208,2026-08-08T08:39:41+0200
dab06f6af2956b9d,auto-a1214efd9c98,steward_reinforced@a8dc58a,steward_reinforced,a8dc58a,hodr@ea88247,hodr,ea88247,duel,all_official,1,0,rating,b,b,0.0,core_destroyed,41,,10,90,7,5,17,170,8,6,ok,,3.048,n-62-31-4,29052208,2026-08-08T08:40:24+0200
dabd0b91d3a5725d,auto-a1214efd9c98,jotunn@6b39ebb,jotunn,6b39ebb,hodr@ea88247,hodr,ea88247,archipelago,all_official,1,0,rating,b,b,0.0,core_destroyed,582,,1911,4700,9,13,87,5180,27,40,ok,,31.16,n-62-21-23,29052208,2026-08-08T08:38:48+0200
dac9485f91edb3ec,auto-a1214efd9c98,hodr@ea88247,hodr,ea88247,e_t4l7@9e77076,e_t4l7,9e77076,nordkap,all_official,1,0,rating,a,a,1.0,core_destroyed,197,,10,910,8,17,596,930,6,13,ok,,4.997,n-62-28-34,29052208,2026-08-08T08:38:22+0200
dac9f5ea94c7bf75,auto-a1214efd9c98,steward_hardened_reinforced@04300bf,steward_hardened_reinforced,04300bf,hodr@ea88247,hodr,ea88247,fjord,all_official,1,0,rating,a,a,1.0,core_destroyed,116,,14,770,9,15,17,600,6,15,ok,,3.92,n-62-29-9,29052208,2026-08-08T08:39:50+0200
db08b95da6b44e61,auto-a1214efd9c98,ullr@7d1ab4e,ullr,7d1ab4e,hodr@ea88247,hodr,ea88247,vase,all_official,1,0,rating,b,b,0.0,core_destroyed,121,,37,230,8,8,33,260,7,15,ok,,4.176,n-62-11-52,29052208,2026-08-08T08:40:46+0200
db3df52ce3b98b0b,auto-a1214efd9c98,hodr@ea88247,hodr,ea88247,prospect@bf9b3e3,prospect,bf9b3e3,lighthouse,all_official,1,0,rating,a,a,1.0,core_destroyed,88,,39,360,7,12,49,50,7,5,ok,,3.234,n-62-11-52,29052208,2026-08-08T08:38:48+0200
db414b52a1adf38e,auto-a1214efd9c98,hodr@ea88247,hodr,ea88247,prospect_rushonly@bf9b3e3,prospect_rushonly,bf9b3e3,sweden,all_official,1,0,rating,b,b,0.0,core_destroyed,807,,57,0,7,5,3487,7790,12,23,ok,,16.537,n-62-12-2,29052208,2026-08-08T08:39:29+0200
db4295ada8b6e601,auto-a1214efd9c98,skadi@6a2af02,skadi,6a2af02,hodr@ea88247,hodr,ea88247,quarry,all_official,1,0,rating,b,b,0.0,core_destroyed,67,,36,310,8,22,18,300,8,22,ok,,3.829,n-62-21-13,29052208,2026-08-08T08:39:40+0200
db57a8ef8371be55,auto-a1214efd9c98,tyr@2e6c876,tyr,2e6c876,hodr@ea88247,hodr,ea88247,pinch,all_official,1,0,rating,b,b,0.0,core_destroyed,116,,40,710,8,33,40,790,8,45,ok,,5.136,n-62-11-67,29052208,2026-08-08T08:40:46+0200
db7ba7adc4b3d074,auto-a1214efd9c98,gobbleglitch@6cdc440,gobbleglitch,6cdc440,hodr@ea88247,hodr,ea88247,nordkap,all_official,1,0,rating,b,b,0.0,core_destroyed,89,,60,0,6,4,7,190,9,5,ok,,3.408,n-62-21-89,29052208,2026-08-08T08:38:28+0200
db8b89e9dc01d78e,auto-a1214efd9c98,odin@93e46da,odin,93e46da,hodr@ea88247,hodr,ea88247,bridge,all_official,1,0,rating,a,a,1.0,titanium_collected,1000,,10267,9480,6,18,63,0,12,6,ok,,17.192,n-62-29-27,29052208,2026-08-08T08:39:39+0200
dbc8b1c977d88d55,auto-a1214efd9c98,janus@8a1e7a1,janus,8a1e7a1,hodr@ea88247,hodr,ea88247,fjordgate,all_official,1,0,rating,b,b,0.0,core_destroyed,90,,8,90,7,1,10,210,7,7,ok,,3.31,n-62-21-2,29052208,2026-08-08T08:38:14+0200
dbd38566b578e5d0,auto-a1214efd9c98,jotunn@6b39ebb,jotunn,6b39ebb,hodr@ea88247,hodr,ea88247,pinch,all_official,1,0,rating,b,b,0.0,core_destroyed,140,,69,920,8,26,24,1110,8,46,ok,,3.772,n-62-12-66,29052208,2026-08-08T08:37:59+0200
dbec7ac95eb75f44,auto-a1214efd9c98,hodr@ea88247,hodr,ea88247,skadi@1e4eddf,skadi,1e4eddf,fjordgate,all_official,1,0,rating,a,a,1.0,harvesters,1000,,16,0,5,4,17,0,7,4,ok,,8.078,n-62-21-5,29052208,2026-08-08T08:39:01+0200
dbed22adc7ec2d3e,auto-a1214efd9c98,steward_hardened_reinforced@672ee02,steward_hardened_reinforced,672ee02,hodr@ea88247,hodr,ea88247,fjordgate,all_official,1,0,rating,a,a,1.0,core_destroyed,233,,9,1100,7,24,8,10,4,4,ok,,3.91,n-62-31-13,29052208,2026-08-08T08:40:09+0200
dc0c84c0d975b340,auto-a1214efd9c98,hodr@ea88247,hodr,ea88247,gobbleglitch@6cdc440,gobbleglitch,6cdc440,fjord,all_official,1,0,rating,a,a,1.0,core_destroyed,50,,10,290,8,29,5,0,10,12,ok,,4.299,n-62-11-51,29052208,2026-08-08T08:37:55+0200
dc115bfbc295dd79,auto-a1214efd9c98,steward_hardened_reinforced@a994296,steward_hardened_reinforced,a994296,hodr@ea88247,hodr,ea88247,antler,all_official,1,0,rating,b,b,0.0,core_destroyed,56,,20,290,6,13,18,230,7,14,ok,,3.473,n-62-31-7,29052208,2026-08-08T08:40:12+0200
dc169f8a7a1ac51e,auto-a1214efd9c98,hodr@ea88247,hodr,ea88247,e_t4l7@9e77076,e_t4l7,9e77076,jackpot,all_official,1,0,rating,a,a,1.0,core_destroyed,790,,8,3880,10,20,1632,2920,3,52,ok,,8.005,n-62-28-33,29052208,2026-08-08T08:38:23+0200
dc606c9f6f053ae8,auto-a1214efd9c98,hodr@ea88247,hodr,ea88247,jonbot_190003d@90fc9f3,jonbot_190003d,90fc9f3,nordkap,all_official,1,0,rating,b,b,0.0,core_destroyed,345,,9,60,7,5,69,520,8,28,ok,,4.646,n-62-21-18,29052208,2026-08-08T08:38:05+0200
dc91a4b1e6478f28,auto-a1214efd9c98,maporacle@38e1456,maporacle,38e1456,hodr@ea88247,hodr,ea88247,runestone,all_official,1,0,rating,a,a,1.0,core_destroyed,151,,9,350,9,13,7,90,9,7,ok,,4.162,n-62-21-67,29052208,2026-08-08T08:38:35+0200
dcb193bf35ac5344,auto-a1214efd9c98,hodr@ea88247,hodr,ea88247,prospect@bf9b3e3,prospect,bf9b3e3,fjordgate,all_official,1,0,rating,b,b,0.0,core_destroyed,90,,166,210,4,7,9,210,6,5,ok,,2.236,n-62-11-50,29052208,2026-08-08T08:38:54+0200
dcc11a355742be7f,auto-a1214efd9c98,hodr@ea88247,hodr,ea88247,aegis@e55aab5,aegis,e55aab5,snowflake,all_official,1,0,rating,a,a,1.0,core_destroyed,81,,58,750,7,22,10,390,5,17,ok,,4.15,n-62-31-24,29052208,2026-08-08T08:37:55+0200
dd05e845ac4054e3,auto-a1214efd9c98,gefjon@f66a427,gefjon,f66a427,hodr@ea88247,hodr,ea88247,drumlin,all_official,1,0,rating,b,b,0.0,core_destroyed,53,,28,320,8,28,19,250,7,18,ok,,3.711,n-62-31-8,29052208,2026-08-08T08:39:01+0200
dd069bde57ee9ac6,auto-a1214efd9c98,hodr@ea88247,hodr,ea88247,heimdall@daf0de0,heimdall,daf0de0,lighthouse,all_official,1,0,rating,a,a,1.0,core_destroyed,149,,60,750,7,27,9,120,8,7,ok,,3.332,n-62-12-2,29052208,2026-08-08T08:38:41+0200
dd12bf00b6a3c01e,auto-a1214efd9c98,hodr@ea88247,hodr,ea88247,maporacle@38e1456,maporacle,38e1456,longship,all_official,1,0,rating,a,a,1.0,core_destroyed,129,,6,540,8,23,19,590,9,30,ok,,4.916,n-62-21-66,29052208,2026-08-08T08:38:24+0200
dd1522cef45aa6b6,auto-a1214efd9c98,lockin@90fc9f3,lockin,90fc9f3,hodr@ea88247,hodr,ea88247,sweden,all_official,1,0,rating,b,b,0.0,core_destroyed,71,,670,0,0,0,10,140,10,15,ok,,2.884,n-62-21-62,29052208,2026-08-08T08:38:21+0200
dd5d526e2e31542f,auto-a1214efd9c98,steward_hardened_reinforced@f1f2bda,steward_hardened_reinforced,f1f2bda,hodr@ea88247,hodr,ea88247,sprint,all_official,1,0,rating,a,a,1.0,core_destroyed,401,,4,20,6,6,10,90,7,1,ok,,4.7,n-62-21-98,29052208,2026-08-08T08:40:00+0200
dd5e360c102815eb,auto-a1214efd9c98,skadi@1e4eddf,skadi,1e4eddf,hodr@ea88247,hodr,ea88247,runestone,all_official,1,0,rating,b,b,0.0,core_destroyed,89,,52,350,9,15,53,460,7,31,ok,,4.427,n-62-21-10,29052208,2026-08-08T08:39:12+0200
ddcf8eb7691d66fc,auto-a1214efd9c98,ullr@7d1ab4e,ullr,7d1ab4e,hodr@ea88247,hodr,ea88247,sprint,all_official,1,0,rating,a,a,1.0,core_destroyed,301,,9,20,6,4,10,90,7,5,ok,,3.807,n-62-11-50,29052208,2026-08-08T08:40:46+0200
ddd6375c6da0f9df,auto-a1214efd9c98,steward_hardened_reinforced@f1f2bda,steward_hardened_reinforced,f1f2bda,hodr@ea88247,hodr,ea88247,eider,all_official,1,0,rating,a,a,1.0,core_destroyed,116,,29,730,11,15,21,820,8,24,ok,,5.659,n-62-31-11,29052208,2026-08-08T08:40:14+0200
ddecf985ded8b84d,auto-a1214efd9c98,hodr@ea88247,hodr,ea88247,jotunn@6b39ebb,jotunn,6b39ebb,bridge,all_official,1,0,rating,a,a,1.0,core_destroyed,617,,10,0,16,17,1287,0,5,8,ok,,11.048,n-62-13-6,29052208,2026-08-08T08:38:02+0200
ddf19ee75450a2df,auto-a1214efd9c98,hodr@ea88247,hodr,ea88247,tempest@90fc9f3,tempest,90fc9f3,skerry,all_official,1,0,rating,a,a,1.0,core_destroyed,54,,50,330,7,17,138,0,7,1,ok,,5.163,n-62-29-34,29052208,2026-08-08T08:40:38+0200
de08758ce16a81a7,auto-a1214efd9c98,hodr@ea88247,hodr,ea88247,mistral@90fc9f3,mistral,90fc9f3,saga,all_official,1,0,rating,a,a,1.0,core_destroyed,98,,87,520,8,35,388,0,6,0,ok,,8.168,n-62-11-61,29052208,2026-08-08T08:38:41+0200
de0c6cf63fd8fbce,auto-a1214efd9c98,hodr@ea88247,hodr,ea88247,strategist@2e6eca5,strategist,2e6eca5,eider,all_official,1,0,rating,a,a,1.0,core_destroyed,196,,210,3290,17,47,44,480,6,26,ok,,7.463,n-62-31-11,29052208,2026-08-08T08:40:46+0200
de4f4f1a8c750f2f,auto-a1214efd9c98,hodr@ea88247,hodr,ea88247,skadi@aad5f44,skadi,aad5f44,skerry,all_official,1,0,rating,a,a,1.0,core_destroyed,280,,55,2010,15,32,43,1960,13,19,ok,,9.949,n-62-11-64,29052208,2026-08-08T08:39:49+0200
de62d9d2d3bb1e39,auto-a1214efd9c98,spar_mender@d5b46bc,spar_mender,d5b46bc,hodr@ea88247,hodr,ea88247,hive,all_official,1,0,rating,b,b,0.0,core_destroyed,328,,18,790,12,17,29,1140,8,24,ok,,8.467,n-62-28-34,29052208,2026-08-08T08:40:04+0200
de661a8100212599,auto-a1214efd9c98,hodr@ea88247,hodr,ea88247,tempest_reinforcements@38f9c23,tempest_reinforcements,38f9c23,hive,all_official,1,0,rating,a,a,1.0,titanium_collected,1000,,16,320,7,26,16,120,13,10,ok,,13.746,n-62-31-18,29052208,2026-08-08T08:40:44+0200
de6f5fe44784bac0,auto-a1214efd9c98,hodr@ea88247,hodr,ea88247,freyr@c2c0d3d,freyr,c2c0d3d,vault,all_official,1,0,rating,b,b,0.0,core_destroyed,131,,8,430,11,13,9,610,9,21,ok,,5.459,n-62-31-7,29052208,2026-08-08T08:38:15+0200
de975dea53c06837,auto-a1214efd9c98,lockin@90fc9f3,lockin,90fc9f3,hodr@ea88247,hodr,ea88247,bridge,all_official,1,0,rating,b,b,0.0,core_destroyed,85,,710,0,0,0,10,0,8,19,ok,,2.044,n-62-21-56,29052208,2026-08-08T08:38:30+0200
de98f8bc639afae7,auto-a1214efd9c98,hodr@ea88247,hodr,ea88247,gefjon@f66a427,gefjon,f66a427,fjordgate,all_official,1,0,rating,a,a,1.0,core_destroyed,326,,10,30,5,8,8,30,9,3,ok,,5.121,n-62-31-18,29052208,2026-08-08T08:38:20+0200
de9b93106769a7e1,auto-a1214efd9c98,hodr@ea88247,hodr,ea88247,strategist@2a19238,strategist,2a19238,vault,all_official,1,0,rating,a,a,1.0,core_destroyed,163,,10,760,9,31,987,780,5,27,ok,,3.607,n-62-29-24,29052208,2026-08-08T08:40:50+0200
deab48ed8aa051c1,auto-a1214efd9c98,spar_mender@7ed1acc,spar_mender,7ed1acc,hodr@ea88247,hodr,ea88247,bridge,all_official,1,0,rating,b,b,0.0,core_destroyed,261,,77,0,10,3,10,0,10,8,ok,,7.201,n-62-31-9,29052208,2026-08-08T08:39:55+0200
deac491a29d59ab5,auto-a1214efd9c98,hodr@ea88247,hodr,ea88247,jotunn@6b39ebb,jotunn,6b39ebb,meander,all_official,1,0,rating,a,a,1.0,core_destroyed,84,,80,510,5,29,45,80,9,14,ok,,2.889,n-62-12-65,29052208,2026-08-08T08:38:19+0200
ded909124accde64,auto-a1214efd9c98,hodr@ea88247,hodr,ea88247,njord@f66a427,njord,f66a427,sprint,all_official,1,0,rating,a,a,1.0,core_destroyed,301,,9,20,6,4,10,90,7,5,ok,,4.077,n-62-29-13,29052208,2026-08-08T08:38:41+0200
dee44771ed370a0d,auto-a1214efd9c98,hodr@ea88247,hodr,ea88247,maporacle@38e1456,maporacle,38e1456,fjord,all_official,1,0,rating,b,b,0.0,core_destroyed,87,,8,560,11,12,8,390,9,6,ok,,4.741,n-62-21-65,29052208,2026-08-08T08:38:09+0200
df138d55b0d1e7e2,auto-a1214efd9c98,hodr@ea88247,hodr,ea88247,aegis@e55aab5,aegis,e55aab5,drumlin,all_official,1,0,rating,a,a,1.0,core_destroyed,65,,29,390,7,21,10,250,8,18,ok,,3.622,n-62-31-4,29052208,2026-08-08T08:38:03+0200
df196b53c8403f52,auto-a1214efd9c98,hodr@ea88247,hodr,ea88247,jonbot@90fc9f3,jonbot,90fc9f3,quarry,all_official,1,0,rating,a,a,1.0,core_destroyed,83,,62,440,8,30,310,90,4,20,ok,,4.126,n-62-21-17,29052208,2026-08-08T08:37:55+0200
df2d669d5bba6cb2,auto-a1214efd9c98,hodr@ea88247,hodr,ea88247,steward_hardened_reinforced@a994296,steward_hardened_reinforced,a994296,strait,all_official,1,0,rating,a,a,1.0,titanium_collected,1000,,16,250,6,13,16,70,6,11,ok,,8.838,n-62-11-67,29052208,2026-08-08T08:40:25+0200
df41f1fe29e80026,auto-a1214efd9c98,hodr@ea88247,hodr,ea88247,bastion@840a180,bastion,840a180,fjordgate,all_official,1,0,rating,a,a,1.0,titanium_collected,1000,,16,10,6,2,20,0,8,2,ok,,6.924,n-62-11-68,29052208,2026-08-08T08:38:23+0200
df4ab857ace39613,auto-a1214efd9c98,hodr@ea88247,hodr,ea88247,skadi@1e4eddf,skadi,1e4eddf,strait,all_official,1,0,rating,b,b,0.0,core_destroyed,169,,185,1130,12,21,279,1130,9,28,ok,,5.863,n-62-21-24,29052208,2026-08-08T08:39:19+0200
df6b4ed62d07ac62,auto-a1214efd9c98,lockin@90fc9f3,lockin,90fc9f3,hodr@ea88247,hodr,ea88247,twins,all_official,1,0,rating,b,b,0.0,core_destroyed,55,,255,110,8,5,6,100,8,10,ok,,4.74,n-62-21-62,29052208,2026-08-08T08:38:38+0200
df7343e40bc01f44,auto-a1214efd9c98,e_t4l7@9e77076,e_t4l7,9e77076,hodr@ea88247,hodr,ea88247,pinch,all_official,1,0,rating,b,b,0.0,core_destroyed,419,,1135,1000,1,12,25,1030,8,20,ok,,5.153,n-62-28-34,29052208,2026-08-08T08:38:50+0200
df81210cfcd7e946,auto-a1214efd9c98,hodr@ea88247,hodr,ea88247,heimdall@daf0de0,heimdall,daf0de0,runestone,all_official,1,0,rating,a,a,1.0,core_destroyed,108,,18,420,8,22,20,130,8,17,ok,,4.379,n-62-12-4,29052208,2026-08-08T08:37:55+0200
df916ac19f178291,auto-a1214efd9c98,skadi@aad5f44,skadi,aad5f44,hodr@ea88247,hodr,ea88247,sprint,all_official,1,0,rating,a,a,1.0,titanium_collected,1000,,16,500,8,11,16,260,7,3,ok,,6.163,n-62-11-66,29052208,2026-08-08T08:39:15+0200
dfa65693cff65096,auto-a1214efd9c98,hodr@ea88247,hodr,ea88247,steward_hardened_reinforced@a994296,steward_hardened_reinforced,a994296,pinch,all_official,1,0,rating,a,a,1.0,core_destroyed,201,,8,480,8,8,9,480,7,6,ok,,3.793,n-62-31-24,29052208,2026-08-08T08:39:56+0200
dfa8bcd1cd0c1427,auto-a1214efd9c98,hodr@ea88247,hodr,ea88247,prospect@bf9b3e3,prospect,bf9b3e3,moonrise,all_official,1,0,rating,a,a,1.0,core_destroyed,62,,9,110,6,8,8,120,8,13,ok,,2.769,n-62-11-52,29052208,2026-08-08T08:39:12+0200
dfabfa6c0a1ec742,auto-a1214efd9c98,e_t4l7@9e77076,e_t4l7,9e77076,hodr@ea88247,hodr,ea88247,eider,all_official,1,0,rating,a,a,1.0,titanium_collected,1000,,5635,7090,10,18,20,4940,7,17,ok,,11.184,n-62-28-31,29052208,2026-08-08T08:38:28+0200
dfcaba4041f1cafb,auto-a1214efd9c98,hodr@ea88247,hodr,ea88247,mjolnir@2e6c876,mjolnir,2e6c876,sweden,all_official,1,0,rating,a,a,1.0,core_destroyed,498,,27,1140,13,14,1344,2410,5,16,ok,,14.525,n-62-21-97,29052208,2026-08-08T08:38:49+0200
dfd3bba645799a79,auto-a1214efd9c98,hodr@ea88247,hodr,ea88247,jonbot_190003d@90fc9f3,jonbot_190003d,90fc9f3,snowflake,all_official,1,0,rating,a,a,1.0,core_destroyed,74,,63,570,7,25,59,430,9,15,ok,,3.819,n-62-21-19,29052208,2026-08-08T08:38:28+0200
e0005b5c3733553b,auto-a1214efd9c98,hodr@ea88247,hodr,ea88247,mjolnir@2e6c876,mjolnir,2e6c876,sprint,all_official,1,0,rating,a,a,1.0,core_destroyed,149,,9,0,8,2,10,0,5,1,ok,,3.987,n-62-31-11,29052208,2026-08-08T08:39:12+0200
e00cb610b0418034,auto-a1214efd9c98,maporacle@38e1456,maporacle,38e1456,hodr@ea88247,hodr,ea88247,longship,all_official,1,0,rating,b,b,0.0,core_destroyed,242,,16,980,11,27,8,580,5,19,ok,,5.656,n-62-21-66,29052208,2026-08-08T08:38:30+0200
e013d2d8384d45c9,auto-a1214efd9c98,jonbot@90fc9f3,jonbot,90fc9f3,hodr@ea88247,hodr,ea88247,crossfire,all_official,1,0,rating,b,b,0.0,core_destroyed,278,,112,0,8,5,18,1140,7,34,ok,,6.925,n-62-21-5,29052208,2026-08-08T08:38:11+0200
e02109ee8d539148,auto-a1214efd9c98,hodr@ea88247,hodr,ea88247,steward_hardened_reinforced@cdc552f,steward_hardened_reinforced,cdc552f,sweden,all_official,1,0,rating,b,b,0.0,core_destroyed,237,,31,0,9,20,45,550,11,29,ok,,11.428,n-62-21-89,29052208,2026-08-08T08:40:14+0200
e03a5882751531ac,auto-a1214efd9c98,hodr@ea88247,hodr,ea88247,jonbot_190003d@90fc9f3,jonbot_190003d,90fc9f3,sweden,all_official,1,0,rating,a,a,1.0,core_destroyed,204,,40,390,7,19,603,0,2,8,ok,,8.381,n-62-21-21,29052208,2026-08-08T08:38:15+0200
e05355ba88b5ab85,auto-a1214efd9c98,hodr@ea88247,hodr,ea88247,tempest@90fc9f3,tempest,90fc9f3,fjord,all_official,1,0,rating,a,a,1.0,core_destroyed,60,,14,350,8,26,86,130,7,4,ok,,5.453,n-62-28-28,29052208,2026-08-08T08:40:40+0200
e05bbad81ead8450,auto-a1214efd9c98,gobbleglitch@6cdc440,gobbleglitch,6cdc440,hodr@ea88247,hodr,ea88247,fjordgate,all_official,1,0,rating,b,b,0.0,core_destroyed,65,,59,0,8,0,20,150,5,14,ok,,3.12,n-62-11-51,29052208,2026-08-08T08:38:06+0200
e05fbb75373da218,auto-a1214efd9c98,hodr@ea88247,hodr,ea88247,skadi@1e4eddf,skadi,1e4eddf,duel,all_official,1,0,rating,a,a,1.0,core_destroyed,241,,8,590,7,3,9,610,5,6,ok,,4.036,n-62-21-3,29052208,2026-08-08T08:39:37+0200
e0a92605aca1477e,auto-a1214efd9c98,hodr@ea88247,hodr,ea88247,steward_hardened_reinforced@c04e46e,steward_hardened_reinforced,c04e46e,meander,all_official,1,0,rating,a,a,1.0,titanium_collected,1000,,16,40,6,10,16,20,8,8,ok,,6.512,n-62-11-57,29052208,2026-08-08T08:39:47+0200
e0d6d3516d581372,auto-a1214efd9c98,steward_hardened_reinforced@366cd1b,steward_hardened_reinforced,366cd1b,hodr@ea88247,hodr,ea88247,heart,all_official,1,0,rating,b,b,0.0,titanium_collected,1000,,18,0,8,4,18,60,6,7,ok,,8.494,n-62-29-17,29052208,2026-08-08T08:39:59+0200
e0d99fdb9e367a6a,auto-a1214efd9c98,skadi@1e4eddf,skadi,1e4eddf,hodr@ea88247,hodr,ea88247,sprint,all_official,1,0,rating,b,b,0.0,core_destroyed,277,,8,0,7,3,9,600,4,12,ok,,3.674,n-62-21-24,29052208,2026-08-08T08:39:13+0200
e0dcc7e4eaedcc08,auto-a1214efd9c98,hodr@ea88247,hodr,ea88247,aegis@e55aab5,aegis,e55aab5,quarry,all_official,1,0,rating,a,a,1.0,core_destroyed,84,,28,450,8,29,20,280,7,22,ok,,4.672,n-62-31-23,29052208,2026-08-08T08:37:56+0200
e0dcd3ed88e05022,auto-a1214efd9c98,hodr@ea88247,hodr,ea88247,freyr@c2c0d3d,freyr,c2c0d3d,pinch,all_official,1,0,rating,a,a,1.0,core_destroyed,201,,8,480,8,8,9,480,7,6,ok,,3.803,n-62-30-24,29052208,2026-08-08T08:38:45+0200
e0fc0ade87462f18,auto-a1214efd9c98,tempest_reinforcements@025dd51,tempest_reinforcements,025dd51,hodr@ea88247,hodr,ea88247,twins,all_official,1,0,rating,a,a,1.0,core_destroyed,210,,58,500,12,6,10,140,8,9,ok,,5.836,n-62-29-16,29052208,2026-08-08T08:40:39+0200
e117b9670ad91f9c,auto-a1214efd9c98,gobbleglitch@6cdc440,gobbleglitch,6cdc440,hodr@ea88247,hodr,ea88247,heart,all_official,1,0,rating,b,b,0.0,core_destroyed,87,,60,0,8,0,7,150,8,10,ok,,4.053,n-62-11-51,29052208,2026-08-08T08:38:14+0200
e11a0a0b9b605ff6,auto-a1214efd9c98,jonbot_190003d@90fc9f3,jonbot_190003d,90fc9f3,hodr@ea88247,hodr,ea88247,runestone,all_official,1,0,rating,b,b,0.0,core_destroyed,87,,336,190,7,13,10,190,8,22,ok,,3.241,n-62-21-18,29052208,2026-08-08T08:38:43+0200
e14aa3ae470992ff,auto-a1214efd9c98,jonbot_190003d@90fc9f3,jonbot_190003d,90fc9f3,hodr@ea88247,hodr,ea88247,aurora,all_official,1,0,rating,b,b,0.0,core_destroyed,115,,155,0,7,6,31,520,8,30,ok,,4.311,n-62-21-13,29052208,2026-08-08T08:38:10+0200
e1596fc96e3544dc,auto-a1214efd9c98,hodr@ea88247,hodr,ea88247,steward_reinforced@a8dc58a,steward_reinforced,a8dc58a,moonrise,all_official,1,0,rating,a,a,1.0,core_destroyed,74,,19,280,7,10,10,0,8,4,ok,,3.465,n-62-31-23,29052208,2026-08-08T08:40:24+0200
e16233163a92f87c,auto-a1214efd9c98,hodr@ea88247,hodr,ea88247,spar_mender@d5b46bc,spar_mender,d5b46bc,showdown,all_official,1,0,rating,a,a,1.0,titanium_stored,1000,,18,0,6,6,17,0,7,1,ok,,7.906,n-62-29-15,29052208,2026-08-08T08:40:17+0200
e164554d0f99fa48,auto-a1214efd9c98,steward_hardened_reinforced@c04e46e,steward_hardened_reinforced,c04e46e,hodr@ea88247,hodr,ea88247,strait,all_official,1,0,rating,a,a,1.0,titanium_collected,1000,,16,350,6,15,16,70,7,10,ok,,7.589,n-62-11-62,29052208,2026-08-08T08:40:08+0200
e168cffdeeb2c8ef,auto-a1214efd9c98,njord@f66a427,njord,f66a427,hodr@ea88247,hodr,ea88247,hive,all_official,1,0,rating,b,b,0.0,core_destroyed,56,,18,120,9,19,17,180,8,23,ok,,3.426,n-62-28-31,29052208,2026-08-08T08:38:58+0200
e1825ca1934eedf6,auto-a1214efd9c98,hodr@ea88247,hodr,ea88247,steward_hardened_reinforced@04300bf,steward_hardened_reinforced,04300bf,runestone,all_official,1,0,rating,a,a,1.0,core_destroyed,317,,9,50,8,17,10,260,8,17,ok,,4.756,n-62-29-31,29052208,2026-08-08T08:40:13+0200
e1a04fad57f8c8a1,auto-a1214efd9c98,hodr@ea88247,hodr,ea88247,skadi@821d792,skadi,821d792,fjordgate,all_official,1,0,rating,b,b,0.0,core_destroyed,287,,7,0,6,1,9,480,6,20,ok,,3.817,n-62-21-15,29052208,2026-08-08T08:39:15+0200
e1a8184dfcb431d1,auto-a1214efd9c98,casemate_oracle@90fc9f3,casemate_oracle,90fc9f3,hodr@ea88247,hodr,ea88247,hive,all_official,1,0,rating,b,b,0.0,core_destroyed,97,,29,0,6,17,20,390,8,26,ok,,5.476,n-62-31-9,29052208,2026-08-08T08:38:25+0200
e1b870d5e8375272,auto-a1214efd9c98,fenrir2@6b39ebb,fenrir2,6b39ebb,hodr@ea88247,hodr,ea88247,vase,all_official,1,0,rating,b,b,0.0,core_destroyed,780,,1689,1850,2,5,20,280,11,6,ok,,9.504,n-62-29-27,29052208,2026-08-08T08:38:52+0200
e1c2859985f4730b,auto-a1214efd9c98,freyr@c2c0d3d,freyr,c2c0d3d,hodr@ea88247,hodr,ea88247,strait,all_official,1,0,rating,a,a,1.0,titanium_collected,1000,,16,730,7,13,16,70,7,6,ok,,9.24,n-62-31-17,29052208,2026-08-08T08:38:27+0200
e1e4e2c4e05d1e61,auto-a1214efd9c98,njord@f66a427,njord,f66a427,hodr@ea88247,hodr,ea88247,showdown,all_official,1,0,rating,a,a,1.0,core_destroyed,757,,9,170,6,8,10,800,6,6,ok,,6.066,n-62-28-34,29052208,2026-08-08T08:39:09+0200
e1f1c6df78d4c025,auto-a1214efd9c98,hodr@ea88247,hodr,ea88247,aegis@e55aab5,aegis,e55aab5,string,all_official,1,0,rating,a,a,1.0,core_destroyed,204,,53,980,9,12,23,790,3,8,ok,,6.772,n-62-31-24,29052208,2026-08-08T08:38:24+0200
e1f5cdb5e97b2f7d,auto-a1214efd9c98,hodr@ea88247,hodr,ea88247,jonbot@90fc9f3,jonbot,90fc9f3,duel,all_official,1,0,rating,a,a,1.0,core_destroyed,121,,10,640,7,26,235,30,4,5,ok,,3.74,n-62-21-5,29052208,2026-08-08T08:38:23+0200
e1fbad1ca9892cb9,auto-a1214efd9c98,hodr@ea88247,hodr,ea88247,steward_hardened_reinforced@f61245f,steward_hardened_reinforced,f61245f,pinch,all_official,1,0,rating,a,a,1.0,core_destroyed,201,,8,480,8,8,9,480,7,6,ok,,3.937,n-62-28-34,29052208,2026-08-08T08:40:09+0200
e2202ffcffa35605,auto-a1214efd9c98,hodr@ea88247,hodr,ea88247,skadi@aad5f44,skadi,aad5f44,strait,all_official,1,0,rating,b,b,0.0,core_destroyed,169,,185,1130,12,21,279,1130,9,28,ok,,5.373,n-62-11-66,29052208,2026-08-08T08:39:20+0200
e236588a363c172c,auto-a1214efd9c98,hodr@ea88247,hodr,ea88247,steward_hardened_reinforced@c04e46e,steward_hardened_reinforced,c04e46e,pinch,all_official,1,0,rating,a,a,1.0,core_destroyed,73,,8,160,8,8,10,160,6,7,ok,,3.063,n-62-11-57,29052208,2026-08-08T08:40:18+0200
e27a6b31aa6282b5,auto-a1214efd9c98,hodr@ea88247,hodr,ea88247,steward_hardened_reinforced@deba9ec,steward_hardened_reinforced,deba9ec,fjordgate,all_official,1,0,rating,a,a,1.0,core_destroyed,87,,112,400,8,13,16,0,9,4,ok,,4.299,n-62-31-10,29052208,2026-08-08T08:39:59+0200
e2816efc161df318,auto-a1214efd9c98,steward_hardened_reinforced@f1f2bda,steward_hardened_reinforced,f1f2bda,hodr@ea88247,hodr,ea88247,saga,all_official,1,0,rating,b,b,0.0,core_destroyed,79,,8,250,8,29,9,360,8,23,ok,,4.432,n-62-12-4,29052208,2026-08-08T08:40:08+0200
e283998f24f29a43,auto-a1214efd9c98,hodr@ea88247,hodr,ea88247,bastion@840a180,bastion,840a180,nordkap,all_official,1,0,rating,a,a,1.0,core_destroyed,45,,9,90,8,5,22,160,7,11,ok,,3.184,n-62-11-61,29052208,2026-08-08T08:38:02+0200
e2a780e35c44ffa1,auto-a1214efd9c98,lockin@90fc9f3,lockin,90fc9f3,hodr@ea88247,hodr,ea88247,eider,all_official,1,0,rating,b,b,0.0,core_destroyed,47,,610,0,0,0,20,180,7,17,ok,,1.959,n-62-21-57,29052208,2026-08-08T08:38:08+0200
e2be631df084da9e,auto-a1214efd9c98,hodr@ea88247,hodr,ea88247,gobbleglitch@6cdc440,gobbleglitch,6cdc440,crossfire,all_official,1,0,rating,a,a,1.0,core_destroyed,61,,10,140,9,4,60,0,8,3,ok,,2.971,n-62-11-57,29052208,2026-08-08T08:38:17+0200
e2e008420cf45d77,auto-a1214efd9c98,freyr@c2c0d3d,freyr,c2c0d3d,hodr@ea88247,hodr,ea88247,longship,all_official,1,0,rating,a,a,1.0,core_destroyed,62,,8,200,8,16,8,210,7,22,ok,,3.728,n-62-30-24,29052208,2026-08-08T08:37:59+0200
e2fffa721674d003,auto-a1214efd9c98,hodr@ea88247,hodr,ea88247,njord@f66a427,njord,f66a427,crossfire,all_official,1,0,rating,a,a,1.0,core_destroyed,306,,61,2000,14,43,8,50,4,4,ok,,6.102,n-62-21-98,29052208,2026-08-08T08:39:44+0200
e31860235b385cf6,auto-a1214efd9c98,steward_hardened_reinforced@04300bf,steward_hardened_reinforced,04300bf,hodr@ea88247,hodr,ea88247,skerry,all_official,1,0,rating,b,b,0.0,core_destroyed,143,,12,990,14,11,4,400,6,17,ok,,4.918,n-62-29-27,29052208,2026-08-08T08:39:53+0200
e340cb28afd9c158,auto-a1214efd9c98,gobbleglitch@6cdc440,gobbleglitch,6cdc440,hodr@ea88247,hodr,ea88247,eider,all_official,1,0,rating,b,b,0.0,core_destroyed,261,,60,120,7,11,9,0,8,3,ok,,3.775,n-62-11-57,29052208,2026-08-08T08:38:40+0200
e3462fa5bfaa1f65,auto-a1214efd9c98,hodr@ea88247,hodr,ea88247,spar_mender@d5b46bc,spar_mender,d5b46bc,hive,all_official,1,0,rating,a,a,1.0,core_destroyed,161,,8,380,8,22,9,380,9,22,ok,,4.727,n-62-28-34,29052208,2026-08-08T08:39:55+0200
e3593cf59a2b096a,auto-a1214efd9c98,hodr@ea88247,hodr,ea88247,jotunn@6b39ebb,jotunn,6b39ebb,saga,all_official,1,0,rating,a,a,1.0,core_destroyed,76,,20,240,7,30,45,310,8,39,ok,,2.751,n-62-12-66,29052208,2026-08-08T08:38:21+0200
e35ea63ac2a50b94,auto-a1214efd9c98,steward_relent@7ed1acc,steward_relent,7ed1acc,hodr@ea88247,hodr,ea88247,duel,all_official,1,0,rating,a,a,1.0,core_destroyed,59,,9,250,8,7,170,250,6,6,ok,,2.838,n-62-29-13,29052208,2026-08-08T08:40:12+0200
e3b094f1f79916f1,auto-a1214efd9c98,hodr@ea88247,hodr,ea88247,skadi@aad5f44,skadi,aad5f44,twins,all_official,1,0,rating,a,a,1.0,core_destroyed,225,,10,540,10,11,9,180,6,6,ok,,4.162,n-62-11-66,29052208,2026-08-08T08:40:23+0200
e3cfe5900129724d,auto-a1214efd9c98,hodr@ea88247,hodr,ea88247,jonbot@90fc9f3,jonbot,90fc9f3,snowflake,all_official,1,0,rating,a,a,1.0,core_destroyed,102,,201,1310,9,53,573,640,8,18,ok,,5.512,n-62-21-24,29052208,2026-08-08T08:37:57+0200
e3d14cec76f4b4d3,auto-a1214efd9c98,steward_hardened_reinforced@cdc552f,steward_hardened_reinforced,cdc552f,hodr@ea88247,hodr,ea88247,hive,all_official,1,0,rating,a,a,1.0,core_destroyed,80,,20,180,7,18,20,260,9,22,ok,,4.133,n-62-11-66,29052208,2026-08-08T08:39:49+0200
e3d52e11c6aee364,auto-a1214efd9c98,hodr@ea88247,hodr,ea88247,mistral@90fc9f3,mistral,90fc9f3,showdown,all_official,1,0,rating,a,a,1.0,core_destroyed,96,,79,190,5,10,70,0,6,0,ok,,3.963,n-62-11-61,29052208,2026-08-08T08:38:54+0200
e3e413e069cf8607,auto-a1214efd9c98,hodr@ea88247,hodr,ea88247,freyr@c2c0d3d,freyr,c2c0d3d,jackpot,all_official,1,0,rating,b,b,0.0,core_destroyed,411,,247,1980,13,23,45,1950,13,20,ok,,18.032,n-62-29-17,29052208,2026-08-08T08:38:42+0200
e3e5af1848f988bc,auto-a1214efd9c98,hodr@ea88247,hodr,ea88247,pantheon_replica_day3@aa8bae0,pantheon_replica_day3,aa8bae0,skerry,all_official,1,0,rating,a,a,1.0,core_destroyed,57,,16,290,9,15,10,220,9,7,ok,,4.122,n-62-31-18,29052208,2026-08-08T08:39:04+0200
e3e9229facd5297e,auto-a1214efd9c98,hodr@ea88247,hodr,ea88247,steward_hardened_reinforced@a994296,steward_hardened_reinforced,a994296,archipelago,all_official,1,0,rating,a,a,1.0,core_destroyed,66,,20,360,9,27,5,150,8,14,ok,,4.197,n-62-31-7,29052208,2026-08-08T08:40:16+0200
e4024112b47512f7,auto-a1214efd9c98,hodr@ea88247,hodr,ea88247,bastion@840a180,bastion,840a180,snowflake,all_official,1,0,rating,a,a,1.0,core_destroyed,78,,122,720,7,26,10,340,6,20,ok,,3.852,n-62-11-63,29052208,2026-08-08T08:38:19+0200
e40b2b6ebc4cca66,auto-a1214efd9c98,hodr@ea88247,hodr,ea88247,steward_hardened_reinforced@a994296,steward_hardened_reinforced,a994296,quarry,all_official,1,0,rating,b,b,0.0,core_destroyed,989,,8,630,7,22,10,2680,9,22,ok,,8.686,n-62-31-24,29052208,2026-08-08T08:40:09+0200
e41205e048548693,auto-a1214efd9c98,pantheon_replica_day3@aa8bae0,pantheon_replica_day3,aa8bae0,hodr@ea88247,hodr,ea88247,vase,all_official,1,0,rating,b,b,0.0,core_destroyed,121,,10,0,5,6,19,260,9,7,ok,,3.57,n-62-31-20,29052208,2026-08-08T08:40:14+0200
e437a3cb0555b79f,auto-a1214efd9c98,hodr@ea88247,hodr,ea88247,aegis@e55aab5,aegis,e55aab5,aurora,all_official,1,0,rating,a,a,1.0,core_destroyed,63,,18,370,8,32,30,310,9,30,ok,,3.887,n-62-31-5,29052208,2026-08-08T08:38:19+0200
e441ad33ea5e6a11,auto-a1214efd9c98,hodr@ea88247,hodr,ea88247,aegis@e55aab5,aegis,e55aab5,moonrise,all_official,1,0,rating,a,a,1.0,core_destroyed,192,,28,870,10,10,20,90,2,2,ok,,3.829,n-62-31-22,29052208,2026-08-08T08:38:11+0200
e455bb0e64d3b91f,auto-a1214efd9c98,hodr@ea88247,hodr,ea88247,e_t4l7@9e77076,e_t4l7,9e77076,hive,all_official,1,0,rating,a,a,1.0,core_destroyed,585,,8,1440,9,41,1374,1690,10,33,ok,,8.544,n-62-28-33,29052208,2026-08-08T08:38:11+0200
e45ceaf2f8eb75c4,auto-a1214efd9c98,hodr@ea88247,hodr,ea88247,janus@8a1e7a1,janus,8a1e7a1,duel,all_official,1,0,rating,a,a,1.0,core_destroyed,52,,26,220,8,6,20,210,7,9,ok,,3.433,n-62-21-12,29052208,2026-08-08T08:38:39+0200
e4658853733b2a7c,auto-a1214efd9c98,gefjon@f66a427,gefjon,f66a427,hodr@ea88247,hodr,ea88247,antler,all_official,1,0,rating,a,a,1.0,core_destroyed,70,,45,440,5,20,37,490,7,16,ok,,3.242,n-62-31-7,29052208,2026-08-08T08:38:27+0200
e479b92da6765d5d,auto-a1214efd9c98,ragnarok_fair@79582fc,ragnarok_fair,79582fc,hodr@ea88247,hodr,ea88247,saga,all_official,1,0,rating,b,b,0.0,core_destroyed,77,,41,470,7,40,18,350,8,23,ok,,4.035,n-62-21-14,29052208,2026-08-08T08:39:31+0200
e48a1b670046c25c,auto-a1214efd9c98,hodr@ea88247,hodr,ea88247,spar_mender@d5b46bc,spar_mender,d5b46bc,fjord,all_official,1,0,rating,b,b,0.0,core_destroyed,166,,12,940,9,23,38,1100,6,26,ok,,6.264,n-62-28-33,29052208,2026-08-08T08:40:06+0200
e49a9f4acbcf5938,auto-a1214efd9c98,hodr@ea88247,hodr,ea88247,odin@38e1456,odin,38e1456,archipelago,all_official,1,0,rating,a,a,1.0,core_destroyed,73,,19,410,10,28,10,80,8,22,ok,,4.102,n-62-29-15,29052208,2026-08-08T08:39:08+0200
e4c64c6cc15ad0b5,auto-a1214efd9c98,heimdall@daf0de0,heimdall,daf0de0,hodr@ea88247,hodr,ea88247,drumlin,all_official,1,0,rating,b,b,0.0,core_destroyed,94,,10,340,6,15,47,560,7,18,ok,,3.91,n-62-12-8,29052208,2026-08-08T08:37:59+0200
e4dd78cf2a2b204f,auto-a1214efd9c98,maporacle@38e1456,maporacle,38e1456,hodr@ea88247,hodr,ea88247,atoll,all_official,1,0,rating,b,b,0.0,core_destroyed,173,,9,820,9,20,34,810,10,10,ok,,5.517,n-62-21-63,29052208,2026-08-08T08:38:36+0200
e4e5b87b13f8294a,auto-a1214efd9c98,heimdall@daf0de0,heimdall,daf0de0,hodr@ea88247,hodr,ea88247,runestone,all_official,1,0,rating,b,b,0.0,core_destroyed,75,,10,160,9,20,8,320,7,26,ok,,3.88,n-62-12-4,29052208,2026-08-08T08:37:59+0200
e513d64a38615897,auto-a1214efd9c98,hodr@ea88247,hodr,ea88247,steward_hardened_reinforced@a994296,steward_hardened_reinforced,a994296,jackpot,all_official,1,0,rating,a,a,1.0,core_destroyed,573,,31,2800,24,24,173,2750,13,18,ok,,28.682,n-62-31-19,29052208,2026-08-08T08:40:00+0200
e5153cd9ca04375f,auto-a1214efd9c98,hodr@ea88247,hodr,ea88247,gobbleglitch@6cdc440,gobbleglitch,6cdc440,string,all_official,1,0,rating,a,a,1.0,core_destroyed,354,,70,880,10,4,539,480,4,4,ok,,5.334,n-62-12-1,29052208,2026-08-08T08:38:30+0200
e52043bbdc4b1de0,auto-a1214efd9c98,lockin@90fc9f3,lockin,90fc9f3,hodr@ea88247,hodr,ea88247,fjordgate,all_official,1,0,rating,b,b,0.0,core_destroyed,44,,610,0,0,0,20,90,7,14,ok,,1.743,n-62-21-57,29052208,2026-08-08T08:38:24+0200
e535533051c22a49,auto-a1214efd9c98,hodr@ea88247,hodr,ea88247,prospect@bf9b3e3,prospect,bf9b3e3,pinch,all_official,1,0,rating,a,a,1.0,core_destroyed,165,,8,160,7,13,10,390,6,5,ok,,3.197,n-62-11-57,29052208,2026-08-08T08:38:48+0200
e58dfcb4d4f3bd7a,auto-a1214efd9c98,hodr@ea88247,hodr,ea88247,steward_hardened_reinforced@f61245f,steward_hardened_reinforced,f61245f,archipelago,all_official,1,0,rating,a,a,1.0,core_destroyed,66,,20,360,9,27,5,150,8,14,ok,,4.265,n-62-31-14,29052208,2026-08-08T08:40:24+0200
e5904562ae74c57f,auto-a1214efd9c98,odin@38e1456,odin,38e1456,hodr@ea88247,hodr,ea88247,moonrise,all_official,1,0,rating,b,b,0.0,core_destroyed,45,,10,0,8,6,8,90,6,5,ok,,2.864,n-62-29-24,29052208,2026-08-08T08:39:41+0200
e5950b8a5b326713,auto-a1214efd9c98,skadi@6a2af02,skadi,6a2af02,hodr@ea88247,hodr,ea88247,sprint,all_official,1,0,rating,a,a,1.0,titanium_collected,1000,,16,500,8,11,18,180,7,4,ok,,6.806,n-62-31-4,29052208,2026-08-08T08:40:03+0200
e5c67b2bbbb271f0,auto-a1214efd9c98,casemate_oracle@90fc9f3,casemate_oracle,90fc9f3,hodr@ea88247,hodr,ea88247,crossfire,all_official,1,0,rating,b,b,0.0,core_destroyed,93,,296,0,5,4,10,220,8,13,ok,,4.551,n-62-21-92,29052208,2026-08-08T08:38:08+0200
e609d259ee732492,auto-a1214efd9c98,hodr@ea88247,hodr,ea88247,mistral@90fc9f3,mistral,90fc9f3,drumlin,all_official,1,0,rating,a,a,1.0,core_destroyed,47,,29,200,7,21,10,0,10,0,ok,,6.401,n-62-11-67,29052208,2026-08-08T08:39:25+0200
e64ebaa096d5dec6,auto-a1214efd9c98,casemate_oracle@90fc9f3,casemate_oracle,90fc9f3,hodr@ea88247,hodr,ea88247,duel,all_official,1,0,rating,b,b,0.0,core_destroyed,39,,30,0,7,5,8,150,7,10,ok,,3.021,n-62-21-92,29052208,2026-08-08T08:38:24+0200
e6b10168abfa324d,auto-a1214efd9c98,hodr@ea88247,hodr,ea88247,freyr@c2c0d3d,freyr,c2c0d3d,duel,all_official,1,0,rating,a,a,1.0,core_destroyed,59,,9,250,8,7,170,250,6,6,ok,,2.786,n-62-29-5,29052208,2026-08-08T08:38:14+0200
e6dfa159c948d62c,auto-a1214efd9c98,hodr@ea88247,hodr,ea88247,mimir@cfc1ec4,mimir,cfc1ec4,snowflake,all_official,1,0,rating,a,a,1.0,core_destroyed,65,,43,550,9,22,7,140,8,11,ok,,3.797,n-62-31-23,29052208,2026-08-08T08:38:35+0200
e6f76a85a1bdd41a,auto-a1214efd9c98,hodr@ea88247,hodr,ea88247,skadi@6a2af02,skadi,6a2af02,meander,all_official,1,0,rating,b,b,0.0,core_destroyed,176,,16,0,6,6,19,360,6,12,ok,,3.53,n-62-31-5,29052208,2026-08-08T08:40:11+0200
e720ca7c8a3497e5,auto-a1214efd9c98,hodr@ea88247,hodr,ea88247,odin@93e46da,odin,93e46da,archipelago,all_official,1,0,rating,a,a,1.0,core_destroyed,112,,130,1340,8,52,36,450,11,27,ok,,5.053,n-62-29-27,29052208,2026-08-08T08:38:50+0200
e729fa3a51f00606,auto-a1214efd9c98,spar_mender@d5b46bc,spar_mender,d5b46bc,hodr@ea88247,hodr,ea88247,runestone,all_official,1,0,rating,b,b,0.0,core_destroyed,513,,2,2210,14,21,9,2430,9,37,ok,,13.484,n-62-29-15,29052208,2026-08-08T08:39:52+0200
e72faf39f2578d22,auto-a1214efd9c98,steward_hardened_reinforced@366cd1b,steward_hardened_reinforced,366cd1b,hodr@ea88247,hodr,ea88247,quarry,all_official,1,0,rating,b,b,0.0,core_destroyed,981,,8,630,7,22,10,2660,9,22,ok,,8.683,n-62-30-24,29052208,2026-08-08T08:39:55+0200
e7309800bfa38ce1,auto-a1214efd9c98,hodr@ea88247,hodr,ea88247,steward_hardened_reinforced@cdc552f,steward_hardened_reinforced,cdc552f,strait,all_official,1,0,rating,a,a,1.0,core_destroyed,125,,8,590,9,17,10,60,6,7,ok,,4.566,n-62-21-89,29052208,2026-08-08T08:39:46+0200
e74b4f7338390738,auto-a1214efd9c98,hodr@ea88247,hodr,ea88247,steward_relent@7ed1acc,steward_relent,7ed1acc,eider,all_official,1,0,rating,b,b,0.0,core_destroyed,128,,40,810,8,16,28,980,8,21,ok,,4.792,n-62-29-13,29052208,2026-08-08T08:40:17+0200
e74ef1daedfc553b,auto-a1214efd9c98,heimdall@daf0de0,heimdall,daf0de0,hodr@ea88247,hodr,ea88247,vault,all_official,1,0,rating,b,b,0.0,core_destroyed,143,,158,660,9,21,8,330,6,21,ok,,5.584,n-62-21-1,29052208,2026-08-08T08:38:18+0200
e7ae8eaf3799b795,auto-a1214efd9c98,steward_hardened_reinforced@c04e46e,steward_hardened_reinforced,c04e46e,hodr@ea88247,hodr,ea88247,fjordgate,all_official,1,0,rating,a,a,1.0,core_destroyed,233,,9,1100,7,24,8,10,4,4,ok,,3.698,n-62-11-52,29052208,2026-08-08T08:39:40+0200
e7d9e7e77b51b6cc,auto-a1214efd9c98,heimdall@daf0de0,heimdall,daf0de0,hodr@ea88247,hodr,ea88247,vase,all_official,1,0,rating,b,b,0.0,core_destroyed,278,,10,80,1,0,66,660,11,8,ok,,6.384,n-62-21-1,29052208,2026-08-08T08:38:07+0200
e7e2708cb768f9bb,auto-a1214efd9c98,hodr@ea88247,hodr,ea88247,spar_mender@d5b46bc,spar_mender,d5b46bc,crossfire,all_official,1,0,rating,a,a,1.0,core_destroyed,130,,20,600,7,11,29,70,6,3,ok,,4.115,n-62-28-33,29052208,2026-08-08T08:39:27+0200
e7e7b5ca4ebf41c9,auto-a1214efd9c98,skadi@1e4eddf,skadi,1e4eddf,hodr@ea88247,hodr,ea88247,strait,all_official,1,0,rating,b,b,0.0,core_destroyed,112,,43,460,8,17,35,670,8,29,ok,,4.367,n-62-21-24,29052208,2026-08-08T08:39:23+0200
e7f292609d9eaf34,auto-a1214efd9c98,hodr@ea88247,hodr,ea88247,gobbleglitch@6cdc440,gobbleglitch,6cdc440,strait,all_official,1,0,rating,a,a,1.0,core_destroyed,61,,20,330,9,28,116,0,10,0,ok,,3.641,n-62-12-1,29052208,2026-08-08T08:38:21+0200
e7feca45ded12fcd,auto-a1214efd9c98,hodr@ea88247,hodr,ea88247,spar_mender@d5b46bc,spar_mender,d5b46bc,duel,all_official,1,0,rating,a,a,1.0,core_destroyed,147,,8,730,6,10,108,690,8,7,ok,,3.251,n-62-28-33,29052208,2026-08-08T08:39:46+0200
e8082a068b3149b4,auto-a1214efd9c98,steward_hardened_reinforced@672ee02,steward_hardened_reinforced,672ee02,hodr@ea88247,hodr,ea88247,pinch,all_official,1,0,rating,a,a,1.0,core_destroyed,169,,9,400,8,8,9,400,6,6,ok,,2.965,n-62-31-21,29052208,2026-08-08T08:40:02+0200
e8249217271e9027,auto-a1214efd9c98,hodr@ea88247,hodr,ea88247,steward_reinforced@a8dc58a,steward_reinforced,a8dc58a,vase,all_official,1,0,rating,a,a,1.0,core_destroyed,242,,47,550,11,10,10,140,6,6,ok,,10.747,n-62-11-67,29052208,2026-08-08T08:40:27+0200
e85587bb0f229e69,auto-a1214efd9c98,hodr@ea88247,hodr,ea88247,e_t4l7@9e77076,e_t4l7,9e77076,duel,all_official,1,0,rating,a,a,1.0,titanium_collected,1000,,26,7400,7,36,300,2850,5,11,ok,,6.522,n-62-28-31,29052208,2026-08-08T08:38:07+0200
e89b5985e014296a,auto-a1214efd9c98,hodr@ea88247,hodr,ea88247,maporacle@38e1456,maporacle,38e1456,vault,all_official,1,0,rating,a,a,1.0,core_destroyed,59,,9,240,9,13,9,250,10,9,ok,,4.03,n-62-21-71,29052208,2026-08-08T08:38:52+0200
e8bb0803b09d3dbd,auto-a1214efd9c98,steward_reinforced@a8dc58a,steward_reinforced,a8dc58a,hodr@ea88247,hodr,ea88247,pinch,all_official,1,0,rating,b,b,0.0,core_destroyed,77,,10,170,7,9,9,170,7,7,ok,,3.585,n-62-31-23,29052208,2026-08-08T08:40:44+0200
e8da5eec31549657,auto-a1214efd9c98,hodr@ea88247,hodr,ea88247,skadi@1e4eddf,skadi,1e4eddf,vase,all_official,1,0,rating,a,a,1.0,core_destroyed,835,,10,90,7,8,1953,2050,7,6,ok,,12.49,n-62-21-17,29052208,2026-08-08T08:39:17+0200
e8ddad878438830c,auto-a1214efd9c98,steward_hardened_reinforced@f61245f,steward_hardened_reinforced,f61245f,hodr@ea88247,hodr,ea88247,strait,all_official,1,0,rating,a,a,1.0,titanium_collected,1000,,16,730,7,13,16,70,7,6,ok,,8.758,n-62-31-5,29052208,2026-08-08T08:40:50+0200
e8e6d03734596a6f,auto-a1214efd9c98,hodr@ea88247,hodr,ea88247,casemate_oracle@90fc9f3,casemate_oracle,90fc9f3,string,all_official,1,0,rating,b,b,0.0,core_destroyed,95,,10,40,9,4,31,0,4,3,ok,,3.485,n-62-21-97,29052208,2026-08-08T08:38:48+0200
e90422e1392bf914,auto-a1214efd9c98,skadi@1e4eddf,skadi,1e4eddf,hodr@ea88247,hodr,ea88247,nordkap,all_official,1,0,rating,a,a,1.0,titanium_collected,1000,,16,410,7,3,16,100,7,6,ok,,9.832,n-62-21-11,29052208,2026-08-08T08:39:45+0200
e904907e66a3f396,auto-a1214efd9c98,hodr@ea88247,hodr,ea88247,steward_hardened_reinforced@f61245f,steward_hardened_reinforced,f61245f,showdown,all_official,1,0,rating,a,a,1.0,core_destroyed,573,,9,250,7,24,10,190,6,2,ok,,5.053,n-62-31-5,29052208,2026-08-08T08:40:04+0200
e9537b044b820f74,auto-a1214efd9c98,hodr@ea88247,hodr,ea88247,lockin@90fc9f3,lockin,90fc9f3,antler,all_official,1,0,rating,a,a,1.0,core_destroyed,37,,10,80,8,6,590,0,0,0,ok,,2.017,n-62-21-69,29052208,2026-08-08T08:39:41+0200
e96f08853bd60056,auto-a1214efd9c98,steward_reinforced@a8dc58a,steward_reinforced,a8dc58a,hodr@ea88247,hodr,ea88247,fjord,all_official,1,0,rating,b,b,0.0,core_destroyed,51,,50,290,8,24,18,300,7,22,ok,,3.601,n-62-31-4,29052208,2026-08-08T08:40:40+0200
e97c61dd626f9ea9,auto-a1214efd9c98,hodr@ea88247,hodr,ea88247,steward_hardened_reinforced@a994296,steward_hardened_reinforced,a994296,duel,all_official,1,0,rating,a,a,1.0,core_destroyed,59,,9,250,8,7,170,250,6,6,ok,,2.94,n-62-31-18,29052208,2026-08-08T08:40:34+0200
e98671c5b75cdb22,auto-a1214efd9c98,hodr@ea88247,hodr,ea88247,casemate_oracle@90fc9f3,casemate_oracle,90fc9f3,skerry,all_official,1,0,rating,a,a,1.0,core_destroyed,80,,80,520,10,21,28,0,6,34,ok,,6.609,n-62-21-97,29052208,2026-08-08T08:37:58+0200
e993d2196b4221a6,auto-a1214efd9c98,skadi@aad5f44,skadi,aad5f44,hodr@ea88247,hodr,ea88247,aurora,all_official,1,0,rating,b,b,0.0,core_destroyed,74,,40,470,8,35,19,280,8,24,ok,,4.122,n-62-11-68,29052208,2026-08-08T08:39:42+0200
e9cbf2808a3a7491,auto-a1214efd9c98,ragnarok_fair@79582fc,ragnarok_fair,79582fc,hodr@ea88247,hodr,ea88247,snowflake,all_official,1,0,rating,a,a,1.0,core_destroyed,65,,20,430,9,18,22,140,7,10,ok,,3.883,n-62-21-2,29052208,2026-08-08T08:39:18+0200
e9f30f8d39af0944,auto-a1214efd9c98,jonbot@90fc9f3,jonbot,90fc9f3,hodr@ea88247,hodr,ea88247,saga,all_official,1,0,rating,b,b,0.0,core_destroyed,118,,209,120,6,24,28,320,7,30,ok,,4.379,n-62-21-17,29052208,2026-08-08T08:38:21+0200
e9f52303ed54f20c,auto-a1214efd9c98,hodr@ea88247,hodr,ea88247,mimir@cfc1ec4,mimir,cfc1ec4,strait,all_official,1,0,rating,a,a,1.0,titanium_collected,1000,,16,250,6,13,16,70,6,11,ok,,8.132,n-62-31-23,29052208,2026-08-08T08:38:57+0200
ea07dfe47f956f03,auto-a1214efd9c98,hodr@ea88247,hodr,ea88247,steward_hardened_reinforced@f61245f,steward_hardened_reinforced,f61245f,hive,all_official,1,0,rating,b,b,0.0,core_destroyed,56,,18,120,9,19,16,180,8,23,ok,,4.205,n-62-28-28,29052208,2026-08-08T08:40:41+0200
ea3c29fe1560aeda,auto-a1214efd9c98,hodr@ea88247,hodr,ea88247,maporacle@38e1456,maporacle,38e1456,atoll,all_official,1,0,rating,a,a,1.0,core_destroyed,141,,7,480,10,9,1,480,9,20,ok,,4.879,n-62-21-63,29052208,2026-08-08T08:38:30+0200
ea7e81e311d70449,auto-a1214efd9c98,skadi@821d792,skadi,821d792,hodr@ea88247,hodr,ea88247,pinch,all_official,1,0,rating,b,b,0.0,core_destroyed,200,,16,220,9,8,20,470,5,23,ok,,4.436,n-62-31-24,29052208,2026-08-08T08:39:13+0200
ea831ddcf91573c8,auto-a1214efd9c98,hodr@ea88247,hodr,ea88247,steward_reinforced@a8dc58a,steward_reinforced,a8dc58a,hive,all_official,1,0,rating,a,a,1.0,core_destroyed,65,,10,140,9,21,10,220,9,23,ok,,3.721,n-62-31-21,29052208,2026-08-08T08:40:25+0200
ea854e39691e9906,auto-a1214efd9c98,odin@38e1456,odin,38e1456,hodr@ea88247,hodr,ea88247,saga,all_official,1,0,rating,b,b,0.0,core_destroyed,77,,41,470,7,40,18,350,8,23,ok,,3.812,n-62-29-9,29052208,2026-08-08T08:39:29+0200
ea8844a27dd84ac5,auto-a1214efd9c98,spar_mender@d5b46bc,spar_mender,d5b46bc,hodr@ea88247,hodr,ea88247,drumlin,all_official,1,0,rating,b,b,0.0,core_destroyed,67,,130,270,8,22,33,470,7,27,ok,,3.793,n-62-28-33,29052208,2026-08-08T08:39:43+0200
ea9dc0496f6a0fdb,auto-a1214efd9c98,hodr@ea88247,hodr,ea88247,jotunn@6b39ebb,jotunn,6b39ebb,duel,all_official,1,0,rating,a,a,1.0,core_destroyed,92,,20,230,7,8,43,520,10,12,ok,,3.447,n-62-13-6,29052208,2026-08-08T08:38:41+0200
eaa12115dfcd690b,auto-a1214efd9c98,jotunn@6b39ebb,jotunn,6b39ebb,hodr@ea88247,hodr,ea88247,atoll,all_official,1,0,rating,b,b,0.0,core_destroyed,488,,29,1670,12,9,55,2380,16,37,ok,,13.287,n-62-21-23,29052208,2026-08-08T08:39:07+0200
eaaeaa709db88eda,auto-a1214efd9c98,hodr@ea88247,hodr,ea88247,odin@93e46da,odin,93e46da,pinch,all_official,1,0,rating,b,b,0.0,core_destroyed,321,,187,1560,10,27,10,1010,5,11,ok,,8.196,n-62-29-17,29052208,2026-08-08T08:39:17+0200
ead309a41e8f8870,auto-a1214efd9c98,spar_mender@d5b46bc,spar_mender,d5b46bc,hodr@ea88247,hodr,ea88247,jackpot,all_official,1,0,rating,b,b,0.0,core_destroyed,300,,40,1290,12,14,69,1380,17,20,ok,,13.113,n-62-28-34,29052208,2026-08-08T08:40:31+0200
eaf3b1c4c10e217c,auto-a1214efd9c98,gefjon@f66a427,gefjon,f66a427,hodr@ea88247,hodr,ea88247,runestone,all_official,1,0,rating,a,a,1.0,core_destroyed,114,,17,460,8,26,4,220,8,20,ok,,3.879,n-62-31-19,29052208,2026-08-08T08:38:37+0200
eaf71860ec4f34f3,auto-a1214efd9c98,hodr@ea88247,hodr,ea88247,e_t4l7@9e77076,e_t4l7,9e77076,runestone,all_official,1,0,rating,a,a,1.0,core_destroyed,857,,10,2110,8,21,5409,5480,2,22,ok,,8.676,n-62-29-13,29052208,2026-08-08T08:38:00+0200
eb0aa2bf3ab63760,auto-a1214efd9c98,hodr@ea88247,hodr,ea88247,mimir@cfc1ec4,mimir,cfc1ec4,aurora,all_official,1,0,rating,a,a,1.0,core_destroyed,70,,28,430,7,30,6,250,8,22,ok,,3.742,n-62-21-72,29052208,2026-08-08T08:38:20+0200
eb3829262396b1ab,auto-a1214efd9c98,hodr@ea88247,hodr,ea88247,steward_relent@7ed1acc,steward_relent,7ed1acc,aurora,all_official,1,0,rating,a,a,1.0,core_destroyed,68,,28,410,7,30,19,250,8,22,ok,,3.965,n-62-11-60,29052208,2026-08-08T08:40:18+0200
eb4f111b089c9c0f,auto-a1214efd9c98,hodr@ea88247,hodr,ea88247,steward_hardened_reinforced@f61245f,steward_hardened_reinforced,f61245f,sweden,all_official,1,0,rating,b,b,0.0,core_destroyed,445,,111,0,8,7,55,1070,12,15,ok,,16.09,n-62-29-15,29052208,2026-08-08T08:40:30+0200
eb5edfe8277bd678,auto-a1214efd9c98,hodr@ea88247,hodr,ea88247,steward_hardened_reinforced@a994296,steward_hardened_reinforced,a994296,aurora,all_official,1,0,rating,a,a,1.0,core_destroyed,68,,28,410,7,30,19,250,8,22,ok,,3.823,n-62-31-18,29052208,2026-08-08T08:39:35+0200
eb982db91c82a1ec,auto-a1214efd9c98,hodr@ea88247,hodr,ea88247,fenrir2@6b39ebb,fenrir2,6b39ebb,antler,all_official,1,0,rating,b,b,0.0,core_destroyed,101,,17,330,8,5,9,240,6,7,ok,,3.622,n-62-29-16,29052208,2026-08-08T08:38:26+0200
eb99bcf1af252863,auto-a1214efd9c98,steward_hardened_reinforced@f61245f,steward_hardened_reinforced,f61245f,hodr@ea88247,hodr,ea88247,drumlin,all_official,1,0,rating,b,b,0.0,core_destroyed,67,,24,200,7,17,9,350,7,17,ok,,3.064,n-62-28-31,29052208,2026-08-08T08:40:46+0200
ebb7e607d19f596e,auto-a1214efd9c98,hodr@ea88247,hodr,ea88247,bastion@840a180,bastion,840a180,archipelago,all_official,1,0,rating,a,a,1.0,core_destroyed,69,,20,460,8,30,14,180,9,25,ok,,4.545,n-62-11-67,29052208,2026-08-08T08:38:37+0200
ebcb014522b963a7,auto-a1214efd9c98,odin@38e1456,odin,38e1456,hodr@ea88247,hodr,ea88247,hive,all_official,1,0,rating,b,b,0.0,core_destroyed,97,,9,230,7,25,16,390,8,24,ok,,3.787,n-62-29-21,29052208,2026-08-08T08:39:26+0200
ebd72d255a4efed5,auto-a1214efd9c98,hodr@ea88247,hodr,ea88247,ragnarok_fair@79582fc,ragnarok_fair,79582fc,duel,all_official,1,0,rating,a,a,1.0,core_destroyed,81,,22,360,6,9,10,360,8,7,ok,,4.161,n-62-21-1,29052208,2026-08-08T08:39:48+0200
ec0e3571827e0c3f,auto-a1214efd9c98,lockin@90fc9f3,lockin,90fc9f3,hodr@ea88247,hodr,ea88247,saga,all_official,1,0,rating,b,b,0.0,core_destroyed,80,,700,0,0,0,32,300,7,38,ok,,2.541,n-62-21-61,29052208,2026-08-08T08:38:11+0200
ec4580785ef947c2,auto-a1214efd9c98,lockin@90fc9f3,lockin,90fc9f3,hodr@ea88247,hodr,ea88247,vase,all_official,1,0,rating,b,b,0.0,core_destroyed,57,,640,0,0,0,10,100,8,16,ok,,2.005,n-62-21-63,29052208,2026-08-08T08:37:56+0200
ec50705afdb89aaf,auto-a1214efd9c98,casemate_oracle@90fc9f3,casemate_oracle,90fc9f3,hodr@ea88247,hodr,ea88247,heart,all_official,1,0,rating,b,b,0.0,core_destroyed,85,,30,0,7,19,9,0,7,6,ok,,3.328,n-62-31-9,29052208,2026-08-08T08:38:13+0200
ec53a74643dcd1c3,auto-a1214efd9c98,odin@93e46da,odin,93e46da,hodr@ea88247,hodr,ea88247,sprint,all_official,1,0,rating,b,b,0.0,core_destroyed,46,,10,0,9,1,6,20,6,5,ok,,2.988,n-62-30-24,29052208,2026-08-08T08:38:55+0200
ec61116e136e3749,auto-a1214efd9c98,steward_hardened_reinforced@f61245f,steward_hardened_reinforced,f61245f,hodr@ea88247,hodr,ea88247,skerry,all_official,1,0,rating,b,b,0.0,core_destroyed,143,,12,990,14,11,4,400,6,17,ok,,5.207,n-62-31-5,29052208,2026-08-08T08:40:19+0200
ec642dc565cfbbb7,auto-a1214efd9c98,hodr@ea88247,hodr,ea88247,tyr@2e6c876,tyr,2e6c876,fjord,all_official,1,0,rating,a,a,1.0,core_destroyed,103,,115,820,8,37,5,600,11,23,ok,,4.588,n-62-31-24,29052208,2026-08-08T08:40:37+0200
ec84c274546ba793,auto-a1214efd9c98,fenrir2@6b39ebb,fenrir2,6b39ebb,hodr@ea88247,hodr,ea88247,moonrise,all_official,1,0,rating,b,b,0.0,core_destroyed,45,,10,0,8,6,8,90,6,5,ok,,2.932,n-62-29-9,29052208,2026-08-08T08:38:59+0200
ec8b89ea95e54032,auto-a1214efd9c98,odin@38e1456,odin,38e1456,hodr@ea88247,hodr,ea88247,vault,all_official,1,0,rating,a,a,1.0,titanium_collected,1000,,5501,8760,10,83,12,170,7,19,ok,,12.26,n-62-29-33,29052208,2026-08-08T08:39:57+0200
ec8d3981beb610ef,auto-a1214efd9c98,hodr@ea88247,hodr,ea88247,janus@8a1e7a1,janus,8a1e7a1,sweden,all_official,1,0,rating,b,b,0.0,core_destroyed,117,,56,180,11,18,195,670,10,21,ok,,6.721,n-62-21-14,29052208,2026-08-08T08:38:07+0200
ec98990036a507c7,auto-a1214efd9c98,odin@38e1456,odin,38e1456,hodr@ea88247,hodr,ea88247,heart,all_official,1,0,rating,a,a,1.0,core_destroyed,289,,9,0,8,11,10,100,7,6,ok,,5.426,n-62-29-21,29052208,2026-08-08T08:39:18+0200
ecae0a42d4eaadea,auto-a1214efd9c98,skadi@821d792,skadi,821d792,hodr@ea88247,hodr,ea88247,strait,all_official,1,0,rating,b,b,0.0,core_destroyed,112,,43,460,8,17,35,670,8,29,ok,,4.821,n-62-11-67,29052208,2026-08-08T08:39:58+0200
ecbb1b1e78562456,auto-a1214efd9c98,hodr@ea88247,hodr,ea88247,mistral@90fc9f3,mistral,90fc9f3,snowflake,all_official,1,0,rating,a,a,1.0,core_destroyed,52,,46,380,6,25,70,0,7,0,ok,,5.704,n-62-11-61,29052208,2026-08-08T08:39:15+0200
ecc0d7633616f573,auto-a1214efd9c98,steward_hardened_reinforced@366cd1b,steward_hardened_reinforced,366cd1b,hodr@ea88247,hodr,ea88247,longship,all_official,1,0,rating,a,a,1.0,core_destroyed,62,,8,200,8,16,8,210,7,22,ok,,3.573,n-62-30-23,29052208,2026-08-08T08:39:47+0200
ecdb6624b01bea65,auto-a1214efd9c98,hodr@ea88247,hodr,ea88247,spar_mender@7ed1acc,spar_mender,7ed1acc,hive,all_official,1,0,rating,a,a,1.0,core_destroyed,115,,30,530,9,45,88,350,8,38,ok,,5.342,n-62-31-10,29052208,2026-08-08T08:40:30+0200
ecf5cc116f431f7c,auto-a1214efd9c98,hodr@ea88247,hodr,ea88247,skadi@aad5f44,skadi,aad5f44,bridge,all_official,1,0,rating,b,b,0.0,titanium_collected,1000,,20,0,9,16,2671,2410,5,15,ok,,17.221,n-62-11-68,29052208,2026-08-08T08:39:59+0200
ed21fc30b13282fc,auto-a1214efd9c98,spar_mender@7ed1acc,spar_mender,7ed1acc,hodr@ea88247,hodr,ea88247,quarry,all_official,1,0,rating,b,b,0.0,core_destroyed,131,,1,560,8,28,20,780,14,23,ok,,7.202,n-62-21-97,29052208,2026-08-08T08:40:00+0200
ed31567d0b0f0731,auto-a1214efd9c98,hodr@ea88247,hodr,ea88247,bastion@840a180,bastion,840a180,longship,all_official,1,0,rating,a,a,1.0,core_destroyed,93,,9,360,9,21,21,210,9,13,ok,,3.825,n-62-11-62,29052208,2026-08-08T08:38:28+0200
ed36a7f4ad75935c,auto-a1214efd9c98,steward_hardened_reinforced@672ee02,steward_hardened_reinforced,672ee02,hodr@ea88247,hodr,ea88247,sprint,all_official,1,0,rating,a,a,1.0,core_destroyed,105,,9,10,6,4,10,40,7,6,ok,,3.276,n-62-31-22,29052208,2026-08-08T08:39:38+0200
ed5c517253a151e7,auto-a1214efd9c98,hodr@ea88247,hodr,ea88247,odin@93e46da,odin,93e46da,crossfire,all_official,1,0,rating,b,b,0.0,core_destroyed,166,,36,770,12,18,88,1010,9,21,ok,,6.183,n-62-29-34,29052208,2026-08-08T08:38:45+0200
ed75f8be5c7e0135,auto-a1214efd9c98,hodr@ea88247,hodr,ea88247,steward_hardened_reinforced@deba9ec,steward_hardened_reinforced,deba9ec,antler,all_official,1,0,rating,b,b,0.0,core_destroyed,241,,8,840,5,13,19,1160,8,12,ok,,4.822,n-62-21-90,29052208,2026-08-08T08:40:02+0200
ed7f0fd82e20ff96,auto-a1214efd9c98,hodr@ea88247,hodr,ea88247,ullr@7d1ab4e,ullr,7d1ab4e,runestone,all_official,1,0,rating,a,a,1.0,core_destroyed,317,,9,50,8,17,10,260,8,17,ok,,4.893,n-62-29-15,29052208,2026-08-08T08:40:43+0200
ed86d192e64126a3,auto-a1214efd9c98,janus@8a1e7a1,janus,8a1e7a1,hodr@ea88247,hodr,ea88247,string,all_official,1,0,rating,a,a,1.0,core_destroyed,83,,88,210,7,5,10,200,8,3,ok,,3.723,n-62-21-14,29052208,2026-08-08T08:38:00+0200
eda3fc88e70abeff,auto-a1214efd9c98,e_t4l7@9e77076,e_t4l7,9e77076,hodr@ea88247,hodr,ea88247,crossfire,all_official,1,0,rating,b,b,0.0,core_destroyed,228,,403,1270,3,34,43,1900,8,46,ok,,5.105,n-62-28-28,29052208,2026-08-08T08:39:14+0200
edaa5b50dd22eeab,auto-a1214efd9c98,hodr@ea88247,hodr,ea88247,lockin@90fc9f3,lockin,90fc9f3,hive,all_official,1,0,rating,a,a,1.0,core_destroyed,117,,10,260,9,43,149,130,15,1,ok,,8.761,n-62-21-59,29052208,2026-08-08T08:38:05+0200
edc519db2e4be041,auto-a1214efd9c98,hodr@ea88247,hodr,ea88247,jonbot_190003d@90fc9f3,jonbot_190003d,90fc9f3,atoll,all_official,1,0,rating,a,a,1.0,core_destroyed,183,,18,890,10,26,694,440,1,5,ok,,6.278,n-62-21-13,29052208,2026-08-08T08:37:57+0200
ede042155438958f,auto-a1214efd9c98,hodr@ea88247,hodr,ea88247,skadi@821d792,skadi,821d792,vase,all_official,1,0,rating,a,a,1.0,core_destroyed,835,,10,90,7,8,1953,2050,7,6,ok,,12.612,n-62-11-60,29052208,2026-08-08T08:39:59+0200
ede83b14ec629f2f,auto-a1214efd9c98,skadi@aad5f44,skadi,aad5f44,hodr@ea88247,hodr,ea88247,skerry,all_official,1,0,rating,a,a,1.0,core_destroyed,93,,9,430,9,12,33,580,6,23,ok,,3.649,n-62-11-64,29052208,2026-08-08T08:39:53+0200
edf7d5958d719af7,auto-a1214efd9c98,spar_mender@7ed1acc,spar_mender,7ed1acc,hodr@ea88247,hodr,ea88247,crossfire,all_official,1,0,rating,b,b,0.0,core_destroyed,127,,0,680,14,22,19,640,11,15,ok,,5.69,n-62-31-9,29052208,2026-08-08T08:40:11+0200
edf9197bab5387b9,auto-a1214efd9c98,casemate_oracle@90fc9f3,casemate_oracle,90fc9f3,hodr@ea88247,hodr,ea88247,atoll,all_official,1,0,rating,b,b,0.0,core_destroyed,90,,262,0,4,19,32,490,7,49,ok,,3.999,n-62-11-66,29052208,2026-08-08T08:38:21+0200
ee11e60d32e2552c,auto-a1214efd9c98,jotunn@6b39ebb,jotunn,6b39ebb,hodr@ea88247,hodr,ea88247,strait,all_official,1,0,rating,b,b,0.0,core_destroyed,85,,53,450,9,37,10,480,9,30,ok,,4.587,n-62-21-55,29052208,2026-08-08T08:39:17+0200
ee3777a79393e69e,auto-a1214efd9c98,hodr@ea88247,hodr,ea88247,skadi@821d792,skadi,821d792,pinch,all_official,1,0,rating,a,a,1.0,core_destroyed,110,,20,610,9,24,35,690,9,25,ok,,5.098,n-62-31-24,29052208,2026-08-08T08:39:08+0200
ee4e9c2ff9352989,auto-a1214efd9c98,hodr@ea88247,hodr,ea88247,steward_hardened_reinforced@a994296,steward_hardened_reinforced,a994296,crossfire,all_official,1,0,rating,a,a,1.0,core_destroyed,306,,61,2000,14,43,8,50,4,4,ok,,5.525,n-62-31-18,29052208,2026-08-08T08:40:15+0200
ee694ab281de770d,auto-a1214efd9c98,hodr@ea88247,hodr,ea88247,odin@93e46da,odin,93e46da,drumlin,all_official,1,0,rating,a,a,1.0,core_destroyed,64,,27,460,9,26,27,240,9,26,ok,,3.612,n-62-29-34,29052208,2026-08-08T08:38:54+0200
ee6e59e8f6ab1e37,auto-a1214efd9c98,hodr@ea88247,hodr,ea88247,njord@f66a427,njord,f66a427,twins,all_official,1,0,rating,a,a,1.0,core_destroyed,120,,20,280,8,9,14,160,8,14,ok,,3.469,n-62-29-13,29052208,2026-08-08T08:40:01+0200
ee70a94eb0a60c2b,auto-a1214efd9c98,jonbot@90fc9f3,jonbot,90fc9f3,hodr@ea88247,hodr,ea88247,fjordgate,all_official,1,0,rating,a,a,1.0,core_destroyed,81,,69,350,7,17,21,140,7,8,ok,,3.049,n-62-21-11,29052208,2026-08-08T08:37:58+0200
ee8de4fe2a34859b,auto-a1214efd9c98,hodr@ea88247,hodr,ea88247,gefjon@f66a427,gefjon,f66a427,longship,all_official,1,0,rating,a,a,1.0,core_destroyed,77,,9,280,8,17,9,320,9,30,ok,,4.444,n-62-31-20,29052208,2026-08-08T08:38:41+0200
ee9ac2debbce4632,auto-a1214efd9c98,hodr@ea88247,hodr,ea88247,skadi@1e4eddf,skadi,1e4eddf,fjord,all_official,1,0,rating,b,b,0.0,core_destroyed,97,,59,750,8,32,18,650,9,20,ok,,5.022,n-62-21-3,29052208,2026-08-08T08:40:03+0200
eea69515f9dda0f1,auto-a1214efd9c98,hodr@ea88247,hodr,ea88247,gefjon@f66a427,gefjon,f66a427,meander,all_official,1,0,rating,a,a,1.0,core_destroyed,62,,10,20,7,7,32,110,7,13,ok,,3.091,n-62-31-20,29052208,2026-08-08T08:38:48+0200
eeab44efa0dc5cef,auto-a1214efd9c98,gefjon@f66a427,gefjon,f66a427,hodr@ea88247,hodr,ea88247,vase,all_official,1,0,rating,b,b,0.0,core_destroyed,109,,10,10,4,9,10,210,7,11,ok,,3.413,n-62-11-50,29052208,2026-08-08T08:39:02+0200
eeac82a2ec40d889,auto-a1214efd9c98,hodr@ea88247,hodr,ea88247,steward_hardened_reinforced@366cd1b,steward_hardened_reinforced,366cd1b,bridge,all_official,1,0,rating,b,b,0.0,titanium_stored,1000,,93,0,15,11,121,0,15,7,ok,,27.488,n-62-29-5,29052208,2026-08-08T08:39:54+0200
eeba73e42195ed18,auto-a1214efd9c98,hodr@ea88247,hodr,ea88247,mimir@cfc1ec4,mimir,cfc1ec4,duel,all_official,1,0,rating,a,a,1.0,core_destroyed,59,,9,250,8,7,170,250,6,6,ok,,3.119,n-62-31-5,29052208,2026-08-08T08:38:52+0200
eec4f422a76b1bc9,auto-a1214efd9c98,hodr@ea88247,hodr,ea88247,skadi@aad5f44,skadi,aad5f44,crossfire,all_official,1,0,rating,a,a,1.0,titanium_collected,1000,,48,4580,8,6,198,2720,14,24,ok,,22.43,n-62-11-68,29052208,2026-08-08T08:40:37+0200
eed50e2e3769c4dc,auto-a1214efd9c98,hodr@ea88247,hodr,ea88247,skadi@aad5f44,skadi,aad5f44,aurora,all_official,1,0,rating,a,a,1.0,core_destroyed,98,,141,720,8,32,8,330,8,24,ok,,4.058,n-62-11-68,29052208,2026-08-08T08:39:37+0200
eed53ce5985a4981,auto-a1214efd9c98,skadi@6a2af02,skadi,6a2af02,hodr@ea88247,hodr,ea88247,antler,all_official,1,0,rating,b,b,0.0,core_destroyed,488,,12,460,5,8,118,2110,12,16,ok,,7.854,n-62-21-17,29052208,2026-08-08T08:39:49+0200
eee37c404cfc115f,auto-a1214efd9c98,e_t4l7@9e77076,e_t4l7,9e77076,hodr@ea88247,hodr,ea88247,fjordgate,all_official,1,0,rating,a,a,1.0,titanium_collected,1000,,4668,4950,9,12,18,2480,7,8,ok,,7.588,n-62-28-31,29052208,2026-08-08T08:38:49+0200
eeea729c401dcaf8,auto-a1214efd9c98,hodr@ea88247,hodr,ea88247,jonbot_190003d@90fc9f3,jonbot_190003d,90fc9f3,skerry,all_official,1,0,rating,a,a,1.0,core_destroyed,118,,254,980,7,36,117,0,9,3,ok,,4.572,n-62-21-19,29052208,2026-08-08T08:38:19+0200
eefd564a1afa5778,auto-a1214efd9c98,skadi@aad5f44,skadi,aad5f44,hodr@ea88247,hodr,ea88247,sweden,all_official,1,0,rating,a,a,1.0,core_destroyed,397,,20,2780,22,20,32,50,6,1,ok,,22.011,n-62-11-66,29052208,2026-08-08T08:40:19+0200
ef29b0aff8b4a620,auto-a1214efd9c98,gobbleglitch@6cdc440,gobbleglitch,6cdc440,hodr@ea88247,hodr,ea88247,jackpot,all_official,1,0,rating,a,a,1.0,core_destroyed,105,,60,0,6,1,32,0,11,4,ok,,4.141,n-62-11-51,29052208,2026-08-08T08:38:32+0200
ef6e7acdf99f96b6,auto-a1214efd9c98,hodr@ea88247,hodr,ea88247,prospect@bf9b3e3,prospect,bf9b3e3,eider,all_official,1,0,rating,a,a,1.0,core_destroyed,121,,10,280,7,8,9,130,8,2,ok,,3.395,n-62-11-55,29052208,2026-08-08T08:39:36+0200
ef71abdb4364fea6,auto-a1214efd9c98,hodr@ea88247,hodr,ea88247,skadi@6a2af02,skadi,6a2af02,nordkap,all_official,1,0,rating,a,a,1.0,core_destroyed,70,,8,150,8,5,4,250,7,9,ok,,3.368,n-62-21-13,29052208,2026-08-08T08:39:09+0200
ef9fbf7ec9a11366,auto-a1214efd9c98,hodr@ea88247,hodr,ea88247,bastion@840a180,bastion,840a180,sprint,all_official,1,0,rating,a,a,1.0,core_destroyed,162,,10,80,7,5,3,0,8,1,ok,,3.43,n-62-11-63,29052208,2026-08-08T08:38:27+0200
efcfd6cfca777d56,auto-a1214efd9c98,hodr@ea88247,hodr,ea88247,skadi@6a2af02,skadi,6a2af02,crossfire,all_official,1,0,rating,a,a,1.0,core_destroyed,424,,60,2070,14,13,47,1320,8,6,ok,,12.553,n-62-21-23,29052208,2026-08-08T08:40:05+0200
efdb931334300329,auto-a1214efd9c98,prospect_rushonly@bf9b3e3,prospect_rushonly,bf9b3e3,hodr@ea88247,hodr,ea88247,aurora,all_official,1,0,rating,b,b,0.0,core_destroyed,128,,476,410,7,12,80,880,10,52,ok,,4.748,n-62-21-90,29052208,2026-08-08T08:39:10+0200
efdba8db2a764eaf,auto-a1214efd9c98,hodr@ea88247,hodr,ea88247,njord@f66a427,njord,f66a427,strait,all_official,1,0,rating,a,a,1.0,titanium_collected,1000,,16,250,6,13,16,70,6,11,ok,,7.878,n-62-29-13,29052208,2026-08-08T08:38:53+0200
efdfe7fefc82b0c5,auto-a1214efd9c98,hodr@ea88247,hodr,ea88247,heimdall@daf0de0,heimdall,daf0de0,nordkap,all_official,1,0,rating,a,a,1.0,core_destroyed,49,,9,100,8,5,10,160,7,16,ok,,2.791,n-62-12-3,29052208,2026-08-08T08:38:10+0200
efe6cec80ec26664,auto-a1214efd9c98,freyr@c2c0d3d,freyr,c2c0d3d,hodr@ea88247,hodr,ea88247,twins,all_official,1,0,rating,a,a,1.0,core_destroyed,120,,20,280,8,9,14,160,8,14,ok,,3.94,n-62-31-7,29052208,2026-08-08T08:38:00+0200
f00ddcb0f8b7cb4f,auto-a1214efd9c98,skadi@6a2af02,skadi,6a2af02,hodr@ea88247,hodr,ea88247,atoll,all_official,1,0,rating,b,b,0.0,titanium_collected,1000,,17,3220,9,19,28,4950,12,10,ok,,12.241,n-62-21-23,29052208,2026-08-08T08:39:12+0200
f022bac925e6ce69,auto-a1214efd9c98,spar_mender@7ed1acc,spar_mender,7ed1acc,hodr@ea88247,hodr,ea88247,strait,all_official,1,0,rating,b,b,0.0,core_destroyed,132,,43,590,14,44,104,840,13,31,ok,,7.046,n-62-21-98,29052208,2026-08-08T08:40:23+0200
f02f9d303775ca39,auto-a1214efd9c98,spar_mender@7ed1acc,spar_mender,7ed1acc,hodr@ea88247,hodr,ea88247,meander,all_official,1,0,rating,a,a,1.0,core_destroyed,323,,68,2720,19,30,54,60,1,7,ok,,8.464,n-62-31-11,29052208,2026-08-08T08:40:24+0200
f051ec8fb74d4cd1,auto-a1214efd9c98,hodr@ea88247,hodr,ea88247,steward_reinforced@a8dc58a,steward_reinforced,a8dc58a,jackpot,all_official,1,0,rating,b,b,0.0,core_destroyed,132,,10,590,11,22,38,290,9,14,ok,,5.945,n-62-31-21,29052208,2026-08-08T08:40:35+0200
f06872b4edb74503,auto-a1214efd9c98,gefjon@f66a427,gefjon,f66a427,hodr@ea88247,hodr,ea88247,longship,all_official,1,0,rating,a,a,1.0,core_destroyed,81,,9,360,8,19,9,310,8,22,ok,,4.08,n-62-31-20,29052208,2026-08-08T08:38:45+0200
f07c127f806be31e,auto-a1214efd9c98,steward_hardened_reinforced@c04e46e,steward_hardened_reinforced,c04e46e,hodr@ea88247,hodr,ea88247,nordkap,all_official,1,0,rating,b,b,0.0,core_destroyed,638,,6,80,9,3,10,1560,8,17,ok,,6.438,n-62-11-57,29052208,2026-08-08T08:40:15+0200
f0a9207468b2a2d6,auto-a1214efd9c98,e_t4l7@9e77076,e_t4l7,9e77076,hodr@ea88247,hodr,ea88247,hive,all_official,1,0,rating,b,b,0.0,core_destroyed,85,,116,190,6,20,20,330,8,28,ok,,3.544,n-62-28-33,29052208,2026-08-08T08:38:15+0200
f0b0154acb29036e,auto-a1214efd9c98,hodr@ea88247,hodr,ea88247,steward_hardened_reinforced@a994296,steward_hardened_reinforced,a994296,string,all_official,1,0,rating,b,b,0.0,core_destroyed,295,,40,30,2,2,6,1380,12,7,ok,,7.432,n-62-11-60,29052208,2026-08-08T08:39:41+0200
f0bb897bd1d109f6,auto-a1214efd9c98,hodr@ea88247,hodr,ea88247,steward_hardened_reinforced@cdc552f,steward_hardened_reinforced,cdc552f,eider,all_official,1,0,rating,a,a,1.0,core_destroyed,165,,27,760,8,11,10,0,5,5,ok,,3.934,n-62-11-64,29052208,2026-08-08T08:39:50+0200
f0c1f99b4e374ce3,auto-a1214efd9c98,hodr@ea88247,hodr,ea88247,casemate_oracle@90fc9f3,casemate_oracle,90fc9f3,fjordgate,all_official,1,0,rating,a,a,1.0,core_destroyed,113,,20,270,7,14,360,0,2,5,ok,,2.632,n-62-31-9,29052208,2026-08-08T08:38:02+0200
f0d655dc55955776,auto-a1214efd9c98,hodr@ea88247,hodr,ea88247,ragnarok_fair@79582fc,ragnarok_fair,79582fc,strait,all_official,1,0,rating,a,a,1.0,core_destroyed,96,,14,360,7,21,33,430,9,22,ok,,4.267,n-62-21-2,29052208,2026-08-08T08:39:33+0200
f0dfb2db45ad9948,auto-a1214efd9c98,lockin@90fc9f3,lockin,90fc9f3,hodr@ea88247,hodr,ea88247,sprint,all_official,1,0,rating,b,b,0.0,core_destroyed,49,,287,0,8,0,20,170,7,22,ok,,3.756,n-62-21-62,29052208,2026-08-08T08:37:59+0200
f0dfde89c3e18702,auto-a1214efd9c98,maporacle@38e1456,maporacle,38e1456,hodr@ea88247,hodr,ea88247,aurora,all_official,1,0,rating,a,a,1.0,core_destroyed,64,,30,310,8,21,18,220,7,23,ok,,3.851,n-62-21-64,29052208,2026-08-08T08:38:01+0200
f10ea4963a0b1584,auto-a1214efd9c98,hodr@ea88247,hodr,ea88247,tyr@2e6c876,tyr,2e6c876,skerry,all_official,1,0,rating,a,a,1.0,core_destroyed,282,,92,2930,22,35,57,2200,7,26,ok,,13.057,n-62-11-60,29052208,2026-08-08T08:40:50+0200
f12b19c9b4d8e7e1,auto-a1214efd9c98,hodr@ea88247,hodr,ea88247,mjolnir@2e6c876,mjolnir,2e6c876,quarry,all_official,1,0,rating,a,a,1.0,core_destroyed,120,,23,760,9,30,12,370,7,25,ok,,4.454,n-62-31-10,29052208,2026-08-08T08:38:50+0200
f18d8a5fa0fda55a,auto-a1214efd9c98,steward_hardened_reinforced@a994296,steward_hardened_reinforced,a994296,hodr@ea88247,hodr,ea88247,crossfire,all_official,1,0,rating,a,a,1.0,core_destroyed,377,,106,3070,21,41,9,50,2,3,ok,,8.132,n-62-31-18,29052208,2026-08-08T08:40:24+0200
f1bc3956645a0980,auto-a1214efd9c98,hodr@ea88247,hodr,ea88247,mimir@cfc1ec4,mimir,cfc1ec4,string,all_official,1,0,rating,b,b,0.0,core_destroyed,424,,81,30,3,2,97,3030,20,13,ok,,11.608,n-62-31-23,29052208,2026-08-08T08:39:17+0200
f1f8a10c9719134d,auto-a1214efd9c98,janus@8a1e7a1,janus,8a1e7a1,hodr@ea88247,hodr,ea88247,atoll,all_official,1,0,rating,b,b,0.0,core_destroyed,154,,8,430,7,12,37,720,7,17,ok,,4.685,n-62-21-1,29052208,2026-08-08T08:38:44+0200
f21442c75920259c,auto-a1214efd9c98,prospect@bf9b3e3,prospect,bf9b3e3,hodr@ea88247,hodr,ea88247,saga,all_official,1,0,rating,b,b,0.0,core_destroyed,85,,8,260,8,28,17,220,8,17,ok,,3.704,n-62-11-57,29052208,2026-08-08T08:39:20+0200
f22ef75d7eec53cb,auto-a1214efd9c98,janus@8a1e7a1,janus,8a1e7a1,hodr@ea88247,hodr,ea88247,quarry,all_official,1,0,rating,b,b,0.0,core_destroyed,82,,9,530,9,33,18,410,8,20,ok,,4.299,n-62-21-6,29052208,2026-08-08T08:38:17+0200
f2422e1048c61eed,auto-a1214efd9c98,aegis@e55aab5,aegis,e55aab5,hodr@ea88247,hodr,ea88247,pinch,all_official,1,0,rating,b,b,0.0,core_destroyed,260,,12,110,8,8,19,630,7,8,ok,,4.006,n-62-31-22,29052208,2026-08-08T08:38:32+0200
f27b5fa4bc318e32,auto-a1214efd9c98,hodr@ea88247,hodr,ea88247,gobbleglitch@6cdc440,gobbleglitch,6cdc440,antler,all_official,1,0,rating,a,a,1.0,core_destroyed,126,,22,760,10,12,58,170,5,2,ok,,3.86,n-62-11-52,29052208,2026-08-08T08:38:04+0200
f27c420d24f3d8ac,auto-a1214efd9c98,fenrir2@6b39ebb,fenrir2,6b39ebb,hodr@ea88247,hodr,ea88247,twins,all_official,1,0,rating,a,a,1.0,core_destroyed,171,,69,1030,11,45,96,390,6,25,ok,,5.512,n-62-29-27,29052208,2026-08-08T08:38:38+0200
f2801f7c6b655cf7,auto-a1214efd9c98,hodr@ea88247,hodr,ea88247,mjolnir@2e6c876,mjolnir,2e6c876,moonrise,all_official,1,0,rating,a,a,1.0,core_destroyed,125,,18,540,7,11,10,330,6,9,ok,,3.174,n-62-31-9,29052208,2026-08-08T08:39:05+0200
f2a4b141a92f6354,auto-a1214efd9c98,steward_hardened_reinforced@04300bf,steward_hardened_reinforced,04300bf,hodr@ea88247,hodr,ea88247,antler,all_official,1,0,rating,b,b,0.0,core_destroyed,56,,20,290,6,13,18,230,7,14,ok,,3.233,n-62-29-21,29052208,2026-08-08T08:40:21+0200
f2d931ea9db1f72e,auto-a1214efd9c98,jotunn@6b39ebb,jotunn,6b39ebb,hodr@ea88247,hodr,ea88247,aurora,all_official,1,0,rating,b,b,0.0,core_destroyed,102,,54,560,10,32,32,420,9,28,ok,,4.445,n-62-21-23,29052208,2026-08-08T08:39:21+0200
f2db6e4f8a3e5aff,auto-a1214efd9c98,bastion@840a180,bastion,840a180,hodr@ea88247,hodr,ea88247,skerry,all_official,1,0,rating,b,b,0.0,core_destroyed,69,,2,430,10,27,49,330,6,17,ok,,3.714,n-62-11-63,29052208,2026-08-08T08:38:15+0200
f3169d5ff521436e,auto-a1214efd9c98,hodr@ea88247,hodr,ea88247,prospect@bf9b3e3,prospect,bf9b3e3,sweden,all_official,1,0,rating,a,a,1.0,core_destroyed,797,,10,0,18,8,5753,6930,8,9,ok,,19.625,n-62-21-89,29052208,2026-08-08T08:39:04+0200
f32f4aa5a9831899,auto-a1214efd9c98,freyr@c2c0d3d,freyr,c2c0d3d,hodr@ea88247,hodr,ea88247,atoll,all_official,1,0,rating,a,a,1.0,core_destroyed,91,,13,400,8,17,16,400,9,8,ok,,4.153,n-62-29-34,29052208,2026-08-08T08:38:15+0200
f3414f008d8a33da,auto-a1214efd9c98,hodr@ea88247,hodr,ea88247,steward_reinforced@a8dc58a,steward_reinforced,a8dc58a,string,all_official,1,0,rating,a,a,1.0,core_destroyed,168,,19,370,7,3,16,0,6,3,ok,,3.969,n-62-31-24,29052208,2026-08-08T08:40:43+0200
f360bd9828f54d06,auto-a1214efd9c98,prospect_rushonly@bf9b3e3,prospect_rushonly,bf9b3e3,hodr@ea88247,hodr,ea88247,fjord,all_official,1,0,rating,b,b,0.0,core_destroyed,48,,23,250,10,13,30,280,6,18,ok,,3.404,n-62-12-1,29052208,2026-08-08T08:39:13+0200
f36a3b1bf6418536,auto-a1214efd9c98,steward_hardened_reinforced@672ee02,steward_hardened_reinforced,672ee02,hodr@ea88247,hodr,ea88247,showdown,all_official,1,0,rating,a,a,1.0,core_destroyed,69,,9,230,6,14,9,120,6,16,ok,,2.907,n-62-31-23,29052208,2026-08-08T08:40:05+0200
f3748e7af68dde72,auto-a1214efd9c98,hodr@ea88247,hodr,ea88247,skadi@aad5f44,skadi,aad5f44,antler,all_official,1,0,rating,a,a,1.0,core_destroyed,74,,6,320,6,8,60,320,5,9,ok,,3.422,n-62-11-60,29052208,2026-08-08T08:40:24+0200
f377d5d2452437d0,auto-a1214efd9c98,skadi@1e4eddf,skadi,1e4eddf,hodr@ea88247,hodr,ea88247,snowflake,all_official,1,0,rating,a,a,1.0,core_destroyed,159,,33,1370,12,34,24,370,7,22,ok,,6.549,n-62-21-24,29052208,2026-08-08T08:39:06+0200
f37e8b70b9d7f25e,auto-a1214efd9c98,spar_mender@d5b46bc,spar_mender,d5b46bc,hodr@ea88247,hodr,ea88247,atoll,all_official,1,0,rating,a,a,1.0,core_destroyed,225,,68,1040,15,20,10,1060,9,41,ok,,6.758,n-62-28-31,29052208,2026-08-08T08:39:50+0200
f3806877a29845c7,auto-a1214efd9c98,steward_hardened_reinforced@cdc552f,steward_hardened_reinforced,cdc552f,hodr@ea88247,hodr,ea88247,longship,all_official,1,0,rating,b,b,0.0,core_destroyed,197,,9,470,8,14,8,490,6,22,ok,,5.778,n-62-11-66,29052208,2026-08-08T08:40:27+0200
f38733013e05e2a1,auto-a1214efd9c98,gefjon@f66a427,gefjon,f66a427,hodr@ea88247,hodr,ea88247,archipelago,all_official,1,0,rating,a,a,1.0,core_destroyed,67,,18,480,8,25,0,160,8,13,ok,,4.046,n-62-31-7,29052208,2026-08-08T08:38:36+0200
f39769d6b1a4b581,auto-a1214efd9c98,hodr@ea88247,hodr,ea88247,steward_hardened_reinforced@672ee02,steward_hardened_reinforced,672ee02,eider,all_official,1,0,rating,a,a,1.0,core_destroyed,122,,28,770,7,16,8,250,6,8,ok,,3.967,n-62-31-13,29052208,2026-08-08T08:39:48+0200
f3a36ae64fb5ff7f,auto-a1214efd9c98,hodr@ea88247,hodr,ea88247,steward_hardened_reinforced@672ee02,steward_hardened_reinforced,672ee02,vault,all_official,1,0,rating,b,b,0.0,core_destroyed,157,,48,730,10,14,24,740,12,22,ok,,6.998,n-62-31-7,29052208,2026-08-08T08:39:59+0200
f3a764c398ebd5cc,auto-a1214efd9c98,undertow@fdc1e1f,undertow,fdc1e1f,hodr@ea88247,hodr,ea88247,aurora,all_official,1,0,rating,a,a,1.0,core_destroyed,97,,70,750,9,41,9,300,9,28,ok,,4.625,n-62-11-57,29052208,2026-08-08T08:40:48+0200
f3bef6e97585d146,auto-a1214efd9c98,skadi@6a2af02,skadi,6a2af02,hodr@ea88247,hodr,ea88247,string,all_official,1,0,rating,b,b,0.0,core_destroyed,181,,270,940,7,7,112,1140,7,15,ok,,5.451,n-62-31-21,29052208,2026-08-08T08:39:32+0200
f3c1ee56e8f6f02d,auto-a1214efd9c98,prospect@bf9b3e3,prospect,bf9b3e3,hodr@ea88247,hodr,ea88247,showdown,all_official,1,0,rating,a,a,1.0,titanium_collected,1000,,16,400,5,14,16,40,5,8,ok,,5.027,n-62-11-57,29052208,2026-08-08T08:39:31+0200
f3c52c95eb269c1e,auto-a1214efd9c98,ragnarok_fair@79582fc,ragnarok_fair,79582fc,hodr@ea88247,hodr,ea88247,jackpot,all_official,1,0,rating,b,b,0.0,core_destroyed,106,,256,450,6,12,60,420,8,16,ok,,4.608,n-62-21-4,29052208,2026-08-08T08:39:13+0200
f3d5072ef2ef2fa2,auto-a1214efd9c98,hodr@ea88247,hodr,ea88247,heimdall@daf0de0,heimdall,daf0de0,bridge,all_official,1,0,rating,b,b,0.0,core_destroyed,165,,80,0,10,11,10,10,6,9,ok,,4.573,n-62-12-7,29052208,2026-08-08T08:38:21+0200
f3e4f8fc5cd2adfb,auto-a1214efd9c98,hodr@ea88247,hodr,ea88247,steward_hardened_reinforced@deba9ec,steward_hardened_reinforced,deba9ec,twins,all_official,1,0,rating,b,b,0.0,core_destroyed,241,,10,80,9,6,9,0,8,4,ok,,5.022,n-62-12-8,29052208,2026-08-08T08:40:49+0200
f3ec842691579ece,auto-a1214efd9c98,hodr@ea88247,hodr,ea88247,fenrir2@6b39ebb,fenrir2,6b39ebb,twins,all_official,1,0,rating,a,a,1.0,core_destroyed,95,,11,250,7,15,10,210,8,9,ok,,3.947,n-62-29-27,29052208,2026-08-08T08:38:33+0200
f40e8ca79ef254f4,auto-a1214efd9c98,pantheon_replica_day3@aa8bae0,pantheon_replica_day3,aa8bae0,hodr@ea88247,hodr,ea88247,nordkap,all_official,1,0,rating,b,b,0.0,core_destroyed,173,,10,400,9,12,8,70,8,7,ok,,4.121,n-62-31-7,29052208,2026-08-08T08:38:57+0200
f42dec348b4b65b1,auto-a1214efd9c98,aegis@e55aab5,aegis,e55aab5,hodr@ea88247,hodr,ea88247,bridge,all_official,1,0,rating,a,a,1.0,core_destroyed,657,,1645,4670,13,25,50,0,6,2,ok,,14.25,n-62-31-5,29052208,2026-08-08T08:38:48+0200
f46be10aed8fdd9f,auto-a1214efd9c98,hodr@ea88247,hodr,ea88247,bastion@840a180,bastion,840a180,bridge,all_official,1,0,rating,a,a,1.0,core_destroyed,417,,10,0,7,8,60,170,6,12,ok,,8.831,n-62-11-60,29052208,2026-08-08T08:38:18+0200
f46f678a6b54cc97,auto-a1214efd9c98,ragnarok_fair@79582fc,ragnarok_fair,79582fc,hodr@ea88247,hodr,ea88247,aurora,all_official,1,0,rating,a,a,1.0,core_destroyed,113,,9,490,10,29,9,260,7,20,ok,,4.883,n-62-21-1,29052208,2026-08-08T08:38:57+0200
f4cc8a1775dba8d7,auto-a1214efd9c98,steward_hardened_reinforced@a994296,steward_hardened_reinforced,a994296,hodr@ea88247,hodr,ea88247,strait,all_official,1,0,rating,a,a,1.0,titanium_collected,1000,,16,730,7,13,16,70,7,6,ok,,9.844,n-62-11-67,29052208,2026-08-08T08:40:35+0200
f4dcc940e22ff8e5,auto-a1214efd9c98,janus@8a1e7a1,janus,8a1e7a1,hodr@ea88247,hodr,ea88247,skerry,all_official,1,0,rating,b,b,0.0,core_destroyed,69,,2,410,9,17,8,210,8,15,ok,,4.355,n-62-21-9,29052208,2026-08-08T08:38:14+0200
f4f57990f072cc92,auto-a1214efd9c98,hodr@ea88247,hodr,ea88247,prospect_rushonly@bf9b3e3,prospect_rushonly,bf9b3e3,lighthouse,all_official,1,0,rating,a,a,1.0,core_destroyed,88,,39,360,7,12,49,50,7,5,ok,,3.212,n-62-12-5,29052208,2026-08-08T08:39:21+0200
f53ea798983e65ae,auto-a1214efd9c98,hodr@ea88247,hodr,ea88247,heimdall@daf0de0,heimdall,daf0de0,fjordgate,all_official,1,0,rating,a,a,1.0,titanium_collected,1000,,16,10,6,2,20,0,8,2,ok,,6.289,n-62-12-8,29052208,2026-08-08T08:38:36+0200
f5437e8eb5620455,auto-a1214efd9c98,hodr@ea88247,hodr,ea88247,gefjon@f66a427,gefjon,f66a427,hive,all_official,1,0,rating,a,a,1.0,core_destroyed,158,,8,370,6,25,9,560,10,20,ok,,5.945,n-62-31-20,29052208,2026-08-08T08:37:57+0200
f557d148f29af4ec,auto-a1214efd9c98,hodr@ea88247,hodr,ea88247,mimir@cfc1ec4,mimir,cfc1ec4,vault,all_official,1,0,rating,b,b,0.0,core_destroyed,134,,6,430,11,13,18,630,9,21,ok,,5.27,n-62-31-24,29052208,2026-08-08T08:38:54+0200
f5ad12b8a0552db6,auto-a1214efd9c98,hodr@ea88247,hodr,ea88247,heimdall@daf0de0,heimdall,daf0de0,twins,all_official,1,0,rating,a,a,1.0,core_destroyed,100,,16,260,8,11,20,280,9,12,ok,,3.521,n-62-12-6,29052208,2026-08-08T08:38:55+0200
f5ad62ec17b6b8a5,auto-a1214efd9c98,hodr@ea88247,hodr,ea88247,odin@38e1456,odin,38e1456,pinch,all_official,1,0,rating,b,b,0.0,core_destroyed,321,,187,1560,10,27,10,1010,5,11,ok,,8.63,n-62-29-9,29052208,2026-08-08T08:38:55+0200
f5b3a2744fa5715d,auto-a1214efd9c98,steward_relent@7ed1acc,steward_relent,7ed1acc,hodr@ea88247,hodr,ea88247,fjordgate,all_official,1,0,rating,a,a,1.0,core_destroyed,213,,30,990,7,23,7,10,5,4,ok,,3.861,n-62-29-13,29052208,2026-08-08T08:40:36+0200
f5d8755c792c413a,auto-a1214efd9c98,fenrir2@6b39ebb,fenrir2,6b39ebb,hodr@ea88247,hodr,ea88247,runestone,all_official,1,0,rating,b,b,0.0,core_destroyed,93,,10,170,8,10,8,200,8,19,ok,,3.467,n-62-29-31,29052208,2026-08-08T08:38:30+0200
f5e6998713aafe3e,auto-a1214efd9c98,skadi@821d792,skadi,821d792,hodr@ea88247,hodr,ea88247,sweden,all_official,1,0,rating,a,a,1.0,core_destroyed,397,,20,2780,22,20,32,50,6,1,ok,,24.362,n-62-11-60,29052208,2026-08-08T08:39:36+0200
f5e8ffefa5a4f464,auto-a1214efd9c98,pantheon_replica_day3@aa8bae0,pantheon_replica_day3,aa8bae0,hodr@ea88247,hodr,ea88247,vault,all_official,1,0,rating,b,b,0.0,core_destroyed,61,,10,230,9,21,9,260,9,17,ok,,4.118,n-62-31-19,29052208,2026-08-08T08:38:52+0200
f5f483b8dfc4d08f,auto-a1214efd9c98,pantheon_replica_day3@aa8bae0,pantheon_replica_day3,aa8bae0,hodr@ea88247,hodr,ea88247,moonrise,all_official,1,0,rating,a,a,1.0,core_destroyed,157,,9,360,7,9,9,180,4,9,ok,,3.269,n-62-31-7,29052208,2026-08-08T08:38:49+0200
f60001411197304b,auto-a1214efd9c98,hodr@ea88247,hodr,ea88247,skadi@aad5f44,skadi,aad5f44,meander,all_official,1,0,rating,b,b,0.0,core_destroyed,176,,16,0,6,6,19,360,6,12,ok,,3.028,n-62-11-63,29052208,2026-08-08T08:39:08+0200
f6035a44dafd610c,auto-a1214efd9c98,hodr@ea88247,hodr,ea88247,casemate_oracle@90fc9f3,casemate_oracle,90fc9f3,drumlin,all_official,1,0,rating,a,a,1.0,core_destroyed,121,,383,1380,10,47,34,0,6,36,ok,,5.409,n-62-21-92,29052208,2026-08-08T08:38:14+0200
f616089d9a735045,auto-a1214efd9c98,gobbleglitch@6cdc440,gobbleglitch,6cdc440,hodr@ea88247,hodr,ea88247,sprint,all_official,1,0,rating,a,a,1.0,titanium_collected,1000,,67,80,7,7,19,0,7,10,ok,,4.937,n-62-12-1,29052208,2026-08-08T08:38:17+0200
f630fcef968ba406,auto-a1214efd9c98,mistral@90fc9f3,mistral,90fc9f3,hodr@ea88247,hodr,ea88247,twins,all_official,1,0,rating,b,b,0.0,core_destroyed,50,,28,0,9,0,8,90,8,8,ok,,4.136,n-62-11-64,29052208,2026-08-08T08:39:13+0200
f64cbbdd597fed6e,auto-a1214efd9c98,hodr@ea88247,hodr,ea88247,mistral@90fc9f3,mistral,90fc9f3,fjord,all_official,1,0,rating,a,a,1.0,core_destroyed,61,,71,380,8,28,60,0,7,0,ok,,5.861,n-62-11-60,29052208,2026-08-08T08:38:58+0200
f652979d8253c60f,auto-a1214efd9c98,hodr@ea88247,hodr,ea88247,skadi@1e4eddf,skadi,1e4eddf,lighthouse,all_official,1,0,rating,a,a,1.0,core_destroyed,78,,9,320,7,9,4,60,6,9,ok,,3.358,n-62-21-5,29052208,2026-08-08T08:40:17+0200
f6591a2fb88a13df,auto-a1214efd9c98,skadi@1e4eddf,skadi,1e4eddf,hodr@ea88247,hodr,ea88247,heart,all_official,1,0,rating,b,b,0.0,core_destroyed,253,,10,0,4,13,9,60,6,10,ok,,5.505,n-62-21-5,29052208,2026-08-08T08:39:18+0200
f662285c83f2ec10,auto-a1214efd9c98,jotunn@6b39ebb,jotunn,6b39ebb,hodr@ea88247,hodr,ea88247,sweden,all_official,1,0,rating,b,b,0.0,core_destroyed,299,,56,240,9,24,46,710,9,15,ok,,12.13,n-62-21-69,29052208,2026-08-08T08:38:40+0200
f66e52371cbcea5d,auto-a1214efd9c98,hodr@ea88247,hodr,ea88247,fenrir2@6b39ebb,fenrir2,6b39ebb,atoll,all_official,1,0,rating,a,a,1.0,core_destroyed,302,,6,800,9,10,8,820,9,6,ok,,6.137,n-62-29-16,29052208,2026-08-08T08:38:46+0200
f678cad0bc573f62,auto-a1214efd9c98,jotunn@6b39ebb,jotunn,6b39ebb,hodr@ea88247,hodr,ea88247,vault,all_official,1,0,rating,b,b,0.0,core_destroyed,105,,50,250,9,30,10,480,12,21,ok,,5.505,n-62-21-69,29052208,2026-08-08T08:39:39+0200
f6842dff8324e217,auto-a1214efd9c98,steward_hardened_reinforced@366cd1b,steward_hardened_reinforced,366cd1b,hodr@ea88247,hodr,ea88247,twins,all_official,1,0,rating,a,a,1.0,core_destroyed,120,,20,280,8,9,14,160,8,14,ok,,3.842,n-62-31-17,29052208,2026-08-08T08:40:18+0200
f68fbdb648fe10e9,auto-a1214efd9c98,odin@93e46da,odin,93e46da,hodr@ea88247,hodr,ea88247,aurora,all_official,1,0,rating,a,a,1.0,core_destroyed,107,,20,400,7,23,38,440,9,23,ok,,4.409,n-62-29-27,29052208,2026-08-08T08:39:14+0200
f6b09c78b3f476ec,auto-a1214efd9c98,lockin@90fc9f3,lockin,90fc9f3,hodr@ea88247,hodr,ea88247,crossfire,all_official,1,0,rating,b,b,0.0,core_destroyed,70,,343,60,6,2,10,160,9,13,ok,,4.556,n-62-21-56,29052208,2026-08-08T08:38:40+0200
f6bf94508d4c999b,auto-a1214efd9c98,hodr@ea88247,hodr,ea88247,steward_hardened_reinforced@f1f2bda,steward_hardened_reinforced,f1f2bda,quarry,all_official,1,0,rating,b,b,0.0,core_destroyed,989,,8,630,7,22,10,2680,9,22,ok,,7.527,n-62-12-3,29052208,2026-08-08T08:40:38+0200
f6c19bc8a5800b6e,auto-a1214efd9c98,janus@8a1e7a1,janus,8a1e7a1,hodr@ea88247,hodr,ea88247,meander,all_official,1,0,rating,a,a,1.0,titanium_collected,1000,,16,110,5,4,16,0,7,14,ok,,7.802,n-62-21-4,29052208,2026-08-08T08:38:38+0200
f6d387f45c59ef6d,auto-a1214efd9c98,lockin@90fc9f3,lockin,90fc9f3,hodr@ea88247,hodr,ea88247,vault,all_official,1,0,rating,b,b,0.0,core_destroyed,57,,174,180,11,6,10,240,9,21,ok,,6.346,n-62-21-63,29052208,2026-08-08T08:38:09+0200
f6ddd1f3ade96f4f,auto-a1214efd9c98,hodr@ea88247,hodr,ea88247,jonbot_190003d@90fc9f3,jonbot_190003d,90fc9f3,meander,all_official,1,0,rating,b,b,0.0,core_destroyed,309,,10,0,4,7,59,150,10,10,ok,,4.139,n-62-21-16,29052208,2026-08-08T08:38:29+0200
f701cc1506eb7b04,auto-a1214efd9c98,gefjon@f66a427,gefjon,f66a427,hodr@ea88247,hodr,ea88247,string,all_official,1,0,rating,b,b,0.0,core_destroyed,215,,253,550,8,8,10,530,8,6,ok,,6.311,n-62-11-50,29052208,2026-08-08T08:38:16+0200
f7062951dd0123da,auto-a1214efd9c98,hodr@ea88247,hodr,ea88247,steward_hardened_reinforced@672ee02,steward_hardened_reinforced,672ee02,heart,all_official,1,0,rating,a,a,1.0,titanium_collected,1000,,16,120,7,11,16,0,7,1,ok,,8.791,n-62-31-4,29052208,2026-08-08T08:39:38+0200
f722c40bb82e4df5,auto-a1214efd9c98,hodr@ea88247,hodr,ea88247,gefjon@f66a427,gefjon,f66a427,archipelago,all_official,1,0,rating,b,b,0.0,core_destroyed,92,,68,630,8,27,54,920,10,25,ok,,4.526,n-62-31-7,29052208,2026-08-08T08:38:32+0200
f729588b320c9b82,auto-a1214efd9c98,fenrir2@6b39ebb,fenrir2,6b39ebb,hodr@ea88247,hodr,ea88247,drumlin,all_official,1,0,rating,b,b,0.0,core_destroyed,94,,8,90,8,14,70,800,9,22,ok,,3.727,n-62-29-21,29052208,2026-08-08T08:38:57+0200
f739aae226765d70,auto-a1214efd9c98,pantheon_replica_day3@aa8bae0,pantheon_replica_day3,aa8bae0,hodr@ea88247,hodr,ea88247,crossfire,all_official,1,0,rating,b,b,0.0,core_destroyed,115,,7,200,6,2,10,520,6,7,ok,,4.029,n-62-31-13,29052208,2026-08-08T08:39:18+0200
f73ad0d7244a9436,auto-a1214efd9c98,hodr@ea88247,hodr,ea88247,undertow@fdc1e1f,undertow,fdc1e1f,nordkap,all_official,1,0,rating,a,a,1.0,core_destroyed,85,,9,350,8,22,59,170,10,8,ok,,3.663,n-62-11-61,29052208,2026-08-08T08:40:44+0200
f749efb6baec2159,auto-a1214efd9c98,mjolnir@2e6c876,mjolnir,2e6c876,hodr@ea88247,hodr,ea88247,eider,all_official,1,0,rating,b,b,0.0,core_destroyed,64,,19,140,7,10,19,260,8,11,ok,,3.177,n-62-11-63,29052208,2026-08-08T08:40:01+0200
f751d86aec336dc6,auto-a1214efd9c98,hodr@ea88247,hodr,ea88247,steward_hardened_reinforced@f1f2bda,steward_hardened_reinforced,f1f2bda,atoll,all_official,1,0,rating,a,a,1.0,core_destroyed,91,,13,400,8,17,16,400,9,8,ok,,4.181,n-62-12-2,29052208,2026-08-08T08:40:00+0200
f7569dfc29cae23d,auto-a1214efd9c98,hodr@ea88247,hodr,ea88247,janus@8a1e7a1,janus,8a1e7a1,snowflake,all_official,1,0,rating,a,a,1.0,core_destroyed,53,,18,340,8,18,39,180,6,12,ok,,3.732,n-62-21-9,29052208,2026-08-08T08:38:18+0200
f795faaaae1b6008,auto-a1214efd9c98,hodr@ea88247,hodr,ea88247,odin@38e1456,odin,38e1456,antler,all_official,1,0,rating,b,b,0.0,core_destroyed,101,,17,330,8,5,9,240,6,7,ok,,3.467,n-62-29-15,29052208,2026-08-08T08:39:00+0200
f796cfcabb72fe84,auto-a1214efd9c98,pantheon_replica_day3@aa8bae0,pantheon_replica_day3,aa8bae0,hodr@ea88247,hodr,ea88247,saga,all_official,1,0,rating,b,b,0.0,core_destroyed,88,,50,360,8,22,87,360,7,26,ok,,4.373,n-62-31-18,29052208,2026-08-08T08:38:52+0200
f79ef687f78577be,auto-a1214efd9c98,hodr@ea88247,hodr,ea88247,steward_reinforced@a8dc58a,steward_reinforced,a8dc58a,antler,all_official,1,0,rating,a,a,1.0,core_destroyed,84,,50,510,5,23,36,610,8,20,ok,,4.337,n-62-29-16,29052208,2026-08-08T08:40:03+0200
f7bda1f6d5cfbe13,auto-a1214efd9c98,aegis@e55aab5,aegis,e55aab5,hodr@ea88247,hodr,ea88247,heart,all_official,1,0,rating,b,b,0.0,core_destroyed,117,,10,0,8,7,9,40,6,5,ok,,3.268,n-62-31-21,29052208,2026-08-08T08:38:06+0200
f7ceaeafbbd3b8c1,auto-a1214efd9c98,hodr@ea88247,hodr,ea88247,freyr@c2c0d3d,freyr,c2c0d3d,atoll,all_official,1,0,rating,a,a,1.0,core_destroyed,91,,13,400,8,17,16,400,9,8,ok,,4.236,n-62-29-34,29052208,2026-08-08T08:38:11+0200
f7e9ff07740b3efe,auto-a1214efd9c98,ragnarok_fair@79582fc,ragnarok_fair,79582fc,hodr@ea88247,hodr,ea88247,atoll,all_official,1,0,rating,b,b,0.0,core_destroyed,73,,10,310,8,14,8,300,8,13,ok,,3.737,n-62-12-6,29052208,2026-08-08T08:39:25+0200
f818b7910723e0f0,auto-a1214efd9c98,tempest_reinforcements@38f9c23,tempest_reinforcements,38f9c23,hodr@ea88247,hodr,ea88247,nordkap,all_official,1,0,rating,b,b,0.0,core_destroyed,45,,10,90,10,4,6,140,7,12,ok,,3.729,n-62-31-20,29052208,2026-08-08T08:40:48+0200
f84ddc1b4ca2ada2,auto-a1214efd9c98,hodr@ea88247,hodr,ea88247,e_t4l7@9e77076,e_t4l7,9e77076,moonrise,all_official,1,0,rating,a,a,1.0,core_destroyed,407,,8,1940,6,21,2018,2720,7,23,ok,,4.447,n-62-28-34,29052208,2026-08-08T08:38:10+0200
f86099f3ac1fdde1,auto-a1214efd9c98,skadi@821d792,skadi,821d792,hodr@ea88247,hodr,ea88247,atoll,all_official,1,0,rating,b,b,0.0,titanium_collected,1000,,17,3220,9,19,28,4950,12,10,ok,,12.17,n-62-31-22,29052208,2026-08-08T08:39:53+0200
f860ecd38f148364,auto-a1214efd9c98,prospect_rushonly@bf9b3e3,prospect_rushonly,bf9b3e3,hodr@ea88247,hodr,ea88247,antler,all_official,1,0,rating,b,b,0.0,core_destroyed,61,,9,250,7,9,19,260,7,10,ok,,2.948,n-62-21-89,29052208,2026-08-08T08:39:44+0200
f878a3e97e37c580,auto-a1214efd9c98,steward_hardened_reinforced@deba9ec,steward_hardened_reinforced,deba9ec,hodr@ea88247,hodr,ea88247,saga,all_official,1,0,rating,b,b,0.0,core_destroyed,181,,8,180,8,20,77,1390,12,24,ok,,7.236,n-62-12-5,29052208,2026-08-08T08:40:49+0200
f8861a0e5d9c69ed,auto-a1214efd9c98,hodr@ea88247,hodr,ea88247,jonbot@90fc9f3,jonbot,90fc9f3,jackpot,all_official,1,0,rating,a,a,1.0,core_destroyed,162,,20,740,14,27,693,370,2,28,ok,,5.465,n-62-21-11,29052208,2026-08-08T08:38:19+0200
f8de6ff9ea6f31b6,auto-a1214efd9c98,steward_hardened_reinforced@deba9ec,steward_hardened_reinforced,deba9ec,hodr@ea88247,hodr,ea88247,fjordgate,all_official,1,0,rating,b,b,0.0,core_destroyed,138,,10,0,6,1,8,210,7,6,ok,,4.627,n-62-31-10,29052208,2026-08-08T08:40:04+0200
f8f08b2ea6705d89,auto-a1214efd9c98,hodr@ea88247,hodr,ea88247,steward_hardened_reinforced@c04e46e,steward_hardened_reinforced,c04e46e,heart,all_official,1,0,rating,b,b,0.0,titanium_stored,1000,,16,0,8,7,19,0,6,3,ok,,7.882,n-62-11-52,29052208,2026-08-08T08:39:48+0200
f8fa81770bd2bab1,auto-a1214efd9c98,hodr@ea88247,hodr,ea88247,spar_mender@7ed1acc,spar_mender,7ed1acc,twins,all_official,1,0,rating,a,a,1.0,core_destroyed,174,,46,870,8,21,63,580,11,13,ok,,6.096,n-62-28-28,29052208,2026-08-08T08:40:21+0200
f93d376401a1328e,auto-a1214efd9c98,steward_hardened_reinforced@deba9ec,steward_hardened_reinforced,deba9ec,hodr@ea88247,hodr,ea88247,lighthouse,all_official,1,0,rating,b,b,0.0,core_destroyed,89,,9,310,8,7,18,380,7,11,ok,,3.54,n-62-12-1,29052208,2026-08-08T08:39:57+0200
f95f3063384baf6a,auto-a1214efd9c98,steward_hardened_reinforced@672ee02,steward_hardened_reinforced,672ee02,hodr@ea88247,hodr,ea88247,duel,all_official,1,0,rating,a,a,1.0,core_destroyed,77,,10,220,7,7,48,340,4,6,ok,,2.821,n-62-31-13,29052208,2026-08-08T08:39:44+0200
f98788069024d8ad,auto-a1214efd9c98,hodr@ea88247,hodr,ea88247,lockin@90fc9f3,lockin,90fc9f3,archipelago,all_official,1,0,rating,a,a,1.0,core_destroyed,55,,20,300,7,29,630,0,0,0,ok,,2.505,n-62-21-56,29052208,2026-08-08T08:37:54+0200
f999d1f7d90cd3c3,auto-a1214efd9c98,hodr@ea88247,hodr,ea88247,tempest_reinforcements@025dd51,tempest_reinforcements,025dd51,longship,all_official,1,0,rating,b,b,0.0,core_destroyed,513,,10,200,7,15,59,220,10,10,ok,,6.019,n-62-30-25,29052208,2026-08-08T08:40:33+0200
f99afc99ad7083a7,auto-a1214efd9c98,hodr@ea88247,hodr,ea88247,steward_relent@7ed1acc,steward_relent,7ed1acc,hive,all_official,1,0,rating,b,b,0.0,core_destroyed,56,,18,120,9,19,16,180,8,23,ok,,3.796,n-62-11-68,29052208,2026-08-08T08:40:12+0200
f9a67dac01063ced,auto-a1214efd9c98,hodr@ea88247,hodr,ea88247,steward_hardened_reinforced@f1f2bda,steward_hardened_reinforced,f1f2bda,vault,all_official,1,0,rating,b,b,0.0,core_destroyed,131,,8,430,11,13,9,610,9,21,ok,,5.551,n-62-31-14,29052208,2026-08-08T08:40:06+0200
f9ee9b4f1d77ad6b,auto-a1214efd9c98,bastion@840a180,bastion,840a180,hodr@ea88247,hodr,ea88247,nordkap,all_official,1,0,rating,b,b,0.0,core_destroyed,62,,6,130,7,7,16,220,7,11,ok,,3.654,n-62-11-61,29052208,2026-08-08T08:38:06+0200
f9fb0c9fb2f28f33,auto-a1214efd9c98,hodr@ea88247,hodr,ea88247,skadi@aad5f44,skadi,aad5f44,saga,all_official,1,0,rating,b,b,0.0,core_destroyed,127,,119,490,6,29,29,1260,13,39,ok,,4.769,n-62-11-64,29052208,2026-08-08T08:39:18+0200
fa0a253d6975fff8,auto-a1214efd9c98,spar_mender@d5b46bc,spar_mender,d5b46bc,hodr@ea88247,hodr,ea88247,heart,all_official,1,0,rating,a,draw,0.5,coinflip,1000,,16,0,8,1,16,0,7,6,ok,,8.763,n-62-28-34,29052208,2026-08-08T08:39:50+0200
fa1515d487df61b9,auto-a1214efd9c98,odin@38e1456,odin,38e1456,hodr@ea88247,hodr,ea88247,archipelago,all_official,1,0,rating,b,b,0.0,core_destroyed,81,,43,540,9,34,5,240,9,14,ok,,4.318,n-62-29-15,29052208,2026-08-08T08:39:12+0200
fa1ab94239e95507,auto-a1214efd9c98,hodr@ea88247,hodr,ea88247,fenrir2@6b39ebb,fenrir2,6b39ebb,showdown,all_official,1,0,rating,a,a,1.0,core_destroyed,143,,7,50,7,11,10,0,7,6,ok,,4.581,n-62-29-33,29052208,2026-08-08T08:37:56+0200
fa233b8f15219814,auto-a1214efd9c98,strategist@2a19238,strategist,2a19238,hodr@ea88247,hodr,ea88247,antler,all_official,1,0,rating,a,a,1.0,titanium_collected,1000,,4252,4960,15,24,16,2490,8,10,ok,,6.863,n-62-11-63,29052208,2026-08-08T08:40:32+0200
fa340c91ea005536,auto-a1214efd9c98,hodr@ea88247,hodr,ea88247,jonbot_190003d@90fc9f3,jonbot_190003d,90fc9f3,duel,all_official,1,0,rating,b,b,0.0,core_destroyed,186,,8,230,7,7,58,450,6,6,ok,,3.874,n-62-21-15,29052208,2026-08-08T08:37:55+0200
fa3ddf9c2637f540,auto-a1214efd9c98,odin@93e46da,odin,93e46da,hodr@ea88247,hodr,ea88247,runestone,all_official,1,0,rating,b,b,0.0,core_destroyed,93,,10,170,8,10,8,200,8,19,ok,,3.68,n-62-30-23,29052208,2026-08-08T08:38:57+0200
fa5c136a315bfa98,auto-a1214efd9c98,hodr@ea88247,hodr,ea88247,steward_hardened_reinforced@a994296,steward_hardened_reinforced,a994296,showdown,all_official,1,0,rating,a,a,1.0,core_destroyed,489,,9,170,7,14,10,190,6,2,ok,,5.769,n-62-11-67,29052208,2026-08-08T08:39:39+0200
fa5d9f6720c87aca,auto-a1214efd9c98,hodr@ea88247,hodr,ea88247,gobbleglitch@6cdc440,gobbleglitch,6cdc440,fjordgate,all_official,1,0,rating,a,a,1.0,core_destroyed,74,,17,260,7,10,58,20,5,5,ok,,3.038,n-62-11-51,29052208,2026-08-08T08:38:03+0200
fa92c2b0a0c2dc92,auto-a1214efd9c98,jotunn@6b39ebb,jotunn,6b39ebb,hodr@ea88247,hodr,ea88247,crossfire,all_official,1,0,rating,b,b,0.0,core_destroyed,224,,44,150,7,6,20,1080,12,31,ok,,5.059,n-62-13-6,29052208,2026-08-08T08:38:28+0200
facabe029042782c,auto-a1214efd9c98,hodr@ea88247,hodr,ea88247,steward_reinforced@a8dc58a,steward_reinforced,a8dc58a,sprint,all_official,1,0,rating,a,a,1.0,core_destroyed,201,,9,0,8,4,10,0,7,4,ok,,4.16,n-62-31-24,29052208,2026-08-08T08:40:18+0200
faccfa169b646983,auto-a1214efd9c98,maporacle@38e1456,maporacle,38e1456,hodr@ea88247,hodr,ea88247,archipelago,all_official,1,0,rating,b,b,0.0,core_destroyed,81,,43,540,9,34,5,240,9,14,ok,,4.547,n-62-21-63,29052208,2026-08-08T08:38:25+0200
fae581ce07f16414,auto-a1214efd9c98,spar_mender@d5b46bc,spar_mender,d5b46bc,hodr@ea88247,hodr,ea88247,vault,all_official,1,0,rating,b,b,0.0,core_destroyed,361,,9,1290,17,14,9,1760,7,68,ok,,9.468,n-62-29-21,29052208,2026-08-08T08:40:15+0200
fae924c6e13337d7,auto-a1214efd9c98,maporacle@38e1456,maporacle,38e1456,hodr@ea88247,hodr,ea88247,vault,all_official,1,0,rating,b,b,0.0,core_destroyed,60,,16,240,10,9,28,260,8,10,ok,,4.011,n-62-21-71,29052208,2026-08-08T08:38:56+0200
fb34feecaceb6684,auto-a1214efd9c98,casemate_oracle@90fc9f3,casemate_oracle,90fc9f3,hodr@ea88247,hodr,ea88247,showdown,all_official,1,0,rating,b,b,0.0,core_destroyed,89,,29,0,7,0,10,170,6,9,ok,,4.051,n-62-31-11,29052208,2026-08-08T08:39:31+0200
fb4dd1fd00950b1c,auto-a1214efd9c98,hodr@ea88247,hodr,ea88247,spar_mender@d5b46bc,spar_mender,d5b46bc,lighthouse,all_official,1,0,rating,a,a,1.0,core_destroyed,98,,18,450,9,11,30,220,8,5,ok,,4.468,n-62-28-34,29052208,2026-08-08T08:40:36+0200
fb5338a9539dba93,auto-a1214efd9c98,mjolnir@2e6c876,mjolnir,2e6c876,hodr@ea88247,hodr,ea88247,twins,all_official,1,0,rating,a,a,1.0,core_destroyed,223,,99,1830,14,61,7,520,10,26,ok,,8.763,n-62-21-97,29052208,2026-08-08T08:39:15+0200
fb5eb0e522e921c5,auto-a1214efd9c98,steward_hardened_reinforced@f1f2bda,steward_hardened_reinforced,f1f2bda,hodr@ea88247,hodr,ea88247,fjordgate,all_official,1,0,rating,a,a,1.0,core_destroyed,224,,30,1060,6,25,32,10,2,3,ok,,4.615,n-62-31-11,29052208,2026-08-08T08:40:31+0200
fb6e005a5666097b,auto-a1214efd9c98,spar_mender@d5b46bc,spar_mender,d5b46bc,hodr@ea88247,hodr,ea88247,bridge,all_official,1,0,rating,a,a,1.0,core_destroyed,391,,10,0,10,8,4,0,11,1,ok,,9.315,n-62-28-31,29052208,2026-08-08T08:40:15+0200
fb71b176f395e911,auto-a1214efd9c98,bastion@840a180,bastion,840a180,hodr@ea88247,hodr,ea88247,atoll,all_official,1,0,rating,b,b,0.0,core_destroyed,53,,10,120,9,5,9,210,8,9,ok,,3.652,n-62-11-60,29052208,2026-08-08T08:37:59+0200
fbb0068101aa2791,auto-a1214efd9c98,odin@38e1456,odin,38e1456,hodr@ea88247,hodr,ea88247,quarry,all_official,1,0,rating,a,a,1.0,core_destroyed,88,,30,470,7,16,44,450,8,21,ok,,4.165,n-62-29-9,29052208,2026-08-08T08:39:08+0200
fbda2dace9585ad4,auto-a1214efd9c98,hodr@ea88247,hodr,ea88247,lockin@90fc9f3,lockin,90fc9f3,runestone,all_official,1,0,rating,a,a,1.0,core_destroyed,49,,10,90,8,14,43,90,12,7,ok,,6.408,n-62-21-61,29052208,2026-08-08T08:37:58+0200
fbf24578afc388bf,auto-a1214efd9c98,spar_mender@7ed1acc,spar_mender,7ed1acc,hodr@ea88247,hodr,ea88247,saga,all_official,1,0,rating,b,b,0.0,core_destroyed,137,,110,490,10,31,10,450,8,30,ok,,5.051,n-62-21-97,29052208,2026-08-08T08:40:21+0200
fc1cf80e002e91ba,auto-a1214efd9c98,hodr@ea88247,hodr,ea88247,steward_hardened_reinforced@deba9ec,steward_hardened_reinforced,deba9ec,moonrise,all_official,1,0,rating,b,b,0.0,core_destroyed,545,,37,2620,7,9,8,0,8,4,ok,,6.441,n-62-12-1,29052208,2026-08-08T08:40:22+0200
fc4da536a028f1a5,auto-a1214efd9c98,steward_relent@7ed1acc,steward_relent,7ed1acc,hodr@ea88247,hodr,ea88247,hive,all_official,1,0,rating,b,b,0.0,core_destroyed,82,,8,180,9,18,8,240,8,22,ok,,3.899,n-62-11-68,29052208,2026-08-08T08:40:16+0200
fc53582e075a2d0c,auto-a1214efd9c98,hodr@ea88247,hodr,ea88247,bastion@840a180,bastion,840a180,hive,all_official,1,0,rating,a,a,1.0,core_destroyed,62,,10,130,7,24,17,130,11,22,ok,,4.175,n-62-11-62,29052208,2026-08-08T08:37:55+0200
fc66c00d66f9be35,auto-a1214efd9c98,gefjon@f66a427,gefjon,f66a427,hodr@ea88247,hodr,ea88247,fjord,all_official,1,0,rating,b,b,0.0,core_destroyed,69,,37,420,9,15,20,440,6,21,ok,,3.792,n-62-31-18,29052208,2026-08-08T08:38:15+0200
fc672b76f4cf866a,auto-a1214efd9c98,hodr@ea88247,hodr,ea88247,strategist@2a19238,strategist,2a19238,lighthouse,all_official,1,0,rating,a,a,1.0,core_destroyed,124,,23,880,8,43,10,0,4,17,ok,,3.689,n-62-29-21,29052208,2026-08-08T08:40:18+0200
fc73afe8f41a624a,auto-a1214efd9c98,njord@f66a427,njord,f66a427,hodr@ea88247,hodr,ea88247,vase,all_official,1,0,rating,b,b,0.0,core_destroyed,121,,37,230,8,8,33,260,7,15,ok,,4.447,n-62-29-15,29052208,2026-08-08T08:38:46+0200
fc765d9cd1b08b0b,auto-a1214efd9c98,hodr@ea88247,hodr,ea88247,steward_hardened_reinforced@672ee02,steward_hardened_reinforced,672ee02,fjord,all_official,1,0,rating,b,b,0.0,core_destroyed,86,,24,560,9,20,7,450,6,15,ok,,3.999,n-62-31-13,29052208,2026-08-08T08:39:57+0200
fc8bdec4d6d2181c,auto-a1214efd9c98,ragnarok_fair@79582fc,ragnarok_fair,79582fc,hodr@ea88247,hodr,ea88247,twins,all_official,1,0,rating,b,b,0.0,core_destroyed,74,,20,240,5,28,10,150,8,17,ok,,3.583,n-62-21-6,29052208,2026-08-08T08:39:44+0200
fca0e4946e02245d,auto-a1214efd9c98,tyr@2e6c876,tyr,2e6c876,hodr@ea88247,hodr,ea88247,lighthouse,all_official,1,0,rating,b,b,0.0,core_destroyed,122,,1,210,5,9,55,1260,9,41,ok,,4.532,n-62-31-22,29052208,2026-08-08T08:40:45+0200
fca2f70c61b94e8d,auto-a1214efd9c98,hodr@ea88247,hodr,ea88247,skadi@1e4eddf,skadi,1e4eddf,heart,all_official,1,0,rating,a,a,1.0,core_destroyed,104,,24,140,6,15,20,0,6,10,ok,,4.187,n-62-21-5,29052208,2026-08-08T08:39:12+0200
fcec30771893fd2b,auto-a1214efd9c98,hodr@ea88247,hodr,ea88247,ragnarok_fair@79582fc,ragnarok_fair,79582fc,snowflake,all_official,1,0,rating,a,a,1.0,core_destroyed,81,,58,750,7,22,10,390,5,17,ok,,3.811,n-62-21-2,29052208,2026-08-08T08:39:14+0200
fd1498b0c81b1673,auto-a1214efd9c98,hodr@ea88247,hodr,ea88247,strategist@2a19238,strategist,2a19238,fjord,all_official,1,0,rating,a,a,1.0,core_destroyed,234,,71,3200,19,55,220,1430,7,18,ok,,9.371,n-62-21-92,29052208,2026-08-08T08:40:22+0200
fd2be4e5603175a1,auto-a1214efd9c98,hodr@ea88247,hodr,ea88247,steward_reinforced@a8dc58a,steward_reinforced,a8dc58a,twins,all_official,1,0,rating,a,a,1.0,core_destroyed,161,,9,80,9,7,10,0,8,3,ok,,5.635,n-62-11-67,29052208,2026-08-08T08:40:10+0200
fd8af6ad6e6ac00d,auto-a1214efd9c98,e_t4l7@9e77076,e_t4l7,9e77076,hodr@ea88247,hodr,ea88247,jackpot,all_official,1,0,rating,b,b,0.0,core_destroyed,245,,475,980,2,43,8,1020,11,18,ok,,5.412,n-62-28-33,29052208,2026-08-08T08:38:29+0200
fdabbfce66ec2d6f,auto-a1214efd9c98,steward_hardened_reinforced@cdc552f,steward_hardened_reinforced,cdc552f,hodr@ea88247,hodr,ea88247,pinch,all_official,1,0,rating,b,b,0.0,core_destroyed,101,,9,230,8,8,9,230,6,7,ok,,3.708,n-62-21-92,29052208,2026-08-08T08:40:08+0200
fdb836bab8e3f98f,auto-a1214efd9c98,hodr@ea88247,hodr,ea88247,tempest_reinforcements@38f9c23,tempest_reinforcements,38f9c23,fjord,all_official,1,0,rating,b,b,0.0,core_destroyed,87,,8,560,11,12,8,390,9,6,ok,,4.084,n-62-31-13,29052208,2026-08-08T08:40:49+0200
fdc037b944a92c7c,auto-a1214efd9c98,prospect@bf9b3e3,prospect,bf9b3e3,hodr@ea88247,hodr,ea88247,archipelago,all_official,1,0,rating,a,a,1.0,core_destroyed,60,,19,310,8,18,19,130,7,13,ok,,3.656,n-62-31-19,29052208,2026-08-08T08:39:06+0200
fdfae6a36e2ce38f,auto-a1214efd9c98,hodr@ea88247,hodr,ea88247,steward_hardened_reinforced@366cd1b,steward_hardened_reinforced,366cd1b,lighthouse,all_official,1,0,rating,a,a,1.0,core_destroyed,397,,9,440,8,8,10,230,7,9,ok,,5.03,n-62-30-23,29052208,2026-08-08T08:39:34+0200
fe02954d41539d06,auto-a1214efd9c98,hodr@ea88247,hodr,ea88247,spar_mender@7ed1acc,spar_mender,7ed1acc,quarry,all_official,1,0,rating,a,a,1.0,core_destroyed,125,,44,1140,15,57,49,470,10,14,ok,,6.835,n-62-21-97,29052208,2026-08-08T08:39:53+0200
fe06ec4dff06cb36,auto-a1214efd9c98,hodr@ea88247,hodr,ea88247,undertow@fdc1e1f,undertow,fdc1e1f,aurora,all_official,1,0,rating,a,a,1.0,core_destroyed,78,,28,520,7,31,56,470,11,17,ok,,4.279,n-62-11-57,29052208,2026-08-08T08:40:43+0200
fe0e892a00c6fa97,auto-a1214efd9c98,steward_hardened_reinforced@a994296,steward_hardened_reinforced,a994296,hodr@ea88247,hodr,ea88247,atoll,all_official,1,0,rating,a,a,1.0,core_destroyed,91,,13,400,8,17,16,400,9,8,ok,,4.465,n-62-31-7,29052208,2026-08-08T08:40:30+0200
fe10f361d3a7e1e4,auto-a1214efd9c98,prospect_rushonly@bf9b3e3,prospect_rushonly,bf9b3e3,hodr@ea88247,hodr,ea88247,pinch,all_official,1,0,rating,b,b,0.0,core_destroyed,136,,19,320,8,4,19,320,6,13,ok,,3.409,n-62-12-7,29052208,2026-08-08T08:39:22+0200
fe1baf884982c00d,auto-a1214efd9c98,hodr@ea88247,hodr,ea88247,skadi@1e4eddf,skadi,1e4eddf,longship,all_official,1,0,rating,a,a,1.0,core_destroyed,98,,2,380,8,17,6,290,8,21,ok,,4.009,n-62-21-11,29052208,2026-08-08T08:38:57+0200
fe22eb090c33f732,auto-a1214efd9c98,hodr@ea88247,hodr,ea88247,steward_hardened_reinforced@deba9ec,steward_hardened_reinforced,deba9ec,eider,all_official,1,0,rating,a,a,1.0,core_destroyed,154,,10,700,8,11,10,0,6,5,ok,,3.91,n-62-31-9,29052208,2026-08-08T08:40:39+0200
fe49e12521565768,auto-a1214efd9c98,hodr@ea88247,hodr,ea88247,e_t4l7@9e77076,e_t4l7,9e77076,fjordgate,all_official,1,0,rating,a,a,1.0,core_destroyed,58,,20,220,6,8,83,210,4,18,ok,,2.291,n-62-28-31,29052208,2026-08-08T08:38:41+0200
fe5bc9b6e5ac0016,auto-a1214efd9c98,steward_hardened_reinforced@f61245f,steward_hardened_reinforced,f61245f,hodr@ea88247,hodr,ea88247,fjord,all_official,1,0,rating,a,a,1.0,core_destroyed,116,,14,770,9,15,17,600,6,15,ok,,3.725,n-62-28-28,29052208,2026-08-08T08:40:11+0200
fe6587e7660d6ba0,auto-a1214efd9c98,bastion@840a180,bastion,840a180,hodr@ea88247,hodr,ea88247,fjordgate,all_official,1,0,rating,b,b,0.0,core_destroyed,162,,10,0,4,0,69,390,3,5,ok,,2.968,n-62-11-68,29052208,2026-08-08T08:38:26+0200
fe85b04fddf9c854,auto-a1214efd9c98,hodr@ea88247,hodr,ea88247,steward_hardened_reinforced@f1f2bda,steward_hardened_reinforced,f1f2bda,duel,all_official,1,0,rating,a,a,1.0,core_destroyed,59,,9,250,8,7,170,250,6,6,ok,,3.352,n-62-31-11,29052208,2026-08-08T08:39:59+0200
fee100b0d258c2dc,auto-a1214efd9c98,hodr@ea88247,hodr,ea88247,gobbleglitch@6cdc440,gobbleglitch,6cdc440,jackpot,all_official,1,0,rating,a,a,1.0,core_destroyed,180,,30,840,14,18,70,0,2,5,ok,,5.355,n-62-11-51,29052208,2026-08-08T08:38:27+0200
fee7648bf6c34364,auto-a1214efd9c98,aegis@e55aab5,aegis,e55aab5,hodr@ea88247,hodr,ea88247,quarry,all_official,1,0,rating,b,b,0.0,core_destroyed,271,,10,750,6,20,18,1830,10,21,ok,,5.57,n-62-31-23,29052208,2026-08-08T08:38:02+0200
ff30981933bbfc90,auto-a1214efd9c98,tempest_reinforcements@025dd51,tempest_reinforcements,025dd51,hodr@ea88247,hodr,ea88247,fjordgate,all_official,1,0,rating,b,b,0.0,core_destroyed,445,,59,820,10,6,9,520,5,13,ok,,5.121,n-62-30-24,29052208,2026-08-08T08:40:41+0200
ff94bce82397e8cd,auto-a1214efd9c98,steward_hardened_reinforced@c04e46e,steward_hardened_reinforced,c04e46e,hodr@ea88247,hodr,ea88247,sprint,all_official,1,0,rating,a,a,1.0,core_destroyed,105,,9,10,6,4,10,40,7,6,ok,,2.91,n-62-11-62,29052208,2026-08-08T08:39:53+0200
ff94fc91ebe22bd8,auto-a1214efd9c98,jotunn@6b39ebb,jotunn,6b39ebb,hodr@ea88247,hodr,ea88247,skerry,all_official,1,0,rating,b,b,0.0,core_destroyed,104,,69,480,10,26,63,860,12,38,ok,,6.138,n-62-21-55,29052208,2026-08-08T08:38:07+0200
ffa1f6f768694a0e,auto-a1214efd9c98,bastion@840a180,bastion,840a180,hodr@ea88247,hodr,ea88247,fjord,all_official,1,0,rating,b,b,0.0,core_destroyed,48,,12,190,8,8,29,280,9,9,ok,,3.666,n-62-11-68,29052208,2026-08-08T08:38:16+0200
ffadcda871e1c3e4,auto-a1214efd9c98,hodr@ea88247,hodr,ea88247,spar_mender@d5b46bc,spar_mender,d5b46bc,nordkap,all_official,1,0,rating,a,a,1.0,core_destroyed,113,,9,260,9,10,10,0,8,2,ok,,4.017,n-62-29-13,29052208,2026-08-08T08:39:56+0200
ffbcd22c22f17d08,auto-a1214efd9c98,steward_reinforced@a8dc58a,steward_reinforced,a8dc58a,hodr@ea88247,hodr,ea88247,meander,all_official,1,0,rating,a,a,1.0,core_destroyed,106,,10,220,7,11,4,0,9,3,ok,,3.619,n-62-31-23,29052208,2026-08-08T08:40:20+0200
ffbd3b55510dae24,auto-a1214efd9c98,skadi@1e4eddf,skadi,1e4eddf,hodr@ea88247,hodr,ea88247,atoll,all_official,1,0,rating,b,b,0.0,titanium_collected,1000,,17,3220,9,19,28,4950,12,10,ok,,13.211,n-62-21-9,29052208,2026-08-08T08:39:34+0200
ffbe6c7f7251360e,auto-a1214efd9c98,mimir@cfc1ec4,mimir,cfc1ec4,hodr@ea88247,hodr,ea88247,vault,all_official,1,0,rating,b,b,0.0,core_destroyed,134,,6,430,11,13,18,630,9,21,ok,,5.327,n-62-31-24,29052208,2026-08-08T08:39:00+0200
ffc57fadf31839fb,auto-a1214efd9c98,steward_hardened_reinforced@f1f2bda,steward_hardened_reinforced,f1f2bda,hodr@ea88247,hodr,ea88247,quarry,all_official,1,0,rating,b,b,0.0,core_destroyed,981,,8,630,7,22,10,2660,9,22,ok,,7.519,n-62-12-3,29052208,2026-08-08T08:40:46+0200
ffcb86da86875b67,auto-a1214efd9c98,skadi@aad5f44,skadi,aad5f44,hodr@ea88247,hodr,ea88247,moonrise,all_official,1,0,rating,b,b,0.0,core_destroyed,221,,10,110,3,8,9,240,8,5,ok,,3.456,n-62-11-63,29052208,2026-08-08T08:39:20+0200
ffce034cb6826f74,auto-a1214efd9c98,hodr@ea88247,hodr,ea88247,maporacle@38e1456,maporacle,38e1456,skerry,all_official,1,0,rating,b,b,0.0,core_destroyed,105,,43,700,9,18,9,500,4,16,ok,,4.786,n-62-21-68,29052208,2026-08-08T08:38:05+0200
ffe138d0cc32ce07,auto-a1214efd9c98,hodr@ea88247,hodr,ea88247,steward_hardened_reinforced@f1f2bda,steward_hardened_reinforced,f1f2bda,saga,all_official,1,0,rating,b,b,0.0,core_destroyed,79,,8,250,8,29,9,360,8,23,ok,,4.471,n-62-12-4,29052208,2026-08-08T08:40:03+0200
fff8b168d25be9ce,auto-a1214efd9c98,hodr@ea88247,hodr,ea88247,janus@8a1e7a1,janus,8a1e7a1,saga,all_official,1,0,rating,a,a,1.0,core_destroyed,242,,9,570,10,11,8,0,9,0,ok,,7.101,n-62-21-6,29052208,2026-08-08T08:38:38+0200
