match_id,tournament_id,bot_a,bot_a_name,bot_a_commit,bot_b,bot_b_name,bot_b_commit,map,map_set,seed,tle,kind,engine_winner,winner,score_a,win_condition,turns,resign_message,a_titanium,a_titanium_collected,a_units,a_buildings,b_titanium,b_titanium_collected,b_units,b_buildings,status,error,duration_s,host,lsf_job,finished_at
000f092c3d8cbc83,auto-7202408d73d7,baiter@9713344,baiter,9713344,janus@8a1e7a1,janus,8a1e7a1,showdown,official,1,0,rating,b,b,0.0,core_destroyed,28,,78,0,5,5,24,40,8,15,ok,,3.927,n-62-31-24,29004605,2026-08-02T16:57:42+0200
00127a0e769bdeb4,auto-7202408d73d7,v233_e@9713344,v233_e,9713344,janus@8a1e7a1,janus,8a1e7a1,pinch,official,1,0,rating,b,b,0.0,core_destroyed,57,,13,190,6,11,29,200,9,13,ok,,3.402,n-62-29-13,29004605,2026-08-02T16:58:31+0200
003d20382786c877,auto-7202408d73d7,janus@8a1e7a1,janus,8a1e7a1,tempest_reinforcements@38f9c23,tempest_reinforcements,38f9c23,bridge,official,1,0,rating,b,b,0.0,core_destroyed,39,,74,30,7,8,20,50,11,10,ok,,4.275,n-62-21-55,29004605,2026-08-02T16:57:18+0200
003e4a694cab9287,auto-7202408d73d7,tempest_reinforcements@edf93ad,tempest_reinforcements,edf93ad,janus@8a1e7a1,janus,8a1e7a1,hive,official,1,0,rating,b,b,0.0,core_destroyed,48,,10,90,8,10,40,100,11,10,ok,,4.962,n-62-21-68,29004605,2026-08-02T16:57:25+0200
004a5de49f477a0c,auto-7202408d73d7,janus@8a1e7a1,janus,8a1e7a1,vigil@bf9b3e3,vigil,bf9b3e3,sprint,official,1,0,rating,a,a,1.0,core_destroyed,32,,23,60,8,8,42,60,7,8,ok,,4.585,n-62-21-15,29004605,2026-08-02T16:59:27+0200
005aaab82cce8679,auto-7202408d73d7,titanium_v1@9713344,titanium_v1,9713344,janus@8a1e7a1,janus,8a1e7a1,quarry,official,1,0,rating,b,b,0.0,core_destroyed,48,,353,0,4,3,200,210,8,17,ok,,2.428,n-62-31-5,29004605,2026-08-02T16:58:57+0200
0060b1a9227bc64f,auto-7202408d73d7,mistral@ba943b9,mistral,ba943b9,janus@8a1e7a1,janus,8a1e7a1,quarry,official,1,0,rating,b,b,0.0,core_destroyed,48,,194,0,8,0,70,80,9,16,ok,,5.591,n-62-31-19,29004605,2026-08-02T16:57:15+0200
00698a79153e27c4,auto-7202408d73d7,tempest_sentinel@fdc1e1f,tempest_sentinel,fdc1e1f,janus@8a1e7a1,janus,8a1e7a1,strait,official,1,0,rating,b,b,0.0,core_destroyed,36,,42,0,9,3,29,100,7,17,ok,,3.574,n-62-31-4,29004605,2026-08-02T16:58:24+0200
00738becc7f33e46,auto-7202408d73d7,janus@8a1e7a1,janus,8a1e7a1,vanguard_oracle@902be71,vanguard_oracle,902be71,sweden,official,1,0,rating,a,a,1.0,core_destroyed,214,,60,0,9,8,69,970,19,12,ok,,7.847,n-62-11-56,29004605,2026-08-02T16:59:35+0200
00922c9cd9b92406,auto-7202408d73d7,tempest_sentinel@fdc1e1f,tempest_sentinel,fdc1e1f,janus@8a1e7a1,janus,8a1e7a1,quarry,official,1,0,rating,a,a,1.0,core_destroyed,245,,60,0,6,1,1690,2080,11,41,ok,,6.355,n-62-21-71,29004605,2026-08-02T16:58:00+0200
00a7b677e929e51a,auto-7202408d73d7,prospect@bf9b3e3,prospect,bf9b3e3,janus@8a1e7a1,janus,8a1e7a1,vase,official,1,0,rating,a,a,1.0,core_destroyed,60,,20,110,14,7,73,90,6,5,ok,,4.698,n-62-11-57,29004605,2026-08-02T16:57:40+0200
00b25ac264938362,auto-7202408d73d7,janus@8a1e7a1,janus,8a1e7a1,tempest_frontier@fdc1e1f,tempest_frontier,fdc1e1f,twins,official,1,0,rating,b,b,0.0,core_destroyed,28,,124,40,9,3,22,50,12,7,ok,,4.26,n-62-21-24,29004605,2026-08-02T16:57:24+0200
00bae63356fadd08,auto-7202408d73d7,uw_v2@9713344,uw_v2,9713344,janus@8a1e7a1,janus,8a1e7a1,hive,official,1,0,rating,b,b,0.0,core_destroyed,85,,52,100,2,13,39,310,12,14,ok,,5.192,n-62-21-99,29004605,2026-08-02T16:58:49+0200
00c4a00be23a1889,auto-7202408d73d7,tempest_picket@fdc1e1f,tempest_picket,fdc1e1f,janus@8a1e7a1,janus,8a1e7a1,hive,official,1,0,rating,b,b,0.0,core_destroyed,42,,220,80,8,10,10,80,10,16,ok,,2.824,n-62-12-65,29004605,2026-08-02T16:57:32+0200
00c577c086975bae,auto-7202408d73d7,tempest_picket@fdc1e1f,tempest_picket,fdc1e1f,janus@8a1e7a1,janus,8a1e7a1,longship,official,1,0,rating,b,b,0.0,core_destroyed,34,,157,60,8,6,10,90,10,9,ok,,3.182,n-62-12-65,29004605,2026-08-02T16:57:47+0200
00ca6d15085744b4,auto-7202408d73d7,janus@8a1e7a1,janus,8a1e7a1,tempest_reinforcements@51ad530,tempest_reinforcements,51ad530,vault,official,1,0,rating,b,b,0.0,core_destroyed,49,,282,190,9,6,20,190,11,12,ok,,5.52,n-62-21-61,29004605,2026-08-02T16:57:22+0200
00dd61a9e6e321b2,auto-7202408d73d7,claude_challenger_3@fdc1e1f,claude_challenger_3,fdc1e1f,janus@8a1e7a1,janus,8a1e7a1,jackpot,official,1,0,rating,b,b,0.0,core_destroyed,39,,590,0,0,0,60,150,9,8,ok,,3.006,n-62-31-11,29004605,2026-08-02T16:57:45+0200
00ddaf6bbe92b86b,auto-7202408d73d7,janus@8a1e7a1,janus,8a1e7a1,e_post2@4a95297,e_post2,4a95297,sweden,official,1,0,rating,a,a,1.0,core_destroyed,134,,256,840,18,22,151,0,11,5,ok,,6.27,n-62-28-35,29004605,2026-08-02T16:58:13+0200
00e69a72745243d1,auto-7202408d73d7,janus@8a1e7a1,janus,8a1e7a1,tempest_reinforcements@3d5ab38,tempest_reinforcements,3d5ab38,runestone,official,1,0,rating,a,a,1.0,core_destroyed,31,,10,50,12,6,7,0,11,4,ok,,4.337,n-62-21-57,29004605,2026-08-02T16:57:15+0200
010a169ea578f4f6,auto-7202408d73d7,janus@8a1e7a1,janus,8a1e7a1,tempest_picket@fdc1e1f,tempest_picket,fdc1e1f,pinch,official,1,0,rating,b,b,0.0,core_destroyed,28,,111,60,7,9,10,0,12,4,ok,,3.238,n-62-12-65,29004605,2026-08-02T16:57:50+0200
010b984f83661507,auto-7202408d73d7,janus@8a1e7a1,janus,8a1e7a1,v233_a@9713344,v233_a,9713344,crossfire,official,1,0,rating,a,a,1.0,core_destroyed,29,,31,90,10,9,113,40,4,6,ok,,2.894,n-62-28-35,29004605,2026-08-02T16:58:47+0200
01445f5012901dac,auto-7202408d73d7,janus@8a1e7a1,janus,8a1e7a1,baiter@9713344,baiter,9713344,aurora,official,1,0,rating,a,a,1.0,core_destroyed,51,,14,110,13,11,82,100,5,10,ok,,5.464,n-62-31-23,29004605,2026-08-02T16:57:31+0200
0150b18ac21fd4af,auto-7202408d73d7,janus@8a1e7a1,janus,8a1e7a1,v233_a@9713344,v233_a,9713344,jackpot,official,1,0,rating,a,a,1.0,core_destroyed,55,,70,230,10,8,76,0,4,2,ok,,3.892,n-62-28-35,29004605,2026-08-02T16:59:36+0200
0174166ddc2e6684,auto-7202408d73d7,tempest_reinforcements@edf93ad,tempest_reinforcements,edf93ad,janus@8a1e7a1,janus,8a1e7a1,sweden,official,1,0,rating,b,b,0.0,core_destroyed,95,,50,260,15,11,205,540,12,22,ok,,5.823,n-62-21-69,29004605,2026-08-02T16:57:32+0200
0193150fb8bd1122,auto-7202408d73d7,e_condc@6db8844,e_condc,6db8844,janus@8a1e7a1,janus,8a1e7a1,crossfire,official,1,0,rating,b,b,0.0,core_destroyed,27,,52,40,7,12,1,80,11,11,ok,,3.403,n-62-21-98,29004605,2026-08-02T16:57:18+0200
01a1406bc4efc8d5,auto-7202408d73d7,janus@8a1e7a1,janus,8a1e7a1,vg_v1@9713344,vg_v1,9713344,duel,official,1,0,rating,a,a,1.0,core_destroyed,39,,60,160,9,17,71,0,4,3,ok,,2.738,n-62-11-54,29004605,2026-08-02T16:59:20+0200
01ab8666815d113a,auto-7202408d73d7,janus@8a1e7a1,janus,8a1e7a1,tempest_reinforcements@65ddc55,tempest_reinforcements,65ddc55,runestone,official,1,0,rating,a,a,1.0,core_destroyed,28,,14,40,12,6,16,0,11,4,ok,,4.268,n-62-21-62,29004605,2026-08-02T16:57:36+0200
02146970de66af49,auto-7202408d73d7,janus@8a1e7a1,janus,8a1e7a1,vanguard_oracle@75591b7,vanguard_oracle,75591b7,fjord,official,1,0,rating,a,a,1.0,core_destroyed,49,,60,290,13,20,109,200,11,5,ok,,4.64,n-62-31-7,29004605,2026-08-02T16:59:28+0200
02152a18e16eae7c,auto-7202408d73d7,janus@8a1e7a1,janus,8a1e7a1,tempest_oracle_ferry@fdc1e1f,tempest_oracle_ferry,fdc1e1f,quarry,official,1,0,rating,a,a,1.0,core_destroyed,58,,1,40,8,22,312,190,6,11,ok,,2.836,n-62-13-7,29004605,2026-08-02T16:57:44+0200
0234f841047f2732,auto-7202408d73d7,tempest_reinforcements@38f9c23,tempest_reinforcements,38f9c23,janus@8a1e7a1,janus,8a1e7a1,twins,official,1,0,rating,a,a,1.0,core_destroyed,27,,24,50,11,7,220,40,4,6,ok,,3.167,n-62-21-54,29004605,2026-08-02T16:58:42+0200
027811740d9165f9,auto-7202408d73d7,janus@8a1e7a1,janus,8a1e7a1,v233_i@902be71,v233_i,902be71,sweden,official,1,0,rating,b,b,0.0,core_destroyed,67,,127,330,9,19,78,340,8,26,ok,,4.167,n-62-29-32,29004605,2026-08-02T16:58:43+0200
0284279cc7bc7063,auto-7202408d73d7,claude_challenger_3@fdc1e1f,claude_challenger_3,fdc1e1f,janus@8a1e7a1,janus,8a1e7a1,strait,official,1,0,rating,b,b,0.0,core_destroyed,36,,30,60,11,7,48,100,9,17,ok,,4.983,n-62-21-103,29004605,2026-08-02T16:57:24+0200
0288ecf2ba3d4e9c,auto-7202408d73d7,janus@8a1e7a1,janus,8a1e7a1,vg_v2@9713344,vg_v2,9713344,vault,official,1,0,rating,a,a,1.0,titanium_collected,1000,,11133,9520,10,94,5051,2490,7,14,ok,,10.427,n-62-21-90,29004605,2026-08-02T16:59:10+0200
02b159af0ae27233,auto-7202408d73d7,tempest_fast@eb1f0f3,tempest_fast,eb1f0f3,janus@8a1e7a1,janus,8a1e7a1,fjord,official,1,0,rating,b,b,0.0,core_destroyed,36,,240,0,6,2,23,190,11,11,ok,,3.962,n-62-21-8,29004605,2026-08-02T16:58:06+0200
02c16c78b1782bf8,auto-7202408d73d7,undertow@9713344,undertow,9713344,janus@8a1e7a1,janus,8a1e7a1,twins,official,1,0,rating,b,b,0.0,core_destroyed,36,,127,120,7,8,18,110,10,15,ok,,3.214,n-62-11-60,29004605,2026-08-02T16:59:24+0200
02c8962129300457,auto-7202408d73d7,janus@8a1e7a1,janus,8a1e7a1,undertow_oracle@75591b7,undertow_oracle,75591b7,jackpot,official,1,0,rating,a,a,1.0,core_destroyed,58,,89,250,13,8,73,250,10,20,ok,,4.692,n-62-31-10,29004605,2026-08-02T16:58:24+0200
02d286853089a45f,auto-7202408d73d7,janus@8a1e7a1,janus,8a1e7a1,tempest_reinforcements@edf93ad,tempest_reinforcements,edf93ad,string,official,1,0,rating,a,a,1.0,core_destroyed,62,,298,280,3,6,60,140,14,6,ok,,4.529,n-62-21-69,29004605,2026-08-02T16:57:18+0200
02ec1f0d1d145bab,auto-7202408d73d7,claude_challenger_2@fdc1e1f,claude_challenger_2,fdc1e1f,janus@8a1e7a1,janus,8a1e7a1,quarry,official,1,0,rating,b,b,0.0,core_destroyed,53,,31,0,12,4,250,260,7,18,ok,,5.047,n-62-31-9,29004605,2026-08-02T16:57:57+0200
02f40bc306afa2a6,auto-7202408d73d7,janus@8a1e7a1,janus,8a1e7a1,jonbot@da3fd8a,jonbot,da3fd8a,jackpot,official,1,0,rating,a,a,1.0,core_destroyed,65,,188,290,11,8,223,50,5,23,ok,,3.284,n-62-29-31,29004605,2026-08-02T16:57:41+0200
0340771eb8f0600c,auto-7202408d73d7,v233_e@9713344,v233_e,9713344,janus@8a1e7a1,janus,8a1e7a1,showdown,official,1,0,rating,b,b,0.0,core_destroyed,26,,30,0,6,9,36,0,10,8,ok,,3.013,n-62-29-13,29004605,2026-08-02T16:58:52+0200
0352c540240e6081,auto-7202408d73d7,janus@8a1e7a1,janus,8a1e7a1,tempest_ferry@26b5aa1,tempest_ferry,26b5aa1,strait,official,1,0,rating,b,b,0.0,core_destroyed,32,,212,50,7,3,70,60,11,9,ok,,3.468,n-62-21-2,29004605,2026-08-02T16:58:14+0200
03671a4469ef2f35,auto-7202408d73d7,janus@8a1e7a1,janus,8a1e7a1,mistral_fast@26b5aa1,mistral_fast,26b5aa1,twins,official,1,0,rating,b,b,0.0,core_destroyed,28,,112,50,9,5,47,0,10,1,ok,,4.419,n-62-31-7,29004605,2026-08-02T16:56:59+0200
0378013383d861bb,auto-7202408d73d7,janus@8a1e7a1,janus,8a1e7a1,siege_v2@9713344,siege_v2,9713344,sprint,official,1,0,rating,a,a,1.0,core_destroyed,47,,264,220,6,15,216,0,5,3,ok,,2.883,n-62-12-1,29004605,2026-08-02T16:57:27+0200
03796251e67ff9e9,auto-7202408d73d7,frontier_v1@9713344,frontier_v1,9713344,janus@8a1e7a1,janus,8a1e7a1,vase,official,1,0,rating,b,b,0.0,core_destroyed,37,,187,0,7,2,60,50,11,7,ok,,3.244,n-62-29-18,29004605,2026-08-02T16:57:27+0200
0383de43c82b4942,auto-7202408d73d7,undertow_oracle@75591b7,undertow_oracle,75591b7,janus@8a1e7a1,janus,8a1e7a1,jackpot,official,1,0,rating,b,b,0.0,core_destroyed,204,,230,860,11,33,202,1450,17,50,ok,,10.238,n-62-31-10,29004605,2026-08-02T16:58:34+0200
03b0998d042b5381,auto-7202408d73d7,vanguard@9932bec,vanguard,9932bec,janus@8a1e7a1,janus,8a1e7a1,quarry,official,1,0,rating,b,b,0.0,core_destroyed,65,,27,210,11,10,119,380,10,20,ok,,4.432,n-62-30-23,29004605,2026-08-02T16:59:23+0200
03cf09022581a2c0,auto-7202408d73d7,janus@8a1e7a1,janus,8a1e7a1,v233_f@9713344,v233_f,9713344,aurora,official,1,0,rating,a,a,1.0,core_destroyed,95,,115,400,9,28,76,450,7,16,ok,,4.285,n-62-29-14,29004605,2026-08-02T16:59:05+0200
03fc6cc85831c337,auto-7202408d73d7,e9cand@9e77076,e9cand,9e77076,janus@8a1e7a1,janus,8a1e7a1,longship,official,1,0,rating,b,b,0.0,core_destroyed,48,,105,0,9,1,28,160,12,12,ok,,4.172,n-62-21-104,29004605,2026-08-02T16:57:53+0200
0406de3d34648ad6,auto-7202408d73d7,riptide@9713344,riptide,9713344,janus@8a1e7a1,janus,8a1e7a1,showdown,official,1,0,rating,b,b,0.0,core_destroyed,28,,78,0,5,5,24,40,8,15,ok,,3.33,n-62-21-89,29004605,2026-08-02T16:57:01+0200
04167454054e3bcb,auto-7202408d73d7,tempest_reinforcements@65ddc55,tempest_reinforcements,65ddc55,janus@8a1e7a1,janus,8a1e7a1,hive,official,1,0,rating,b,b,0.0,core_destroyed,49,,9,100,7,10,39,100,11,10,ok,,4.648,n-62-21-61,29004605,2026-08-02T16:58:29+0200
042135475df85a4c,auto-7202408d73d7,tempest_outer@fdc1e1f,tempest_outer,fdc1e1f,janus@8a1e7a1,janus,8a1e7a1,bridge,official,1,0,rating,b,b,0.0,core_destroyed,49,,310,0,4,5,77,200,10,17,ok,,2.868,n-62-13-6,29004605,2026-08-02T16:58:09+0200
04359a4c44fc3ddb,auto-7202408d73d7,janus@8a1e7a1,janus,8a1e7a1,tempest_fast@eb1f0f3,tempest_fast,eb1f0f3,string,official,1,0,rating,a,a,1.0,core_destroyed,60,,79,140,11,5,413,250,5,6,ok,,3.455,n-62-21-12,29004605,2026-08-02T16:58:13+0200
04894fee568f8e25,auto-7202408d73d7,janus@8a1e7a1,janus,8a1e7a1,frontier_v2@9713344,frontier_v2,9713344,pinch,official,1,0,rating,a,a,1.0,core_destroyed,43,,19,170,11,17,28,0,8,4,ok,,3.134,n-62-29-24,29004605,2026-08-02T16:57:26+0200
04e584e4e4359071,auto-7202408d73d7,janus@8a1e7a1,janus,8a1e7a1,tempest_reinforcements@38f9c23,tempest_reinforcements,38f9c23,sprint,official,1,0,rating,a,a,1.0,core_destroyed,33,,17,20,7,5,60,90,6,8,ok,,3.588,n-62-21-54,29004605,2026-08-02T16:57:33+0200
0517ebb8b9faa01d,auto-7202408d73d7,e9cand@9e77076,e9cand,9e77076,janus@8a1e7a1,janus,8a1e7a1,duel,official,1,0,rating,b,b,0.0,core_destroyed,52,,69,40,6,6,30,220,13,11,ok,,4.034,n-62-21-104,29004605,2026-08-02T16:57:19+0200
05343d894fdb7a2d,auto-7202408d73d7,janus@8a1e7a1,janus,8a1e7a1,undertow@da3fd8a,undertow,da3fd8a,vase,official,1,0,rating,a,a,1.0,core_destroyed,44,,198,70,8,7,107,50,9,6,ok,,3.179,n-62-11-65,29004605,2026-08-02T16:58:12+0200
05354bac1761a8a0,auto-7202408d73d7,janus@8a1e7a1,janus,8a1e7a1,baiter@9713344,baiter,9713344,hive,official,1,0,rating,a,a,1.0,core_destroyed,69,,0,300,12,25,90,0,2,7,ok,,4.601,n-62-31-23,29004605,2026-08-02T16:58:23+0200
054513f41c95319b,auto-7202408d73d7,claude_challenger_3@fdc1e1f,claude_challenger_3,fdc1e1f,janus@8a1e7a1,janus,8a1e7a1,bridge,official,1,0,rating,b,b,0.0,core_destroyed,52,,630,0,0,0,198,250,10,17,ok,,2.541,n-62-31-10,29004605,2026-08-02T16:58:24+0200
0561a92e3a06ed6d,auto-7202408d73d7,uw_v1@9713344,uw_v1,9713344,janus@8a1e7a1,janus,8a1e7a1,duel,official,1,0,rating,b,b,0.0,core_destroyed,38,,91,20,7,5,60,160,9,14,ok,,3.114,n-62-21-97,29004605,2026-08-02T16:58:19+0200
056f9338af0238f2,auto-7202408d73d7,janus@8a1e7a1,janus,8a1e7a1,prospect@bf9b3e3,prospect,bf9b3e3,twins,official,1,0,rating,a,a,1.0,core_destroyed,49,,21,40,11,4,13,170,8,15,ok,,3.672,n-62-11-57,29004605,2026-08-02T16:57:27+0200
0570a568ddd7fe4c,auto-7202408d73d7,vanguard_oracle@fdc1e1f,vanguard_oracle,fdc1e1f,janus@8a1e7a1,janus,8a1e7a1,showdown,official,1,0,rating,b,b,0.0,core_destroyed,24,,113,0,4,0,14,10,9,11,ok,,3.08,n-62-11-52,29004605,2026-08-02T16:59:05+0200
057e9ff9982270d5,auto-7202408d73d7,janus@8a1e7a1,janus,8a1e7a1,vg_v7@9713344,vg_v7,9713344,fjord,official,1,0,rating,a,a,1.0,core_destroyed,138,,953,1410,9,48,100,0,6,4,ok,,4.524,n-62-21-12,29004605,2026-08-02T16:59:11+0200
057ea6ba40feae4f,auto-7202408d73d7,janus@8a1e7a1,janus,8a1e7a1,tempest@da3fd8a,tempest,da3fd8a,duel,official,1,0,rating,b,b,0.0,core_destroyed,30,,52,70,5,4,58,60,9,5,ok,,4.496,n-62-12-2,29004605,2026-08-02T16:57:46+0200
05a9844d3e8e0df3,auto-7202408d73d7,lockin@9713344,lockin,9713344,janus@8a1e7a1,janus,8a1e7a1,bridge,official,1,0,rating,b,b,0.0,core_destroyed,52,,630,0,0,0,198,250,10,17,ok,,2.282,n-62-30-23,29004605,2026-08-02T16:57:20+0200
05ad11c615f8d6df,auto-7202408d73d7,janus@8a1e7a1,janus,8a1e7a1,e_harc@6db8844,e_harc,6db8844,bridge,official,1,0,rating,a,a,1.0,titanium_collected,1000,,9740,7340,8,19,2280,0,10,21,ok,,11.877,n-62-28-31,29004605,2026-08-02T16:58:35+0200
05be27432b17257f,auto-7202408d73d7,tempest_reinforcements@65ddc55,tempest_reinforcements,65ddc55,janus@8a1e7a1,janus,8a1e7a1,longship,official,1,0,rating,b,b,0.0,core_destroyed,49,,16,100,11,11,19,170,13,15,ok,,4.803,n-62-21-62,29004605,2026-08-02T16:57:15+0200
05d7c86e2b39adba,auto-7202408d73d7,janus@8a1e7a1,janus,8a1e7a1,nemesis@9713344,nemesis,9713344,strait,official,1,0,rating,a,a,1.0,core_destroyed,50,,26,140,12,15,51,130,7,19,ok,,4.207,n-62-31-13,29004605,2026-08-02T16:58:14+0200
05fac5296364a43b,auto-7202408d73d7,vanguard@9932bec,vanguard,9932bec,janus@8a1e7a1,janus,8a1e7a1,aurora,official,1,0,rating,b,b,0.0,core_destroyed,41,,69,190,10,15,9,130,13,10,ok,,3.757,n-62-29-5,29004605,2026-08-02T16:59:28+0200
0604d90e8c0214e1,auto-7202408d73d7,janus@8a1e7a1,janus,8a1e7a1,tempest_picket@fdc1e1f,tempest_picket,fdc1e1f,duel,official,1,0,rating,b,b,0.0,core_destroyed,30,,52,70,5,4,58,60,9,5,ok,,3.13,n-62-12-65,29004605,2026-08-02T16:57:15+0200
060632e539e8aaa9,auto-7202408d73d7,janus@8a1e7a1,janus,8a1e7a1,nemesis@9713344,nemesis,9713344,sweden,official,1,0,rating,a,a,1.0,core_destroyed,82,,349,450,8,22,90,0,7,7,ok,,4.52,n-62-11-50,29004605,2026-08-02T16:56:59+0200
060e61fb9e8b21a2,auto-7202408d73d7,autistimusprime@ecd4d24,autistimusprime,ecd4d24,janus@8a1e7a1,janus,8a1e7a1,strait,official,1,0,rating,a,a,1.0,core_destroyed,31,,20,0,9,8,134,50,9,8,ok,,4.234,n-62-31-21,29004605,2026-08-02T16:57:55+0200
0632561adc4eb1a3,auto-7202408d73d7,tempest_sentinel@fdc1e1f,tempest_sentinel,fdc1e1f,janus@8a1e7a1,janus,8a1e7a1,duel,official,1,0,rating,b,b,0.0,core_destroyed,29,,45,0,6,1,19,80,11,9,ok,,3.841,n-62-21-71,29004605,2026-08-02T16:57:10+0200
063e8d6cb168bc78,auto-7202408d73d7,claude_challenger_2@fdc1e1f,claude_challenger_2,fdc1e1f,janus@8a1e7a1,janus,8a1e7a1,strait,official,1,0,rating,b,b,0.0,core_destroyed,36,,38,60,11,6,48,100,9,17,ok,,5.496,n-62-31-10,29004605,2026-08-02T16:57:15+0200
0645d3732345cfa5,auto-7202408d73d7,vanguard@9932bec,vanguard,9932bec,janus@8a1e7a1,janus,8a1e7a1,hive,official,1,0,rating,b,b,0.0,core_destroyed,43,,35,150,11,15,54,90,11,13,ok,,3.902,n-62-30-23,29004605,2026-08-02T16:58:51+0200
065b74ad60dcaf40,auto-7202408d73d7,e_condc@6db8844,e_condc,6db8844,janus@8a1e7a1,janus,8a1e7a1,fjord,official,1,0,rating,b,b,0.0,core_destroyed,50,,104,170,8,5,13,290,13,15,ok,,4.143,n-62-21-98,29004605,2026-08-02T16:57:35+0200
0671f9729067edb3,auto-7202408d73d7,casemate@902be71,casemate,902be71,janus@8a1e7a1,janus,8a1e7a1,jackpot,official,1,0,rating,b,b,0.0,core_destroyed,71,,94,0,5,33,92,310,14,8,ok,,3.831,n-62-11-61,29004605,2026-08-02T16:57:02+0200
0673278fe895ca47,auto-7202408d73d7,janus@8a1e7a1,janus,8a1e7a1,e_condc@6db8844,e_condc,6db8844,showdown,official,1,0,rating,a,a,1.0,core_destroyed,50,,18,120,8,20,50,0,3,9,ok,,3.423,n-62-21-99,29004605,2026-08-02T16:57:06+0200
06809e1118288030,auto-7202408d73d7,tempest_fast@eb1f0f3,tempest_fast,eb1f0f3,janus@8a1e7a1,janus,8a1e7a1,bridge,official,1,0,rating,b,b,0.0,core_destroyed,49,,310,0,4,5,77,200,10,17,ok,,3.335,n-62-21-8,29004605,2026-08-02T16:57:42+0200
06911c583d6757bf,auto-7202408d73d7,janus@8a1e7a1,janus,8a1e7a1,turtle@9713344,turtle,9713344,string,official,1,0,rating,a,a,1.0,core_destroyed,51,,104,370,10,12,93,0,1,1,ok,,3.767,n-62-31-23,29004605,2026-08-02T16:58:54+0200
06914cd6f8c4fb0f,auto-7202408d73d7,janus@8a1e7a1,janus,8a1e7a1,jonbot@9713344,jonbot,9713344,atoll,official,1,0,rating,a,a,1.0,core_destroyed,44,,65,170,9,18,280,0,4,0,ok,,2.794,n-62-29-29,29004605,2026-08-02T16:57:47+0200
0691dea188287ca4,auto-7202408d73d7,janus@8a1e7a1,janus,8a1e7a1,e_final@9e77076,e_final,9e77076,bridge,official,1,0,rating,a,a,1.0,core_destroyed,51,,137,220,9,19,16,0,7,13,ok,,3.105,n-62-28-30,29004605,2026-08-02T16:57:13+0200
06d77641a733bb80,auto-7202408d73d7,janus@8a1e7a1,janus,8a1e7a1,frontier_v2@9713344,frontier_v2,9713344,strait,official,1,0,rating,a,a,1.0,core_destroyed,42,,1,100,12,15,103,0,7,4,ok,,3.378,n-62-29-27,29004605,2026-08-02T16:56:58+0200
06e035d30b04db26,auto-7202408d73d7,gobbleglitch@e808e1d,gobbleglitch,e808e1d,janus@8a1e7a1,janus,8a1e7a1,string,official,1,0,rating,b,b,0.0,core_destroyed,50,,65,0,7,5,191,120,9,4,ok,,2.966,n-62-29-29,29004605,2026-08-02T16:57:16+0200
06e5d2f6cd9f8410,auto-7202408d73d7,janus@8a1e7a1,janus,8a1e7a1,jonbot_190003d@da3fd8a,jonbot_190003d,da3fd8a,jackpot,official,1,0,rating,a,a,1.0,core_destroyed,58,,88,250,11,8,182,50,6,9,ok,,4.099,n-62-29-34,29004605,2026-08-02T16:57:44+0200
06f466a4bacbbaab,auto-7202408d73d7,prospect@bf9b3e3,prospect,bf9b3e3,janus@8a1e7a1,janus,8a1e7a1,sprint,official,1,0,rating,b,b,0.0,core_destroyed,28,,28,40,11,3,12,70,9,8,ok,,3.441,n-62-11-56,29004605,2026-08-02T16:58:24+0200
06f6a2b9da678394,auto-7202408d73d7,janus@8a1e7a1,janus,8a1e7a1,riptide@9713344,riptide,9713344,quarry,official,1,0,rating,a,a,1.0,core_destroyed,62,,62,340,10,27,100,40,4,14,ok,,3.889,n-62-21-91,29004605,2026-08-02T16:58:53+0200
071ed7e93ca4899f,auto-7202408d73d7,vigil@18b749d,vigil,18b749d,janus@8a1e7a1,janus,8a1e7a1,atoll,official,1,0,rating,a,a,1.0,core_destroyed,29,,14,90,11,10,310,90,4,6,ok,,3.129,n-62-31-5,29004605,2026-08-02T16:58:38+0200
07299544a95e0e51,auto-7202408d73d7,vigil@bf9b3e3,vigil,bf9b3e3,janus@8a1e7a1,janus,8a1e7a1,vault,official,1,0,rating,a,a,1.0,core_destroyed,34,,10,110,11,10,369,120,3,5,ok,,3.057,n-62-31-23,29004605,2026-08-02T16:58:55+0200
074339933fb7e298,auto-7202408d73d7,janus@8a1e7a1,janus,8a1e7a1,tempest_fast@eb1f0f3,tempest_fast,eb1f0f3,bridge,official,1,0,rating,a,a,1.0,core_destroyed,45,,125,180,9,17,254,0,5,7,ok,,3.143,n-62-21-8,29004605,2026-08-02T16:57:38+0200
0755969a006df0fa,auto-7202408d73d7,janus@8a1e7a1,janus,8a1e7a1,uw_v2@9713344,uw_v2,9713344,vault,official,1,0,rating,b,b,0.0,core_destroyed,48,,472,180,4,6,96,210,11,16,ok,,3.102,n-62-28-31,29004605,2026-08-02T16:59:38+0200
0786591aef029ef2,auto-7202408d73d7,janus@8a1e7a1,janus,8a1e7a1,jonbot@9713344,jonbot,9713344,longship,official,1,0,rating,a,a,1.0,core_destroyed,37,,10,70,12,12,265,0,5,0,ok,,3.12,n-62-29-8,29004605,2026-08-02T16:57:33+0200
07b3ba3e9c4a0122,auto-7202408d73d7,janus@8a1e7a1,janus,8a1e7a1,vanguard_oracle@fdc1e1f,vanguard_oracle,fdc1e1f,runestone,official,1,0,rating,a,a,1.0,core_destroyed,31,,9,50,11,8,59,90,9,10,ok,,3.939,n-62-11-52,29004605,2026-08-02T16:58:54+0200
07b85035a864e6af,auto-7202408d73d7,tempest_frontier@fdc1e1f,tempest_frontier,fdc1e1f,janus@8a1e7a1,janus,8a1e7a1,twins,official,1,0,rating,b,b,0.0,core_destroyed,29,,235,0,5,3,28,70,10,14,ok,,3.174,n-62-21-24,29004605,2026-08-02T16:57:27+0200
07c3e693230ed5d3,auto-7202408d73d7,janus@8a1e7a1,janus,8a1e7a1,vigil@bf9b3e3,vigil,bf9b3e3,crossfire,official,1,0,rating,b,b,0.0,core_destroyed,34,,12,70,10,8,8,40,10,4,ok,,3.672,n-62-31-21,29004605,2026-08-02T16:59:18+0200
07fde033dd92dd14,auto-7202408d73d7,jonbot_190003d@da3fd8a,jonbot_190003d,da3fd8a,janus@8a1e7a1,janus,8a1e7a1,vault,official,1,0,rating,b,b,0.0,core_destroyed,61,,72,0,7,2,71,150,11,4,ok,,3.675,n-62-29-5,29004605,2026-08-02T16:58:14+0200
082e46082a2d74a1,auto-7202408d73d7,janus@8a1e7a1,janus,8a1e7a1,e_condc@6db8844,e_condc,6db8844,atoll,official,1,0,rating,a,a,1.0,core_destroyed,72,,68,420,9,20,26,0,5,4,ok,,3.484,n-62-21-97,29004605,2026-08-02T16:58:09+0200
0836705cffd68619,auto-7202408d73d7,janus@8a1e7a1,janus,8a1e7a1,undertow@da3fd8a,undertow,da3fd8a,fjord,official,1,0,rating,a,a,1.0,core_destroyed,47,,29,260,13,19,131,300,8,7,ok,,3.7,n-62-11-61,29004605,2026-08-02T16:58:58+0200
083eeeaf60e6b113,auto-7202408d73d7,janus@8a1e7a1,janus,8a1e7a1,e_final@9e77076,e_final,9e77076,longship,official,1,0,rating,a,a,1.0,core_destroyed,39,,20,80,12,12,65,0,8,2,ok,,3.729,n-62-28-30,29004605,2026-08-02T16:58:02+0200
084ade74613803c3,auto-7202408d73d7,undertow@9713344,undertow,9713344,janus@8a1e7a1,janus,8a1e7a1,aurora,official,1,0,rating,b,b,0.0,core_destroyed,52,,120,270,7,19,20,190,13,14,ok,,4.662,n-62-31-24,29004605,2026-08-02T16:58:23+0200
08551c4eb745796e,auto-7202408d73d7,janus@8a1e7a1,janus,8a1e7a1,tempest_blindfire@fdc1e1f,tempest_blindfire,fdc1e1f,string,official,1,0,rating,a,a,1.0,core_destroyed,60,,79,140,11,5,413,250,5,6,ok,,3.629,n-62-21-4,29004605,2026-08-02T16:58:05+0200
0866cc6a61d4f28d,auto-7202408d73d7,janus@8a1e7a1,janus,8a1e7a1,casemate@902be71,casemate,902be71,aurora,official,1,0,rating,a,a,1.0,core_destroyed,46,,10,90,12,11,3,0,6,27,ok,,3.982,n-62-11-60,29004605,2026-08-02T16:57:47+0200
0877cb7da372f7fd,auto-7202408d73d7,janus@8a1e7a1,janus,8a1e7a1,vanguard@c407e79,vanguard,c407e79,crossfire,official,1,0,rating,a,a,1.0,core_destroyed,50,,12,200,13,14,80,200,6,5,ok,,4.65,n-62-31-16,29004605,2026-08-02T16:58:33+0200
08c3f30e964cb229,auto-7202408d73d7,tempest_outer@fdc1e1f,tempest_outer,fdc1e1f,janus@8a1e7a1,janus,8a1e7a1,jackpot,official,1,0,rating,b,b,0.0,core_destroyed,45,,252,0,6,2,142,190,11,8,ok,,5.279,n-62-13-8,29004605,2026-08-02T16:57:55+0200
08ee771562689eef,auto-7202408d73d7,tempest_reinforcements@51ad530,tempest_reinforcements,51ad530,janus@8a1e7a1,janus,8a1e7a1,duel,official,1,0,rating,b,b,0.0,core_destroyed,39,,19,90,9,3,15,150,10,11,ok,,4.781,n-62-21-59,29004605,2026-08-02T16:58:03+0200
08f87b74cf44337a,auto-7202408d73d7,siege_v1@9713344,siege_v1,9713344,janus@8a1e7a1,janus,8a1e7a1,runestone,official,1,0,rating,b,b,0.0,core_destroyed,28,,219,0,5,2,13,40,11,13,ok,,3.34,n-62-12-6,29004605,2026-08-02T16:57:01+0200
09182106d426410b,auto-7202408d73d7,siege_v1@9713344,siege_v1,9713344,janus@8a1e7a1,janus,8a1e7a1,longship,official,1,0,rating,b,b,0.0,core_destroyed,32,,188,0,5,3,20,80,12,9,ok,,3.464,n-62-21-90,29004605,2026-08-02T16:57:51+0200
092d81342c693ca6,auto-7202408d73d7,janus@8a1e7a1,janus,8a1e7a1,uw_v1@9713344,uw_v1,9713344,duel,official,1,0,rating,a,a,1.0,core_destroyed,40,,30,180,11,16,107,70,5,7,ok,,3.332,n-62-21-97,29004605,2026-08-02T16:58:16+0200
0934a7f0bdb065ab,auto-7202408d73d7,vanguard_oracle@75591b7,vanguard_oracle,75591b7,janus@8a1e7a1,janus,8a1e7a1,duel,official,1,0,rating,a,a,1.0,core_destroyed,39,,114,170,4,5,12,150,13,6,ok,,4.681,n-62-31-7,29004605,2026-08-02T16:59:23+0200
0949ddfc2066e02c,auto-7202408d73d7,janus@8a1e7a1,janus,8a1e7a1,siege_v1@9713344,siege_v1,9713344,skerry,official,1,0,rating,a,a,1.0,core_destroyed,44,,120,230,11,10,219,0,5,3,ok,,3.24,n-62-12-6,29004605,2026-08-02T16:57:11+0200
097e3525acb158ac,auto-7202408d73d7,vigil@bf9b3e3,vigil,bf9b3e3,janus@8a1e7a1,janus,8a1e7a1,aurora,official,1,0,rating,a,a,1.0,core_destroyed,33,,10,60,11,8,45,60,10,7,ok,,3.582,n-62-31-21,29004605,2026-08-02T16:58:59+0200
09c281c02bce0bbd,auto-7202408d73d7,prospect@bf9b3e3,prospect,bf9b3e3,janus@8a1e7a1,janus,8a1e7a1,runestone,official,1,0,rating,b,b,0.0,core_destroyed,26,,8,30,11,5,18,40,11,7,ok,,4.611,n-62-11-56,29004605,2026-08-02T16:58:02+0200
09fbc45bb81cb6d3,auto-7202408d73d7,janus@8a1e7a1,janus,8a1e7a1,mistral@ba943b9,mistral,ba943b9,aurora,official,1,0,rating,a,a,1.0,core_destroyed,36,,20,70,12,9,296,0,5,0,ok,,7.319,n-62-31-16,29004605,2026-08-02T16:57:24+0200
0a20db09a939b7a5,auto-7202408d73d7,e_harc@6db8844,e_harc,6db8844,janus@8a1e7a1,janus,8a1e7a1,duel,official,1,0,rating,b,b,0.0,core_destroyed,48,,120,120,7,3,37,200,11,11,ok,,3.418,n-62-28-31,29004605,2026-08-02T16:58:54+0200
0a258664efd26b90,auto-7202408d73d7,tempest_fast@eb1f0f3,tempest_fast,eb1f0f3,janus@8a1e7a1,janus,8a1e7a1,runestone,official,1,0,rating,b,b,0.0,core_destroyed,27,,214,40,6,5,3,40,10,13,ok,,3.599,n-62-21-12,29004605,2026-08-02T16:57:37+0200
0a2e7702f9a12b34,auto-7202408d73d7,turtle@9713344,turtle,9713344,janus@8a1e7a1,janus,8a1e7a1,hive,official,1,0,rating,b,b,0.0,core_destroyed,180,,368,410,4,13,990,1670,8,86,ok,,4.068,n-62-31-21,29004605,2026-08-02T16:58:53+0200
0a383bd010872b05,auto-7202408d73d7,undertow@da3fd8a,undertow,da3fd8a,janus@8a1e7a1,janus,8a1e7a1,crossfire,official,1,0,rating,b,b,0.0,core_destroyed,32,,49,60,8,5,20,110,11,12,ok,,3.518,n-62-11-61,29004605,2026-08-02T16:58:47+0200
0a3b5f6b9c4de6c5,auto-7202408d73d7,tempest_blindfire@fdc1e1f,tempest_blindfire,fdc1e1f,janus@8a1e7a1,janus,8a1e7a1,sweden,official,1,0,rating,b,b,0.0,core_destroyed,72,,458,130,4,9,330,370,9,22,ok,,3.349,n-62-21-4,29004605,2026-08-02T16:58:18+0200
0a51f9a4db15ed3f,auto-7202408d73d7,e9cand@9e77076,e9cand,9e77076,janus@8a1e7a1,janus,8a1e7a1,vase,official,1,0,rating,b,b,0.0,core_destroyed,47,,525,60,2,6,100,80,7,7,ok,,2.599,n-62-21-97,29004605,2026-08-02T16:57:57+0200
0a8c5887686d6bc8,auto-7202408d73d7,janus@8a1e7a1,janus,8a1e7a1,jonbot_190003d@da3fd8a,jonbot_190003d,da3fd8a,skerry,official,1,0,rating,b,b,0.0,core_destroyed,86,,220,340,9,5,9,0,9,4,ok,,4.271,n-62-29-5,29004605,2026-08-02T16:57:12+0200
0a9417af6fc0f8c2,auto-7202408d73d7,janus@8a1e7a1,janus,8a1e7a1,attack_wave_v1@9713344,attack_wave_v1,9713344,aurora,official,1,0,rating,a,a,1.0,core_destroyed,36,,20,70,12,9,198,0,6,3,ok,,3.808,n-62-31-4,29004605,2026-08-02T16:57:05+0200
0a9e419a7a962a38,auto-7202408d73d7,v233_e@9713344,v233_e,9713344,janus@8a1e7a1,janus,8a1e7a1,vault,official,1,0,rating,a,a,1.0,core_destroyed,60,,258,270,7,26,437,250,8,5,ok,,3.219,n-62-29-14,29004605,2026-08-02T16:58:53+0200
0aa169a318f9550e,auto-7202408d73d7,janus@8a1e7a1,janus,8a1e7a1,vanguard@9932bec,vanguard,9932bec,sweden,official,1,0,rating,b,b,0.0,core_destroyed,74,,97,360,2,16,40,370,12,22,ok,,4.901,n-62-30-25,29004605,2026-08-02T16:59:00+0200
0aad0631cbc124fa,auto-7202408d73d7,janus@8a1e7a1,janus,8a1e7a1,e9cand@9e77076,e9cand,9e77076,showdown,official,1,0,rating,a,a,1.0,core_destroyed,40,,28,90,8,13,80,60,4,7,ok,,3.244,n-62-21-97,29004605,2026-08-02T16:56:57+0200
0abe5a0000e4b084,auto-7202408d73d7,janus@8a1e7a1,janus,8a1e7a1,vanguard@818f3b4,vanguard,818f3b4,string,official,1,0,rating,a,a,1.0,core_destroyed,141,,92,510,9,5,90,620,15,8,ok,,5.7,n-62-29-5,29004605,2026-08-02T16:58:38+0200
0ac55d547f2b3bbb,auto-7202408d73d7,vigil@1b5f3d1,vigil,1b5f3d1,janus@8a1e7a1,janus,8a1e7a1,skerry,official,1,0,rating,a,a,1.0,core_destroyed,37,,33,150,12,10,81,110,9,4,ok,,4.218,n-62-21-2,29004605,2026-08-02T16:59:13+0200
0aca35c98fd86811,auto-7202408d73d7,v233_b@9713344,v233_b,9713344,janus@8a1e7a1,janus,8a1e7a1,sweden,official,1,0,rating,b,b,0.0,core_destroyed,69,,92,50,6,5,267,350,10,22,ok,,3.492,n-62-28-34,29004605,2026-08-02T16:59:08+0200
0ad7f35659890053,auto-7202408d73d7,janus@8a1e7a1,janus,8a1e7a1,e_post2@4a95297,e_post2,4a95297,longship,official,1,0,rating,a,a,1.0,core_destroyed,55,,14,160,12,13,41,0,11,1,ok,,4.632,n-62-28-35,29004605,2026-08-02T16:56:59+0200
0adce7c7f4ab1e91,auto-7202408d73d7,janus@8a1e7a1,janus,8a1e7a1,tempest_outer@fdc1e1f,tempest_outer,fdc1e1f,skerry,official,1,0,rating,b,b,0.0,core_destroyed,42,,120,170,8,6,9,0,14,2,ok,,7.065,n-62-13-9,29004605,2026-08-02T16:57:02+0200
0ae64f16fd400a82,auto-7202408d73d7,janus@8a1e7a1,janus,8a1e7a1,vg_v4@9713344,vg_v4,9713344,longship,official,1,0,rating,a,a,1.0,core_destroyed,57,,12,180,13,19,80,0,6,7,ok,,4.188,n-62-12-2,29004605,2026-08-02T16:59:06+0200
0aebe97faf3fb4f2,auto-7202408d73d7,tempest_reinforcements@87724ec,tempest_reinforcements,87724ec,janus@8a1e7a1,janus,8a1e7a1,fjord,official,1,0,rating,b,b,0.0,core_destroyed,35,,8,0,10,2,13,180,10,11,ok,,6.363,n-62-21-63,29004605,2026-08-02T16:58:45+0200
0aeff35655fa57cc,auto-7202408d73d7,nemesis@9713344,nemesis,9713344,janus@8a1e7a1,janus,8a1e7a1,vase,official,1,0,rating,b,b,0.0,titanium_collected,1000,,2557,0,8,6,3768,2460,18,16,ok,,16.193,n-62-11-50,29004605,2026-08-02T16:57:36+0200
0af82db51cb942ba,auto-7202408d73d7,janus@8a1e7a1,janus,8a1e7a1,v233_e@9713344,v233_e,9713344,quarry,official,1,0,rating,a,a,1.0,core_destroyed,69,,64,420,11,30,87,190,1,14,ok,,3.435,n-62-29-13,29004605,2026-08-02T16:58:35+0200
0aff57ad0f25b67a,auto-7202408d73d7,vg_v2@9713344,vg_v2,9713344,janus@8a1e7a1,janus,8a1e7a1,strait,official,1,0,rating,b,b,0.0,core_destroyed,46,,118,90,2,7,21,150,9,17,ok,,3.203,n-62-21-89,29004605,2026-08-02T16:59:42+0200
0b2bc36774bb0584,auto-7202408d73d7,tempest_ferry@26b5aa1,tempest_ferry,26b5aa1,janus@8a1e7a1,janus,8a1e7a1,bridge,official,1,0,rating,b,b,0.0,core_destroyed,49,,273,0,4,5,77,200,10,17,ok,,3.45,n-62-21-13,29004605,2026-08-02T16:57:52+0200
0b3d6267b7b2891f,auto-7202408d73d7,janus@8a1e7a1,janus,8a1e7a1,tempest_oracle_ferry@fdc1e1f,tempest_oracle_ferry,fdc1e1f,aurora,official,1,0,rating,a,a,1.0,core_destroyed,38,,10,70,13,9,163,90,8,12,ok,,4.395,n-62-21-24,29004605,2026-08-02T16:57:56+0200
0b4afab14ffe7e5c,auto-7202408d73d7,janus@8a1e7a1,janus,8a1e7a1,reaver@9713344,reaver,9713344,runestone,official,1,0,rating,a,a,1.0,core_destroyed,37,,8,60,12,13,48,0,6,9,ok,,3.609,n-62-11-59,29004605,2026-08-02T16:58:03+0200
0b583d172798515b,auto-7202408d73d7,janus@8a1e7a1,janus,8a1e7a1,attack_wave_v1@9713344,attack_wave_v1,9713344,quarry,official,1,0,rating,a,a,1.0,core_destroyed,44,,30,160,11,20,208,0,6,3,ok,,3.633,n-62-31-5,29004605,2026-08-02T16:56:58+0200
0b604c2cd63703e8,auto-7202408d73d7,janus@8a1e7a1,janus,8a1e7a1,e_harc@6db8844,e_harc,6db8844,hive,official,1,0,rating,a,a,1.0,core_destroyed,57,,2,210,12,24,79,40,8,13,ok,,3.78,n-62-28-31,29004605,2026-08-02T16:59:06+0200
0b83cc7374340c97,auto-7202408d73d7,tempest_reinforcements@025dd51,tempest_reinforcements,025dd51,janus@8a1e7a1,janus,8a1e7a1,runestone,official,1,0,rating,b,b,0.0,core_destroyed,30,,5,40,11,9,18,50,11,7,ok,,4.065,n-62-12-67,29004605,2026-08-02T16:57:04+0200
0b9f2b8f6ef43ce4,auto-7202408d73d7,janus@8a1e7a1,janus,8a1e7a1,vigil@bf9b3e3,vigil,bf9b3e3,vault,official,1,0,rating,b,b,0.0,core_destroyed,30,,336,90,3,6,20,110,12,10,ok,,2.901,n-62-31-23,29004605,2026-08-02T16:58:52+0200
0bd1333435470854,auto-7202408d73d7,janus@8a1e7a1,janus,8a1e7a1,vigil@1b5f3d1,vigil,1b5f3d1,showdown,official,1,0,rating,b,b,0.0,core_destroyed,40,,228,0,3,5,68,0,7,11,ok,,2.834,n-62-21-2,29004605,2026-08-02T16:59:00+0200
0be75f816398cfef,auto-7202408d73d7,lockin@9713344,lockin,9713344,janus@8a1e7a1,janus,8a1e7a1,hive,official,1,0,rating,b,b,0.0,core_destroyed,43,,75,0,10,1,53,110,10,17,ok,,5.34,n-62-30-23,29004605,2026-08-02T16:58:01+0200
0bf997392f496450,auto-7202408d73d7,janus@8a1e7a1,janus,8a1e7a1,vigil@1b5f3d1,vigil,1b5f3d1,vault,official,1,0,rating,b,b,0.0,core_destroyed,30,,336,90,3,6,20,110,12,10,ok,,2.645,n-62-31-21,29004605,2026-08-02T16:58:42+0200
0bfc10640bb95f61,auto-7202408d73d7,vanguard@c407e79,vanguard,c407e79,janus@8a1e7a1,janus,8a1e7a1,fjord,official,1,0,rating,b,b,0.0,core_destroyed,36,,108,200,9,8,30,190,12,11,ok,,4.053,n-62-31-16,29004605,2026-08-02T16:58:58+0200
0bfce65922360733,auto-7202408d73d7,janus@8a1e7a1,janus,8a1e7a1,siege_v1@9713344,siege_v1,9713344,pinch,official,1,0,rating,a,a,1.0,core_destroyed,44,,81,200,8,21,214,0,6,3,ok,,2.887,n-62-21-90,29004605,2026-08-02T16:57:54+0200
0c05c87094e4a134,auto-7202408d73d7,janus@8a1e7a1,janus,8a1e7a1,casemate@902be71,casemate,902be71,runestone,official,1,0,rating,a,a,1.0,core_destroyed,37,,10,60,10,13,10,0,7,13,ok,,3.65,n-62-11-61,29004605,2026-08-02T16:57:49+0200
0c0c6cbae29f7b05,auto-7202408d73d7,janus@8a1e7a1,janus,8a1e7a1,e_final@9e77076,e_final,9e77076,quarry,official,1,0,rating,a,a,1.0,titanium_collected,54,,19,220,12,13,58,50,6,6,ok,,4.008,n-62-28-28,29004605,2026-08-02T16:56:58+0200
0c36485242760675,auto-7202408d73d7,janus@8a1e7a1,janus,8a1e7a1,e_post2@4a95297,e_post2,4a95297,twins,official,1,0,rating,a,a,1.0,core_destroyed,46,,71,170,10,14,105,40,9,8,ok,,3.874,n-62-29-20,29004605,2026-08-02T16:56:58+0200
0c4006884a00d853,auto-7202408d73d7,tempest_reinforcements@87724ec,tempest_reinforcements,87724ec,janus@8a1e7a1,janus,8a1e7a1,vase,official,1,0,rating,b,b,0.0,core_destroyed,35,,13,0,10,5,57,0,9,6,ok,,4.25,n-62-21-65,29004605,2026-08-02T16:57:43+0200
0c4b2d464cf0b8d9,auto-7202408d73d7,janus@8a1e7a1,janus,8a1e7a1,opponent_luc@e83a42c,opponent_luc,e83a42c,twins,official,1,0,rating,a,a,1.0,core_destroyed,43,,29,160,12,14,149,0,7,7,ok,,5.139,n-62-11-52,29004605,2026-08-02T16:57:11+0200
0c6cd09907d25257,auto-7202408d73d7,v233_g@9713344,v233_g,9713344,janus@8a1e7a1,janus,8a1e7a1,quarry,official,1,0,rating,a,a,1.0,core_destroyed,53,,58,250,13,23,315,250,8,16,ok,,3.45,n-62-29-27,29004605,2026-08-02T16:58:54+0200
0c91a6e8a6d84f52,auto-7202408d73d7,janus@8a1e7a1,janus,8a1e7a1,claude_challenger_2@fdc1e1f,claude_challenger_2,fdc1e1f,pinch,official,1,0,rating,a,a,1.0,core_destroyed,42,,89,170,9,15,268,0,7,1,ok,,3.749,n-62-31-9,29004605,2026-08-02T16:57:42+0200
0ca453a4082039f4,auto-7202408d73d7,janus@8a1e7a1,janus,8a1e7a1,e_post2@4a95297,e_post2,4a95297,fjord,official,1,0,rating,a,a,1.0,core_destroyed,49,,34,280,12,19,64,0,10,2,ok,,3.855,n-62-28-34,29004605,2026-08-02T16:57:51+0200
0cc53c49cb9861dc,auto-7202408d73d7,janus@8a1e7a1,janus,8a1e7a1,turtle@9713344,turtle,9713344,showdown,official,1,0,rating,a,a,1.0,core_destroyed,39,,20,80,8,17,94,0,1,2,ok,,3.372,n-62-31-23,29004605,2026-08-02T16:58:16+0200
0ccbe562bbb1f0b3,auto-7202408d73d7,tempest_frontier@fdc1e1f,tempest_frontier,fdc1e1f,janus@8a1e7a1,janus,8a1e7a1,sprint,official,1,0,rating,a,a,1.0,core_destroyed,26,,41,0,10,3,23,50,10,14,ok,,3.98,n-62-21-23,29004605,2026-08-02T16:58:19+0200
0ce003c7dfce9175,auto-7202408d73d7,e_final@9e77076,e_final,9e77076,janus@8a1e7a1,janus,8a1e7a1,sweden,official,1,0,rating,a,a,1.0,core_destroyed,257,,60,0,10,16,475,940,14,24,ok,,6.325,n-62-28-28,29004605,2026-08-02T16:57:54+0200
0cf8bcae97d15349,auto-7202408d73d7,vanguard_oracle@fdc1e1f,vanguard_oracle,fdc1e1f,janus@8a1e7a1,janus,8a1e7a1,skerry,official,1,0,rating,b,b,0.0,core_destroyed,41,,59,180,15,5,124,160,9,7,ok,,4.502,n-62-11-52,29004605,2026-08-02T16:59:14+0200
0cfa51d3c087db89,auto-7202408d73d7,gobbleglitch@e808e1d,gobbleglitch,e808e1d,janus@8a1e7a1,janus,8a1e7a1,sprint,official,1,0,rating,a,a,1.0,core_destroyed,29,,58,0,6,1,5,40,10,7,ok,,3.155,n-62-29-29,29004605,2026-08-02T16:57:01+0200
0d137fac929795a1,auto-7202408d73d7,janus@8a1e7a1,janus,8a1e7a1,jonbot@da3fd8a,jonbot,da3fd8a,vault,official,1,0,rating,a,a,1.0,core_destroyed,46,,270,180,8,7,284,100,6,7,ok,,2.981,n-62-29-32,29004605,2026-08-02T16:57:57+0200
0d309daeae8a7266,auto-7202408d73d7,janus@8a1e7a1,janus,8a1e7a1,claude_challenger_1@fdc1e1f,claude_challenger_1,fdc1e1f,atoll,official,1,0,rating,a,a,1.0,core_destroyed,48,,198,190,8,12,137,0,8,4,ok,,4.932,n-62-11-66,29004605,2026-08-02T16:57:51+0200
0d3c61fd444a4f88,auto-7202408d73d7,casemate_oracle@902be71,casemate_oracle,902be71,janus@8a1e7a1,janus,8a1e7a1,showdown,official,1,0,rating,a,a,1.0,core_destroyed,26,,50,0,7,1,49,0,10,5,ok,,4.052,n-62-11-65,29004605,2026-08-02T16:58:02+0200
0d43ebc0f7c66578,auto-7202408d73d7,janus@8a1e7a1,janus,8a1e7a1,tempest_fast@eb1f0f3,tempest_fast,eb1f0f3,pinch,official,1,0,rating,b,b,0.0,core_destroyed,28,,111,60,7,9,18,0,12,4,ok,,4.346,n-62-21-12,29004605,2026-08-02T16:57:16+0200
0d55685048829e3c,auto-7202408d73d7,janus@8a1e7a1,janus,8a1e7a1,tempest_sentinel@fdc1e1f,tempest_sentinel,fdc1e1f,sprint,official,1,0,rating,a,a,1.0,core_destroyed,47,,4,10,7,12,7,20,6,2,ok,,3.804,n-62-31-4,29004605,2026-08-02T16:58:13+0200
0d5b693e1df0a06b,auto-7202408d73d7,janus@8a1e7a1,janus,8a1e7a1,tempest_fast@eb1f0f3,tempest_fast,eb1f0f3,aurora,official,1,0,rating,a,a,1.0,core_destroyed,37,,11,70,11,9,262,70,6,7,ok,,3.753,n-62-21-8,29004605,2026-08-02T16:57:31+0200
0d5cc8b1790b94c6,auto-7202408d73d7,janus@8a1e7a1,janus,8a1e7a1,frontier_v2@9713344,frontier_v2,9713344,bridge,official,1,0,rating,a,a,1.0,core_destroyed,42,,70,160,10,19,149,0,7,3,ok,,3.128,n-62-29-18,29004605,2026-08-02T16:57:52+0200
0d5da2af7bfaaa20,auto-7202408d73d7,janus@8a1e7a1,janus,8a1e7a1,prospect@bf9b3e3,prospect,bf9b3e3,fjord,official,1,0,rating,b,b,0.0,core_destroyed,34,,83,170,8,10,9,170,12,10,ok,,4.485,n-62-11-56,29004605,2026-08-02T16:56:59+0200
0d7a0d9d65261c1b,auto-7202408d73d7,vanguard_oracle@902be71,vanguard_oracle,902be71,janus@8a1e7a1,janus,8a1e7a1,showdown,official,1,0,rating,b,b,0.0,core_destroyed,24,,113,0,4,0,14,10,9,11,ok,,3.205,n-62-11-56,29004605,2026-08-02T16:58:55+0200
0dc53a916f859fa6,auto-7202408d73d7,claude_challenger_2@fdc1e1f,claude_challenger_2,fdc1e1f,janus@8a1e7a1,janus,8a1e7a1,pinch,official,1,0,rating,b,b,0.0,core_destroyed,35,,93,0,10,2,27,110,10,15,ok,,4.428,n-62-31-9,29004605,2026-08-02T16:57:46+0200
0dc9c35e45a2bf4d,auto-7202408d73d7,tempest_fast@eb1f0f3,tempest_fast,eb1f0f3,janus@8a1e7a1,janus,8a1e7a1,vault,official,1,0,rating,a,a,1.0,core_destroyed,40,,42,0,13,3,285,150,9,5,ok,,4.081,n-62-21-13,29004605,2026-08-02T16:57:27+0200
0dd413ff5a9c408f,auto-7202408d73d7,janus@8a1e7a1,janus,8a1e7a1,vanguard@9932bec,vanguard,9932bec,vase,official,1,0,rating,a,a,1.0,core_destroyed,88,,356,180,7,12,122,0,10,2,ok,,3.43,n-62-30-25,29004605,2026-08-02T16:59:17+0200
0ddfc5eb1534b47e,auto-7202408d73d7,undertow@9713344,undertow,9713344,janus@8a1e7a1,janus,8a1e7a1,vault,official,1,0,rating,a,a,1.0,core_destroyed,47,,70,200,10,6,246,190,10,5,ok,,4.075,n-62-11-61,29004605,2026-08-02T16:58:14+0200
0de66fb38d3e8887,auto-7202408d73d7,reaver@9713344,reaver,9713344,janus@8a1e7a1,janus,8a1e7a1,hive,official,1,0,rating,b,b,0.0,core_destroyed,89,,85,200,4,11,72,440,10,38,ok,,4.554,n-62-11-59,29004605,2026-08-02T16:57:27+0200
0dfb23ba3b8137fc,auto-7202408d73d7,janus@8a1e7a1,janus,8a1e7a1,tempest_picket@fdc1e1f,tempest_picket,fdc1e1f,vase,official,1,0,rating,b,b,0.0,core_destroyed,32,,92,40,8,6,77,40,8,7,ok,,3.075,n-62-12-64,29004605,2026-08-02T16:57:49+0200
0dfb273c9bdbc414,auto-7202408d73d7,tempest_picket@fdc1e1f,tempest_picket,fdc1e1f,janus@8a1e7a1,janus,8a1e7a1,aurora,official,1,0,rating,b,b,0.0,core_destroyed,38,,237,0,6,3,10,110,12,11,ok,,4.285,n-62-13-9,29004605,2026-08-02T16:58:51+0200
0e13c7f03f44273d,auto-7202408d73d7,vg_v3@9713344,vg_v3,9713344,janus@8a1e7a1,janus,8a1e7a1,skerry,official,1,0,rating,b,b,0.0,core_destroyed,40,,114,0,7,4,99,200,10,14,ok,,3.339,n-62-12-6,29004605,2026-08-02T16:59:35+0200
0e26a85fe895f9dd,auto-7202408d73d7,baiter@9713344,baiter,9713344,janus@8a1e7a1,janus,8a1e7a1,bridge,official,1,0,rating,b,b,0.0,core_destroyed,137,,478,340,7,10,422,860,16,17,ok,,6.862,n-62-31-23,29004605,2026-08-02T16:57:51+0200
0e298149f7b51bdc,auto-7202408d73d7,janus@8a1e7a1,janus,8a1e7a1,tempest_outer@fdc1e1f,tempest_outer,fdc1e1f,pinch,official,1,0,rating,b,b,0.0,core_destroyed,28,,74,60,9,9,18,0,12,4,ok,,6.355,n-62-13-8,29004605,2026-08-02T16:58:14+0200
0e2bd8242fd3c2bd,auto-7202408d73d7,e_post2@4a95297,e_post2,4a95297,janus@8a1e7a1,janus,8a1e7a1,skerry,official,1,0,rating,b,b,0.0,core_destroyed,39,,84,0,11,1,91,160,10,10,ok,,3.922,n-62-28-35,29004605,2026-08-02T16:57:43+0200
0e85d6672ecc6550,auto-7202408d73d7,janus@8a1e7a1,janus,8a1e7a1,lockin@9713344,lockin,9713344,string,official,1,0,rating,a,a,1.0,core_destroyed,60,,404,460,7,11,650,0,0,0,ok,,2.405,n-62-30-25,29004605,2026-08-02T16:57:56+0200
0e94656ae9f5c9b7,auto-7202408d73d7,e_post2@4a95297,e_post2,4a95297,janus@8a1e7a1,janus,8a1e7a1,vase,official,1,0,rating,b,b,0.0,core_destroyed,47,,525,60,2,6,100,80,7,7,ok,,2.711,n-62-29-20,29004605,2026-08-02T16:57:09+0200
0e9e46a6eaf6d8e8,auto-7202408d73d7,casemate_oracle@902be71,casemate_oracle,902be71,janus@8a1e7a1,janus,8a1e7a1,bridge,official,1,0,rating,b,b,0.0,core_destroyed,70,,445,0,4,2,407,360,8,15,ok,,3.242,n-62-11-64,29004605,2026-08-02T16:58:22+0200
0ec881bccfa50cb2,auto-7202408d73d7,janus@8a1e7a1,janus,8a1e7a1,jonbot_190003d@da3fd8a,jonbot_190003d,da3fd8a,sprint,official,1,0,rating,a,a,1.0,core_destroyed,32,,42,50,8,9,61,60,6,13,ok,,2.718,n-62-29-5,29004605,2026-08-02T16:57:18+0200
0eee9d557ae9746b,auto-7202408d73d7,tempest_ferry@26b5aa1,tempest_ferry,26b5aa1,janus@8a1e7a1,janus,8a1e7a1,quarry,official,1,0,rating,b,b,0.0,core_destroyed,71,,148,0,5,0,7,80,8,16,ok,,4.03,n-62-21-2,29004605,2026-08-02T16:57:38+0200
0f36c5e618a44b57,auto-7202408d73d7,janus@8a1e7a1,janus,8a1e7a1,undertow_oracle@fdc1e1f,undertow_oracle,fdc1e1f,strait,official,1,0,rating,a,a,1.0,core_destroyed,66,,9,140,11,9,0,360,12,33,ok,,5.34,n-62-21-104,29004605,2026-08-02T16:58:16+0200
0f5cd8750d62a707,auto-7202408d73d7,vigil@1b5f3d1,vigil,1b5f3d1,janus@8a1e7a1,janus,8a1e7a1,fjord,official,1,0,rating,a,a,1.0,titanium_collected,38,,21,190,12,8,59,150,11,6,ok,,3.645,n-62-31-22,29004605,2026-08-02T16:59:31+0200
0f74848d7e143a62,auto-7202408d73d7,janus@8a1e7a1,janus,8a1e7a1,vanguard@c407e79,vanguard,c407e79,quarry,official,1,0,rating,a,a,1.0,core_destroyed,47,,26,170,11,15,41,180,10,21,ok,,4.2,n-62-31-16,29004605,2026-08-02T16:59:36+0200
0f88bc1c0dd65efc,auto-7202408d73d7,riptide@9713344,riptide,9713344,janus@8a1e7a1,janus,8a1e7a1,aurora,official,1,0,rating,b,b,0.0,core_destroyed,43,,115,80,4,9,12,140,13,12,ok,,3.937,n-62-11-55,29004605,2026-08-02T16:58:36+0200
0fc077205fc9ee0d,auto-7202408d73d7,e_condc@6db8844,e_condc,6db8844,janus@8a1e7a1,janus,8a1e7a1,atoll,official,1,0,rating,b,b,0.0,core_destroyed,56,,83,120,5,7,37,230,11,13,ok,,3.752,n-62-21-97,29004605,2026-08-02T16:58:13+0200
0fcbd5e0ce479c22,auto-7202408d73d7,casemate@902be71,casemate,902be71,janus@8a1e7a1,janus,8a1e7a1,fjord,official,1,0,rating,b,b,0.0,core_destroyed,44,,159,0,3,13,80,250,11,13,ok,,2.911,n-62-11-60,29004605,2026-08-02T16:58:32+0200
0fd1b1d3c476bb61,auto-7202408d73d7,janus@8a1e7a1,janus,8a1e7a1,vanguard@818f3b4,vanguard,818f3b4,duel,official,1,0,rating,a,a,1.0,core_destroyed,53,,55,250,10,24,101,240,8,5,ok,,3.232,n-62-29-34,29004605,2026-08-02T16:58:21+0200
0fea5bd5f8a645b4,auto-7202408d73d7,janus@8a1e7a1,janus,8a1e7a1,claude_challenger_3@fdc1e1f,claude_challenger_3,fdc1e1f,crossfire,official,1,0,rating,a,a,1.0,core_destroyed,60,,54,250,14,11,30,0,7,4,ok,,7.09,n-62-31-11,29004605,2026-08-02T16:57:02+0200
0ffdd503c7f326d9,auto-7202408d73d7,janus@8a1e7a1,janus,8a1e7a1,v233_i@902be71,v233_i,902be71,atoll,official,1,0,rating,a,a,1.0,core_destroyed,41,,50,150,10,7,31,170,12,6,ok,,4.127,n-62-29-29,29004605,2026-08-02T16:59:05+0200
10002723c1b74022,auto-7202408d73d7,tempest_outer@fdc1e1f,tempest_outer,fdc1e1f,janus@8a1e7a1,janus,8a1e7a1,fjord,official,1,0,rating,b,b,0.0,core_destroyed,36,,240,0,6,2,23,190,11,11,ok,,5.715,n-62-13-8,29004605,2026-08-02T16:57:30+0200
1010b2de8f4723f6,auto-7202408d73d7,janus@8a1e7a1,janus,8a1e7a1,siege_v1@9713344,siege_v1,9713344,hive,official,1,0,rating,a,a,1.0,core_destroyed,47,,20,140,11,18,260,0,6,2,ok,,3.274,n-62-21-90,29004605,2026-08-02T16:57:33+0200
101c2ebfddde7200,auto-7202408d73d7,janus@8a1e7a1,janus,8a1e7a1,casemate@902be71,casemate,902be71,duel,official,1,0,rating,a,a,1.0,core_destroyed,44,,41,180,10,11,10,0,6,17,ok,,3.652,n-62-11-60,29004605,2026-08-02T16:58:10+0200
1045b47102e8c884,auto-7202408d73d7,janus@8a1e7a1,janus,8a1e7a1,tempest_reinforcements@87724ec,tempest_reinforcements,87724ec,longship,official,1,0,rating,a,a,1.0,core_destroyed,31,,20,60,11,11,18,0,10,3,ok,,6.696,n-62-21-64,29004605,2026-08-02T16:57:36+0200
10687c67e3ce3b3e,auto-7202408d73d7,janus@8a1e7a1,janus,8a1e7a1,v233_c@9713344,v233_c,9713344,sweden,official,1,0,rating,b,b,0.0,core_destroyed,58,,114,230,9,19,116,80,7,9,ok,,3.39,n-62-29-16,29004605,2026-08-02T16:59:17+0200
107d99058589e62e,auto-7202408d73d7,frontier_v1@9713344,frontier_v1,9713344,janus@8a1e7a1,janus,8a1e7a1,hive,official,1,0,rating,b,b,0.0,core_destroyed,43,,48,0,11,1,48,110,11,17,ok,,4.28,n-62-29-16,29004605,2026-08-02T16:57:03+0200
107ec352d50a35ad,auto-7202408d73d7,janus@8a1e7a1,janus,8a1e7a1,autistimusprime@ecd4d24,autistimusprime,ecd4d24,bridge,official,1,0,rating,b,b,0.0,core_destroyed,42,,90,150,9,17,60,70,9,14,ok,,3.236,n-62-31-22,29004605,2026-08-02T16:57:19+0200
108f5b869d7f9166,auto-7202408d73d7,tempest_reinforcements@51ad530,tempest_reinforcements,51ad530,janus@8a1e7a1,janus,8a1e7a1,showdown,official,1,0,rating,a,a,1.0,core_destroyed,20,,29,0,10,5,103,0,9,5,ok,,4.011,n-62-21-60,29004605,2026-08-02T16:57:43+0200
1091ca8fb5656420,auto-7202408d73d7,attack_wave_v1@9713344,attack_wave_v1,9713344,janus@8a1e7a1,janus,8a1e7a1,duel,official,1,0,rating,b,b,0.0,core_destroyed,28,,136,0,6,3,52,100,11,9,ok,,3.352,n-62-31-4,29004605,2026-08-02T16:57:30+0200
10960a570f4b19dc,auto-7202408d73d7,janus@8a1e7a1,janus,8a1e7a1,tempest_outer@fdc1e1f,tempest_outer,fdc1e1f,bridge,official,1,0,rating,a,a,1.0,core_destroyed,45,,125,180,9,17,254,0,5,7,ok,,2.975,n-62-13-6,29004605,2026-08-02T16:58:05+0200
10a67638b43b6150,auto-7202408d73d7,claude_challenger_3@fdc1e1f,claude_challenger_3,fdc1e1f,janus@8a1e7a1,janus,8a1e7a1,skerry,official,1,0,rating,b,b,0.0,core_destroyed,39,,147,160,11,6,125,150,10,8,ok,,5.333,n-62-21-103,29004605,2026-08-02T16:57:05+0200
10add0489ddd5d7c,auto-7202408d73d7,janus@8a1e7a1,janus,8a1e7a1,e_final@9e77076,e_final,9e77076,sweden,official,1,0,rating,b,b,0.0,core_destroyed,63,,91,330,9,27,8,0,9,9,ok,,3.486,n-62-28-28,29004605,2026-08-02T16:57:47+0200
10ae3863f54fa7f7,auto-7202408d73d7,janus@8a1e7a1,janus,8a1e7a1,vanguard_oracle@75591b7,vanguard_oracle,75591b7,string,official,1,0,rating,a,a,1.0,core_destroyed,141,,92,510,9,5,90,620,15,8,ok,,5.955,n-62-11-50,29004605,2026-08-02T16:59:16+0200
10afab504ba648a3,auto-7202408d73d7,janus@8a1e7a1,janus,8a1e7a1,vanguard@da3fd8a,vanguard,da3fd8a,string,official,1,0,rating,a,a,1.0,core_destroyed,199,,540,960,17,8,126,180,10,1,ok,,7.065,n-62-31-15,29004605,2026-08-02T16:59:09+0200
10b8314e813144e1,auto-7202408d73d7,e9cand@9e77076,e9cand,9e77076,janus@8a1e7a1,janus,8a1e7a1,runestone,official,1,0,rating,b,b,0.0,core_destroyed,33,,79,0,9,2,3,50,11,15,ok,,3.812,n-62-21-104,29004605,2026-08-02T16:58:16+0200
10fe898148244477,auto-7202408d73d7,janus@8a1e7a1,janus,8a1e7a1,tempest_reinforcements@025dd51,tempest_reinforcements,025dd51,duel,official,1,0,rating,a,a,1.0,core_destroyed,51,,32,210,10,9,37,70,5,3,ok,,3.806,n-62-12-66,29004605,2026-08-02T16:57:23+0200
11472569715c97ce,auto-7202408d73d7,janus@8a1e7a1,janus,8a1e7a1,nemesis@9713344,nemesis,9713344,bridge,official,1,0,rating,a,a,1.0,core_destroyed,56,,188,260,7,19,47,40,8,14,ok,,3.731,n-62-31-7,29004605,2026-08-02T16:57:50+0200
11480e44b2493dbf,auto-7202408d73d7,mistral_fast@26b5aa1,mistral_fast,26b5aa1,janus@8a1e7a1,janus,8a1e7a1,fjord,official,1,0,rating,b,b,0.0,core_destroyed,33,,265,0,6,0,27,170,12,11,ok,,3.567,n-62-31-8,29004605,2026-08-02T16:57:56+0200
11869e3aec528610,auto-7202408d73d7,vanguard_oracle@902be71,vanguard_oracle,902be71,janus@8a1e7a1,janus,8a1e7a1,sprint,official,1,0,rating,b,b,0.0,core_destroyed,45,,58,90,6,6,58,160,8,19,ok,,3.361,n-62-11-56,29004605,2026-08-02T16:59:11+0200
118791cab5eea65e,auto-7202408d73d7,vg_v2@9713344,vg_v2,9713344,janus@8a1e7a1,janus,8a1e7a1,crossfire,official,1,0,rating,b,b,0.0,core_destroyed,34,,68,70,5,7,25,120,11,12,ok,,3.51,n-62-21-91,29004605,2026-08-02T16:59:35+0200
118a3a60bcdf5b84,auto-7202408d73d7,janus@8a1e7a1,janus,8a1e7a1,frontier_v2@9713344,frontier_v2,9713344,skerry,official,1,0,rating,a,a,1.0,core_destroyed,45,,209,240,9,10,165,0,7,3,ok,,2.976,n-62-29-24,29004605,2026-08-02T16:57:50+0200
11a90afe26900926,auto-7202408d73d7,janus@8a1e7a1,janus,8a1e7a1,undertow@fdc1e1f,undertow,fdc1e1f,runestone,official,1,0,rating,a,a,1.0,core_destroyed,35,,10,60,11,13,66,110,9,11,ok,,3.864,n-62-11-66,29004605,2026-08-02T16:58:37+0200
11d38d4f0f2d5cdb,auto-7202408d73d7,vigil@18b749d,vigil,18b749d,janus@8a1e7a1,janus,8a1e7a1,skerry,official,1,0,rating,a,a,1.0,core_destroyed,37,,26,150,12,11,81,110,9,4,ok,,4.309,n-62-21-13,29004605,2026-08-02T16:59:07+0200
11d648ca9b95d0dc,auto-7202408d73d7,janus@8a1e7a1,janus,8a1e7a1,tempest_sentinel@fdc1e1f,tempest_sentinel,fdc1e1f,jackpot,official,1,0,rating,a,a,1.0,core_destroyed,51,,60,210,12,8,116,60,7,5,ok,,4.276,n-62-21-71,29004605,2026-08-02T16:57:30+0200
11fd5b3da8b05ccb,auto-7202408d73d7,janus@8a1e7a1,janus,8a1e7a1,autistimusprime@ecd4d24,autistimusprime,ecd4d24,sprint,official,1,0,rating,b,b,0.0,core_destroyed,26,,20,40,11,4,67,0,5,1,ok,,4.258,n-62-31-21,29004605,2026-08-02T16:57:42+0200
1250304ffaf3c95e,auto-7202408d73d7,janus@8a1e7a1,janus,8a1e7a1,vanguard_oracle@fdc1e1f,vanguard_oracle,fdc1e1f,twins,official,1,0,rating,b,b,0.0,core_destroyed,44,,19,90,12,7,91,150,5,5,ok,,4.191,n-62-11-54,29004605,2026-08-02T16:58:27+0200
125dfea0139b8737,auto-7202408d73d7,janus@8a1e7a1,janus,8a1e7a1,undertow@fdc1e1f,undertow,fdc1e1f,longship,official,1,0,rating,a,a,1.0,core_destroyed,52,,20,150,12,13,88,210,5,15,ok,,4.185,n-62-11-66,29004605,2026-08-02T16:58:13+0200
126836deb63271de,auto-7202408d73d7,janus@8a1e7a1,janus,8a1e7a1,tempest_fast@eb1f0f3,tempest_fast,eb1f0f3,quarry,official,1,0,rating,a,a,1.0,core_destroyed,45,,10,80,8,19,189,0,8,5,ok,,3.812,n-62-21-12,29004605,2026-08-02T16:57:24+0200
126f3445d046793b,auto-7202408d73d7,e_t4l7@9e77076,e_t4l7,9e77076,janus@8a1e7a1,janus,8a1e7a1,crossfire,official,1,0,rating,b,b,0.0,core_destroyed,52,,48,210,6,14,23,220,10,17,ok,,3.33,n-62-29-20,29004605,2026-08-02T16:57:56+0200
129523a5e48a2b33,auto-7202408d73d7,janus@8a1e7a1,janus,8a1e7a1,tempest_reinforcements@65ddc55,tempest_reinforcements,65ddc55,atoll,official,1,0,rating,b,b,0.0,core_destroyed,36,,166,120,8,6,26,80,7,5,ok,,3.821,n-62-21-61,29004605,2026-08-02T16:57:31+0200
129567a6db24a85b,auto-7202408d73d7,baiter@9713344,baiter,9713344,janus@8a1e7a1,janus,8a1e7a1,atoll,official,1,0,rating,b,b,0.0,core_destroyed,46,,102,100,5,7,71,180,10,12,ok,,4.61,n-62-31-23,29004605,2026-08-02T16:57:25+0200
129fc6fca0183c48,auto-7202408d73d7,tempest_outer@fdc1e1f,tempest_outer,fdc1e1f,janus@8a1e7a1,janus,8a1e7a1,strait,official,1,0,rating,b,b,0.0,core_destroyed,36,,205,0,6,3,60,100,9,13,ok,,5.084,n-62-13-9,29004605,2026-08-02T16:57:32+0200
12a0561f7be3c467,auto-7202408d73d7,mistral_fast@26b5aa1,mistral_fast,26b5aa1,janus@8a1e7a1,janus,8a1e7a1,sprint,official,1,0,rating,b,b,0.0,core_destroyed,27,,137,0,5,0,19,50,10,13,ok,,3.677,n-62-31-15,29004605,2026-08-02T16:57:52+0200
12a7f6f655a2338a,auto-7202408d73d7,v233_a@9713344,v233_a,9713344,janus@8a1e7a1,janus,8a1e7a1,sweden,official,1,0,rating,b,b,0.0,core_destroyed,69,,92,50,6,5,267,350,10,22,ok,,3.408,n-62-28-28,29004605,2026-08-02T16:59:22+0200
12b1c7644282d001,auto-7202408d73d7,janus@8a1e7a1,janus,8a1e7a1,e_t4l7@9e77076,e_t4l7,9e77076,crossfire,official,1,0,rating,a,a,1.0,core_destroyed,37,,10,130,11,11,10,20,5,6,ok,,3.286,n-62-29-20,29004605,2026-08-02T16:57:53+0200
12cc8875912c2609,auto-7202408d73d7,janus@8a1e7a1,janus,8a1e7a1,jonbot_190003d@da3fd8a,jonbot_190003d,da3fd8a,runestone,official,1,0,rating,a,a,1.0,core_destroyed,67,,13,160,8,18,123,0,8,8,ok,,3.998,n-62-29-5,29004605,2026-08-02T16:56:58+0200
1300e0bea804947a,auto-7202408d73d7,v233_i@902be71,v233_i,902be71,janus@8a1e7a1,janus,8a1e7a1,showdown,official,1,0,rating,b,b,0.0,core_destroyed,32,,64,0,8,2,29,60,9,15,ok,,2.856,n-62-29-8,29004605,2026-08-02T16:59:42+0200
13011dfec4175f24,auto-7202408d73d7,tempest_oracle_ferry@fdc1e1f,tempest_oracle_ferry,fdc1e1f,janus@8a1e7a1,janus,8a1e7a1,sprint,official,1,0,rating,b,b,0.0,core_destroyed,29,,60,0,3,1,9,40,10,13,ok,,3.677,n-62-13-6,29004605,2026-08-02T16:57:02+0200
133f054f65adf461,auto-7202408d73d7,janus@8a1e7a1,janus,8a1e7a1,vg_v2@9713344,vg_v2,9713344,hive,official,1,0,rating,a,a,1.0,core_destroyed,69,,18,300,12,25,83,0,2,7,ok,,4.726,n-62-21-89,29004605,2026-08-02T16:58:29+0200
1340ccc7caee03b1,auto-7202408d73d7,janus@8a1e7a1,janus,8a1e7a1,claude_challenger_2@fdc1e1f,claude_challenger_2,fdc1e1f,skerry,official,1,0,rating,a,a,1.0,core_destroyed,39,,153,180,9,10,144,150,11,5,ok,,4.615,n-62-31-9,29004605,2026-08-02T16:58:15+0200
134209987d8fc2c2,auto-7202408d73d7,janus@8a1e7a1,janus,8a1e7a1,v233_d@9713344,v233_d,9713344,skerry,official,1,0,rating,a,a,1.0,core_destroyed,51,,66,250,13,9,57,0,3,4,ok,,4.006,n-62-29-9,29004605,2026-08-02T16:58:51+0200
135ce7c44a60714c,auto-7202408d73d7,frontier_v2@9713344,frontier_v2,9713344,janus@8a1e7a1,janus,8a1e7a1,fjord,official,1,0,rating,b,b,0.0,core_destroyed,35,,137,0,7,3,10,170,13,12,ok,,3.452,n-62-29-24,29004605,2026-08-02T16:57:02+0200
1365a466081b336f,auto-7202408d73d7,janus@8a1e7a1,janus,8a1e7a1,frontier_v1@9713344,frontier_v1,9713344,vault,official,1,0,rating,a,a,1.0,core_destroyed,43,,262,160,8,7,52,0,10,2,ok,,3.244,n-62-29-18,29004605,2026-08-02T16:57:31+0200
136b57752fce83c0,auto-7202408d73d7,frontier_v1@9713344,frontier_v1,9713344,janus@8a1e7a1,janus,8a1e7a1,jackpot,official,1,0,rating,b,b,0.0,core_destroyed,38,,38,0,11,1,58,150,12,8,ok,,4.436,n-62-29-16,29004605,2026-08-02T16:57:13+0200
13a2f394d7ba5987,auto-7202408d73d7,undertow_oracle@75591b7,undertow_oracle,75591b7,janus@8a1e7a1,janus,8a1e7a1,pinch,official,1,0,rating,b,b,0.0,core_destroyed,41,,0,130,11,23,35,150,11,14,ok,,4.518,n-62-31-10,29004605,2026-08-02T16:58:54+0200
13aaa353707c788f,auto-7202408d73d7,janus@8a1e7a1,janus,8a1e7a1,v233_a@9713344,v233_a,9713344,showdown,official,1,0,rating,a,a,1.0,core_destroyed,28,,28,30,8,15,92,0,3,5,ok,,2.471,n-62-28-28,29004605,2026-08-02T16:58:17+0200
13acfd5dcefcacc8,auto-7202408d73d7,janus@8a1e7a1,janus,8a1e7a1,attack_wave_v1@9713344,attack_wave_v1,9713344,skerry,official,1,0,rating,a,a,1.0,core_destroyed,44,,120,230,11,10,219,0,5,3,ok,,3.661,n-62-31-5,29004605,2026-08-02T16:57:19+0200
13d662e6cae684ff,auto-7202408d73d7,tempest_reinforcements@e1dc316,tempest_reinforcements,e1dc316,janus@8a1e7a1,janus,8a1e7a1,duel,official,1,0,rating,b,b,0.0,core_destroyed,46,,12,100,11,4,59,220,10,14,ok,,4.85,n-62-21-65,29004605,2026-08-02T16:59:15+0200
140c3ae6f9dd003e,auto-7202408d73d7,siege_v1@9713344,siege_v1,9713344,janus@8a1e7a1,janus,8a1e7a1,vault,official,1,0,rating,b,b,0.0,core_destroyed,45,,223,0,6,3,297,180,8,6,ok,,2.945,n-62-12-6,29004605,2026-08-02T16:58:02+0200
140fe56b0b4ed1d3,auto-7202408d73d7,tempest_frontier@fdc1e1f,tempest_frontier,fdc1e1f,janus@8a1e7a1,janus,8a1e7a1,showdown,official,1,0,rating,a,a,1.0,core_destroyed,19,,18,0,10,6,101,0,7,5,ok,,3.716,n-62-21-23,29004605,2026-08-02T16:58:02+0200
14103ef89df46d7b,auto-7202408d73d7,janus@8a1e7a1,janus,8a1e7a1,titanium_v1@9713344,titanium_v1,9713344,bridge,official,1,0,rating,a,a,1.0,core_destroyed,50,,63,230,8,28,353,0,4,3,ok,,3.156,n-62-31-5,29004605,2026-08-02T16:58:04+0200
1463f32f9319f449,auto-7202408d73d7,casemate_oracle@902be71,casemate_oracle,902be71,janus@8a1e7a1,janus,8a1e7a1,strait,official,1,0,rating,b,b,0.0,core_destroyed,109,,29,0,3,14,186,260,8,9,ok,,4.873,n-62-11-65,29004605,2026-08-02T16:58:30+0200
1469e9d4b6396673,auto-7202408d73d7,vanguard@c407e79,vanguard,c407e79,janus@8a1e7a1,janus,8a1e7a1,strait,official,1,0,rating,b,b,0.0,core_destroyed,43,,34,140,8,6,7,90,11,9,ok,,4.124,n-62-31-19,29004605,2026-08-02T16:58:52+0200
146d792fa3adace6,auto-7202408d73d7,janus@8a1e7a1,janus,8a1e7a1,undertow@fdc1e1f,undertow,fdc1e1f,fjord,official,1,0,rating,a,a,1.0,core_destroyed,47,,29,260,13,19,131,300,8,7,ok,,4.136,n-62-11-65,29004605,2026-08-02T16:59:30+0200
1494372f1359b018,auto-7202408d73d7,janus@8a1e7a1,janus,8a1e7a1,vanguard_oracle@75591b7,vanguard_oracle,75591b7,twins,official,1,0,rating,b,b,0.0,core_destroyed,41,,25,80,12,7,78,140,7,6,ok,,4.033,n-62-11-50,29004605,2026-08-02T16:59:34+0200
149c21d9fed5705c,auto-7202408d73d7,janus@8a1e7a1,janus,8a1e7a1,vg_v4@9713344,vg_v4,9713344,sweden,official,1,0,rating,a,a,1.0,core_destroyed,92,,326,520,12,22,121,120,4,4,ok,,5.155,n-62-12-1,29004605,2026-08-02T16:58:58+0200
14b3c77894d7ffe1,auto-7202408d73d7,janus@8a1e7a1,janus,8a1e7a1,v233_e@9713344,v233_e,9713344,pinch,official,1,0,rating,a,a,1.0,core_destroyed,54,,36,200,12,11,88,200,5,10,ok,,3.47,n-62-29-13,29004605,2026-08-02T16:58:28+0200
14b6d59063857c38,auto-7202408d73d7,tempest_reinforcements@51ad530,tempest_reinforcements,51ad530,janus@8a1e7a1,janus,8a1e7a1,string,official,1,0,rating,b,b,0.0,core_destroyed,96,,10,30,10,8,79,90,2,5,ok,,4.069,n-62-21-60,29004605,2026-08-02T16:58:22+0200
14b8bd11183cc546,auto-7202408d73d7,janus@8a1e7a1,janus,8a1e7a1,baiter@9713344,baiter,9713344,twins,official,1,0,rating,a,a,1.0,core_destroyed,117,,74,740,14,35,108,460,1,23,ok,,6.236,n-62-11-60,29004605,2026-08-02T16:57:01+0200
14d6fa4b12cdeb2b,auto-7202408d73d7,tempest_ferry@26b5aa1,tempest_ferry,26b5aa1,janus@8a1e7a1,janus,8a1e7a1,vault,official,1,0,rating,a,a,1.0,core_destroyed,39,,5,0,14,3,305,150,8,5,ok,,4.012,n-62-21-15,29004605,2026-08-02T16:57:35+0200
14e040d0aeb8f002,auto-7202408d73d7,janus@8a1e7a1,janus,8a1e7a1,tempest_reinforcements@87724ec,tempest_reinforcements,87724ec,jackpot,official,1,0,rating,a,a,1.0,core_destroyed,51,,60,210,12,8,57,60,9,5,ok,,5.944,n-62-21-64,29004605,2026-08-02T16:57:20+0200
14ffb51a8c0cbfa2,auto-7202408d73d7,vanguard_oracle@fdc1e1f,vanguard_oracle,fdc1e1f,janus@8a1e7a1,janus,8a1e7a1,string,official,1,0,rating,a,a,1.0,core_destroyed,69,,59,40,10,7,110,40,7,0,ok,,3.663,n-62-11-52,29004605,2026-08-02T16:59:37+0200
1505493ba5e9b7e8,auto-7202408d73d7,tempest_sentinel@fdc1e1f,tempest_sentinel,fdc1e1f,janus@8a1e7a1,janus,8a1e7a1,fjord,official,1,0,rating,b,b,0.0,core_destroyed,36,,180,0,7,2,23,190,11,11,ok,,3.976,n-62-21-71,29004605,2026-08-02T16:57:18+0200
151a4c42c068c282,auto-7202408d73d7,titanium_v1@9713344,titanium_v1,9713344,janus@8a1e7a1,janus,8a1e7a1,vault,official,1,0,rating,b,b,0.0,core_destroyed,43,,341,0,4,3,277,170,8,6,ok,,2.223,n-62-31-22,29004605,2026-08-02T16:58:53+0200
1528257f60ce6293,auto-7202408d73d7,tempest_blindfire@fdc1e1f,tempest_blindfire,fdc1e1f,janus@8a1e7a1,janus,8a1e7a1,twins,official,1,0,rating,b,b,0.0,core_destroyed,31,,226,0,6,3,50,90,9,14,ok,,3.376,n-62-21-8,29004605,2026-08-02T16:57:02+0200
153d47d54e11fe91,auto-7202408d73d7,janus@8a1e7a1,janus,8a1e7a1,jonbot@9713344,jonbot,9713344,jackpot,official,1,0,rating,a,a,1.0,core_destroyed,135,,340,760,17,20,492,0,5,0,ok,,4.62,n-62-29-8,29004605,2026-08-02T16:57:26+0200
15694293b65768b5,auto-7202408d73d7,jonbot_190003d@da3fd8a,jonbot_190003d,da3fd8a,janus@8a1e7a1,janus,8a1e7a1,longship,official,1,0,rating,b,b,0.0,core_destroyed,35,,185,60,6,10,20,100,11,9,ok,,4.036,n-62-29-34,29004605,2026-08-02T16:57:56+0200
157b4b9699fa375b,auto-7202408d73d7,nemesis@9713344,nemesis,9713344,janus@8a1e7a1,janus,8a1e7a1,longship,official,1,0,rating,b,b,0.0,core_destroyed,47,,102,90,8,16,20,160,13,15,ok,,4.407,n-62-31-13,29004605,2026-08-02T16:57:21+0200
158131ceb7cdc735,auto-7202408d73d7,janus@8a1e7a1,janus,8a1e7a1,casemate_oracle@902be71,casemate_oracle,902be71,atoll,official,1,0,rating,a,a,1.0,core_destroyed,37,,92,130,9,8,52,0,7,14,ok,,4.439,n-62-11-64,29004605,2026-08-02T16:57:58+0200
15845b4fb8a545a6,auto-7202408d73d7,janus@8a1e7a1,janus,8a1e7a1,tempest_reinforcements@025dd51,tempest_reinforcements,025dd51,vase,official,1,0,rating,b,b,0.0,core_destroyed,82,,131,160,5,6,70,100,12,12,ok,,4.619,n-62-12-67,29004605,2026-08-02T16:58:08+0200
15919640c3d1a095,auto-7202408d73d7,janus@8a1e7a1,janus,8a1e7a1,frontier_v2@9713344,frontier_v2,9713344,string,official,1,0,rating,a,a,1.0,core_destroyed,154,,665,1390,15,11,477,0,5,0,ok,,5.581,n-62-29-27,29004605,2026-08-02T16:57:06+0200
15a71d5e62d9f557,auto-7202408d73d7,v233_d@9713344,v233_d,9713344,janus@8a1e7a1,janus,8a1e7a1,vault,official,1,0,rating,b,b,0.0,core_destroyed,58,,75,50,3,6,128,250,10,11,ok,,3.267,n-62-29-31,29004605,2026-08-02T16:58:30+0200
15ccbfd71eb0b5f2,auto-7202408d73d7,janus@8a1e7a1,janus,8a1e7a1,gobbleglitch@e808e1d,gobbleglitch,e808e1d,strait,official,1,0,rating,b,b,0.0,core_destroyed,37,,9,70,12,4,48,0,6,1,ok,,3.913,n-62-29-29,29004605,2026-08-02T16:57:05+0200
15ccd93451a41dd3,auto-7202408d73d7,vanguard@818f3b4,vanguard,818f3b4,janus@8a1e7a1,janus,8a1e7a1,quarry,official,1,0,rating,b,b,0.0,core_destroyed,62,,56,170,8,6,58,350,11,21,ok,,4.268,n-62-29-34,29004605,2026-08-02T16:59:16+0200
15d7642105f91699,auto-7202408d73d7,v233_c@9713344,v233_c,9713344,janus@8a1e7a1,janus,8a1e7a1,sprint,official,1,0,rating,b,b,0.0,core_destroyed,34,,72,60,5,7,33,120,8,16,ok,,2.776,n-62-29-16,29004605,2026-08-02T16:58:51+0200
1607dc9d3807f34a,auto-7202408d73d7,janus@8a1e7a1,janus,8a1e7a1,frontier_v2@9713344,frontier_v2,9713344,sweden,official,1,0,rating,a,a,1.0,core_destroyed,62,,130,300,11,22,199,0,7,3,ok,,3.513,n-62-29-27,29004605,2026-08-02T16:57:13+0200
160ff65deedfe11a,auto-7202408d73d7,v233_e@9713344,v233_e,9713344,janus@8a1e7a1,janus,8a1e7a1,longship,official,1,0,rating,b,b,0.0,core_destroyed,41,,116,160,8,10,20,130,12,12,ok,,3.789,n-62-29-13,29004605,2026-08-02T16:58:24+0200
16178b0c9d91eafc,auto-7202408d73d7,opponent_luc@e83a42c,opponent_luc,e83a42c,janus@8a1e7a1,janus,8a1e7a1,twins,official,1,0,rating,b,b,0.0,core_destroyed,44,,213,150,6,20,51,140,10,19,ok,,5.169,n-62-11-52,29004605,2026-08-02T16:57:17+0200
1617d060dde0a88c,auto-7202408d73d7,janus@8a1e7a1,janus,8a1e7a1,v233_a@9713344,v233_a,9713344,sweden,official,1,0,rating,a,a,1.0,titanium_collected,1000,,9574,7330,9,22,4330,2440,9,9,ok,,18.298,n-62-28-28,29004605,2026-08-02T16:59:18+0200
162406531a62b828,auto-7202408d73d7,vanguard@c407e79,vanguard,c407e79,janus@8a1e7a1,janus,8a1e7a1,sweden,official,1,0,rating,b,b,0.0,core_destroyed,83,,79,330,11,23,323,450,10,22,ok,,4.428,n-62-31-19,29004605,2026-08-02T16:59:23+0200
162dc87a454b0c92,auto-7202408d73d7,v233_a@9713344,v233_a,9713344,janus@8a1e7a1,janus,8a1e7a1,twins,official,1,0,rating,b,b,0.0,core_destroyed,34,,75,40,7,5,32,100,10,14,ok,,2.804,n-62-28-28,29004605,2026-08-02T16:59:39+0200
163e3e833d56ca05,auto-7202408d73d7,janus@8a1e7a1,janus,8a1e7a1,e_condc@6db8844,e_condc,6db8844,crossfire,official,1,0,rating,a,a,1.0,core_destroyed,43,,8,160,11,11,52,0,7,7,ok,,3.663,n-62-21-98,29004605,2026-08-02T16:57:15+0200
1644b1fc0176db8b,auto-7202408d73d7,janus@8a1e7a1,janus,8a1e7a1,vg_v3@9713344,vg_v3,9713344,showdown,official,1,0,rating,a,a,1.0,core_destroyed,32,,28,50,8,15,92,0,2,5,ok,,2.679,n-62-12-6,29004605,2026-08-02T16:59:25+0200
1656a361342ea68e,auto-7202408d73d7,undertow_1ac7ac4@da3fd8a,undertow_1ac7ac4,da3fd8a,janus@8a1e7a1,janus,8a1e7a1,twins,official,1,0,rating,b,b,0.0,core_destroyed,36,,127,120,7,8,18,110,10,15,ok,,3.345,n-62-31-9,29004605,2026-08-02T16:58:30+0200
1669a1098f444c58,auto-7202408d73d7,tempest_frontier@fdc1e1f,tempest_frontier,fdc1e1f,janus@8a1e7a1,janus,8a1e7a1,string,official,1,0,rating,b,b,0.0,core_destroyed,49,,136,0,3,0,80,110,11,3,ok,,3.563,n-62-21-24,29004605,2026-08-02T16:57:09+0200
168cd824f94607fb,auto-7202408d73d7,vanguard_oracle@902be71,vanguard_oracle,902be71,janus@8a1e7a1,janus,8a1e7a1,strait,official,1,0,rating,b,b,0.0,core_destroyed,45,,35,140,12,8,34,100,11,10,ok,,4.367,n-62-11-56,29004605,2026-08-02T16:59:19+0200
168dfa8d347068de,auto-7202408d73d7,janus@8a1e7a1,janus,8a1e7a1,casemate@902be71,casemate,902be71,vault,official,1,0,rating,a,a,1.0,titanium_collected,1000,,9572,8410,8,51,110,0,7,36,ok,,12.621,n-62-11-64,29004605,2026-08-02T16:57:36+0200
16a452b6258edbfc,auto-7202408d73d7,claude_challenger_2@fdc1e1f,claude_challenger_2,fdc1e1f,janus@8a1e7a1,janus,8a1e7a1,string,official,1,0,rating,b,b,0.0,core_destroyed,46,,610,0,0,0,70,270,9,13,ok,,2.874,n-62-31-10,29004605,2026-08-02T16:57:21+0200
16a5048e4a345248,auto-7202408d73d7,siege_v2@9713344,siege_v2,9713344,janus@8a1e7a1,janus,8a1e7a1,twins,official,1,0,rating,b,b,0.0,core_destroyed,34,,150,0,4,2,18,110,10,12,ok,,3.626,n-62-12-1,29004605,2026-08-02T16:58:02+0200
16b8ff01896a712c,auto-7202408d73d7,v233_g@9713344,v233_g,9713344,janus@8a1e7a1,janus,8a1e7a1,bridge,official,1,0,rating,b,b,0.0,core_destroyed,72,,405,370,9,17,351,380,9,17,ok,,3.025,n-62-29-24,29004605,2026-08-02T16:59:13+0200
16c858b2765dd1ef,auto-7202408d73d7,janus@8a1e7a1,janus,8a1e7a1,v233_g@9713344,v233_g,9713344,string,official,1,0,rating,a,a,1.0,core_destroyed,62,,290,360,8,14,157,350,11,12,ok,,3.668,n-62-29-29,29004605,2026-08-02T16:58:21+0200
1722d2033d727219,auto-7202408d73d7,prospect_rushonly@bf9b3e3,prospect_rushonly,bf9b3e3,janus@8a1e7a1,janus,8a1e7a1,sprint,official,1,0,rating,b,b,0.0,core_destroyed,28,,28,40,11,3,12,70,9,8,ok,,3.782,n-62-11-53,29004605,2026-08-02T16:57:02+0200
17281cc4531fd0b8,auto-7202408d73d7,vg_v4@9713344,vg_v4,9713344,janus@8a1e7a1,janus,8a1e7a1,fjord,official,1,0,rating,b,b,0.0,core_destroyed,37,,124,150,5,8,12,200,12,12,ok,,3.967,n-62-12-2,29004605,2026-08-02T16:58:42+0200
173bd692f2b01713,auto-7202408d73d7,vigil@1b5f3d1,vigil,1b5f3d1,janus@8a1e7a1,janus,8a1e7a1,bridge,official,1,0,rating,a,a,1.0,titanium_collected,1000,,6953,4850,8,16,4273,2470,8,13,ok,,13.401,n-62-31-22,29004605,2026-08-02T16:59:09+0200
173f792044ab9a3e,auto-7202408d73d7,undertow@fdc1e1f,undertow,fdc1e1f,janus@8a1e7a1,janus,8a1e7a1,crossfire,official,1,0,rating,b,b,0.0,core_destroyed,32,,47,60,8,5,20,110,11,12,ok,,3.706,n-62-11-65,29004605,2026-08-02T16:59:18+0200
178381165e068625,auto-7202408d73d7,vg_v5@9713344,vg_v5,9713344,janus@8a1e7a1,janus,8a1e7a1,pinch,official,1,0,rating,b,b,0.0,core_destroyed,46,,42,40,8,11,26,180,10,20,ok,,3.053,n-62-12-3,29004605,2026-08-02T16:59:45+0200
1786024de8bd2cb3,auto-7202408d73d7,vg_v4@9713344,vg_v4,9713344,janus@8a1e7a1,janus,8a1e7a1,sweden,official,1,0,rating,b,b,0.0,core_destroyed,70,,70,50,7,6,269,360,10,22,ok,,4.292,n-62-12-1,29004605,2026-08-02T16:59:03+0200
179bb130b38b4ccc,auto-7202408d73d7,turtle@9713344,turtle,9713344,janus@8a1e7a1,janus,8a1e7a1,aurora,official,1,0,rating,b,b,0.0,core_destroyed,68,,96,200,2,12,30,290,13,16,ok,,4.233,n-62-31-21,29004605,2026-08-02T16:58:12+0200
17a6d7a150b103ba,auto-7202408d73d7,janus@8a1e7a1,janus,8a1e7a1,v233_e@9713344,v233_e,9713344,strait,official,1,0,rating,a,a,1.0,titanium_collected,1000,,16762,15290,8,84,8919,7340,9,30,ok,,9.653,n-62-29-13,29004605,2026-08-02T16:59:15+0200
17b29cc262aca341,auto-7202408d73d7,jonbot@9713344,jonbot,9713344,janus@8a1e7a1,janus,8a1e7a1,jackpot,official,1,0,rating,b,b,0.0,core_destroyed,51,,309,0,5,0,123,210,8,8,ok,,3.58,n-62-29-8,29004605,2026-08-02T16:57:29+0200
17b2e6e536e3542e,auto-7202408d73d7,janus@8a1e7a1,janus,8a1e7a1,vanguard_oracle@902be71,vanguard_oracle,902be71,showdown,official,1,0,rating,a,a,1.0,core_destroyed,33,,9,30,10,16,33,0,5,0,ok,,3.866,n-62-11-56,29004605,2026-08-02T16:58:52+0200
17c0a94aa7ee4e07,auto-7202408d73d7,janus@8a1e7a1,janus,8a1e7a1,tempest_blindfire@fdc1e1f,tempest_blindfire,fdc1e1f,aurora,official,1,0,rating,a,a,1.0,core_destroyed,37,,11,70,11,9,262,70,6,7,ok,,3.944,n-62-12-4,29004605,2026-08-02T16:57:27+0200
17c5ff8f0827dba6,auto-7202408d73d7,undertow@fdc1e1f,undertow,fdc1e1f,janus@8a1e7a1,janus,8a1e7a1,vault,official,1,0,rating,b,b,0.0,core_destroyed,57,,43,210,11,4,23,240,14,6,ok,,5.77,n-62-11-68,29004605,2026-08-02T16:58:50+0200
17cad0475c82a906,auto-7202408d73d7,janus@8a1e7a1,janus,8a1e7a1,claude_challenger_2@fdc1e1f,claude_challenger_2,fdc1e1f,fjord,official,1,0,rating,a,a,1.0,core_destroyed,39,,40,190,11,9,212,160,8,6,ok,,4.598,n-62-31-9,29004605,2026-08-02T16:57:07+0200
17cea8fb244ee8b8,auto-7202408d73d7,claude_challenger_2@fdc1e1f,claude_challenger_2,fdc1e1f,janus@8a1e7a1,janus,8a1e7a1,showdown,official,1,0,rating,b,b,0.0,core_destroyed,20,,550,0,0,0,53,0,7,11,ok,,1.825,n-62-31-9,29004605,2026-08-02T16:58:11+0200
17edd55330cf0135,auto-7202408d73d7,janus@8a1e7a1,janus,8a1e7a1,uw_v1@9713344,uw_v1,9713344,twins,official,1,0,rating,a,a,1.0,core_destroyed,56,,20,200,13,13,73,230,4,14,ok,,3.699,n-62-21-98,29004605,2026-08-02T16:59:39+0200
17f1785e0c717897,auto-7202408d73d7,opponent_luc@e83a42c,opponent_luc,e83a42c,janus@8a1e7a1,janus,8a1e7a1,fjord,official,1,0,rating,b,b,0.0,core_destroyed,44,,349,180,6,5,110,240,11,8,ok,,4.583,n-62-11-50,29004605,2026-08-02T16:58:41+0200
17ff2ae84ba36165,auto-7202408d73d7,mistral@ba943b9,mistral,ba943b9,janus@8a1e7a1,janus,8a1e7a1,showdown,official,1,0,rating,a,a,1.0,core_destroyed,19,,14,0,12,1,152,0,5,6,ok,,3.931,n-62-31-19,29004605,2026-08-02T16:57:36+0200
181be1ba4aae38f1,auto-7202408d73d7,tempest_reinforcements@e1dc316,tempest_reinforcements,e1dc316,janus@8a1e7a1,janus,8a1e7a1,hive,official,1,0,rating,b,b,0.0,core_destroyed,46,,18,90,9,10,9,90,12,8,ok,,4.945,n-62-21-66,29004605,2026-08-02T16:57:16+0200
1825acc92cc26d3d,auto-7202408d73d7,tempest_reinforcements@38f9c23,tempest_reinforcements,38f9c23,janus@8a1e7a1,janus,8a1e7a1,quarry,official,1,0,rating,b,b,0.0,core_destroyed,59,,18,100,8,14,139,210,8,10,ok,,4.79,n-62-21-54,29004605,2026-08-02T16:57:04+0200
183b73d5f6701e28,auto-7202408d73d7,gobbleglitch@e808e1d,gobbleglitch,e808e1d,janus@8a1e7a1,janus,8a1e7a1,crossfire,official,1,0,rating,b,b,0.0,core_destroyed,104,,53,0,3,1,142,690,12,32,ok,,3.941,n-62-29-27,29004605,2026-08-02T16:58:09+0200
18d40e7ad677c2a0,auto-7202408d73d7,janus@8a1e7a1,janus,8a1e7a1,uw_v1@9713344,uw_v1,9713344,hive,official,1,0,rating,a,a,1.0,core_destroyed,74,,42,340,12,25,94,0,1,4,ok,,3.98,n-62-21-97,29004605,2026-08-02T16:58:31+0200
18faa55f2cf7a858,auto-7202408d73d7,tempest_reinforcements@edf93ad,tempest_reinforcements,edf93ad,janus@8a1e7a1,janus,8a1e7a1,string,official,1,0,rating,b,b,0.0,core_destroyed,96,,10,30,10,8,79,90,2,5,ok,,4.107,n-62-21-69,29004605,2026-08-02T16:57:23+0200
19094593de7a92ff,auto-7202408d73d7,vigil@1b5f3d1,vigil,1b5f3d1,janus@8a1e7a1,janus,8a1e7a1,showdown,official,1,0,rating,a,a,1.0,core_destroyed,36,,21,0,7,8,34,0,6,4,ok,,3.859,n-62-21-2,29004605,2026-08-02T16:59:04+0200
193909c8fb214636,auto-7202408d73d7,janus@8a1e7a1,janus,8a1e7a1,tempest@da3fd8a,tempest,da3fd8a,crossfire,official,1,0,rating,a,a,1.0,core_destroyed,27,,16,80,11,9,270,50,4,4,ok,,4.04,n-62-12-2,29004605,2026-08-02T16:57:37+0200
19563dbc109d1c8e,auto-7202408d73d7,vanguard@9932bec,vanguard,9932bec,janus@8a1e7a1,janus,8a1e7a1,fjord,official,1,0,rating,b,b,0.0,core_destroyed,37,,96,200,7,8,12,200,12,12,ok,,3.667,n-62-30-23,29004605,2026-08-02T16:58:42+0200
1958a0039e2aaf0e,auto-7202408d73d7,vanguard_oracle@902be71,vanguard_oracle,902be71,janus@8a1e7a1,janus,8a1e7a1,vault,official,1,0,rating,a,a,1.0,core_destroyed,38,,105,160,11,7,379,140,5,5,ok,,3.547,n-62-11-57,29004605,2026-08-02T16:58:40+0200
19607a25e738e854,auto-7202408d73d7,janus@8a1e7a1,janus,8a1e7a1,vanguard_oracle@902be71,vanguard_oracle,902be71,atoll,official,1,0,rating,a,a,1.0,core_destroyed,41,,161,150,7,7,59,160,13,6,ok,,4.15,n-62-11-51,29004605,2026-08-02T16:58:35+0200
196bfa2ac854c0ea,auto-7202408d73d7,prospect_rushonly@bf9b3e3,prospect_rushonly,bf9b3e3,janus@8a1e7a1,janus,8a1e7a1,quarry,official,1,0,rating,b,b,0.0,core_destroyed,62,,2,110,7,18,69,350,10,21,ok,,4.248,n-62-11-54,29004605,2026-08-02T16:57:57+0200
19711e6334a389c8,auto-7202408d73d7,janus@8a1e7a1,janus,8a1e7a1,e_harc@6db8844,e_harc,6db8844,string,official,1,0,rating,a,a,1.0,core_destroyed,56,,159,380,9,12,344,0,4,0,ok,,3.189,n-62-28-33,29004605,2026-08-02T16:57:48+0200
19716fcf98f61f52,auto-7202408d73d7,riptide@9713344,riptide,9713344,janus@8a1e7a1,janus,8a1e7a1,sweden,official,1,0,rating,b,b,0.0,core_destroyed,78,,14,50,6,7,226,420,12,22,ok,,4.562,n-62-21-89,29004605,2026-08-02T16:57:46+0200
19967a7144b7a370,auto-7202408d73d7,claude_challenger_1@fdc1e1f,claude_challenger_1,fdc1e1f,janus@8a1e7a1,janus,8a1e7a1,showdown,official,1,0,rating,b,b,0.0,core_destroyed,20,,550,0,0,0,53,0,7,11,ok,,1.701,n-62-11-68,29004605,2026-08-02T16:58:17+0200
19a5177fec24a801,auto-7202408d73d7,janus@8a1e7a1,janus,8a1e7a1,siege_v1@9713344,siege_v1,9713344,crossfire,official,1,0,rating,a,a,1.0,core_destroyed,23,,3,60,11,8,205,0,4,2,ok,,3.27,n-62-21-90,29004605,2026-08-02T16:57:12+0200
19b15504f63f2a35,auto-7202408d73d7,undertow_oracle@75591b7,undertow_oracle,75591b7,janus@8a1e7a1,janus,8a1e7a1,twins,official,1,0,rating,b,b,0.0,core_destroyed,39,,106,0,8,7,11,130,10,19,ok,,3.668,n-62-31-11,29004605,2026-08-02T16:59:22+0200
19b5f7553502bd29,auto-7202408d73d7,janus@8a1e7a1,janus,8a1e7a1,claude_challenger_3@fdc1e1f,claude_challenger_3,fdc1e1f,skerry,official,1,0,rating,a,a,1.0,core_destroyed,39,,153,180,9,10,144,150,11,5,ok,,5.268,n-62-21-103,29004605,2026-08-02T16:57:00+0200
19c46d7fd2a69a64,auto-7202408d73d7,undertow@fdc1e1f,undertow,fdc1e1f,janus@8a1e7a1,janus,8a1e7a1,runestone,official,1,0,rating,b,b,0.0,core_destroyed,30,,95,80,6,13,3,40,11,14,ok,,3.659,n-62-11-66,29004605,2026-08-02T16:58:41+0200
19d4b622a2fadbe2,auto-7202408d73d7,jonbot@9713344,jonbot,9713344,janus@8a1e7a1,janus,8a1e7a1,duel,official,1,0,rating,b,b,0.0,core_destroyed,31,,245,0,5,0,20,110,11,10,ok,,2.969,n-62-29-8,29004605,2026-08-02T16:57:07+0200
1a0961fb1db5f92c,auto-7202408d73d7,janus@8a1e7a1,janus,8a1e7a1,opponent_luc@e83a42c,opponent_luc,e83a42c,pinch,official,1,0,rating,a,a,1.0,core_destroyed,42,,89,170,9,15,268,0,7,1,ok,,4.149,n-62-11-51,29004605,2026-08-02T16:57:28+0200
1a0977da678470cc,auto-7202408d73d7,janus@8a1e7a1,janus,8a1e7a1,titanium_v1@9713344,titanium_v1,9713344,longship,official,1,0,rating,a,a,1.0,core_destroyed,32,,20,60,12,12,277,0,4,4,ok,,3.092,n-62-31-5,29004605,2026-08-02T16:58:43+0200
1a0dabfed12b4b60,auto-7202408d73d7,claude_challenger_3@fdc1e1f,claude_challenger_3,fdc1e1f,janus@8a1e7a1,janus,8a1e7a1,string,official,1,0,rating,b,b,0.0,core_destroyed,46,,610,0,0,0,70,270,9,13,ok,,2.621,n-62-21-103,29004605,2026-08-02T16:57:29+0200
1a34099747c1264d,auto-7202408d73d7,uw_v2@9713344,uw_v2,9713344,janus@8a1e7a1,janus,8a1e7a1,longship,official,1,0,rating,b,b,0.0,core_destroyed,104,,84,570,4,30,51,740,14,41,ok,,5.244,n-62-21-99,29004605,2026-08-02T16:59:19+0200
1a58c6df1cde3f88,auto-7202408d73d7,v233_d@9713344,v233_d,9713344,janus@8a1e7a1,janus,8a1e7a1,duel,official,1,0,rating,b,b,0.0,core_destroyed,249,,216,600,6,6,2245,2220,6,27,ok,,4.298,n-62-29-28,29004605,2026-08-02T16:59:19+0200
1a64635f64b7b495,auto-7202408d73d7,janus@8a1e7a1,janus,8a1e7a1,riptide@9713344,riptide,9713344,twins,official,1,0,rating,a,a,1.0,core_destroyed,163,,576,1320,13,53,187,570,2,15,ok,,6.779,n-62-21-89,29004605,2026-08-02T16:57:53+0200
1a97bf86adc10a15,auto-7202408d73d7,reaver@9713344,reaver,9713344,janus@8a1e7a1,janus,8a1e7a1,crossfire,official,1,0,rating,b,b,0.0,core_destroyed,39,,107,70,2,5,11,140,11,12,ok,,3.518,n-62-11-59,29004605,2026-08-02T16:57:02+0200
1adaf9b2977faa69,auto-7202408d73d7,janus@8a1e7a1,janus,8a1e7a1,tempest_reinforcements@87724ec,tempest_reinforcements,87724ec,pinch,official,1,0,rating,b,b,0.0,core_destroyed,22,,197,30,7,4,19,0,9,4,ok,,4.239,n-62-21-64,29004605,2026-08-02T16:57:48+0200
1af80bea056418cc,auto-7202408d73d7,janus@8a1e7a1,janus,8a1e7a1,opponent_luc@e83a42c,opponent_luc,e83a42c,vase,official,1,0,rating,a,a,1.0,core_destroyed,37,,74,50,7,7,590,0,0,0,ok,,2.35,n-62-11-52,29004605,2026-08-02T16:57:19+0200
1afca33c4fec087e,auto-7202408d73d7,vanguard@c407e79,vanguard,c407e79,janus@8a1e7a1,janus,8a1e7a1,bridge,official,1,0,rating,b,b,0.0,core_destroyed,72,,75,440,13,21,351,380,9,17,ok,,4.222,n-62-31-16,29004605,2026-08-02T16:58:29+0200
1b124ec115307a1e,auto-7202408d73d7,vigil@18b749d,vigil,18b749d,janus@8a1e7a1,janus,8a1e7a1,sprint,official,1,0,rating,a,a,1.0,core_destroyed,42,,57,210,10,17,36,130,8,12,ok,,3.832,n-62-21-13,29004605,2026-08-02T16:59:15+0200
1b43fc60d93b8dea,auto-7202408d73d7,tempest_frontier@fdc1e1f,tempest_frontier,fdc1e1f,janus@8a1e7a1,janus,8a1e7a1,duel,official,1,0,rating,b,b,0.0,core_destroyed,35,,60,0,7,1,8,90,10,9,ok,,4.104,n-62-21-15,29004605,2026-08-02T16:58:15+0200
1b53338dc14169ec,auto-7202408d73d7,tempest_oracle_ferry@fdc1e1f,tempest_oracle_ferry,fdc1e1f,janus@8a1e7a1,janus,8a1e7a1,jackpot,official,1,0,rating,b,b,0.0,core_destroyed,47,,203,0,6,1,60,190,15,8,ok,,4.109,n-62-13-7,29004605,2026-08-02T16:57:26+0200
1b60c327c916268a,auto-7202408d73d7,tempest_outer@fdc1e1f,tempest_outer,fdc1e1f,janus@8a1e7a1,janus,8a1e7a1,pinch,official,1,0,rating,b,b,0.0,core_destroyed,28,,91,0,8,3,47,60,8,12,ok,,5.152,n-62-13-8,29004605,2026-08-02T16:58:20+0200
1b62c42779566ad2,auto-7202408d73d7,mistral_fast@26b5aa1,mistral_fast,26b5aa1,janus@8a1e7a1,janus,8a1e7a1,vault,official,1,0,rating,a,a,1.0,core_destroyed,38,,34,0,13,1,287,140,8,5,ok,,4.092,n-62-31-7,29004605,2026-08-02T16:57:18+0200
1b6d4be9eb3dc956,auto-7202408d73d7,janus@8a1e7a1,janus,8a1e7a1,v233_e@9713344,v233_e,9713344,sweden,official,1,0,rating,b,b,0.0,core_destroyed,69,,68,340,12,19,297,340,7,27,ok,,3.415,n-62-29-13,29004605,2026-08-02T16:59:37+0200
1b6e60fed144e01f,auto-7202408d73d7,vigil@18b749d,vigil,18b749d,janus@8a1e7a1,janus,8a1e7a1,strait,official,1,0,rating,a,a,1.0,core_destroyed,46,,8,90,11,8,8,70,13,6,ok,,4.668,n-62-21-13,29004605,2026-08-02T16:59:23+0200
1b82e26e2d38f7fc,auto-7202408d73d7,janus@8a1e7a1,janus,8a1e7a1,vg_v2@9713344,vg_v2,9713344,duel,official,1,0,rating,a,a,1.0,core_destroyed,56,,57,330,11,21,79,0,4,7,ok,,3.472,n-62-21-91,29004605,2026-08-02T16:59:39+0200
1b9b158a2769ba21,auto-7202408d73d7,undertow_oracle@75591b7,undertow_oracle,75591b7,janus@8a1e7a1,janus,8a1e7a1,showdown,official,1,0,rating,b,b,0.0,core_destroyed,32,,24,0,7,11,53,60,7,16,ok,,3.311,n-62-31-10,29004605,2026-08-02T16:59:20+0200
1ba491e4706a8105,auto-7202408d73d7,janus@8a1e7a1,janus,8a1e7a1,lockin@9713344,lockin,9713344,hive,official,1,0,rating,a,a,1.0,core_destroyed,46,,20,120,11,20,100,90,12,4,ok,,5.952,n-62-30-23,29004605,2026-08-02T16:57:56+0200
1bb3e7ec183fcf2b,auto-7202408d73d7,tempest_ferry@26b5aa1,tempest_ferry,26b5aa1,janus@8a1e7a1,janus,8a1e7a1,runestone,official,1,0,rating,b,b,0.0,core_destroyed,28,,137,40,8,6,13,40,9,13,ok,,3.958,n-62-21-2,29004605,2026-08-02T16:57:46+0200
1bc8dc85208e4518,auto-7202408d73d7,prospect_rushonly@bf9b3e3,prospect_rushonly,bf9b3e3,janus@8a1e7a1,janus,8a1e7a1,skerry,official,1,0,rating,b,b,0.0,core_destroyed,48,,128,250,6,9,67,240,9,11,ok,,3.881,n-62-11-54,29004605,2026-08-02T16:58:21+0200
1bcd59f1a3c91da9,auto-7202408d73d7,vanguard@da3fd8a,vanguard,da3fd8a,janus@8a1e7a1,janus,8a1e7a1,runestone,official,1,0,rating,b,b,0.0,core_destroyed,28,,123,80,8,13,13,40,11,13,ok,,3.599,n-62-31-15,29004605,2026-08-02T16:58:27+0200
1bce9d5ee64e5fd7,auto-7202408d73d7,jonbot@9713344,jonbot,9713344,janus@8a1e7a1,janus,8a1e7a1,fjord,official,1,0,rating,b,b,0.0,core_destroyed,33,,256,0,5,0,19,170,12,10,ok,,3.571,n-62-29-8,29004605,2026-08-02T16:57:15+0200
1bf000099eb44c39,auto-7202408d73d7,janus@8a1e7a1,janus,8a1e7a1,vanguard@c407e79,vanguard,c407e79,skerry,official,1,0,rating,b,b,0.0,core_destroyed,42,,174,210,9,9,59,240,12,9,ok,,4.545,n-62-31-19,29004605,2026-08-02T16:58:32+0200
1bffefb18c411e0c,auto-7202408d73d7,vigil@bf9b3e3,vigil,bf9b3e3,janus@8a1e7a1,janus,8a1e7a1,longship,official,1,0,rating,a,a,1.0,core_destroyed,31,,20,60,11,12,140,50,9,4,ok,,3.743,n-62-21-15,29004605,2026-08-02T16:58:41+0200
1c20a9fb1ba501be,auto-7202408d73d7,janus@8a1e7a1,janus,8a1e7a1,claude_challenger_1@fdc1e1f,claude_challenger_1,fdc1e1f,string,official,1,0,rating,a,a,1.0,core_destroyed,60,,404,460,7,11,650,0,0,0,ok,,2.486,n-62-21-92,29004605,2026-08-02T16:57:09+0200
1c2370538f9072e3,auto-7202408d73d7,janus@8a1e7a1,janus,8a1e7a1,claude_challenger_1@fdc1e1f,claude_challenger_1,fdc1e1f,pinch,official,1,0,rating,a,a,1.0,core_destroyed,42,,89,170,9,15,268,0,7,1,ok,,4.442,n-62-11-68,29004605,2026-08-02T16:57:42+0200
1c39e7e00fbb1aa3,auto-7202408d73d7,janus@8a1e7a1,janus,8a1e7a1,siege_v1@9713344,siege_v1,9713344,showdown,official,1,0,rating,a,a,1.0,core_destroyed,22,,19,0,8,11,191,0,6,2,ok,,2.874,n-62-12-6,29004605,2026-08-02T16:57:05+0200
1c56b7280e832385,auto-7202408d73d7,tempest_reinforcements@51ad530,tempest_reinforcements,51ad530,janus@8a1e7a1,janus,8a1e7a1,vase,official,1,0,rating,b,b,0.0,core_destroyed,117,,60,0,11,3,59,0,9,5,ok,,5.377,n-62-21-61,29004605,2026-08-02T16:57:16+0200
1c78ae31df6023bc,auto-7202408d73d7,janus@8a1e7a1,janus,8a1e7a1,vanguard_oracle@fdc1e1f,vanguard_oracle,fdc1e1f,pinch,official,1,0,rating,b,b,0.0,core_destroyed,43,,1,130,13,8,41,150,9,10,ok,,4.401,n-62-11-52,29004605,2026-08-02T16:58:36+0200
1c7c68ac0c55d1b3,auto-7202408d73d7,undertow@9713344,undertow,9713344,janus@8a1e7a1,janus,8a1e7a1,quarry,official,1,0,rating,a,a,1.0,core_destroyed,54,,94,250,12,28,404,260,5,17,ok,,3.376,n-62-11-60,29004605,2026-08-02T16:58:14+0200
1c8716d291a4e1a8,auto-7202408d73d7,lockin@9713344,lockin,9713344,janus@8a1e7a1,janus,8a1e7a1,crossfire,official,1,0,rating,b,b,0.0,core_destroyed,72,,354,140,1,4,55,360,13,26,ok,,4.792,n-62-30-23,29004605,2026-08-02T16:57:31+0200
1c956fbe9230280c,auto-7202408d73d7,janus@8a1e7a1,janus,8a1e7a1,claude_challenger_3@fdc1e1f,claude_challenger_3,fdc1e1f,hive,official,1,0,rating,a,a,1.0,core_destroyed,47,,23,140,11,18,230,90,10,5,ok,,5.749,n-62-31-11,29004605,2026-08-02T16:57:34+0200
1ca9d17dc657c352,auto-7202408d73d7,janus@8a1e7a1,janus,8a1e7a1,e_condc@6db8844,e_condc,6db8844,twins,official,1,0,rating,a,a,1.0,core_destroyed,161,,845,1310,12,55,374,370,11,15,ok,,5.145,n-62-21-99,29004605,2026-08-02T16:57:52+0200
1cb93ed7b13a011c,auto-7202408d73d7,janus@8a1e7a1,janus,8a1e7a1,vg_v3@9713344,vg_v3,9713344,strait,official,1,0,rating,a,a,1.0,core_destroyed,187,,906,1540,10,75,138,680,9,28,ok,,6.12,n-62-12-5,29004605,2026-08-02T16:58:33+0200
1cd0ca4941d4f2dd,auto-7202408d73d7,janus@8a1e7a1,janus,8a1e7a1,tempest_reinforcements@edf93ad,tempest_reinforcements,edf93ad,skerry,official,1,0,rating,b,b,0.0,core_destroyed,33,,217,120,8,7,14,70,11,5,ok,,4.23,n-62-21-68,29004605,2026-08-02T16:58:29+0200
1cd14cfaeacceca1,auto-7202408d73d7,e_condc@6db8844,e_condc,6db8844,janus@8a1e7a1,janus,8a1e7a1,bridge,official,1,0,rating,b,b,0.0,core_destroyed,56,,81,0,7,9,154,260,10,17,ok,,3.676,n-62-21-98,29004605,2026-08-02T16:57:11+0200
1ce87805d396e90d,auto-7202408d73d7,janus@8a1e7a1,janus,8a1e7a1,uw_v2@9713344,uw_v2,9713344,string,official,1,0,rating,a,a,1.0,titanium_collected,1000,,11194,9860,15,11,7337,4960,8,7,ok,,14.235,n-62-28-31,29004605,2026-08-02T16:59:00+0200
1ceef819b251af5a,auto-7202408d73d7,uw_v2@9713344,uw_v2,9713344,janus@8a1e7a1,janus,8a1e7a1,quarry,official,1,0,rating,b,b,0.0,core_destroyed,110,,78,240,3,11,219,880,9,43,ok,,4.663,n-62-21-99,29004605,2026-08-02T16:59:37+0200
1d04a0d3e2033192,auto-7202408d73d7,e_t4l7@9e77076,e_t4l7,9e77076,janus@8a1e7a1,janus,8a1e7a1,fjord,official,1,0,rating,b,b,0.0,core_destroyed,64,,113,460,5,23,28,390,13,17,ok,,3.895,n-62-29-20,29004605,2026-08-02T16:58:11+0200
1d1bf7a137fa95d7,auto-7202408d73d7,claude_challenger_1@fdc1e1f,claude_challenger_1,fdc1e1f,janus@8a1e7a1,janus,8a1e7a1,vault,official,1,0,rating,b,b,0.0,core_destroyed,59,,385,240,9,4,209,250,11,6,ok,,6.399,n-62-21-92,29004605,2026-08-02T16:57:46+0200
1d2fcef200065351,auto-7202408d73d7,undertow@fdc1e1f,undertow,fdc1e1f,janus@8a1e7a1,janus,8a1e7a1,longship,official,1,0,rating,b,b,0.0,core_destroyed,42,,105,160,8,18,2,130,12,12,ok,,3.737,n-62-11-66,29004605,2026-08-02T16:58:17+0200
1d7b783db2baf910,auto-7202408d73d7,janus@8a1e7a1,janus,8a1e7a1,v233_g@9713344,v233_g,9713344,crossfire,official,1,0,rating,a,a,1.0,core_destroyed,46,,20,180,12,13,101,200,4,11,ok,,3.466,n-62-29-24,29004605,2026-08-02T16:59:17+0200
1d98128900696aa6,auto-7202408d73d7,mistral_fast@26b5aa1,mistral_fast,26b5aa1,janus@8a1e7a1,janus,8a1e7a1,string,official,1,0,rating,b,b,0.0,core_destroyed,30,,163,0,7,0,70,70,10,3,ok,,3.655,n-62-31-15,29004605,2026-08-02T16:58:07+0200
1d9cf55d23f381e5,auto-7202408d73d7,janus@8a1e7a1,janus,8a1e7a1,frontier_v1@9713344,frontier_v1,9713344,skerry,official,1,0,rating,a,a,1.0,core_destroyed,44,,197,230,9,11,59,0,9,3,ok,,3.625,n-62-29-16,29004605,2026-08-02T16:57:56+0200
1dc41617c791eb2a,auto-7202408d73d7,frontier_v2@9713344,frontier_v2,9713344,janus@8a1e7a1,janus,8a1e7a1,strait,official,1,0,rating,b,b,0.0,core_destroyed,34,,132,0,7,3,52,90,9,16,ok,,2.673,n-62-29-27,29004605,2026-08-02T16:57:00+0200
1dda9ac611eec959,auto-7202408d73d7,undertow@9713344,undertow,9713344,janus@8a1e7a1,janus,8a1e7a1,strait,official,1,0,rating,b,b,0.0,core_destroyed,62,,19,340,10,32,97,230,11,14,ok,,4.053,n-62-11-60,29004605,2026-08-02T16:58:49+0200
1ddf920810dff9a4,auto-7202408d73d7,janus@8a1e7a1,janus,8a1e7a1,tempest_outer@fdc1e1f,tempest_outer,fdc1e1f,vase,official,1,0,rating,b,b,0.0,core_destroyed,32,,92,40,8,6,119,0,7,6,ok,,4.875,n-62-13-9,29004605,2026-08-02T16:58:13+0200
1de2bd2b093be1c0,auto-7202408d73d7,claude_challenger_3@fdc1e1f,claude_challenger_3,fdc1e1f,janus@8a1e7a1,janus,8a1e7a1,hive,official,1,0,rating,b,b,0.0,core_destroyed,43,,126,0,9,1,30,110,10,18,ok,,5.309,n-62-31-11,29004605,2026-08-02T16:57:39+0200
1dfdcf52483745f5,auto-7202408d73d7,janus@8a1e7a1,janus,8a1e7a1,v233_f@9713344,v233_f,9713344,pinch,official,1,0,rating,b,b,0.0,core_destroyed,38,,59,140,11,10,81,150,6,17,ok,,3.508,n-62-29-18,29004605,2026-08-02T16:58:37+0200
1e279d778536a7f1,auto-7202408d73d7,janus@8a1e7a1,janus,8a1e7a1,tempest_reinforcements@38f9c23,tempest_reinforcements,38f9c23,fjord,official,1,0,rating,b,b,0.0,core_destroyed,28,,136,90,7,5,30,100,11,7,ok,,4.068,n-62-21-55,29004605,2026-08-02T16:57:55+0200
1e2f815899a77ba0,auto-7202408d73d7,janus@8a1e7a1,janus,8a1e7a1,prospect@bf9b3e3,prospect,bf9b3e3,bridge,official,1,0,rating,b,b,0.0,core_destroyed,98,,113,140,2,7,22,260,14,14,ok,,4.914,n-62-11-52,29004605,2026-08-02T16:57:55+0200
1e30f9be6d730a73,auto-7202408d73d7,janus@8a1e7a1,janus,8a1e7a1,v233_c@9713344,v233_c,9713344,runestone,official,1,0,rating,a,a,1.0,core_destroyed,36,,20,60,12,13,113,0,6,8,ok,,3.525,n-62-29-16,29004605,2026-08-02T16:58:26+0200
1e44db63449c9044,auto-7202408d73d7,frontier_v1@9713344,frontier_v1,9713344,janus@8a1e7a1,janus,8a1e7a1,crossfire,official,1,0,rating,b,b,0.0,core_destroyed,27,,10,0,8,3,30,80,10,10,ok,,3.186,n-62-29-14,29004605,2026-08-02T16:57:49+0200
1e5b4b3b0374139c,auto-7202408d73d7,janus@8a1e7a1,janus,8a1e7a1,undertow@fdc1e1f,undertow,fdc1e1f,aurora,official,1,0,rating,a,a,1.0,core_destroyed,43,,12,90,13,11,69,160,9,14,ok,,3.997,n-62-11-65,29004605,2026-08-02T16:58:57+0200
1e5c6789383c8003,auto-7202408d73d7,vanguard@818f3b4,vanguard,818f3b4,janus@8a1e7a1,janus,8a1e7a1,duel,official,1,0,rating,a,a,1.0,core_destroyed,39,,114,170,4,5,12,150,13,6,ok,,4.303,n-62-29-34,29004605,2026-08-02T16:58:25+0200
1e63da1794fb1224,auto-7202408d73d7,janus@8a1e7a1,janus,8a1e7a1,vigil@1b5f3d1,vigil,1b5f3d1,atoll,official,1,0,rating,b,b,0.0,core_destroyed,30,,246,90,6,6,20,100,11,9,ok,,2.995,n-62-31-22,29004605,2026-08-02T16:58:41+0200
1e73ac3e215d5124,auto-7202408d73d7,janus@8a1e7a1,janus,8a1e7a1,prospect_rushonly@bf9b3e3,prospect_rushonly,bf9b3e3,sprint,official,1,0,rating,b,b,0.0,core_destroyed,28,,28,40,11,3,12,70,9,8,ok,,4.003,n-62-11-53,29004605,2026-08-02T16:56:58+0200
1ea0969ec5f059fa,auto-7202408d73d7,janus@8a1e7a1,janus,8a1e7a1,v233_g@9713344,v233_g,9713344,strait,official,1,0,rating,a,a,1.0,core_destroyed,68,,29,170,12,10,26,190,10,13,ok,,4.123,n-62-29-27,29004605,2026-08-02T16:59:25+0200
1eb23396e1a0ec58,auto-7202408d73d7,e_t4l7@9e77076,e_t4l7,9e77076,janus@8a1e7a1,janus,8a1e7a1,showdown,official,1,0,rating,b,b,0.0,core_destroyed,25,,18,0,4,8,25,20,8,14,ok,,2.521,n-62-29-13,29004605,2026-08-02T16:57:34+0200
1eccc5125322be68,auto-7202408d73d7,janus@8a1e7a1,janus,8a1e7a1,vanguard@9932bec,vanguard,9932bec,sprint,official,1,0,rating,a,a,1.0,core_destroyed,43,,7,0,12,4,58,0,7,2,ok,,3.967,n-62-30-25,29004605,2026-08-02T16:58:34+0200
1edb343c35756edd,auto-7202408d73d7,jonbot_190003d@da3fd8a,jonbot_190003d,da3fd8a,janus@8a1e7a1,janus,8a1e7a1,skerry,official,1,0,rating,b,b,0.0,core_destroyed,42,,128,0,7,4,92,210,8,13,ok,,3.248,n-62-29-5,29004605,2026-08-02T16:57:16+0200
1ee9fdd930ac3447,auto-7202408d73d7,janus@8a1e7a1,janus,8a1e7a1,vg_v1@9713344,vg_v1,9713344,atoll,official,1,0,rating,a,a,1.0,core_destroyed,42,,79,160,9,17,87,0,5,3,ok,,3.148,n-62-11-54,29004605,2026-08-02T16:58:51+0200
1ef26f7ecc8e4879,auto-7202408d73d7,v233_f@9713344,v233_f,9713344,janus@8a1e7a1,janus,8a1e7a1,atoll,official,1,0,rating,b,b,0.0,core_destroyed,43,,98,200,8,15,89,160,11,7,ok,,3.477,n-62-29-14,29004605,2026-08-02T16:59:00+0200
1f0c0af8f00c27f5,auto-7202408d73d7,janus@8a1e7a1,janus,8a1e7a1,reaver@9713344,reaver,9713344,crossfire,official,1,0,rating,a,a,1.0,core_destroyed,45,,15,170,11,13,96,50,3,4,ok,,3.867,n-62-11-59,29004605,2026-08-02T16:56:58+0200
1f186f90418c2369,auto-7202408d73d7,janus@8a1e7a1,janus,8a1e7a1,siege_v2@9713344,siege_v2,9713344,crossfire,official,1,0,rating,a,a,1.0,core_destroyed,23,,3,60,11,8,205,0,4,2,ok,,3.094,n-62-12-5,29004605,2026-08-02T16:57:17+0200
1f5a4cf1dceb801b,auto-7202408d73d7,attack_wave_v1@9713344,attack_wave_v1,9713344,janus@8a1e7a1,janus,8a1e7a1,aurora,official,1,0,rating,b,b,0.0,core_destroyed,35,,188,0,6,3,12,100,12,11,ok,,3.634,n-62-31-4,29004605,2026-08-02T16:57:09+0200
1f5cec0e66ccbe54,auto-7202408d73d7,mistral_fast@26b5aa1,mistral_fast,26b5aa1,janus@8a1e7a1,janus,8a1e7a1,pinch,official,1,0,rating,a,a,1.0,core_destroyed,28,,57,0,10,1,46,60,9,10,ok,,4.293,n-62-31-15,29004605,2026-08-02T16:57:12+0200
1f70c3541a77528c,auto-7202408d73d7,v233_e@9713344,v233_e,9713344,janus@8a1e7a1,janus,8a1e7a1,vase,official,1,0,rating,b,b,0.0,core_destroyed,48,,88,0,5,3,70,80,8,14,ok,,3.089,n-62-29-14,29004605,2026-08-02T16:58:46+0200
1f987ecee1d908a0,auto-7202408d73d7,janus@8a1e7a1,janus,8a1e7a1,v233_d@9713344,v233_d,9713344,vase,official,1,0,rating,a,a,1.0,core_destroyed,60,,290,110,6,9,335,0,6,1,ok,,2.744,n-62-29-31,29004605,2026-08-02T16:58:18+0200
1fc5de48da5e631a,auto-7202408d73d7,vg_v6@9713344,vg_v6,9713344,janus@8a1e7a1,janus,8a1e7a1,crossfire,official,1,0,rating,b,b,0.0,core_destroyed,31,,80,40,2,6,8,100,11,11,ok,,3.755,n-62-21-4,29004605,2026-08-02T16:59:02+0200
1fea72e71040ed7d,auto-7202408d73d7,janus@8a1e7a1,janus,8a1e7a1,vg_v2@9713344,vg_v2,9713344,strait,official,1,0,rating,a,a,1.0,core_destroyed,178,,785,1390,10,70,108,670,9,28,ok,,6.116,n-62-21-89,29004605,2026-08-02T16:59:39+0200
1fec1883d93cbf4f,auto-7202408d73d7,vanguard_oracle@fdc1e1f,vanguard_oracle,fdc1e1f,janus@8a1e7a1,janus,8a1e7a1,sprint,official,1,0,rating,b,b,0.0,core_destroyed,45,,58,90,6,6,58,160,8,19,ok,,3.482,n-62-11-52,29004605,2026-08-02T16:59:21+0200
1fef4ba73a6e1fed,auto-7202408d73d7,janus@8a1e7a1,janus,8a1e7a1,tempest_oracle_ferry@fdc1e1f,tempest_oracle_ferry,fdc1e1f,string,official,1,0,rating,a,a,1.0,core_destroyed,49,,69,120,10,6,206,110,5,6,ok,,3.234,n-62-13-6,29004605,2026-08-02T16:57:13+0200
1ffa2097455b02d5,auto-7202408d73d7,autistimusprime@ecd4d24,autistimusprime,ecd4d24,janus@8a1e7a1,janus,8a1e7a1,pinch,official,1,0,rating,a,a,1.0,core_destroyed,26,,54,0,10,2,77,40,10,6,ok,,4.643,n-62-31-21,29004605,2026-08-02T16:57:04+0200
2021f5b508eb6ef4,auto-7202408d73d7,e_t4l7@9e77076,e_t4l7,9e77076,janus@8a1e7a1,janus,8a1e7a1,duel,official,1,0,rating,b,b,0.0,core_destroyed,36,,75,70,5,18,132,140,9,9,ok,,2.941,n-62-29-20,29004605,2026-08-02T16:58:03+0200
20371ff6933612e4,auto-7202408d73d7,janus@8a1e7a1,janus,8a1e7a1,casemate_oracle@902be71,casemate_oracle,902be71,strait,official,1,0,rating,b,b,0.0,core_destroyed,42,,186,50,6,6,23,0,8,16,ok,,3.861,n-62-11-65,29004605,2026-08-02T16:58:25+0200
204c020a95ef8a89,auto-7202408d73d7,e_harc@6db8844,e_harc,6db8844,janus@8a1e7a1,janus,8a1e7a1,showdown,official,1,0,rating,b,b,0.0,core_destroyed,30,,0,0,7,10,6,40,8,16,ok,,2.91,n-62-28-33,29004605,2026-08-02T16:57:24+0200
204c6c82c7a65f47,auto-7202408d73d7,janus@8a1e7a1,janus,8a1e7a1,e_final@9e77076,e_final,9e77076,fjord,official,1,0,rating,a,a,1.0,core_destroyed,57,,80,350,11,22,83,0,7,3,ok,,3.311,n-62-28-30,29004605,2026-08-02T16:57:35+0200
204e3b397eaca361,auto-7202408d73d7,tempest@da3fd8a,tempest,da3fd8a,janus@8a1e7a1,janus,8a1e7a1,runestone,official,1,0,rating,b,b,0.0,core_destroyed,27,,214,40,6,5,3,40,10,13,ok,,4.464,n-62-12-3,29004605,2026-08-02T16:57:23+0200
205128a760b2dc5c,auto-7202408d73d7,janus@8a1e7a1,janus,8a1e7a1,tempest_fast@eb1f0f3,tempest_fast,eb1f0f3,longship,official,1,0,rating,a,a,1.0,core_destroyed,35,,20,70,9,12,88,0,10,3,ok,,4.504,n-62-21-12,29004605,2026-08-02T16:57:08+0200
2051334bbf78ac6f,auto-7202408d73d7,vg_v7@9713344,vg_v7,9713344,janus@8a1e7a1,janus,8a1e7a1,fjord,official,1,0,rating,b,b,0.0,core_destroyed,36,,101,150,8,9,30,190,12,11,ok,,4.103,n-62-21-12,29004605,2026-08-02T16:59:15+0200
20655d4014c690d6,auto-7202408d73d7,janus@8a1e7a1,janus,8a1e7a1,v233_a@9713344,v233_a,9713344,sprint,official,1,0,rating,a,a,1.0,core_destroyed,28,,49,80,9,14,37,80,3,7,ok,,2.497,n-62-28-28,29004605,2026-08-02T16:58:29+0200
2078b851467b69bd,auto-7202408d73d7,janus@8a1e7a1,janus,8a1e7a1,e_final@9e77076,e_final,9e77076,strait,official,1,0,rating,a,a,1.0,core_destroyed,48,,48,100,12,8,10,0,8,4,ok,,3.763,n-62-28-28,29004605,2026-08-02T16:57:33+0200
2095917fc7f995f3,auto-7202408d73d7,undertow@da3fd8a,undertow,da3fd8a,janus@8a1e7a1,janus,8a1e7a1,skerry,official,1,0,rating,b,b,0.0,core_destroyed,43,,56,260,11,11,136,210,10,10,ok,,4.029,n-62-11-64,29004605,2026-08-02T16:58:46+0200
2097385b381a6c7d,auto-7202408d73d7,janus@8a1e7a1,janus,8a1e7a1,undertow@fdc1e1f,undertow,fdc1e1f,hive,official,1,0,rating,a,a,1.0,core_destroyed,63,,19,260,13,19,53,220,8,18,ok,,4.6,n-62-11-65,29004605,2026-08-02T16:59:39+0200
20c56f20c866861e,auto-7202408d73d7,v233_a@9713344,v233_a,9713344,janus@8a1e7a1,janus,8a1e7a1,showdown,official,1,0,rating,b,b,0.0,core_destroyed,25,,77,0,4,6,28,20,8,13,ok,,2.548,n-62-28-28,29004605,2026-08-02T16:58:20+0200
20c64726ee956fd4,auto-7202408d73d7,janus@8a1e7a1,janus,8a1e7a1,siege_v2@9713344,siege_v2,9713344,longship,official,1,0,rating,a,a,1.0,core_destroyed,32,,20,60,12,12,93,0,6,5,ok,,3.204,n-62-12-5,29004605,2026-08-02T16:57:49+0200
211b2c71ef990597,auto-7202408d73d7,tempest_reinforcements@3d5ab38,tempest_reinforcements,3d5ab38,janus@8a1e7a1,janus,8a1e7a1,showdown,official,1,0,rating,a,a,1.0,core_destroyed,27,,7,0,9,7,111,0,8,5,ok,,3.491,n-62-21-57,29004605,2026-08-02T16:57:27+0200
212e859177d11c9a,auto-7202408d73d7,frontier_v1@9713344,frontier_v1,9713344,janus@8a1e7a1,janus,8a1e7a1,showdown,official,1,0,rating,b,b,0.0,core_destroyed,23,,236,0,6,1,43,10,8,13,ok,,2.925,n-62-29-16,29004605,2026-08-02T16:57:52+0200
212f0cbf6cf94ea8,auto-7202408d73d7,siege_v1@9713344,siege_v1,9713344,janus@8a1e7a1,janus,8a1e7a1,string,official,1,0,rating,b,b,0.0,core_destroyed,93,,387,0,3,2,340,220,9,4,ok,,3.24,n-62-12-6,29004605,2026-08-02T16:57:34+0200
213251131fb6aa39,auto-7202408d73d7,e_t4l7@9e77076,e_t4l7,9e77076,janus@8a1e7a1,janus,8a1e7a1,sprint,official,1,0,rating,b,b,0.0,core_destroyed,33,,8,30,6,10,38,120,9,14,ok,,2.758,n-62-29-13,29004605,2026-08-02T16:57:47+0200
214598c3af03119d,auto-7202408d73d7,nemesis@9713344,nemesis,9713344,janus@8a1e7a1,janus,8a1e7a1,jackpot,official,1,0,rating,b,b,0.0,core_destroyed,125,,75,0,7,3,131,700,10,28,ok,,6.308,n-62-31-13,29004605,2026-08-02T16:57:09+0200
21571eff6277ac5d,auto-7202408d73d7,siege_v2@9713344,siege_v2,9713344,janus@8a1e7a1,janus,8a1e7a1,skerry,official,1,0,rating,b,b,0.0,core_destroyed,39,,108,0,6,5,85,180,10,13,ok,,3.274,n-62-12-1,29004605,2026-08-02T16:57:24+0200
217ec3a05e2a8633,auto-7202408d73d7,tempest_outer@fdc1e1f,tempest_outer,fdc1e1f,janus@8a1e7a1,janus,8a1e7a1,sprint,official,1,0,rating,a,a,1.0,core_destroyed,26,,47,0,5,2,9,10,9,10,ok,,5.639,n-62-13-9,29004605,2026-08-02T16:57:21+0200
21b134aa696185c0,auto-7202408d73d7,janus@8a1e7a1,janus,8a1e7a1,tempest_reinforcements@65ddc55,tempest_reinforcements,65ddc55,sprint,official,1,0,rating,a,a,1.0,core_destroyed,52,,40,110,5,8,16,30,8,1,ok,,4.2,n-62-21-62,29004605,2026-08-02T16:58:01+0200
21b2739aeae09997,auto-7202408d73d7,janus@8a1e7a1,janus,8a1e7a1,tempest_reinforcements@87724ec,tempest_reinforcements,87724ec,skerry,official,1,0,rating,b,b,0.0,core_destroyed,37,,195,170,6,9,25,0,11,2,ok,,7.28,n-62-21-64,29004605,2026-08-02T16:58:45+0200
21b9f7759aeb3956,auto-7202408d73d7,janus@8a1e7a1,janus,8a1e7a1,vg_v5@9713344,vg_v5,9713344,atoll,official,1,0,rating,a,a,1.0,core_destroyed,57,,57,230,12,13,122,0,8,5,ok,,4.172,n-62-12-1,29004605,2026-08-02T16:59:38+0200
21c1f543b1353f4c,auto-7202408d73d7,janus@8a1e7a1,janus,8a1e7a1,v233_d@9713344,v233_d,9713344,pinch,official,1,0,rating,a,a,1.0,core_destroyed,54,,36,200,12,11,88,200,5,10,ok,,3.886,n-62-29-9,29004605,2026-08-02T16:58:20+0200
21eb5000ce6a1b53,auto-7202408d73d7,janus@8a1e7a1,janus,8a1e7a1,tempest_reinforcements@edf93ad,tempest_reinforcements,edf93ad,twins,official,1,0,rating,a,a,1.0,core_destroyed,42,,8,80,11,9,10,0,9,4,ok,,4.375,n-62-21-69,29004605,2026-08-02T16:57:37+0200
220ea86698e88447,auto-7202408d73d7,tempest_reinforcements@38f9c23,tempest_reinforcements,38f9c23,janus@8a1e7a1,janus,8a1e7a1,showdown,official,1,0,rating,b,b,0.0,core_destroyed,42,,64,0,5,7,24,0,6,5,ok,,3.933,n-62-21-54,29004605,2026-08-02T16:57:20+0200
22141e0712060312,auto-7202408d73d7,janus@8a1e7a1,janus,8a1e7a1,vg_v5@9713344,vg_v5,9713344,pinch,official,1,0,rating,a,a,1.0,core_destroyed,40,,23,140,11,17,117,120,3,14,ok,,2.904,n-62-12-3,29004605,2026-08-02T16:59:42+0200
2216a634a47fb0d7,auto-7202408d73d7,janus@8a1e7a1,janus,8a1e7a1,v233_g@9713344,v233_g,9713344,vault,official,1,0,rating,a,a,1.0,core_destroyed,54,,131,190,11,6,60,240,8,13,ok,,3.694,n-62-29-29,29004605,2026-08-02T16:58:58+0200
221ab114329bd849,auto-7202408d73d7,e9cand@9e77076,e9cand,9e77076,janus@8a1e7a1,janus,8a1e7a1,string,official,1,0,rating,b,b,0.0,core_destroyed,38,,86,0,9,8,175,90,8,4,ok,,3.409,n-62-21-97,29004605,2026-08-02T16:57:32+0200
22420d56c5424b97,auto-7202408d73d7,jonbot@9713344,jonbot,9713344,janus@8a1e7a1,janus,8a1e7a1,runestone,official,1,0,rating,b,b,0.0,core_destroyed,27,,237,0,5,0,3,40,11,13,ok,,3.095,n-62-29-8,29004605,2026-08-02T16:57:55+0200
2243986c411bcd13,auto-7202408d73d7,janus@8a1e7a1,janus,8a1e7a1,v233_e@9713344,v233_e,9713344,twins,official,1,0,rating,b,b,0.0,titanium_collected,1000,,11026,9220,8,67,11233,10160,15,33,ok,,20.202,n-62-29-14,29004605,2026-08-02T16:58:37+0200
2249f76a2c57fe15,auto-7202408d73d7,janus@8a1e7a1,janus,8a1e7a1,vg_v5@9713344,vg_v5,9713344,crossfire,official,1,0,rating,a,a,1.0,core_destroyed,35,,13,120,11,11,88,0,4,3,ok,,3.247,n-62-12-3,29004605,2026-08-02T16:58:31+0200
22604527240f0380,auto-7202408d73d7,janus@8a1e7a1,janus,8a1e7a1,vanguard@9932bec,vanguard,9932bec,crossfire,official,1,0,rating,a,a,1.0,core_destroyed,49,,10,190,13,14,96,190,7,5,ok,,4.177,n-62-30-23,29004605,2026-08-02T16:58:23+0200
22634df4ab5b9714,auto-7202408d73d7,janus@8a1e7a1,janus,8a1e7a1,gobbleglitch@e808e1d,gobbleglitch,e808e1d,jackpot,official,1,0,rating,a,a,1.0,titanium_collected,1000,,6040,4950,25,21,2550,0,9,1,ok,,16.661,n-62-29-28,29004605,2026-08-02T16:57:35+0200
226d598f4c6daccf,auto-7202408d73d7,vanguard_oracle@75591b7,vanguard_oracle,75591b7,janus@8a1e7a1,janus,8a1e7a1,aurora,official,1,0,rating,b,b,0.0,core_destroyed,46,,109,180,8,8,14,150,13,12,ok,,5.014,n-62-31-7,29004605,2026-08-02T16:58:41+0200
226f7e155b6bdfda,auto-7202408d73d7,opponent_luc@e83a42c,opponent_luc,e83a42c,janus@8a1e7a1,janus,8a1e7a1,atoll,official,1,0,rating,b,b,0.0,core_destroyed,36,,228,70,7,5,91,130,10,10,ok,,4.077,n-62-11-50,29004605,2026-08-02T16:57:53+0200
2286b69839206a6e,auto-7202408d73d7,reaver@9713344,reaver,9713344,janus@8a1e7a1,janus,8a1e7a1,strait,official,1,0,rating,b,b,0.0,core_destroyed,44,,95,80,4,7,35,140,10,16,ok,,3.489,n-62-11-55,29004605,2026-08-02T16:57:27+0200
2298944629bbff96,auto-7202408d73d7,janus@8a1e7a1,janus,8a1e7a1,tempest_reinforcements@65ddc55,tempest_reinforcements,65ddc55,fjord,official,1,0,rating,b,b,0.0,core_destroyed,28,,54,90,9,5,26,60,10,5,ok,,4.015,n-62-21-61,29004605,2026-08-02T16:58:15+0200
22d7c99486f1aae4,auto-7202408d73d7,janus@8a1e7a1,janus,8a1e7a1,vg_v7@9713344,vg_v7,9713344,aurora,official,1,0,rating,a,a,1.0,core_destroyed,51,,14,110,13,11,82,100,5,10,ok,,4.697,n-62-21-12,29004605,2026-08-02T16:58:35+0200
22dcb13ecdc3a8a0,auto-7202408d73d7,janus@8a1e7a1,janus,8a1e7a1,reaver@9713344,reaver,9713344,hive,official,1,0,rating,a,a,1.0,core_destroyed,68,,54,300,11,25,103,0,4,6,ok,,4.02,n-62-11-59,29004605,2026-08-02T16:57:22+0200
22ded2d6488cdb1c,auto-7202408d73d7,tempest_reinforcements@e1dc316,tempest_reinforcements,e1dc316,janus@8a1e7a1,janus,8a1e7a1,longship,official,1,0,rating,b,b,0.0,core_destroyed,44,,50,80,10,10,35,90,12,8,ok,,4.607,n-62-21-66,29004605,2026-08-02T16:57:42+0200
22e70cc122df8645,auto-7202408d73d7,casemate_oracle@902be71,casemate_oracle,902be71,janus@8a1e7a1,janus,8a1e7a1,vault,official,1,0,rating,b,b,0.0,titanium_collected,1000,,2174,0,2,63,21122,19790,9,83,ok,,9.959,n-62-11-66,29004605,2026-08-02T16:57:46+0200
22e9eebdf921caba,auto-7202408d73d7,janus@8a1e7a1,janus,8a1e7a1,attack_wave_v1@9713344,attack_wave_v1,9713344,fjord,official,1,0,rating,a,a,1.0,core_destroyed,37,,32,200,13,14,249,0,5,2,ok,,3.662,n-62-31-4,29004605,2026-08-02T16:57:34+0200
22edb4a4f61e4b7b,auto-7202408d73d7,baiter@9713344,baiter,9713344,janus@8a1e7a1,janus,8a1e7a1,crossfire,official,1,0,rating,b,b,0.0,core_destroyed,37,,104,40,3,5,22,130,11,14,ok,,4.355,n-62-31-23,29004605,2026-08-02T16:58:00+0200
2300e44ffa7ccc10,auto-7202408d73d7,janus@8a1e7a1,janus,8a1e7a1,baiter@9713344,baiter,9713344,duel,official,1,0,rating,a,a,1.0,core_destroyed,49,,15,240,12,16,76,0,6,5,ok,,4.734,n-62-31-23,29004605,2026-08-02T16:58:05+0200
231f74dbc95c6552,auto-7202408d73d7,vg_v3@9713344,vg_v3,9713344,janus@8a1e7a1,janus,8a1e7a1,jackpot,official,1,0,rating,b,b,0.0,core_destroyed,57,,102,0,4,0,80,250,10,8,ok,,4.203,n-62-12-6,29004605,2026-08-02T16:58:52+0200
234780b4fe37f93e,auto-7202408d73d7,riptide@9713344,riptide,9713344,janus@8a1e7a1,janus,8a1e7a1,bridge,official,1,0,rating,b,b,0.0,titanium_collected,1000,,3833,2760,8,14,7270,7340,15,15,ok,,24.087,n-62-21-91,29004605,2026-08-02T16:57:37+0200
2347a79e9e996ead,auto-7202408d73d7,e9cand@9e77076,e9cand,9e77076,janus@8a1e7a1,janus,8a1e7a1,bridge,official,1,0,rating,b,b,0.0,core_destroyed,55,,117,0,9,5,195,250,9,17,ok,,3.67,n-62-21-104,29004605,2026-08-02T16:57:02+0200
2349aa1f95665de0,auto-7202408d73d7,vg_v7@9713344,vg_v7,9713344,janus@8a1e7a1,janus,8a1e7a1,crossfire,official,1,0,rating,b,b,0.0,core_destroyed,34,,107,70,5,5,23,120,11,12,ok,,3.376,n-62-21-12,29004605,2026-08-02T16:58:59+0200
234cb6b1ba9444b7,auto-7202408d73d7,vigil@1b5f3d1,vigil,1b5f3d1,janus@8a1e7a1,janus,8a1e7a1,strait,official,1,0,rating,a,a,1.0,titanium_collected,47,,7,90,11,8,8,80,13,6,ok,,4.464,n-62-21-2,29004605,2026-08-02T16:59:29+0200
236b82652dd1dda3,auto-7202408d73d7,tempest_ferry@26b5aa1,tempest_ferry,26b5aa1,janus@8a1e7a1,janus,8a1e7a1,twins,official,1,0,rating,b,b,0.0,core_destroyed,31,,188,0,7,3,50,90,9,14,ok,,3.41,n-62-21-15,29004605,2026-08-02T16:57:19+0200
237996e5dfd843b5,auto-7202408d73d7,janus@8a1e7a1,janus,8a1e7a1,undertow_oracle@fdc1e1f,undertow_oracle,fdc1e1f,sprint,official,1,0,rating,a,a,1.0,core_destroyed,47,,17,140,10,18,15,60,6,5,ok,,3.725,n-62-21-103,29004605,2026-08-02T16:59:39+0200
237f7e2825a0ad66,auto-7202408d73d7,janus@8a1e7a1,janus,8a1e7a1,vanguard_oracle@fdc1e1f,vanguard_oracle,fdc1e1f,quarry,official,1,0,rating,b,b,0.0,core_destroyed,47,,210,160,6,14,58,220,13,14,ok,,4.046,n-62-11-52,29004605,2026-08-02T16:58:44+0200
239ad6a513dd0d5d,auto-7202408d73d7,janus@8a1e7a1,janus,8a1e7a1,v233_g@9713344,v233_g,9713344,duel,official,1,0,rating,a,a,1.0,titanium_collected,1000,,9306,7320,5,17,6687,5150,4,14,ok,,5.645,n-62-29-24,29004605,2026-08-02T16:59:26+0200
23a94c6a240576bf,auto-7202408d73d7,janus@8a1e7a1,janus,8a1e7a1,tempest_blindfire@fdc1e1f,tempest_blindfire,fdc1e1f,strait,official,1,0,rating,b,b,0.0,core_destroyed,32,,212,50,7,3,70,60,11,9,ok,,3.642,n-62-21-4,29004605,2026-08-02T16:57:57+0200
23aad8a1987e6ac4,auto-7202408d73d7,janus@8a1e7a1,janus,8a1e7a1,tempest_reinforcements@51ad530,tempest_reinforcements,51ad530,quarry,official,1,0,rating,a,a,1.0,core_destroyed,51,,9,190,12,24,11,0,9,5,ok,,5.539,n-62-21-60,29004605,2026-08-02T16:57:20+0200
23c177d176835b6a,auto-7202408d73d7,janus@8a1e7a1,janus,8a1e7a1,siege_v1@9713344,siege_v1,9713344,vase,official,1,0,rating,a,a,1.0,core_destroyed,41,,96,60,7,7,286,0,6,1,ok,,3.208,n-62-12-6,29004605,2026-08-02T16:57:52+0200
23ccecc675cd2a07,auto-7202408d73d7,janus@8a1e7a1,janus,8a1e7a1,siege_v1@9713344,siege_v1,9713344,atoll,official,1,0,rating,a,a,1.0,core_destroyed,44,,80,170,8,18,265,0,4,2,ok,,2.769,n-62-21-89,29004605,2026-08-02T16:58:28+0200
23f71109a0ab9bf7,auto-7202408d73d7,claude_challenger_1@fdc1e1f,claude_challenger_1,fdc1e1f,janus@8a1e7a1,janus,8a1e7a1,crossfire,official,1,0,rating,b,b,0.0,core_destroyed,83,,231,120,1,2,45,360,16,14,ok,,5.632,n-62-11-66,29004605,2026-08-02T16:58:27+0200
24027e6bee5f1fa3,auto-7202408d73d7,tempest_reinforcements@edf93ad,tempest_reinforcements,edf93ad,janus@8a1e7a1,janus,8a1e7a1,sprint,official,1,0,rating,b,b,0.0,core_destroyed,27,,8,40,10,4,18,50,9,16,ok,,4.225,n-62-21-69,29004605,2026-08-02T16:57:04+0200
240329ae6990e99f,auto-7202408d73d7,tempest_reinforcements@3d5ab38,tempest_reinforcements,3d5ab38,janus@8a1e7a1,janus,8a1e7a1,vase,official,1,0,rating,a,a,1.0,core_destroyed,33,,9,0,10,6,79,40,8,6,ok,,3.938,n-62-21-59,29004605,2026-08-02T16:57:04+0200
2413e205f81974e7,auto-7202408d73d7,vanguard@818f3b4,vanguard,818f3b4,janus@8a1e7a1,janus,8a1e7a1,longship,official,1,0,rating,b,b,0.0,core_destroyed,38,,83,140,8,8,4,110,11,11,ok,,3.574,n-62-29-34,29004605,2026-08-02T16:58:59+0200
2446aa9830897567,auto-7202408d73d7,janus@8a1e7a1,janus,8a1e7a1,jonbot@9713344,jonbot,9713344,strait,official,1,0,rating,a,a,1.0,core_destroyed,43,,30,120,12,15,278,0,5,0,ok,,3.43,n-62-29-9,29004605,2026-08-02T16:57:11+0200
245e183f6b2bed22,auto-7202408d73d7,janus@8a1e7a1,janus,8a1e7a1,tempest_blindfire@fdc1e1f,tempest_blindfire,fdc1e1f,pinch,official,1,0,rating,b,b,0.0,core_destroyed,28,,111,60,7,9,18,0,12,4,ok,,4.309,n-62-21-4,29004605,2026-08-02T16:57:08+0200
249db9ee9149dd1f,auto-7202408d73d7,casemate_oracle@902be71,casemate_oracle,902be71,janus@8a1e7a1,janus,8a1e7a1,runestone,official,1,0,rating,b,b,0.0,core_destroyed,28,,177,0,5,19,13,40,11,13,ok,,4.2,n-62-11-65,29004605,2026-08-02T16:57:54+0200
24a6b022232b9678,auto-7202408d73d7,janus@8a1e7a1,janus,8a1e7a1,vanguard@9932bec,vanguard,9932bec,bridge,official,1,0,rating,b,b,0.0,core_destroyed,76,,144,400,12,17,106,250,11,13,ok,,3.776,n-62-29-5,29004605,2026-08-02T16:59:32+0200
24ac2b5b42f0c9fe,auto-7202408d73d7,tempest_reinforcements@87724ec,tempest_reinforcements,87724ec,janus@8a1e7a1,janus,8a1e7a1,string,official,1,0,rating,b,b,0.0,core_destroyed,44,,57,0,2,0,71,100,11,3,ok,,3.947,n-62-21-65,29004605,2026-08-02T16:57:03+0200
24ca59f0414bb755,auto-7202408d73d7,janus@8a1e7a1,janus,8a1e7a1,mistral@ba943b9,mistral,ba943b9,jackpot,official,1,0,rating,a,a,1.0,core_destroyed,50,,122,210,12,8,286,0,5,0,ok,,4.296,n-62-31-16,29004605,2026-08-02T16:58:28+0200
24d786823c1c9ec5,auto-7202408d73d7,janus@8a1e7a1,janus,8a1e7a1,tempest_frontier@fdc1e1f,tempest_frontier,fdc1e1f,string,official,1,0,rating,a,a,1.0,core_destroyed,60,,109,140,8,5,338,240,7,5,ok,,3.675,n-62-21-24,29004605,2026-08-02T16:57:06+0200
24e692452609417b,auto-7202408d73d7,janus@8a1e7a1,janus,8a1e7a1,v233_i@902be71,v233_i,902be71,showdown,official,1,0,rating,a,a,1.0,core_destroyed,38,,11,0,12,6,56,70,5,16,ok,,3.092,n-62-29-8,29004605,2026-08-02T16:59:39+0200
24e94fcbe62cc7b6,auto-7202408d73d7,janus@8a1e7a1,janus,8a1e7a1,gobbleglitch@e808e1d,gobbleglitch,e808e1d,bridge,official,1,0,rating,b,b,0.0,core_destroyed,42,,90,150,9,17,60,70,6,14,ok,,3.113,n-62-29-27,29004605,2026-08-02T16:57:54+0200
24e98b5c4be8e9fd,auto-7202408d73d7,janus@8a1e7a1,janus,8a1e7a1,baiter@9713344,baiter,9713344,sprint,official,1,0,rating,a,a,1.0,core_destroyed,30,,3,80,11,15,14,100,4,6,ok,,3.981,n-62-31-24,29004605,2026-08-02T16:57:56+0200
24f719c7c0b85584,auto-7202408d73d7,janus@8a1e7a1,janus,8a1e7a1,mistral@ba943b9,mistral,ba943b9,hive,official,1,0,rating,b,b,0.0,core_destroyed,45,,71,120,12,14,69,0,11,1,ok,,7.544,n-62-31-16,29004605,2026-08-02T16:58:17+0200
25082cd89be1b54e,auto-7202408d73d7,tempest_blindfire@fdc1e1f,tempest_blindfire,fdc1e1f,janus@8a1e7a1,janus,8a1e7a1,bridge,official,1,0,rating,b,b,0.0,core_destroyed,49,,310,0,4,5,77,200,10,17,ok,,3.393,n-62-12-4,29004605,2026-08-02T16:57:38+0200
251fd3fee99fefa1,auto-7202408d73d7,janus@8a1e7a1,janus,8a1e7a1,vg_v4@9713344,vg_v4,9713344,jackpot,official,1,0,rating,a,a,1.0,core_destroyed,58,,76,250,10,8,93,0,2,1,ok,,4.332,n-62-12-2,29004605,2026-08-02T16:58:56+0200
2524fb2a587a6800,auto-7202408d73d7,janus@8a1e7a1,janus,8a1e7a1,tempest_reinforcements@87724ec,tempest_reinforcements,87724ec,bridge,official,1,0,rating,a,a,1.0,core_destroyed,56,,78,260,10,20,48,0,9,6,ok,,4.604,n-62-21-63,29004605,2026-08-02T16:58:06+0200
2537e4b3211acb37,auto-7202408d73d7,tempest_oracle_ferry@fdc1e1f,tempest_oracle_ferry,fdc1e1f,janus@8a1e7a1,janus,8a1e7a1,fjord,official,1,0,rating,b,b,0.0,core_destroyed,35,,66,0,10,2,13,180,10,11,ok,,3.914,n-62-13-7,29004605,2026-08-02T16:57:09+0200
2566dbae95d07649,auto-7202408d73d7,janus@8a1e7a1,janus,8a1e7a1,tempest_blindfire@fdc1e1f,tempest_blindfire,fdc1e1f,sweden,official,1,0,rating,a,a,1.0,core_destroyed,76,,175,400,10,22,301,0,5,5,ok,,4.378,n-62-21-4,29004605,2026-08-02T16:58:15+0200
258e3b54bebf8115,auto-7202408d73d7,vanguard_oracle@902be71,vanguard_oracle,902be71,janus@8a1e7a1,janus,8a1e7a1,vase,official,1,0,rating,a,a,1.0,core_destroyed,105,,318,210,9,9,114,220,10,6,ok,,4.72,n-62-11-57,29004605,2026-08-02T16:58:31+0200
2594c72a388cda1e,auto-7202408d73d7,lockin@9713344,lockin,9713344,janus@8a1e7a1,janus,8a1e7a1,jackpot,official,1,0,rating,b,b,0.0,core_destroyed,39,,590,0,0,0,60,150,9,8,ok,,2.854,n-62-30-23,29004605,2026-08-02T16:58:07+0200
259d71f87efc5368,auto-7202408d73d7,janus@8a1e7a1,janus,8a1e7a1,vg_v4@9713344,vg_v4,9713344,duel,official,1,0,rating,a,a,1.0,core_destroyed,49,,15,240,12,16,76,0,6,5,ok,,3.898,n-62-12-2,29004605,2026-08-02T16:58:30+0200
25c1fac1c04de668,auto-7202408d73d7,siege_v2@9713344,siege_v2,9713344,janus@8a1e7a1,janus,8a1e7a1,strait,official,1,0,rating,b,b,0.0,core_destroyed,34,,141,0,6,4,52,90,9,16,ok,,3.125,n-62-12-1,29004605,2026-08-02T16:57:38+0200
25e822a217a4844d,auto-7202408d73d7,janus@8a1e7a1,janus,8a1e7a1,jonbot_190003d@da3fd8a,jonbot_190003d,da3fd8a,duel,official,1,0,rating,b,b,0.0,core_destroyed,100,,236,430,5,28,112,60,5,4,ok,,3.231,n-62-29-34,29004605,2026-08-02T16:57:21+0200
25ffc0f528c95233,auto-7202408d73d7,v233_e@9713344,v233_e,9713344,janus@8a1e7a1,janus,8a1e7a1,runestone,official,1,0,rating,b,b,0.0,core_destroyed,31,,94,90,6,12,3,40,11,14,ok,,3.014,n-62-29-13,29004605,2026-08-02T16:58:46+0200
261354e2f7b92ae8,auto-7202408d73d7,v233_f@9713344,v233_f,9713344,janus@8a1e7a1,janus,8a1e7a1,jackpot,official,1,0,rating,b,b,0.0,core_destroyed,46,,60,160,11,6,92,160,11,7,ok,,3.99,n-62-29-18,29004605,2026-08-02T16:58:25+0200
261ed6af4b02947f,auto-7202408d73d7,attack_wave_v1@9713344,attack_wave_v1,9713344,janus@8a1e7a1,janus,8a1e7a1,crossfire,official,1,0,rating,b,b,0.0,core_destroyed,23,,116,0,6,4,35,60,10,7,ok,,3.174,n-62-31-4,29004605,2026-08-02T16:57:23+0200
262c71177cf8418b,auto-7202408d73d7,janus@8a1e7a1,janus,8a1e7a1,tempest_ferry@26b5aa1,tempest_ferry,26b5aa1,fjord,official,1,0,rating,a,a,1.0,core_destroyed,36,,22,160,12,11,282,70,5,4,ok,,3.589,n-62-21-13,29004605,2026-08-02T16:58:11+0200
264a88e2e80b026d,auto-7202408d73d7,janus@8a1e7a1,janus,8a1e7a1,claude_challenger_2@fdc1e1f,claude_challenger_2,fdc1e1f,bridge,official,1,0,rating,a,a,1.0,core_destroyed,51,,40,240,6,29,620,0,0,0,ok,,2.209,n-62-21-92,29004605,2026-08-02T16:58:11+0200
265665c867a5dc27,auto-7202408d73d7,janus@8a1e7a1,janus,8a1e7a1,autistimusprime@ecd4d24,autistimusprime,ecd4d24,sweden,official,1,0,rating,b,b,0.0,core_destroyed,36,,56,90,6,25,12,0,9,12,ok,,3.008,n-62-31-21,29004605,2026-08-02T16:58:07+0200
265bd376da305f37,auto-7202408d73d7,vg_v5@9713344,vg_v5,9713344,janus@8a1e7a1,janus,8a1e7a1,duel,official,1,0,rating,b,b,0.0,core_destroyed,39,,77,20,7,2,53,160,10,14,ok,,3.234,n-62-12-3,29004605,2026-08-02T16:58:41+0200
2687b4948702ad05,auto-7202408d73d7,janus@8a1e7a1,janus,8a1e7a1,e_t4l7@9e77076,e_t4l7,9e77076,skerry,official,1,0,rating,a,a,1.0,core_destroyed,83,,96,510,11,24,69,370,1,18,ok,,3.632,n-62-29-13,29004605,2026-08-02T16:57:37+0200
26928ebedf71a732,auto-7202408d73d7,vanguard_oracle@fdc1e1f,vanguard_oracle,fdc1e1f,janus@8a1e7a1,janus,8a1e7a1,bridge,official,1,0,rating,b,b,0.0,titanium_collected,1000,,2620,2450,16,11,6071,5070,16,20,ok,,18.683,n-62-11-57,29004605,2026-08-02T16:59:21+0200
269a6169ace0653b,auto-7202408d73d7,lockin@9713344,lockin,9713344,janus@8a1e7a1,janus,8a1e7a1,strait,official,1,0,rating,b,b,0.0,core_destroyed,34,,149,10,8,5,22,90,9,17,ok,,4.795,n-62-30-25,29004605,2026-08-02T16:57:54+0200
26a3abf7e8d07497,auto-7202408d73d7,mistral_fast@26b5aa1,mistral_fast,26b5aa1,janus@8a1e7a1,janus,8a1e7a1,duel,official,1,0,rating,b,b,0.0,core_destroyed,25,,157,0,6,0,21,90,10,8,ok,,3.657,n-62-31-8,29004605,2026-08-02T16:57:49+0200
26ba3fd39cfc5e85,auto-7202408d73d7,janus@8a1e7a1,janus,8a1e7a1,tempest_fast@eb1f0f3,tempest_fast,eb1f0f3,skerry,official,1,0,rating,b,b,0.0,core_destroyed,42,,120,170,8,6,13,0,14,2,ok,,4.595,n-62-21-12,29004605,2026-08-02T16:57:49+0200
26c618451f29412c,auto-7202408d73d7,janus@8a1e7a1,janus,8a1e7a1,vg_v5@9713344,vg_v5,9713344,fjord,official,1,0,rating,a,a,1.0,core_destroyed,39,,10,150,13,8,65,0,4,3,ok,,3.373,n-62-12-3,29004605,2026-08-02T16:58:45+0200
26d49184d376b5f8,auto-7202408d73d7,janus@8a1e7a1,janus,8a1e7a1,vg_v2@9713344,vg_v2,9713344,sprint,official,1,0,rating,a,a,1.0,core_destroyed,33,,26,100,10,13,89,120,5,7,ok,,3.08,n-62-21-89,29004605,2026-08-02T16:59:30+0200
26e37f00a39699c8,auto-7202408d73d7,casemate_oracle@902be71,casemate_oracle,902be71,janus@8a1e7a1,janus,8a1e7a1,sweden,official,1,0,rating,b,b,0.0,core_destroyed,91,,312,0,4,20,282,510,11,22,ok,,4.961,n-62-11-66,29004605,2026-08-02T16:57:14+0200
26e442faa23e6d4a,auto-7202408d73d7,frontier_v1@9713344,frontier_v1,9713344,janus@8a1e7a1,janus,8a1e7a1,duel,official,1,0,rating,b,b,0.0,core_destroyed,40,,45,0,9,3,119,160,11,9,ok,,3.394,n-62-29-14,29004605,2026-08-02T16:57:56+0200
27088e4eb227aebf,auto-7202408d73d7,janus@8a1e7a1,janus,8a1e7a1,riptide@9713344,riptide,9713344,pinch,official,1,0,rating,a,a,1.0,core_destroyed,41,,11,150,11,18,64,120,3,13,ok,,4.088,n-62-21-91,29004605,2026-08-02T16:58:45+0200
2720e6e298d29404,auto-7202408d73d7,jonbot@da3fd8a,jonbot,da3fd8a,janus@8a1e7a1,janus,8a1e7a1,runestone,official,1,0,rating,b,b,0.0,core_destroyed,30,,156,40,7,9,3,40,9,14,ok,,3.497,n-62-29-31,29004605,2026-08-02T16:58:18+0200
272962f52cedf705,auto-7202408d73d7,vanguard_oracle@902be71,vanguard_oracle,902be71,janus@8a1e7a1,janus,8a1e7a1,sweden,official,1,0,rating,a,a,1.0,core_destroyed,77,,168,140,10,12,75,290,10,21,ok,,4.156,n-62-11-56,29004605,2026-08-02T16:59:40+0200
274dc5d27f50918a,auto-7202408d73d7,janus@8a1e7a1,janus,8a1e7a1,tempest_picket@fdc1e1f,tempest_picket,fdc1e1f,fjord,official,1,0,rating,a,a,1.0,core_destroyed,33,,30,130,13,8,275,70,5,4,ok,,2.893,n-62-12-65,29004605,2026-08-02T16:57:22+0200
274fac3475dab17c,auto-7202408d73d7,janus@8a1e7a1,janus,8a1e7a1,undertow@9713344,undertow,9713344,sweden,official,1,0,rating,a,a,1.0,core_destroyed,133,,99,830,8,21,619,950,11,25,ok,,6.342,n-62-11-60,29004605,2026-08-02T16:59:07+0200
275c767538ba7dba,auto-7202408d73d7,vg_v1@9713344,vg_v1,9713344,janus@8a1e7a1,janus,8a1e7a1,sweden,official,1,0,rating,b,b,0.0,core_destroyed,72,,98,0,5,2,151,370,12,22,ok,,5.001,n-62-21-91,29004605,2026-08-02T16:58:35+0200
275d0c9053132342,auto-7202408d73d7,janus@8a1e7a1,janus,8a1e7a1,v233_f@9713344,v233_f,9713344,showdown,official,1,0,rating,a,a,1.0,core_destroyed,32,,49,0,9,8,69,0,3,6,ok,,2.925,n-62-29-18,29004605,2026-08-02T16:58:59+0200
2777dc37f21dbe33,auto-7202408d73d7,mistral@ba943b9,mistral,ba943b9,janus@8a1e7a1,janus,8a1e7a1,strait,official,1,0,rating,b,b,0.0,core_destroyed,32,,278,0,5,0,121,80,8,14,ok,,3.613,n-62-31-19,29004605,2026-08-02T16:58:05+0200
277e87f1c5425f12,auto-7202408d73d7,tempest_fast@eb1f0f3,tempest_fast,eb1f0f3,janus@8a1e7a1,janus,8a1e7a1,hive,official,1,0,rating,b,b,0.0,core_destroyed,42,,220,80,8,10,10,80,10,16,ok,,3.682,n-62-21-8,29004605,2026-08-02T16:58:14+0200
27801e91cc4dcb51,auto-7202408d73d7,janus@8a1e7a1,janus,8a1e7a1,prospect_rushonly@bf9b3e3,prospect_rushonly,bf9b3e3,duel,official,1,0,rating,b,b,0.0,core_destroyed,81,,275,420,6,11,347,520,9,15,ok,,4.255,n-62-11-54,29004605,2026-08-02T16:56:59+0200
278657ce89cfe841,auto-7202408d73d7,e_harc@6db8844,e_harc,6db8844,janus@8a1e7a1,janus,8a1e7a1,string,official,1,0,rating,b,b,0.0,core_destroyed,258,,204,0,7,8,726,640,10,4,ok,,4.427,n-62-28-33,29004605,2026-08-02T16:57:52+0200
278a347bc6df7fbc,auto-7202408d73d7,janus@8a1e7a1,janus,8a1e7a1,lockin@9713344,lockin,9713344,longship,official,1,0,rating,a,a,1.0,core_destroyed,47,,84,130,9,13,97,90,11,6,ok,,5.481,n-62-30-23,29004605,2026-08-02T16:58:13+0200
2790228bf3c71506,auto-7202408d73d7,janus@8a1e7a1,janus,8a1e7a1,vanguard@818f3b4,vanguard,818f3b4,bridge,official,1,0,rating,a,a,1.0,titanium_collected,1000,,9588,7340,10,19,9290,7220,13,17,ok,,14.969,n-62-29-32,29004605,2026-08-02T16:59:45+0200
279edebf0a87e174,auto-7202408d73d7,janus@8a1e7a1,janus,8a1e7a1,e_t4l7@9e77076,e_t4l7,9e77076,atoll,official,1,0,rating,a,a,1.0,core_destroyed,58,,42,270,9,19,66,190,4,10,ok,,3.244,n-62-29-20,29004605,2026-08-02T16:57:21+0200
27bb6d50c2d2c32b,auto-7202408d73d7,janus@8a1e7a1,janus,8a1e7a1,e_post2@4a95297,e_post2,4a95297,vase,official,1,0,rating,a,a,1.0,core_destroyed,47,,160,80,9,7,71,0,11,0,ok,,3.916,n-62-29-20,29004605,2026-08-02T16:57:06+0200
27e366e4106fa0fc,auto-7202408d73d7,tempest_reinforcements@e1dc316,tempest_reinforcements,e1dc316,janus@8a1e7a1,janus,8a1e7a1,twins,official,1,0,rating,a,a,1.0,core_destroyed,31,,34,60,10,5,36,50,10,6,ok,,4.632,n-62-21-67,29004605,2026-08-02T16:57:56+0200
27e976217fdda1f9,auto-7202408d73d7,janus@8a1e7a1,janus,8a1e7a1,claude_challenger_3@fdc1e1f,claude_challenger_3,fdc1e1f,aurora,official,1,0,rating,a,a,1.0,core_destroyed,48,,42,100,12,11,34,0,12,2,ok,,6.88,n-62-31-10,29004605,2026-08-02T16:58:12+0200
27fc4ff21790aadb,auto-7202408d73d7,vanguard@9932bec,vanguard,9932bec,janus@8a1e7a1,janus,8a1e7a1,showdown,official,1,0,rating,b,b,0.0,core_destroyed,32,,64,0,8,2,29,60,9,15,ok,,3.163,n-62-30-23,29004605,2026-08-02T16:59:37+0200
28041fd567170818,auto-7202408d73d7,jonbot@9713344,jonbot,9713344,janus@8a1e7a1,janus,8a1e7a1,crossfire,official,1,0,rating,b,b,0.0,core_destroyed,27,,235,0,5,0,3,80,12,10,ok,,3.073,n-62-29-8,29004605,2026-08-02T16:57:01+0200
28185402cb7555ff,auto-7202408d73d7,janus@8a1e7a1,janus,8a1e7a1,vigil@18b749d,vigil,18b749d,runestone,official,1,0,rating,b,b,0.0,core_destroyed,29,,7,40,11,5,9,40,10,10,ok,,4.233,n-62-21-13,29004605,2026-08-02T16:58:45+0200
28301f2398d4d462,auto-7202408d73d7,tempest_frontier@fdc1e1f,tempest_frontier,fdc1e1f,janus@8a1e7a1,janus,8a1e7a1,crossfire,official,1,0,rating,b,b,0.0,core_destroyed,22,,127,0,8,2,13,60,10,8,ok,,3.872,n-62-21-15,29004605,2026-08-02T16:58:06+0200
285909c2396e9a02,auto-7202408d73d7,janus@8a1e7a1,janus,8a1e7a1,tempest_ferry@26b5aa1,tempest_ferry,26b5aa1,quarry,official,1,0,rating,a,a,1.0,core_destroyed,45,,10,40,9,15,141,0,9,5,ok,,4.101,n-62-21-2,29004605,2026-08-02T16:57:34+0200
28671e1654185ddf,auto-7202408d73d7,e_final@9e77076,e_final,9e77076,janus@8a1e7a1,janus,8a1e7a1,jackpot,official,1,0,rating,a,a,1.0,core_destroyed,93,,67,0,9,1,61,410,15,7,ok,,4.449,n-62-28-30,29004605,2026-08-02T16:57:58+0200
2875fa8607ed1a55,auto-7202408d73d7,vanguard@9932bec,vanguard,9932bec,janus@8a1e7a1,janus,8a1e7a1,twins,official,1,0,rating,b,b,0.0,core_destroyed,54,,36,200,6,9,4,70,10,6,ok,,4.429,n-62-30-25,29004605,2026-08-02T16:59:13+0200
2893220926ab38f5,auto-7202408d73d7,janus@8a1e7a1,janus,8a1e7a1,tempest_fast@eb1f0f3,tempest_fast,eb1f0f3,twins,official,1,0,rating,b,b,0.0,core_destroyed,28,,124,40,9,3,54,50,11,7,ok,,4.354,n-62-21-13,29004605,2026-08-02T16:57:07+0200
28d0613360f30a14,auto-7202408d73d7,vg_v3@9713344,vg_v3,9713344,janus@8a1e7a1,janus,8a1e7a1,twins,official,1,0,rating,b,b,0.0,core_destroyed,37,,75,70,7,7,8,110,10,15,ok,,3.204,n-62-12-5,29004605,2026-08-02T16:59:01+0200
290246c1d1e4f058,auto-7202408d73d7,janus@8a1e7a1,janus,8a1e7a1,tempest_blindfire@fdc1e1f,tempest_blindfire,fdc1e1f,atoll,official,1,0,rating,b,b,0.0,core_destroyed,30,,139,90,10,6,23,60,12,6,ok,,4.641,n-62-12-4,29004605,2026-08-02T16:57:19+0200
290a77725d3c7b48,auto-7202408d73d7,tempest_reinforcements@38f9c23,tempest_reinforcements,38f9c23,janus@8a1e7a1,janus,8a1e7a1,vase,official,1,0,rating,a,a,1.0,core_destroyed,46,,45,80,13,7,90,70,7,6,ok,,3.975,n-62-21-54,29004605,2026-08-02T16:58:49+0200
291b96e0dcc0e3f2,auto-7202408d73d7,janus@8a1e7a1,janus,8a1e7a1,e9cand@9e77076,e9cand,9e77076,quarry,official,1,0,rating,a,a,1.0,core_destroyed,44,,13,10,11,15,81,0,10,2,ok,,4.279,n-62-21-104,29004605,2026-08-02T16:58:04+0200
29200afcdfe316a7,auto-7202408d73d7,janus@8a1e7a1,janus,8a1e7a1,undertow@da3fd8a,undertow,da3fd8a,crossfire,official,1,0,rating,a,a,1.0,core_destroyed,41,,52,150,10,13,58,160,9,7,ok,,3.721,n-62-11-61,29004605,2026-08-02T16:58:44+0200
2943ff59029e11b4,auto-7202408d73d7,janus@8a1e7a1,janus,8a1e7a1,vanguard_oracle@fdc1e1f,vanguard_oracle,fdc1e1f,atoll,official,1,0,rating,a,a,1.0,core_destroyed,41,,161,150,7,7,59,160,13,6,ok,,3.967,n-62-11-57,29004605,2026-08-02T16:58:44+0200
297526a01c3cbaa0,auto-7202408d73d7,nemesis@9713344,nemesis,9713344,janus@8a1e7a1,janus,8a1e7a1,sprint,official,1,0,rating,b,b,0.0,core_destroyed,38,,75,70,5,12,11,130,8,24,ok,,3.322,n-62-31-13,29004605,2026-08-02T16:58:09+0200
2989ffd6ca94a2b5,auto-7202408d73d7,turtle@9713344,turtle,9713344,janus@8a1e7a1,janus,8a1e7a1,fjord,official,1,0,rating,b,b,0.0,core_destroyed,69,,96,310,3,11,42,440,13,19,ok,,4.295,n-62-31-21,29004605,2026-08-02T16:58:45+0200
299d79723004390a,auto-7202408d73d7,jonbot@da3fd8a,jonbot,da3fd8a,janus@8a1e7a1,janus,8a1e7a1,showdown,official,1,0,rating,b,b,0.0,core_destroyed,26,,69,0,6,16,16,20,6,14,ok,,3.115,n-62-29-32,29004605,2026-08-02T16:57:01+0200
299fb678103dc43a,auto-7202408d73d7,janus@8a1e7a1,janus,8a1e7a1,opponent_luc@e83a42c,opponent_luc,e83a42c,hive,official,1,0,rating,a,a,1.0,core_destroyed,46,,20,120,11,20,206,90,10,4,ok,,6.25,n-62-11-51,29004605,2026-08-02T16:57:01+0200
299fe53d8f37d18c,auto-7202408d73d7,e_condc@6db8844,e_condc,6db8844,janus@8a1e7a1,janus,8a1e7a1,strait,official,1,0,rating,b,b,0.0,core_destroyed,41,,40,70,8,15,15,120,10,19,ok,,3.705,n-62-21-99,29004605,2026-08-02T16:57:32+0200
29b284982923b0c7,auto-7202408d73d7,janus@8a1e7a1,janus,8a1e7a1,v233_g@9713344,v233_g,9713344,fjord,official,1,0,rating,a,a,1.0,core_destroyed,56,,28,320,12,22,113,330,8,10,ok,,3.759,n-62-29-24,29004605,2026-08-02T16:59:33+0200
29de1703ef0cea50,auto-7202408d73d7,tempest_sentinel@fdc1e1f,tempest_sentinel,fdc1e1f,janus@8a1e7a1,janus,8a1e7a1,jackpot,official,1,0,rating,b,b,0.0,core_destroyed,45,,190,0,6,2,142,190,11,8,ok,,3.428,n-62-21-71,29004605,2026-08-02T16:57:34+0200
29f207525915d7c0,auto-7202408d73d7,vg_v6@9713344,vg_v6,9713344,janus@8a1e7a1,janus,8a1e7a1,bridge,official,1,0,rating,b,b,0.0,titanium_collected,1000,,6802,4920,9,15,8739,7340,22,15,ok,,22.368,n-62-21-4,29004605,2026-08-02T16:58:54+0200
29f6e3dc759f14b4,auto-7202408d73d7,v233_f@9713344,v233_f,9713344,janus@8a1e7a1,janus,8a1e7a1,duel,official,1,0,rating,b,b,0.0,core_destroyed,37,,121,150,6,10,10,150,11,12,ok,,2.873,n-62-29-14,29004605,2026-08-02T16:59:27+0200
29fa2def5e1d6cda,auto-7202408d73d7,e_final@9e77076,e_final,9e77076,janus@8a1e7a1,janus,8a1e7a1,atoll,official,1,0,rating,b,b,0.0,core_destroyed,40,,26,0,7,4,36,150,12,9,ok,,3.723,n-62-28-30,29004605,2026-08-02T16:57:02+0200
29fd7da8ba63cd8e,auto-7202408d73d7,janus@8a1e7a1,janus,8a1e7a1,prospect@bf9b3e3,prospect,bf9b3e3,duel,official,1,0,rating,b,b,0.0,core_destroyed,81,,275,420,6,11,347,520,9,15,ok,,3.777,n-62-11-52,29004605,2026-08-02T16:58:11+0200
2a1a21fc6ed72aa4,auto-7202408d73d7,janus@8a1e7a1,janus,8a1e7a1,reaver@9713344,reaver,9713344,aurora,official,1,0,rating,a,a,1.0,core_destroyed,67,,22,200,12,16,82,140,6,10,ok,,4.031,n-62-11-53,29004605,2026-08-02T16:58:03+0200
2a338ffb4f17bdcb,auto-7202408d73d7,janus@8a1e7a1,janus,8a1e7a1,undertow_oracle@75591b7,undertow_oracle,75591b7,bridge,official,1,0,rating,a,a,1.0,core_destroyed,50,,81,220,10,16,48,120,9,16,ok,,3.411,n-62-31-9,29004605,2026-08-02T16:59:24+0200
2a4944553eb1774c,auto-7202408d73d7,lockin@9713344,lockin,9713344,janus@8a1e7a1,janus,8a1e7a1,string,official,1,0,rating,b,b,0.0,core_destroyed,46,,610,0,0,0,70,270,9,13,ok,,2.599,n-62-30-25,29004605,2026-08-02T16:57:59+0200
2a52430554179c07,auto-7202408d73d7,janus@8a1e7a1,janus,8a1e7a1,prospect_rushonly@bf9b3e3,prospect_rushonly,bf9b3e3,jackpot,official,1,0,rating,b,b,0.0,core_destroyed,57,,83,170,6,6,26,230,14,18,ok,,5.1,n-62-11-54,29004605,2026-08-02T16:57:27+0200
2a7576d89dcf000b,auto-7202408d73d7,jonbot@9713344,jonbot,9713344,janus@8a1e7a1,janus,8a1e7a1,showdown,official,1,0,rating,b,b,0.0,core_destroyed,27,,231,0,4,0,20,30,9,12,ok,,2.633,n-62-29-8,29004605,2026-08-02T16:58:01+0200
2a75b9349c234c05,auto-7202408d73d7,v233_g@9713344,v233_g,9713344,janus@8a1e7a1,janus,8a1e7a1,hive,official,1,0,rating,b,b,0.0,core_destroyed,43,,61,150,11,15,70,90,11,12,ok,,3.75,n-62-29-27,29004605,2026-08-02T16:58:24+0200
2a9032f6083e09bd,auto-7202408d73d7,janus@8a1e7a1,janus,8a1e7a1,vanguard@818f3b4,vanguard,818f3b4,showdown,official,1,0,rating,b,b,0.0,core_destroyed,28,,52,0,11,5,88,0,4,1,ok,,3.33,n-62-29-34,29004605,2026-08-02T16:59:26+0200
2a997e6d2cfcae05,auto-7202408d73d7,janus@8a1e7a1,janus,8a1e7a1,reaver@9713344,reaver,9713344,atoll,official,1,0,rating,a,a,1.0,core_destroyed,55,,50,250,10,20,99,0,8,5,ok,,3.692,n-62-11-53,29004605,2026-08-02T16:57:55+0200
2aa1b616c17ba06c,auto-7202408d73d7,v233_d@9713344,v233_d,9713344,janus@8a1e7a1,janus,8a1e7a1,atoll,official,1,0,rating,b,b,0.0,core_destroyed,45,,110,90,6,6,39,170,11,7,ok,,3.624,n-62-29-28,29004605,2026-08-02T16:58:30+0200
2ab3cb89417a821a,auto-7202408d73d7,janus@8a1e7a1,janus,8a1e7a1,siege_v2@9713344,siege_v2,9713344,showdown,official,1,0,rating,a,a,1.0,core_destroyed,22,,19,0,8,11,145,0,6,3,ok,,3.193,n-62-12-1,29004605,2026-08-02T16:57:14+0200
2ab739bad1cfcca0,auto-7202408d73d7,janus@8a1e7a1,janus,8a1e7a1,vigil@18b749d,vigil,18b749d,string,official,1,0,rating,b,b,0.0,core_destroyed,87,,84,240,2,2,275,630,11,16,ok,,4.769,n-62-21-13,29004605,2026-08-02T16:59:28+0200
2ac63a3b8039bf4f,auto-7202408d73d7,janus@8a1e7a1,janus,8a1e7a1,tempest_reinforcements@3d5ab38,tempest_reinforcements,3d5ab38,crossfire,official,1,0,rating,a,a,1.0,core_destroyed,45,,59,150,6,6,9,50,10,3,ok,,4.418,n-62-21-56,29004605,2026-08-02T16:57:32+0200
2ad9f1e2a1333ab5,auto-7202408d73d7,janus@8a1e7a1,janus,8a1e7a1,vg_v4@9713344,vg_v4,9713344,quarry,official,1,0,rating,a,a,1.0,core_destroyed,60,,59,320,11,26,108,40,4,12,ok,,3.914,n-62-12-2,29004605,2026-08-02T16:59:21+0200
2aeb304f953f152b,auto-7202408d73d7,jonbot@da3fd8a,jonbot,da3fd8a,janus@8a1e7a1,janus,8a1e7a1,twins,official,1,0,rating,b,b,0.0,core_destroyed,52,,176,0,6,6,30,200,9,19,ok,,3.884,n-62-29-32,29004605,2026-08-02T16:57:48+0200
2aef037b8e87b08e,auto-7202408d73d7,janus@8a1e7a1,janus,8a1e7a1,vigil@bf9b3e3,vigil,bf9b3e3,string,official,1,0,rating,b,b,0.0,core_destroyed,87,,84,240,2,2,275,630,11,16,ok,,4.588,n-62-21-15,29004605,2026-08-02T16:59:44+0200
2af36e74338c33eb,auto-7202408d73d7,janus@8a1e7a1,janus,8a1e7a1,vg_v1@9713344,vg_v1,9713344,vault,official,1,0,rating,a,a,1.0,core_destroyed,73,,185,310,9,7,60,90,8,10,ok,,4.309,n-62-21-91,29004605,2026-08-02T16:58:56+0200
2b2e08c1b3522a99,auto-7202408d73d7,gobbleglitch@e808e1d,gobbleglitch,e808e1d,janus@8a1e7a1,janus,8a1e7a1,showdown,official,1,0,rating,b,b,0.0,core_destroyed,28,,58,0,6,10,56,0,8,6,ok,,2.498,n-62-29-28,29004605,2026-08-02T16:58:14+0200
2b563201994e3569,auto-7202408d73d7,janus@8a1e7a1,janus,8a1e7a1,claude_challenger_2@fdc1e1f,claude_challenger_2,fdc1e1f,vault,official,1,0,rating,a,a,1.0,core_destroyed,48,,327,190,7,7,37,0,10,3,ok,,5.612,n-62-31-10,29004605,2026-08-02T16:57:49+0200
2b5c8cab31dd279f,auto-7202408d73d7,attack_wave_v1@9713344,attack_wave_v1,9713344,janus@8a1e7a1,janus,8a1e7a1,longship,official,1,0,rating,b,b,0.0,core_destroyed,32,,188,0,6,3,31,80,11,9,ok,,3.498,n-62-31-4,29004605,2026-08-02T16:58:01+0200
2b84f0c9192e6fdd,auto-7202408d73d7,opponent_luc@e83a42c,opponent_luc,e83a42c,janus@8a1e7a1,janus,8a1e7a1,longship,official,1,0,rating,b,b,0.0,core_destroyed,36,,160,70,8,7,20,60,11,14,ok,,5.277,n-62-11-51,29004605,2026-08-02T16:57:23+0200
2bb04546d4e5e95e,auto-7202408d73d7,janus@8a1e7a1,janus,8a1e7a1,vanguard_oracle@fdc1e1f,vanguard_oracle,fdc1e1f,duel,official,1,0,rating,a,a,1.0,core_destroyed,60,,48,210,9,7,68,200,8,4,ok,,4.096,n-62-11-57,29004605,2026-08-02T16:59:33+0200
2bbd24c7b9d8e693,auto-7202408d73d7,janus@8a1e7a1,janus,8a1e7a1,v233_e@9713344,v233_e,9713344,vase,official,1,0,rating,a,a,1.0,core_destroyed,60,,290,110,6,9,335,0,6,1,ok,,2.497,n-62-29-14,29004605,2026-08-02T16:58:43+0200
2bd59b1cb957aa33,auto-7202408d73d7,janus@8a1e7a1,janus,8a1e7a1,undertow_1ac7ac4@da3fd8a,undertow_1ac7ac4,da3fd8a,atoll,official,1,0,rating,a,a,1.0,core_destroyed,72,,385,310,6,10,33,200,16,12,ok,,4.88,n-62-11-68,29004605,2026-08-02T16:58:56+0200
2bd691318488c657,auto-7202408d73d7,janus@8a1e7a1,janus,8a1e7a1,prospect_rushonly@bf9b3e3,prospect_rushonly,bf9b3e3,twins,official,1,0,rating,a,a,1.0,core_destroyed,49,,21,40,11,4,13,170,8,15,ok,,3.777,n-62-11-53,29004605,2026-08-02T16:57:33+0200
2bd81ac0b24d1cdf,auto-7202408d73d7,janus@8a1e7a1,janus,8a1e7a1,riptide@9713344,riptide,9713344,atoll,official,1,0,rating,a,a,1.0,core_destroyed,47,,87,180,11,10,105,0,5,4,ok,,3.508,n-62-11-55,29004605,2026-08-02T16:58:24+0200
2bdc7482d9aae497,auto-7202408d73d7,undertow_oracle@fdc1e1f,undertow_oracle,fdc1e1f,janus@8a1e7a1,janus,8a1e7a1,skerry,official,1,0,rating,a,a,1.0,core_destroyed,52,,91,370,10,30,244,270,10,11,ok,,3.84,n-62-21-103,29004605,2026-08-02T16:59:35+0200
2be0830231e58267,auto-7202408d73d7,vg_v3@9713344,vg_v3,9713344,janus@8a1e7a1,janus,8a1e7a1,vase,official,1,0,rating,b,b,0.0,core_destroyed,48,,128,0,5,3,70,80,8,14,ok,,3.083,n-62-12-5,29004605,2026-08-02T16:59:06+0200
2be29dd9216847d9,auto-7202408d73d7,v233_b@9713344,v233_b,9713344,janus@8a1e7a1,janus,8a1e7a1,vase,official,1,0,rating,b,b,0.0,core_destroyed,49,,68,0,7,3,89,80,7,15,ok,,2.814,n-62-28-34,29004605,2026-08-02T16:59:32+0200
2beaf00e69a92f9d,auto-7202408d73d7,janus@8a1e7a1,janus,8a1e7a1,tempest_blindfire@fdc1e1f,tempest_blindfire,fdc1e1f,quarry,official,1,0,rating,a,a,1.0,core_destroyed,45,,10,80,8,19,189,0,8,5,ok,,3.968,n-62-21-4,29004605,2026-08-02T16:57:16+0200
2bf1d2cd9e0fc227,auto-7202408d73d7,tempest_oracle_ferry@fdc1e1f,tempest_oracle_ferry,fdc1e1f,janus@8a1e7a1,janus,8a1e7a1,vault,official,1,0,rating,a,a,1.0,core_destroyed,36,,40,0,13,3,314,130,7,5,ok,,3.512,n-62-13-6,29004605,2026-08-02T16:57:47+0200
2bf6573870b344ab,auto-7202408d73d7,janus@8a1e7a1,janus,8a1e7a1,tempest@da3fd8a,tempest,da3fd8a,showdown,official,1,0,rating,b,b,0.0,core_destroyed,21,,120,0,6,5,48,0,8,8,ok,,3.713,n-62-12-3,29004605,2026-08-02T16:57:26+0200
2c2f5542b5f65f21,auto-7202408d73d7,jonbot@da3fd8a,jonbot,da3fd8a,janus@8a1e7a1,janus,8a1e7a1,strait,official,1,0,rating,b,b,0.0,core_destroyed,58,,152,0,7,8,16,220,7,21,ok,,3.769,n-62-29-32,29004605,2026-08-02T16:57:24+0200
2c3690713dcf9360,auto-7202408d73d7,tempest_outer@fdc1e1f,tempest_outer,fdc1e1f,janus@8a1e7a1,janus,8a1e7a1,showdown,official,1,0,rating,a,a,1.0,core_destroyed,19,,9,0,11,6,101,0,7,5,ok,,4.275,n-62-13-8,29004605,2026-08-02T16:58:58+0200
2c61e079a09c7190,auto-7202408d73d7,undertow_oracle@fdc1e1f,undertow_oracle,fdc1e1f,janus@8a1e7a1,janus,8a1e7a1,vase,official,1,0,rating,a,a,1.0,core_destroyed,44,,97,70,9,7,114,0,8,5,ok,,3.406,n-62-21-104,29004605,2026-08-02T16:59:37+0200
2c63a8059848855d,auto-7202408d73d7,undertow@da3fd8a,undertow,da3fd8a,janus@8a1e7a1,janus,8a1e7a1,pinch,official,1,0,rating,b,b,0.0,core_destroyed,48,,24,160,12,15,24,160,13,11,ok,,4.591,n-62-11-64,29004605,2026-08-02T16:58:16+0200
2c7246f5a5dd9a52,auto-7202408d73d7,janus@8a1e7a1,janus,8a1e7a1,v233_e@9713344,v233_e,9713344,sprint,official,1,0,rating,a,a,1.0,core_destroyed,32,,73,100,8,14,84,110,5,7,ok,,2.799,n-62-29-13,29004605,2026-08-02T16:59:03+0200
2c948d7ecf2059f5,auto-7202408d73d7,janus@8a1e7a1,janus,8a1e7a1,tempest_reinforcements@38f9c23,tempest_reinforcements,38f9c23,longship,official,1,0,rating,b,b,0.0,core_destroyed,29,,6,50,11,5,10,50,10,12,ok,,4.626,n-62-21-55,29004605,2026-08-02T16:58:41+0200
2ca0e1d966fab77f,auto-7202408d73d7,janus@8a1e7a1,janus,8a1e7a1,vanguard@da3fd8a,vanguard,da3fd8a,runestone,official,1,0,rating,a,a,1.0,core_destroyed,35,,10,60,11,13,84,110,9,12,ok,,3.956,n-62-31-15,29004605,2026-08-02T16:58:24+0200
2cfe1e4cc7335566,auto-7202408d73d7,mistral@ba943b9,mistral,ba943b9,janus@8a1e7a1,janus,8a1e7a1,sprint,official,1,0,rating,b,b,0.0,core_destroyed,27,,137,0,5,0,19,50,10,13,ok,,3.742,n-62-31-19,29004605,2026-08-02T16:57:57+0200
2d22d7d66167c41c,auto-7202408d73d7,janus@8a1e7a1,janus,8a1e7a1,vg_v4@9713344,vg_v4,9713344,sprint,official,1,0,rating,a,a,1.0,core_destroyed,30,,3,80,11,15,14,100,4,6,ok,,3.628,n-62-12-1,29004605,2026-08-02T16:58:30+0200
2d38b1aefd8f3f24,auto-7202408d73d7,e_condc@6db8844,e_condc,6db8844,janus@8a1e7a1,janus,8a1e7a1,duel,official,1,0,rating,b,b,0.0,core_destroyed,56,,47,200,8,5,66,300,10,20,ok,,3.852,n-62-21-98,29004605,2026-08-02T16:57:26+0200
2d50e68fac066310,auto-7202408d73d7,janus@8a1e7a1,janus,8a1e7a1,v233_f@9713344,v233_f,9713344,twins,official,1,0,rating,a,a,1.0,titanium_collected,1000,,16737,15620,10,67,6748,5060,10,31,ok,,9.245,n-62-29-24,29004605,2026-08-02T16:58:34+0200
2d55321d6e8aa44b,auto-7202408d73d7,titanium_v1@9713344,titanium_v1,9713344,janus@8a1e7a1,janus,8a1e7a1,sweden,official,1,0,rating,b,b,0.0,core_destroyed,65,,354,0,4,4,236,320,9,22,ok,,2.813,n-62-31-22,29004605,2026-08-02T16:58:37+0200
2d6f74d58ec4cb72,auto-7202408d73d7,janus@8a1e7a1,janus,8a1e7a1,frontier_v1@9713344,frontier_v1,9713344,fjord,official,1,0,rating,a,a,1.0,core_destroyed,38,,11,200,13,14,39,0,10,2,ok,,3.757,n-62-29-14,29004605,2026-08-02T16:58:00+0200
2d72d562adc6c9cf,auto-7202408d73d7,janus@8a1e7a1,janus,8a1e7a1,vanguard_oracle@75591b7,vanguard_oracle,75591b7,vault,official,1,0,rating,a,a,1.0,core_destroyed,51,,63,200,11,7,60,200,14,6,ok,,5.474,n-62-11-51,29004605,2026-08-02T16:58:27+0200
2d7a613e3fc49da1,auto-7202408d73d7,janus@8a1e7a1,janus,8a1e7a1,jonbot@9713344,jonbot,9713344,twins,official,1,0,rating,a,a,1.0,core_destroyed,40,,20,110,12,16,278,0,5,0,ok,,3.502,n-62-29-9,29004605,2026-08-02T16:57:42+0200
2d9ce9b4e594dfcd,auto-7202408d73d7,vg_v2@9713344,vg_v2,9713344,janus@8a1e7a1,janus,8a1e7a1,jackpot,official,1,0,rating,b,b,0.0,core_destroyed,57,,102,0,4,0,80,250,10,8,ok,,4.34,n-62-21-89,29004605,2026-08-02T16:58:43+0200
2dad2f1e1033e57f,auto-7202408d73d7,janus@8a1e7a1,janus,8a1e7a1,vg_v1@9713344,vg_v1,9713344,hive,official,1,0,rating,a,a,1.0,core_destroyed,66,,42,280,12,24,81,0,2,5,ok,,3.926,n-62-11-54,29004605,2026-08-02T16:59:35+0200
2dbaafc947904302,auto-7202408d73d7,janus@8a1e7a1,janus,8a1e7a1,e9cand@9e77076,e9cand,9e77076,duel,official,1,0,rating,a,a,1.0,core_destroyed,65,,168,410,11,16,117,110,6,10,ok,,3.821,n-62-21-104,29004605,2026-08-02T16:57:14+0200
2dbcf04d8530f029,auto-7202408d73d7,tempest_reinforcements@edf93ad,tempest_reinforcements,edf93ad,janus@8a1e7a1,janus,8a1e7a1,strait,official,1,0,rating,b,b,0.0,core_destroyed,49,,31,100,12,10,37,160,12,12,ok,,5.156,n-62-21-69,29004605,2026-08-02T16:57:14+0200
2dc0da2f4b4b1289,auto-7202408d73d7,vanguard_oracle@902be71,vanguard_oracle,902be71,janus@8a1e7a1,janus,8a1e7a1,aurora,official,1,0,rating,b,b,0.0,core_destroyed,46,,109,180,8,8,14,150,13,12,ok,,4.547,n-62-11-51,29004605,2026-08-02T16:58:49+0200
2dfefed551602e06,auto-7202408d73d7,e_final@9e77076,e_final,9e77076,janus@8a1e7a1,janus,8a1e7a1,twins,official,1,0,rating,b,b,0.0,core_destroyed,29,,1,40,8,5,36,80,11,8,ok,,3.516,n-62-28-28,29004605,2026-08-02T16:58:01+0200
2e1977b1af62798d,auto-7202408d73d7,tempest_blindfire@fdc1e1f,tempest_blindfire,fdc1e1f,janus@8a1e7a1,janus,8a1e7a1,duel,official,1,0,rating,b,b,0.0,core_destroyed,28,,123,0,7,1,17,70,11,7,ok,,4.268,n-62-12-4,29004605,2026-08-02T16:57:55+0200
2e2574deb98b05b2,auto-7202408d73d7,janus@8a1e7a1,janus,8a1e7a1,prospect_rushonly@bf9b3e3,prospect_rushonly,bf9b3e3,bridge,official,1,0,rating,b,b,0.0,core_destroyed,54,,94,110,5,14,10,80,12,12,ok,,3.633,n-62-11-57,29004605,2026-08-02T16:58:09+0200
2e5082ff6c609f01,auto-7202408d73d7,tempest_oracle_ferry@fdc1e1f,tempest_oracle_ferry,fdc1e1f,janus@8a1e7a1,janus,8a1e7a1,atoll,official,1,0,rating,a,a,1.0,core_destroyed,26,,19,0,12,3,228,70,6,6,ok,,3.687,n-62-21-24,29004605,2026-08-02T16:57:51+0200
2e7abe849ac4303e,auto-7202408d73d7,janus@8a1e7a1,janus,8a1e7a1,tempest_frontier@fdc1e1f,tempest_frontier,fdc1e1f,hive,official,1,0,rating,a,a,1.0,core_destroyed,47,,77,140,11,15,33,0,11,3,ok,,4.887,n-62-21-23,29004605,2026-08-02T16:57:08+0200
2eaebaa5898b3514,auto-7202408d73d7,janus@8a1e7a1,janus,8a1e7a1,tempest_picket@fdc1e1f,tempest_picket,fdc1e1f,bridge,official,1,0,rating,a,a,1.0,titanium_collected,1000,,11421,9740,14,21,2653,0,5,8,ok,,9.011,n-62-12-65,29004605,2026-08-02T16:57:03+0200
2eaf62808f264b1a,auto-7202408d73d7,janus@8a1e7a1,janus,8a1e7a1,siege_v2@9713344,siege_v2,9713344,fjord,official,1,0,rating,a,a,1.0,core_destroyed,37,,34,200,12,14,249,0,5,2,ok,,3.071,n-62-12-5,29004605,2026-08-02T16:57:29+0200
2eb306d825c39636,auto-7202408d73d7,janus@8a1e7a1,janus,8a1e7a1,e_post2@4a95297,e_post2,4a95297,showdown,official,1,0,rating,a,a,1.0,core_destroyed,40,,28,90,8,13,80,60,4,7,ok,,2.924,n-62-28-35,29004605,2026-08-02T16:57:31+0200
2ed71d9b07989180,auto-7202408d73d7,janus@8a1e7a1,janus,8a1e7a1,claude_challenger_2@fdc1e1f,claude_challenger_2,fdc1e1f,duel,official,1,0,rating,a,a,1.0,core_destroyed,39,,31,170,11,14,282,80,4,3,ok,,4.139,n-62-31-9,29004605,2026-08-02T16:56:59+0200
2ed9a3ec7a2bdc4f,auto-7202408d73d7,janus@8a1e7a1,janus,8a1e7a1,vanguard@9932bec,vanguard,9932bec,quarry,official,1,0,rating,a,a,1.0,core_destroyed,47,,26,170,11,15,41,180,10,21,ok,,3.874,n-62-30-23,29004605,2026-08-02T16:59:18+0200
2ee6e73db6aaff3c,auto-7202408d73d7,e_t4l7@9e77076,e_t4l7,9e77076,janus@8a1e7a1,janus,8a1e7a1,longship,official,1,0,rating,b,b,0.0,core_destroyed,37,,40,70,6,13,20,110,12,10,ok,,3.278,n-62-29-13,29004605,2026-08-02T16:57:09+0200
2ef5bb8ec6b2139c,auto-7202408d73d7,janus@8a1e7a1,janus,8a1e7a1,tempest_ferry@26b5aa1,tempest_ferry,26b5aa1,sweden,official,1,0,rating,a,a,1.0,core_destroyed,76,,175,400,10,22,264,0,5,5,ok,,4.728,n-62-21-15,29004605,2026-08-02T16:57:07+0200
2f0125c8f899d583,auto-7202408d73d7,vg_v5@9713344,vg_v5,9713344,janus@8a1e7a1,janus,8a1e7a1,hive,official,1,0,rating,b,b,0.0,titanium_collected,1000,,8596,8160,14,39,16551,17100,6,163,ok,,30.941,n-62-12-3,29004605,2026-08-02T16:59:24+0200
2f0ac327b23d30ed,auto-7202408d73d7,janus@8a1e7a1,janus,8a1e7a1,tempest_frontier@fdc1e1f,tempest_frontier,fdc1e1f,quarry,official,1,0,rating,a,a,1.0,core_destroyed,84,,22,160,9,32,252,0,5,4,ok,,3.957,n-62-21-23,29004605,2026-08-02T16:57:42+0200
2f15f3cf6680cb8c,auto-7202408d73d7,janus@8a1e7a1,janus,8a1e7a1,v233_a@9713344,v233_a,9713344,skerry,official,1,0,rating,a,a,1.0,core_destroyed,48,,223,270,8,11,114,0,7,5,ok,,3.13,n-62-28-28,29004605,2026-08-02T16:58:23+0200
2f2e1bda3d9d7bb9,auto-7202408d73d7,janus@8a1e7a1,janus,8a1e7a1,uw_v2@9713344,uw_v2,9713344,pinch,official,1,0,rating,a,a,1.0,core_destroyed,71,,155,380,11,13,85,150,4,12,ok,,4.002,n-62-21-99,29004605,2026-08-02T16:59:24+0200
2f31e0901f433c4d,auto-7202408d73d7,janus@8a1e7a1,janus,8a1e7a1,mistral_fast@26b5aa1,mistral_fast,26b5aa1,sweden,official,1,0,rating,a,a,1.0,core_destroyed,65,,125,320,13,22,384,0,4,0,ok,,4.0,n-62-31-15,29004605,2026-08-02T16:58:11+0200
2f442ae8077cf23c,auto-7202408d73d7,janus@8a1e7a1,janus,8a1e7a1,tempest_oracle_ferry@fdc1e1f,tempest_oracle_ferry,fdc1e1f,longship,official,1,0,rating,a,a,1.0,titanium_collected,40,,19,80,10,11,69,0,9,3,ok,,3.857,n-62-13-7,29004605,2026-08-02T16:57:31+0200
2f697492e317d2e8,auto-7202408d73d7,tempest_reinforcements@3d5ab38,tempest_reinforcements,3d5ab38,janus@8a1e7a1,janus,8a1e7a1,hive,official,1,0,rating,b,b,0.0,core_destroyed,43,,7,80,9,10,41,90,10,10,ok,,4.643,n-62-21-56,29004605,2026-08-02T16:58:04+0200
2f6c66d612cf8601,auto-7202408d73d7,janus@8a1e7a1,janus,8a1e7a1,v233_c@9713344,v233_c,9713344,duel,official,1,0,rating,a,a,1.0,core_destroyed,46,,33,230,11,16,78,0,2,4,ok,,3.188,n-62-29-20,29004605,2026-08-02T16:59:02+0200
2f832e1dd1ba9077,auto-7202408d73d7,janus@8a1e7a1,janus,8a1e7a1,vg_v2@9713344,vg_v2,9713344,bridge,official,1,0,rating,a,a,1.0,core_destroyed,118,,263,730,16,19,64,420,7,17,ok,,5.914,n-62-21-91,29004605,2026-08-02T16:59:23+0200
2f89da00ab5feacc,auto-7202408d73d7,janus@8a1e7a1,janus,8a1e7a1,attack_wave_v1@9713344,attack_wave_v1,9713344,bridge,official,1,0,rating,a,a,1.0,core_destroyed,68,,345,350,7,19,265,0,6,3,ok,,3.313,n-62-31-4,29004605,2026-08-02T16:57:13+0200
2febb4d463a7e4a9,auto-7202408d73d7,undertow@9713344,undertow,9713344,janus@8a1e7a1,janus,8a1e7a1,string,official,1,0,rating,a,a,1.0,core_destroyed,172,,741,780,8,6,131,420,11,2,ok,,5.302,n-62-11-60,29004605,2026-08-02T16:59:00+0200
2ff1e62226831402,auto-7202408d73d7,janus@8a1e7a1,janus,8a1e7a1,tempest_ferry@26b5aa1,tempest_ferry,26b5aa1,pinch,official,1,0,rating,b,b,0.0,core_destroyed,28,,111,60,7,9,18,0,12,4,ok,,4.193,n-62-21-2,29004605,2026-08-02T16:57:26+0200
300252942b9620e8,auto-7202408d73d7,undertow_1ac7ac4@da3fd8a,undertow_1ac7ac4,da3fd8a,janus@8a1e7a1,janus,8a1e7a1,bridge,official,1,0,rating,b,b,0.0,core_destroyed,103,,108,410,13,20,323,610,14,16,ok,,5.13,n-62-11-68,29004605,2026-08-02T16:59:18+0200
30733ffbf894d271,auto-7202408d73d7,claude_challenger_3@fdc1e1f,claude_challenger_3,fdc1e1f,janus@8a1e7a1,janus,8a1e7a1,quarry,official,1,0,rating,b,b,0.0,core_destroyed,53,,31,0,12,4,250,260,7,18,ok,,5.576,n-62-31-11,29004605,2026-08-02T16:58:18+0200
3075ddb4b86883b5,auto-7202408d73d7,v233_c@9713344,v233_c,9713344,janus@8a1e7a1,janus,8a1e7a1,skerry,official,1,0,rating,b,b,0.0,core_destroyed,46,,80,40,5,5,44,240,11,17,ok,,3.652,n-62-29-16,29004605,2026-08-02T16:58:45+0200
30d46c63c7dba545,auto-7202408d73d7,janus@8a1e7a1,janus,8a1e7a1,siege_v2@9713344,siege_v2,9713344,bridge,official,1,0,rating,a,a,1.0,core_destroyed,68,,345,350,7,19,265,0,6,3,ok,,2.786,n-62-12-5,29004605,2026-08-02T16:57:10+0200
30d54f59246be7c2,auto-7202408d73d7,janus@8a1e7a1,janus,8a1e7a1,tempest_oracle_ferry@fdc1e1f,tempest_oracle_ferry,fdc1e1f,sprint,official,1,0,rating,b,b,0.0,core_destroyed,26,,75,40,7,5,59,40,8,7,ok,,3.686,n-62-13-6,29004605,2026-08-02T16:56:58+0200
310b77dafa950641,auto-7202408d73d7,e9cand@9e77076,e9cand,9e77076,janus@8a1e7a1,janus,8a1e7a1,aurora,official,1,0,rating,b,b,0.0,core_destroyed,47,,110,0,10,3,12,160,13,16,ok,,4.317,n-62-21-103,29004605,2026-08-02T16:58:18+0200
31163d5bf851f900,auto-7202408d73d7,janus@8a1e7a1,janus,8a1e7a1,autistimusprime@ecd4d24,autistimusprime,ecd4d24,crossfire,official,1,0,rating,a,a,1.0,core_destroyed,270,,1452,2040,14,28,59,0,3,0,ok,,6.442,n-62-31-22,29004605,2026-08-02T16:57:31+0200
315a0ce9de0e8390,auto-7202408d73d7,jonbot_190003d@da3fd8a,jonbot_190003d,da3fd8a,janus@8a1e7a1,janus,8a1e7a1,bridge,official,1,0,rating,b,b,0.0,core_destroyed,78,,232,0,6,4,281,420,9,16,ok,,3.89,n-62-29-34,29004605,2026-08-02T16:57:10+0200
31666f7b3f7197a7,auto-7202408d73d7,reaver@9713344,reaver,9713344,janus@8a1e7a1,janus,8a1e7a1,duel,official,1,0,rating,b,b,0.0,core_destroyed,39,,75,30,8,3,10,160,12,14,ok,,3.991,n-62-11-59,29004605,2026-08-02T16:57:10+0200
319027da65d6d937,auto-7202408d73d7,janus@8a1e7a1,janus,8a1e7a1,vg_v2@9713344,vg_v2,9713344,string,official,1,0,rating,a,a,1.0,core_destroyed,51,,104,370,10,12,100,0,1,1,ok,,3.707,n-62-21-90,29004605,2026-08-02T16:58:28+0200
31a724b865abaea6,auto-7202408d73d7,janus@8a1e7a1,janus,8a1e7a1,vg_v1@9713344,vg_v1,9713344,strait,official,1,0,rating,a,a,1.0,titanium_collected,1000,,21237,19590,7,93,7652,5180,4,35,ok,,10.29,n-62-11-55,29004605,2026-08-02T16:59:28+0200
31a9e9a336f30e00,auto-7202408d73d7,mistral_fast@26b5aa1,mistral_fast,26b5aa1,janus@8a1e7a1,janus,8a1e7a1,sweden,official,1,0,rating,b,b,0.0,core_destroyed,65,,326,0,5,0,75,320,13,20,ok,,4.058,n-62-31-15,29004605,2026-08-02T16:58:15+0200
31b58bdff724e327,auto-7202408d73d7,janus@8a1e7a1,janus,8a1e7a1,e_final@9e77076,e_final,9e77076,vault,official,1,0,rating,a,a,1.0,core_destroyed,50,,189,200,11,7,9,0,7,6,ok,,10.239,n-62-28-31,29004605,2026-08-02T16:57:36+0200
31b8cde35161f496,auto-7202408d73d7,janus@8a1e7a1,janus,8a1e7a1,titanium_v1@9713344,titanium_v1,9713344,sprint,official,1,0,rating,a,a,1.0,core_destroyed,30,,102,100,7,14,267,0,4,4,ok,,2.111,n-62-31-22,29004605,2026-08-02T16:58:14+0200
31bdb518f14c290e,auto-7202408d73d7,janus@8a1e7a1,janus,8a1e7a1,uw_v2@9713344,uw_v2,9713344,twins,official,1,0,rating,a,a,1.0,core_destroyed,98,,49,550,13,23,115,390,0,20,ok,,4.499,n-62-28-31,29004605,2026-08-02T16:59:22+0200
31cce720e80dfc22,auto-7202408d73d7,janus@8a1e7a1,janus,8a1e7a1,tempest_picket@fdc1e1f,tempest_picket,fdc1e1f,strait,official,1,0,rating,b,b,0.0,core_destroyed,32,,212,50,7,3,56,60,12,9,ok,,3.298,n-62-12-64,29004605,2026-08-02T16:57:21+0200
3228d136a38c6ea6,auto-7202408d73d7,janus@8a1e7a1,janus,8a1e7a1,vanguard@9932bec,vanguard,9932bec,string,official,1,0,rating,a,a,1.0,core_destroyed,68,,231,300,11,8,96,290,11,14,ok,,3.977,n-62-30-25,29004605,2026-08-02T16:58:51+0200
322bee18fe46e72e,auto-7202408d73d7,baiter@9713344,baiter,9713344,janus@8a1e7a1,janus,8a1e7a1,string,official,1,0,rating,b,b,0.0,core_destroyed,77,,104,0,2,2,109,460,10,18,ok,,4.767,n-62-31-24,29004605,2026-08-02T16:58:20+0200
3239e4b89c669efe,auto-7202408d73d7,autistimusprime@ecd4d24,autistimusprime,ecd4d24,janus@8a1e7a1,janus,8a1e7a1,longship,official,1,0,rating,b,b,0.0,titanium_collected,44,,77,60,9,3,17,90,13,6,ok,,3.84,n-62-31-22,29004605,2026-08-02T16:58:29+0200
323a9a1a6c901d45,auto-7202408d73d7,janus@8a1e7a1,janus,8a1e7a1,siege_v2@9713344,siege_v2,9713344,vase,official,1,0,rating,a,a,1.0,core_destroyed,61,,135,110,7,7,291,0,6,2,ok,,3.872,n-62-12-1,29004605,2026-08-02T16:58:06+0200
325516f4433a9e92,auto-7202408d73d7,v233_i@902be71,v233_i,902be71,janus@8a1e7a1,janus,8a1e7a1,quarry,official,1,0,rating,b,b,0.0,core_destroyed,63,,23,170,9,6,41,360,11,17,ok,,4.59,n-62-29-8,29004605,2026-08-02T16:59:29+0200
3285c6a0d6112c25,auto-7202408d73d7,janus@8a1e7a1,janus,8a1e7a1,v233_a@9713344,v233_a,9713344,twins,official,1,0,rating,a,a,1.0,titanium_collected,1000,,17695,16030,7,91,11227,9760,14,32,ok,,14.252,n-62-28-28,29004605,2026-08-02T16:59:36+0200
3289edfb286c1ffc,auto-7202408d73d7,janus@8a1e7a1,janus,8a1e7a1,v233_d@9713344,v233_d,9713344,twins,official,1,0,rating,a,a,1.0,titanium_collected,1000,,17198,15790,10,85,6944,5090,3,23,ok,,12.941,n-62-29-9,29004605,2026-08-02T16:59:44+0200
328ef07dcf98fd3c,auto-7202408d73d7,tempest_blindfire@fdc1e1f,tempest_blindfire,fdc1e1f,janus@8a1e7a1,janus,8a1e7a1,jackpot,official,1,0,rating,b,b,0.0,core_destroyed,56,,230,0,5,2,112,230,9,8,ok,,4.021,n-62-12-4,29004605,2026-08-02T16:58:21+0200
328feae193ae93e7,auto-7202408d73d7,janus@8a1e7a1,janus,8a1e7a1,vanguard@9932bec,vanguard,9932bec,jackpot,official,1,0,rating,a,a,1.0,core_destroyed,64,,72,270,11,8,77,210,11,6,ok,,4.18,n-62-30-23,29004605,2026-08-02T16:58:55+0200
329c98d8d34fc1bd,auto-7202408d73d7,janus@8a1e7a1,janus,8a1e7a1,tempest_reinforcements@51ad530,tempest_reinforcements,51ad530,duel,official,1,0,rating,a,a,1.0,core_destroyed,51,,32,210,10,9,37,70,5,3,ok,,4.937,n-62-21-59,29004605,2026-08-02T16:57:58+0200
32ae90058506bb68,auto-7202408d73d7,undertow@fdc1e1f,undertow,fdc1e1f,janus@8a1e7a1,janus,8a1e7a1,showdown,official,1,0,rating,b,b,0.0,core_destroyed,32,,42,0,7,8,38,60,6,17,ok,,2.967,n-62-11-66,29004605,2026-08-02T16:58:48+0200
32b15719c6478646,auto-7202408d73d7,janus@8a1e7a1,janus,8a1e7a1,tempest_blindfire@fdc1e1f,tempest_blindfire,fdc1e1f,sprint,official,1,0,rating,b,b,0.0,core_destroyed,26,,75,40,7,5,59,40,8,7,ok,,3.876,n-62-21-4,29004605,2026-08-02T16:57:49+0200
32b19ed6ec70fd1e,auto-7202408d73d7,janus@8a1e7a1,janus,8a1e7a1,v233_d@9713344,v233_d,9713344,aurora,official,1,0,rating,a,a,1.0,core_destroyed,44,,12,90,13,11,102,80,5,9,ok,,3.847,n-62-29-28,29004605,2026-08-02T16:58:34+0200
32d816ca07b0aad9,auto-7202408d73d7,janus@8a1e7a1,janus,8a1e7a1,undertow_oracle@fdc1e1f,undertow_oracle,fdc1e1f,sweden,official,1,0,rating,a,a,1.0,core_destroyed,85,,132,470,11,19,58,320,11,18,ok,,5.177,n-62-21-104,29004605,2026-08-02T16:58:49+0200
32eab02a8b86c4f2,auto-7202408d73d7,tempest_picket@fdc1e1f,tempest_picket,fdc1e1f,janus@8a1e7a1,janus,8a1e7a1,atoll,official,1,0,rating,a,a,1.0,core_destroyed,30,,9,0,12,3,108,90,9,5,ok,,5.385,n-62-13-9,29004605,2026-08-02T16:58:42+0200
3300b0bfb14d6434,auto-7202408d73d7,janus@8a1e7a1,janus,8a1e7a1,siege_v2@9713344,siege_v2,9713344,strait,official,1,0,rating,a,a,1.0,core_destroyed,43,,21,120,12,15,208,0,5,3,ok,,3.819,n-62-12-1,29004605,2026-08-02T16:57:35+0200
3300bc6754266473,auto-7202408d73d7,janus@8a1e7a1,janus,8a1e7a1,v233_g@9713344,v233_g,9713344,longship,official,1,0,rating,a,a,1.0,core_destroyed,42,,10,80,11,12,109,200,8,15,ok,,3.639,n-62-29-27,29004605,2026-08-02T16:58:36+0200
33328d454399b4c6,auto-7202408d73d7,tempest@da3fd8a,tempest,da3fd8a,janus@8a1e7a1,janus,8a1e7a1,duel,official,1,0,rating,b,b,0.0,core_destroyed,28,,123,0,7,1,17,70,11,7,ok,,4.491,n-62-12-2,29004605,2026-08-02T16:57:51+0200
33465e511f26b2ff,auto-7202408d73d7,tempest_fast@eb1f0f3,tempest_fast,eb1f0f3,janus@8a1e7a1,janus,8a1e7a1,duel,official,1,0,rating,b,b,0.0,core_destroyed,28,,123,0,7,1,17,70,11,7,ok,,3.909,n-62-21-8,29004605,2026-08-02T16:57:58+0200
3346f8d04895e901,auto-7202408d73d7,tempest@da3fd8a,tempest,da3fd8a,janus@8a1e7a1,janus,8a1e7a1,longship,official,1,0,rating,b,b,0.0,core_destroyed,34,,193,60,7,7,10,90,10,9,ok,,4.696,n-62-12-2,29004605,2026-08-02T16:58:35+0200
335edfa205cb62af,auto-7202408d73d7,janus@8a1e7a1,janus,8a1e7a1,undertow_oracle@75591b7,undertow_oracle,75591b7,runestone,official,1,0,rating,a,a,1.0,core_destroyed,36,,20,60,11,13,123,110,7,16,ok,,3.996,n-62-31-10,29004605,2026-08-02T16:59:08+0200
339ce3d174166956,auto-7202408d73d7,janus@8a1e7a1,janus,8a1e7a1,tempest_reinforcements@38f9c23,tempest_reinforcements,38f9c23,strait,official,1,0,rating,b,b,0.0,core_destroyed,42,,280,80,5,6,10,70,11,15,ok,,3.624,n-62-21-54,29004605,2026-08-02T16:57:41+0200
33a1aaa163d11f45,auto-7202408d73d7,janus@8a1e7a1,janus,8a1e7a1,claude_challenger_2@fdc1e1f,claude_challenger_2,fdc1e1f,hive,official,1,0,rating,a,a,1.0,core_destroyed,47,,23,140,11,18,236,90,10,4,ok,,5.248,n-62-31-9,29004605,2026-08-02T16:57:18+0200
33a88058e7769338,auto-7202408d73d7,tempest_reinforcements@025dd51,tempest_reinforcements,025dd51,janus@8a1e7a1,janus,8a1e7a1,sprint,official,1,0,rating,b,b,0.0,core_destroyed,27,,8,40,10,4,18,50,9,16,ok,,3.859,n-62-12-67,29004605,2026-08-02T16:57:28+0200
33a8f8705ee29385,auto-7202408d73d7,casemate_oracle@902be71,casemate_oracle,902be71,janus@8a1e7a1,janus,8a1e7a1,duel,official,1,0,rating,b,b,0.0,core_destroyed,39,,189,0,6,6,142,150,7,9,ok,,2.823,n-62-11-64,29004605,2026-08-02T16:58:36+0200
33ac89fc70357675,auto-7202408d73d7,janus@8a1e7a1,janus,8a1e7a1,v233_b@9713344,v233_b,9713344,vault,official,1,0,rating,a,a,1.0,core_destroyed,67,,173,230,11,6,76,150,8,10,ok,,3.795,n-62-28-34,29004605,2026-08-02T16:59:36+0200
33b50d889c127421,auto-7202408d73d7,janus@8a1e7a1,janus,8a1e7a1,tempest_frontier@fdc1e1f,tempest_frontier,fdc1e1f,duel,official,1,0,rating,b,b,0.0,core_destroyed,30,,52,70,5,4,58,60,9,5,ok,,3.968,n-62-21-15,29004605,2026-08-02T16:58:11+0200
33e7eadd6f6f8e62,auto-7202408d73d7,turtle@9713344,turtle,9713344,janus@8a1e7a1,janus,8a1e7a1,atoll,official,1,0,rating,b,b,0.0,core_destroyed,54,,80,120,3,10,50,220,11,13,ok,,3.231,n-62-31-22,29004605,2026-08-02T16:59:04+0200
33eda96aebf33326,auto-7202408d73d7,janus@8a1e7a1,janus,8a1e7a1,siege_v2@9713344,siege_v2,9713344,jackpot,official,1,0,rating,a,a,1.0,core_destroyed,42,,60,170,13,8,252,0,6,2,ok,,3.334,n-62-12-5,29004605,2026-08-02T16:57:42+0200
340b4a368ab80f63,auto-7202408d73d7,v233_b@9713344,v233_b,9713344,janus@8a1e7a1,janus,8a1e7a1,bridge,official,1,0,rating,b,b,0.0,titanium_collected,1000,,2137,470,15,13,9091,7340,7,15,ok,,13.055,n-62-28-33,29004605,2026-08-02T16:58:43+0200
3413fbf4d1c99a30,auto-7202408d73d7,undertow_oracle@fdc1e1f,undertow_oracle,fdc1e1f,janus@8a1e7a1,janus,8a1e7a1,sprint,official,1,0,rating,b,b,0.0,core_destroyed,36,,62,0,7,2,42,170,9,19,ok,,3.339,n-62-21-103,29004605,2026-08-02T16:59:42+0200
3421ec308354fbae,auto-7202408d73d7,vanguard@9932bec,vanguard,9932bec,janus@8a1e7a1,janus,8a1e7a1,runestone,official,1,0,rating,b,b,0.0,core_destroyed,28,,76,80,9,12,18,40,11,9,ok,,3.255,n-62-30-23,29004605,2026-08-02T16:59:30+0200
343041df6fc4b227,auto-7202408d73d7,e_t4l7@9e77076,e_t4l7,9e77076,janus@8a1e7a1,janus,8a1e7a1,pinch,official,1,0,rating,b,b,0.0,core_destroyed,40,,15,120,6,15,30,150,9,16,ok,,2.803,n-62-29-13,29004605,2026-08-02T16:57:15+0200
343a03df84c2e558,auto-7202408d73d7,baiter@9713344,baiter,9713344,janus@8a1e7a1,janus,8a1e7a1,twins,official,1,0,rating,b,b,0.0,core_destroyed,37,,75,70,7,7,8,110,10,15,ok,,3.85,n-62-11-60,29004605,2026-08-02T16:57:05+0200
3442c2f4aba6a7ae,auto-7202408d73d7,janus@8a1e7a1,janus,8a1e7a1,casemate@902be71,casemate,902be71,vase,official,1,0,rating,a,a,1.0,core_destroyed,93,,83,190,7,7,74,0,6,15,ok,,4.503,n-62-11-64,29004605,2026-08-02T16:57:19+0200
3461f811f98f10d8,auto-7202408d73d7,v233_d@9713344,v233_d,9713344,janus@8a1e7a1,janus,8a1e7a1,runestone,official,1,0,rating,b,b,0.0,core_destroyed,32,,92,50,7,8,23,50,11,14,ok,,3.598,n-62-29-9,29004605,2026-08-02T16:58:39+0200
3466b34799e70870,auto-7202408d73d7,janus@8a1e7a1,janus,8a1e7a1,tempest_ferry@26b5aa1,tempest_ferry,26b5aa1,aurora,official,1,0,rating,a,a,1.0,core_destroyed,40,,30,80,12,9,271,80,5,7,ok,,3.896,n-62-21-13,29004605,2026-08-02T16:57:40+0200
346943dd88c0e59a,auto-7202408d73d7,janus@8a1e7a1,janus,8a1e7a1,vanguard@9932bec,vanguard,9932bec,runestone,official,1,0,rating,a,a,1.0,core_destroyed,31,,9,50,12,8,103,90,9,10,ok,,3.6,n-62-30-23,29004605,2026-08-02T16:59:27+0200
3473e701d2028a92,auto-7202408d73d7,tempest_reinforcements@65ddc55,tempest_reinforcements,65ddc55,janus@8a1e7a1,janus,8a1e7a1,crossfire,official,1,0,rating,b,b,0.0,core_destroyed,31,,8,60,11,4,20,100,8,11,ok,,4.457,n-62-21-61,29004605,2026-08-02T16:58:02+0200
347fcb0e8e8be442,auto-7202408d73d7,janus@8a1e7a1,janus,8a1e7a1,nemesis@9713344,nemesis,9713344,vase,official,1,0,rating,a,a,1.0,core_destroyed,208,,317,480,10,14,584,0,8,4,ok,,6.467,n-62-11-50,29004605,2026-08-02T16:57:19+0200
34883119997f9b25,auto-7202408d73d7,casemate_oracle@902be71,casemate_oracle,902be71,janus@8a1e7a1,janus,8a1e7a1,fjord,official,1,0,rating,b,b,0.0,core_destroyed,42,,156,0,4,11,60,230,11,12,ok,,3.624,n-62-11-64,29004605,2026-08-02T16:58:43+0200
348f4b1d8257ca9c,auto-7202408d73d7,janus@8a1e7a1,janus,8a1e7a1,tempest_reinforcements@e1dc316,tempest_reinforcements,e1dc316,hive,official,1,0,rating,b,b,0.0,core_destroyed,42,,80,80,12,6,12,80,8,10,ok,,4.89,n-62-21-66,29004605,2026-08-02T16:57:11+0200
349c1155229c2bd2,auto-7202408d73d7,janus@8a1e7a1,janus,8a1e7a1,mistral_fast@26b5aa1,mistral_fast,26b5aa1,atoll,official,1,0,rating,b,b,0.0,core_destroyed,30,,196,90,7,4,42,0,13,1,ok,,3.983,n-62-31-8,29004605,2026-08-02T16:57:16+0200
34af8ffc88a1d2ce,auto-7202408d73d7,tempest_reinforcements@3d5ab38,tempest_reinforcements,3d5ab38,janus@8a1e7a1,janus,8a1e7a1,vault,official,1,0,rating,a,a,1.0,core_destroyed,42,,11,90,8,5,226,160,10,5,ok,,4.145,n-62-21-59,29004605,2026-08-02T16:57:13+0200
34b9ed057ebadf31,auto-7202408d73d7,vigil@1b5f3d1,vigil,1b5f3d1,janus@8a1e7a1,janus,8a1e7a1,quarry,official,1,0,rating,b,b,0.0,core_destroyed,67,,15,120,11,7,38,250,11,10,ok,,5.629,n-62-21-2,29004605,2026-08-02T16:58:49+0200
34d9227909e34756,auto-7202408d73d7,e_harc@6db8844,e_harc,6db8844,janus@8a1e7a1,janus,8a1e7a1,twins,official,1,0,rating,b,b,0.0,core_destroyed,47,,88,140,10,10,17,170,10,19,ok,,3.479,n-62-28-33,29004605,2026-08-02T16:58:08+0200
34dece920f04fe07,auto-7202408d73d7,tempest_oracle_ferry@fdc1e1f,tempest_oracle_ferry,fdc1e1f,janus@8a1e7a1,janus,8a1e7a1,longship,official,1,0,rating,b,b,0.0,core_destroyed,31,,126,50,8,9,20,80,11,9,ok,,3.647,n-62-13-7,29004605,2026-08-02T16:57:34+0200
34e897be99fcb290,auto-7202408d73d7,janus@8a1e7a1,janus,8a1e7a1,siege_v1@9713344,siege_v1,9713344,runestone,official,1,0,rating,a,a,1.0,core_destroyed,30,,13,50,11,12,219,0,6,2,ok,,3.543,n-62-12-6,29004605,2026-08-02T16:56:58+0200
3502d25633a9a557,auto-7202408d73d7,vigil@1b5f3d1,vigil,1b5f3d1,janus@8a1e7a1,janus,8a1e7a1,duel,official,1,0,rating,a,a,1.0,core_destroyed,60,,47,260,10,11,199,220,6,12,ok,,3.556,n-62-31-22,29004605,2026-08-02T16:59:24+0200
3515b3a14980ca33,auto-7202408d73d7,siege_v1@9713344,siege_v1,9713344,janus@8a1e7a1,janus,8a1e7a1,bridge,official,1,0,rating,b,b,0.0,core_destroyed,45,,208,0,6,3,112,170,9,15,ok,,3.216,n-62-21-90,29004605,2026-08-02T16:57:08+0200
3535417585514691,auto-7202408d73d7,janus@8a1e7a1,janus,8a1e7a1,undertow@9713344,undertow,9713344,jackpot,official,1,0,rating,a,a,1.0,core_destroyed,204,,386,1330,14,31,496,1020,10,18,ok,,9.393,n-62-31-24,29004605,2026-08-02T16:59:19+0200
35368e7f5c8c92c0,auto-7202408d73d7,janus@8a1e7a1,janus,8a1e7a1,tempest_reinforcements@38f9c23,tempest_reinforcements,38f9c23,string,official,1,0,rating,b,b,0.0,titanium_collected,1000,,6900,4980,7,8,12015,9760,10,16,ok,,13.855,n-62-21-54,29004605,2026-08-02T16:58:00+0200
354f408b4ae172d1,auto-7202408d73d7,vigil@bf9b3e3,vigil,bf9b3e3,janus@8a1e7a1,janus,8a1e7a1,twins,official,1,0,rating,a,a,1.0,core_destroyed,27,,19,50,11,9,174,40,6,6,ok,,3.405,n-62-31-23,29004605,2026-08-02T16:58:42+0200
354f53c834a9e33f,auto-7202408d73d7,janus@8a1e7a1,janus,8a1e7a1,vanguard_oracle@fdc1e1f,vanguard_oracle,fdc1e1f,aurora,official,1,0,rating,a,a,1.0,core_destroyed,39,,11,80,13,9,89,130,10,8,ok,,4.094,n-62-11-57,29004605,2026-08-02T16:58:53+0200
356b7f3dc8967240,auto-7202408d73d7,janus@8a1e7a1,janus,8a1e7a1,vg_v5@9713344,vg_v5,9713344,string,official,1,0,rating,a,a,1.0,core_destroyed,51,,104,370,10,12,100,0,1,1,ok,,3.848,n-62-12-4,29004605,2026-08-02T16:59:17+0200
357a2ae3afea88bf,auto-7202408d73d7,tempest_reinforcements@87724ec,tempest_reinforcements,87724ec,janus@8a1e7a1,janus,8a1e7a1,aurora,official,1,0,rating,b,b,0.0,core_destroyed,38,,21,0,9,3,10,110,11,11,ok,,9.76,n-62-21-63,29004605,2026-08-02T16:58:02+0200
3590a8a3bbd81568,auto-7202408d73d7,vg_v7@9713344,vg_v7,9713344,janus@8a1e7a1,janus,8a1e7a1,bridge,official,1,0,rating,b,b,0.0,core_destroyed,172,,111,540,10,13,458,1130,14,15,ok,,7.664,n-62-21-12,29004605,2026-08-02T16:58:51+0200
35a0d5769af375f2,auto-7202408d73d7,janus@8a1e7a1,janus,8a1e7a1,jonbot@9713344,jonbot,9713344,sprint,official,1,0,rating,a,a,1.0,core_destroyed,35,,58,40,8,16,248,0,5,0,ok,,2.763,n-62-29-9,29004605,2026-08-02T16:57:04+0200
35a47ea078702440,auto-7202408d73d7,janus@8a1e7a1,janus,8a1e7a1,gobbleglitch@e808e1d,gobbleglitch,e808e1d,vase,official,1,0,rating,a,a,1.0,core_destroyed,51,,66,90,9,14,58,0,8,0,ok,,3.016,n-62-29-29,29004605,2026-08-02T16:57:32+0200
35c1d4a58d150b3f,auto-7202408d73d7,tempest_reinforcements@3d5ab38,tempest_reinforcements,3d5ab38,janus@8a1e7a1,janus,8a1e7a1,pinch,official,1,0,rating,a,a,1.0,core_destroyed,33,,9,60,6,9,35,60,11,4,ok,,4.035,n-62-21-57,29004605,2026-08-02T16:57:02+0200
35d670ec5b153c8e,auto-7202408d73d7,vg_v3@9713344,vg_v3,9713344,janus@8a1e7a1,janus,8a1e7a1,strait,official,1,0,rating,b,b,0.0,core_destroyed,44,,95,80,5,7,43,140,9,17,ok,,3.251,n-62-12-5,29004605,2026-08-02T16:58:36+0200
35d7b7b5e5210ae4,auto-7202408d73d7,tempest_reinforcements@38f9c23,tempest_reinforcements,38f9c23,janus@8a1e7a1,janus,8a1e7a1,sprint,official,1,0,rating,a,a,1.0,core_destroyed,42,,67,210,10,17,36,130,8,12,ok,,3.874,n-62-21-54,29004605,2026-08-02T16:57:37+0200
35f86805e6a67be2,auto-7202408d73d7,janus@8a1e7a1,janus,8a1e7a1,vanguard@c407e79,vanguard,c407e79,fjord,official,1,0,rating,b,b,0.0,core_destroyed,38,,59,200,10,13,60,230,13,8,ok,,4.335,n-62-31-16,29004605,2026-08-02T16:58:54+0200
362911ce896ca8fb,auto-7202408d73d7,janus@8a1e7a1,janus,8a1e7a1,claude_challenger_3@fdc1e1f,claude_challenger_3,fdc1e1f,pinch,official,1,0,rating,a,a,1.0,core_destroyed,42,,89,170,9,15,268,0,7,1,ok,,4.209,n-62-31-11,29004605,2026-08-02T16:58:01+0200
3654b653ae269ac1,auto-7202408d73d7,janus@8a1e7a1,janus,8a1e7a1,tempest_reinforcements@3d5ab38,tempest_reinforcements,3d5ab38,skerry,official,1,0,rating,b,b,0.0,core_destroyed,36,,203,130,7,7,19,80,10,5,ok,,3.649,n-62-21-57,29004605,2026-08-02T16:57:31+0200
365af1b3e30385d4,auto-7202408d73d7,janus@8a1e7a1,janus,8a1e7a1,uw_v1@9713344,uw_v1,9713344,strait,official,1,0,rating,a,a,1.0,core_destroyed,94,,11,480,13,29,92,250,1,11,ok,,4.891,n-62-21-98,29004605,2026-08-02T16:58:24+0200
36766f151ad9a0f6,auto-7202408d73d7,janus@8a1e7a1,janus,8a1e7a1,tempest_oracle_ferry@fdc1e1f,tempest_oracle_ferry,fdc1e1f,bridge,official,1,0,rating,a,a,1.0,core_destroyed,49,,146,210,8,19,275,0,4,7,ok,,3.216,n-62-21-24,29004605,2026-08-02T16:58:05+0200
36854d79c75ac6b9,auto-7202408d73d7,vanguard_oracle@fdc1e1f,vanguard_oracle,fdc1e1f,janus@8a1e7a1,janus,8a1e7a1,longship,official,1,0,rating,b,b,0.0,core_destroyed,57,,112,240,9,8,25,210,12,15,ok,,4.555,n-62-11-52,29004605,2026-08-02T16:58:32+0200
36a509a496516f54,auto-7202408d73d7,tempest_ferry@26b5aa1,tempest_ferry,26b5aa1,janus@8a1e7a1,janus,8a1e7a1,hive,official,1,0,rating,b,b,0.0,core_destroyed,42,,175,80,9,10,10,80,10,16,ok,,4.024,n-62-21-2,29004605,2026-08-02T16:57:04+0200
36c4596c10af6bf4,auto-7202408d73d7,janus@8a1e7a1,janus,8a1e7a1,undertow@da3fd8a,undertow,da3fd8a,bridge,official,1,0,rating,b,b,0.0,core_destroyed,46,,124,180,8,15,58,70,9,15,ok,,3.074,n-62-11-61,29004605,2026-08-02T16:58:35+0200
36d84c60e63597b0,auto-7202408d73d7,janus@8a1e7a1,janus,8a1e7a1,vigil@bf9b3e3,vigil,bf9b3e3,twins,official,1,0,rating,b,b,0.0,core_destroyed,35,,38,90,11,9,20,60,9,13,ok,,4.082,n-62-31-23,29004605,2026-08-02T16:58:38+0200
36dd02828cccd176,auto-7202408d73d7,tempest_reinforcements@51ad530,tempest_reinforcements,51ad530,janus@8a1e7a1,janus,8a1e7a1,longship,official,1,0,rating,b,b,0.0,core_destroyed,51,,8,100,13,11,18,180,12,15,ok,,5.774,n-62-21-60,29004605,2026-08-02T16:57:06+0200
36e2a857796f5a40,auto-7202408d73d7,janus@8a1e7a1,janus,8a1e7a1,tempest_reinforcements@025dd51,tempest_reinforcements,025dd51,bridge,official,1,0,rating,b,b,0.0,core_destroyed,184,,78,50,6,2,90,510,16,27,ok,,4.854,n-62-12-66,29004605,2026-08-02T16:57:08+0200
36e866f10e71f94f,auto-7202408d73d7,janus@8a1e7a1,janus,8a1e7a1,claude_challenger_2@fdc1e1f,claude_challenger_2,fdc1e1f,string,official,1,0,rating,a,a,1.0,core_destroyed,60,,404,460,7,11,650,0,0,0,ok,,2.675,n-62-31-10,29004605,2026-08-02T16:57:18+0200
36efe2c113f2aad9,auto-7202408d73d7,janus@8a1e7a1,janus,8a1e7a1,undertow@fdc1e1f,undertow,fdc1e1f,bridge,official,1,0,rating,a,a,1.0,core_destroyed,52,,78,160,8,18,50,90,11,14,ok,,3.52,n-62-11-65,29004605,2026-08-02T16:59:05+0200
36f8d04b5bc91f5d,auto-7202408d73d7,nemesis@9713344,nemesis,9713344,janus@8a1e7a1,janus,8a1e7a1,skerry,official,1,0,rating,b,b,0.0,core_destroyed,55,,92,0,7,6,103,300,10,20,ok,,4.214,n-62-31-13,29004605,2026-08-02T16:58:02+0200
36f9c5c08c0847f1,auto-7202408d73d7,e9cand@9e77076,e9cand,9e77076,janus@8a1e7a1,janus,8a1e7a1,twins,official,1,0,rating,b,b,0.0,core_destroyed,43,,94,0,11,3,45,150,11,17,ok,,4.214,n-62-21-97,29004605,2026-08-02T16:57:50+0200
3709fb16c88530e1,auto-7202408d73d7,janus@8a1e7a1,janus,8a1e7a1,e_post2@4a95297,e_post2,4a95297,strait,official,1,0,rating,a,a,1.0,core_destroyed,48,,57,140,10,16,102,0,11,5,ok,,4.106,n-62-28-35,29004605,2026-08-02T16:57:54+0200
371a55d722c6048a,auto-7202408d73d7,tempest_reinforcements@3d5ab38,tempest_reinforcements,3d5ab38,janus@8a1e7a1,janus,8a1e7a1,sprint,official,1,0,rating,b,b,0.0,core_destroyed,30,,8,50,10,5,12,80,9,17,ok,,3.749,n-62-21-57,29004605,2026-08-02T16:57:44+0200
371ef4638cd9d607,auto-7202408d73d7,tempest_reinforcements@3d5ab38,tempest_reinforcements,3d5ab38,janus@8a1e7a1,janus,8a1e7a1,duel,official,1,0,rating,b,b,0.0,core_destroyed,38,,8,80,9,3,21,150,11,11,ok,,4.29,n-62-21-56,29004605,2026-08-02T16:57:45+0200
3763d5f824c27485,auto-7202408d73d7,frontier_v1@9713344,frontier_v1,9713344,janus@8a1e7a1,janus,8a1e7a1,aurora,official,1,0,rating,b,b,0.0,core_destroyed,37,,34,0,11,1,10,110,12,11,ok,,3.716,n-62-29-14,29004605,2026-08-02T16:57:36+0200
37704bda682060b3,auto-7202408d73d7,janus@8a1e7a1,janus,8a1e7a1,e9cand@9e77076,e9cand,9e77076,sweden,official,1,0,rating,a,a,1.0,core_destroyed,134,,256,840,18,22,151,0,11,5,ok,,6.197,n-62-21-97,29004605,2026-08-02T16:57:38+0200
378e09f0e2b8f772,auto-7202408d73d7,janus@8a1e7a1,janus,8a1e7a1,lockin@9713344,lockin,9713344,pinch,official,1,0,rating,a,a,1.0,core_destroyed,33,,20,110,11,11,291,0,5,1,ok,,3.716,n-62-30-23,29004605,2026-08-02T16:58:22+0200
3791c514df40b1de,auto-7202408d73d7,janus@8a1e7a1,janus,8a1e7a1,v233_e@9713344,v233_e,9713344,duel,official,1,0,rating,a,a,1.0,core_destroyed,43,,13,180,11,21,90,240,10,11,ok,,3.513,n-62-29-31,29004605,2026-08-02T16:59:35+0200
37a54cacbbbf1501,auto-7202408d73d7,janus@8a1e7a1,janus,8a1e7a1,e_t4l7@9e77076,e_t4l7,9e77076,sprint,official,1,0,rating,a,a,1.0,core_destroyed,56,,65,320,8,23,89,230,3,8,ok,,2.856,n-62-29-13,29004605,2026-08-02T16:57:44+0200
37b0fa9e04c47856,auto-7202408d73d7,janus@8a1e7a1,janus,8a1e7a1,tempest_frontier@fdc1e1f,tempest_frontier,fdc1e1f,skerry,official,1,0,rating,b,b,0.0,core_destroyed,42,,104,170,8,6,19,0,13,2,ok,,4.745,n-62-21-23,29004605,2026-08-02T16:58:07+0200
37d467c56796c7a6,auto-7202408d73d7,vg_v2@9713344,vg_v2,9713344,janus@8a1e7a1,janus,8a1e7a1,longship,official,1,0,rating,b,b,0.0,core_destroyed,41,,126,80,5,7,20,130,12,12,ok,,3.87,n-62-21-89,29004605,2026-08-02T16:58:51+0200
37dbea29a1061851,auto-7202408d73d7,frontier_v1@9713344,frontier_v1,9713344,janus@8a1e7a1,janus,8a1e7a1,longship,official,1,0,rating,b,b,0.0,core_destroyed,32,,25,0,9,3,20,80,12,9,ok,,4.076,n-62-29-16,29004605,2026-08-02T16:57:21+0200
37dd3830538c1002,auto-7202408d73d7,v233_g@9713344,v233_g,9713344,janus@8a1e7a1,janus,8a1e7a1,crossfire,official,1,0,rating,b,b,0.0,core_destroyed,41,,69,170,7,7,9,150,12,9,ok,,3.305,n-62-29-24,29004605,2026-08-02T16:59:20+0200
37f30d56677932e1,auto-7202408d73d7,janus@8a1e7a1,janus,8a1e7a1,tempest_reinforcements@51ad530,tempest_reinforcements,51ad530,sprint,official,1,0,rating,a,a,1.0,core_destroyed,50,,36,100,5,8,14,30,9,2,ok,,5.182,n-62-21-60,29004605,2026-08-02T16:57:58+0200
380320958361647f,auto-7202408d73d7,janus@8a1e7a1,janus,8a1e7a1,undertow_oracle@75591b7,undertow_oracle,75591b7,atoll,official,1,0,rating,b,b,0.0,core_destroyed,41,,143,150,8,10,59,180,9,15,ok,,3.523,n-62-31-9,29004605,2026-08-02T16:59:07+0200
3810d348dace4da1,auto-7202408d73d7,vanguard@818f3b4,vanguard,818f3b4,janus@8a1e7a1,janus,8a1e7a1,jackpot,official,1,0,rating,b,b,0.0,core_destroyed,53,,123,190,11,6,131,230,12,8,ok,,3.921,n-62-29-34,29004605,2026-08-02T16:58:52+0200
382699cec60199e1,auto-7202408d73d7,tempest_blindfire@fdc1e1f,tempest_blindfire,fdc1e1f,janus@8a1e7a1,janus,8a1e7a1,string,official,1,0,rating,a,a,1.0,core_destroyed,179,,183,0,4,1,100,440,7,2,ok,,5.03,n-62-21-4,29004605,2026-08-02T16:58:10+0200
3833001a2d85b3ca,auto-7202408d73d7,vanguard_oracle@902be71,vanguard_oracle,902be71,janus@8a1e7a1,janus,8a1e7a1,quarry,official,1,0,rating,b,b,0.0,core_destroyed,66,,60,240,12,11,5,130,12,13,ok,,5.603,n-62-11-56,29004605,2026-08-02T16:58:39+0200
384050c449f50065,auto-7202408d73d7,tempest@da3fd8a,tempest,da3fd8a,janus@8a1e7a1,janus,8a1e7a1,atoll,official,1,0,rating,a,a,1.0,core_destroyed,30,,9,0,12,3,108,90,9,5,ok,,4.739,n-62-12-2,29004605,2026-08-02T16:57:12+0200
3856f19957106c1f,auto-7202408d73d7,janus@8a1e7a1,janus,8a1e7a1,tempest_oracle_ferry@fdc1e1f,tempest_oracle_ferry,fdc1e1f,duel,official,1,0,rating,b,b,0.0,core_destroyed,34,,45,120,7,8,79,70,7,5,ok,,3.716,n-62-13-7,29004605,2026-08-02T16:56:58+0200
3878eaad5d4bc0f2,auto-7202408d73d7,tempest@da3fd8a,tempest,da3fd8a,janus@8a1e7a1,janus,8a1e7a1,skerry,official,1,0,rating,b,b,0.0,core_destroyed,39,,85,0,8,2,76,150,11,9,ok,,4.705,n-62-12-3,29004605,2026-08-02T16:57:40+0200
38a3517ac1367ecc,auto-7202408d73d7,janus@8a1e7a1,janus,8a1e7a1,baiter@9713344,baiter,9713344,quarry,official,1,0,rating,a,a,1.0,core_destroyed,60,,59,320,11,26,108,40,4,12,ok,,4.679,n-62-31-24,29004605,2026-08-02T16:57:20+0200
38f31cf6a41284bb,auto-7202408d73d7,janus@8a1e7a1,janus,8a1e7a1,jonbot_190003d@da3fd8a,jonbot_190003d,da3fd8a,vase,official,1,0,rating,a,a,1.0,core_destroyed,36,,160,50,8,7,235,0,6,5,ok,,2.703,n-62-29-5,29004605,2026-08-02T16:58:03+0200
3908d4961fc5d3b6,auto-7202408d73d7,vigil@bf9b3e3,vigil,bf9b3e3,janus@8a1e7a1,janus,8a1e7a1,pinch,official,1,0,rating,a,a,1.0,core_destroyed,28,,20,50,8,9,117,50,6,4,ok,,3.432,n-62-21-15,29004605,2026-08-02T16:58:48+0200
391c699ab0f87ce9,auto-7202408d73d7,v233_c@9713344,v233_c,9713344,janus@8a1e7a1,janus,8a1e7a1,atoll,official,1,0,rating,b,b,0.0,core_destroyed,44,,101,90,6,6,58,170,11,7,ok,,3.848,n-62-29-20,29004605,2026-08-02T16:58:22+0200
392763cf36c25757,auto-7202408d73d7,vg_v2@9713344,vg_v2,9713344,janus@8a1e7a1,janus,8a1e7a1,runestone,official,1,0,rating,b,b,0.0,core_destroyed,29,,68,40,6,9,3,40,11,14,ok,,3.417,n-62-21-89,29004605,2026-08-02T16:59:13+0200
39469c017a14d678,auto-7202408d73d7,janus@8a1e7a1,janus,8a1e7a1,vanguard@c407e79,vanguard,c407e79,hive,official,1,0,rating,a,a,1.0,core_destroyed,46,,2,100,11,16,71,120,9,19,ok,,3.979,n-62-31-16,29004605,2026-08-02T16:59:02+0200
3959f0d7e0db8bdd,auto-7202408d73d7,opponent_luc@e83a42c,opponent_luc,e83a42c,janus@8a1e7a1,janus,8a1e7a1,pinch,official,1,0,rating,b,b,0.0,core_destroyed,40,,268,0,7,1,55,150,9,18,ok,,4.103,n-62-11-51,29004605,2026-08-02T16:57:32+0200
398561865a6e70f5,auto-7202408d73d7,prospect_rushonly@bf9b3e3,prospect_rushonly,bf9b3e3,janus@8a1e7a1,janus,8a1e7a1,longship,official,1,0,rating,b,b,0.0,titanium_collected,35,,7,60,11,8,13,90,10,8,ok,,4.339,n-62-11-54,29004605,2026-08-02T16:57:41+0200
39b2c5d87be44a9a,auto-7202408d73d7,janus@8a1e7a1,janus,8a1e7a1,tempest_reinforcements@edf93ad,tempest_reinforcements,edf93ad,showdown,official,1,0,rating,b,b,0.0,core_destroyed,108,,229,0,3,1,80,230,4,23,ok,,3.591,n-62-21-68,29004605,2026-08-02T16:58:21+0200
39d0faf71c3fec6e,auto-7202408d73d7,janus@8a1e7a1,janus,8a1e7a1,turtle@9713344,turtle,9713344,atoll,official,1,0,rating,a,a,1.0,titanium_collected,1000,,12094,9700,4,41,2806,0,4,9,ok,,7.443,n-62-31-22,29004605,2026-08-02T16:59:00+0200
39d20c76440ae984,auto-7202408d73d7,janus@8a1e7a1,janus,8a1e7a1,mistral@ba943b9,mistral,ba943b9,strait,official,1,0,rating,b,b,0.0,core_destroyed,33,,217,50,7,3,60,0,11,1,ok,,4.211,n-62-31-19,29004605,2026-08-02T16:58:01+0200
39e76470cd311865,auto-7202408d73d7,janus@8a1e7a1,janus,8a1e7a1,vg_v1@9713344,vg_v1,9713344,vase,official,1,0,rating,a,a,1.0,core_destroyed,60,,296,110,7,8,339,0,6,1,ok,,3.16,n-62-21-91,29004605,2026-08-02T16:58:48+0200
39e810453e4efb58,auto-7202408d73d7,vg_v4@9713344,vg_v4,9713344,janus@8a1e7a1,janus,8a1e7a1,showdown,official,1,0,rating,b,b,0.0,core_destroyed,28,,78,0,5,5,24,40,8,15,ok,,3.096,n-62-12-2,29004605,2026-08-02T16:59:40+0200
39eb079972180bfa,auto-7202408d73d7,janus@8a1e7a1,janus,8a1e7a1,tempest_oracle_ferry@fdc1e1f,tempest_oracle_ferry,fdc1e1f,pinch,official,1,0,rating,b,b,0.0,core_destroyed,22,,197,30,7,4,48,0,8,4,ok,,2.995,n-62-13-7,29004605,2026-08-02T16:57:38+0200
3a19137b10f7dea6,auto-7202408d73d7,tempest_picket@fdc1e1f,tempest_picket,fdc1e1f,janus@8a1e7a1,janus,8a1e7a1,vault,official,1,0,rating,a,a,1.0,core_destroyed,40,,42,0,13,3,285,150,9,5,ok,,3.631,n-62-12-64,29004605,2026-08-02T16:58:00+0200
3a38f41e7cf8b483,auto-7202408d73d7,vg_v2@9713344,vg_v2,9713344,janus@8a1e7a1,janus,8a1e7a1,atoll,official,1,0,rating,b,b,0.0,core_destroyed,46,,102,100,5,7,71,180,10,12,ok,,3.639,n-62-21-91,29004605,2026-08-02T16:59:08+0200
3a5e594998eb9782,auto-7202408d73d7,janus@8a1e7a1,janus,8a1e7a1,casemate_oracle@902be71,casemate_oracle,902be71,sweden,official,1,0,rating,b,b,0.0,core_destroyed,70,,74,350,12,19,30,0,7,26,ok,,5.872,n-62-11-66,29004605,2026-08-02T16:57:09+0200
3abb3bfc281e7632,auto-7202408d73d7,jonbot_190003d@da3fd8a,jonbot_190003d,da3fd8a,janus@8a1e7a1,janus,8a1e7a1,fjord,official,1,0,rating,b,b,0.0,core_destroyed,38,,160,0,8,3,13,200,11,12,ok,,4.004,n-62-29-34,29004605,2026-08-02T16:57:33+0200
3ac977bb9715881c,auto-7202408d73d7,v233_g@9713344,v233_g,9713344,janus@8a1e7a1,janus,8a1e7a1,sprint,official,1,0,rating,b,b,0.0,core_destroyed,45,,63,0,6,6,22,140,9,16,ok,,2.769,n-62-29-27,29004605,2026-08-02T16:59:21+0200
3ad78d7f89d14bfe,auto-7202408d73d7,turtle@9713344,turtle,9713344,janus@8a1e7a1,janus,8a1e7a1,bridge,official,1,0,rating,b,b,0.0,core_destroyed,137,,315,350,4,11,321,860,14,17,ok,,6.169,n-62-31-21,29004605,2026-08-02T16:58:21+0200
3af3a1922feb3439,auto-7202408d73d7,janus@8a1e7a1,janus,8a1e7a1,vg_v1@9713344,vg_v1,9713344,string,official,1,0,rating,a,a,1.0,core_destroyed,51,,104,370,10,12,100,0,1,1,ok,,3.079,n-62-11-55,29004605,2026-08-02T16:59:34+0200
3b06c5e6f273a861,auto-7202408d73d7,janus@8a1e7a1,janus,8a1e7a1,jonbot@da3fd8a,jonbot,da3fd8a,aurora,official,1,0,rating,a,a,1.0,core_destroyed,68,,20,150,8,9,27,60,10,15,ok,,5.012,n-62-29-9,29004605,2026-08-02T16:58:11+0200
3b2fa0b600de5694,auto-7202408d73d7,claude_challenger_2@fdc1e1f,claude_challenger_2,fdc1e1f,janus@8a1e7a1,janus,8a1e7a1,twins,official,1,0,rating,b,b,0.0,core_destroyed,44,,213,150,6,20,51,140,10,19,ok,,5.048,n-62-31-10,29004605,2026-08-02T16:57:38+0200
3b43be098bd4ca2a,auto-7202408d73d7,janus@8a1e7a1,janus,8a1e7a1,vanguard@c407e79,vanguard,c407e79,atoll,official,1,0,rating,a,a,1.0,core_destroyed,50,,58,200,12,7,118,180,7,5,ok,,4.365,n-62-30-25,29004605,2026-08-02T16:59:34+0200
3b6288a4bd976e94,auto-7202408d73d7,prospect_rushonly@bf9b3e3,prospect_rushonly,bf9b3e3,janus@8a1e7a1,janus,8a1e7a1,vault,official,1,0,rating,b,b,0.0,core_destroyed,43,,240,160,9,6,243,170,9,6,ok,,3.351,n-62-11-53,29004605,2026-08-02T16:57:51+0200
3b73796672a754b1,auto-7202408d73d7,tempest_frontier@fdc1e1f,tempest_frontier,fdc1e1f,janus@8a1e7a1,janus,8a1e7a1,hive,official,1,0,rating,b,b,0.0,core_destroyed,42,,220,80,8,10,10,80,10,16,ok,,3.732,n-62-21-23,29004605,2026-08-02T16:57:12+0200
3b8667e763b2aee7,auto-7202408d73d7,janus@8a1e7a1,janus,8a1e7a1,v233_a@9713344,v233_a,9713344,strait,official,1,0,rating,a,a,1.0,titanium_collected,1000,,13997,12580,7,89,12688,11800,12,39,ok,,17.715,n-62-28-28,29004605,2026-08-02T16:58:50+0200
3b893d301210f1f6,auto-7202408d73d7,tempest_picket@fdc1e1f,tempest_picket,fdc1e1f,janus@8a1e7a1,janus,8a1e7a1,bridge,official,1,0,rating,b,b,0.0,core_destroyed,49,,310,0,4,5,77,200,10,17,ok,,2.605,n-62-12-65,29004605,2026-08-02T16:57:06+0200
3ba0740342a23262,auto-7202408d73d7,tempest_reinforcements@3d5ab38,tempest_reinforcements,3d5ab38,janus@8a1e7a1,janus,8a1e7a1,bridge,official,1,0,rating,b,b,0.0,core_destroyed,71,,23,0,12,7,239,290,4,15,ok,,4.702,n-62-21-56,29004605,2026-08-02T16:57:27+0200
3bcb277a1b27d9b5,auto-7202408d73d7,janus@8a1e7a1,janus,8a1e7a1,undertow_oracle@fdc1e1f,undertow_oracle,fdc1e1f,string,official,1,0,rating,a,a,1.0,titanium_collected,1000,,11684,9860,14,11,7313,4960,9,6,ok,,18.911,n-62-21-104,29004605,2026-08-02T16:58:39+0200
3bcc64cf382b1da4,auto-7202408d73d7,jonbot_190003d@da3fd8a,jonbot_190003d,da3fd8a,janus@8a1e7a1,janus,8a1e7a1,jackpot,official,1,0,rating,b,b,0.0,core_destroyed,43,,202,80,7,6,60,140,12,7,ok,,3.696,n-62-29-34,29004605,2026-08-02T16:57:48+0200
3bcea833cf3257d4,auto-7202408d73d7,janus@8a1e7a1,janus,8a1e7a1,reaver@9713344,reaver,9713344,vault,official,1,0,rating,a,a,1.0,titanium_collected,1000,,15784,13720,7,53,5062,2490,8,14,ok,,10.272,n-62-11-55,29004605,2026-08-02T16:58:17+0200
3be2bb6dcef18e0a,auto-7202408d73d7,janus@8a1e7a1,janus,8a1e7a1,vg_v6@9713344,vg_v6,9713344,crossfire,official,1,0,rating,a,a,1.0,core_destroyed,35,,13,120,11,11,88,0,4,3,ok,,3.35,n-62-21-4,29004605,2026-08-02T16:58:58+0200
3be8f84f93b15386,auto-7202408d73d7,janus@8a1e7a1,janus,8a1e7a1,titanium_v1@9713344,titanium_v1,9713344,vase,official,1,0,rating,a,a,1.0,core_destroyed,45,,161,70,8,7,381,0,4,2,ok,,2.488,n-62-31-22,29004605,2026-08-02T16:58:45+0200
3c0116ee1c2a82d9,auto-7202408d73d7,janus@8a1e7a1,janus,8a1e7a1,e_t4l7@9e77076,e_t4l7,9e77076,vault,official,1,0,rating,a,a,1.0,core_destroyed,62,,53,260,11,8,50,210,7,6,ok,,3.536,n-62-29-14,29004605,2026-08-02T16:57:18+0200
3c148e541a6c174e,auto-7202408d73d7,undertow_oracle@fdc1e1f,undertow_oracle,fdc1e1f,janus@8a1e7a1,janus,8a1e7a1,longship,official,1,0,rating,b,b,0.0,core_destroyed,41,,101,170,8,18,20,130,12,12,ok,,3.884,n-62-21-103,29004605,2026-08-02T16:58:54+0200
3c206eac00ebd0d4,auto-7202408d73d7,vigil@1b5f3d1,vigil,1b5f3d1,janus@8a1e7a1,janus,8a1e7a1,pinch,official,1,0,rating,a,a,1.0,core_destroyed,28,,20,50,8,9,117,50,6,4,ok,,3.566,n-62-21-2,29004605,2026-08-02T16:58:39+0200
3c25bb7ea219f685,auto-7202408d73d7,uw_v2@9713344,uw_v2,9713344,janus@8a1e7a1,janus,8a1e7a1,vault,official,1,0,rating,a,a,1.0,core_destroyed,50,,131,220,10,15,448,200,6,5,ok,,3.344,n-62-28-31,29004605,2026-08-02T16:59:42+0200
3c376c131503b6b9,auto-7202408d73d7,janus@8a1e7a1,janus,8a1e7a1,vg_v2@9713344,vg_v2,9713344,twins,official,1,0,rating,a,a,1.0,core_destroyed,112,,30,680,14,36,88,440,1,15,ok,,5.923,n-62-21-90,29004605,2026-08-02T16:58:49+0200
3c386041a9e1aedd,auto-7202408d73d7,janus@8a1e7a1,janus,8a1e7a1,tempest_picket@fdc1e1f,tempest_picket,fdc1e1f,quarry,official,1,0,rating,a,a,1.0,core_destroyed,57,,2,70,7,23,142,0,9,5,ok,,3.132,n-62-12-65,29004605,2026-08-02T16:57:57+0200
3c4705b5a8ca742b,auto-7202408d73d7,janus@8a1e7a1,janus,8a1e7a1,claude_challenger_3@fdc1e1f,claude_challenger_3,fdc1e1f,strait,official,1,0,rating,a,a,1.0,core_destroyed,45,,32,130,11,16,9,0,10,5,ok,,5.396,n-62-21-103,29004605,2026-08-02T16:57:19+0200
3c47064194d18f63,auto-7202408d73d7,janus@8a1e7a1,janus,8a1e7a1,tempest_fast@eb1f0f3,tempest_fast,eb1f0f3,crossfire,official,1,0,rating,a,a,1.0,core_destroyed,27,,16,80,11,9,270,50,4,4,ok,,3.304,n-62-21-8,29004605,2026-08-02T16:57:45+0200
3c4e819bc66b2b47,auto-7202408d73d7,tempest_reinforcements@025dd51,tempest_reinforcements,025dd51,janus@8a1e7a1,janus,8a1e7a1,strait,official,1,0,rating,b,b,0.0,core_destroyed,49,,33,100,11,10,7,160,12,11,ok,,4.672,n-62-12-67,29004605,2026-08-02T16:57:37+0200
3c6b5f6762811c89,auto-7202408d73d7,janus@8a1e7a1,janus,8a1e7a1,attack_wave_v1@9713344,attack_wave_v1,9713344,runestone,official,1,0,rating,a,a,1.0,core_destroyed,28,,13,40,12,11,126,0,6,4,ok,,3.422,n-62-31-5,29004605,2026-08-02T16:57:05+0200
3c74955ec11b6e51,auto-7202408d73d7,janus@8a1e7a1,janus,8a1e7a1,v233_f@9713344,v233_f,9713344,bridge,official,1,0,rating,b,b,0.0,core_destroyed,50,,13,70,9,21,69,210,10,16,ok,,3.083,n-62-29-14,29004605,2026-08-02T16:59:12+0200
3c8bf98fa692bc02,auto-7202408d73d7,janus@8a1e7a1,janus,8a1e7a1,jonbot@9713344,jonbot,9713344,duel,official,1,0,rating,a,a,1.0,core_destroyed,34,,43,130,11,13,250,0,4,0,ok,,2.97,n-62-29-8,29004605,2026-08-02T16:57:04+0200
3c94af3c56733667,auto-7202408d73d7,janus@8a1e7a1,janus,8a1e7a1,jonbot_190003d@da3fd8a,jonbot_190003d,da3fd8a,hive,official,1,0,rating,a,a,1.0,core_destroyed,47,,0,80,11,16,147,40,6,15,ok,,3.228,n-62-29-34,29004605,2026-08-02T16:57:36+0200
3c9e624638c0e928,auto-7202408d73d7,nemesis@9713344,nemesis,9713344,janus@8a1e7a1,janus,8a1e7a1,string,official,1,0,rating,b,b,0.0,core_destroyed,102,,93,0,1,4,323,700,9,17,ok,,5.125,n-62-31-13,29004605,2026-08-02T16:58:29+0200
3ca5f2b5e7de25c4,auto-7202408d73d7,janus@8a1e7a1,janus,8a1e7a1,gobbleglitch@e808e1d,gobbleglitch,e808e1d,aurora,official,1,0,rating,a,a,1.0,core_destroyed,37,,9,70,14,5,59,70,9,4,ok,,4.303,n-62-29-27,29004605,2026-08-02T16:57:46+0200
3cc587534a464bf7,auto-7202408d73d7,vg_v2@9713344,vg_v2,9713344,janus@8a1e7a1,janus,8a1e7a1,sweden,official,1,0,rating,b,b,0.0,core_destroyed,89,,79,160,7,7,370,500,10,22,ok,,4.496,n-62-21-90,29004605,2026-08-02T16:58:43+0200
3cc9527bf08a1da0,auto-7202408d73d7,vigil@18b749d,vigil,18b749d,janus@8a1e7a1,janus,8a1e7a1,crossfire,official,1,0,rating,b,b,0.0,core_destroyed,62,,60,140,8,5,31,140,6,6,ok,,4.471,n-62-31-5,29004605,2026-08-02T16:59:06+0200
3cd90ad4bdca8c99,auto-7202408d73d7,janus@8a1e7a1,janus,8a1e7a1,reaver@9713344,reaver,9713344,vase,official,1,0,rating,a,a,1.0,core_destroyed,60,,290,110,6,9,375,0,6,1,ok,,2.656,n-62-11-55,29004605,2026-08-02T16:58:03+0200
3cee6e632c516d10,auto-7202408d73d7,janus@8a1e7a1,janus,8a1e7a1,tempest@da3fd8a,tempest,da3fd8a,atoll,official,1,0,rating,b,b,0.0,core_destroyed,30,,139,90,10,6,23,60,12,6,ok,,5.197,n-62-12-2,29004605,2026-08-02T16:57:07+0200
3cf38c1501379c15,auto-7202408d73d7,e_post2@4a95297,e_post2,4a95297,janus@8a1e7a1,janus,8a1e7a1,duel,official,1,0,rating,b,b,0.0,core_destroyed,52,,69,40,6,6,30,220,13,11,ok,,3.824,n-62-28-34,29004605,2026-08-02T16:57:47+0200
3d115c97bbd1fba9,auto-7202408d73d7,janus@8a1e7a1,janus,8a1e7a1,vanguard_oracle@902be71,vanguard_oracle,902be71,vase,official,1,0,rating,b,b,0.0,core_destroyed,39,,78,50,9,6,72,60,10,7,ok,,3.482,n-62-11-57,29004605,2026-08-02T16:58:26+0200
3d11a7373943c7ef,auto-7202408d73d7,e_harc@6db8844,e_harc,6db8844,janus@8a1e7a1,janus,8a1e7a1,fjord,official,1,0,rating,b,b,0.0,core_destroyed,42,,87,140,8,8,30,230,12,13,ok,,3.506,n-62-28-31,29004605,2026-08-02T16:59:02+0200
3d169ccd8841a389,auto-7202408d73d7,e_harc@6db8844,e_harc,6db8844,janus@8a1e7a1,janus,8a1e7a1,sprint,official,1,0,rating,b,b,0.0,core_destroyed,39,,60,60,6,13,10,20,9,18,ok,,2.93,n-62-28-33,29004605,2026-08-02T16:57:38+0200
3d16fcd4c2700be0,auto-7202408d73d7,janus@8a1e7a1,janus,8a1e7a1,undertow@da3fd8a,undertow,da3fd8a,strait,official,1,0,rating,b,b,0.0,core_destroyed,54,,43,110,12,9,103,270,9,19,ok,,4.213,n-62-11-64,29004605,2026-08-02T16:58:58+0200
3d28e8bbd5e525c7,auto-7202408d73d7,prospect@bf9b3e3,prospect,bf9b3e3,janus@8a1e7a1,janus,8a1e7a1,crossfire,official,1,0,rating,b,b,0.0,core_destroyed,38,,77,80,6,10,9,80,9,6,ok,,3.818,n-62-11-52,29004605,2026-08-02T16:58:07+0200
3d3c01151ca7db77,auto-7202408d73d7,janus@8a1e7a1,janus,8a1e7a1,vanguard@c407e79,vanguard,c407e79,twins,official,1,0,rating,b,b,0.0,core_destroyed,41,,53,80,12,8,58,220,10,11,ok,,4.147,n-62-31-19,29004605,2026-08-02T16:59:27+0200
3d4e15169ba1d22e,auto-7202408d73d7,janus@8a1e7a1,janus,8a1e7a1,jonbot_190003d@da3fd8a,jonbot_190003d,da3fd8a,quarry,official,1,0,rating,a,a,1.0,core_destroyed,50,,1,110,10,21,213,150,6,19,ok,,3.119,n-62-29-34,29004605,2026-08-02T16:58:11+0200
3d5b9b6c0db6fcfd,auto-7202408d73d7,opponent_luc@e83a42c,opponent_luc,e83a42c,janus@8a1e7a1,janus,8a1e7a1,duel,official,1,0,rating,b,b,0.0,core_destroyed,35,,315,70,6,3,122,130,8,11,ok,,3.361,n-62-11-50,29004605,2026-08-02T16:58:31+0200
3d768029640fa81a,auto-7202408d73d7,jonbot_190003d@da3fd8a,jonbot_190003d,da3fd8a,janus@8a1e7a1,janus,8a1e7a1,hive,official,1,0,rating,b,b,0.0,core_destroyed,42,,185,80,6,18,10,80,10,17,ok,,3.139,n-62-29-34,29004605,2026-08-02T16:57:40+0200
3d7dc60e75e9ad53,auto-7202408d73d7,janus@8a1e7a1,janus,8a1e7a1,tempest_reinforcements@e1dc316,tempest_reinforcements,e1dc316,showdown,official,1,0,rating,a,a,1.0,core_destroyed,86,,59,0,5,5,20,0,10,7,ok,,4.539,n-62-21-66,29004605,2026-08-02T16:58:15+0200
3d7f60b1c4384ea4,auto-7202408d73d7,claude_challenger_2@fdc1e1f,claude_challenger_2,fdc1e1f,janus@8a1e7a1,janus,8a1e7a1,sweden,official,1,0,rating,b,b,0.0,core_destroyed,64,,660,0,0,0,204,380,9,26,ok,,2.971,n-62-31-10,29004605,2026-08-02T16:57:28+0200
3d890fb11c099492,auto-7202408d73d7,v233_i@902be71,v233_i,902be71,janus@8a1e7a1,janus,8a1e7a1,jackpot,official,1,0,rating,b,b,0.0,core_destroyed,51,,100,210,13,7,81,170,12,7,ok,,4.099,n-62-29-8,29004605,2026-08-02T16:59:06+0200
3d975cd5185b2ea5,auto-7202408d73d7,tempest_reinforcements@87724ec,tempest_reinforcements,87724ec,janus@8a1e7a1,janus,8a1e7a1,sprint,official,1,0,rating,b,b,0.0,core_destroyed,28,,26,20,8,4,19,50,10,10,ok,,3.936,n-62-21-64,29004605,2026-08-02T16:59:01+0200
3d9e5011eae1a665,auto-7202408d73d7,janus@8a1e7a1,janus,8a1e7a1,tempest_reinforcements@65ddc55,tempest_reinforcements,65ddc55,vase,official,1,0,rating,b,b,0.0,core_destroyed,55,,117,90,4,6,10,0,11,6,ok,,4.433,n-62-21-63,29004605,2026-08-02T16:57:18+0200
3db604aaf6bb6beb,auto-7202408d73d7,tempest_reinforcements@3d5ab38,tempest_reinforcements,3d5ab38,janus@8a1e7a1,janus,8a1e7a1,longship,official,1,0,rating,b,b,0.0,core_destroyed,45,,9,90,10,11,22,150,13,9,ok,,4.459,n-62-21-56,29004605,2026-08-02T16:58:24+0200
3db682b05dc8ebf0,auto-7202408d73d7,tempest@da3fd8a,tempest,da3fd8a,janus@8a1e7a1,janus,8a1e7a1,vault,official,1,0,rating,a,a,1.0,core_destroyed,40,,42,0,13,3,285,150,9,5,ok,,4.939,n-62-12-4,29004605,2026-08-02T16:57:14+0200
3dc93216bd02ed73,auto-7202408d73d7,janus@8a1e7a1,janus,8a1e7a1,mistral@ba943b9,mistral,ba943b9,quarry,official,1,0,rating,a,a,1.0,core_destroyed,46,,10,70,9,18,286,0,5,0,ok,,5.603,n-62-31-19,29004605,2026-08-02T16:57:09+0200
3dee6ba27405d731,auto-7202408d73d7,vanguard_oracle@75591b7,vanguard_oracle,75591b7,janus@8a1e7a1,janus,8a1e7a1,sweden,official,1,0,rating,a,a,1.0,core_destroyed,114,,60,230,17,12,47,250,8,21,ok,,5.562,n-62-11-50,29004605,2026-08-02T16:59:30+0200
3e127d73d0eef593,auto-7202408d73d7,riptide@9713344,riptide,9713344,janus@8a1e7a1,janus,8a1e7a1,vault,official,1,0,rating,b,b,0.0,core_destroyed,61,,116,0,5,4,218,260,9,12,ok,,3.507,n-62-21-89,29004605,2026-08-02T16:58:25+0200
3eb6068fdd9c217b,auto-7202408d73d7,tempest_frontier@fdc1e1f,tempest_frontier,fdc1e1f,janus@8a1e7a1,janus,8a1e7a1,jackpot,official,1,0,rating,b,b,0.0,core_destroyed,42,,210,0,7,2,60,170,13,8,ok,,3.969,n-62-21-23,29004605,2026-08-02T16:57:21+0200
3ec3f04daf0ea1d9,auto-7202408d73d7,janus@8a1e7a1,janus,8a1e7a1,baiter@9713344,baiter,9713344,strait,official,1,0,rating,a,a,1.0,core_destroyed,187,,906,1540,10,75,138,680,9,28,ok,,7.513,n-62-31-24,29004605,2026-08-02T16:58:07+0200
3ed9e5b455138b4a,auto-7202408d73d7,janus@8a1e7a1,janus,8a1e7a1,tempest_sentinel@fdc1e1f,tempest_sentinel,fdc1e1f,bridge,official,1,0,rating,a,a,1.0,core_destroyed,45,,111,180,9,19,300,0,4,7,ok,,2.753,n-62-21-69,29004605,2026-08-02T16:58:21+0200
3f0a7dba0c7c9b22,auto-7202408d73d7,baiter@9713344,baiter,9713344,janus@8a1e7a1,janus,8a1e7a1,sweden,official,1,0,rating,b,b,0.0,core_destroyed,74,,115,60,4,5,118,390,14,22,ok,,4.605,n-62-31-24,29004605,2026-08-02T16:58:30+0200
3f15a605e24cf30e,auto-7202408d73d7,vg_v3@9713344,vg_v3,9713344,janus@8a1e7a1,janus,8a1e7a1,fjord,official,1,0,rating,b,b,0.0,core_destroyed,37,,124,150,5,8,12,200,12,12,ok,,3.892,n-62-12-6,29004605,2026-08-02T16:58:34+0200
3f1c674e98773b94,auto-7202408d73d7,tempest_reinforcements@51ad530,tempest_reinforcements,51ad530,janus@8a1e7a1,janus,8a1e7a1,pinch,official,1,0,rating,b,b,0.0,core_destroyed,45,,41,90,9,8,9,90,11,5,ok,,4.979,n-62-21-60,29004605,2026-08-02T16:57:14+0200
3f1e5a171cc57e73,auto-7202408d73d7,janus@8a1e7a1,janus,8a1e7a1,vg_v5@9713344,vg_v5,9713344,strait,official,1,0,rating,a,a,1.0,titanium_collected,1000,,13142,18480,14,106,7705,6510,14,35,ok,,26.023,n-62-12-4,29004605,2026-08-02T16:59:09+0200
3f22de280438f985,auto-7202408d73d7,vg_v1@9713344,vg_v1,9713344,janus@8a1e7a1,janus,8a1e7a1,vase,official,1,0,rating,b,b,0.0,core_destroyed,61,,438,0,4,4,84,110,7,15,ok,,3.338,n-62-21-91,29004605,2026-08-02T16:58:51+0200
3f27dee625837aba,auto-7202408d73d7,undertow_oracle@fdc1e1f,undertow_oracle,fdc1e1f,janus@8a1e7a1,janus,8a1e7a1,jackpot,official,1,0,rating,b,b,0.0,core_destroyed,204,,230,860,11,33,202,1450,17,50,ok,,9.513,n-62-21-103,29004605,2026-08-02T16:58:45+0200
3f2b42bc45b8aca2,auto-7202408d73d7,v233_b@9713344,v233_b,9713344,janus@8a1e7a1,janus,8a1e7a1,duel,official,1,0,rating,b,b,0.0,core_destroyed,32,,76,20,5,2,29,120,11,12,ok,,3.0,n-62-28-33,29004605,2026-08-02T16:58:56+0200
3f43c0ec444e7b09,auto-7202408d73d7,janus@8a1e7a1,janus,8a1e7a1,tempest_reinforcements@51ad530,tempest_reinforcements,51ad530,crossfire,official,1,0,rating,a,a,1.0,core_destroyed,27,,9,80,10,7,0,50,10,5,ok,,5.139,n-62-21-59,29004605,2026-08-02T16:57:47+0200
3f44ca2cf71a6650,auto-7202408d73d7,v233_i@902be71,v233_i,902be71,janus@8a1e7a1,janus,8a1e7a1,bridge,official,1,0,rating,b,b,0.0,core_destroyed,72,,75,440,13,21,351,380,9,17,ok,,3.485,n-62-29-29,29004605,2026-08-02T16:59:24+0200
3f4ba8af599a402d,auto-7202408d73d7,janus@8a1e7a1,janus,8a1e7a1,vigil@bf9b3e3,vigil,bf9b3e3,aurora,official,1,0,rating,a,a,1.0,core_destroyed,60,,20,130,11,5,20,90,12,8,ok,,4.581,n-62-31-21,29004605,2026-08-02T16:58:56+0200
3f8b814b9ed4e45b,auto-7202408d73d7,e_harc@6db8844,e_harc,6db8844,janus@8a1e7a1,janus,8a1e7a1,vase,official,1,0,rating,b,b,0.0,core_destroyed,47,,549,0,1,0,100,80,7,7,ok,,2.403,n-62-28-34,29004605,2026-08-02T16:57:01+0200
3f9080a5ce88f89d,auto-7202408d73d7,janus@8a1e7a1,janus,8a1e7a1,vigil@1b5f3d1,vigil,1b5f3d1,strait,official,1,0,rating,b,b,0.0,core_destroyed,43,,203,80,7,6,20,80,12,10,ok,,3.825,n-62-21-2,29004605,2026-08-02T16:59:25+0200
3fa76e9d7091fe32,auto-7202408d73d7,claude_challenger_2@fdc1e1f,claude_challenger_2,fdc1e1f,janus@8a1e7a1,janus,8a1e7a1,vault,official,1,0,rating,b,b,0.0,core_destroyed,61,,422,220,7,3,192,260,10,13,ok,,5.548,n-62-31-10,29004605,2026-08-02T16:57:55+0200
3fc07890a34ddcd9,auto-7202408d73d7,vanguard_oracle@75591b7,vanguard_oracle,75591b7,janus@8a1e7a1,janus,8a1e7a1,skerry,official,1,0,rating,a,a,1.0,core_destroyed,40,,79,180,14,6,192,150,9,5,ok,,4.135,n-62-11-50,29004605,2026-08-02T16:58:53+0200
3fc881f119e244d2,auto-7202408d73d7,mistral@ba943b9,mistral,ba943b9,janus@8a1e7a1,janus,8a1e7a1,sweden,official,1,0,rating,b,b,0.0,core_destroyed,65,,326,0,5,0,75,320,13,20,ok,,5.316,n-62-31-19,29004605,2026-08-02T16:58:23+0200
3ff7241c3d7f8cd9,auto-7202408d73d7,janus@8a1e7a1,janus,8a1e7a1,v233_c@9713344,v233_c,9713344,showdown,official,1,0,rating,b,b,0.0,harvesters,31,,11,0,10,7,22,0,2,4,ok,,3.53,n-62-29-16,29004605,2026-08-02T16:58:34+0200
400961b01e424bdb,auto-7202408d73d7,janus@8a1e7a1,janus,8a1e7a1,casemate@902be71,casemate,902be71,skerry,official,1,0,rating,b,b,0.0,core_destroyed,577,,9603,9820,7,147,100,0,9,57,ok,,10.197,n-62-11-61,29004605,2026-08-02T16:58:11+0200
4014d02167f7e334,auto-7202408d73d7,v233_g@9713344,v233_g,9713344,janus@8a1e7a1,janus,8a1e7a1,sweden,official,1,0,rating,b,b,0.0,core_destroyed,81,,64,430,13,18,296,440,11,22,ok,,4.243,n-62-29-29,29004605,2026-08-02T16:58:35+0200
401f1ba662e89ec6,auto-7202408d73d7,janus@8a1e7a1,janus,8a1e7a1,titanium_v1@9713344,titanium_v1,9713344,jackpot,official,1,0,rating,a,a,1.0,core_destroyed,48,,153,190,11,8,356,0,4,3,ok,,3.07,n-62-31-5,29004605,2026-08-02T16:58:36+0200
404b0d1adf1daae3,auto-7202408d73d7,vigil@18b749d,vigil,18b749d,janus@8a1e7a1,janus,8a1e7a1,string,official,1,0,rating,a,a,1.0,core_destroyed,85,,9,30,8,13,85,50,3,5,ok,,3.335,n-62-21-13,29004605,2026-08-02T16:59:32+0200
404c1bcfb0f1a256,auto-7202408d73d7,janus@8a1e7a1,janus,8a1e7a1,titanium_v1@9713344,titanium_v1,9713344,vault,official,1,0,rating,a,a,1.0,core_destroyed,45,,268,170,8,7,349,0,4,3,ok,,2.238,n-62-31-22,29004605,2026-08-02T16:58:50+0200
4065c91a9aafec4c,auto-7202408d73d7,janus@8a1e7a1,janus,8a1e7a1,siege_v1@9713344,siege_v1,9713344,sprint,official,1,0,rating,a,a,1.0,core_destroyed,51,,225,260,6,22,272,0,4,2,ok,,2.701,n-62-12-6,29004605,2026-08-02T16:57:17+0200
409fb616ee9054b4,auto-7202408d73d7,e_final@9e77076,e_final,9e77076,janus@8a1e7a1,janus,8a1e7a1,runestone,official,1,0,rating,b,b,0.0,core_destroyed,33,,57,0,7,2,3,50,11,15,ok,,3.491,n-62-28-28,29004605,2026-08-02T16:57:09+0200
40c0e121d4fdc5cb,auto-7202408d73d7,janus@8a1e7a1,janus,8a1e7a1,v233_b@9713344,v233_b,9713344,fjord,official,1,0,rating,a,a,1.0,core_destroyed,49,,32,290,13,19,92,40,4,5,ok,,3.448,n-62-28-33,29004605,2026-08-02T16:58:59+0200
41170c5b90b43b04,auto-7202408d73d7,janus@8a1e7a1,janus,8a1e7a1,vg_v3@9713344,vg_v3,9713344,jackpot,official,1,0,rating,a,a,1.0,core_destroyed,61,,80,270,12,8,104,0,1,1,ok,,4.439,n-62-12-6,29004605,2026-08-02T16:58:48+0200
4120e217b5ae7bb7,auto-7202408d73d7,claude_challenger_2@fdc1e1f,claude_challenger_2,fdc1e1f,janus@8a1e7a1,janus,8a1e7a1,runestone,official,1,0,rating,b,b,0.0,core_destroyed,28,,109,40,9,6,13,40,11,13,ok,,4.498,n-62-31-9,29004605,2026-08-02T16:58:07+0200
413518d5d29dfcdc,auto-7202408d73d7,prospect_rushonly@bf9b3e3,prospect_rushonly,bf9b3e3,janus@8a1e7a1,janus,8a1e7a1,vase,official,1,0,rating,b,b,0.0,core_destroyed,29,,130,30,9,5,60,30,9,7,ok,,3.407,n-62-11-53,29004605,2026-08-02T16:57:44+0200
4135e288abd87926,auto-7202408d73d7,janus@8a1e7a1,janus,8a1e7a1,mistral_fast@26b5aa1,mistral_fast,26b5aa1,duel,official,1,0,rating,b,b,0.0,core_destroyed,28,,20,60,7,5,70,0,9,1,ok,,4.162,n-62-31-8,29004605,2026-08-02T16:57:45+0200
41560b3acb9e853d,auto-7202408d73d7,janus@8a1e7a1,janus,8a1e7a1,vg_v2@9713344,vg_v2,9713344,skerry,official,1,0,rating,a,a,1.0,core_destroyed,57,,182,340,9,22,93,0,5,6,ok,,3.459,n-62-21-89,29004605,2026-08-02T16:59:23+0200
4165c7d198520446,auto-7202408d73d7,janus@8a1e7a1,janus,8a1e7a1,tempest_reinforcements@87724ec,tempest_reinforcements,87724ec,duel,official,1,0,rating,a,a,1.0,core_destroyed,43,,9,110,7,7,0,90,8,4,ok,,5.346,n-62-21-63,29004605,2026-08-02T16:58:26+0200
416a4131fc6f975f,auto-7202408d73d7,janus@8a1e7a1,janus,8a1e7a1,mistral_fast@26b5aa1,mistral_fast,26b5aa1,runestone,official,1,0,rating,a,a,1.0,core_destroyed,29,,3,40,12,12,276,0,5,0,ok,,3.62,n-62-31-15,29004605,2026-08-02T16:57:23+0200
41a9a91deeb9545d,auto-7202408d73d7,vanguard@9932bec,vanguard,9932bec,janus@8a1e7a1,janus,8a1e7a1,sweden,official,1,0,rating,a,a,1.0,core_destroyed,70,,169,430,12,27,117,300,8,18,ok,,4.444,n-62-30-25,29004605,2026-08-02T16:59:04+0200
41afcc8bd0056e20,auto-7202408d73d7,tempest_picket@fdc1e1f,tempest_picket,fdc1e1f,janus@8a1e7a1,janus,8a1e7a1,quarry,official,1,0,rating,b,b,0.0,core_destroyed,54,,155,0,7,5,67,80,8,16,ok,,2.89,n-62-12-65,29004605,2026-08-02T16:58:00+0200
41bcb18ab71fae68,auto-7202408d73d7,janus@8a1e7a1,janus,8a1e7a1,tempest_oracle_ferry@fdc1e1f,tempest_oracle_ferry,fdc1e1f,atoll,official,1,0,rating,b,b,0.0,core_destroyed,30,,85,90,9,4,34,60,10,6,ok,,4.448,n-62-21-24,29004605,2026-08-02T16:57:48+0200
4265613753d9a2a1,auto-7202408d73d7,gobbleglitch@e808e1d,gobbleglitch,e808e1d,janus@8a1e7a1,janus,8a1e7a1,quarry,official,1,0,rating,a,a,1.0,core_destroyed,31,,31,0,12,1,281,70,4,10,ok,,2.979,n-62-29-28,29004605,2026-08-02T16:58:01+0200
42686fad940f70c5,auto-7202408d73d7,janus@8a1e7a1,janus,8a1e7a1,vigil@bf9b3e3,vigil,bf9b3e3,strait,official,1,0,rating,b,b,0.0,core_destroyed,43,,203,80,7,6,20,80,12,10,ok,,3.824,n-62-21-15,29004605,2026-08-02T16:59:35+0200
426cd6d155a86c33,auto-7202408d73d7,riptide@9713344,riptide,9713344,janus@8a1e7a1,janus,8a1e7a1,sprint,official,1,0,rating,b,b,0.0,core_destroyed,33,,54,50,5,4,16,110,9,20,ok,,3.57,n-62-21-89,29004605,2026-08-02T16:57:16+0200
427504cff207ce07,auto-7202408d73d7,vanguard@9932bec,vanguard,9932bec,janus@8a1e7a1,janus,8a1e7a1,skerry,official,1,0,rating,b,b,0.0,core_destroyed,43,,54,230,11,9,165,170,9,6,ok,,4.593,n-62-30-25,29004605,2026-08-02T16:58:30+0200
4280b98d46eac9ee,auto-7202408d73d7,frontier_v1@9713344,frontier_v1,9713344,janus@8a1e7a1,janus,8a1e7a1,bridge,official,1,0,rating,b,b,0.0,core_destroyed,72,,128,0,8,4,316,390,11,14,ok,,3.448,n-62-29-14,29004605,2026-08-02T16:57:43+0200
429a30ceb2160276,auto-7202408d73d7,vg_v1@9713344,vg_v1,9713344,janus@8a1e7a1,janus,8a1e7a1,bridge,official,1,0,rating,b,b,0.0,core_destroyed,120,,124,360,4,11,392,740,12,17,ok,,5.013,n-62-11-54,29004605,2026-08-02T16:59:11+0200
42b1e4275c0ef9a8,auto-7202408d73d7,janus@8a1e7a1,janus,8a1e7a1,casemate@902be71,casemate,902be71,strait,official,1,0,rating,a,a,1.0,core_destroyed,113,,318,700,11,35,9,0,4,28,ok,,3.816,n-62-11-61,29004605,2026-08-02T16:58:25+0200
42bf1e9f91304c26,auto-7202408d73d7,v233_i@902be71,v233_i,902be71,janus@8a1e7a1,janus,8a1e7a1,vault,official,1,0,rating,b,b,0.0,core_destroyed,46,,59,200,11,6,182,190,10,6,ok,,4.427,n-62-29-32,29004605,2026-08-02T16:59:13+0200
42c134be5bc97471,auto-7202408d73d7,claude_challenger_1@fdc1e1f,claude_challenger_1,fdc1e1f,janus@8a1e7a1,janus,8a1e7a1,runestone,official,1,0,rating,b,b,0.0,core_destroyed,28,,109,40,9,6,13,40,11,13,ok,,4.982,n-62-11-68,29004605,2026-08-02T16:58:13+0200
42e13f0f0c68c0db,auto-7202408d73d7,janus@8a1e7a1,janus,8a1e7a1,siege_v1@9713344,siege_v1,9713344,aurora,official,1,0,rating,a,a,1.0,core_destroyed,36,,20,70,12,9,198,0,6,3,ok,,3.702,n-62-21-90,29004605,2026-08-02T16:56:58+0200
42ee97310ba960c5,auto-7202408d73d7,janus@8a1e7a1,janus,8a1e7a1,vanguard@818f3b4,vanguard,818f3b4,vase,official,1,0,rating,a,a,1.0,core_destroyed,88,,356,180,7,12,122,0,10,2,ok,,3.138,n-62-29-5,29004605,2026-08-02T16:59:02+0200
42f9a970332eb18e,auto-7202408d73d7,uw_v1@9713344,uw_v1,9713344,janus@8a1e7a1,janus,8a1e7a1,sweden,official,1,0,rating,b,b,0.0,titanium_collected,1000,,9608,7160,6,18,8323,7330,14,22,ok,,27.299,n-62-21-98,29004605,2026-08-02T16:59:35+0200
42ffe0bb8432a97f,auto-7202408d73d7,siege_v2@9713344,siege_v2,9713344,janus@8a1e7a1,janus,8a1e7a1,vase,official,1,0,rating,b,b,0.0,core_destroyed,46,,296,0,6,1,128,80,8,7,ok,,3.414,n-62-12-1,29004605,2026-08-02T16:58:10+0200
430b7d67ffefda47,auto-7202408d73d7,tempest_sentinel@fdc1e1f,tempest_sentinel,fdc1e1f,janus@8a1e7a1,janus,8a1e7a1,vault,official,1,0,rating,b,b,0.0,core_destroyed,46,,58,0,7,2,246,190,10,6,ok,,3.345,n-62-31-4,29004605,2026-08-02T16:59:03+0200
4317e7e63b418c69,auto-7202408d73d7,janus@8a1e7a1,janus,8a1e7a1,undertow@9713344,undertow,9713344,aurora,official,1,0,rating,a,a,1.0,core_destroyed,43,,12,90,13,11,61,160,9,15,ok,,4.521,n-62-31-24,29004605,2026-08-02T16:58:19+0200
432095d15fe8d947,auto-7202408d73d7,prospect@bf9b3e3,prospect,bf9b3e3,janus@8a1e7a1,janus,8a1e7a1,bridge,official,1,0,rating,b,b,0.0,core_destroyed,70,,10,0,12,6,66,260,6,14,ok,,3.881,n-62-11-52,29004605,2026-08-02T16:57:59+0200
43302888de499347,auto-7202408d73d7,undertow_1ac7ac4@da3fd8a,undertow_1ac7ac4,da3fd8a,janus@8a1e7a1,janus,8a1e7a1,atoll,official,1,0,rating,b,b,0.0,core_destroyed,46,,30,210,7,20,68,180,12,10,ok,,4.105,n-62-11-68,29004605,2026-08-02T16:59:00+0200
43336d12c8c476a5,auto-7202408d73d7,janus@8a1e7a1,janus,8a1e7a1,claude_challenger_2@fdc1e1f,claude_challenger_2,fdc1e1f,sprint,official,1,0,rating,a,a,1.0,core_destroyed,31,,23,50,10,14,188,0,8,4,ok,,4.741,n-62-31-10,29004605,2026-08-02T16:56:59+0200
4344dcb0f99f0b54,auto-7202408d73d7,janus@8a1e7a1,janus,8a1e7a1,siege_v2@9713344,siege_v2,9713344,hive,official,1,0,rating,a,a,1.0,core_destroyed,47,,45,140,10,18,260,0,6,2,ok,,2.929,n-62-12-5,29004605,2026-08-02T16:57:35+0200
43489fe87c86d446,auto-7202408d73d7,janus@8a1e7a1,janus,8a1e7a1,vigil@1b5f3d1,vigil,1b5f3d1,skerry,official,1,0,rating,b,b,0.0,core_destroyed,35,,124,130,9,6,0,130,10,11,ok,,3.83,n-62-21-2,29004605,2026-08-02T16:59:08+0200
434d2d5527064471,auto-7202408d73d7,janus@8a1e7a1,janus,8a1e7a1,lockin@9713344,lockin,9713344,fjord,official,1,0,rating,a,a,1.0,core_destroyed,37,,33,200,13,11,48,100,12,4,ok,,5.702,n-62-30-23,29004605,2026-08-02T16:57:45+0200
4370f548464e6d24,auto-7202408d73d7,janus@8a1e7a1,janus,8a1e7a1,tempest_outer@fdc1e1f,tempest_outer,fdc1e1f,twins,official,1,0,rating,b,b,0.0,core_destroyed,28,,124,40,9,3,54,50,11,7,ok,,6.413,n-62-13-9,29004605,2026-08-02T16:58:02+0200
43732020cbe5bfda,auto-7202408d73d7,attack_wave_v1@9713344,attack_wave_v1,9713344,janus@8a1e7a1,janus,8a1e7a1,strait,official,1,0,rating,b,b,0.0,core_destroyed,34,,141,0,6,4,52,90,9,16,ok,,2.938,n-62-31-5,29004605,2026-08-02T16:57:36+0200
437b8b7cf0f0c3bb,auto-7202408d73d7,janus@8a1e7a1,janus,8a1e7a1,e9cand@9e77076,e9cand,9e77076,aurora,official,1,0,rating,a,a,1.0,core_destroyed,40,,20,80,13,9,118,0,10,0,ok,,4.234,n-62-21-103,29004605,2026-08-02T16:58:13+0200
43865f9d3679c3d8,auto-7202408d73d7,janus@8a1e7a1,janus,8a1e7a1,undertow@fdc1e1f,undertow,fdc1e1f,showdown,official,1,0,rating,a,a,1.0,core_destroyed,29,,36,0,9,8,23,0,7,3,ok,,3.985,n-62-11-66,29004605,2026-08-02T16:58:45+0200
438bdf2a1c1477cd,auto-7202408d73d7,janus@8a1e7a1,janus,8a1e7a1,riptide@9713344,riptide,9713344,sweden,official,1,0,rating,a,a,1.0,core_destroyed,90,,372,510,10,22,95,110,8,6,ok,,4.957,n-62-21-89,29004605,2026-08-02T16:57:41+0200
4394b3c3a6ee7cd5,auto-7202408d73d7,janus@8a1e7a1,janus,8a1e7a1,autistimusprime@ecd4d24,autistimusprime,ecd4d24,vault,official,1,0,rating,a,a,1.0,titanium_collected,53,,125,210,11,6,9,0,7,11,ok,,5.253,n-62-31-23,29004605,2026-08-02T16:57:09+0200
43b2fb9b93f9846a,auto-7202408d73d7,janus@8a1e7a1,janus,8a1e7a1,tempest@da3fd8a,tempest,da3fd8a,aurora,official,1,0,rating,a,a,1.0,core_destroyed,37,,11,70,11,9,262,70,6,7,ok,,5.843,n-62-12-2,29004605,2026-08-02T16:57:18+0200
43bc9f0f4eaa6318,auto-7202408d73d7,janus@8a1e7a1,janus,8a1e7a1,casemate_oracle@902be71,casemate_oracle,902be71,crossfire,official,1,0,rating,a,a,1.0,core_destroyed,30,,20,100,11,11,210,0,5,10,ok,,3.351,n-62-11-64,29004605,2026-08-02T16:58:25+0200
43cb09174063b99c,auto-7202408d73d7,tempest_ferry@26b5aa1,tempest_ferry,26b5aa1,janus@8a1e7a1,janus,8a1e7a1,atoll,official,1,0,rating,a,a,1.0,core_destroyed,29,,35,0,12,3,195,80,6,5,ok,,4.032,n-62-21-13,29004605,2026-08-02T16:57:36+0200
43ccddd064e19e55,auto-7202408d73d7,e_condc@6db8844,e_condc,6db8844,janus@8a1e7a1,janus,8a1e7a1,sweden,official,1,0,rating,b,b,0.0,core_destroyed,68,,765,210,1,10,211,410,11,26,ok,,2.951,n-62-21-99,29004605,2026-08-02T16:57:47+0200
43cd694d4be10677,auto-7202408d73d7,janus@8a1e7a1,janus,8a1e7a1,v233_f@9713344,v233_f,9713344,jackpot,official,1,0,rating,a,a,1.0,core_destroyed,67,,144,290,13,8,99,220,10,16,ok,,4.326,n-62-29-18,29004605,2026-08-02T16:58:21+0200
43fffd9bbff8c8db,auto-7202408d73d7,v233_a@9713344,v233_a,9713344,janus@8a1e7a1,janus,8a1e7a1,jackpot,official,1,0,rating,b,b,0.0,core_destroyed,58,,114,0,4,1,112,250,9,8,ok,,3.79,n-62-28-35,29004605,2026-08-02T16:59:40+0200
442ed76501df07df,auto-7202408d73d7,vigil@1b5f3d1,vigil,1b5f3d1,janus@8a1e7a1,janus,8a1e7a1,aurora,official,1,0,rating,a,a,1.0,core_destroyed,33,,10,60,11,8,45,60,10,7,ok,,3.706,n-62-31-22,29004605,2026-08-02T16:58:52+0200
4432e8d0f0279736,auto-7202408d73d7,janus@8a1e7a1,janus,8a1e7a1,v233_d@9713344,v233_d,9713344,quarry,official,1,0,rating,a,a,1.0,core_destroyed,63,,152,350,9,24,42,60,4,16,ok,,3.651,n-62-29-9,29004605,2026-08-02T16:58:27+0200
4435fd678d081439,auto-7202408d73d7,janus@8a1e7a1,janus,8a1e7a1,v233_e@9713344,v233_e,9713344,bridge,official,1,0,rating,b,b,0.0,core_destroyed,273,,510,1440,13,17,1370,1670,12,19,ok,,7.357,n-62-29-31,29004605,2026-08-02T16:59:08+0200
4440b556442f8744,auto-7202408d73d7,janus@8a1e7a1,janus,8a1e7a1,undertow_1ac7ac4@da3fd8a,undertow_1ac7ac4,da3fd8a,vase,official,1,0,rating,a,a,1.0,core_destroyed,45,,194,70,8,7,117,60,9,6,ok,,3.239,n-62-31-9,29004605,2026-08-02T16:58:34+0200
44574702fbfed680,auto-7202408d73d7,tempest_reinforcements@87724ec,tempest_reinforcements,87724ec,janus@8a1e7a1,janus,8a1e7a1,twins,official,1,0,rating,b,b,0.0,core_destroyed,33,,7,0,8,3,65,60,5,6,ok,,5.069,n-62-21-65,29004605,2026-08-02T16:57:34+0200
44866f4c61a245bd,auto-7202408d73d7,undertow_oracle@75591b7,undertow_oracle,75591b7,janus@8a1e7a1,janus,8a1e7a1,crossfire,official,1,0,rating,b,b,0.0,core_destroyed,32,,49,60,8,5,20,110,11,12,ok,,3.569,n-62-31-9,29004605,2026-08-02T16:59:36+0200
44c6c26c47a7e874,auto-7202408d73d7,janus@8a1e7a1,janus,8a1e7a1,e9cand@9e77076,e9cand,9e77076,jackpot,official,1,0,rating,a,a,1.0,core_destroyed,118,,301,570,12,19,91,180,10,6,ok,,4.998,n-62-21-104,29004605,2026-08-02T16:57:41+0200
44ca5f7ab840167d,auto-7202408d73d7,frontier_v2@9713344,frontier_v2,9713344,janus@8a1e7a1,janus,8a1e7a1,bridge,official,1,0,rating,b,b,0.0,core_destroyed,73,,229,0,7,3,258,380,11,15,ok,,3.388,n-62-29-18,29004605,2026-08-02T16:57:55+0200
44f426bc7d847ae0,auto-7202408d73d7,janus@8a1e7a1,janus,8a1e7a1,tempest_blindfire@fdc1e1f,tempest_blindfire,fdc1e1f,bridge,official,1,0,rating,a,a,1.0,core_destroyed,45,,125,180,9,17,254,0,5,7,ok,,3.216,n-62-12-4,29004605,2026-08-02T16:57:35+0200
4513725e83b404e2,auto-7202408d73d7,v233_a@9713344,v233_a,9713344,janus@8a1e7a1,janus,8a1e7a1,duel,official,1,0,rating,b,b,0.0,core_destroyed,33,,110,20,5,2,15,130,11,12,ok,,3.242,n-62-28-35,29004605,2026-08-02T16:58:57+0200
454a7a6fe34aafc3,auto-7202408d73d7,vg_v5@9713344,vg_v5,9713344,janus@8a1e7a1,janus,8a1e7a1,twins,official,1,0,rating,b,b,0.0,core_destroyed,37,,75,70,7,7,8,110,10,15,ok,,3.573,n-62-12-4,29004605,2026-08-02T16:59:41+0200
4557c38eeaec48bd,auto-7202408d73d7,undertow@fdc1e1f,undertow,fdc1e1f,janus@8a1e7a1,janus,8a1e7a1,atoll,official,1,0,rating,b,b,0.0,core_destroyed,46,,29,200,7,20,68,180,12,10,ok,,3.938,n-62-11-65,29004605,2026-08-02T16:58:52+0200
455dc6b59748278c,auto-7202408d73d7,janus@8a1e7a1,janus,8a1e7a1,vanguard@c407e79,vanguard,c407e79,bridge,official,1,0,rating,b,b,0.0,core_destroyed,82,,85,330,10,19,79,280,11,13,ok,,4.577,n-62-31-16,29004605,2026-08-02T16:58:24+0200
455df93e094d7108,auto-7202408d73d7,vg_v7@9713344,vg_v7,9713344,janus@8a1e7a1,janus,8a1e7a1,duel,official,1,0,rating,b,b,0.0,core_destroyed,39,,77,20,7,2,53,160,10,14,ok,,3.705,n-62-21-12,29004605,2026-08-02T16:59:06+0200
457d1233145fcfb7,auto-7202408d73d7,janus@8a1e7a1,janus,8a1e7a1,claude_challenger_1@fdc1e1f,claude_challenger_1,fdc1e1f,showdown,official,1,0,rating,a,a,1.0,core_destroyed,22,,54,0,7,11,550,0,0,0,ok,,1.722,n-62-11-68,29004605,2026-08-02T16:58:15+0200
4580a72425bd8377,auto-7202408d73d7,titanium_v1@9713344,titanium_v1,9713344,janus@8a1e7a1,janus,8a1e7a1,twins,official,1,0,rating,b,b,0.0,core_destroyed,34,,282,0,2,1,21,100,10,12,ok,,2.511,n-62-31-22,29004605,2026-08-02T16:58:43+0200
45a0e648e9a2710e,auto-7202408d73d7,janus@8a1e7a1,janus,8a1e7a1,jonbot@9713344,jonbot,9713344,bridge,official,1,0,rating,a,a,1.0,core_destroyed,39,,60,130,9,19,277,0,4,0,ok,,2.675,n-62-29-29,29004605,2026-08-02T16:57:59+0200
45a3f8dcbd346587,auto-7202408d73d7,riptide@9713344,riptide,9713344,janus@8a1e7a1,janus,8a1e7a1,fjord,official,1,0,rating,b,b,0.0,core_destroyed,37,,78,150,5,8,12,200,12,12,ok,,4.908,n-62-21-91,29004605,2026-08-02T16:58:04+0200
45a87aeb89bc6831,auto-7202408d73d7,vanguard@da3fd8a,vanguard,da3fd8a,janus@8a1e7a1,janus,8a1e7a1,bridge,official,1,0,rating,a,a,1.0,core_destroyed,53,,83,240,11,17,168,230,9,15,ok,,3.666,n-62-31-8,29004605,2026-08-02T16:58:36+0200
45ae3f94759a6986,auto-7202408d73d7,e_harc@6db8844,e_harc,6db8844,janus@8a1e7a1,janus,8a1e7a1,pinch,official,1,0,rating,b,b,0.0,core_destroyed,60,,43,70,5,13,30,260,11,24,ok,,3.432,n-62-28-33,29004605,2026-08-02T16:57:01+0200
45b6da7bc2dcec2e,auto-7202408d73d7,tempest_fast@eb1f0f3,tempest_fast,eb1f0f3,janus@8a1e7a1,janus,8a1e7a1,atoll,official,1,0,rating,a,a,1.0,core_destroyed,30,,9,0,12,3,108,90,9,5,ok,,4.081,n-62-21-8,29004605,2026-08-02T16:57:27+0200
45b9cc52e0a0a365,auto-7202408d73d7,tempest_reinforcements@e1dc316,tempest_reinforcements,e1dc316,janus@8a1e7a1,janus,8a1e7a1,skerry,official,1,0,rating,b,b,0.0,core_destroyed,67,,9,150,17,4,334,290,7,6,ok,,5.943,n-62-21-66,29004605,2026-08-02T16:58:30+0200
45baf56b3b301bdd,auto-7202408d73d7,casemate@902be71,casemate,902be71,janus@8a1e7a1,janus,8a1e7a1,crossfire,official,1,0,rating,b,b,0.0,core_destroyed,35,,0,0,7,11,8,120,10,12,ok,,3.781,n-62-11-60,29004605,2026-08-02T16:58:06+0200
45ce7c01f0188235,auto-7202408d73d7,mistral_fast@26b5aa1,mistral_fast,26b5aa1,janus@8a1e7a1,janus,8a1e7a1,strait,official,1,0,rating,b,b,0.0,core_destroyed,32,,278,0,5,0,121,80,8,14,ok,,2.959,n-62-31-15,29004605,2026-08-02T16:57:59+0200
45df709de5bdd1f5,auto-7202408d73d7,janus@8a1e7a1,janus,8a1e7a1,e_t4l7@9e77076,e_t4l7,9e77076,string,official,1,0,rating,a,a,1.0,core_destroyed,251,,1873,2360,12,11,587,620,6,15,ok,,5.318,n-62-29-13,29004605,2026-08-02T16:57:59+0200
45fe04e92a1f55f6,auto-7202408d73d7,vanguard@da3fd8a,vanguard,da3fd8a,janus@8a1e7a1,janus,8a1e7a1,sweden,official,1,0,rating,b,b,0.0,core_destroyed,81,,100,430,14,18,303,440,11,22,ok,,4.734,n-62-31-15,29004605,2026-08-02T16:59:26+0200
46020d2816d64c9a,auto-7202408d73d7,janus@8a1e7a1,janus,8a1e7a1,vg_v6@9713344,vg_v6,9713344,duel,official,1,0,rating,a,a,1.0,core_destroyed,49,,15,240,12,16,76,0,6,5,ok,,3.969,n-62-21-4,29004605,2026-08-02T16:59:06+0200
46113638b7c99a70,auto-7202408d73d7,janus@8a1e7a1,janus,8a1e7a1,tempest_ferry@26b5aa1,tempest_ferry,26b5aa1,skerry,official,1,0,rating,b,b,0.0,core_destroyed,40,,184,150,5,6,27,0,14,2,ok,,4.286,n-62-21-2,29004605,2026-08-02T16:57:58+0200
461a49ed996dc2ff,auto-7202408d73d7,janus@8a1e7a1,janus,8a1e7a1,tempest_frontier@fdc1e1f,tempest_frontier,fdc1e1f,strait,official,1,0,rating,b,b,0.0,core_destroyed,32,,212,50,7,3,55,60,12,9,ok,,3.937,n-62-21-24,29004605,2026-08-02T16:56:58+0200
463aabd40642c748,auto-7202408d73d7,janus@8a1e7a1,janus,8a1e7a1,tempest@da3fd8a,tempest,da3fd8a,skerry,official,1,0,rating,b,b,0.0,core_destroyed,42,,120,170,8,6,13,0,14,2,ok,,5.272,n-62-12-3,29004605,2026-08-02T16:57:35+0200
463f169c6bb54a25,auto-7202408d73d7,nemesis@9713344,nemesis,9713344,janus@8a1e7a1,janus,8a1e7a1,bridge,official,1,0,rating,b,b,0.0,core_destroyed,75,,87,60,8,15,276,400,10,17,ok,,4.129,n-62-31-7,29004605,2026-08-02T16:57:54+0200
465400c961badc29,auto-7202408d73d7,janus@8a1e7a1,janus,8a1e7a1,tempest_reinforcements@38f9c23,tempest_reinforcements,38f9c23,pinch,official,1,0,rating,b,b,0.0,core_destroyed,24,,187,40,7,4,20,40,8,8,ok,,3.444,n-62-21-55,29004605,2026-08-02T16:58:48+0200
4656d24eddd2080e,auto-7202408d73d7,janus@8a1e7a1,janus,8a1e7a1,vg_v1@9713344,vg_v1,9713344,crossfire,official,1,0,rating,a,a,1.0,core_destroyed,27,,8,80,11,9,82,0,4,3,ok,,3.116,n-62-11-54,29004605,2026-08-02T16:59:14+0200
469d47c993de2ebf,auto-7202408d73d7,siege_v1@9713344,siege_v1,9713344,janus@8a1e7a1,janus,8a1e7a1,strait,official,1,0,rating,b,b,0.0,core_destroyed,34,,188,0,6,3,52,90,9,16,ok,,2.819,n-62-12-6,29004605,2026-08-02T16:57:27+0200
46ab03a8ca778273,auto-7202408d73d7,reaver@9713344,reaver,9713344,janus@8a1e7a1,janus,8a1e7a1,runestone,official,1,0,rating,b,b,0.0,core_destroyed,30,,89,40,6,9,3,40,11,14,ok,,3.269,n-62-11-59,29004605,2026-08-02T16:58:06+0200
46e69f726ee879ba,auto-7202408d73d7,janus@8a1e7a1,janus,8a1e7a1,vanguard@818f3b4,vanguard,818f3b4,quarry,official,1,0,rating,a,a,1.0,core_destroyed,47,,17,150,12,14,17,170,10,10,ok,,4.508,n-62-29-34,29004605,2026-08-02T16:59:11+0200
46fce5deacd61233,auto-7202408d73d7,casemate@902be71,casemate,902be71,janus@8a1e7a1,janus,8a1e7a1,strait,official,1,0,rating,b,b,0.0,titanium_collected,1000,,1414,0,5,39,15883,15810,6,84,ok,,7.588,n-62-11-61,29004605,2026-08-02T16:58:32+0200
470a7f7c289e1cb3,auto-7202408d73d7,janus@8a1e7a1,janus,8a1e7a1,e_condc@6db8844,e_condc,6db8844,pinch,official,1,0,rating,a,a,1.0,core_destroyed,42,,18,130,10,16,72,70,4,21,ok,,3.339,n-62-21-98,29004605,2026-08-02T16:58:02+0200
472ca2003668a812,auto-7202408d73d7,janus@8a1e7a1,janus,8a1e7a1,tempest_outer@fdc1e1f,tempest_outer,fdc1e1f,runestone,official,1,0,rating,a,a,1.0,core_destroyed,32,,14,50,8,13,141,0,9,4,ok,,5.664,n-62-13-8,29004605,2026-08-02T16:58:43+0200
4730b31c4d65f0bb,auto-7202408d73d7,tempest_picket@fdc1e1f,tempest_picket,fdc1e1f,janus@8a1e7a1,janus,8a1e7a1,jackpot,official,1,0,rating,b,b,0.0,core_destroyed,42,,210,0,7,2,60,170,13,8,ok,,3.371,n-62-12-65,29004605,2026-08-02T16:57:40+0200
477aef86d75758fa,auto-7202408d73d7,janus@8a1e7a1,janus,8a1e7a1,casemate@902be71,casemate,902be71,fjord,official,1,0,rating,a,a,1.0,titanium_collected,1000,,16609,16480,9,51,1609,0,5,26,ok,,13.466,n-62-11-60,29004605,2026-08-02T16:58:29+0200
477e79dba25be7df,auto-7202408d73d7,e_harc@6db8844,e_harc,6db8844,janus@8a1e7a1,janus,8a1e7a1,skerry,official,1,0,rating,b,b,0.0,core_destroyed,43,,112,0,10,0,101,190,10,10,ok,,3.262,n-62-28-33,29004605,2026-08-02T16:57:32+0200
47aab0ac090fa21d,auto-7202408d73d7,janus@8a1e7a1,janus,8a1e7a1,riptide@9713344,riptide,9713344,crossfire,official,1,0,rating,a,a,1.0,core_destroyed,35,,13,120,11,11,88,0,4,3,ok,,3.843,n-62-21-91,29004605,2026-08-02T16:57:41+0200
47b579ea2b58aa6d,auto-7202408d73d7,undertow@fdc1e1f,undertow,fdc1e1f,janus@8a1e7a1,janus,8a1e7a1,fjord,official,1,0,rating,b,b,0.0,core_destroyed,42,,70,250,6,9,23,230,13,12,ok,,3.777,n-62-11-65,29004605,2026-08-02T16:59:34+0200
47c95a6e8b54866f,auto-7202408d73d7,jonbot@9713344,jonbot,9713344,janus@8a1e7a1,janus,8a1e7a1,twins,official,1,0,rating,b,b,0.0,core_destroyed,33,,256,0,5,0,19,100,10,16,ok,,3.359,n-62-29-9,29004605,2026-08-02T16:57:45+0200
47da59c41f38afa1,auto-7202408d73d7,janus@8a1e7a1,janus,8a1e7a1,tempest_reinforcements@edf93ad,tempest_reinforcements,edf93ad,duel,official,1,0,rating,a,a,1.0,core_destroyed,51,,32,210,10,9,37,70,5,3,ok,,5.077,n-62-21-68,29004605,2026-08-02T16:57:00+0200
47e345001976f839,auto-7202408d73d7,riptide@9713344,riptide,9713344,janus@8a1e7a1,janus,8a1e7a1,atoll,official,1,0,rating,b,b,0.0,core_destroyed,58,,93,70,5,3,50,240,10,14,ok,,3.825,n-62-11-55,29004605,2026-08-02T16:58:28+0200
47e4c89ae198c705,auto-7202408d73d7,prospect_rushonly@bf9b3e3,prospect_rushonly,bf9b3e3,janus@8a1e7a1,janus,8a1e7a1,runestone,official,1,0,rating,b,b,0.0,core_destroyed,26,,8,30,11,5,18,40,11,7,ok,,4.169,n-62-11-54,29004605,2026-08-02T16:58:06+0200
47e6749cd6a8018c,auto-7202408d73d7,lockin@9713344,lockin,9713344,janus@8a1e7a1,janus,8a1e7a1,vase,official,1,0,rating,b,b,0.0,core_destroyed,41,,600,0,0,0,60,60,8,15,ok,,2.422,n-62-30-25,29004605,2026-08-02T16:58:21+0200
47f0a999b4709435,auto-7202408d73d7,e_post2@4a95297,e_post2,4a95297,janus@8a1e7a1,janus,8a1e7a1,sweden,official,1,0,rating,b,b,0.0,core_destroyed,63,,708,280,1,13,104,300,11,22,ok,,3.179,n-62-28-35,29004605,2026-08-02T16:58:16+0200
480e306417c29665,auto-7202408d73d7,vanguard@da3fd8a,vanguard,da3fd8a,janus@8a1e7a1,janus,8a1e7a1,longship,official,1,0,rating,b,b,0.0,core_destroyed,35,,113,120,9,14,16,100,12,9,ok,,3.566,n-62-31-8,29004605,2026-08-02T16:59:27+0200
4815b57f8f8980a2,auto-7202408d73d7,jonbot@da3fd8a,jonbot,da3fd8a,janus@8a1e7a1,janus,8a1e7a1,vase,official,1,0,rating,b,b,0.0,core_destroyed,32,,279,0,4,5,70,40,9,15,ok,,2.691,n-62-29-32,29004605,2026-08-02T16:57:54+0200
48184d11673d5b7b,auto-7202408d73d7,janus@8a1e7a1,janus,8a1e7a1,vg_v3@9713344,vg_v3,9713344,sweden,official,1,0,rating,a,a,1.0,core_destroyed,85,,354,470,10,22,80,100,5,5,ok,,4.172,n-62-12-5,29004605,2026-08-02T16:58:48+0200
48302cc4d91c9693,auto-7202408d73d7,janus@8a1e7a1,janus,8a1e7a1,lockin@9713344,lockin,9713344,runestone,official,1,0,rating,a,a,1.0,core_destroyed,35,,10,60,11,13,32,60,9,7,ok,,6.291,n-62-30-25,29004605,2026-08-02T16:57:14+0200
4842c6f4da9c703a,auto-7202408d73d7,tempest_reinforcements@3d5ab38,tempest_reinforcements,3d5ab38,janus@8a1e7a1,janus,8a1e7a1,quarry,official,1,0,rating,b,b,0.0,core_destroyed,55,,0,0,9,7,158,240,9,13,ok,,4.316,n-62-21-57,29004605,2026-08-02T16:57:11+0200
48670b1d6a3c7380,auto-7202408d73d7,mistral_fast@26b5aa1,mistral_fast,26b5aa1,janus@8a1e7a1,janus,8a1e7a1,showdown,official,1,0,rating,a,a,1.0,core_destroyed,19,,14,0,12,1,152,0,5,6,ok,,3.625,n-62-31-15,29004605,2026-08-02T16:57:36+0200
488d8125660fb4b7,auto-7202408d73d7,tempest_fast@eb1f0f3,tempest_fast,eb1f0f3,janus@8a1e7a1,janus,8a1e7a1,longship,official,1,0,rating,b,b,0.0,core_destroyed,34,,193,60,7,7,10,90,10,9,ok,,3.981,n-62-21-12,29004605,2026-08-02T16:57:12+0200
4891d95f663aeaff,auto-7202408d73d7,v233_e@9713344,v233_e,9713344,janus@8a1e7a1,janus,8a1e7a1,string,official,1,0,rating,a,a,1.0,titanium_collected,1000,,5283,4970,6,8,6211,4910,11,9,ok,,10.081,n-62-29-13,29004605,2026-08-02T16:59:33+0200
48c312e181b5c557,auto-7202408d73d7,janus@8a1e7a1,janus,8a1e7a1,tempest_oracle_ferry@fdc1e1f,tempest_oracle_ferry,fdc1e1f,runestone,official,1,0,rating,a,a,1.0,core_destroyed,37,,18,60,7,13,43,0,12,4,ok,,4.294,n-62-13-7,29004605,2026-08-02T16:57:52+0200
48d0400157a912db,auto-7202408d73d7,tempest_reinforcements@3d5ab38,tempest_reinforcements,3d5ab38,janus@8a1e7a1,janus,8a1e7a1,runestone,official,1,0,rating,b,b,0.0,core_destroyed,34,,10,0,9,4,18,60,12,7,ok,,4.297,n-62-21-57,29004605,2026-08-02T16:57:20+0200
48f695f0c69bb134,auto-7202408d73d7,janus@8a1e7a1,janus,8a1e7a1,jonbot@da3fd8a,jonbot,da3fd8a,longship,official,1,0,rating,a,a,1.0,core_destroyed,145,,12,630,11,46,223,0,6,9,ok,,6.852,n-62-29-31,29004605,2026-08-02T16:57:51+0200
4901328ceb000153,auto-7202408d73d7,vg_v4@9713344,vg_v4,9713344,janus@8a1e7a1,janus,8a1e7a1,strait,official,1,0,rating,b,b,0.0,core_destroyed,44,,95,80,5,7,43,140,9,17,ok,,3.729,n-62-12-1,29004605,2026-08-02T16:58:44+0200
490a33d5c42e3570,auto-7202408d73d7,undertow_oracle@75591b7,undertow_oracle,75591b7,janus@8a1e7a1,janus,8a1e7a1,string,official,1,0,rating,a,a,1.0,core_destroyed,134,,464,600,9,6,120,210,11,0,ok,,6.092,n-62-31-11,29004605,2026-08-02T16:58:35+0200
491b2ed1ee10e2b8,auto-7202408d73d7,janus@8a1e7a1,janus,8a1e7a1,claude_challenger_3@fdc1e1f,claude_challenger_3,fdc1e1f,runestone,official,1,0,rating,a,a,1.0,core_destroyed,35,,10,60,11,13,32,60,9,7,ok,,5.693,n-62-31-11,29004605,2026-08-02T16:58:24+0200
4927d3c85b6e003f,auto-7202408d73d7,janus@8a1e7a1,janus,8a1e7a1,attack_wave_v1@9713344,attack_wave_v1,9713344,vault,official,1,0,rating,a,a,1.0,core_destroyed,48,,298,190,8,7,229,0,6,3,ok,,2.966,n-62-31-22,29004605,2026-08-02T16:56:57+0200
495008cc82d1576d,auto-7202408d73d7,janus@8a1e7a1,janus,8a1e7a1,tempest_reinforcements@e1dc316,tempest_reinforcements,e1dc316,string,official,1,0,rating,a,a,1.0,core_destroyed,62,,114,200,5,7,31,140,17,6,ok,,5.4,n-62-21-67,29004605,2026-08-02T16:57:10+0200
4963895732467add,auto-7202408d73d7,vigil@18b749d,vigil,18b749d,janus@8a1e7a1,janus,8a1e7a1,bridge,official,1,0,rating,a,a,1.0,core_destroyed,84,,30,290,16,15,133,120,6,7,ok,,5.036,n-62-31-5,29004605,2026-08-02T16:58:57+0200
497c8e02035be49a,auto-7202408d73d7,frontier_v2@9713344,frontier_v2,9713344,janus@8a1e7a1,janus,8a1e7a1,runestone,official,1,0,rating,b,b,0.0,core_destroyed,26,,60,0,7,4,13,40,11,12,ok,,3.19,n-62-29-24,29004605,2026-08-02T16:57:42+0200
497fa2645e86a825,auto-7202408d73d7,janus@8a1e7a1,janus,8a1e7a1,prospect_rushonly@bf9b3e3,prospect_rushonly,bf9b3e3,sweden,official,1,0,rating,b,b,0.0,core_destroyed,76,,102,270,2,12,81,490,13,17,ok,,4.177,n-62-11-53,29004605,2026-08-02T16:57:24+0200
49985a049f344028,auto-7202408d73d7,lockin@9713344,lockin,9713344,janus@8a1e7a1,janus,8a1e7a1,fjord,official,1,0,rating,b,b,0.0,core_destroyed,41,,197,80,8,4,124,220,11,8,ok,,4.575,n-62-30-23,29004605,2026-08-02T16:57:49+0200
49a7428c3dba4b39,auto-7202408d73d7,undertow_oracle@fdc1e1f,undertow_oracle,fdc1e1f,janus@8a1e7a1,janus,8a1e7a1,string,official,1,0,rating,a,a,1.0,core_destroyed,60,,141,230,8,6,110,90,7,0,ok,,3.966,n-62-21-104,29004605,2026-08-02T16:58:43+0200
49af149a844531aa,auto-7202408d73d7,janus@8a1e7a1,janus,8a1e7a1,jonbot@9713344,jonbot,9713344,quarry,official,1,0,rating,a,a,1.0,core_destroyed,47,,68,190,10,20,285,0,5,0,ok,,2.959,n-62-29-8,29004605,2026-08-02T16:57:46+0200
49b72ab7e6bdc152,auto-7202408d73d7,janus@8a1e7a1,janus,8a1e7a1,titanium_v1@9713344,titanium_v1,9713344,pinch,official,1,0,rating,a,a,1.0,core_destroyed,33,,39,110,11,14,277,0,4,4,ok,,2.847,n-62-31-5,29004605,2026-08-02T16:58:49+0200
49d635891f828cda,auto-7202408d73d7,v233_f@9713344,v233_f,9713344,janus@8a1e7a1,janus,8a1e7a1,crossfire,official,1,0,rating,b,b,0.0,core_destroyed,35,,112,140,4,7,6,120,11,13,ok,,2.925,n-62-29-14,29004605,2026-08-02T16:59:21+0200
49e3fe04c6082a95,auto-7202408d73d7,e_final@9e77076,e_final,9e77076,janus@8a1e7a1,janus,8a1e7a1,strait,official,1,0,rating,b,b,0.0,core_destroyed,35,,2,0,9,5,30,100,11,10,ok,,3.278,n-62-28-28,29004605,2026-08-02T16:57:37+0200
4a1c02dde663e6f5,auto-7202408d73d7,lockin@9713344,lockin,9713344,janus@8a1e7a1,janus,8a1e7a1,duel,official,1,0,rating,b,b,0.0,core_destroyed,35,,248,50,7,3,122,130,8,11,ok,,3.282,n-62-30-23,29004605,2026-08-02T16:57:39+0200
4a28ebfd3766edb4,auto-7202408d73d7,janus@8a1e7a1,janus,8a1e7a1,v233_f@9713344,v233_f,9713344,strait,official,1,0,rating,a,a,1.0,core_destroyed,71,,20,260,12,13,74,190,4,13,ok,,4.247,n-62-29-18,29004605,2026-08-02T16:59:20+0200
4a42fb3bc9639222,auto-7202408d73d7,janus@8a1e7a1,janus,8a1e7a1,reaver@9713344,reaver,9713344,jackpot,official,1,0,rating,a,a,1.0,core_destroyed,63,,60,270,15,8,106,0,1,0,ok,,4.466,n-62-11-59,29004605,2026-08-02T16:57:32+0200
4a4f82ca0db3c0bc,auto-7202408d73d7,vg_v1@9713344,vg_v1,9713344,janus@8a1e7a1,janus,8a1e7a1,vault,official,1,0,rating,b,b,0.0,core_destroyed,59,,80,0,5,2,153,250,10,12,ok,,4.094,n-62-21-91,29004605,2026-08-02T16:59:00+0200
4a5be3c33da4dcc9,auto-7202408d73d7,janus@8a1e7a1,janus,8a1e7a1,attack_wave_v1@9713344,attack_wave_v1,9713344,showdown,official,1,0,rating,a,a,1.0,core_destroyed,22,,46,0,7,11,191,0,6,2,ok,,3.272,n-62-31-5,29004605,2026-08-02T16:57:12+0200
4a673a25e0021369,auto-7202408d73d7,turtle@9713344,turtle,9713344,janus@8a1e7a1,janus,8a1e7a1,twins,official,1,0,rating,b,b,0.0,core_destroyed,115,,90,350,10,16,549,820,8,46,ok,,4.819,n-62-31-23,29004605,2026-08-02T16:59:27+0200
4a70a15ca2b221c5,auto-7202408d73d7,undertow_oracle@75591b7,undertow_oracle,75591b7,janus@8a1e7a1,janus,8a1e7a1,skerry,official,1,0,rating,a,a,1.0,core_destroyed,52,,91,370,10,30,244,270,10,11,ok,,4.136,n-62-31-10,29004605,2026-08-02T16:59:30+0200
4a7ac8edac11ba93,auto-7202408d73d7,vanguard@c407e79,vanguard,c407e79,janus@8a1e7a1,janus,8a1e7a1,quarry,official,1,0,rating,b,b,0.0,core_destroyed,65,,27,210,11,10,119,380,10,20,ok,,4.759,n-62-31-16,29004605,2026-08-02T16:59:41+0200
4a86fe309791038e,auto-7202408d73d7,vanguard@818f3b4,vanguard,818f3b4,janus@8a1e7a1,janus,8a1e7a1,hive,official,1,0,rating,b,b,0.0,core_destroyed,42,,81,80,11,4,17,90,12,15,ok,,4.321,n-62-29-34,29004605,2026-08-02T16:58:43+0200
4aa1bb8503a22716,auto-7202408d73d7,janus@8a1e7a1,janus,8a1e7a1,autistimusprime@ecd4d24,autistimusprime,ecd4d24,vase,official,1,0,rating,a,a,1.0,core_destroyed,65,,73,120,9,15,44,0,8,0,ok,,4.428,n-62-31-23,29004605,2026-08-02T16:56:59+0200
4aa637a11c9b3340,auto-7202408d73d7,tempest@da3fd8a,tempest,da3fd8a,janus@8a1e7a1,janus,8a1e7a1,strait,official,1,0,rating,b,b,0.0,core_destroyed,36,,205,0,6,3,60,100,9,13,ok,,3.382,n-62-12-3,29004605,2026-08-02T16:57:55+0200
4aaf165cf1dbff30,auto-7202408d73d7,janus@8a1e7a1,janus,8a1e7a1,prospect_rushonly@bf9b3e3,prospect_rushonly,bf9b3e3,runestone,official,1,0,rating,b,b,0.0,core_destroyed,26,,8,30,11,5,18,40,11,7,ok,,4.161,n-62-11-54,29004605,2026-08-02T16:58:02+0200
4ad098dc4de0b911,auto-7202408d73d7,janus@8a1e7a1,janus,8a1e7a1,v233_e@9713344,v233_e,9713344,longship,official,1,0,rating,a,a,1.0,core_destroyed,44,,20,90,11,12,89,170,7,10,ok,,3.668,n-62-29-13,29004605,2026-08-02T16:58:20+0200
4ad84d34e9494b88,auto-7202408d73d7,janus@8a1e7a1,janus,8a1e7a1,casemate_oracle@902be71,casemate_oracle,902be71,quarry,official,1,0,rating,b,b,0.0,core_destroyed,52,,244,230,5,25,33,0,8,31,ok,,4.613,n-62-11-65,29004605,2026-08-02T16:57:39+0200
4ae7dc4a460d5c58,auto-7202408d73d7,jonbot@da3fd8a,jonbot,da3fd8a,janus@8a1e7a1,janus,8a1e7a1,duel,official,1,0,rating,b,b,0.0,core_destroyed,41,,156,60,7,9,39,170,9,12,ok,,3.324,n-62-29-31,29004605,2026-08-02T16:57:23+0200
4af955b3ce9acacf,auto-7202408d73d7,frontier_v2@9713344,frontier_v2,9713344,janus@8a1e7a1,janus,8a1e7a1,vase,official,1,0,rating,b,b,0.0,core_destroyed,47,,159,0,7,3,60,80,10,13,ok,,3.21,n-62-29-27,29004605,2026-08-02T16:57:30+0200
4b132189cba7e18c,auto-7202408d73d7,janus@8a1e7a1,janus,8a1e7a1,e_post2@4a95297,e_post2,4a95297,quarry,official,1,0,rating,a,a,1.0,core_destroyed,49,,20,40,10,20,77,0,9,3,ok,,4.214,n-62-28-35,29004605,2026-08-02T16:57:15+0200
4b2dca5e7ec55a91,auto-7202408d73d7,tempest_reinforcements@65ddc55,tempest_reinforcements,65ddc55,janus@8a1e7a1,janus,8a1e7a1,skerry,official,1,0,rating,a,a,1.0,core_destroyed,47,,16,100,11,5,296,190,7,5,ok,,4.254,n-62-21-62,29004605,2026-08-02T16:57:56+0200
4b51e919be00a91f,auto-7202408d73d7,undertow@fdc1e1f,undertow,fdc1e1f,janus@8a1e7a1,janus,8a1e7a1,hive,official,1,0,rating,b,b,0.0,core_destroyed,46,,7,180,10,17,35,110,11,17,ok,,3.736,n-62-11-65,29004605,2026-08-02T16:59:43+0200
4b5629e9ff4de6bd,auto-7202408d73d7,janus@8a1e7a1,janus,8a1e7a1,tempest_outer@fdc1e1f,tempest_outer,fdc1e1f,strait,official,1,0,rating,b,b,0.0,core_destroyed,32,,212,50,7,3,70,60,11,9,ok,,5.556,n-62-13-9,29004605,2026-08-02T16:57:26+0200
4b5b85cc1903b825,auto-7202408d73d7,vg_v7@9713344,vg_v7,9713344,janus@8a1e7a1,janus,8a1e7a1,showdown,official,1,0,rating,b,b,0.0,core_destroyed,28,,78,0,5,5,24,40,8,15,ok,,3.219,n-62-31-4,29004605,2026-08-02T16:58:46+0200
4b632e8ed85e472e,auto-7202408d73d7,tempest_picket@fdc1e1f,tempest_picket,fdc1e1f,janus@8a1e7a1,janus,8a1e7a1,sweden,official,1,0,rating,b,b,0.0,core_destroyed,72,,391,100,4,9,330,370,9,22,ok,,3.155,n-62-12-64,29004605,2026-08-02T16:57:39+0200
4b71754316119549,auto-7202408d73d7,baiter@9713344,baiter,9713344,janus@8a1e7a1,janus,8a1e7a1,vase,official,1,0,rating,b,b,0.0,core_destroyed,48,,128,0,5,3,70,80,8,14,ok,,3.634,n-62-11-60,29004605,2026-08-02T16:57:12+0200
4b87cddacb3e58cd,auto-7202408d73d7,lockin@9713344,lockin,9713344,janus@8a1e7a1,janus,8a1e7a1,runestone,official,1,0,rating,b,b,0.0,core_destroyed,27,,40,0,11,1,5,40,11,13,ok,,5.418,n-62-30-25,29004605,2026-08-02T16:57:20+0200
4b993aabd01e26b7,auto-7202408d73d7,v233_b@9713344,v233_b,9713344,janus@8a1e7a1,janus,8a1e7a1,sprint,official,1,0,rating,b,b,0.0,core_destroyed,30,,95,30,2,2,14,90,9,14,ok,,2.537,n-62-28-34,29004605,2026-08-02T16:58:41+0200
4ba46f87dbd42032,auto-7202408d73d7,janus@8a1e7a1,janus,8a1e7a1,v233_d@9713344,v233_d,9713344,bridge,official,1,0,rating,b,b,0.0,core_destroyed,90,,60,70,10,22,58,70,9,16,ok,,3.471,n-62-29-28,29004605,2026-08-02T16:58:42+0200
4bae62914261e180,auto-7202408d73d7,mistral@ba943b9,mistral,ba943b9,janus@8a1e7a1,janus,8a1e7a1,pinch,official,1,0,rating,a,a,1.0,core_destroyed,28,,57,0,10,1,46,60,9,10,ok,,4.554,n-62-31-19,29004605,2026-08-02T16:57:04+0200
4bc9fa6c8044db9f,auto-7202408d73d7,janus@8a1e7a1,janus,8a1e7a1,v233_e@9713344,v233_e,9713344,runestone,official,1,0,rating,a,a,1.0,core_destroyed,39,,14,70,11,13,81,130,10,13,ok,,3.58,n-62-29-13,29004605,2026-08-02T16:58:42+0200
4be71f43e20ec405,auto-7202408d73d7,vg_v1@9713344,vg_v1,9713344,janus@8a1e7a1,janus,8a1e7a1,longship,official,1,0,rating,b,b,0.0,core_destroyed,35,,98,60,6,8,23,100,11,9,ok,,3.482,n-62-11-55,29004605,2026-08-02T16:58:38+0200
4c15973fed2c8d1a,auto-7202408d73d7,undertow_1ac7ac4@da3fd8a,undertow_1ac7ac4,da3fd8a,janus@8a1e7a1,janus,8a1e7a1,skerry,official,1,0,rating,b,b,0.0,core_destroyed,43,,56,260,11,11,136,210,10,10,ok,,3.966,n-62-21-92,29004605,2026-08-02T16:59:10+0200
4c224250e6bdb444,auto-7202408d73d7,vanguard@818f3b4,vanguard,818f3b4,janus@8a1e7a1,janus,8a1e7a1,aurora,official,1,0,rating,b,b,0.0,core_destroyed,49,,110,200,9,8,7,170,14,10,ok,,4.45,n-62-29-32,29004605,2026-08-02T16:59:30+0200
4c31456ea77680f3,auto-7202408d73d7,janus@8a1e7a1,janus,8a1e7a1,attack_wave_v1@9713344,attack_wave_v1,9713344,jackpot,official,1,0,rating,a,a,1.0,core_destroyed,48,,153,190,11,8,226,0,6,3,ok,,3.602,n-62-31-4,29004605,2026-08-02T16:57:49+0200
4c561c73911600d4,auto-7202408d73d7,janus@8a1e7a1,janus,8a1e7a1,vg_v2@9713344,vg_v2,9713344,crossfire,official,1,0,rating,a,a,1.0,core_destroyed,35,,15,120,10,11,93,0,3,5,ok,,3.111,n-62-21-91,29004605,2026-08-02T16:59:32+0200
4c6cb48712ca2fc9,auto-7202408d73d7,janus@8a1e7a1,janus,8a1e7a1,e_condc@6db8844,e_condc,6db8844,string,official,1,0,rating,a,a,1.0,core_destroyed,52,,201,370,11,11,71,0,7,7,ok,,3.599,n-62-21-99,29004605,2026-08-02T16:57:36+0200
4c847032deac9dd0,auto-7202408d73d7,tempest_reinforcements@65ddc55,tempest_reinforcements,65ddc55,janus@8a1e7a1,janus,8a1e7a1,twins,official,1,0,rating,a,a,1.0,core_destroyed,31,,19,60,9,5,29,50,12,6,ok,,4.427,n-62-21-63,29004605,2026-08-02T16:57:14+0200
4ca6023b31032756,auto-7202408d73d7,gobbleglitch@e808e1d,gobbleglitch,e808e1d,janus@8a1e7a1,janus,8a1e7a1,strait,official,1,0,rating,a,a,1.0,core_destroyed,31,,20,0,9,8,134,50,9,8,ok,,3.421,n-62-29-29,29004605,2026-08-02T16:57:09+0200
4cbd4128850ca718,auto-7202408d73d7,e9cand@9e77076,e9cand,9e77076,janus@8a1e7a1,janus,8a1e7a1,quarry,official,1,0,rating,b,b,0.0,core_destroyed,50,,115,0,10,1,60,30,8,19,ok,,3.624,n-62-21-104,29004605,2026-08-02T16:58:08+0200
4cbd65398db668fa,auto-7202408d73d7,siege_v1@9713344,siege_v1,9713344,janus@8a1e7a1,janus,8a1e7a1,duel,official,1,0,rating,b,b,0.0,core_destroyed,28,,183,0,6,2,39,100,11,11,ok,,3.18,n-62-21-90,29004605,2026-08-02T16:57:22+0200
4cbeef47262db307,auto-7202408d73d7,janus@8a1e7a1,janus,8a1e7a1,undertow_oracle@75591b7,undertow_oracle,75591b7,sprint,official,1,0,rating,a,a,1.0,core_destroyed,47,,17,140,10,19,49,60,5,5,ok,,4.119,n-62-31-10,29004605,2026-08-02T16:59:34+0200
4cca219ec673f5f5,auto-7202408d73d7,janus@8a1e7a1,janus,8a1e7a1,siege_v1@9713344,siege_v1,9713344,duel,official,1,0,rating,a,a,1.0,core_destroyed,36,,36,140,11,16,203,0,4,3,ok,,3.265,n-62-21-90,29004605,2026-08-02T16:57:19+0200
4ccb51c0dbab7acb,auto-7202408d73d7,janus@8a1e7a1,janus,8a1e7a1,opponent_luc@e83a42c,opponent_luc,e83a42c,longship,official,1,0,rating,a,a,1.0,core_destroyed,32,,20,60,12,12,84,60,9,8,ok,,5.747,n-62-11-51,29004605,2026-08-02T16:57:18+0200
4ccdfbe0896908aa,auto-7202408d73d7,janus@8a1e7a1,janus,8a1e7a1,vanguard@9932bec,vanguard,9932bec,duel,official,1,0,rating,a,a,1.0,core_destroyed,51,,89,230,8,23,97,220,8,11,ok,,3.155,n-62-30-23,29004605,2026-08-02T16:58:30+0200
4ced42f15d80463d,auto-7202408d73d7,titanium_v1@9713344,titanium_v1,9713344,janus@8a1e7a1,janus,8a1e7a1,string,official,1,0,rating,b,b,0.0,core_destroyed,90,,497,0,1,1,96,460,10,16,ok,,3.737,n-62-31-22,29004605,2026-08-02T16:58:31+0200
4cf24596c38eb71d,auto-7202408d73d7,janus@8a1e7a1,janus,8a1e7a1,tempest_reinforcements@edf93ad,tempest_reinforcements,edf93ad,fjord,official,1,0,rating,a,a,1.0,core_destroyed,50,,15,210,12,6,22,70,11,2,ok,,5.114,n-62-21-68,29004605,2026-08-02T16:57:10+0200
4cf3155ebe9880af,auto-7202408d73d7,tempest_reinforcements@3d5ab38,tempest_reinforcements,3d5ab38,janus@8a1e7a1,janus,8a1e7a1,skerry,official,1,0,rating,b,b,0.0,core_destroyed,41,,9,160,12,8,81,160,9,6,ok,,4.51,n-62-21-57,29004605,2026-08-02T16:57:36+0200
4cf732a0cf03be27,auto-7202408d73d7,janus@8a1e7a1,janus,8a1e7a1,undertow@9713344,undertow,9713344,vase,official,1,0,rating,a,a,1.0,core_destroyed,49,,220,80,8,7,137,70,9,6,ok,,3.208,n-62-11-60,29004605,2026-08-02T16:59:28+0200
4cf9b350b9e5f6f1,auto-7202408d73d7,tempest_blindfire@fdc1e1f,tempest_blindfire,fdc1e1f,janus@8a1e7a1,janus,8a1e7a1,skerry,official,1,0,rating,b,b,0.0,core_destroyed,39,,85,0,8,2,76,150,11,9,ok,,4.134,n-62-21-4,29004605,2026-08-02T16:57:45+0200
4d0a053c9650a765,auto-7202408d73d7,janus@8a1e7a1,janus,8a1e7a1,tempest_reinforcements@65ddc55,tempest_reinforcements,65ddc55,sweden,official,1,0,rating,b,b,0.0,core_destroyed,42,,99,130,6,26,10,0,10,6,ok,,3.743,n-62-21-63,29004605,2026-08-02T16:56:58+0200
4d1dc14b5953ad5c,auto-7202408d73d7,tempest_blindfire@fdc1e1f,tempest_blindfire,fdc1e1f,janus@8a1e7a1,janus,8a1e7a1,vault,official,1,0,rating,a,a,1.0,core_destroyed,40,,42,0,13,3,285,150,9,5,ok,,4.062,n-62-21-8,29004605,2026-08-02T16:57:19+0200
4d2276e5e7f6811a,auto-7202408d73d7,v233_a@9713344,v233_a,9713344,janus@8a1e7a1,janus,8a1e7a1,fjord,official,1,0,rating,b,b,0.0,core_destroyed,36,,127,150,6,9,30,190,12,11,ok,,3.737,n-62-28-35,29004605,2026-08-02T16:59:05+0200
4d26896ef113c539,auto-7202408d73d7,janus@8a1e7a1,janus,8a1e7a1,casemate_oracle@902be71,casemate_oracle,902be71,hive,official,1,0,rating,b,b,0.0,core_destroyed,47,,108,130,10,13,40,0,6,16,ok,,5.757,n-62-11-65,29004605,2026-08-02T16:57:00+0200
4d345255edb33f41,auto-7202408d73d7,tempest_reinforcements@e1dc316,tempest_reinforcements,e1dc316,janus@8a1e7a1,janus,8a1e7a1,sweden,official,1,0,rating,b,b,0.0,titanium_collected,1000,,5606,4790,27,11,8834,7330,12,22,ok,,25.381,n-62-21-67,29004605,2026-08-02T16:57:47+0200
4d4251dcaa997515,auto-7202408d73d7,janus@8a1e7a1,janus,8a1e7a1,vg_v1@9713344,vg_v1,9713344,twins,official,1,0,rating,a,a,1.0,core_destroyed,60,,33,250,12,20,98,250,7,13,ok,,4.368,n-62-21-91,29004605,2026-08-02T16:58:40+0200
4d4a8d2cf6a6ef5c,auto-7202408d73d7,v233_i@902be71,v233_i,902be71,janus@8a1e7a1,janus,8a1e7a1,atoll,official,1,0,rating,a,a,1.0,core_destroyed,49,,58,210,10,6,10,190,12,8,ok,,4.032,n-62-29-29,29004605,2026-08-02T16:59:09+0200
4d4e7866a25a3d8e,auto-7202408d73d7,vg_v3@9713344,vg_v3,9713344,janus@8a1e7a1,janus,8a1e7a1,quarry,official,1,0,rating,b,b,0.0,core_destroyed,79,,55,110,7,8,63,530,9,31,ok,,3.985,n-62-12-6,29004605,2026-08-02T16:59:15+0200
4d5362cd9112f5c0,auto-7202408d73d7,undertow_oracle@fdc1e1f,undertow_oracle,fdc1e1f,janus@8a1e7a1,janus,8a1e7a1,pinch,official,1,0,rating,b,b,0.0,core_destroyed,41,,0,130,11,23,35,150,11,14,ok,,4.159,n-62-21-103,29004605,2026-08-02T16:59:03+0200
4d5f5aaf5147737e,auto-7202408d73d7,janus@8a1e7a1,janus,8a1e7a1,prospect@bf9b3e3,prospect,bf9b3e3,string,official,1,0,rating,a,a,1.0,core_destroyed,60,,141,80,4,3,228,330,10,17,ok,,3.466,n-62-11-57,29004605,2026-08-02T16:57:06+0200
4d8a75b2173749fb,auto-7202408d73d7,e_post2@4a95297,e_post2,4a95297,janus@8a1e7a1,janus,8a1e7a1,strait,official,1,0,rating,b,b,0.0,core_destroyed,41,,101,0,10,0,23,120,11,17,ok,,4.178,n-62-28-35,29004605,2026-08-02T16:57:58+0200
4da9aeebe8102326,auto-7202408d73d7,tempest_reinforcements@e1dc316,tempest_reinforcements,e1dc316,janus@8a1e7a1,janus,8a1e7a1,quarry,official,1,0,rating,b,b,0.0,core_destroyed,60,,17,0,6,5,22,210,12,10,ok,,5.147,n-62-21-66,29004605,2026-08-02T16:58:01+0200
4dbc2f58e83e9b37,auto-7202408d73d7,janus@8a1e7a1,janus,8a1e7a1,vigil@18b749d,vigil,18b749d,quarry,official,1,0,rating,b,b,0.0,core_destroyed,44,,68,50,11,9,27,70,10,15,ok,,4.458,n-62-21-13,29004605,2026-08-02T16:58:36+0200
4dc4a6d94babc727,auto-7202408d73d7,titanium_v1@9713344,titanium_v1,9713344,janus@8a1e7a1,janus,8a1e7a1,bridge,official,1,0,rating,b,b,0.0,core_destroyed,71,,403,0,4,3,384,370,7,17,ok,,2.997,n-62-31-5,29004605,2026-08-02T16:58:07+0200
4dc6d893537e4255,auto-7202408d73d7,vg_v3@9713344,vg_v3,9713344,janus@8a1e7a1,janus,8a1e7a1,vault,official,1,0,rating,b,b,0.0,core_destroyed,61,,116,0,5,4,218,260,9,12,ok,,2.999,n-62-12-5,29004605,2026-08-02T16:59:19+0200
4dde85ad0ec2fd3b,auto-7202408d73d7,casemate@902be71,casemate,902be71,janus@8a1e7a1,janus,8a1e7a1,bridge,official,1,0,rating,b,b,0.0,core_destroyed,96,,233,0,5,18,290,560,10,15,ok,,4.162,n-62-11-60,29004605,2026-08-02T16:57:58+0200
4e00415dc783c332,auto-7202408d73d7,janus@8a1e7a1,janus,8a1e7a1,undertow@fdc1e1f,undertow,fdc1e1f,vase,official,1,0,rating,a,a,1.0,core_destroyed,44,,198,70,8,7,107,50,9,6,ok,,3.191,n-62-11-68,29004605,2026-08-02T16:58:19+0200
4e1caaa78f9df52c,auto-7202408d73d7,tempest_frontier@fdc1e1f,tempest_frontier,fdc1e1f,janus@8a1e7a1,janus,8a1e7a1,longship,official,1,0,rating,b,b,0.0,core_destroyed,34,,157,60,8,6,10,90,10,9,ok,,4.0,n-62-21-23,29004605,2026-08-02T16:57:30+0200
4e21dc17c5ab4d3c,auto-7202408d73d7,janus@8a1e7a1,janus,8a1e7a1,tempest_reinforcements@e1dc316,tempest_reinforcements,e1dc316,longship,official,1,0,rating,a,a,1.0,core_destroyed,40,,19,80,13,11,58,70,9,9,ok,,4.672,n-62-21-66,29004605,2026-08-02T16:57:37+0200
4e233cf0ec3ddf3d,auto-7202408d73d7,janus@8a1e7a1,janus,8a1e7a1,prospect@bf9b3e3,prospect,bf9b3e3,jackpot,official,1,0,rating,b,b,0.0,core_destroyed,192,,116,390,5,4,66,890,24,28,ok,,9.408,n-62-11-56,29004605,2026-08-02T16:57:22+0200
4e40418620573fdb,auto-7202408d73d7,vanguard@da3fd8a,vanguard,da3fd8a,janus@8a1e7a1,janus,8a1e7a1,twins,official,1,0,rating,b,b,0.0,core_destroyed,40,,120,210,7,14,58,160,10,12,ok,,3.404,n-62-31-15,29004605,2026-08-02T16:59:37+0200
4e59fc6a72211b61,auto-7202408d73d7,uw_v1@9713344,uw_v1,9713344,janus@8a1e7a1,janus,8a1e7a1,sprint,official,1,0,rating,b,b,0.0,core_destroyed,59,,85,0,1,3,82,460,11,27,ok,,3.635,n-62-21-98,29004605,2026-08-02T16:58:19+0200
4e6471f329d059b9,auto-7202408d73d7,janus@8a1e7a1,janus,8a1e7a1,tempest_reinforcements@e1dc316,tempest_reinforcements,e1dc316,jackpot,official,1,0,rating,b,b,0.0,core_destroyed,119,,114,550,1,7,60,280,19,9,ok,,8.751,n-62-21-66,29004605,2026-08-02T16:57:25+0200
4e67a4e7e50f1413,auto-7202408d73d7,vanguard_oracle@902be71,vanguard_oracle,902be71,janus@8a1e7a1,janus,8a1e7a1,bridge,official,1,0,rating,a,a,1.0,core_destroyed,84,,194,160,11,9,98,40,9,15,ok,,3.881,n-62-11-51,29004605,2026-08-02T16:59:00+0200
4ea6152dfef82572,auto-7202408d73d7,uw_v1@9713344,uw_v1,9713344,janus@8a1e7a1,janus,8a1e7a1,pinch,official,1,0,rating,b,b,0.0,core_destroyed,43,,95,80,4,11,20,170,10,16,ok,,3.175,n-62-21-97,29004605,2026-08-02T16:59:22+0200
4eacd1ed6283803e,auto-7202408d73d7,vanguard@9932bec,vanguard,9932bec,janus@8a1e7a1,janus,8a1e7a1,string,official,1,0,rating,a,a,1.0,core_destroyed,57,,124,210,8,16,89,130,8,2,ok,,3.721,n-62-30-25,29004605,2026-08-02T16:58:55+0200
4ec2dce77b6e052f,auto-7202408d73d7,vanguard_oracle@fdc1e1f,vanguard_oracle,fdc1e1f,janus@8a1e7a1,janus,8a1e7a1,twins,official,1,0,rating,b,b,0.0,core_destroyed,39,,18,0,8,6,33,70,11,7,ok,,4.177,n-62-11-54,29004605,2026-08-02T16:58:31+0200
4f1bffded3dadcb0,auto-7202408d73d7,claude_challenger_3@fdc1e1f,claude_challenger_3,fdc1e1f,janus@8a1e7a1,janus,8a1e7a1,longship,official,1,0,rating,b,b,0.0,core_destroyed,43,,118,80,9,7,28,80,11,14,ok,,5.598,n-62-31-11,29004605,2026-08-02T16:57:57+0200
4f416a349ee175b4,auto-7202408d73d7,casemate_oracle@902be71,casemate_oracle,902be71,janus@8a1e7a1,janus,8a1e7a1,pinch,official,1,0,rating,a,a,1.0,core_destroyed,28,,11,0,8,16,220,50,6,8,ok,,3.81,n-62-11-65,29004605,2026-08-02T16:57:34+0200
4f6989a3ab24f9a2,auto-7202408d73d7,janus@8a1e7a1,janus,8a1e7a1,tempest_reinforcements@e1dc316,tempest_reinforcements,e1dc316,vault,official,1,0,rating,b,b,0.0,core_destroyed,46,,284,170,8,6,3,180,13,10,ok,,5.099,n-62-21-67,29004605,2026-08-02T16:58:13+0200
4f871abb4e5a4f1f,auto-7202408d73d7,frontier_v1@9713344,frontier_v1,9713344,janus@8a1e7a1,janus,8a1e7a1,vault,official,1,0,rating,b,b,0.0,core_destroyed,42,,11,0,12,1,170,170,10,6,ok,,3.793,n-62-29-18,29004605,2026-08-02T16:57:35+0200
4f9cf5ba47ed5d31,auto-7202408d73d7,janus@8a1e7a1,janus,8a1e7a1,vg_v1@9713344,vg_v1,9713344,showdown,official,1,0,rating,a,a,1.0,core_destroyed,30,,18,30,8,16,123,0,7,5,ok,,2.666,n-62-11-55,29004605,2026-08-02T16:59:02+0200
500023d236ed99ef,auto-7202408d73d7,janus@8a1e7a1,janus,8a1e7a1,vg_v6@9713344,vg_v6,9713344,twins,official,1,0,rating,a,a,1.0,core_destroyed,152,,485,1180,12,63,133,560,7,20,ok,,6.305,n-62-21-8,29004605,2026-08-02T16:59:39+0200
500c365286bbe37b,auto-7202408d73d7,opponent_luc@e83a42c,opponent_luc,e83a42c,janus@8a1e7a1,janus,8a1e7a1,aurora,official,1,0,rating,b,b,0.0,core_destroyed,35,,1,0,12,1,12,100,12,11,ok,,6.53,n-62-11-50,29004605,2026-08-02T16:58:06+0200
500edb21ec2b5927,auto-7202408d73d7,claude_challenger_3@fdc1e1f,claude_challenger_3,fdc1e1f,janus@8a1e7a1,janus,8a1e7a1,sprint,official,1,0,rating,b,b,0.0,core_destroyed,44,,266,0,4,4,104,240,9,23,ok,,3.704,n-62-21-103,29004605,2026-08-02T16:57:13+0200
5010517358e90b3d,auto-7202408d73d7,vg_v3@9713344,vg_v3,9713344,janus@8a1e7a1,janus,8a1e7a1,showdown,official,1,0,rating,b,b,0.0,core_destroyed,28,,78,0,5,5,24,40,8,15,ok,,2.94,n-62-12-6,29004605,2026-08-02T16:59:28+0200
5015eb0e72afb5b7,auto-7202408d73d7,tempest_reinforcements@51ad530,tempest_reinforcements,51ad530,janus@8a1e7a1,janus,8a1e7a1,vault,official,1,0,rating,a,a,1.0,core_destroyed,40,,41,90,11,6,338,150,7,5,ok,,4.946,n-62-21-61,29004605,2026-08-02T16:57:27+0200
503b428742dd79ba,auto-7202408d73d7,janus@8a1e7a1,janus,8a1e7a1,vanguard@818f3b4,vanguard,818f3b4,atoll,official,1,0,rating,b,b,0.0,core_destroyed,38,,120,130,11,6,60,150,9,6,ok,,4.104,n-62-29-32,29004605,2026-08-02T16:59:17+0200
508ebdf290300703,auto-7202408d73d7,riptide@9713344,riptide,9713344,janus@8a1e7a1,janus,8a1e7a1,skerry,official,1,0,rating,b,b,0.0,core_destroyed,40,,114,0,7,4,99,200,10,14,ok,,3.793,n-62-21-89,29004605,2026-08-02T16:57:09+0200
50a830bb08386d06,auto-7202408d73d7,v233_b@9713344,v233_b,9713344,janus@8a1e7a1,janus,8a1e7a1,string,official,1,0,rating,b,b,0.0,core_destroyed,77,,102,0,2,2,98,440,9,14,ok,,3.675,n-62-28-34,29004605,2026-08-02T16:59:01+0200
50ddcb08f4e603a4,auto-7202408d73d7,janus@8a1e7a1,janus,8a1e7a1,v233_c@9713344,v233_c,9713344,aurora,official,1,0,rating,a,a,1.0,core_destroyed,41,,2,80,13,10,75,80,6,9,ok,,3.825,n-62-29-20,29004605,2026-08-02T16:58:26+0200
50ea25c13e12d3eb,auto-7202408d73d7,vanguard@da3fd8a,vanguard,da3fd8a,janus@8a1e7a1,janus,8a1e7a1,sprint,official,1,0,rating,b,b,0.0,core_destroyed,45,,63,0,6,6,22,140,9,16,ok,,3.122,n-62-31-15,29004605,2026-08-02T16:58:52+0200
50eeeaea1c0168d6,auto-7202408d73d7,tempest_sentinel@fdc1e1f,tempest_sentinel,fdc1e1f,janus@8a1e7a1,janus,8a1e7a1,longship,official,1,0,rating,b,b,0.0,core_destroyed,34,,254,60,5,7,10,90,11,9,ok,,3.489,n-62-21-71,29004605,2026-08-02T16:57:42+0200
5139bbd6ad632ff8,auto-7202408d73d7,janus@8a1e7a1,janus,8a1e7a1,vanguard_oracle@902be71,vanguard_oracle,902be71,string,official,1,0,rating,b,b,0.0,core_destroyed,129,,98,310,10,4,428,760,11,12,ok,,4.885,n-62-11-56,29004605,2026-08-02T16:59:24+0200
51449bdfa2dfe935,auto-7202408d73d7,janus@8a1e7a1,janus,8a1e7a1,undertow_1ac7ac4@da3fd8a,undertow_1ac7ac4,da3fd8a,strait,official,1,0,rating,b,b,0.0,core_destroyed,54,,43,110,12,9,103,270,9,19,ok,,4.135,n-62-21-92,29004605,2026-08-02T16:59:22+0200
514747a85e62e6b3,auto-7202408d73d7,vanguard_oracle@75591b7,vanguard_oracle,75591b7,janus@8a1e7a1,janus,8a1e7a1,twins,official,1,0,rating,b,b,0.0,core_destroyed,54,,58,180,9,8,10,90,11,6,ok,,4.662,n-62-11-50,29004605,2026-08-02T16:59:39+0200
51639bbe493dd441,auto-7202408d73d7,janus@8a1e7a1,janus,8a1e7a1,turtle@9713344,turtle,9713344,bridge,official,1,0,rating,a,a,1.0,core_destroyed,66,,165,340,9,19,96,50,4,15,ok,,3.019,n-62-31-21,29004605,2026-08-02T16:58:15+0200
516dde26d29cdabb,auto-7202408d73d7,janus@8a1e7a1,janus,8a1e7a1,casemate@902be71,casemate,902be71,crossfire,official,1,0,rating,a,a,1.0,core_destroyed,35,,38,120,9,10,17,0,7,19,ok,,3.543,n-62-11-60,29004605,2026-08-02T16:58:02+0200
5180fc3c042e1adf,auto-7202408d73d7,janus@8a1e7a1,janus,8a1e7a1,tempest_fast@eb1f0f3,tempest_fast,eb1f0f3,vase,official,1,0,rating,b,b,0.0,core_destroyed,32,,92,40,8,6,119,0,7,6,ok,,3.324,n-62-21-13,29004605,2026-08-02T16:57:14+0200
5191cba72689981f,auto-7202408d73d7,janus@8a1e7a1,janus,8a1e7a1,casemate@902be71,casemate,902be71,longship,official,1,0,rating,a,a,1.0,core_destroyed,33,,8,60,11,12,60,0,5,23,ok,,3.34,n-62-11-61,29004605,2026-08-02T16:57:06+0200
51cdb2682f6b7af0,auto-7202408d73d7,janus@8a1e7a1,janus,8a1e7a1,casemate_oracle@902be71,casemate_oracle,902be71,jackpot,official,1,0,rating,a,a,1.0,core_destroyed,81,,177,370,13,8,249,0,5,5,ok,,5.457,n-62-11-65,29004605,2026-08-02T16:57:11+0200
51e3ee639eee5c46,auto-7202408d73d7,janus@8a1e7a1,janus,8a1e7a1,vg_v7@9713344,vg_v7,9713344,string,official,1,0,rating,a,a,1.0,core_destroyed,51,,104,370,10,12,100,0,1,1,ok,,3.554,n-62-31-4,29004605,2026-08-02T16:59:30+0200
521c3883cc23992a,auto-7202408d73d7,v233_i@902be71,v233_i,902be71,janus@8a1e7a1,janus,8a1e7a1,string,official,1,0,rating,a,a,1.0,core_destroyed,55,,60,130,13,5,92,80,5,1,ok,,4.343,n-62-29-32,29004605,2026-08-02T16:58:39+0200
521c5b24a8eb3bc1,auto-7202408d73d7,janus@8a1e7a1,janus,8a1e7a1,tempest_reinforcements@e1dc316,tempest_reinforcements,e1dc316,twins,official,1,0,rating,a,a,1.0,core_destroyed,43,,25,150,9,20,24,70,11,8,ok,,4.243,n-62-21-67,29004605,2026-08-02T16:57:51+0200
522af0dca28bcf31,auto-7202408d73d7,janus@8a1e7a1,janus,8a1e7a1,v233_f@9713344,v233_f,9713344,skerry,official,1,0,rating,a,a,1.0,core_destroyed,57,,14,270,11,13,102,300,6,7,ok,,4.062,n-62-29-18,29004605,2026-08-02T16:59:07+0200
522bcc538f8c1d4e,auto-7202408d73d7,turtle@9713344,turtle,9713344,janus@8a1e7a1,janus,8a1e7a1,strait,official,1,0,rating,b,b,0.0,core_destroyed,119,,155,270,4,15,396,910,10,51,ok,,4.858,n-62-31-23,29004605,2026-08-02T16:58:50+0200
523c01244ed00606,auto-7202408d73d7,janus@8a1e7a1,janus,8a1e7a1,undertow@fdc1e1f,undertow,fdc1e1f,quarry,official,1,0,rating,b,b,0.0,core_destroyed,61,,230,320,9,25,64,270,10,24,ok,,3.555,n-62-11-66,29004605,2026-08-02T16:58:30+0200
52626ef69586dc50,auto-7202408d73d7,janus@8a1e7a1,janus,8a1e7a1,tempest_frontier@fdc1e1f,tempest_frontier,fdc1e1f,pinch,official,1,0,rating,b,b,0.0,core_destroyed,28,,111,60,7,9,10,0,12,4,ok,,4.025,n-62-21-23,29004605,2026-08-02T16:57:34+0200
5262cf066c5e5f83,auto-7202408d73d7,janus@8a1e7a1,janus,8a1e7a1,vanguard@818f3b4,vanguard,818f3b4,jackpot,official,1,0,rating,a,a,1.0,core_destroyed,64,,72,270,11,8,77,210,11,6,ok,,4.515,n-62-29-34,29004605,2026-08-02T16:58:48+0200
5273b9b920ae06db,auto-7202408d73d7,v233_f@9713344,v233_f,9713344,janus@8a1e7a1,janus,8a1e7a1,quarry,official,1,0,rating,a,a,1.0,core_destroyed,89,,68,510,14,24,283,620,9,35,ok,,5.045,n-62-29-18,29004605,2026-08-02T16:58:49+0200
52bd4c3cf75fa92d,auto-7202408d73d7,jonbot_190003d@da3fd8a,jonbot_190003d,da3fd8a,janus@8a1e7a1,janus,8a1e7a1,runestone,official,1,0,rating,b,b,0.0,core_destroyed,28,,200,40,5,9,13,40,11,13,ok,,3.119,n-62-29-5,29004605,2026-08-02T16:57:01+0200
52c3d6a7d5961402,auto-7202408d73d7,janus@8a1e7a1,janus,8a1e7a1,undertow@fdc1e1f,undertow,fdc1e1f,atoll,official,1,0,rating,a,a,1.0,core_destroyed,72,,385,310,6,10,27,200,16,12,ok,,5.092,n-62-11-65,29004605,2026-08-02T16:58:48+0200
52c56af997e20593,auto-7202408d73d7,casemate_oracle@902be71,casemate_oracle,902be71,janus@8a1e7a1,janus,8a1e7a1,longship,official,1,0,rating,b,b,0.0,core_destroyed,40,,195,0,6,16,20,120,11,9,ok,,4.833,n-62-11-65,29004605,2026-08-02T16:57:27+0200
52cef2ea348ff1ba,auto-7202408d73d7,lockin@9713344,lockin,9713344,janus@8a1e7a1,janus,8a1e7a1,showdown,official,1,0,rating,b,b,0.0,core_destroyed,20,,550,0,0,0,53,0,7,11,ok,,2.048,n-62-30-25,29004605,2026-08-02T16:57:24+0200
52d20967255c67bb,auto-7202408d73d7,janus@8a1e7a1,janus,8a1e7a1,casemate_oracle@902be71,casemate_oracle,902be71,twins,official,1,0,rating,b,b,0.0,core_destroyed,30,,193,40,6,4,28,0,10,14,ok,,3.888,n-62-11-66,29004605,2026-08-02T16:57:18+0200
52eddb77c92ef92e,auto-7202408d73d7,janus@8a1e7a1,janus,8a1e7a1,undertow_oracle@75591b7,undertow_oracle,75591b7,vault,official,1,0,rating,b,b,0.0,core_destroyed,44,,345,160,7,6,58,180,14,7,ok,,4.287,n-62-31-11,29004605,2026-08-02T16:59:33+0200
52fe43a4d32e43cb,auto-7202408d73d7,titanium_v1@9713344,titanium_v1,9713344,janus@8a1e7a1,janus,8a1e7a1,skerry,official,1,0,rating,b,b,0.0,core_destroyed,39,,292,0,4,4,85,180,10,13,ok,,2.496,n-62-31-22,29004605,2026-08-02T16:58:12+0200
5314a72cc613d0d3,auto-7202408d73d7,siege_v2@9713344,siege_v2,9713344,janus@8a1e7a1,janus,8a1e7a1,runestone,official,1,0,rating,b,b,0.0,core_destroyed,28,,173,0,5,3,13,40,11,13,ok,,3.832,n-62-12-1,29004605,2026-08-02T16:57:10+0200
531cb3cb5815575e,auto-7202408d73d7,undertow@da3fd8a,undertow,da3fd8a,janus@8a1e7a1,janus,8a1e7a1,jackpot,official,1,0,rating,b,b,0.0,core_destroyed,54,,81,200,11,6,60,230,14,8,ok,,4.029,n-62-11-61,29004605,2026-08-02T16:59:21+0200
5325ff225f2c65ed,auto-7202408d73d7,tempest_reinforcements@edf93ad,tempest_reinforcements,edf93ad,janus@8a1e7a1,janus,8a1e7a1,jackpot,official,1,0,rating,a,a,1.0,core_destroyed,113,,32,430,17,12,106,510,6,7,ok,,6.867,n-62-21-68,29004605,2026-08-02T16:57:39+0200
53265afc90cc30a6,auto-7202408d73d7,janus@8a1e7a1,janus,8a1e7a1,uw_v2@9713344,uw_v2,9713344,hive,official,1,0,rating,a,a,1.0,core_destroyed,85,,38,420,13,29,81,160,4,7,ok,,4.878,n-62-21-99,29004605,2026-08-02T16:58:43+0200
53474468f2e153cf,auto-7202408d73d7,vanguard_oracle@902be71,vanguard_oracle,902be71,janus@8a1e7a1,janus,8a1e7a1,runestone,official,1,0,rating,b,b,0.0,core_destroyed,28,,68,80,10,10,18,40,10,9,ok,,3.986,n-62-11-56,29004605,2026-08-02T16:58:48+0200
5351bac19fb75902,auto-7202408d73d7,janus@8a1e7a1,janus,8a1e7a1,vanguard_oracle@fdc1e1f,vanguard_oracle,fdc1e1f,bridge,official,1,0,rating,b,b,0.0,core_destroyed,105,,86,320,6,15,68,230,10,7,ok,,3.949,n-62-11-57,29004605,2026-08-02T16:59:02+0200
53c164b137e2eefb,auto-7202408d73d7,janus@8a1e7a1,janus,8a1e7a1,claude_challenger_3@fdc1e1f,claude_challenger_3,fdc1e1f,sprint,official,1,0,rating,a,a,1.0,core_destroyed,31,,23,50,10,14,181,0,8,5,ok,,4.165,n-62-21-103,29004605,2026-08-02T16:57:09+0200
53db9fcc75544a32,auto-7202408d73d7,janus@8a1e7a1,janus,8a1e7a1,nemesis@9713344,nemesis,9713344,longship,official,1,0,rating,a,a,1.0,core_destroyed,200,,1853,2200,12,47,78,0,10,18,ok,,7.297,n-62-31-13,29004605,2026-08-02T16:57:17+0200
54044b8839c1f16e,auto-7202408d73d7,tempest_reinforcements@edf93ad,tempest_reinforcements,edf93ad,janus@8a1e7a1,janus,8a1e7a1,atoll,official,1,0,rating,a,a,1.0,core_destroyed,32,,20,70,11,6,224,100,7,6,ok,,3.741,n-62-21-67,29004605,2026-08-02T16:58:26+0200
54202db8854980eb,auto-7202408d73d7,janus@8a1e7a1,janus,8a1e7a1,tempest_reinforcements@51ad530,tempest_reinforcements,51ad530,twins,official,1,0,rating,a,a,1.0,core_destroyed,42,,2,80,13,9,10,0,9,4,ok,,5.458,n-62-21-61,29004605,2026-08-02T16:57:00+0200
5429a9e1ffd7aad2,auto-7202408d73d7,janus@8a1e7a1,janus,8a1e7a1,tempest_reinforcements@51ad530,tempest_reinforcements,51ad530,pinch,official,1,0,rating,b,b,0.0,core_destroyed,22,,274,30,4,4,10,30,11,8,ok,,3.289,n-62-21-60,29004605,2026-08-02T16:57:09+0200
54607133b2bcdcdc,auto-7202408d73d7,riptide@9713344,riptide,9713344,janus@8a1e7a1,janus,8a1e7a1,hive,official,1,0,rating,b,b,0.0,core_destroyed,73,,84,160,6,14,93,320,10,31,ok,,5.102,n-62-21-91,29004605,2026-08-02T16:58:15+0200
546b78a723a2ce86,auto-7202408d73d7,claude_challenger_2@fdc1e1f,claude_challenger_2,fdc1e1f,janus@8a1e7a1,janus,8a1e7a1,jackpot,official,1,0,rating,b,b,0.0,core_destroyed,39,,590,0,0,0,60,150,9,8,ok,,2.614,n-62-31-9,29004605,2026-08-02T16:57:28+0200
5478f090319f2be5,auto-7202408d73d7,prospect@bf9b3e3,prospect,bf9b3e3,janus@8a1e7a1,janus,8a1e7a1,atoll,official,1,0,rating,b,b,0.0,core_destroyed,44,,125,160,8,6,79,160,6,6,ok,,3.961,n-62-11-52,29004605,2026-08-02T16:57:41+0200
5486d5d0498f30af,auto-7202408d73d7,v233_f@9713344,v233_f,9713344,janus@8a1e7a1,janus,8a1e7a1,twins,official,1,0,rating,b,b,0.0,core_destroyed,50,,118,150,3,8,11,230,10,17,ok,,3.304,n-62-29-24,29004605,2026-08-02T16:58:38+0200
54979304249ae3c7,auto-7202408d73d7,reaver@9713344,reaver,9713344,janus@8a1e7a1,janus,8a1e7a1,fjord,official,1,0,rating,b,b,0.0,core_destroyed,38,,102,150,5,8,10,200,12,12,ok,,3.986,n-62-11-59,29004605,2026-08-02T16:57:18+0200
54abe8430c9d6b25,auto-7202408d73d7,janus@8a1e7a1,janus,8a1e7a1,vanguard@9932bec,vanguard,9932bec,atoll,official,1,0,rating,b,b,0.0,core_destroyed,38,,120,130,11,6,60,150,9,6,ok,,3.74,n-62-29-5,29004605,2026-08-02T16:59:17+0200
54adc3824c01125b,auto-7202408d73d7,tempest_outer@fdc1e1f,tempest_outer,fdc1e1f,janus@8a1e7a1,janus,8a1e7a1,vase,official,1,0,rating,a,a,1.0,core_destroyed,37,,87,0,7,6,59,0,6,5,ok,,4.77,n-62-13-9,29004605,2026-08-02T16:58:18+0200
54b01b1e95fe380b,auto-7202408d73d7,attack_wave_v1@9713344,attack_wave_v1,9713344,janus@8a1e7a1,janus,8a1e7a1,twins,official,1,0,rating,b,b,0.0,core_destroyed,34,,146,0,4,1,21,100,10,12,ok,,3.337,n-62-31-5,29004605,2026-08-02T16:58:00+0200
54d591348358b843,auto-7202408d73d7,janus@8a1e7a1,janus,8a1e7a1,vg_v7@9713344,vg_v7,9713344,runestone,official,1,0,rating,a,a,1.0,core_destroyed,50,,20,100,12,13,89,50,9,12,ok,,4.522,n-62-31-4,29004605,2026-08-02T16:58:36+0200
5500822164209eed,auto-7202408d73d7,tempest_reinforcements@51ad530,tempest_reinforcements,51ad530,janus@8a1e7a1,janus,8a1e7a1,hive,official,1,0,rating,b,b,0.0,core_destroyed,48,,10,90,8,10,40,100,11,10,ok,,4.994,n-62-21-59,29004605,2026-08-02T16:58:23+0200
553b77232a0e68be,auto-7202408d73d7,undertow@fdc1e1f,undertow,fdc1e1f,janus@8a1e7a1,janus,8a1e7a1,duel,official,1,0,rating,a,a,1.0,core_destroyed,41,,85,130,9,9,84,180,10,12,ok,,3.308,n-62-11-65,29004605,2026-08-02T16:59:26+0200
5543bd992de4be14,auto-7202408d73d7,janus@8a1e7a1,janus,8a1e7a1,tempest_reinforcements@87724ec,tempest_reinforcements,87724ec,aurora,official,1,0,rating,a,a,1.0,core_destroyed,39,,28,80,10,9,6,100,10,12,ok,,10.153,n-62-21-63,29004605,2026-08-02T16:57:52+0200
55473a9312cb34ec,auto-7202408d73d7,undertow_oracle@fdc1e1f,undertow_oracle,fdc1e1f,janus@8a1e7a1,janus,8a1e7a1,runestone,official,1,0,rating,b,b,0.0,core_destroyed,31,,63,90,8,14,3,40,11,14,ok,,3.477,n-62-21-103,29004605,2026-08-02T16:59:19+0200
554aa0a20f01baf8,auto-7202408d73d7,janus@8a1e7a1,janus,8a1e7a1,undertow_1ac7ac4@da3fd8a,undertow_1ac7ac4,da3fd8a,quarry,official,1,0,rating,b,b,0.0,core_destroyed,61,,230,320,9,25,64,270,10,24,ok,,3.595,n-62-21-92,29004605,2026-08-02T16:58:44+0200
5558060fed32129c,auto-7202408d73d7,janus@8a1e7a1,janus,8a1e7a1,tempest_reinforcements@65ddc55,tempest_reinforcements,65ddc55,pinch,official,1,0,rating,b,b,0.0,core_destroyed,22,,274,30,4,4,10,30,10,8,ok,,2.938,n-62-21-62,29004605,2026-08-02T16:57:18+0200
55648549fa0e77be,auto-7202408d73d7,janus@8a1e7a1,janus,8a1e7a1,vigil@1b5f3d1,vigil,1b5f3d1,pinch,official,1,0,rating,b,b,0.0,core_destroyed,24,,187,40,7,4,20,40,8,8,ok,,3.36,n-62-21-2,29004605,2026-08-02T16:58:35+0200
5575969b5cabeb91,auto-7202408d73d7,janus@8a1e7a1,janus,8a1e7a1,nemesis@9713344,nemesis,9713344,pinch,official,1,0,rating,a,a,1.0,core_destroyed,36,,51,130,9,16,58,70,6,15,ok,,3.507,n-62-31-13,29004605,2026-08-02T16:57:25+0200
558b4f6510c959b4,auto-7202408d73d7,prospect_rushonly@bf9b3e3,prospect_rushonly,bf9b3e3,janus@8a1e7a1,janus,8a1e7a1,duel,official,1,0,rating,b,b,0.0,core_destroyed,81,,275,420,6,11,347,520,9,15,ok,,4.243,n-62-11-54,29004605,2026-08-02T16:57:03+0200
558c76037ceabbe2,auto-7202408d73d7,e_final@9e77076,e_final,9e77076,janus@8a1e7a1,janus,8a1e7a1,aurora,official,1,0,rating,b,b,0.0,core_destroyed,57,,45,0,8,0,15,210,14,11,ok,,4.268,n-62-28-30,29004605,2026-08-02T16:57:10+0200
558f28df424adb81,auto-7202408d73d7,janus@8a1e7a1,janus,8a1e7a1,frontier_v2@9713344,frontier_v2,9713344,quarry,official,1,0,rating,a,a,1.0,core_destroyed,43,,20,150,11,19,149,0,7,3,ok,,3.175,n-62-29-24,29004605,2026-08-02T16:57:32+0200
55a635077d0a548e,auto-7202408d73d7,tempest_reinforcements@51ad530,tempest_reinforcements,51ad530,janus@8a1e7a1,janus,8a1e7a1,crossfire,official,1,0,rating,b,b,0.0,core_destroyed,31,,0,60,12,4,20,100,8,11,ok,,5.17,n-62-21-59,29004605,2026-08-02T16:57:53+0200
55ad1fb34c163a66,auto-7202408d73d7,tempest_reinforcements@51ad530,tempest_reinforcements,51ad530,janus@8a1e7a1,janus,8a1e7a1,quarry,official,1,0,rating,b,b,0.0,core_destroyed,60,,22,0,5,1,11,210,12,10,ok,,5.22,n-62-21-60,29004605,2026-08-02T16:57:25+0200
55bc338cfbdeaba4,auto-7202408d73d7,janus@8a1e7a1,janus,8a1e7a1,vigil@bf9b3e3,vigil,bf9b3e3,hive,official,1,0,rating,a,a,1.0,core_destroyed,46,,6,90,13,7,10,90,10,12,ok,,4.478,n-62-31-21,29004605,2026-08-02T16:59:41+0200
55bca5a8556d9c09,auto-7202408d73d7,janus@8a1e7a1,janus,8a1e7a1,vg_v4@9713344,vg_v4,9713344,vault,official,1,0,rating,a,a,1.0,titanium_collected,1000,,11133,9520,10,94,5051,2490,7,14,ok,,9.66,n-62-12-1,29004605,2026-08-02T16:59:30+0200
55dde4c3bfbb9cd4,auto-7202408d73d7,janus@8a1e7a1,janus,8a1e7a1,undertow@9713344,undertow,9713344,showdown,official,1,0,rating,a,a,1.0,core_destroyed,32,,37,50,8,14,117,0,2,3,ok,,2.496,n-62-11-60,29004605,2026-08-02T16:58:24+0200
55de86c6b83691fd,auto-7202408d73d7,janus@8a1e7a1,janus,8a1e7a1,tempest_reinforcements@025dd51,tempest_reinforcements,025dd51,longship,official,1,0,rating,a,a,1.0,core_destroyed,39,,28,80,12,11,18,70,10,11,ok,,3.895,n-62-12-66,29004605,2026-08-02T16:58:03+0200
55e8dd751aaace6a,auto-7202408d73d7,uw_v2@9713344,uw_v2,9713344,janus@8a1e7a1,janus,8a1e7a1,runestone,official,1,0,rating,b,b,0.0,core_destroyed,32,,60,50,7,12,23,50,11,14,ok,,3.423,n-62-21-99,29004605,2026-08-02T16:59:44+0200
55f82b6b3fd846bf,auto-7202408d73d7,janus@8a1e7a1,janus,8a1e7a1,tempest_blindfire@fdc1e1f,tempest_blindfire,fdc1e1f,skerry,official,1,0,rating,b,b,0.0,core_destroyed,42,,120,170,8,6,13,0,14,2,ok,,4.598,n-62-21-4,29004605,2026-08-02T16:57:41+0200
560c65e1996d38cb,auto-7202408d73d7,janus@8a1e7a1,janus,8a1e7a1,tempest_fast@eb1f0f3,tempest_fast,eb1f0f3,fjord,official,1,0,rating,a,a,1.0,core_destroyed,33,,30,130,13,8,312,70,4,4,ok,,3.742,n-62-21-8,29004605,2026-08-02T16:58:02+0200
5622843cab4e1e1d,auto-7202408d73d7,e_t4l7@9e77076,e_t4l7,9e77076,janus@8a1e7a1,janus,8a1e7a1,sweden,official,1,0,rating,b,b,0.0,core_destroyed,78,,130,470,7,32,301,420,10,22,ok,,3.598,n-62-29-14,29004605,2026-08-02T16:57:02+0200
5647c496d6bf8dfe,auto-7202408d73d7,janus@8a1e7a1,janus,8a1e7a1,tempest@da3fd8a,tempest,da3fd8a,fjord,official,1,0,rating,a,a,1.0,core_destroyed,33,,30,130,13,8,312,70,4,4,ok,,5.244,n-62-12-2,29004605,2026-08-02T16:57:56+0200
565befbd426404f1,auto-7202408d73d7,janus@8a1e7a1,janus,8a1e7a1,tempest_frontier@fdc1e1f,tempest_frontier,fdc1e1f,bridge,official,1,0,rating,a,a,1.0,core_destroyed,45,,125,180,9,17,254,0,5,7,ok,,3.103,n-62-21-15,29004605,2026-08-02T16:57:55+0200
5676cef26cdbce93,auto-7202408d73d7,janus@8a1e7a1,janus,8a1e7a1,tempest_sentinel@fdc1e1f,tempest_sentinel,fdc1e1f,pinch,official,1,0,rating,a,a,1.0,core_destroyed,35,,69,70,7,8,14,0,7,3,ok,,3.672,n-62-21-71,29004605,2026-08-02T16:57:46+0200
567e77a03a22f317,auto-7202408d73d7,janus@8a1e7a1,janus,8a1e7a1,attack_wave_v1@9713344,attack_wave_v1,9713344,duel,official,1,0,rating,a,a,1.0,core_destroyed,35,,149,130,8,6,146,0,6,4,ok,,2.897,n-62-31-4,29004605,2026-08-02T16:57:26+0200
56890d2f039df061,auto-7202408d73d7,riptide@9713344,riptide,9713344,janus@8a1e7a1,janus,8a1e7a1,strait,official,1,0,rating,b,b,0.0,core_destroyed,47,,74,60,5,7,18,160,10,20,ok,,3.954,n-62-21-89,29004605,2026-08-02T16:57:27+0200
568bf5de8ae8ed01,auto-7202408d73d7,titanium_v1@9713344,titanium_v1,9713344,janus@8a1e7a1,janus,8a1e7a1,crossfire,official,1,0,rating,b,b,0.0,core_destroyed,21,,252,0,3,4,13,40,12,6,ok,,3.182,n-62-31-5,29004605,2026-08-02T16:58:14+0200
568ce8b0c7788a0a,auto-7202408d73d7,v233_g@9713344,v233_g,9713344,janus@8a1e7a1,janus,8a1e7a1,runestone,official,1,0,rating,b,b,0.0,core_destroyed,28,,82,80,8,12,13,40,11,13,ok,,3.081,n-62-29-27,29004605,2026-08-02T16:59:01+0200
56c55b4ead518aee,auto-7202408d73d7,janus@8a1e7a1,janus,8a1e7a1,e_t4l7@9e77076,e_t4l7,9e77076,sweden,official,1,0,rating,a,a,1.0,core_destroyed,83,,323,450,11,22,56,550,7,48,ok,,3.663,n-62-29-14,29004605,2026-08-02T16:56:58+0200
56dc83e38c7b3894,auto-7202408d73d7,janus@8a1e7a1,janus,8a1e7a1,v233_b@9713344,v233_b,9713344,twins,official,1,0,rating,b,b,0.0,titanium_collected,1000,,5607,5390,7,22,9440,9760,14,32,ok,,15.288,n-62-28-34,29004605,2026-08-02T16:59:24+0200
570c26dae9ec6bb3,auto-7202408d73d7,lockin@9713344,lockin,9713344,janus@8a1e7a1,janus,8a1e7a1,twins,official,1,0,rating,b,b,0.0,core_destroyed,40,,181,70,9,5,95,140,10,17,ok,,5.093,n-62-30-25,29004605,2026-08-02T16:58:16+0200
57115145c4462ad5,auto-7202408d73d7,tempest_picket@fdc1e1f,tempest_picket,fdc1e1f,janus@8a1e7a1,janus,8a1e7a1,vase,official,1,0,rating,a,a,1.0,core_destroyed,39,,60,0,8,11,86,0,4,5,ok,,2.959,n-62-12-64,29004605,2026-08-02T16:57:52+0200
57174023f7cb8e95,auto-7202408d73d7,v233_g@9713344,v233_g,9713344,janus@8a1e7a1,janus,8a1e7a1,vase,official,1,0,rating,b,b,0.0,core_destroyed,63,,60,120,10,6,79,100,9,7,ok,,3.152,n-62-29-29,29004605,2026-08-02T16:58:54+0200
5717a34050a02aa4,auto-7202408d73d7,tempest_oracle_ferry@fdc1e1f,tempest_oracle_ferry,fdc1e1f,janus@8a1e7a1,janus,8a1e7a1,twins,official,1,0,rating,b,b,0.0,titanium_collected,33,,10,0,9,3,81,60,4,5,ok,,3.935,n-62-13-6,29004605,2026-08-02T16:57:33+0200
572c25e4a7c3f076,auto-7202408d73d7,janus@8a1e7a1,janus,8a1e7a1,vigil@1b5f3d1,vigil,1b5f3d1,quarry,official,1,0,rating,b,b,0.0,core_destroyed,45,,59,50,11,9,21,70,10,8,ok,,4.22,n-62-21-2,29004605,2026-08-02T16:58:43+0200
572dde4c0bb34ee8,auto-7202408d73d7,baiter@9713344,baiter,9713344,janus@8a1e7a1,janus,8a1e7a1,aurora,official,1,0,rating,b,b,0.0,core_destroyed,45,,61,90,8,9,8,150,13,12,ok,,5.222,n-62-31-23,29004605,2026-08-02T16:57:36+0200
576654cec995aea7,auto-7202408d73d7,janus@8a1e7a1,janus,8a1e7a1,turtle@9713344,turtle,9713344,aurora,official,1,0,rating,a,a,1.0,core_destroyed,44,,10,90,13,11,114,80,5,9,ok,,4.331,n-62-31-21,29004605,2026-08-02T16:58:07+0200
57a1ceab26e9b98d,auto-7202408d73d7,janus@8a1e7a1,janus,8a1e7a1,autistimusprime@ecd4d24,autistimusprime,ecd4d24,twins,official,1,0,rating,a,a,1.0,core_destroyed,42,,13,80,12,8,11,70,8,7,ok,,4.064,n-62-31-21,29004605,2026-08-02T16:58:14+0200
57a3cabe618ae2bf,auto-7202408d73d7,janus@8a1e7a1,janus,8a1e7a1,claude_challenger_2@fdc1e1f,claude_challenger_2,fdc1e1f,sweden,official,1,0,rating,a,a,1.0,core_destroyed,68,,166,340,10,22,670,0,0,0,ok,,3.349,n-62-31-10,29004605,2026-08-02T16:57:25+0200
57ad02e0ddcc62ee,auto-7202408d73d7,janus@8a1e7a1,janus,8a1e7a1,vanguard_oracle@75591b7,vanguard_oracle,75591b7,quarry,official,1,0,rating,b,b,0.0,core_destroyed,48,,227,170,7,15,125,230,11,14,ok,,4.076,n-62-11-50,29004605,2026-08-02T16:58:25+0200
57af7075f2a94760,auto-7202408d73d7,janus@8a1e7a1,janus,8a1e7a1,vigil@18b749d,vigil,18b749d,crossfire,official,1,0,rating,b,b,0.0,core_destroyed,34,,12,70,10,8,8,40,10,4,ok,,4.282,n-62-31-5,29004605,2026-08-02T16:59:01+0200
57b067a29aec6046,auto-7202408d73d7,janus@8a1e7a1,janus,8a1e7a1,tempest_reinforcements@65ddc55,tempest_reinforcements,65ddc55,crossfire,official,1,0,rating,a,a,1.0,core_destroyed,27,,9,80,10,7,0,50,10,5,ok,,4.428,n-62-21-61,29004605,2026-08-02T16:57:57+0200
57b3bb54a7c4b2e6,auto-7202408d73d7,janus@8a1e7a1,janus,8a1e7a1,claude_challenger_3@fdc1e1f,claude_challenger_3,fdc1e1f,twins,official,1,0,rating,a,a,1.0,core_destroyed,42,,20,140,12,14,391,0,5,1,ok,,4.129,n-62-21-103,29004605,2026-08-02T16:57:40+0200
58044137473b2ac8,auto-7202408d73d7,vg_v2@9713344,vg_v2,9713344,janus@8a1e7a1,janus,8a1e7a1,vase,official,1,0,rating,b,b,0.0,core_destroyed,48,,128,0,5,3,70,80,8,14,ok,,3.251,n-62-21-90,29004605,2026-08-02T16:58:59+0200
58058750e8ba1cf3,auto-7202408d73d7,janus@8a1e7a1,janus,8a1e7a1,tempest_fast@eb1f0f3,tempest_fast,eb1f0f3,strait,official,1,0,rating,b,b,0.0,core_destroyed,32,,212,50,7,3,70,60,11,9,ok,,3.663,n-62-21-12,29004605,2026-08-02T16:58:05+0200
580e9a8ab7038c59,auto-7202408d73d7,janus@8a1e7a1,janus,8a1e7a1,vigil@18b749d,vigil,18b749d,sprint,official,1,0,rating,a,a,1.0,core_destroyed,33,,9,20,7,3,20,90,6,8,ok,,3.874,n-62-21-13,29004605,2026-08-02T16:59:11+0200
58188b92d8381877,auto-7202408d73d7,tempest_reinforcements@87724ec,tempest_reinforcements,87724ec,janus@8a1e7a1,janus,8a1e7a1,sweden,official,1,0,rating,b,b,0.0,core_destroyed,96,,51,0,11,7,235,550,12,21,ok,,10.099,n-62-21-65,29004605,2026-08-02T16:57:23+0200
582a40e0342a09be,auto-7202408d73d7,janus@8a1e7a1,janus,8a1e7a1,v233_i@902be71,v233_i,902be71,aurora,official,1,0,rating,a,a,1.0,core_destroyed,39,,20,80,12,9,82,140,10,8,ok,,3.762,n-62-29-29,29004605,2026-08-02T16:59:13+0200
584186bfa638afe3,auto-7202408d73d7,vanguard@818f3b4,vanguard,818f3b4,janus@8a1e7a1,janus,8a1e7a1,runestone,official,1,0,rating,b,b,0.0,core_destroyed,28,,90,80,9,10,18,40,11,9,ok,,3.376,n-62-29-34,29004605,2026-08-02T16:59:23+0200
584955c4f6c47272,auto-7202408d73d7,tempest_outer@fdc1e1f,tempest_outer,fdc1e1f,janus@8a1e7a1,janus,8a1e7a1,crossfire,official,1,0,rating,b,b,0.0,core_destroyed,22,,188,0,7,2,20,60,10,7,ok,,5.342,n-62-13-8,29004605,2026-08-02T16:57:06+0200
5852c59322de59dd,auto-7202408d73d7,autistimusprime@ecd4d24,autistimusprime,ecd4d24,janus@8a1e7a1,janus,8a1e7a1,vault,official,1,0,rating,b,b,0.0,core_destroyed,49,,26,0,8,0,54,200,11,6,ok,,5.431,n-62-31-23,29004605,2026-08-02T16:57:15+0200
58549ab79e03d388,auto-7202408d73d7,mistral_fast@26b5aa1,mistral_fast,26b5aa1,janus@8a1e7a1,janus,8a1e7a1,jackpot,official,1,0,rating,b,b,0.0,core_destroyed,50,,278,0,5,0,123,210,12,8,ok,,3.555,n-62-31-8,29004605,2026-08-02T16:58:13+0200
5878a6b58232682b,auto-7202408d73d7,e_final@9e77076,e_final,9e77076,janus@8a1e7a1,janus,8a1e7a1,pinch,official,1,0,rating,b,b,0.0,core_destroyed,36,,29,0,6,3,34,70,11,7,ok,,3.332,n-62-28-30,29004605,2026-08-02T16:58:13+0200
5887c7367f20ae95,auto-7202408d73d7,tempest_outer@fdc1e1f,tempest_outer,fdc1e1f,janus@8a1e7a1,janus,8a1e7a1,string,official,1,0,rating,a,a,1.0,core_destroyed,60,,66,0,10,1,93,40,7,1,ok,,6.017,n-62-13-9,29004605,2026-08-02T16:57:43+0200
58de352d34808a10,auto-7202408d73d7,vg_v2@9713344,vg_v2,9713344,janus@8a1e7a1,janus,8a1e7a1,pinch,official,1,0,rating,b,b,0.0,core_destroyed,48,,73,40,8,10,17,190,11,20,ok,,3.454,n-62-21-89,29004605,2026-08-02T16:58:58+0200
58dfabbd361e8578,auto-7202408d73d7,janus@8a1e7a1,janus,8a1e7a1,claude_challenger_1@fdc1e1f,claude_challenger_1,fdc1e1f,jackpot,official,1,0,rating,a,a,1.0,core_destroyed,50,,122,210,7,8,620,0,0,0,ok,,2.852,n-62-11-68,29004605,2026-08-02T16:57:22+0200
58f52786bc037afe,auto-7202408d73d7,janus@8a1e7a1,janus,8a1e7a1,vigil@1b5f3d1,vigil,1b5f3d1,fjord,official,1,0,rating,b,b,0.0,core_destroyed,28,,136,90,7,5,30,100,11,7,ok,,3.059,n-62-31-22,29004605,2026-08-02T16:59:27+0200
58faa040e03071ae,auto-7202408d73d7,janus@8a1e7a1,janus,8a1e7a1,baiter@9713344,baiter,9713344,jackpot,official,1,0,rating,a,a,1.0,core_destroyed,61,,80,270,12,8,104,0,1,1,ok,,4.902,n-62-31-23,29004605,2026-08-02T16:58:33+0200
59104423d2431c98,auto-7202408d73d7,tempest_reinforcements@51ad530,tempest_reinforcements,51ad530,janus@8a1e7a1,janus,8a1e7a1,runestone,official,1,0,rating,b,b,0.0,core_destroyed,30,,5,40,11,9,18,50,11,7,ok,,4.532,n-62-21-60,29004605,2026-08-02T16:57:35+0200
591a54861b1ed04a,auto-7202408d73d7,vanguard@c407e79,vanguard,c407e79,janus@8a1e7a1,janus,8a1e7a1,pinch,official,1,0,rating,b,b,0.0,core_destroyed,42,,58,80,8,6,41,160,9,12,ok,,3.422,n-62-31-16,29004605,2026-08-02T16:59:32+0200
591c0e6b187fe172,auto-7202408d73d7,vigil@1b5f3d1,vigil,1b5f3d1,janus@8a1e7a1,janus,8a1e7a1,hive,official,1,0,rating,b,b,0.0,core_destroyed,42,,6,80,11,10,5,80,12,6,ok,,3.996,n-62-31-22,29004605,2026-08-02T16:59:39+0200
5964d14865f2e50c,auto-7202408d73d7,janus@8a1e7a1,janus,8a1e7a1,v233_c@9713344,v233_c,9713344,longship,official,1,0,rating,a,a,1.0,core_destroyed,68,,46,240,12,20,110,70,6,9,ok,,3.574,n-62-29-20,29004605,2026-08-02T16:59:33+0200
599239e3d4d081ed,auto-7202408d73d7,autistimusprime@ecd4d24,autistimusprime,ecd4d24,janus@8a1e7a1,janus,8a1e7a1,vase,official,1,0,rating,b,b,0.0,core_destroyed,41,,135,0,7,5,60,60,9,7,ok,,4.519,n-62-31-23,29004605,2026-08-02T16:57:04+0200
59a7794f052d5994,auto-7202408d73d7,casemate@902be71,casemate,902be71,janus@8a1e7a1,janus,8a1e7a1,vase,official,1,0,rating,b,b,0.0,core_destroyed,91,,324,0,5,7,99,190,6,7,ok,,4.32,n-62-11-64,29004605,2026-08-02T16:57:23+0200
59b5c22c41a25eea,auto-7202408d73d7,vanguard@c407e79,vanguard,c407e79,janus@8a1e7a1,janus,8a1e7a1,vase,official,1,0,rating,b,b,0.0,core_destroyed,40,,95,40,10,6,102,60,8,13,ok,,3.237,n-62-31-19,29004605,2026-08-02T16:59:39+0200
59be0a7cd2b8da8d,auto-7202408d73d7,titanium_v1@9713344,titanium_v1,9713344,janus@8a1e7a1,janus,8a1e7a1,strait,official,1,0,rating,b,b,0.0,core_destroyed,34,,277,0,4,4,52,90,9,16,ok,,2.383,n-62-31-22,29004605,2026-08-02T16:58:22+0200
59c3994e2588e916,auto-7202408d73d7,tempest_reinforcements@edf93ad,tempest_reinforcements,edf93ad,janus@8a1e7a1,janus,8a1e7a1,quarry,official,1,0,rating,b,b,0.0,core_destroyed,60,,22,0,5,1,11,210,12,10,ok,,5.164,n-62-21-68,29004605,2026-08-02T16:58:08+0200
59c7d9a052b4bc5f,auto-7202408d73d7,janus@8a1e7a1,janus,8a1e7a1,tempest_reinforcements@3d5ab38,tempest_reinforcements,3d5ab38,fjord,official,1,0,rating,b,b,0.0,core_destroyed,28,,138,90,6,5,26,60,11,5,ok,,3.808,n-62-21-56,29004605,2026-08-02T16:57:49+0200
59caf769562fe895,auto-7202408d73d7,v233_b@9713344,v233_b,9713344,janus@8a1e7a1,janus,8a1e7a1,skerry,official,1,0,rating,b,b,0.0,core_destroyed,46,,80,40,5,5,44,240,11,17,ok,,3.373,n-62-28-34,29004605,2026-08-02T16:58:35+0200
59edac58b22e3ac0,auto-7202408d73d7,e_t4l7@9e77076,e_t4l7,9e77076,janus@8a1e7a1,janus,8a1e7a1,aurora,official,1,0,rating,b,b,0.0,core_destroyed,42,,54,180,6,24,6,130,12,12,ok,,3.463,n-62-29-20,29004605,2026-08-02T16:57:32+0200
5a03efbe6e870a83,auto-7202408d73d7,janus@8a1e7a1,janus,8a1e7a1,undertow@da3fd8a,undertow,da3fd8a,sweden,official,1,0,rating,a,a,1.0,core_destroyed,133,,851,830,8,22,796,950,10,25,ok,,4.665,n-62-11-64,29004605,2026-08-02T16:59:29+0200
5a1bc879bb47adf2,auto-7202408d73d7,janus@8a1e7a1,janus,8a1e7a1,tempest_reinforcements@edf93ad,tempest_reinforcements,edf93ad,vault,official,1,0,rating,b,b,0.0,core_destroyed,49,,282,190,9,6,20,190,11,12,ok,,5.355,n-62-21-69,29004605,2026-08-02T16:57:58+0200
5a21a2478b7cf5d1,auto-7202408d73d7,janus@8a1e7a1,janus,8a1e7a1,e_t4l7@9e77076,e_t4l7,9e77076,runestone,official,1,0,rating,a,a,1.0,core_destroyed,27,,1,40,12,11,69,60,6,11,ok,,3.177,n-62-29-13,29004605,2026-08-02T16:57:25+0200
5a3e8ce96b4b4d8d,auto-7202408d73d7,v233_f@9713344,v233_f,9713344,janus@8a1e7a1,janus,8a1e7a1,aurora,official,1,0,rating,b,b,0.0,core_destroyed,44,,133,210,7,20,30,150,12,13,ok,,3.528,n-62-29-14,29004605,2026-08-02T16:59:09+0200
5a6034662f9748fa,auto-7202408d73d7,jonbot_190003d@da3fd8a,jonbot_190003d,da3fd8a,janus@8a1e7a1,janus,8a1e7a1,twins,official,1,0,rating,b,b,0.0,core_destroyed,46,,206,90,7,7,29,180,7,24,ok,,3.205,n-62-29-5,29004605,2026-08-02T16:58:00+0200
5a6b5752b3108da2,auto-7202408d73d7,undertow_1ac7ac4@da3fd8a,undertow_1ac7ac4,da3fd8a,janus@8a1e7a1,janus,8a1e7a1,strait,official,1,0,rating,b,b,0.0,core_destroyed,62,,4,340,9,32,165,230,9,13,ok,,4.162,n-62-21-92,29004605,2026-08-02T16:59:26+0200
5a79d0cb323ae1fc,auto-7202408d73d7,janus@8a1e7a1,janus,8a1e7a1,vigil@1b5f3d1,vigil,1b5f3d1,jackpot,official,1,0,rating,b,b,0.0,core_destroyed,40,,97,150,8,7,20,80,13,7,ok,,3.753,n-62-31-22,29004605,2026-08-02T16:59:43+0200
5a842a5640044b65,auto-7202408d73d7,undertow_oracle@75591b7,undertow_oracle,75591b7,janus@8a1e7a1,janus,8a1e7a1,runestone,official,1,0,rating,b,b,0.0,core_destroyed,31,,63,90,8,14,3,40,11,14,ok,,3.839,n-62-31-10,29004605,2026-08-02T16:59:12+0200
5a85ab6dfd77beab,auto-7202408d73d7,lockin@9713344,lockin,9713344,janus@8a1e7a1,janus,8a1e7a1,aurora,official,1,0,rating,b,b,0.0,core_destroyed,37,,11,0,12,1,13,110,12,11,ok,,6.277,n-62-30-23,29004605,2026-08-02T16:57:16+0200
5a8eded6546d2f1e,auto-7202408d73d7,janus@8a1e7a1,janus,8a1e7a1,turtle@9713344,turtle,9713344,runestone,official,1,0,rating,a,a,1.0,core_destroyed,52,,26,100,12,13,116,50,7,12,ok,,4.269,n-62-31-23,29004605,2026-08-02T16:58:09+0200
5aa743d2a0df96bb,auto-7202408d73d7,janus@8a1e7a1,janus,8a1e7a1,mistral_fast@26b5aa1,mistral_fast,26b5aa1,aurora,official,1,0,rating,a,a,1.0,core_destroyed,36,,20,70,12,9,296,0,5,0,ok,,3.442,n-62-31-8,29004605,2026-08-02T16:57:24+0200
5add7f7a6229a49e,auto-7202408d73d7,janus@8a1e7a1,janus,8a1e7a1,undertow_oracle@75591b7,undertow_oracle,75591b7,showdown,official,1,0,rating,a,a,1.0,core_destroyed,29,,36,0,9,8,23,0,7,3,ok,,4.07,n-62-31-10,29004605,2026-08-02T16:59:16+0200
5ae855762f15b615,auto-7202408d73d7,janus@8a1e7a1,janus,8a1e7a1,siege_v1@9713344,siege_v1,9713344,string,official,1,0,rating,a,a,1.0,core_destroyed,49,,135,350,9,11,277,0,4,1,ok,,3.598,n-62-12-6,29004605,2026-08-02T16:57:31+0200
5ae89b048e6a1cda,auto-7202408d73d7,janus@8a1e7a1,janus,8a1e7a1,riptide@9713344,riptide,9713344,duel,official,1,0,rating,a,a,1.0,core_destroyed,54,,43,290,12,16,104,0,2,3,ok,,4.323,n-62-21-91,29004605,2026-08-02T16:57:50+0200
5aeea69fff9f6425,auto-7202408d73d7,janus@8a1e7a1,janus,8a1e7a1,jonbot@9713344,jonbot,9713344,runestone,official,1,0,rating,a,a,1.0,core_destroyed,27,,3,40,12,11,238,0,5,0,ok,,3.192,n-62-29-8,29004605,2026-08-02T16:57:52+0200
5b0145ca05e10e1d,auto-7202408d73d7,tempest_reinforcements@38f9c23,tempest_reinforcements,38f9c23,janus@8a1e7a1,janus,8a1e7a1,jackpot,official,1,0,rating,a,a,1.0,titanium_collected,1000,,7370,6080,12,17,4005,4950,17,11,ok,,20.139,n-62-21-55,29004605,2026-08-02T16:58:36+0200
5b1b6a76a392a62f,auto-7202408d73d7,vanguard_oracle@902be71,vanguard_oracle,902be71,janus@8a1e7a1,janus,8a1e7a1,string,official,1,0,rating,a,a,1.0,core_destroyed,62,,58,40,5,8,64,40,8,0,ok,,3.11,n-62-11-56,29004605,2026-08-02T16:59:27+0200
5b2d00af04108a1c,auto-7202408d73d7,nemesis@9713344,nemesis,9713344,janus@8a1e7a1,janus,8a1e7a1,aurora,official,1,0,rating,b,b,0.0,core_destroyed,46,,118,90,2,16,6,150,13,12,ok,,4.548,n-62-31-7,29004605,2026-08-02T16:57:46+0200
5b34d663d5209eaa,auto-7202408d73d7,turtle@9713344,turtle,9713344,janus@8a1e7a1,janus,8a1e7a1,skerry,official,1,0,rating,b,b,0.0,core_destroyed,43,,71,0,5,4,59,210,10,15,ok,,3.764,n-62-31-23,29004605,2026-08-02T16:58:28+0200
5b4ab32f9378a649,auto-7202408d73d7,janus@8a1e7a1,janus,8a1e7a1,jonbot@9713344,jonbot,9713344,fjord,official,1,0,rating,a,a,1.0,core_destroyed,40,,30,180,13,9,269,0,5,0,ok,,3.671,n-62-29-8,29004605,2026-08-02T16:57:11+0200
5b4b3aac05de4899,auto-7202408d73d7,tempest_picket@fdc1e1f,tempest_picket,fdc1e1f,janus@8a1e7a1,janus,8a1e7a1,pinch,official,1,0,rating,b,b,0.0,core_destroyed,30,,10,0,12,3,25,70,10,12,ok,,3.115,n-62-12-65,29004605,2026-08-02T16:57:54+0200
5b4cf2756282e41c,auto-7202408d73d7,tempest_fast@eb1f0f3,tempest_fast,eb1f0f3,janus@8a1e7a1,janus,8a1e7a1,string,official,1,0,rating,a,a,1.0,core_destroyed,59,,57,0,10,1,82,40,7,1,ok,,3.788,n-62-21-12,29004605,2026-08-02T16:58:17+0200
5b53341d9fdcd666,auto-7202408d73d7,janus@8a1e7a1,janus,8a1e7a1,riptide@9713344,riptide,9713344,vase,official,1,0,rating,a,a,1.0,core_destroyed,60,,290,110,6,9,375,0,6,1,ok,,2.947,n-62-21-89,29004605,2026-08-02T16:58:00+0200
5b59d60ab9f19ec8,auto-7202408d73d7,janus@8a1e7a1,janus,8a1e7a1,v233_b@9713344,v233_b,9713344,quarry,official,1,0,rating,a,a,1.0,core_destroyed,68,,107,400,10,26,90,40,3,11,ok,,3.283,n-62-28-33,29004605,2026-08-02T16:59:35+0200
5b78223ef9637035,auto-7202408d73d7,janus@8a1e7a1,janus,8a1e7a1,jonbot@da3fd8a,jonbot,da3fd8a,twins,official,1,0,rating,b,b,0.0,core_destroyed,58,,37,180,9,11,58,80,5,13,ok,,4.054,n-62-29-32,29004605,2026-08-02T16:57:44+0200
5b99d9cad00bc639,auto-7202408d73d7,janus@8a1e7a1,janus,8a1e7a1,tempest_sentinel@fdc1e1f,tempest_sentinel,fdc1e1f,atoll,official,1,0,rating,a,a,1.0,core_destroyed,37,,82,90,8,7,52,80,8,5,ok,,3.557,n-62-21-69,29004605,2026-08-02T16:58:06+0200
5ba0756b62eaa2e4,auto-7202408d73d7,undertow@da3fd8a,undertow,da3fd8a,janus@8a1e7a1,janus,8a1e7a1,string,official,1,0,rating,a,a,1.0,core_destroyed,134,,464,600,9,6,120,210,11,0,ok,,5.722,n-62-11-64,29004605,2026-08-02T16:59:24+0200
5ba19168f62fcee8,auto-7202408d73d7,janus@8a1e7a1,janus,8a1e7a1,opponent_luc@e83a42c,opponent_luc,e83a42c,strait,official,1,0,rating,a,a,1.0,core_destroyed,46,,11,130,11,16,57,0,9,7,ok,,5.047,n-62-11-51,29004605,2026-08-02T16:58:25+0200
5bd029cd96a9eaa4,auto-7202408d73d7,lockin@9713344,lockin,9713344,janus@8a1e7a1,janus,8a1e7a1,atoll,official,1,0,rating,b,b,0.0,core_destroyed,37,,152,50,8,6,92,130,10,10,ok,,4.104,n-62-30-23,29004605,2026-08-02T16:57:03+0200
5bdf988cef0454f7,auto-7202408d73d7,tempest_outer@fdc1e1f,tempest_outer,fdc1e1f,janus@8a1e7a1,janus,8a1e7a1,hive,official,1,0,rating,b,b,0.0,core_destroyed,42,,220,80,8,10,10,80,10,16,ok,,5.083,n-62-13-8,29004605,2026-08-02T16:57:43+0200
5bf2773f6ceb6390,auto-7202408d73d7,claude_challenger_1@fdc1e1f,claude_challenger_1,fdc1e1f,janus@8a1e7a1,janus,8a1e7a1,fjord,official,1,0,rating,b,b,0.0,core_destroyed,31,,195,60,8,4,12,150,12,10,ok,,5.228,n-62-11-68,29004605,2026-08-02T16:57:06+0200
5bf82b76476db8ee,auto-7202408d73d7,janus@8a1e7a1,janus,8a1e7a1,tempest_reinforcements@3d5ab38,tempest_reinforcements,3d5ab38,duel,official,1,0,rating,b,b,0.0,core_destroyed,38,,41,140,8,9,8,80,9,5,ok,,4.34,n-62-21-56,29004605,2026-08-02T16:57:41+0200
5bffd6833c97f1e1,auto-7202408d73d7,janus@8a1e7a1,janus,8a1e7a1,tempest_outer@fdc1e1f,tempest_outer,fdc1e1f,string,official,1,0,rating,a,a,1.0,core_destroyed,60,,79,140,11,5,413,250,5,6,ok,,5.165,n-62-13-9,29004605,2026-08-02T16:57:37+0200
5c044f4f0b4713d5,auto-7202408d73d7,attack_wave_v1@9713344,attack_wave_v1,9713344,janus@8a1e7a1,janus,8a1e7a1,atoll,official,1,0,rating,b,b,0.0,core_destroyed,38,,203,0,6,3,110,140,10,9,ok,,3.436,n-62-31-4,29004605,2026-08-02T16:57:01+0200
5c2357caaaa33bfb,auto-7202408d73d7,baiter@9713344,baiter,9713344,janus@8a1e7a1,janus,8a1e7a1,skerry,official,1,0,rating,b,b,0.0,core_destroyed,40,,114,0,7,4,99,200,10,14,ok,,4.486,n-62-31-24,29004605,2026-08-02T16:57:51+0200
5c2367ffe76ff839,auto-7202408d73d7,janus@8a1e7a1,janus,8a1e7a1,e9cand@9e77076,e9cand,9e77076,atoll,official,1,0,rating,a,a,1.0,core_destroyed,49,,187,180,8,14,21,0,11,8,ok,,3.771,n-62-21-103,29004605,2026-08-02T16:58:05+0200
5c7aaf2cc86544c6,auto-7202408d73d7,janus@8a1e7a1,janus,8a1e7a1,vanguard_oracle@75591b7,vanguard_oracle,75591b7,showdown,official,1,0,rating,b,b,0.0,core_destroyed,28,,52,0,11,5,88,0,4,1,ok,,3.711,n-62-11-50,29004605,2026-08-02T16:58:41+0200
5c7cf789f6bf6bdf,auto-7202408d73d7,casemate@902be71,casemate,902be71,janus@8a1e7a1,janus,8a1e7a1,vault,official,1,0,rating,b,b,0.0,titanium_collected,1000,,110,0,9,57,6273,4960,9,26,ok,,17.586,n-62-11-64,29004605,2026-08-02T16:57:54+0200
5c866c6d8b2f9c59,auto-7202408d73d7,turtle@9713344,turtle,9713344,janus@8a1e7a1,janus,8a1e7a1,crossfire,official,1,0,rating,b,b,0.0,core_destroyed,32,,79,60,5,6,26,110,11,11,ok,,3.692,n-62-31-21,29004605,2026-08-02T16:58:29+0200
5c88a9b3de86b731,auto-7202408d73d7,tempest_ferry@26b5aa1,tempest_ferry,26b5aa1,janus@8a1e7a1,janus,8a1e7a1,showdown,official,1,0,rating,a,a,1.0,core_destroyed,19,,9,0,11,6,101,0,7,5,ok,,3.698,n-62-21-2,29004605,2026-08-02T16:57:54+0200
5c9f7061416415ee,auto-7202408d73d7,v233_e@9713344,v233_e,9713344,janus@8a1e7a1,janus,8a1e7a1,bridge,official,1,0,rating,b,b,0.0,titanium_collected,1000,,2404,690,16,13,8442,7340,14,15,ok,,16.696,n-62-29-31,29004605,2026-08-02T16:59:25+0200
5ca1fba9a4f0a7cc,auto-7202408d73d7,janus@8a1e7a1,janus,8a1e7a1,mistral_fast@26b5aa1,mistral_fast,26b5aa1,strait,official,1,0,rating,b,b,0.0,core_destroyed,33,,217,50,7,3,60,0,11,1,ok,,3.906,n-62-31-15,29004605,2026-08-02T16:57:56+0200
5ce5eb4cebb78701,auto-7202408d73d7,siege_v1@9713344,siege_v1,9713344,janus@8a1e7a1,janus,8a1e7a1,twins,official,1,0,rating,b,b,0.0,core_destroyed,34,,188,0,4,1,39,100,10,12,ok,,3.092,n-62-12-6,29004605,2026-08-02T16:57:49+0200
5ce805a9742f8a40,auto-7202408d73d7,titanium_v1@9713344,titanium_v1,9713344,janus@8a1e7a1,janus,8a1e7a1,pinch,official,1,0,rating,b,b,0.0,core_destroyed,33,,316,0,4,3,35,90,10,15,ok,,2.659,n-62-31-5,29004605,2026-08-02T16:58:52+0200
5ce9c0a22608014a,auto-7202408d73d7,janus@8a1e7a1,janus,8a1e7a1,casemate_oracle@902be71,casemate_oracle,902be71,duel,official,1,0,rating,b,b,0.0,core_destroyed,46,,10,180,11,11,21,0,8,6,ok,,4.276,n-62-11-64,29004605,2026-08-02T16:58:33+0200
5cf95dd28f75848c,auto-7202408d73d7,v233_b@9713344,v233_b,9713344,janus@8a1e7a1,janus,8a1e7a1,showdown,official,1,0,rating,b,b,0.0,core_destroyed,25,,57,10,4,10,38,0,10,8,ok,,2.872,n-62-28-34,29004605,2026-08-02T16:58:28+0200
5d0701bb70efc790,auto-7202408d73d7,janus@8a1e7a1,janus,8a1e7a1,claude_challenger_2@fdc1e1f,claude_challenger_2,fdc1e1f,longship,official,1,0,rating,a,a,1.0,core_destroyed,47,,84,130,9,13,159,0,10,2,ok,,4.673,n-62-31-9,29004605,2026-08-02T16:57:33+0200
5d0c87e761f9852f,auto-7202408d73d7,gobbleglitch@e808e1d,gobbleglitch,e808e1d,janus@8a1e7a1,janus,8a1e7a1,sweden,official,1,0,rating,a,a,1.0,core_destroyed,35,,24,40,8,12,46,90,6,25,ok,,2.561,n-62-29-29,29004605,2026-08-02T16:57:21+0200
5d13ecc3dff09324,auto-7202408d73d7,janus@8a1e7a1,janus,8a1e7a1,tempest_reinforcements@e1dc316,tempest_reinforcements,e1dc316,crossfire,official,1,0,rating,a,a,1.0,core_destroyed,43,,0,90,10,10,0,40,9,3,ok,,4.81,n-62-21-65,29004605,2026-08-02T16:59:00+0200
5d270533c41ab000,auto-7202408d73d7,janus@8a1e7a1,janus,8a1e7a1,opponent_luc@e83a42c,opponent_luc,e83a42c,runestone,official,1,0,rating,a,a,1.0,core_destroyed,26,,13,40,12,10,41,40,10,7,ok,,5.794,n-62-11-51,29004605,2026-08-02T16:57:50+0200
5d4e492abad12c36,auto-7202408d73d7,janus@8a1e7a1,janus,8a1e7a1,vigil@1b5f3d1,vigil,1b5f3d1,string,official,1,0,rating,b,b,0.0,core_destroyed,87,,84,240,2,2,275,630,11,16,ok,,4.764,n-62-21-2,29004605,2026-08-02T16:59:34+0200
5d5548046a3da98d,auto-7202408d73d7,v233_f@9713344,v233_f,9713344,janus@8a1e7a1,janus,8a1e7a1,sprint,official,1,0,rating,b,b,0.0,core_destroyed,39,,105,120,4,7,57,160,8,21,ok,,2.454,n-62-29-18,29004605,2026-08-02T16:59:16+0200
5d566c94c1a73d5c,auto-7202408d73d7,janus@8a1e7a1,janus,8a1e7a1,tempest_reinforcements@65ddc55,tempest_reinforcements,65ddc55,skerry,official,1,0,rating,b,b,0.0,core_destroyed,36,,174,130,8,7,19,80,9,5,ok,,3.856,n-62-21-62,29004605,2026-08-02T16:57:52+0200
5d5fd0dba035b9c0,auto-7202408d73d7,vanguard_oracle@902be71,vanguard_oracle,902be71,janus@8a1e7a1,janus,8a1e7a1,fjord,official,1,0,rating,b,b,0.0,core_destroyed,33,,60,120,11,5,19,170,12,10,ok,,3.863,n-62-11-51,29004605,2026-08-02T16:59:24+0200
5d76903fce4466d4,auto-7202408d73d7,janus@8a1e7a1,janus,8a1e7a1,tempest_sentinel@fdc1e1f,tempest_sentinel,fdc1e1f,runestone,official,1,0,rating,a,a,1.0,core_destroyed,27,,3,40,10,11,0,0,8,4,ok,,3.822,n-62-21-71,29004605,2026-08-02T16:58:04+0200
5d7d3aff6e58636a,auto-7202408d73d7,e_t4l7@9e77076,e_t4l7,9e77076,janus@8a1e7a1,janus,8a1e7a1,skerry,official,1,0,rating,b,b,0.0,core_destroyed,48,,68,270,6,34,133,260,11,17,ok,,3.154,n-62-29-13,29004605,2026-08-02T16:57:41+0200
5d9fabcf67718a35,auto-7202408d73d7,vg_v4@9713344,vg_v4,9713344,janus@8a1e7a1,janus,8a1e7a1,atoll,official,1,0,rating,b,b,0.0,core_destroyed,46,,102,100,5,7,71,180,10,12,ok,,3.223,n-62-12-5,29004605,2026-08-02T16:59:26+0200
5da0433cbcd7924b,auto-7202408d73d7,nemesis@9713344,nemesis,9713344,janus@8a1e7a1,janus,8a1e7a1,sweden,official,1,0,rating,b,b,0.0,core_destroyed,77,,44,210,9,22,276,410,11,22,ok,,4.424,n-62-11-50,29004605,2026-08-02T16:57:04+0200
5dba767d32bedd89,auto-7202408d73d7,janus@8a1e7a1,janus,8a1e7a1,e_condc@6db8844,e_condc,6db8844,vase,official,1,0,rating,a,a,1.0,core_destroyed,50,,128,90,8,13,66,80,7,18,ok,,3.326,n-62-21-99,29004605,2026-08-02T16:57:59+0200
5dbd761734a2a659,auto-7202408d73d7,vanguard_oracle@75591b7,vanguard_oracle,75591b7,janus@8a1e7a1,janus,8a1e7a1,vault,official,1,0,rating,a,a,1.0,core_destroyed,38,,105,160,11,7,379,140,5,5,ok,,3.699,n-62-11-51,29004605,2026-08-02T16:58:31+0200
5dc2abcf4ed54c19,auto-7202408d73d7,autistimusprime@ecd4d24,autistimusprime,ecd4d24,janus@8a1e7a1,janus,8a1e7a1,sweden,official,1,0,rating,a,a,1.0,core_destroyed,35,,24,40,8,12,46,90,6,25,ok,,2.849,n-62-31-21,29004605,2026-08-02T16:58:10+0200
5dc5da9d545bbfdb,auto-7202408d73d7,janus@8a1e7a1,janus,8a1e7a1,nemesis@9713344,nemesis,9713344,vault,official,1,0,rating,a,a,1.0,core_destroyed,108,,168,490,11,19,111,290,3,10,ok,,5.035,n-62-11-50,29004605,2026-08-02T16:57:41+0200
5dcc33fef4e976ee,auto-7202408d73d7,janus@8a1e7a1,janus,8a1e7a1,vanguard@818f3b4,vanguard,818f3b4,aurora,official,1,0,rating,a,a,1.0,core_destroyed,47,,20,100,12,11,78,180,10,8,ok,,4.192,n-62-29-32,29004605,2026-08-02T16:59:25+0200
5dda454817d93df8,auto-7202408d73d7,mistral@ba943b9,mistral,ba943b9,janus@8a1e7a1,janus,8a1e7a1,skerry,official,1,0,rating,b,b,0.0,core_destroyed,39,,108,0,7,0,66,150,10,9,ok,,6.148,n-62-31-19,29004605,2026-08-02T16:57:49+0200
5dfbc3e5f23a2714,auto-7202408d73d7,turtle@9713344,turtle,9713344,janus@8a1e7a1,janus,8a1e7a1,sprint,official,1,0,rating,b,b,0.0,core_destroyed,42,,116,70,3,5,8,160,9,20,ok,,3.213,n-62-31-23,29004605,2026-08-02T16:58:34+0200
5e25a5538637addf,auto-7202408d73d7,janus@8a1e7a1,janus,8a1e7a1,uw_v2@9713344,uw_v2,9713344,crossfire,official,1,0,rating,a,a,1.0,core_destroyed,81,,21,420,11,18,13,340,6,7,ok,,3.993,n-62-21-99,29004605,2026-08-02T16:58:16+0200
5e3bd3022edab5e7,auto-7202408d73d7,janus@8a1e7a1,janus,8a1e7a1,casemate@902be71,casemate,902be71,quarry,official,1,0,rating,b,b,0.0,core_destroyed,461,,2086,1260,8,24,100,0,9,49,ok,,9.505,n-62-11-61,29004605,2026-08-02T16:57:26+0200
5e3f384c67e0a221,auto-7202408d73d7,janus@8a1e7a1,janus,8a1e7a1,tempest@da3fd8a,tempest,da3fd8a,sweden,official,1,0,rating,a,a,1.0,core_destroyed,76,,175,400,10,22,301,0,5,5,ok,,5.064,n-62-12-3,29004605,2026-08-02T16:58:08+0200
5e46475330e0d849,auto-7202408d73d7,janus@8a1e7a1,janus,8a1e7a1,undertow_1ac7ac4@da3fd8a,undertow_1ac7ac4,da3fd8a,aurora,official,1,0,rating,a,a,1.0,core_destroyed,43,,12,90,13,11,53,160,9,16,ok,,4.159,n-62-11-68,29004605,2026-08-02T16:59:04+0200
5e65ce0f0480d8ee,auto-7202408d73d7,undertow@fdc1e1f,undertow,fdc1e1f,janus@8a1e7a1,janus,8a1e7a1,strait,official,1,0,rating,b,b,0.0,core_destroyed,63,,50,340,12,25,106,240,10,13,ok,,4.924,n-62-11-66,29004605,2026-08-02T16:59:15+0200
5e69852dbfd67d80,auto-7202408d73d7,tempest_blindfire@fdc1e1f,tempest_blindfire,fdc1e1f,janus@8a1e7a1,janus,8a1e7a1,vase,official,1,0,rating,a,a,1.0,core_destroyed,37,,87,0,7,6,59,0,6,5,ok,,3.347,n-62-21-8,29004605,2026-08-02T16:57:10+0200
5e742a7853721580,auto-7202408d73d7,nemesis@9713344,nemesis,9713344,janus@8a1e7a1,janus,8a1e7a1,twins,official,1,0,rating,b,b,0.0,core_destroyed,41,,67,80,7,8,5,140,9,15,ok,,3.645,n-62-11-50,29004605,2026-08-02T16:57:12+0200
5e783236534394c5,auto-7202408d73d7,janus@8a1e7a1,janus,8a1e7a1,vanguard@c407e79,vanguard,c407e79,jackpot,official,1,0,rating,b,b,0.0,core_destroyed,45,,88,170,12,7,92,190,11,8,ok,,4.297,n-62-31-16,29004605,2026-08-02T16:59:11+0200
5e7d8a83368f486f,auto-7202408d73d7,janus@8a1e7a1,janus,8a1e7a1,e_condc@6db8844,e_condc,6db8844,bridge,official,1,0,rating,a,a,1.0,core_destroyed,60,,93,330,10,27,95,0,9,10,ok,,3.728,n-62-21-98,29004605,2026-08-02T16:57:07+0200
5e8e90371979d9af,auto-7202408d73d7,janus@8a1e7a1,janus,8a1e7a1,claude_challenger_2@fdc1e1f,claude_challenger_2,fdc1e1f,twins,official,1,0,rating,a,a,1.0,core_destroyed,42,,20,140,12,14,391,0,5,1,ok,,4.45,n-62-31-10,29004605,2026-08-02T16:57:32+0200
5e9440d4fdfbcb51,auto-7202408d73d7,undertow_1ac7ac4@da3fd8a,undertow_1ac7ac4,da3fd8a,janus@8a1e7a1,janus,8a1e7a1,pinch,official,1,0,rating,b,b,0.0,core_destroyed,48,,24,160,12,15,24,160,13,11,ok,,4.754,n-62-21-92,29004605,2026-08-02T16:58:41+0200
5eac8c87765a5c04,auto-7202408d73d7,janus@8a1e7a1,janus,8a1e7a1,frontier_v2@9713344,frontier_v2,9713344,fjord,official,1,0,rating,a,a,1.0,core_destroyed,39,,2,200,13,15,195,0,6,2,ok,,3.76,n-62-29-24,29004605,2026-08-02T16:56:58+0200
5eb3ed3f067ec09e,auto-7202408d73d7,janus@8a1e7a1,janus,8a1e7a1,e_t4l7@9e77076,e_t4l7,9e77076,hive,official,1,0,rating,a,a,1.0,core_destroyed,47,,24,140,11,18,22,170,6,30,ok,,3.286,n-62-29-20,29004605,2026-08-02T16:58:14+0200
5ec9b08c3f74be54,auto-7202408d73d7,janus@8a1e7a1,janus,8a1e7a1,tempest_ferry@26b5aa1,tempest_ferry,26b5aa1,showdown,official,1,0,rating,b,b,0.0,core_destroyed,21,,120,0,6,5,48,0,8,8,ok,,3.839,n-62-21-2,29004605,2026-08-02T16:57:50+0200
5ecb7c33e37f570d,auto-7202408d73d7,vigil@1b5f3d1,vigil,1b5f3d1,janus@8a1e7a1,janus,8a1e7a1,sprint,official,1,0,rating,b,b,0.0,core_destroyed,36,,23,60,9,3,28,100,7,9,ok,,3.651,n-62-21-2,29004605,2026-08-02T16:59:21+0200
5ed41e7f852d5c4e,auto-7202408d73d7,turtle@9713344,turtle,9713344,janus@8a1e7a1,janus,8a1e7a1,sweden,official,1,0,rating,b,b,0.0,core_destroyed,83,,43,110,9,10,213,450,13,22,ok,,4.691,n-62-31-23,29004605,2026-08-02T16:59:09+0200
5f4711c0ce781eb3,auto-7202408d73d7,janus@8a1e7a1,janus,8a1e7a1,vg_v3@9713344,vg_v3,9713344,hive,official,1,0,rating,a,a,1.0,core_destroyed,69,,0,300,12,25,90,0,2,7,ok,,4.393,n-62-12-6,29004605,2026-08-02T16:58:39+0200
5f4972248df58e20,auto-7202408d73d7,janus@8a1e7a1,janus,8a1e7a1,undertow_oracle@75591b7,undertow_oracle,75591b7,crossfire,official,1,0,rating,a,a,1.0,core_destroyed,36,,21,130,12,10,69,70,8,6,ok,,3.694,n-62-31-9,29004605,2026-08-02T16:59:32+0200
5f55373f98277824,auto-7202408d73d7,janus@8a1e7a1,janus,8a1e7a1,v233_f@9713344,v233_f,9713344,string,official,1,0,rating,a,a,1.0,core_destroyed,62,,398,470,7,11,242,350,9,12,ok,,3.439,n-62-29-18,29004605,2026-08-02T16:59:28+0200
5f6a0e5ca4189314,auto-7202408d73d7,janus@8a1e7a1,janus,8a1e7a1,vanguard@c407e79,vanguard,c407e79,strait,official,1,0,rating,a,a,1.0,core_destroyed,49,,97,100,10,9,120,260,10,13,ok,,4.018,n-62-31-19,29004605,2026-08-02T16:58:48+0200
5fe40df717802426,auto-7202408d73d7,vigil@1b5f3d1,vigil,1b5f3d1,janus@8a1e7a1,janus,8a1e7a1,vault,official,1,0,rating,a,a,1.0,core_destroyed,34,,10,110,11,10,369,120,3,5,ok,,2.9,n-62-31-21,29004605,2026-08-02T16:58:45+0200
5fe8acd1e252f140,auto-7202408d73d7,janus@8a1e7a1,janus,8a1e7a1,tempest_reinforcements@65ddc55,tempest_reinforcements,65ddc55,jackpot,official,1,0,rating,b,b,0.0,core_destroyed,73,,119,170,4,6,20,170,15,7,ok,,5.771,n-62-21-62,29004605,2026-08-02T16:57:00+0200
5ffbe92086dc6e0b,auto-7202408d73d7,janus@8a1e7a1,janus,8a1e7a1,vanguard_oracle@75591b7,vanguard_oracle,75591b7,skerry,official,1,0,rating,a,a,1.0,titanium_collected,44,,113,220,7,10,108,180,12,5,ok,,4.226,n-62-11-50,29004605,2026-08-02T16:58:49+0200
6013773d35625acc,auto-7202408d73d7,janus@8a1e7a1,janus,8a1e7a1,lockin@9713344,lockin,9713344,twins,official,1,0,rating,a,a,1.0,core_destroyed,44,,49,160,11,14,120,0,9,5,ok,,5.303,n-62-30-25,29004605,2026-08-02T16:58:11+0200
6018cab92b8164ea,auto-7202408d73d7,janus@8a1e7a1,janus,8a1e7a1,e_post2@4a95297,e_post2,4a95297,sprint,official,1,0,rating,a,a,1.0,core_destroyed,26,,100,0,8,6,111,20,7,13,ok,,3.101,n-62-28-35,29004605,2026-08-02T16:57:46+0200
60204e8126d16512,auto-7202408d73d7,janus@8a1e7a1,janus,8a1e7a1,undertow@da3fd8a,undertow,da3fd8a,runestone,official,1,0,rating,a,a,1.0,core_destroyed,35,,10,60,11,13,66,110,9,11,ok,,3.647,n-62-11-64,29004605,2026-08-02T16:58:27+0200
6022ecdf584e91f4,auto-7202408d73d7,tempest_reinforcements@65ddc55,tempest_reinforcements,65ddc55,janus@8a1e7a1,janus,8a1e7a1,aurora,official,1,0,rating,b,b,0.0,core_destroyed,41,,13,80,9,7,7,80,12,8,ok,,4.776,n-62-21-61,29004605,2026-08-02T16:57:44+0200
603ceb453da23f1a,auto-7202408d73d7,janus@8a1e7a1,janus,8a1e7a1,opponent_luc@e83a42c,opponent_luc,e83a42c,aurora,official,1,0,rating,a,a,1.0,core_destroyed,36,,35,70,12,7,58,0,11,2,ok,,6.23,n-62-11-50,29004605,2026-08-02T16:58:00+0200
604240fdc68b7660,auto-7202408d73d7,janus@8a1e7a1,janus,8a1e7a1,tempest_fast@eb1f0f3,tempest_fast,eb1f0f3,sweden,official,1,0,rating,a,a,1.0,core_destroyed,76,,175,400,10,22,301,0,5,5,ok,,4.808,n-62-21-13,29004605,2026-08-02T16:56:59+0200
60483a59abb7d9fc,auto-7202408d73d7,siege_v2@9713344,siege_v2,9713344,janus@8a1e7a1,janus,8a1e7a1,string,official,1,0,rating,b,b,0.0,core_destroyed,93,,387,0,3,2,340,220,9,4,ok,,3.63,n-62-12-1,29004605,2026-08-02T16:57:46+0200
6063e81f6844131e,auto-7202408d73d7,v233_b@9713344,v233_b,9713344,janus@8a1e7a1,janus,8a1e7a1,jackpot,official,1,0,rating,b,b,0.0,core_destroyed,58,,114,0,4,1,112,250,9,8,ok,,3.553,n-62-28-33,29004605,2026-08-02T16:59:18+0200
60a234ff22137090,auto-7202408d73d7,tempest_sentinel@fdc1e1f,tempest_sentinel,fdc1e1f,janus@8a1e7a1,janus,8a1e7a1,runestone,official,1,0,rating,b,b,0.0,core_destroyed,27,,53,40,7,5,3,40,10,13,ok,,3.555,n-62-21-71,29004605,2026-08-02T16:58:07+0200
60b58c7f5ecc5b81,auto-7202408d73d7,janus@8a1e7a1,janus,8a1e7a1,turtle@9713344,turtle,9713344,hive,official,1,0,rating,a,a,1.0,core_destroyed,69,,33,300,12,25,104,0,3,7,ok,,3.779,n-62-31-21,29004605,2026-08-02T16:58:49+0200
60c27870f3da5ef1,auto-7202408d73d7,janus@8a1e7a1,janus,8a1e7a1,frontier_v1@9713344,frontier_v1,9713344,duel,official,1,0,rating,a,a,1.0,core_destroyed,47,,201,190,9,6,109,0,8,3,ok,,3.056,n-62-29-14,29004605,2026-08-02T16:57:52+0200
60cb3781e0fafa69,auto-7202408d73d7,vg_v2@9713344,vg_v2,9713344,janus@8a1e7a1,janus,8a1e7a1,sprint,official,1,0,rating,b,b,0.0,core_destroyed,34,,99,70,3,6,3,100,9,20,ok,,3.047,n-62-21-89,29004605,2026-08-02T16:59:33+0200
60da7138e450f6e6,auto-7202408d73d7,vg_v1@9713344,vg_v1,9713344,janus@8a1e7a1,janus,8a1e7a1,runestone,official,1,0,rating,b,b,0.0,core_destroyed,29,,75,40,4,7,3,40,11,14,ok,,3.307,n-62-11-55,29004605,2026-08-02T16:59:00+0200
60f7e56575b918ac,auto-7202408d73d7,janus@8a1e7a1,janus,8a1e7a1,vg_v5@9713344,vg_v5,9713344,twins,official,1,0,rating,a,a,1.0,core_destroyed,152,,485,1180,12,63,133,560,7,20,ok,,6.25,n-62-12-4,29004605,2026-08-02T16:59:37+0200
611f376729a937f9,auto-7202408d73d7,nemesis@9713344,nemesis,9713344,janus@8a1e7a1,janus,8a1e7a1,quarry,official,1,0,rating,b,b,0.0,core_destroyed,68,,42,0,4,16,265,410,8,25,ok,,3.862,n-62-31-13,29004605,2026-08-02T16:57:37+0200
611f727415b2771e,auto-7202408d73d7,frontier_v1@9713344,frontier_v1,9713344,janus@8a1e7a1,janus,8a1e7a1,sprint,official,1,0,rating,b,b,0.0,core_destroyed,67,,1,0,5,3,350,360,7,29,ok,,3.428,n-62-29-16,29004605,2026-08-02T16:58:07+0200
615f45248deaf91d,auto-7202408d73d7,tempest_picket@fdc1e1f,tempest_picket,fdc1e1f,janus@8a1e7a1,janus,8a1e7a1,fjord,official,1,0,rating,b,b,0.0,core_destroyed,34,,203,0,7,2,2,170,12,10,ok,,3.172,n-62-12-65,29004605,2026-08-02T16:57:25+0200
6167df400a93b0de,auto-7202408d73d7,janus@8a1e7a1,janus,8a1e7a1,v233_a@9713344,v233_a,9713344,bridge,official,1,0,rating,a,a,1.0,titanium_collected,1000,,9583,7340,9,19,6933,4910,10,13,ok,,15.047,n-62-28-35,29004605,2026-08-02T16:58:29+0200
616ba80c9dcb190a,auto-7202408d73d7,janus@8a1e7a1,janus,8a1e7a1,tempest_frontier@fdc1e1f,tempest_frontier,fdc1e1f,vase,official,1,0,rating,b,b,0.0,core_destroyed,32,,92,40,8,6,77,40,8,7,ok,,3.413,n-62-21-24,29004605,2026-08-02T16:57:31+0200
61719cc3c2f6d801,auto-7202408d73d7,nemesis@9713344,nemesis,9713344,janus@8a1e7a1,janus,8a1e7a1,vault,official,1,0,rating,b,b,0.0,core_destroyed,59,,90,0,9,8,312,250,8,11,ok,,3.844,n-62-11-50,29004605,2026-08-02T16:57:45+0200
617264ed2171da60,auto-7202408d73d7,janus@8a1e7a1,janus,8a1e7a1,casemate_oracle@902be71,casemate_oracle,902be71,sprint,official,1,0,rating,a,a,1.0,core_destroyed,23,,38,0,9,2,9,0,13,2,ok,,3.913,n-62-11-65,29004605,2026-08-02T16:58:18+0200
6197b68b74595b72,auto-7202408d73d7,vg_v1@9713344,vg_v1,9713344,janus@8a1e7a1,janus,8a1e7a1,atoll,official,1,0,rating,b,b,0.0,core_destroyed,47,,127,100,7,7,78,180,11,10,ok,,3.128,n-62-11-54,29004605,2026-08-02T16:58:54+0200
61a1cf03e70d4410,auto-7202408d73d7,janus@8a1e7a1,janus,8a1e7a1,vanguard_oracle@902be71,vanguard_oracle,902be71,fjord,official,1,0,rating,a,a,1.0,core_destroyed,49,,39,290,13,13,59,200,13,5,ok,,4.634,n-62-11-51,29004605,2026-08-02T16:59:20+0200
61ad39eee1746501,auto-7202408d73d7,tempest_reinforcements@65ddc55,tempest_reinforcements,65ddc55,janus@8a1e7a1,janus,8a1e7a1,sprint,official,1,0,rating,b,b,0.0,core_destroyed,27,,7,40,10,4,18,50,9,16,ok,,4.13,n-62-21-62,29004605,2026-08-02T16:58:05+0200
61afbda98216dab2,auto-7202408d73d7,v233_d@9713344,v233_d,9713344,janus@8a1e7a1,janus,8a1e7a1,sweden,official,1,0,rating,b,b,0.0,core_destroyed,77,,114,130,7,7,344,410,10,22,ok,,3.95,n-62-29-9,29004605,2026-08-02T16:59:31+0200
61b417e0722a0fd0,auto-7202408d73d7,janus@8a1e7a1,janus,8a1e7a1,v233_f@9713344,v233_f,9713344,runestone,official,1,0,rating,a,a,1.0,core_destroyed,36,,20,60,11,13,114,110,8,12,ok,,3.299,n-62-29-18,29004605,2026-08-02T16:58:53+0200
61b71b0aa58104c6,auto-7202408d73d7,mistral@ba943b9,mistral,ba943b9,janus@8a1e7a1,janus,8a1e7a1,jackpot,official,1,0,rating,b,b,0.0,core_destroyed,50,,278,0,5,0,123,210,12,8,ok,,4.298,n-62-31-16,29004605,2026-08-02T16:58:33+0200
61f1a0c975bfcf73,auto-7202408d73d7,tempest_reinforcements@65ddc55,tempest_reinforcements,65ddc55,janus@8a1e7a1,janus,8a1e7a1,duel,official,1,0,rating,a,a,1.0,core_destroyed,34,,18,80,9,4,26,130,11,10,ok,,4.055,n-62-21-61,29004605,2026-08-02T16:58:11+0200
6207dc21812d003f,auto-7202408d73d7,undertow_oracle@fdc1e1f,undertow_oracle,fdc1e1f,janus@8a1e7a1,janus,8a1e7a1,hive,official,1,0,rating,b,b,0.0,core_destroyed,51,,90,160,6,25,42,160,9,18,ok,,3.606,n-62-21-103,29004605,2026-08-02T16:58:31+0200
621477d28ebbd04a,auto-7202408d73d7,janus@8a1e7a1,janus,8a1e7a1,riptide@9713344,riptide,9713344,bridge,official,1,0,rating,a,a,1.0,titanium_collected,1000,,9589,7340,9,19,8992,7320,7,17,ok,,18.413,n-62-21-91,29004605,2026-08-02T16:57:13+0200
621e36592bd15d7d,auto-7202408d73d7,janus@8a1e7a1,janus,8a1e7a1,v233_e@9713344,v233_e,9713344,string,official,1,0,rating,a,a,1.0,core_destroyed,61,,274,480,9,20,84,140,6,4,ok,,3.785,n-62-29-13,29004605,2026-08-02T16:59:23+0200
622e0eecc6e6371a,auto-7202408d73d7,prospect_rushonly@bf9b3e3,prospect_rushonly,bf9b3e3,janus@8a1e7a1,janus,8a1e7a1,showdown,official,1,0,rating,a,a,1.0,core_destroyed,25,,10,0,9,5,152,0,5,5,ok,,3.119,n-62-11-54,29004605,2026-08-02T16:58:13+0200
623a614f6f279a63,auto-7202408d73d7,vanguard@818f3b4,vanguard,818f3b4,janus@8a1e7a1,janus,8a1e7a1,fjord,official,1,0,rating,b,b,0.0,core_destroyed,37,,96,200,7,8,12,200,12,12,ok,,4.056,n-62-29-34,29004605,2026-08-02T16:58:34+0200
623f47a1e2653bd6,auto-7202408d73d7,janus@8a1e7a1,janus,8a1e7a1,vigil@bf9b3e3,vigil,bf9b3e3,skerry,official,1,0,rating,b,b,0.0,core_destroyed,35,,124,130,9,6,0,130,10,11,ok,,3.802,n-62-21-15,29004605,2026-08-02T16:59:18+0200
625f0e06aad2ecfa,auto-7202408d73d7,uw_v2@9713344,uw_v2,9713344,janus@8a1e7a1,janus,8a1e7a1,string,official,1,0,rating,a,a,1.0,core_destroyed,103,,404,470,9,8,105,140,8,1,ok,,4.478,n-62-28-31,29004605,2026-08-02T16:59:05+0200
627d959357876ee6,auto-7202408d73d7,janus@8a1e7a1,janus,8a1e7a1,tempest_reinforcements@e1dc316,tempest_reinforcements,e1dc316,vase,official,1,0,rating,b,b,0.0,core_destroyed,55,,92,100,9,6,44,30,10,10,ok,,4.26,n-62-21-67,29004605,2026-08-02T16:58:01+0200
62a439031b4175d6,auto-7202408d73d7,riptide@9713344,riptide,9713344,janus@8a1e7a1,janus,8a1e7a1,duel,official,1,0,rating,b,b,0.0,core_destroyed,43,,61,40,6,1,17,190,11,18,ok,,4.513,n-62-21-91,29004605,2026-08-02T16:57:55+0200
62a8a35d2675d1c9,auto-7202408d73d7,janus@8a1e7a1,janus,8a1e7a1,v233_d@9713344,v233_d,9713344,showdown,official,1,0,rating,a,a,1.0,core_destroyed,32,,36,0,10,8,37,0,3,5,ok,,3.475,n-62-29-9,29004605,2026-08-02T16:58:43+0200
62ae55459e343655,auto-7202408d73d7,vanguard@9932bec,vanguard,9932bec,janus@8a1e7a1,janus,8a1e7a1,vault,official,1,0,rating,a,a,1.0,core_destroyed,36,,69,150,13,7,308,130,7,5,ok,,3.767,n-62-30-25,29004605,2026-08-02T16:59:29+0200
62ccb6c3cecc8196,auto-7202408d73d7,janus@8a1e7a1,janus,8a1e7a1,uw_v1@9713344,uw_v1,9713344,pinch,official,1,0,rating,a,a,1.0,core_destroyed,54,,40,300,11,26,106,110,4,13,ok,,3.437,n-62-21-97,29004605,2026-08-02T16:59:18+0200
62ce5e4a44467995,auto-7202408d73d7,janus@8a1e7a1,janus,8a1e7a1,v233_f@9713344,v233_f,9713344,hive,official,1,0,rating,a,a,1.0,core_destroyed,46,,53,130,12,15,60,160,7,25,ok,,3.49,n-62-29-14,29004605,2026-08-02T16:59:39+0200
62d5720f2be9cbad,auto-7202408d73d7,undertow_1ac7ac4@da3fd8a,undertow_1ac7ac4,da3fd8a,janus@8a1e7a1,janus,8a1e7a1,longship,official,1,0,rating,b,b,0.0,core_destroyed,42,,115,170,8,18,2,130,12,12,ok,,4.042,n-62-21-92,29004605,2026-08-02T16:58:31+0200
62f4b79a312e9626,auto-7202408d73d7,janus@8a1e7a1,janus,8a1e7a1,tempest_picket@fdc1e1f,tempest_picket,fdc1e1f,twins,official,1,0,rating,b,b,0.0,core_destroyed,28,,124,40,9,3,23,70,11,11,ok,,3.932,n-62-12-64,29004605,2026-08-02T16:57:43+0200
6307ea0c146fa846,auto-7202408d73d7,jonbot@9713344,jonbot,9713344,janus@8a1e7a1,janus,8a1e7a1,hive,official,1,0,rating,b,b,0.0,core_destroyed,43,,277,0,5,0,30,110,10,18,ok,,2.92,n-62-29-8,29004605,2026-08-02T16:57:21+0200
631924985da39c33,auto-7202408d73d7,tempest_oracle_ferry@fdc1e1f,tempest_oracle_ferry,fdc1e1f,janus@8a1e7a1,janus,8a1e7a1,quarry,official,1,0,rating,a,a,1.0,core_destroyed,46,,101,80,8,8,95,60,9,14,ok,,3.513,n-62-13-7,29004605,2026-08-02T16:57:48+0200
6321988439c705fd,auto-7202408d73d7,janus@8a1e7a1,janus,8a1e7a1,claude_challenger_1@fdc1e1f,claude_challenger_1,fdc1e1f,twins,official,1,0,rating,a,a,1.0,core_destroyed,44,,49,160,11,14,120,0,9,5,ok,,5.413,n-62-21-92,29004605,2026-08-02T16:57:23+0200
6345ac4c5010832e,auto-7202408d73d7,janus@8a1e7a1,janus,8a1e7a1,jonbot@da3fd8a,jonbot,da3fd8a,fjord,official,1,0,rating,a,a,1.0,core_destroyed,39,,2,200,12,15,300,80,4,6,ok,,3.61,n-62-29-31,29004605,2026-08-02T16:57:26+0200
6349d265e74246c5,auto-7202408d73d7,janus@8a1e7a1,janus,8a1e7a1,tempest_reinforcements@025dd51,tempest_reinforcements,025dd51,sweden,official,1,0,rating,b,b,0.0,core_destroyed,43,,109,140,6,26,19,0,11,6,ok,,3.345,n-62-12-67,29004605,2026-08-02T16:57:49+0200
634f0f29e6178a61,auto-7202408d73d7,janus@8a1e7a1,janus,8a1e7a1,vigil@18b749d,vigil,18b749d,fjord,official,1,0,rating,b,b,0.0,core_destroyed,28,,136,90,7,5,30,100,11,7,ok,,3.356,n-62-31-5,29004605,2026-08-02T16:59:17+0200
6354ed25a87f0390,auto-7202408d73d7,titanium_v1@9713344,titanium_v1,9713344,janus@8a1e7a1,janus,8a1e7a1,duel,official,1,0,rating,b,b,0.0,core_destroyed,29,,272,0,4,4,70,110,9,9,ok,,2.655,n-62-31-5,29004605,2026-08-02T16:58:19+0200
635f7210c39b2099,auto-7202408d73d7,janus@8a1e7a1,janus,8a1e7a1,e_condc@6db8844,e_condc,6db8844,hive,official,1,0,rating,a,a,1.0,core_destroyed,102,,68,620,12,31,6,120,6,12,ok,,4.089,n-62-21-98,29004605,2026-08-02T16:57:39+0200
63741120dab36456,auto-7202408d73d7,janus@8a1e7a1,janus,8a1e7a1,nemesis@9713344,nemesis,9713344,sprint,official,1,0,rating,a,a,1.0,core_destroyed,39,,84,150,7,20,59,80,6,13,ok,,3.32,n-62-31-13,29004605,2026-08-02T16:58:06+0200
6375c2d57f48a32d,auto-7202408d73d7,janus@8a1e7a1,janus,8a1e7a1,autistimusprime@ecd4d24,autistimusprime,ecd4d24,string,official,1,0,rating,a,a,1.0,core_destroyed,52,,73,300,11,11,30,0,5,8,ok,,4.376,n-62-31-21,29004605,2026-08-02T16:58:00+0200
639d02817f67cb5c,auto-7202408d73d7,janus@8a1e7a1,janus,8a1e7a1,vanguard@da3fd8a,vanguard,da3fd8a,skerry,official,1,0,rating,a,a,1.0,core_destroyed,63,,41,310,13,13,74,370,7,11,ok,,5.483,n-62-31-15,29004605,2026-08-02T16:58:40+0200
63b0c038bde3091a,auto-7202408d73d7,janus@8a1e7a1,janus,8a1e7a1,opponent_luc@e83a42c,opponent_luc,e83a42c,showdown,official,1,0,rating,a,a,1.0,core_destroyed,22,,54,0,7,11,550,0,0,0,ok,,1.841,n-62-11-51,29004605,2026-08-02T16:57:58+0200
63b9cc5fb5cf1e1c,auto-7202408d73d7,janus@8a1e7a1,janus,8a1e7a1,vanguard_oracle@fdc1e1f,vanguard_oracle,fdc1e1f,string,official,1,0,rating,a,a,1.0,core_destroyed,79,,359,510,11,14,111,320,13,8,ok,,4.141,n-62-11-52,29004605,2026-08-02T16:59:34+0200
63beb493dff22d1e,auto-7202408d73d7,janus@8a1e7a1,janus,8a1e7a1,vanguard@da3fd8a,vanguard,da3fd8a,fjord,official,1,0,rating,b,b,0.0,core_destroyed,58,,91,230,11,18,75,390,10,8,ok,,4.557,n-62-31-8,29004605,2026-08-02T16:58:57+0200
63cb84ce02b290bc,auto-7202408d73d7,claude_challenger_1@fdc1e1f,claude_challenger_1,fdc1e1f,janus@8a1e7a1,janus,8a1e7a1,string,official,1,0,rating,b,b,0.0,core_destroyed,46,,610,0,0,0,70,270,9,13,ok,,2.63,n-62-21-92,29004605,2026-08-02T16:57:11+0200
63d85a2a1f1bc6f0,auto-7202408d73d7,janus@8a1e7a1,janus,8a1e7a1,tempest_outer@fdc1e1f,tempest_outer,fdc1e1f,jackpot,official,1,0,rating,a,a,1.0,core_destroyed,51,,60,210,12,8,205,60,7,5,ok,,6.691,n-62-13-8,29004605,2026-08-02T16:57:50+0200
643be57932bae24f,auto-7202408d73d7,janus@8a1e7a1,janus,8a1e7a1,e_post2@4a95297,e_post2,4a95297,crossfire,official,1,0,rating,a,a,1.0,core_destroyed,44,,71,170,10,11,117,80,10,5,ok,,3.497,n-62-28-34,29004605,2026-08-02T16:57:36+0200
6445dd2e43189035,auto-7202408d73d7,tempest_fast@eb1f0f3,tempest_fast,eb1f0f3,janus@8a1e7a1,janus,8a1e7a1,pinch,official,1,0,rating,b,b,0.0,core_destroyed,28,,91,0,8,3,47,60,8,12,ok,,3.732,n-62-21-12,29004605,2026-08-02T16:57:20+0200
645b6577a644cc27,auto-7202408d73d7,e9cand@9e77076,e9cand,9e77076,janus@8a1e7a1,janus,8a1e7a1,jackpot,official,1,0,rating,b,b,0.0,core_destroyed,53,,537,90,2,8,154,230,11,8,ok,,2.912,n-62-21-104,29004605,2026-08-02T16:57:44+0200
6470b3b8ba6cc18a,auto-7202408d73d7,janus@8a1e7a1,janus,8a1e7a1,e_post2@4a95297,e_post2,4a95297,jackpot,official,1,0,rating,a,a,1.0,core_destroyed,118,,293,560,12,19,91,180,10,6,ok,,4.76,n-62-28-34,29004605,2026-08-02T16:58:08+0200
64a16fee09d34aa9,auto-7202408d73d7,vg_v3@9713344,vg_v3,9713344,janus@8a1e7a1,janus,8a1e7a1,bridge,official,1,0,rating,b,b,0.0,core_destroyed,137,,478,340,7,10,422,860,16,17,ok,,5.137,n-62-21-90,29004605,2026-08-02T16:59:41+0200
64b43f3e3d9650e8,auto-7202408d73d7,casemate_oracle@902be71,casemate_oracle,902be71,janus@8a1e7a1,janus,8a1e7a1,hive,official,1,0,rating,b,b,0.0,core_destroyed,48,,131,0,6,22,65,100,11,14,ok,,5.273,n-62-11-65,29004605,2026-08-02T16:57:06+0200
64b57bc0f736152e,auto-7202408d73d7,autistimusprime@ecd4d24,autistimusprime,ecd4d24,janus@8a1e7a1,janus,8a1e7a1,quarry,official,1,0,rating,a,a,1.0,core_destroyed,31,,31,0,12,1,281,70,4,10,ok,,3.688,n-62-31-21,29004605,2026-08-02T16:57:12+0200
64b5d484c6752801,auto-7202408d73d7,janus@8a1e7a1,janus,8a1e7a1,vg_v6@9713344,vg_v6,9713344,bridge,official,1,0,rating,a,a,1.0,core_destroyed,69,,62,420,11,26,70,70,4,11,ok,,4.182,n-62-21-4,29004605,2026-08-02T16:58:32+0200
64bb5289fbdd7f77,auto-7202408d73d7,janus@8a1e7a1,janus,8a1e7a1,vg_v3@9713344,vg_v3,9713344,vase,official,1,0,rating,a,a,1.0,core_destroyed,60,,290,110,6,9,375,0,6,1,ok,,2.551,n-62-12-5,29004605,2026-08-02T16:59:03+0200
64bcfcc986afb34b,auto-7202408d73d7,janus@8a1e7a1,janus,8a1e7a1,titanium_v1@9713344,titanium_v1,9713344,skerry,official,1,0,rating,a,a,1.0,core_destroyed,39,,183,190,9,10,329,0,3,3,ok,,2.542,n-62-31-22,29004605,2026-08-02T16:58:09+0200
64cd05b78eb5bc22,auto-7202408d73d7,claude_challenger_1@fdc1e1f,claude_challenger_1,fdc1e1f,janus@8a1e7a1,janus,8a1e7a1,twins,official,1,0,rating,b,b,0.0,core_destroyed,43,,265,150,7,11,47,150,10,18,ok,,5.263,n-62-21-92,29004605,2026-08-02T16:57:29+0200
653f5fcfa6de31a0,auto-7202408d73d7,tempest_blindfire@fdc1e1f,tempest_blindfire,fdc1e1f,janus@8a1e7a1,janus,8a1e7a1,aurora,official,1,0,rating,b,b,0.0,core_destroyed,38,,247,0,6,3,10,110,11,11,ok,,3.964,n-62-12-4,29004605,2026-08-02T16:57:31+0200
65653e8d035371b9,auto-7202408d73d7,janus@8a1e7a1,janus,8a1e7a1,undertow@9713344,undertow,9713344,runestone,official,1,0,rating,a,a,1.0,core_destroyed,36,,20,60,11,13,113,110,7,11,ok,,3.713,n-62-11-60,29004605,2026-08-02T16:58:18+0200
65715502235492a1,auto-7202408d73d7,janus@8a1e7a1,janus,8a1e7a1,vanguard@da3fd8a,vanguard,da3fd8a,aurora,official,1,0,rating,a,a,1.0,core_destroyed,45,,8,90,13,11,71,230,10,16,ok,,4.833,n-62-31-8,29004605,2026-08-02T16:58:24+0200
658a0d698fec3c46,auto-7202408d73d7,tempest_sentinel@fdc1e1f,tempest_sentinel,fdc1e1f,janus@8a1e7a1,janus,8a1e7a1,aurora,official,1,0,rating,b,b,0.0,core_destroyed,38,,146,0,7,3,10,110,11,11,ok,,3.58,n-62-21-69,29004605,2026-08-02T16:58:18+0200
658ade3d0bacbd1f,auto-7202408d73d7,janus@8a1e7a1,janus,8a1e7a1,e_final@9e77076,e_final,9e77076,pinch,official,1,0,rating,a,a,1.0,core_destroyed,39,,28,80,12,6,3,0,7,7,ok,,3.552,n-62-28-30,29004605,2026-08-02T16:58:10+0200
6593d97f25347310,auto-7202408d73d7,tempest_frontier@fdc1e1f,tempest_frontier,fdc1e1f,janus@8a1e7a1,janus,8a1e7a1,vault,official,1,0,rating,a,a,1.0,core_destroyed,40,,42,0,13,3,285,150,9,5,ok,,4.021,n-62-21-24,29004605,2026-08-02T16:57:43+0200
6594c7faa6cb2787,auto-7202408d73d7,janus@8a1e7a1,janus,8a1e7a1,v233_i@902be71,v233_i,902be71,string,official,1,0,rating,b,b,0.0,core_destroyed,167,,116,900,16,10,271,410,16,4,ok,,7.332,n-62-29-32,29004605,2026-08-02T16:58:34+0200
66001e447e3f33cb,auto-7202408d73d7,janus@8a1e7a1,janus,8a1e7a1,tempest_blindfire@fdc1e1f,tempest_blindfire,fdc1e1f,fjord,official,1,0,rating,a,a,1.0,core_destroyed,33,,30,130,13,8,312,70,4,4,ok,,3.829,n-62-12-4,29004605,2026-08-02T16:57:59+0200
66068e76a063b54d,auto-7202408d73d7,janus@8a1e7a1,janus,8a1e7a1,e_harc@6db8844,e_harc,6db8844,aurora,official,1,0,rating,a,a,1.0,core_destroyed,46,,10,90,12,11,51,90,9,4,ok,,5.8,n-62-28-31,29004605,2026-08-02T16:58:16+0200
660be116df066056,auto-7202408d73d7,janus@8a1e7a1,janus,8a1e7a1,v233_b@9713344,v233_b,9713344,showdown,official,1,0,rating,b,b,0.0,harvesters,31,,11,0,10,7,22,0,2,4,ok,,3.321,n-62-28-34,29004605,2026-08-02T16:58:25+0200
6621fc26dd4c8ecc,auto-7202408d73d7,vanguard_oracle@902be71,vanguard_oracle,902be71,janus@8a1e7a1,janus,8a1e7a1,duel,official,1,0,rating,a,a,1.0,core_destroyed,24,,66,50,10,4,98,70,7,5,ok,,3.396,n-62-11-51,29004605,2026-08-02T16:59:15+0200
662203a2925ccd32,auto-7202408d73d7,janus@8a1e7a1,janus,8a1e7a1,tempest_reinforcements@51ad530,tempest_reinforcements,51ad530,strait,official,1,0,rating,a,a,1.0,core_destroyed,45,,77,130,11,12,16,0,9,4,ok,,4.523,n-62-21-60,29004605,2026-08-02T16:58:08+0200
666c2b1a9eb4abb0,auto-7202408d73d7,janus@8a1e7a1,janus,8a1e7a1,vanguard_oracle@75591b7,vanguard_oracle,75591b7,vase,official,1,0,rating,b,b,0.0,core_destroyed,53,,72,90,11,6,117,90,11,7,ok,,3.755,n-62-11-50,29004605,2026-08-02T16:59:42+0200
666f4d5f00a39e55,auto-7202408d73d7,janus@8a1e7a1,janus,8a1e7a1,titanium_v1@9713344,titanium_v1,9713344,twins,official,1,0,rating,a,a,1.0,core_destroyed,40,,31,120,12,13,336,0,3,3,ok,,2.762,n-62-31-22,29004605,2026-08-02T16:58:40+0200
66778ed9cb761986,auto-7202408d73d7,janus@8a1e7a1,janus,8a1e7a1,vg_v1@9713344,vg_v1,9713344,bridge,official,1,0,rating,a,a,1.0,core_destroyed,55,,100,250,9,19,91,100,4,12,ok,,3.264,n-62-11-54,29004605,2026-08-02T16:59:06+0200
668265d60a00974c,auto-7202408d73d7,uw_v1@9713344,uw_v1,9713344,janus@8a1e7a1,janus,8a1e7a1,strait,official,1,0,rating,b,b,0.0,core_destroyed,77,,113,190,3,12,121,460,10,35,ok,,3.752,n-62-21-98,29004605,2026-08-02T16:58:28+0200
6683b2b541330f64,auto-7202408d73d7,janus@8a1e7a1,janus,8a1e7a1,baiter@9713344,baiter,9713344,skerry,official,1,0,rating,a,a,1.0,core_destroyed,57,,182,340,9,22,93,0,5,6,ok,,4.548,n-62-31-24,29004605,2026-08-02T16:57:47+0200
669f7847729b3878,auto-7202408d73d7,frontier_v2@9713344,frontier_v2,9713344,janus@8a1e7a1,janus,8a1e7a1,longship,official,1,0,rating,b,b,0.0,core_destroyed,32,,132,0,7,3,27,80,11,9,ok,,3.074,n-62-29-24,29004605,2026-08-02T16:57:22+0200
66bf5efa193740ff,auto-7202408d73d7,janus@8a1e7a1,janus,8a1e7a1,casemate_oracle@902be71,casemate_oracle,902be71,vault,official,1,0,rating,a,a,1.0,core_destroyed,47,,256,180,8,7,44,0,7,24,ok,,4.911,n-62-11-66,29004605,2026-08-02T16:57:36+0200
66c5b077c04cda0d,auto-7202408d73d7,e_condc@6db8844,e_condc,6db8844,janus@8a1e7a1,janus,8a1e7a1,skerry,official,1,0,rating,b,b,0.0,core_destroyed,49,,89,190,8,6,7,260,11,18,ok,,3.999,n-62-21-99,29004605,2026-08-02T16:57:17+0200
66cf47de8c0992be,auto-7202408d73d7,janus@8a1e7a1,janus,8a1e7a1,jonbot@9713344,jonbot,9713344,showdown,official,1,0,rating,a,a,1.0,core_destroyed,25,,0,10,9,14,233,0,5,0,ok,,2.47,n-62-29-8,29004605,2026-08-02T16:57:58+0200
66db85d8de7d9e52,auto-7202408d73d7,jonbot_190003d@da3fd8a,jonbot_190003d,da3fd8a,janus@8a1e7a1,janus,8a1e7a1,quarry,official,1,0,rating,b,b,0.0,core_destroyed,56,,75,100,8,22,80,110,8,17,ok,,2.901,n-62-29-34,29004605,2026-08-02T16:58:14+0200
66e9abc049b0910f,auto-7202408d73d7,janus@8a1e7a1,janus,8a1e7a1,e_condc@6db8844,e_condc,6db8844,sprint,official,1,0,rating,a,a,1.0,core_destroyed,36,,31,60,7,16,41,60,7,17,ok,,3.162,n-62-21-99,29004605,2026-08-02T16:57:20+0200
66edd3460c968ae1,auto-7202408d73d7,v233_a@9713344,v233_a,9713344,janus@8a1e7a1,janus,8a1e7a1,string,official,1,0,rating,b,b,0.0,core_destroyed,77,,91,0,1,2,108,450,10,18,ok,,3.63,n-62-28-28,29004605,2026-08-02T16:59:00+0200
66f5dea913299a3e,auto-7202408d73d7,janus@8a1e7a1,janus,8a1e7a1,vg_v6@9713344,vg_v6,9713344,string,official,1,0,rating,a,a,1.0,core_destroyed,51,,104,370,10,12,100,0,1,1,ok,,3.649,n-62-21-8,29004605,2026-08-02T16:59:19+0200
6702d765a177fa63,auto-7202408d73d7,turtle@9713344,turtle,9713344,janus@8a1e7a1,janus,8a1e7a1,quarry,official,1,0,rating,b,b,0.0,core_destroyed,312,,379,740,9,14,4538,4880,7,43,ok,,5.518,n-62-31-21,29004605,2026-08-02T16:59:27+0200
6704532c63e63bfa,auto-7202408d73d7,undertow@9713344,undertow,9713344,janus@8a1e7a1,janus,8a1e7a1,atoll,official,1,0,rating,b,b,0.0,core_destroyed,47,,77,220,8,20,40,180,11,10,ok,,4.093,n-62-31-24,29004605,2026-08-02T16:58:14+0200
6713bf4bb003d470,auto-7202408d73d7,attack_wave_v1@9713344,attack_wave_v1,9713344,janus@8a1e7a1,janus,8a1e7a1,bridge,official,1,0,rating,b,b,0.0,core_destroyed,45,,161,0,6,4,72,170,9,17,ok,,3.465,n-62-31-4,29004605,2026-08-02T16:57:16+0200
67239638fcbc89bd,auto-7202408d73d7,v233_d@9713344,v233_d,9713344,janus@8a1e7a1,janus,8a1e7a1,bridge,official,1,0,rating,b,b,0.0,titanium_collected,1000,,5974,4920,15,15,7128,7340,17,15,ok,,21.887,n-62-29-28,29004605,2026-08-02T16:59:04+0200
672b4fd25019ac67,auto-7202408d73d7,mistral@ba943b9,mistral,ba943b9,janus@8a1e7a1,janus,8a1e7a1,hive,official,1,0,rating,b,b,0.0,core_destroyed,42,,210,0,8,0,60,80,10,15,ok,,6.322,n-62-31-16,29004605,2026-08-02T16:58:24+0200
673031c7c75f6a62,auto-7202408d73d7,vanguard_oracle@75591b7,vanguard_oracle,75591b7,janus@8a1e7a1,janus,8a1e7a1,hive,official,1,0,rating,b,b,0.0,core_destroyed,42,,99,80,10,4,48,80,12,13,ok,,4.454,n-62-31-7,29004605,2026-08-02T16:59:42+0200
673103d447ce5814,auto-7202408d73d7,v233_d@9713344,v233_d,9713344,janus@8a1e7a1,janus,8a1e7a1,aurora,official,1,0,rating,b,b,0.0,core_destroyed,46,,81,90,9,9,13,150,12,12,ok,,3.965,n-62-29-28,29004605,2026-08-02T16:58:38+0200
6731393bc3835a65,auto-7202408d73d7,janus@8a1e7a1,janus,8a1e7a1,casemate@902be71,casemate,902be71,string,official,1,0,rating,a,a,1.0,core_destroyed,94,,359,790,11,11,61,0,4,23,ok,,3.474,n-62-11-61,29004605,2026-08-02T16:58:36+0200
6741e9cbb5e478a4,auto-7202408d73d7,janus@8a1e7a1,janus,8a1e7a1,tempest_ferry@26b5aa1,tempest_ferry,26b5aa1,hive,official,1,0,rating,a,a,1.0,core_destroyed,47,,44,140,12,15,35,0,11,3,ok,,5.012,n-62-21-2,29004605,2026-08-02T16:56:59+0200
67542b77c29da7e3,auto-7202408d73d7,janus@8a1e7a1,janus,8a1e7a1,reaver@9713344,reaver,9713344,showdown,official,1,0,rating,a,a,1.0,core_destroyed,32,,28,50,8,15,92,0,2,5,ok,,2.716,n-62-11-59,29004605,2026-08-02T16:58:09+0200
677cfa0fbe6c1438,auto-7202408d73d7,prospect_rushonly@bf9b3e3,prospect_rushonly,bf9b3e3,janus@8a1e7a1,janus,8a1e7a1,fjord,official,1,0,rating,b,b,0.0,core_destroyed,34,,83,170,8,10,9,170,12,10,ok,,4.406,n-62-11-54,29004605,2026-08-02T16:57:12+0200
67aee1ec305da78c,auto-7202408d73d7,tempest_blindfire@fdc1e1f,tempest_blindfire,fdc1e1f,janus@8a1e7a1,janus,8a1e7a1,crossfire,official,1,0,rating,b,b,0.0,core_destroyed,22,,147,0,8,2,13,60,10,8,ok,,3.888,n-62-12-4,29004605,2026-08-02T16:57:46+0200
67b034a99e198085,auto-7202408d73d7,janus@8a1e7a1,janus,8a1e7a1,undertow@da3fd8a,undertow,da3fd8a,vault,official,1,0,rating,b,b,0.0,core_destroyed,44,,250,160,9,6,51,190,12,7,ok,,4.686,n-62-11-65,29004605,2026-08-02T16:58:37+0200
67bb60de4bbc569d,auto-7202408d73d7,tempest_reinforcements@38f9c23,tempest_reinforcements,38f9c23,janus@8a1e7a1,janus,8a1e7a1,runestone,official,1,0,rating,a,a,1.0,core_destroyed,27,,9,40,12,8,9,40,11,6,ok,,4.451,n-62-21-54,29004605,2026-08-02T16:57:13+0200
67bbb200b55ae522,auto-7202408d73d7,claude_challenger_1@fdc1e1f,claude_challenger_1,fdc1e1f,janus@8a1e7a1,janus,8a1e7a1,longship,official,1,0,rating,b,b,0.0,core_destroyed,42,,133,80,9,6,34,80,11,14,ok,,5.939,n-62-11-68,29004605,2026-08-02T16:57:38+0200
67be69ee6c7f873a,auto-7202408d73d7,v233_b@9713344,v233_b,9713344,janus@8a1e7a1,janus,8a1e7a1,aurora,official,1,0,rating,b,b,0.0,core_destroyed,41,,78,80,7,9,2,130,12,12,ok,,3.64,n-62-28-33,29004605,2026-08-02T16:58:22+0200
67c8b260775b733f,auto-7202408d73d7,janus@8a1e7a1,janus,8a1e7a1,claude_challenger_1@fdc1e1f,claude_challenger_1,fdc1e1f,vault,official,1,0,rating,a,a,1.0,core_destroyed,48,,327,190,7,7,37,0,10,3,ok,,5.681,n-62-21-92,29004605,2026-08-02T16:57:40+0200
67c9a94fcf0cd05a,auto-7202408d73d7,janus@8a1e7a1,janus,8a1e7a1,siege_v2@9713344,siege_v2,9713344,runestone,official,1,0,rating,a,a,1.0,core_destroyed,30,,13,50,11,12,173,0,6,3,ok,,3.839,n-62-12-1,29004605,2026-08-02T16:57:06+0200
67dc04ca778b16c7,auto-7202408d73d7,vg_v5@9713344,vg_v5,9713344,janus@8a1e7a1,janus,8a1e7a1,skerry,official,1,0,rating,b,b,0.0,core_destroyed,40,,114,0,7,4,99,200,10,14,ok,,3.893,n-62-12-4,29004605,2026-08-02T16:58:36+0200
67ee077998561c40,auto-7202408d73d7,e9cand@9e77076,e9cand,9e77076,janus@8a1e7a1,janus,8a1e7a1,sprint,official,1,0,rating,b,b,0.0,core_destroyed,33,,94,60,6,12,3,30,8,18,ok,,3.122,n-62-21-97,29004605,2026-08-02T16:57:16+0200
67f364f73a4507b2,auto-7202408d73d7,vg_v7@9713344,vg_v7,9713344,janus@8a1e7a1,janus,8a1e7a1,skerry,official,1,0,rating,b,b,0.0,core_destroyed,40,,102,0,8,4,99,200,10,14,ok,,3.506,n-62-31-4,29004605,2026-08-02T16:58:54+0200
67f6923f4962aed1,auto-7202408d73d7,janus@8a1e7a1,janus,8a1e7a1,tempest_blindfire@fdc1e1f,tempest_blindfire,fdc1e1f,hive,official,1,0,rating,a,a,1.0,core_destroyed,47,,77,140,11,15,63,0,10,3,ok,,4.657,n-62-12-4,29004605,2026-08-02T16:58:09+0200
68079b75ca61a9f4,auto-7202408d73d7,autistimusprime@ecd4d24,autistimusprime,ecd4d24,janus@8a1e7a1,janus,8a1e7a1,runestone,official,1,0,rating,b,b,0.0,core_destroyed,30,,60,40,9,5,3,40,11,14,ok,,4.211,n-62-31-21,29004605,2026-08-02T16:57:21+0200
681d22284029474c,auto-7202408d73d7,tempest_picket@fdc1e1f,tempest_picket,fdc1e1f,janus@8a1e7a1,janus,8a1e7a1,showdown,official,1,0,rating,a,a,1.0,core_destroyed,19,,18,0,10,6,101,0,7,5,ok,,3.56,n-62-12-64,29004605,2026-08-02T16:57:02+0200
681d4bee7fa3b2da,auto-7202408d73d7,janus@8a1e7a1,janus,8a1e7a1,v233_f@9713344,v233_f,9713344,duel,official,1,0,rating,a,a,1.0,core_destroyed,50,,26,260,11,20,70,170,8,7,ok,,3.346,n-62-29-14,29004605,2026-08-02T16:59:24+0200
6822e337a3d6898e,auto-7202408d73d7,v233_f@9713344,v233_f,9713344,janus@8a1e7a1,janus,8a1e7a1,showdown,official,1,0,rating,b,b,0.0,core_destroyed,25,,44,0,7,8,48,0,10,8,ok,,3.143,n-62-29-18,29004605,2026-08-02T16:59:03+0200
6825e7dd2a1705ba,auto-7202408d73d7,e_harc@6db8844,e_harc,6db8844,janus@8a1e7a1,janus,8a1e7a1,longship,official,1,0,rating,b,b,0.0,core_destroyed,35,,34,0,8,15,22,100,11,9,ok,,3.43,n-62-28-31,29004605,2026-08-02T16:59:32+0200
683b43ca82549990,auto-7202408d73d7,v233_d@9713344,v233_d,9713344,janus@8a1e7a1,janus,8a1e7a1,skerry,official,1,0,rating,b,b,0.0,core_destroyed,46,,74,40,7,4,64,240,11,17,ok,,3.811,n-62-29-9,29004605,2026-08-02T16:58:55+0200
68409239b5460c49,auto-7202408d73d7,vg_v1@9713344,vg_v1,9713344,janus@8a1e7a1,janus,8a1e7a1,fjord,official,1,0,rating,b,b,0.0,core_destroyed,38,,70,80,5,6,19,200,12,12,ok,,3.476,n-62-11-54,29004605,2026-08-02T16:59:31+0200
68a66360e0b0f876,auto-7202408d73d7,janus@8a1e7a1,janus,8a1e7a1,vanguard_oracle@75591b7,vanguard_oracle,75591b7,duel,official,1,0,rating,a,a,1.0,core_destroyed,48,,79,210,9,21,77,210,7,5,ok,,3.336,n-62-31-7,29004605,2026-08-02T16:59:19+0200
68abc4db7a2cf24d,auto-7202408d73d7,v233_i@902be71,v233_i,902be71,janus@8a1e7a1,janus,8a1e7a1,runestone,official,1,0,rating,b,b,0.0,core_destroyed,28,,76,80,9,12,18,40,11,9,ok,,3.314,n-62-29-8,29004605,2026-08-02T16:59:36+0200
68c0cd4fb5582b29,auto-7202408d73d7,janus@8a1e7a1,janus,8a1e7a1,tempest_ferry@26b5aa1,tempest_ferry,26b5aa1,jackpot,official,1,0,rating,a,a,1.0,core_destroyed,51,,60,210,12,8,146,60,8,5,ok,,4.711,n-62-21-2,29004605,2026-08-02T16:57:08+0200
68d34ff756378f2c,auto-7202408d73d7,mistral@ba943b9,mistral,ba943b9,janus@8a1e7a1,janus,8a1e7a1,twins,official,1,0,rating,b,b,0.0,core_destroyed,27,,284,0,4,0,39,70,10,13,ok,,3.239,n-62-31-19,29004605,2026-08-02T16:58:31+0200
69029ed7c786c8ba,auto-7202408d73d7,janus@8a1e7a1,janus,8a1e7a1,tempest_sentinel@fdc1e1f,tempest_sentinel,fdc1e1f,sweden,official,1,0,rating,a,a,1.0,core_destroyed,76,,175,400,10,22,301,0,5,5,ok,,4.385,n-62-31-4,29004605,2026-08-02T16:58:39+0200
6902b93ef95df093,auto-7202408d73d7,tempest_reinforcements@51ad530,tempest_reinforcements,51ad530,janus@8a1e7a1,janus,8a1e7a1,atoll,official,1,0,rating,a,a,1.0,core_destroyed,32,,20,70,11,6,224,100,7,6,ok,,3.861,n-62-21-59,29004605,2026-08-02T16:57:21+0200
6906a1ab31eef773,auto-7202408d73d7,vigil@18b749d,vigil,18b749d,janus@8a1e7a1,janus,8a1e7a1,hive,official,1,0,rating,b,b,0.0,core_destroyed,42,,6,80,11,10,5,80,12,6,ok,,4.616,n-62-31-5,29004605,2026-08-02T16:59:32+0200
691b20c64a4d4660,auto-7202408d73d7,janus@8a1e7a1,janus,8a1e7a1,e_final@9e77076,e_final,9e77076,aurora,official,1,0,rating,a,a,1.0,core_destroyed,40,,20,80,13,9,89,70,8,4,ok,,3.782,n-62-28-30,29004605,2026-08-02T16:57:06+0200
691dfe01a2c2e64a,auto-7202408d73d7,janus@8a1e7a1,janus,8a1e7a1,baiter@9713344,baiter,9713344,runestone,official,1,0,rating,a,a,1.0,core_destroyed,35,,8,60,12,13,112,0,5,9,ok,,4.412,n-62-31-24,29004605,2026-08-02T16:57:30+0200
692c6767f493a628,auto-7202408d73d7,janus@8a1e7a1,janus,8a1e7a1,vanguard_oracle@902be71,vanguard_oracle,902be71,aurora,official,1,0,rating,a,a,1.0,core_destroyed,39,,11,80,13,9,89,130,10,8,ok,,4.4,n-62-11-51,29004605,2026-08-02T16:58:45+0200
6943fcef89eeb3eb,auto-7202408d73d7,janus@8a1e7a1,janus,8a1e7a1,prospect_rushonly@bf9b3e3,prospect_rushonly,bf9b3e3,string,official,1,0,rating,a,a,1.0,core_destroyed,60,,92,170,4,3,116,250,11,15,ok,,3.773,n-62-11-53,29004605,2026-08-02T16:57:15+0200
6966f363f0819aba,auto-7202408d73d7,janus@8a1e7a1,janus,8a1e7a1,tempest_outer@fdc1e1f,tempest_outer,fdc1e1f,vault,official,1,0,rating,b,b,0.0,core_destroyed,41,,260,140,9,4,60,160,14,6,ok,,6.223,n-62-13-9,29004605,2026-08-02T16:58:24+0200
6967ef13e01f438a,auto-7202408d73d7,janus@8a1e7a1,janus,8a1e7a1,vanguard@c407e79,vanguard,c407e79,string,official,1,0,rating,b,b,0.0,titanium_collected,1000,,4640,2870,18,5,9187,7670,17,19,ok,,18.072,n-62-31-19,29004605,2026-08-02T16:59:11+0200
696e7482ded888e9,auto-7202408d73d7,janus@8a1e7a1,janus,8a1e7a1,undertow@9713344,undertow,9713344,crossfire,official,1,0,rating,a,a,1.0,core_destroyed,39,,2,140,12,12,117,150,1,6,ok,,4.143,n-62-31-24,29004605,2026-08-02T16:58:38+0200
69720e8b7c8c3a51,auto-7202408d73d7,prospect_rushonly@bf9b3e3,prospect_rushonly,bf9b3e3,janus@8a1e7a1,janus,8a1e7a1,bridge,official,1,0,rating,a,a,1.0,titanium_collected,1000,,6629,4700,12,12,4476,2770,7,13,ok,,9.633,n-62-11-57,29004605,2026-08-02T16:58:19+0200
697602648ce54841,auto-7202408d73d7,v233_d@9713344,v233_d,9713344,janus@8a1e7a1,janus,8a1e7a1,hive,official,1,0,rating,a,a,1.0,core_destroyed,46,,53,90,8,18,242,90,8,11,ok,,3.281,n-62-29-28,29004605,2026-08-02T16:59:33+0200
697a001cf6f6aeba,auto-7202408d73d7,janus@8a1e7a1,janus,8a1e7a1,titanium_v1@9713344,titanium_v1,9713344,showdown,official,1,0,rating,a,a,1.0,core_destroyed,23,,47,10,8,11,321,0,4,2,ok,,2.405,n-62-31-22,29004605,2026-08-02T16:58:04+0200
6982ffed0b11cb11,auto-7202408d73d7,tempest_frontier@fdc1e1f,tempest_frontier,fdc1e1f,janus@8a1e7a1,janus,8a1e7a1,quarry,official,1,0,rating,b,b,0.0,core_destroyed,54,,155,0,7,5,67,80,8,16,ok,,3.83,n-62-21-23,29004605,2026-08-02T16:57:46+0200
698ea142167e2752,auto-7202408d73d7,janus@8a1e7a1,janus,8a1e7a1,tempest_reinforcements@38f9c23,tempest_reinforcements,38f9c23,duel,official,1,0,rating,b,b,0.0,core_destroyed,34,,131,120,6,9,19,130,10,12,ok,,4.231,n-62-21-55,29004605,2026-08-02T16:57:45+0200
69daad469cc7ee73,auto-7202408d73d7,casemate@902be71,casemate,902be71,janus@8a1e7a1,janus,8a1e7a1,sprint,official,1,0,rating,b,b,0.0,core_destroyed,63,,12,0,4,7,20,280,11,20,ok,,3.167,n-62-11-61,29004605,2026-08-02T16:58:21+0200
6a2e0f3f00ff40dc,auto-7202408d73d7,riptide@9713344,riptide,9713344,janus@8a1e7a1,janus,8a1e7a1,pinch,official,1,0,rating,b,b,0.0,core_destroyed,56,,72,30,5,8,54,260,10,21,ok,,3.706,n-62-21-91,29004605,2026-08-02T16:58:49+0200
6a4bddd660e31fd5,auto-7202408d73d7,janus@8a1e7a1,janus,8a1e7a1,siege_v1@9713344,siege_v1,9713344,quarry,official,1,0,rating,a,a,1.0,core_destroyed,44,,30,160,11,20,208,0,5,3,ok,,3.305,n-62-21-90,29004605,2026-08-02T16:58:01+0200
6a69c7cdcc096f51,auto-7202408d73d7,tempest_sentinel@fdc1e1f,tempest_sentinel,fdc1e1f,janus@8a1e7a1,janus,8a1e7a1,sprint,official,1,0,rating,b,b,0.0,core_destroyed,30,,4,0,9,3,32,20,7,16,ok,,3.275,n-62-31-4,29004605,2026-08-02T16:58:16+0200
6a97a2f837030675,auto-7202408d73d7,janus@8a1e7a1,janus,8a1e7a1,jonbot@da3fd8a,jonbot,da3fd8a,hive,official,1,0,rating,a,a,1.0,core_destroyed,47,,27,140,11,16,125,0,4,19,ok,,3.468,n-62-29-31,29004605,2026-08-02T16:57:34+0200
6ab0e931edc990a7,auto-7202408d73d7,tempest_reinforcements@87724ec,tempest_reinforcements,87724ec,janus@8a1e7a1,janus,8a1e7a1,skerry,official,1,0,rating,a,a,1.0,core_destroyed,38,,16,0,9,3,78,130,9,7,ok,,6.833,n-62-21-64,29004605,2026-08-02T16:58:52+0200
6ab26e8d5716a251,auto-7202408d73d7,janus@8a1e7a1,janus,8a1e7a1,tempest_reinforcements@51ad530,tempest_reinforcements,51ad530,sweden,official,1,0,rating,b,b,0.0,core_destroyed,43,,109,140,6,26,19,0,11,6,ok,,3.704,n-62-21-60,29004605,2026-08-02T16:58:26+0200
6abab05724a9d131,auto-7202408d73d7,prospect@bf9b3e3,prospect,bf9b3e3,janus@8a1e7a1,janus,8a1e7a1,hive,official,1,0,rating,b,b,0.0,core_destroyed,46,,31,120,12,12,37,110,9,15,ok,,4.297,n-62-11-56,29004605,2026-08-02T16:57:12+0200
6abac2dc241c9b45,auto-7202408d73d7,janus@8a1e7a1,janus,8a1e7a1,e_harc@6db8844,e_harc,6db8844,fjord,official,1,0,rating,a,a,1.0,core_destroyed,85,,40,560,13,26,26,210,7,8,ok,,3.894,n-62-28-31,29004605,2026-08-02T16:58:59+0200
6ac8370015b05f28,auto-7202408d73d7,e_post2@4a95297,e_post2,4a95297,janus@8a1e7a1,janus,8a1e7a1,bridge,official,1,0,rating,b,b,0.0,core_destroyed,55,,117,0,9,5,195,250,9,17,ok,,3.283,n-62-28-34,29004605,2026-08-02T16:57:32+0200
6ace3a4165fc00a9,auto-7202408d73d7,janus@8a1e7a1,janus,8a1e7a1,siege_v2@9713344,siege_v2,9713344,pinch,official,1,0,rating,a,a,1.0,core_destroyed,41,,11,170,11,16,157,0,4,4,ok,,2.967,n-62-12-5,29004605,2026-08-02T16:57:55+0200
6ad9c8a4b08ca292,auto-7202408d73d7,janus@8a1e7a1,janus,8a1e7a1,prospect_rushonly@bf9b3e3,prospect_rushonly,bf9b3e3,pinch,official,1,0,rating,b,b,0.0,core_destroyed,32,,147,80,6,9,30,90,10,12,ok,,3.517,n-62-11-54,29004605,2026-08-02T16:57:45+0200
6aea8ccef9832749,auto-7202408d73d7,janus@8a1e7a1,janus,8a1e7a1,prospect@bf9b3e3,prospect,bf9b3e3,vase,official,1,0,rating,b,b,0.0,core_destroyed,35,,97,40,4,6,20,50,11,7,ok,,3.884,n-62-11-57,29004605,2026-08-02T16:57:35+0200
6af0f629e72ab7ee,auto-7202408d73d7,mistral_fast@26b5aa1,mistral_fast,26b5aa1,janus@8a1e7a1,janus,8a1e7a1,vase,official,1,0,rating,b,b,0.0,core_destroyed,26,,284,0,4,0,63,30,10,12,ok,,3.135,n-62-31-7,29004605,2026-08-02T16:57:09+0200
6af94f6793605fa3,auto-7202408d73d7,tempest_sentinel@fdc1e1f,tempest_sentinel,fdc1e1f,janus@8a1e7a1,janus,8a1e7a1,hive,official,1,0,rating,b,b,0.0,core_destroyed,42,,60,80,7,10,53,80,10,13,ok,,3.583,n-62-21-71,29004605,2026-08-02T16:57:26+0200
6b2e6914877982f3,auto-7202408d73d7,janus@8a1e7a1,janus,8a1e7a1,baiter@9713344,baiter,9713344,showdown,official,1,0,rating,a,a,1.0,core_destroyed,32,,28,50,8,15,92,0,2,5,ok,,3.348,n-62-31-24,29004605,2026-08-02T16:57:38+0200
6b360ce8ab74a05f,auto-7202408d73d7,undertow@fdc1e1f,undertow,fdc1e1f,janus@8a1e7a1,janus,8a1e7a1,aurora,official,1,0,rating,b,b,0.0,core_destroyed,52,,35,270,11,20,28,190,13,12,ok,,4.713,n-62-11-65,29004605,2026-08-02T16:59:01+0200
6b6000fbb9837ce4,auto-7202408d73d7,janus@8a1e7a1,janus,8a1e7a1,vanguard@c407e79,vanguard,c407e79,sprint,official,1,0,rating,a,a,1.0,core_destroyed,43,,7,0,12,4,58,0,7,2,ok,,3.908,n-62-31-19,29004605,2026-08-02T16:58:40+0200
6b7bf04f372e6c3d,auto-7202408d73d7,janus@8a1e7a1,janus,8a1e7a1,vanguard_oracle@902be71,vanguard_oracle,902be71,bridge,official,1,0,rating,a,a,1.0,core_destroyed,173,,180,1470,16,23,63,390,12,6,ok,,6.301,n-62-11-51,29004605,2026-08-02T16:58:56+0200
6b7f677487a02bb9,auto-7202408d73d7,janus@8a1e7a1,janus,8a1e7a1,tempest_reinforcements@38f9c23,tempest_reinforcements,38f9c23,jackpot,official,1,0,rating,b,b,0.0,core_destroyed,37,,112,130,8,7,20,80,13,7,ok,,4.781,n-62-21-55,29004605,2026-08-02T16:58:15+0200
6b8994022a9eddba,auto-7202408d73d7,janus@8a1e7a1,janus,8a1e7a1,tempest_reinforcements@025dd51,tempest_reinforcements,025dd51,twins,official,1,0,rating,a,a,1.0,core_destroyed,42,,2,80,13,9,10,0,9,4,ok,,4.163,n-62-12-67,29004605,2026-08-02T16:57:59+0200
6b9137dc30e1b7e8,auto-7202408d73d7,janus@8a1e7a1,janus,8a1e7a1,siege_v2@9713344,siege_v2,9713344,aurora,official,1,0,rating,a,a,1.0,core_destroyed,36,,20,70,12,9,198,0,6,3,ok,,3.216,n-62-12-5,29004605,2026-08-02T16:57:04+0200
6ba7405fbb459c6a,auto-7202408d73d7,janus@8a1e7a1,janus,8a1e7a1,undertow_oracle@75591b7,undertow_oracle,75591b7,vase,official,1,0,rating,b,b,0.0,core_destroyed,41,,80,0,7,5,93,0,9,4,ok,,3.449,n-62-31-11,29004605,2026-08-02T16:59:25+0200
6bd36755b26a9036,auto-7202408d73d7,janus@8a1e7a1,janus,8a1e7a1,attack_wave_v1@9713344,attack_wave_v1,9713344,pinch,official,1,0,rating,a,a,1.0,core_destroyed,44,,124,200,8,20,167,0,6,4,ok,,3.138,n-62-31-4,29004605,2026-08-02T16:58:04+0200
6bda465e89207674,auto-7202408d73d7,janus@8a1e7a1,janus,8a1e7a1,tempest@da3fd8a,tempest,da3fd8a,strait,official,1,0,rating,b,b,0.0,core_destroyed,32,,212,50,7,3,70,60,11,9,ok,,3.507,n-62-12-3,29004605,2026-08-02T16:57:51+0200
6bdcd811e7135d06,auto-7202408d73d7,janus@8a1e7a1,janus,8a1e7a1,e9cand@9e77076,e9cand,9e77076,twins,official,1,0,rating,a,a,1.0,core_destroyed,46,,71,170,10,14,105,40,9,8,ok,,3.977,n-62-21-97,29004605,2026-08-02T16:57:46+0200
6c401bb1bcdad5c2,auto-7202408d73d7,undertow@da3fd8a,undertow,da3fd8a,janus@8a1e7a1,janus,8a1e7a1,aurora,official,1,0,rating,b,b,0.0,core_destroyed,52,,35,270,11,20,28,190,13,12,ok,,4.614,n-62-11-61,29004605,2026-08-02T16:58:31+0200
6c50efad5ca91447,auto-7202408d73d7,janus@8a1e7a1,janus,8a1e7a1,mistral_fast@26b5aa1,mistral_fast,26b5aa1,longship,official,1,0,rating,a,a,1.0,core_destroyed,32,,20,60,12,12,160,0,9,0,ok,,4.48,n-62-31-15,29004605,2026-08-02T16:56:59+0200
6c52736e8bd87234,auto-7202408d73d7,janus@8a1e7a1,janus,8a1e7a1,opponent_luc@e83a42c,opponent_luc,e83a42c,sweden,official,1,0,rating,a,a,1.0,core_destroyed,68,,166,340,10,22,670,0,0,0,ok,,3.117,n-62-11-52,29004605,2026-08-02T16:57:03+0200
6c55bb3f80a82cd4,auto-7202408d73d7,janus@8a1e7a1,janus,8a1e7a1,v233_e@9713344,v233_e,9713344,aurora,official,1,0,rating,a,a,1.0,core_destroyed,45,,10,90,13,11,134,180,10,13,ok,,3.878,n-62-29-31,29004605,2026-08-02T16:58:41+0200
6c70db53afe46517,auto-7202408d73d7,siege_v1@9713344,siege_v1,9713344,janus@8a1e7a1,janus,8a1e7a1,pinch,official,1,0,rating,b,b,0.0,core_destroyed,36,,194,0,4,3,30,120,11,15,ok,,3.221,n-62-21-90,29004605,2026-08-02T16:57:57+0200
6c7c77653c3b629f,auto-7202408d73d7,vg_v2@9713344,vg_v2,9713344,janus@8a1e7a1,janus,8a1e7a1,string,official,1,0,rating,b,b,0.0,core_destroyed,72,,127,0,1,3,120,420,10,13,ok,,4.415,n-62-21-90,29004605,2026-08-02T16:58:33+0200
6c7ead250516091d,auto-7202408d73d7,jonbot@9713344,jonbot,9713344,janus@8a1e7a1,janus,8a1e7a1,quarry,official,1,0,rating,b,b,0.0,core_destroyed,54,,304,0,5,0,223,270,9,17,ok,,2.89,n-62-29-8,29004605,2026-08-02T16:57:49+0200
6c83ad2d571349ba,auto-7202408d73d7,jonbot@da3fd8a,jonbot,da3fd8a,janus@8a1e7a1,janus,8a1e7a1,fjord,official,1,0,rating,b,b,0.0,core_destroyed,54,,84,0,10,4,53,320,9,16,ok,,4.109,n-62-29-31,29004605,2026-08-02T16:57:31+0200
6c9039d54606fab5,auto-7202408d73d7,janus@8a1e7a1,janus,8a1e7a1,claude_challenger_2@fdc1e1f,claude_challenger_2,fdc1e1f,showdown,official,1,0,rating,a,a,1.0,core_destroyed,22,,54,0,7,11,550,0,0,0,ok,,1.741,n-62-31-9,29004605,2026-08-02T16:58:09+0200
6ca8b027121b9fb5,auto-7202408d73d7,casemate@902be71,casemate,902be71,janus@8a1e7a1,janus,8a1e7a1,skerry,official,1,0,rating,b,b,0.0,core_destroyed,86,,28,0,4,31,232,540,12,23,ok,,3.659,n-62-11-61,29004605,2026-08-02T16:58:14+0200
6cc13907e690c0f1,auto-7202408d73d7,undertow@da3fd8a,undertow,da3fd8a,janus@8a1e7a1,janus,8a1e7a1,vault,official,1,0,rating,b,b,0.0,core_destroyed,57,,43,210,11,4,23,240,14,6,ok,,5.749,n-62-11-65,29004605,2026-08-02T16:58:43+0200
6cc84da193e101ea,auto-7202408d73d7,janus@8a1e7a1,janus,8a1e7a1,tempest_reinforcements@025dd51,tempest_reinforcements,025dd51,string,official,1,0,rating,a,a,1.0,core_destroyed,62,,215,220,4,6,60,140,13,6,ok,,4.186,n-62-12-67,29004605,2026-08-02T16:57:41+0200
6cca057d8e48965a,auto-7202408d73d7,vigil@bf9b3e3,vigil,bf9b3e3,janus@8a1e7a1,janus,8a1e7a1,vase,official,1,0,rating,a,a,1.0,core_destroyed,41,,16,60,10,7,80,60,5,6,ok,,3.642,n-62-31-23,29004605,2026-08-02T16:58:49+0200
6ccd98b66211d3c5,auto-7202408d73d7,reaver@9713344,reaver,9713344,janus@8a1e7a1,janus,8a1e7a1,string,official,1,0,rating,b,b,0.0,core_destroyed,80,,102,0,1,1,80,450,11,14,ok,,4.348,n-62-11-55,29004605,2026-08-02T16:57:35+0200
6ccdeb5898562a00,auto-7202408d73d7,janus@8a1e7a1,janus,8a1e7a1,tempest_ferry@26b5aa1,tempest_ferry,26b5aa1,bridge,official,1,0,rating,a,a,1.0,core_destroyed,45,,108,180,9,19,238,0,6,7,ok,,3.211,n-62-21-13,29004605,2026-08-02T16:57:48+0200
6cd1e6aa7e8db57e,auto-7202408d73d7,janus@8a1e7a1,janus,8a1e7a1,undertow@9713344,undertow,9713344,sprint,official,1,0,rating,a,a,1.0,core_destroyed,42,,34,110,10,16,82,130,8,10,ok,,3.034,n-62-11-60,29004605,2026-08-02T16:58:38+0200
6cd4b054c007473e,auto-7202408d73d7,v233_g@9713344,v233_g,9713344,janus@8a1e7a1,janus,8a1e7a1,fjord,official,1,0,rating,b,b,0.0,core_destroyed,39,,71,240,8,8,10,200,12,12,ok,,3.629,n-62-29-24,29004605,2026-08-02T16:59:37+0200
6cd8c6dd94b0ffd4,auto-7202408d73d7,janus@8a1e7a1,janus,8a1e7a1,undertow_oracle@75591b7,undertow_oracle,75591b7,hive,official,1,0,rating,a,a,1.0,core_destroyed,54,,29,190,10,17,58,260,7,39,ok,,4.839,n-62-31-10,29004605,2026-08-02T16:58:14+0200
6cfcc3f3359d068c,auto-7202408d73d7,e_harc@6db8844,e_harc,6db8844,janus@8a1e7a1,janus,8a1e7a1,strait,official,1,0,rating,b,b,0.0,core_destroyed,38,,82,70,8,14,38,110,9,17,ok,,3.191,n-62-28-33,29004605,2026-08-02T16:57:45+0200
6cff84e6417b6489,auto-7202408d73d7,prospect@bf9b3e3,prospect,bf9b3e3,janus@8a1e7a1,janus,8a1e7a1,twins,official,1,0,rating,a,a,1.0,core_destroyed,49,,21,40,11,4,13,170,8,15,ok,,4.073,n-62-11-57,29004605,2026-08-02T16:57:31+0200
6d30851ea8c82310,auto-7202408d73d7,janus@8a1e7a1,janus,8a1e7a1,vanguard@818f3b4,vanguard,818f3b4,vault,official,1,0,rating,b,b,0.0,core_destroyed,41,,296,150,8,6,84,180,13,7,ok,,3.658,n-62-29-5,29004605,2026-08-02T16:59:09+0200
6d54afaa9534f213,auto-7202408d73d7,e_harc@6db8844,e_harc,6db8844,janus@8a1e7a1,janus,8a1e7a1,crossfire,official,1,0,rating,b,b,0.0,core_destroyed,68,,88,130,6,2,54,400,13,20,ok,,4.202,n-62-28-31,29004605,2026-08-02T16:58:47+0200
6d5f77a3caa0fbba,auto-7202408d73d7,vanguard_oracle@fdc1e1f,vanguard_oracle,fdc1e1f,janus@8a1e7a1,janus,8a1e7a1,vase,official,1,0,rating,a,a,1.0,core_destroyed,105,,318,210,9,9,114,220,10,6,ok,,4.434,n-62-11-54,29004605,2026-08-02T16:58:39+0200
6d7a53c1fe6896f2,auto-7202408d73d7,casemate_oracle@902be71,casemate_oracle,902be71,janus@8a1e7a1,janus,8a1e7a1,twins,official,1,0,rating,a,a,1.0,core_destroyed,39,,19,0,7,12,7,120,9,12,ok,,4.832,n-62-11-66,29004605,2026-08-02T16:57:23+0200
6d7bc993f38d4a6b,auto-7202408d73d7,janus@8a1e7a1,janus,8a1e7a1,attack_wave_v1@9713344,attack_wave_v1,9713344,longship,official,1,0,rating,a,a,1.0,core_destroyed,35,,20,70,12,12,141,0,6,4,ok,,3.639,n-62-31-4,29004605,2026-08-02T16:57:57+0200
6d8cad3f655f95de,auto-7202408d73d7,janus@8a1e7a1,janus,8a1e7a1,e9cand@9e77076,e9cand,9e77076,crossfire,official,1,0,rating,a,a,1.0,core_destroyed,44,,91,170,10,11,66,80,10,5,ok,,3.892,n-62-21-104,29004605,2026-08-02T16:57:06+0200
6dbc8511a480370b,auto-7202408d73d7,casemate_oracle@902be71,casemate_oracle,902be71,janus@8a1e7a1,janus,8a1e7a1,quarry,official,1,0,rating,b,b,0.0,core_destroyed,59,,2,0,4,33,17,320,12,18,ok,,5.896,n-62-11-65,29004605,2026-08-02T16:57:45+0200
6ddf4688a7f5923b,auto-7202408d73d7,janus@8a1e7a1,janus,8a1e7a1,e_harc@6db8844,e_harc,6db8844,quarry,official,1,0,rating,a,a,1.0,core_destroyed,66,,26,190,10,28,56,0,7,14,ok,,3.578,n-62-28-33,29004605,2026-08-02T16:57:05+0200
6de18edbcef6e5f2,auto-7202408d73d7,attack_wave_v1@9713344,attack_wave_v1,9713344,janus@8a1e7a1,janus,8a1e7a1,hive,official,1,0,rating,b,b,0.0,core_destroyed,42,,157,0,6,4,4,90,10,18,ok,,3.375,n-62-31-4,29004605,2026-08-02T16:57:45+0200
6de6bb18b1ff5a2e,auto-7202408d73d7,vg_v4@9713344,vg_v4,9713344,janus@8a1e7a1,janus,8a1e7a1,quarry,official,1,0,rating,b,b,0.0,core_destroyed,79,,55,110,7,8,63,530,9,31,ok,,4.284,n-62-12-2,29004605,2026-08-02T16:59:26+0200
6e05e98de12de712,auto-7202408d73d7,janus@8a1e7a1,janus,8a1e7a1,turtle@9713344,turtle,9713344,duel,official,1,0,rating,a,a,1.0,core_destroyed,49,,38,240,12,16,61,0,6,5,ok,,3.871,n-62-31-21,29004605,2026-08-02T16:58:33+0200
6e07ee1176bdd300,auto-7202408d73d7,tempest_ferry@26b5aa1,tempest_ferry,26b5aa1,janus@8a1e7a1,janus,8a1e7a1,duel,official,1,0,rating,b,b,0.0,core_destroyed,28,,123,0,7,1,17,70,11,7,ok,,3.973,n-62-21-13,29004605,2026-08-02T16:58:07+0200
6e16e7d3081410b1,auto-7202408d73d7,janus@8a1e7a1,janus,8a1e7a1,tempest_outer@fdc1e1f,tempest_outer,fdc1e1f,quarry,official,1,0,rating,a,a,1.0,core_destroyed,44,,23,160,10,20,237,0,7,5,ok,,5.428,n-62-13-8,29004605,2026-08-02T16:58:26+0200
6e2d8035a128092b,auto-7202408d73d7,vg_v1@9713344,vg_v1,9713344,janus@8a1e7a1,janus,8a1e7a1,aurora,official,1,0,rating,b,b,0.0,core_destroyed,43,,80,80,7,7,14,140,13,11,ok,,3.842,n-62-11-54,29004605,2026-08-02T16:59:02+0200
6e385c25f221a8d4,auto-7202408d73d7,janus@8a1e7a1,janus,8a1e7a1,tempest_ferry@26b5aa1,tempest_ferry,26b5aa1,sprint,official,1,0,rating,b,b,0.0,core_destroyed,26,,75,40,7,5,59,40,8,7,ok,,3.741,n-62-21-2,29004605,2026-08-02T16:58:07+0200
6e39a03ef33b32c3,auto-7202408d73d7,e_post2@4a95297,e_post2,4a95297,janus@8a1e7a1,janus,8a1e7a1,aurora,official,1,0,rating,b,b,0.0,core_destroyed,47,,110,0,10,3,12,160,13,16,ok,,4.134,n-62-28-34,29004605,2026-08-02T16:57:25+0200
6e43b93d0d07e9b8,auto-7202408d73d7,tempest@da3fd8a,tempest,da3fd8a,janus@8a1e7a1,janus,8a1e7a1,jackpot,official,1,0,rating,b,b,0.0,core_destroyed,45,,252,0,6,2,142,190,11,8,ok,,4.113,n-62-12-2,29004605,2026-08-02T16:58:24+0200
6e70d60b9639c232,auto-7202408d73d7,prospect_rushonly@bf9b3e3,prospect_rushonly,bf9b3e3,janus@8a1e7a1,janus,8a1e7a1,jackpot,official,1,0,rating,b,b,0.0,core_destroyed,57,,266,200,9,8,92,250,10,8,ok,,4.42,n-62-11-54,29004605,2026-08-02T16:57:32+0200
6e8e2ae58d86b4c8,auto-7202408d73d7,janus@8a1e7a1,janus,8a1e7a1,jonbot@da3fd8a,jonbot,da3fd8a,duel,official,1,0,rating,a,a,1.0,titanium_collected,1000,,7136,6890,5,13,10,50,8,8,ok,,5.702,n-62-29-31,29004605,2026-08-02T16:57:19+0200
6ea50491e6201690,auto-7202408d73d7,tempest_fast@eb1f0f3,tempest_fast,eb1f0f3,janus@8a1e7a1,janus,8a1e7a1,sprint,official,1,0,rating,b,b,0.0,core_destroyed,28,,70,0,4,1,19,40,9,13,ok,,3.789,n-62-21-12,29004605,2026-08-02T16:58:01+0200
6eae533442377954,auto-7202408d73d7,janus@8a1e7a1,janus,8a1e7a1,siege_v2@9713344,siege_v2,9713344,atoll,official,1,0,rating,a,a,1.0,core_destroyed,40,,55,150,9,17,255,0,4,2,ok,,3.072,n-62-12-5,29004605,2026-08-02T16:56:57+0200
6eecf2f24b4146b9,auto-7202408d73d7,undertow_1ac7ac4@da3fd8a,undertow_1ac7ac4,da3fd8a,janus@8a1e7a1,janus,8a1e7a1,aurora,official,1,0,rating,b,b,0.0,core_destroyed,52,,120,270,7,19,20,190,13,14,ok,,4.34,n-62-11-68,29004605,2026-08-02T16:59:09+0200
6f15696b0d8946f3,auto-7202408d73d7,janus@8a1e7a1,janus,8a1e7a1,siege_v1@9713344,siege_v1,9713344,jackpot,official,1,0,rating,a,a,1.0,core_destroyed,42,,60,170,13,8,252,0,6,2,ok,,3.66,n-62-21-90,29004605,2026-08-02T16:57:40+0200
6f1868b040a362a9,auto-7202408d73d7,attack_wave_v1@9713344,attack_wave_v1,9713344,janus@8a1e7a1,janus,8a1e7a1,sprint,official,1,0,rating,b,b,0.0,core_destroyed,47,,216,0,3,2,81,240,8,25,ok,,3.024,n-62-31-5,29004605,2026-08-02T16:57:29+0200
6f22ff9f5797af2f,auto-7202408d73d7,attack_wave_v1@9713344,attack_wave_v1,9713344,janus@8a1e7a1,janus,8a1e7a1,jackpot,official,1,0,rating,b,b,0.0,core_destroyed,39,,196,0,6,3,36,150,10,8,ok,,4.038,n-62-31-4,29004605,2026-08-02T16:57:53+0200
6f3a2e3a35050b41,auto-7202408d73d7,gobbleglitch@e808e1d,gobbleglitch,e808e1d,janus@8a1e7a1,janus,8a1e7a1,hive,official,1,0,rating,a,a,1.0,core_destroyed,38,,48,0,9,1,32,70,13,6,ok,,4.285,n-62-29-28,29004605,2026-08-02T16:57:18+0200
6f3b457762774f44,auto-7202408d73d7,janus@8a1e7a1,janus,8a1e7a1,e_post2@4a95297,e_post2,4a95297,atoll,official,1,0,rating,a,a,1.0,core_destroyed,49,,187,180,8,14,21,0,11,8,ok,,3.495,n-62-28-34,29004605,2026-08-02T16:57:13+0200
6f67e46916c7cacc,auto-7202408d73d7,janus@8a1e7a1,janus,8a1e7a1,undertow_1ac7ac4@da3fd8a,undertow_1ac7ac4,da3fd8a,crossfire,official,1,0,rating,a,a,1.0,core_destroyed,43,,28,160,11,13,83,170,6,10,ok,,3.465,n-62-11-68,29004605,2026-08-02T16:59:21+0200
6f698d4322db4458,auto-7202408d73d7,tempest_fast@eb1f0f3,tempest_fast,eb1f0f3,janus@8a1e7a1,janus,8a1e7a1,crossfire,official,1,0,rating,b,b,0.0,core_destroyed,22,,147,0,8,2,13,60,10,8,ok,,3.678,n-62-21-8,29004605,2026-08-02T16:57:49+0200
6f7911a5ef7a265f,auto-7202408d73d7,janus@8a1e7a1,janus,8a1e7a1,riptide@9713344,riptide,9713344,string,official,1,0,rating,a,a,1.0,core_destroyed,50,,102,360,10,12,84,0,1,1,ok,,4.051,n-62-21-89,29004605,2026-08-02T16:57:31+0200
6f7e90cfc4db9e28,auto-7202408d73d7,janus@8a1e7a1,janus,8a1e7a1,tempest_reinforcements@65ddc55,tempest_reinforcements,65ddc55,aurora,official,1,0,rating,a,a,1.0,core_destroyed,37,,37,70,9,7,18,70,11,10,ok,,4.48,n-62-21-61,29004605,2026-08-02T16:57:39+0200
6fa08bcc0e397000,auto-7202408d73d7,janus@8a1e7a1,janus,8a1e7a1,undertow_oracle@fdc1e1f,undertow_oracle,fdc1e1f,vase,official,1,0,rating,b,b,0.0,core_destroyed,33,,85,30,7,6,60,0,10,4,ok,,3.35,n-62-21-104,29004605,2026-08-02T16:59:34+0200
6fb400d39ab482c6,auto-7202408d73d7,vg_v5@9713344,vg_v5,9713344,janus@8a1e7a1,janus,8a1e7a1,longship,official,1,0,rating,b,b,0.0,core_destroyed,41,,125,80,6,7,20,130,12,12,ok,,3.408,n-62-12-3,29004605,2026-08-02T16:59:39+0200
6fc45f179898ad30,auto-7202408d73d7,janus@8a1e7a1,janus,8a1e7a1,tempest@da3fd8a,tempest,da3fd8a,sprint,official,1,0,rating,b,b,0.0,core_destroyed,26,,75,40,7,5,59,40,8,7,ok,,3.5,n-62-12-3,29004605,2026-08-02T16:57:44+0200
6fe4159fc1709999,auto-7202408d73d7,vigil@18b749d,vigil,18b749d,janus@8a1e7a1,janus,8a1e7a1,vault,official,1,0,rating,a,a,1.0,core_destroyed,34,,10,110,11,10,369,120,3,5,ok,,2.999,n-62-31-22,29004605,2026-08-02T16:58:38+0200
7011fd012fa8653b,auto-7202408d73d7,vigil@bf9b3e3,vigil,bf9b3e3,janus@8a1e7a1,janus,8a1e7a1,crossfire,official,1,0,rating,b,b,0.0,core_destroyed,37,,65,80,7,8,34,80,8,6,ok,,3.133,n-62-31-21,29004605,2026-08-02T16:59:22+0200
70170d45f4c97e65,auto-7202408d73d7,tempest_reinforcements@51ad530,tempest_reinforcements,51ad530,janus@8a1e7a1,janus,8a1e7a1,skerry,official,1,0,rating,a,a,1.0,core_destroyed,65,,0,150,15,5,354,280,7,5,ok,,5.259,n-62-21-60,29004605,2026-08-02T16:57:53+0200
702413ceb9c215e9,auto-7202408d73d7,titanium_v1@9713344,titanium_v1,9713344,janus@8a1e7a1,janus,8a1e7a1,showdown,official,1,0,rating,b,b,0.0,core_destroyed,20,,321,0,4,2,53,0,7,11,ok,,2.219,n-62-31-22,29004605,2026-08-02T16:58:07+0200
70a60e47a4e1236b,auto-7202408d73d7,janus@8a1e7a1,janus,8a1e7a1,tempest_ferry@26b5aa1,tempest_ferry,26b5aa1,twins,official,1,0,rating,b,b,0.0,core_destroyed,28,,124,40,9,3,54,50,11,7,ok,,4.283,n-62-21-15,29004605,2026-08-02T16:57:16+0200
70af710ac67e7ccb,auto-7202408d73d7,tempest_reinforcements@65ddc55,tempest_reinforcements,65ddc55,janus@8a1e7a1,janus,8a1e7a1,runestone,official,1,0,rating,b,b,0.0,core_destroyed,30,,8,40,10,9,18,50,11,7,ok,,4.162,n-62-21-62,29004605,2026-08-02T16:57:40+0200
70bc4d957f8107bd,auto-7202408d73d7,undertow_oracle@fdc1e1f,undertow_oracle,fdc1e1f,janus@8a1e7a1,janus,8a1e7a1,quarry,official,1,0,rating,a,a,1.0,core_destroyed,63,,58,260,6,20,163,350,10,22,ok,,4.033,n-62-21-103,29004605,2026-08-02T16:59:12+0200
70cd4d35a76ef348,auto-7202408d73d7,riptide@9713344,riptide,9713344,janus@8a1e7a1,janus,8a1e7a1,twins,official,1,0,rating,b,b,0.0,core_destroyed,37,,75,70,7,7,8,110,10,15,ok,,3.761,n-62-21-89,29004605,2026-08-02T16:57:57+0200
70cfd89418e23c54,auto-7202408d73d7,janus@8a1e7a1,janus,8a1e7a1,v233_c@9713344,v233_c,9713344,crossfire,official,1,0,rating,a,a,1.0,core_destroyed,29,,31,90,10,9,71,40,6,6,ok,,2.92,n-62-29-20,29004605,2026-08-02T16:58:56+0200
70d147c3f3e39ecf,auto-7202408d73d7,janus@8a1e7a1,janus,8a1e7a1,frontier_v2@9713344,frontier_v2,9713344,sprint,official,1,0,rating,a,a,1.0,core_destroyed,43,,274,180,6,11,14,0,8,4,ok,,2.657,n-62-29-24,29004605,2026-08-02T16:57:57+0200
70d87548c5fa5e80,auto-7202408d73d7,v233_c@9713344,v233_c,9713344,janus@8a1e7a1,janus,8a1e7a1,string,official,1,0,rating,b,b,0.0,core_destroyed,77,,102,0,2,2,98,440,9,14,ok,,4.014,n-62-29-16,29004605,2026-08-02T16:59:14+0200
70f4abf0eca863a6,auto-7202408d73d7,tempest_oracle_ferry@fdc1e1f,tempest_oracle_ferry,fdc1e1f,janus@8a1e7a1,janus,8a1e7a1,vase,official,1,0,rating,b,b,0.0,core_destroyed,57,,179,0,6,5,57,100,10,8,ok,,3.229,n-62-13-6,29004605,2026-08-02T16:57:39+0200
70fa6c7cfb5aa3c4,auto-7202408d73d7,tempest_reinforcements@3d5ab38,tempest_reinforcements,3d5ab38,janus@8a1e7a1,janus,8a1e7a1,aurora,official,1,0,rating,b,b,0.0,core_destroyed,41,,13,80,10,7,33,80,11,8,ok,,4.464,n-62-21-56,29004605,2026-08-02T16:57:19+0200
710a115beb4ce57d,auto-7202408d73d7,janus@8a1e7a1,janus,8a1e7a1,tempest_fast@eb1f0f3,tempest_fast,eb1f0f3,vault,official,1,0,rating,b,b,0.0,core_destroyed,41,,260,140,9,4,60,160,14,6,ok,,4.338,n-62-21-13,29004605,2026-08-02T16:57:23+0200
714738414db38ce1,auto-7202408d73d7,janus@8a1e7a1,janus,8a1e7a1,tempest_reinforcements@3d5ab38,tempest_reinforcements,3d5ab38,aurora,official,1,0,rating,a,a,1.0,core_destroyed,45,,56,90,9,7,2,90,11,7,ok,,4.604,n-62-21-56,29004605,2026-08-02T16:57:14+0200
714b47336274921f,auto-7202408d73d7,lockin@9713344,lockin,9713344,janus@8a1e7a1,janus,8a1e7a1,longship,official,1,0,rating,b,b,0.0,core_destroyed,42,,133,80,9,6,34,80,11,14,ok,,5.246,n-62-30-23,29004605,2026-08-02T16:58:18+0200
7163a34de33f7fd9,auto-7202408d73d7,frontier_v2@9713344,frontier_v2,9713344,janus@8a1e7a1,janus,8a1e7a1,atoll,official,1,0,rating,b,b,0.0,core_destroyed,44,,94,0,8,3,123,170,10,9,ok,,3.312,n-62-29-18,29004605,2026-08-02T16:57:41+0200
716db60a4df6bd42,auto-7202408d73d7,claude_challenger_3@fdc1e1f,claude_challenger_3,fdc1e1f,janus@8a1e7a1,janus,8a1e7a1,crossfire,official,1,0,rating,b,b,0.0,core_destroyed,105,,337,240,2,4,58,520,16,16,ok,,6.468,n-62-31-11,29004605,2026-08-02T16:57:08+0200
71797497b5686a5b,auto-7202408d73d7,undertow@da3fd8a,undertow,da3fd8a,janus@8a1e7a1,janus,8a1e7a1,hive,official,1,0,rating,b,b,0.0,core_destroyed,47,,11,180,10,18,53,130,11,17,ok,,3.843,n-62-11-61,29004605,2026-08-02T16:59:10+0200
7191d1410bc0a591,auto-7202408d73d7,janus@8a1e7a1,janus,8a1e7a1,tempest_oracle_ferry@fdc1e1f,tempest_oracle_ferry,fdc1e1f,hive,official,1,0,rating,b,b,0.0,core_destroyed,45,,77,120,9,13,4,0,12,4,ok,,4.46,n-62-13-7,29004605,2026-08-02T16:57:14+0200
719711cfd315dd89,auto-7202408d73d7,janus@8a1e7a1,janus,8a1e7a1,vg_v4@9713344,vg_v4,9713344,aurora,official,1,0,rating,a,a,1.0,core_destroyed,51,,14,110,13,11,82,100,5,10,ok,,3.774,n-62-12-5,29004605,2026-08-02T16:59:30+0200
71a4d04d79bb8fb5,auto-7202408d73d7,tempest_oracle_ferry@fdc1e1f,tempest_oracle_ferry,fdc1e1f,janus@8a1e7a1,janus,8a1e7a1,showdown,official,1,0,rating,a,a,1.0,core_destroyed,21,,23,0,11,8,192,0,5,5,ok,,3.38,n-62-13-7,29004605,2026-08-02T16:58:04+0200
71be406ec7b680da,auto-7202408d73d7,undertow@9713344,undertow,9713344,janus@8a1e7a1,janus,8a1e7a1,bridge,official,1,0,rating,b,b,0.0,core_destroyed,105,,119,420,12,20,386,620,12,17,ok,,5.838,n-62-31-24,29004605,2026-08-02T16:58:33+0200
71c2048f9b1db19d,auto-7202408d73d7,vg_v3@9713344,vg_v3,9713344,janus@8a1e7a1,janus,8a1e7a1,longship,official,1,0,rating,b,b,0.0,core_destroyed,41,,126,80,5,7,20,130,12,12,ok,,3.787,n-62-12-6,29004605,2026-08-02T16:59:00+0200
71d58817a6558155,auto-7202408d73d7,janus@8a1e7a1,janus,8a1e7a1,v233_c@9713344,v233_c,9713344,hive,official,1,0,rating,b,b,0.0,core_destroyed,51,,87,150,11,14,60,0,4,9,ok,,3.723,n-62-29-20,29004605,2026-08-02T16:59:18+0200
71ddd53c0f8e4668,auto-7202408d73d7,tempest_reinforcements@38f9c23,tempest_reinforcements,38f9c23,janus@8a1e7a1,janus,8a1e7a1,vault,official,1,0,rating,a,a,1.0,core_destroyed,34,,10,110,11,10,369,120,3,5,ok,,3.36,n-62-21-56,29004605,2026-08-02T16:57:02+0200
71ee0d694a3f3b09,auto-7202408d73d7,baiter@9713344,baiter,9713344,janus@8a1e7a1,janus,8a1e7a1,strait,official,1,0,rating,b,b,0.0,core_destroyed,44,,95,80,5,7,43,140,9,17,ok,,3.846,n-62-31-24,29004605,2026-08-02T16:58:11+0200
71f17db2e66a0052,auto-7202408d73d7,janus@8a1e7a1,janus,8a1e7a1,undertow@da3fd8a,undertow,da3fd8a,sprint,official,1,0,rating,a,a,1.0,core_destroyed,47,,17,140,10,19,49,60,5,5,ok,,3.94,n-62-11-64,29004605,2026-08-02T16:58:50+0200
720eefac7df904fa,auto-7202408d73d7,janus@8a1e7a1,janus,8a1e7a1,reaver@9713344,reaver,9713344,strait,official,1,0,rating,a,a,1.0,titanium_collected,1000,,16806,15610,13,94,10803,8870,13,36,ok,,15.394,n-62-11-55,29004605,2026-08-02T16:57:24+0200
7211b098bf4bf661,auto-7202408d73d7,janus@8a1e7a1,janus,8a1e7a1,vanguard_oracle@fdc1e1f,vanguard_oracle,fdc1e1f,strait,official,1,0,rating,b,b,0.0,core_destroyed,36,,273,70,6,5,80,140,12,9,ok,,3.585,n-62-11-52,29004605,2026-08-02T16:59:25+0200
721dfd68c924f8ad,auto-7202408d73d7,vigil@bf9b3e3,vigil,bf9b3e3,janus@8a1e7a1,janus,8a1e7a1,sprint,official,1,0,rating,b,b,0.0,core_destroyed,36,,23,60,9,3,28,100,7,9,ok,,3.61,n-62-21-15,29004605,2026-08-02T16:59:31+0200
723051018708409b,auto-7202408d73d7,turtle@9713344,turtle,9713344,janus@8a1e7a1,janus,8a1e7a1,showdown,official,1,0,rating,b,b,0.0,core_destroyed,28,,100,0,6,3,33,40,8,15,ok,,3.244,n-62-31-23,29004605,2026-08-02T16:58:20+0200
724f13854b6a2259,auto-7202408d73d7,janus@8a1e7a1,janus,8a1e7a1,siege_v2@9713344,siege_v2,9713344,string,official,1,0,rating,a,a,1.0,core_destroyed,50,,202,360,8,11,231,0,4,2,ok,,3.705,n-62-12-1,29004605,2026-08-02T16:57:42+0200
72535e7865ce90a3,auto-7202408d73d7,janus@8a1e7a1,janus,8a1e7a1,vanguard@c407e79,vanguard,c407e79,showdown,official,1,0,rating,a,a,1.0,core_destroyed,38,,11,0,12,6,56,70,5,16,ok,,3.817,n-62-31-19,29004605,2026-08-02T16:58:23+0200
7268edd2da93e4af,auto-7202408d73d7,janus@8a1e7a1,janus,8a1e7a1,siege_v1@9713344,siege_v1,9713344,strait,official,1,0,rating,a,a,1.0,core_destroyed,44,,26,120,12,15,218,0,5,3,ok,,3.366,n-62-12-6,29004605,2026-08-02T16:57:24+0200
7295c8c2c304a7d6,auto-7202408d73d7,janus@8a1e7a1,janus,8a1e7a1,gobbleglitch@e808e1d,gobbleglitch,e808e1d,fjord,official,1,0,rating,a,a,1.0,core_destroyed,39,,53,200,11,15,98,0,8,2,ok,,3.516,n-62-29-28,29004605,2026-08-02T16:57:05+0200
7296900631ad8ccb,auto-7202408d73d7,janus@8a1e7a1,janus,8a1e7a1,v233_b@9713344,v233_b,9713344,string,official,1,0,rating,a,a,1.0,core_destroyed,48,,98,340,10,12,123,0,2,1,ok,,3.048,n-62-28-34,29004605,2026-08-02T16:58:58+0200
72e6a29365c0f199,auto-7202408d73d7,janus@8a1e7a1,janus,8a1e7a1,v233_d@9713344,v233_d,9713344,strait,official,1,0,rating,a,a,1.0,titanium_collected,1000,,16762,15290,8,84,8919,7340,9,30,ok,,10.906,n-62-29-9,29004605,2026-08-02T16:59:12+0200
7305762577413ab9,auto-7202408d73d7,vanguard@818f3b4,vanguard,818f3b4,janus@8a1e7a1,janus,8a1e7a1,vase,official,1,0,rating,b,b,0.0,core_destroyed,64,,77,100,11,6,246,120,7,13,ok,,3.29,n-62-29-5,29004605,2026-08-02T16:59:06+0200
7310b4a4690e2e88,auto-7202408d73d7,frontier_v2@9713344,frontier_v2,9713344,janus@8a1e7a1,janus,8a1e7a1,crossfire,official,1,0,rating,b,b,0.0,core_destroyed,24,,68,0,7,4,36,50,11,6,ok,,3.301,n-62-29-18,29004605,2026-08-02T16:58:02+0200
7313dfbc960fb192,auto-7202408d73d7,janus@8a1e7a1,janus,8a1e7a1,jonbot_190003d@da3fd8a,jonbot_190003d,da3fd8a,twins,official,1,0,rating,a,a,1.0,core_destroyed,47,,10,120,10,16,167,100,8,9,ok,,3.472,n-62-29-5,29004605,2026-08-02T16:57:56+0200
731d7b827337dc00,auto-7202408d73d7,janus@8a1e7a1,janus,8a1e7a1,reaver@9713344,reaver,9713344,fjord,official,1,0,rating,a,a,1.0,core_destroyed,39,,10,150,13,8,83,0,4,3,ok,,3.817,n-62-11-59,29004605,2026-08-02T16:57:14+0200
733f77e21436a05b,auto-7202408d73d7,janus@8a1e7a1,janus,8a1e7a1,vg_v2@9713344,vg_v2,9713344,showdown,official,1,0,rating,a,a,1.0,core_destroyed,32,,28,50,8,15,92,0,2,5,ok,,2.671,n-62-21-89,29004605,2026-08-02T16:59:16+0200
73483f86844f0b8b,auto-7202408d73d7,janus@8a1e7a1,janus,8a1e7a1,vanguard@da3fd8a,vanguard,da3fd8a,showdown,official,1,0,rating,a,a,1.0,core_destroyed,35,,31,0,10,7,81,0,2,6,ok,,3.62,n-62-31-15,29004605,2026-08-02T16:58:31+0200
7351f6d8a01390d6,auto-7202408d73d7,janus@8a1e7a1,janus,8a1e7a1,turtle@9713344,turtle,9713344,longship,official,1,0,rating,a,a,1.0,core_destroyed,72,,30,260,12,20,56,10,6,11,ok,,3.319,n-62-31-21,29004605,2026-08-02T16:59:05+0200
739cba272b549472,auto-7202408d73d7,v233_i@902be71,v233_i,902be71,janus@8a1e7a1,janus,8a1e7a1,twins,official,1,0,rating,b,b,0.0,core_destroyed,41,,59,160,8,10,12,70,10,7,ok,,3.867,n-62-29-32,29004605,2026-08-02T16:58:56+0200
73a69cdbb93c5695,auto-7202408d73d7,undertow@fdc1e1f,undertow,fdc1e1f,janus@8a1e7a1,janus,8a1e7a1,skerry,official,1,0,rating,b,b,0.0,core_destroyed,43,,56,260,11,11,136,210,10,10,ok,,4.111,n-62-11-66,29004605,2026-08-02T16:58:57+0200
73d531a88e5371fb,auto-7202408d73d7,jonbot@da3fd8a,jonbot,da3fd8a,janus@8a1e7a1,janus,8a1e7a1,aurora,official,1,0,rating,b,b,0.0,core_destroyed,86,,56,0,9,11,60,270,9,11,ok,,4.89,n-62-29-9,29004605,2026-08-02T16:58:16+0200
73d71ee27ea3bc93,auto-7202408d73d7,tempest_reinforcements@87724ec,tempest_reinforcements,87724ec,janus@8a1e7a1,janus,8a1e7a1,duel,official,1,0,rating,b,b,0.0,core_destroyed,49,,51,0,3,1,34,140,8,9,ok,,4.599,n-62-21-63,29004605,2026-08-02T16:58:31+0200
740294dc1680cca5,auto-7202408d73d7,siege_v2@9713344,siege_v2,9713344,janus@8a1e7a1,janus,8a1e7a1,crossfire,official,1,0,rating,b,b,0.0,core_destroyed,24,,219,0,5,2,33,70,10,9,ok,,2.881,n-62-12-5,29004605,2026-08-02T16:57:20+0200
74056f93a92657aa,auto-7202408d73d7,tempest_reinforcements@51ad530,tempest_reinforcements,51ad530,janus@8a1e7a1,janus,8a1e7a1,sweden,official,1,0,rating,b,b,0.0,core_destroyed,95,,50,260,15,11,205,540,12,22,ok,,5.673,n-62-21-60,29004605,2026-08-02T16:58:32+0200
741c1a81c084a94d,auto-7202408d73d7,janus@8a1e7a1,janus,8a1e7a1,reaver@9713344,reaver,9713344,duel,official,1,0,rating,a,a,1.0,core_destroyed,56,,90,330,9,21,128,0,4,3,ok,,3.572,n-62-11-59,29004605,2026-08-02T16:57:06+0200
741e72de5ae3afa9,auto-7202408d73d7,v233_f@9713344,v233_f,9713344,janus@8a1e7a1,janus,8a1e7a1,hive,official,1,0,rating,b,b,0.0,core_destroyed,43,,61,150,8,15,45,90,12,12,ok,,3.496,n-62-29-14,29004605,2026-08-02T16:59:42+0200
742fa035bc632b40,auto-7202408d73d7,e9cand@9e77076,e9cand,9e77076,janus@8a1e7a1,janus,8a1e7a1,crossfire,official,1,0,rating,b,b,0.0,core_destroyed,45,,73,0,9,2,1,170,13,14,ok,,4.133,n-62-21-104,29004605,2026-08-02T16:57:10+0200
7434b3a859295410,auto-7202408d73d7,janus@8a1e7a1,janus,8a1e7a1,mistral_fast@26b5aa1,mistral_fast,26b5aa1,bridge,official,1,0,rating,a,a,1.0,core_destroyed,45,,125,180,9,17,290,0,5,0,ok,,3.013,n-62-31-8,29004605,2026-08-02T16:57:31+0200
743b21fe10ed41a2,auto-7202408d73d7,tempest_blindfire@fdc1e1f,tempest_blindfire,fdc1e1f,janus@8a1e7a1,janus,8a1e7a1,sprint,official,1,0,rating,b,b,0.0,core_destroyed,28,,70,0,4,1,19,40,9,13,ok,,3.786,n-62-21-4,29004605,2026-08-02T16:57:53+0200
74750be83b21d3e8,auto-7202408d73d7,janus@8a1e7a1,janus,8a1e7a1,v233_a@9713344,v233_a,9713344,fjord,official,1,0,rating,a,a,1.0,core_destroyed,120,,641,1070,9,44,122,0,6,3,ok,,3.948,n-62-28-35,29004605,2026-08-02T16:59:01+0200
74756e638990dfb2,auto-7202408d73d7,janus@8a1e7a1,janus,8a1e7a1,autistimusprime@ecd4d24,autistimusprime,ecd4d24,skerry,official,1,0,rating,b,b,0.0,core_destroyed,32,,233,110,7,5,55,60,11,4,ok,,4.234,n-62-31-21,29004605,2026-08-02T16:57:33+0200
74a1209f761cb937,auto-7202408d73d7,riptide@9713344,riptide,9713344,janus@8a1e7a1,janus,8a1e7a1,longship,official,1,0,rating,b,b,0.0,core_destroyed,42,,85,80,5,8,2,130,12,13,ok,,4.301,n-62-21-91,29004605,2026-08-02T16:58:40+0200
74ab56b43264bed6,auto-7202408d73d7,tempest_reinforcements@3d5ab38,tempest_reinforcements,3d5ab38,janus@8a1e7a1,janus,8a1e7a1,fjord,official,1,0,rating,a,a,1.0,core_destroyed,28,,17,50,10,5,49,90,11,5,ok,,4.271,n-62-21-56,29004605,2026-08-02T16:57:54+0200
74b5cee23b4262f7,auto-7202408d73d7,v233_g@9713344,v233_g,9713344,janus@8a1e7a1,janus,8a1e7a1,pinch,official,1,0,rating,a,a,1.0,core_destroyed,36,,46,90,8,11,58,100,10,10,ok,,3.287,n-62-29-27,29004605,2026-08-02T16:58:47+0200
74bfb7ff192e87ce,auto-7202408d73d7,janus@8a1e7a1,janus,8a1e7a1,e9cand@9e77076,e9cand,9e77076,hive,official,1,0,rating,a,a,1.0,core_destroyed,67,,80,290,9,27,2,0,11,9,ok,,4.222,n-62-21-104,29004605,2026-08-02T16:57:32+0200
74c68cc3fac74247,auto-7202408d73d7,janus@8a1e7a1,janus,8a1e7a1,titanium_v1@9713344,titanium_v1,9713344,hive,official,1,0,rating,a,a,1.0,core_destroyed,48,,38,150,11,19,356,0,3,3,ok,,3.095,n-62-31-5,29004605,2026-08-02T16:58:30+0200
74cea174cff571d2,auto-7202408d73d7,janus@8a1e7a1,janus,8a1e7a1,titanium_v1@9713344,titanium_v1,9713344,fjord,official,1,0,rating,a,a,1.0,core_destroyed,36,,24,170,12,13,369,0,3,2,ok,,3.167,n-62-31-5,29004605,2026-08-02T16:58:23+0200
74cfb878eee9cadf,auto-7202408d73d7,v233_g@9713344,v233_g,9713344,janus@8a1e7a1,janus,8a1e7a1,aurora,official,1,0,rating,b,b,0.0,core_destroyed,44,,133,210,7,20,30,150,12,13,ok,,3.604,n-62-29-24,29004605,2026-08-02T16:59:07+0200
74e07996e8b27315,auto-7202408d73d7,jonbot@9713344,jonbot,9713344,janus@8a1e7a1,janus,8a1e7a1,bridge,official,1,0,rating,b,b,0.0,core_destroyed,54,,292,0,5,0,191,240,9,17,ok,,2.922,n-62-29-29,29004605,2026-08-02T16:58:02+0200
74e0eaa4da6774fa,auto-7202408d73d7,mistral_fast@26b5aa1,mistral_fast,26b5aa1,janus@8a1e7a1,janus,8a1e7a1,hive,official,1,0,rating,b,b,0.0,core_destroyed,42,,210,0,8,0,60,80,10,15,ok,,3.916,n-62-31-8,29004605,2026-08-02T16:58:05+0200
74e3706b4b60467b,auto-7202408d73d7,undertow_1ac7ac4@da3fd8a,undertow_1ac7ac4,da3fd8a,janus@8a1e7a1,janus,8a1e7a1,vault,official,1,0,rating,b,b,0.0,core_destroyed,57,,43,210,11,4,23,240,14,6,ok,,5.38,n-62-31-9,29004605,2026-08-02T16:59:03+0200
74e74ff9e278247a,auto-7202408d73d7,attack_wave_v1@9713344,attack_wave_v1,9713344,janus@8a1e7a1,janus,8a1e7a1,vault,official,1,0,rating,b,b,0.0,core_destroyed,45,,223,0,6,3,297,180,8,6,ok,,2.634,n-62-31-22,29004605,2026-08-02T16:57:00+0200
74f669cee2b35c13,auto-7202408d73d7,janus@8a1e7a1,janus,8a1e7a1,vg_v3@9713344,vg_v3,9713344,string,official,1,0,rating,a,a,1.0,core_destroyed,51,,104,370,10,12,100,0,1,1,ok,,3.38,n-62-12-5,29004605,2026-08-02T16:58:40+0200
75002c321f4896e3,auto-7202408d73d7,janus@8a1e7a1,janus,8a1e7a1,jonbot_190003d@da3fd8a,jonbot_190003d,da3fd8a,crossfire,official,1,0,rating,a,a,1.0,core_destroyed,49,,36,190,9,14,166,40,5,2,ok,,3.558,n-62-29-34,29004605,2026-08-02T16:57:14+0200
750dbbaf5a0fdc9e,auto-7202408d73d7,e_t4l7@9e77076,e_t4l7,9e77076,janus@8a1e7a1,janus,8a1e7a1,bridge,official,1,0,rating,b,b,0.0,titanium_collected,1000,,6387,7300,9,20,7314,7340,15,17,ok,,13.646,n-62-29-20,29004605,2026-08-02T16:57:49+0200
7519bdada3affea1,auto-7202408d73d7,mistral_fast@26b5aa1,mistral_fast,26b5aa1,janus@8a1e7a1,janus,8a1e7a1,atoll,official,1,0,rating,a,a,1.0,core_destroyed,28,,46,0,10,1,121,80,11,6,ok,,3.915,n-62-31-8,29004605,2026-08-02T16:57:20+0200
751c328cbeed7b15,auto-7202408d73d7,janus@8a1e7a1,janus,8a1e7a1,vg_v6@9713344,vg_v6,9713344,sprint,official,1,0,rating,a,a,1.0,core_destroyed,30,,3,80,11,15,14,100,4,6,ok,,3.324,n-62-21-8,29004605,2026-08-02T16:58:46+0200
752312520ce34a13,auto-7202408d73d7,janus@8a1e7a1,janus,8a1e7a1,tempest_reinforcements@87724ec,tempest_reinforcements,87724ec,twins,official,1,0,rating,a,a,1.0,core_destroyed,39,,36,20,10,4,13,0,11,4,ok,,5.974,n-62-21-65,29004605,2026-08-02T16:57:29+0200
7524093f17baa5c6,auto-7202408d73d7,janus@8a1e7a1,janus,8a1e7a1,jonbot@9713344,jonbot,9713344,sweden,official,1,0,rating,a,a,1.0,core_destroyed,68,,170,340,13,22,354,0,4,0,ok,,4.341,n-62-29-9,29004605,2026-08-02T16:57:33+0200
7561a073ad582874,auto-7202408d73d7,vg_v1@9713344,vg_v1,9713344,janus@8a1e7a1,janus,8a1e7a1,strait,official,1,0,rating,b,b,0.0,core_destroyed,36,,122,60,5,7,32,100,10,16,ok,,2.763,n-62-11-55,29004605,2026-08-02T16:59:30+0200
7588cae89b7aa183,auto-7202408d73d7,v233_d@9713344,v233_d,9713344,janus@8a1e7a1,janus,8a1e7a1,fjord,official,1,0,rating,b,b,0.0,core_destroyed,43,,113,190,4,7,12,240,13,13,ok,,3.655,n-62-29-28,29004605,2026-08-02T16:59:26+0200
759715535d192344,auto-7202408d73d7,tempest_oracle_ferry@fdc1e1f,tempest_oracle_ferry,fdc1e1f,janus@8a1e7a1,janus,8a1e7a1,skerry,official,1,0,rating,a,a,1.0,core_destroyed,38,,57,0,10,3,76,130,9,7,ok,,3.546,n-62-13-7,29004605,2026-08-02T16:58:12+0200
75c86cc8caea63c6,auto-7202408d73d7,janus@8a1e7a1,janus,8a1e7a1,e_t4l7@9e77076,e_t4l7,9e77076,vase,official,1,0,rating,a,a,1.0,core_destroyed,45,,86,70,7,7,22,80,6,19,ok,,2.889,n-62-29-14,29004605,2026-08-02T16:57:11+0200
75c9ed3a61ba5998,auto-7202408d73d7,janus@8a1e7a1,janus,8a1e7a1,vanguard@818f3b4,vanguard,818f3b4,strait,official,1,0,rating,a,a,1.0,core_destroyed,49,,97,100,10,9,120,260,10,13,ok,,3.794,n-62-29-5,29004605,2026-08-02T16:58:29+0200
75da0a1cb0bd765f,auto-7202408d73d7,undertow_oracle@fdc1e1f,undertow_oracle,fdc1e1f,janus@8a1e7a1,janus,8a1e7a1,fjord,official,1,0,rating,b,b,0.0,core_destroyed,37,,43,210,4,25,12,200,12,12,ok,,3.819,n-62-21-103,29004605,2026-08-02T16:58:22+0200
75dd4e02cb75e489,auto-7202408d73d7,janus@8a1e7a1,janus,8a1e7a1,attack_wave_v1@9713344,attack_wave_v1,9713344,twins,official,1,0,rating,a,a,1.0,core_destroyed,39,,31,120,12,13,198,0,6,3,ok,,4.049,n-62-31-5,29004605,2026-08-02T16:57:56+0200
75e1fe898fba4838,auto-7202408d73d7,janus@8a1e7a1,janus,8a1e7a1,undertow@9713344,undertow,9713344,bridge,official,1,0,rating,b,b,0.0,core_destroyed,40,,70,40,8,14,83,60,8,10,ok,,3.605,n-62-31-24,29004605,2026-08-02T16:58:27+0200
75f1f402fe307fcb,auto-7202408d73d7,janus@8a1e7a1,janus,8a1e7a1,e_condc@6db8844,e_condc,6db8844,aurora,official,1,0,rating,a,a,1.0,core_destroyed,41,,3,80,12,10,106,80,9,4,ok,,4.154,n-62-21-98,29004605,2026-08-02T16:56:58+0200
7604c6ce1fec5eef,auto-7202408d73d7,tempest@da3fd8a,tempest,da3fd8a,janus@8a1e7a1,janus,8a1e7a1,aurora,official,1,0,rating,b,b,0.0,core_destroyed,38,,247,0,6,3,10,110,11,11,ok,,6.778,n-62-12-2,29004605,2026-08-02T16:57:25+0200
7608f0fa5cd849fc,auto-7202408d73d7,vg_v6@9713344,vg_v6,9713344,janus@8a1e7a1,janus,8a1e7a1,strait,official,1,0,rating,b,b,0.0,core_destroyed,44,,95,80,5,7,43,140,9,17,ok,,3.542,n-62-21-8,29004605,2026-08-02T16:59:15+0200
761a3c37f7843375,auto-7202408d73d7,titanium_v1@9713344,titanium_v1,9713344,janus@8a1e7a1,janus,8a1e7a1,sprint,official,1,0,rating,b,b,0.0,core_destroyed,46,,346,0,2,2,100,230,9,18,ok,,2.459,n-62-31-22,29004605,2026-08-02T16:58:17+0200
761afb6811ab79ef,auto-7202408d73d7,tempest_reinforcements@025dd51,tempest_reinforcements,025dd51,janus@8a1e7a1,janus,8a1e7a1,hive,official,1,0,rating,b,b,0.0,core_destroyed,48,,10,90,8,10,40,100,11,10,ok,,4.314,n-62-12-66,29004605,2026-08-02T16:57:44+0200
761d598ab0005f9a,auto-7202408d73d7,tempest_reinforcements@65ddc55,tempest_reinforcements,65ddc55,janus@8a1e7a1,janus,8a1e7a1,atoll,official,1,0,rating,a,a,1.0,core_destroyed,32,,29,70,10,6,224,100,7,6,ok,,3.499,n-62-21-61,29004605,2026-08-02T16:57:35+0200
762310e714266f4b,auto-7202408d73d7,janus@8a1e7a1,janus,8a1e7a1,e_final@9e77076,e_final,9e77076,crossfire,official,1,0,rating,a,a,1.0,core_destroyed,34,,10,70,12,6,65,0,6,0,ok,,3.538,n-62-28-30,29004605,2026-08-02T16:57:20+0200
7637e53c196bf6ba,auto-7202408d73d7,prospect@bf9b3e3,prospect,bf9b3e3,janus@8a1e7a1,janus,8a1e7a1,showdown,official,1,0,rating,a,a,1.0,core_destroyed,25,,10,0,9,5,152,0,5,5,ok,,3.3,n-62-11-56,29004605,2026-08-02T16:58:09+0200
7639254e081537c2,auto-7202408d73d7,gobbleglitch@e808e1d,gobbleglitch,e808e1d,janus@8a1e7a1,janus,8a1e7a1,jackpot,official,1,0,rating,a,a,1.0,core_destroyed,93,,137,0,9,1,61,410,15,7,ok,,4.128,n-62-29-28,29004605,2026-08-02T16:57:39+0200
7640cd8313d20149,auto-7202408d73d7,janus@8a1e7a1,janus,8a1e7a1,tempest_reinforcements@38f9c23,tempest_reinforcements,38f9c23,aurora,official,1,0,rating,a,a,1.0,core_destroyed,60,,20,130,11,5,20,90,12,8,ok,,6.27,n-62-21-55,29004605,2026-08-02T16:57:09+0200
767f4804f3a83abe,auto-7202408d73d7,janus@8a1e7a1,janus,8a1e7a1,v233_g@9713344,v233_g,9713344,sprint,official,1,0,rating,a,a,1.0,core_destroyed,32,,20,60,11,8,113,50,4,4,ok,,2.965,n-62-29-27,29004605,2026-08-02T16:59:18+0200
7680ee0f8cd4b60f,auto-7202408d73d7,jonbot@da3fd8a,jonbot,da3fd8a,janus@8a1e7a1,janus,8a1e7a1,bridge,official,1,0,rating,b,b,0.0,core_destroyed,67,,235,0,7,7,242,340,8,17,ok,,3.194,n-62-29-31,29004605,2026-08-02T16:57:06+0200
76969cac33db1bf7,auto-7202408d73d7,prospect_rushonly@bf9b3e3,prospect_rushonly,bf9b3e3,janus@8a1e7a1,janus,8a1e7a1,atoll,official,1,0,rating,b,b,0.0,core_destroyed,44,,125,160,8,6,79,160,6,6,ok,,3.988,n-62-11-57,29004605,2026-08-02T16:57:56+0200
7701b410ae685c45,auto-7202408d73d7,janus@8a1e7a1,janus,8a1e7a1,vanguard_oracle@fdc1e1f,vanguard_oracle,fdc1e1f,sprint,official,1,0,rating,a,a,1.0,core_destroyed,28,,65,60,8,13,60,20,7,6,ok,,2.773,n-62-11-52,29004605,2026-08-02T16:59:17+0200
770ac397423306b0,auto-7202408d73d7,janus@8a1e7a1,janus,8a1e7a1,vg_v4@9713344,vg_v4,9713344,strait,official,1,0,rating,a,a,1.0,core_destroyed,176,,768,1360,10,69,102,660,9,28,ok,,6.576,n-62-12-1,29004605,2026-08-02T16:58:40+0200
7750730c0e1d4054,auto-7202408d73d7,vanguard_oracle@75591b7,vanguard_oracle,75591b7,janus@8a1e7a1,janus,8a1e7a1,crossfire,official,1,0,rating,b,b,0.0,core_destroyed,32,,135,120,9,6,30,110,11,8,ok,,3.781,n-62-31-7,29004605,2026-08-02T16:59:15+0200
77531dbaef2959fa,auto-7202408d73d7,janus@8a1e7a1,janus,8a1e7a1,gobbleglitch@e808e1d,gobbleglitch,e808e1d,twins,official,1,0,rating,a,a,1.0,core_destroyed,42,,13,80,12,8,11,70,7,7,ok,,4.03,n-62-29-29,29004605,2026-08-02T16:57:25+0200
775f5b45c82465d8,auto-7202408d73d7,vigil@bf9b3e3,vigil,bf9b3e3,janus@8a1e7a1,janus,8a1e7a1,fjord,official,1,0,rating,a,a,1.0,titanium_collected,38,,21,190,12,8,59,150,11,6,ok,,4.175,n-62-31-21,29004605,2026-08-02T16:59:37+0200
77694e44643dcc5b,auto-7202408d73d7,janus@8a1e7a1,janus,8a1e7a1,tempest@da3fd8a,tempest,da3fd8a,string,official,1,0,rating,a,a,1.0,core_destroyed,60,,79,140,11,5,413,250,5,6,ok,,3.182,n-62-12-3,29004605,2026-08-02T16:57:58+0200
777da17b89e879eb,auto-7202408d73d7,janus@8a1e7a1,janus,8a1e7a1,tempest_reinforcements@3d5ab38,tempest_reinforcements,3d5ab38,sprint,official,1,0,rating,a,a,1.0,core_destroyed,32,,19,80,9,10,24,10,7,2,ok,,3.749,n-62-21-57,29004605,2026-08-02T16:57:40+0200
7783d4623bf01413,auto-7202408d73d7,janus@8a1e7a1,janus,8a1e7a1,v233_d@9713344,v233_d,9713344,jackpot,official,1,0,rating,a,a,1.0,core_destroyed,56,,103,230,9,8,100,0,3,2,ok,,3.588,n-62-29-28,29004605,2026-08-02T16:59:37+0200
778d735274b3ea26,auto-7202408d73d7,janus@8a1e7a1,janus,8a1e7a1,vg_v3@9713344,vg_v3,9713344,quarry,official,1,0,rating,a,a,1.0,core_destroyed,60,,59,320,11,26,108,40,4,12,ok,,3.554,n-62-12-6,29004605,2026-08-02T16:59:11+0200
77b8176ef94de1f2,auto-7202408d73d7,janus@8a1e7a1,janus,8a1e7a1,mistral_fast@26b5aa1,mistral_fast,26b5aa1,string,official,1,0,rating,a,a,1.0,core_destroyed,60,,79,140,11,5,256,0,5,0,ok,,3.455,n-62-31-15,29004605,2026-08-02T16:58:03+0200
77c5baebb5688761,auto-7202408d73d7,janus@8a1e7a1,janus,8a1e7a1,tempest_picket@fdc1e1f,tempest_picket,fdc1e1f,jackpot,official,1,0,rating,b,b,0.0,core_destroyed,100,,139,450,14,7,457,230,6,7,ok,,3.861,n-62-12-65,29004605,2026-08-02T16:57:36+0200
77e1af58a5f95d88,auto-7202408d73d7,jonbot@9713344,jonbot,9713344,janus@8a1e7a1,janus,8a1e7a1,string,official,1,0,rating,b,b,0.0,titanium_collected,1000,,2689,0,5,1,4996,2490,9,4,ok,,10.583,n-62-29-9,29004605,2026-08-02T16:57:29+0200
77f2843884b0d445,auto-7202408d73d7,janus@8a1e7a1,janus,8a1e7a1,nemesis@9713344,nemesis,9713344,twins,official,1,0,rating,a,a,1.0,core_destroyed,74,,36,330,13,20,97,280,4,9,ok,,4.964,n-62-11-50,29004605,2026-08-02T16:57:09+0200
77f8c05cd9e36307,auto-7202408d73d7,janus@8a1e7a1,janus,8a1e7a1,v233_g@9713344,v233_g,9713344,sweden,official,1,0,rating,b,b,0.0,core_destroyed,77,,71,380,12,18,386,410,9,22,ok,,3.885,n-62-29-29,29004605,2026-08-02T16:58:30+0200
7807853cee5e1e1f,auto-7202408d73d7,janus@8a1e7a1,janus,8a1e7a1,tempest_reinforcements@38f9c23,tempest_reinforcements,38f9c23,vase,official,1,0,rating,b,b,0.0,core_destroyed,31,,75,30,8,6,54,40,8,15,ok,,3.256,n-62-21-54,29004605,2026-08-02T16:58:45+0200
782d5e451a9f4f46,auto-7202408d73d7,janus@8a1e7a1,janus,8a1e7a1,prospect@bf9b3e3,prospect,bf9b3e3,crossfire,official,1,0,rating,b,b,0.0,core_destroyed,38,,77,80,6,10,9,80,9,6,ok,,3.822,n-62-11-52,29004605,2026-08-02T16:58:03+0200
783f561e0ec92f30,auto-7202408d73d7,janus@8a1e7a1,janus,8a1e7a1,vg_v6@9713344,vg_v6,9713344,hive,official,1,0,rating,a,a,1.0,core_destroyed,69,,0,300,12,25,90,0,2,7,ok,,4.466,n-62-21-4,29004605,2026-08-02T16:59:23+0200
7847adf874f1e364,auto-7202408d73d7,v233_c@9713344,v233_c,9713344,janus@8a1e7a1,janus,8a1e7a1,bridge,official,1,0,rating,b,b,0.0,titanium_collected,1000,,2137,470,15,13,9091,7340,7,15,ok,,13.83,n-62-29-20,29004605,2026-08-02T16:58:52+0200
78531b565c16945e,auto-7202408d73d7,tempest_reinforcements@65ddc55,tempest_reinforcements,65ddc55,janus@8a1e7a1,janus,8a1e7a1,jackpot,official,1,0,rating,a,a,1.0,core_destroyed,61,,20,140,12,7,99,250,7,7,ok,,4.829,n-62-21-62,29004605,2026-08-02T16:57:05+0200
78539098e3e66deb,auto-7202408d73d7,janus@8a1e7a1,janus,8a1e7a1,titanium_v1@9713344,titanium_v1,9713344,aurora,official,1,0,rating,a,a,1.0,core_destroyed,36,,20,70,12,9,326,0,4,3,ok,,2.931,n-62-31-4,29004605,2026-08-02T16:59:12+0200
785881eac88d9a45,auto-7202408d73d7,e_t4l7@9e77076,e_t4l7,9e77076,janus@8a1e7a1,janus,8a1e7a1,runestone,official,1,0,rating,b,b,0.0,core_destroyed,26,,1,0,6,14,13,40,11,12,ok,,2.99,n-62-29-13,29004605,2026-08-02T16:57:28+0200
7870699ab5438ba2,auto-7202408d73d7,janus@8a1e7a1,janus,8a1e7a1,tempest_reinforcements@edf93ad,tempest_reinforcements,edf93ad,sweden,official,1,0,rating,b,b,0.0,core_destroyed,43,,109,140,6,26,19,0,11,6,ok,,3.587,n-62-21-69,29004605,2026-08-02T16:57:26+0200
7893940b27969be2,auto-7202408d73d7,janus@8a1e7a1,janus,8a1e7a1,tempest_oracle_ferry@fdc1e1f,tempest_oracle_ferry,fdc1e1f,fjord,official,1,0,rating,a,a,1.0,core_destroyed,33,,30,130,13,8,275,70,5,4,ok,,3.207,n-62-13-7,29004605,2026-08-02T16:57:05+0200
7894ed15e10c6378,auto-7202408d73d7,claude_challenger_1@fdc1e1f,claude_challenger_1,fdc1e1f,janus@8a1e7a1,janus,8a1e7a1,duel,official,1,0,rating,b,b,0.0,core_destroyed,30,,248,60,7,3,77,110,9,10,ok,,3.482,n-62-11-66,29004605,2026-08-02T16:58:35+0200
78adc380a6fe446a,auto-7202408d73d7,janus@8a1e7a1,janus,8a1e7a1,tempest_reinforcements@3d5ab38,tempest_reinforcements,3d5ab38,vase,official,1,0,rating,b,b,0.0,core_destroyed,55,,72,100,9,6,10,0,12,2,ok,,4.946,n-62-21-59,29004605,2026-08-02T16:57:00+0200
78b7591634a9e79a,auto-7202408d73d7,vigil@18b749d,vigil,18b749d,janus@8a1e7a1,janus,8a1e7a1,fjord,official,1,0,rating,a,a,1.0,core_destroyed,38,,5,190,12,11,59,150,11,6,ok,,4.246,n-62-31-5,29004605,2026-08-02T16:59:22+0200
78b9c357e0235ec4,auto-7202408d73d7,v233_g@9713344,v233_g,9713344,janus@8a1e7a1,janus,8a1e7a1,twins,official,1,0,rating,b,b,0.0,core_destroyed,50,,118,150,3,8,11,230,10,17,ok,,3.086,n-62-29-29,29004605,2026-08-02T16:58:47+0200
78bd6aadd00d3c9c,auto-7202408d73d7,tempest_blindfire@fdc1e1f,tempest_blindfire,fdc1e1f,janus@8a1e7a1,janus,8a1e7a1,atoll,official,1,0,rating,a,a,1.0,core_destroyed,30,,9,0,12,3,108,90,9,5,ok,,4.221,n-62-12-4,29004605,2026-08-02T16:57:23+0200
78ff7b0f4f3a9857,auto-7202408d73d7,e_final@9e77076,e_final,9e77076,janus@8a1e7a1,janus,8a1e7a1,string,official,1,0,rating,b,b,0.0,core_destroyed,38,,45,0,7,5,175,90,8,4,ok,,3.001,n-62-28-28,29004605,2026-08-02T16:57:44+0200
79076209e07ab78a,auto-7202408d73d7,uw_v2@9713344,uw_v2,9713344,janus@8a1e7a1,janus,8a1e7a1,twins,official,1,0,rating,b,b,0.0,core_destroyed,118,,103,500,0,19,90,770,11,42,ok,,4.815,n-62-28-31,29004605,2026-08-02T16:59:27+0200
790d7b640880d547,auto-7202408d73d7,vg_v3@9713344,vg_v3,9713344,janus@8a1e7a1,janus,8a1e7a1,atoll,official,1,0,rating,b,b,0.0,core_destroyed,46,,102,100,5,7,71,180,10,12,ok,,3.468,n-62-21-90,29004605,2026-08-02T16:59:21+0200
7926024f737a26f7,auto-7202408d73d7,janus@8a1e7a1,janus,8a1e7a1,frontier_v1@9713344,frontier_v1,9713344,sprint,official,1,0,rating,a,a,1.0,core_destroyed,33,,98,90,7,15,36,0,9,2,ok,,3.322,n-62-29-16,29004605,2026-08-02T16:58:03+0200
79278b5f427d4668,auto-7202408d73d7,tempest_ferry@26b5aa1,tempest_ferry,26b5aa1,janus@8a1e7a1,janus,8a1e7a1,fjord,official,1,0,rating,b,b,0.0,core_destroyed,34,,180,0,7,2,2,170,12,12,ok,,3.958,n-62-21-13,29004605,2026-08-02T16:58:15+0200
7939dc3dbe8be9c4,auto-7202408d73d7,e_final@9e77076,e_final,9e77076,janus@8a1e7a1,janus,8a1e7a1,quarry,official,1,0,rating,a,a,1.0,core_destroyed,44,,46,0,11,1,284,160,7,12,ok,,3.341,n-62-28-28,29004605,2026-08-02T16:57:02+0200
79587973ff6a0110,auto-7202408d73d7,mistral_fast@26b5aa1,mistral_fast,26b5aa1,janus@8a1e7a1,janus,8a1e7a1,crossfire,official,1,0,rating,b,b,0.0,core_destroyed,21,,185,0,7,0,9,50,10,6,ok,,3.555,n-62-31-8,29004605,2026-08-02T16:57:41+0200
7958978a4b652b14,auto-7202408d73d7,titanium_v1@9713344,titanium_v1,9713344,janus@8a1e7a1,janus,8a1e7a1,runestone,official,1,0,rating,b,b,0.0,core_destroyed,26,,254,0,4,4,13,40,11,12,ok,,2.868,n-62-31-5,29004605,2026-08-02T16:59:04+0200
795f0265b76d929d,auto-7202408d73d7,janus@8a1e7a1,janus,8a1e7a1,gobbleglitch@e808e1d,gobbleglitch,e808e1d,atoll,official,1,0,rating,b,b,0.0,core_destroyed,25,,284,50,5,4,43,0,12,1,ok,,2.917,n-62-29-27,29004605,2026-08-02T16:57:39+0200
7970f77e74e57afa,auto-7202408d73d7,vg_v5@9713344,vg_v5,9713344,janus@8a1e7a1,janus,8a1e7a1,sweden,official,1,0,rating,b,b,0.0,core_destroyed,69,,71,50,8,5,267,350,10,22,ok,,3.913,n-62-12-4,29004605,2026-08-02T16:59:31+0200
797c3e9f07c18711,auto-7202408d73d7,janus@8a1e7a1,janus,8a1e7a1,vanguard@c407e79,vanguard,c407e79,pinch,official,1,0,rating,a,a,1.0,core_destroyed,41,,31,80,9,7,38,130,12,8,ok,,3.854,n-62-31-16,29004605,2026-08-02T16:59:28+0200
797eeca4a8efda43,auto-7202408d73d7,uw_v2@9713344,uw_v2,9713344,janus@8a1e7a1,janus,8a1e7a1,pinch,official,1,0,rating,a,a,1.0,core_destroyed,41,,59,80,10,13,127,150,8,14,ok,,3.308,n-62-21-99,29004605,2026-08-02T16:59:27+0200
7985b26cdcdd8bfc,auto-7202408d73d7,janus@8a1e7a1,janus,8a1e7a1,tempest@da3fd8a,tempest,da3fd8a,quarry,official,1,0,rating,a,a,1.0,core_destroyed,45,,10,80,8,19,189,0,8,5,ok,,5.078,n-62-12-3,29004605,2026-08-02T16:57:07+0200
79bdd487e6534d10,auto-7202408d73d7,autistimusprime@ecd4d24,autistimusprime,ecd4d24,janus@8a1e7a1,janus,8a1e7a1,showdown,official,1,0,rating,b,b,0.0,core_destroyed,28,,58,0,6,10,56,0,8,6,ok,,3.2,n-62-31-21,29004605,2026-08-02T16:57:29+0200
79e4447de5c13180,auto-7202408d73d7,janus@8a1e7a1,janus,8a1e7a1,vigil@1b5f3d1,vigil,1b5f3d1,sprint,official,1,0,rating,a,a,1.0,core_destroyed,34,,4,20,7,4,8,60,8,9,ok,,4.063,n-62-21-2,29004605,2026-08-02T16:59:17+0200
79eb82a4d9efdbef,auto-7202408d73d7,nemesis@9713344,nemesis,9713344,janus@8a1e7a1,janus,8a1e7a1,duel,official,1,0,rating,b,b,0.0,core_destroyed,54,,34,160,10,9,156,260,8,23,ok,,3.61,n-62-31-7,29004605,2026-08-02T16:58:16+0200
7a154729e9e417ab,auto-7202408d73d7,janus@8a1e7a1,janus,8a1e7a1,vanguard@9932bec,vanguard,9932bec,hive,official,1,0,rating,a,a,1.0,core_destroyed,46,,49,130,10,17,17,130,10,19,ok,,4.205,n-62-30-23,29004605,2026-08-02T16:58:47+0200
7a1cee5aa23c37bf,auto-7202408d73d7,janus@8a1e7a1,janus,8a1e7a1,tempest_fast@eb1f0f3,tempest_fast,eb1f0f3,duel,official,1,0,rating,b,b,0.0,core_destroyed,30,,52,70,5,4,58,60,9,5,ok,,3.955,n-62-21-8,29004605,2026-08-02T16:57:53+0200
7a227538ec205efe,auto-7202408d73d7,janus@8a1e7a1,janus,8a1e7a1,tempest_picket@fdc1e1f,tempest_picket,fdc1e1f,longship,official,1,0,rating,a,a,1.0,core_destroyed,34,,10,60,10,12,63,0,11,3,ok,,3.74,n-62-12-65,29004605,2026-08-02T16:57:43+0200
7a4d9d30338786c7,auto-7202408d73d7,janus@8a1e7a1,janus,8a1e7a1,v233_a@9713344,v233_a,9713344,duel,official,1,0,rating,a,a,1.0,core_destroyed,44,,30,210,12,16,101,0,5,3,ok,,3.414,n-62-28-35,29004605,2026-08-02T16:58:53+0200
7a4f72262515eabf,auto-7202408d73d7,janus@8a1e7a1,janus,8a1e7a1,v233_g@9713344,v233_g,9713344,jackpot,official,1,0,rating,a,a,1.0,core_destroyed,67,,144,290,13,8,99,220,10,16,ok,,4.102,n-62-29-27,29004605,2026-08-02T16:58:29+0200
7a568c961294db8d,auto-7202408d73d7,janus@8a1e7a1,janus,8a1e7a1,uw_v1@9713344,uw_v1,9713344,fjord,official,1,0,rating,a,a,1.0,core_destroyed,39,,0,200,13,14,94,50,5,5,ok,,3.846,n-62-21-97,29004605,2026-08-02T16:58:23+0200
7a6c92592b35f8dc,auto-7202408d73d7,vg_v2@9713344,vg_v2,9713344,janus@8a1e7a1,janus,8a1e7a1,vault,official,1,0,rating,b,b,0.0,core_destroyed,61,,116,0,5,4,218,260,9,12,ok,,3.305,n-62-21-90,29004605,2026-08-02T16:59:13+0200
7a6dbcfa1e04d11e,auto-7202408d73d7,janus@8a1e7a1,janus,8a1e7a1,e_post2@4a95297,e_post2,4a95297,duel,official,1,0,rating,a,a,1.0,core_destroyed,65,,129,410,11,21,117,110,6,10,ok,,3.58,n-62-28-34,29004605,2026-08-02T16:57:43+0200
7a6f7e256b9d365e,auto-7202408d73d7,janus@8a1e7a1,janus,8a1e7a1,tempest_reinforcements@e1dc316,tempest_reinforcements,e1dc316,strait,official,1,0,rating,a,a,1.0,core_destroyed,45,,116,130,10,14,16,0,11,7,ok,,4.514,n-62-21-67,29004605,2026-08-02T16:56:59+0200
7a76987d11b4bba2,auto-7202408d73d7,janus@8a1e7a1,janus,8a1e7a1,v233_b@9713344,v233_b,9713344,crossfire,official,1,0,rating,a,a,1.0,core_destroyed,29,,31,90,10,9,71,40,6,6,ok,,2.903,n-62-28-33,29004605,2026-08-02T16:58:46+0200
7a79dcabdf9d50d4,auto-7202408d73d7,gobbleglitch@e808e1d,gobbleglitch,e808e1d,janus@8a1e7a1,janus,8a1e7a1,twins,official,1,0,rating,a,a,1.0,core_destroyed,28,,54,30,9,7,18,70,12,7,ok,,3.478,n-62-29-29,29004605,2026-08-02T16:57:29+0200
7a7b7aec6d5617b4,auto-7202408d73d7,janus@8a1e7a1,janus,8a1e7a1,vigil@1b5f3d1,vigil,1b5f3d1,aurora,official,1,0,rating,a,a,1.0,core_destroyed,60,,20,130,11,5,20,90,12,8,ok,,4.875,n-62-31-22,29004605,2026-08-02T16:58:49+0200
7a8aabfc9a9e28b0,auto-7202408d73d7,vg_v3@9713344,vg_v3,9713344,janus@8a1e7a1,janus,8a1e7a1,pinch,official,1,0,rating,b,b,0.0,core_destroyed,45,,62,40,8,10,20,170,10,20,ok,,3.489,n-62-12-6,29004605,2026-08-02T16:59:07+0200
7aab4cc05332ce48,auto-7202408d73d7,janus@8a1e7a1,janus,8a1e7a1,prospect@bf9b3e3,prospect,bf9b3e3,showdown,official,1,0,rating,a,a,1.0,core_destroyed,25,,10,0,9,5,152,0,5,5,ok,,3.251,n-62-11-56,29004605,2026-08-02T16:58:06+0200
7aab6948cfbbe147,auto-7202408d73d7,janus@8a1e7a1,janus,8a1e7a1,tempest_picket@fdc1e1f,tempest_picket,fdc1e1f,vault,official,1,0,rating,b,b,0.0,core_destroyed,41,,313,140,7,4,44,160,15,6,ok,,3.984,n-62-12-64,29004605,2026-08-02T16:57:57+0200
7ac36ae54e55657f,auto-7202408d73d7,tempest_reinforcements@51ad530,tempest_reinforcements,51ad530,janus@8a1e7a1,janus,8a1e7a1,jackpot,official,1,0,rating,a,a,1.0,core_destroyed,180,,97,750,22,12,146,600,5,3,ok,,8.955,n-62-21-59,29004605,2026-08-02T16:58:41+0200
7ac3e88c33e02af3,auto-7202408d73d7,turtle@9713344,turtle,9713344,janus@8a1e7a1,janus,8a1e7a1,longship,official,1,0,rating,b,b,0.0,core_destroyed,49,,97,130,5,15,20,170,12,15,ok,,3.169,n-62-31-21,29004605,2026-08-02T16:59:08+0200
7ac6e81417f3f638,auto-7202408d73d7,janus@8a1e7a1,janus,8a1e7a1,mistral@ba943b9,mistral,ba943b9,atoll,official,1,0,rating,b,b,0.0,core_destroyed,30,,196,90,7,4,42,0,13,1,ok,,5.016,n-62-31-16,29004605,2026-08-02T16:57:11+0200
7ae4909e9bf04917,auto-7202408d73d7,janus@8a1e7a1,janus,8a1e7a1,vg_v6@9713344,vg_v6,9713344,sweden,official,1,0,rating,a,a,1.0,core_destroyed,92,,326,520,12,22,121,120,4,4,ok,,5.061,n-62-21-8,29004605,2026-08-02T16:59:29+0200
7b1615acecff1d9f,auto-7202408d73d7,v233_e@9713344,v233_e,9713344,janus@8a1e7a1,janus,8a1e7a1,crossfire,official,1,0,rating,b,b,0.0,core_destroyed,33,,118,130,7,8,25,110,11,12,ok,,2.964,n-62-29-31,29004605,2026-08-02T16:59:31+0200
7b2561ce2d5306d2,auto-7202408d73d7,vg_v5@9713344,vg_v5,9713344,janus@8a1e7a1,janus,8a1e7a1,strait,official,1,0,rating,b,b,0.0,core_destroyed,44,,95,80,5,7,43,140,9,17,ok,,3.594,n-62-12-4,29004605,2026-08-02T16:59:13+0200
7b58fa249af818ea,auto-7202408d73d7,prospect@bf9b3e3,prospect,bf9b3e3,janus@8a1e7a1,janus,8a1e7a1,fjord,official,1,0,rating,b,b,0.0,core_destroyed,34,,83,170,8,10,9,170,12,10,ok,,3.996,n-62-11-56,29004605,2026-08-02T16:57:03+0200
7b6e23aefa62d861,auto-7202408d73d7,janus@8a1e7a1,janus,8a1e7a1,tempest@da3fd8a,tempest,da3fd8a,hive,official,1,0,rating,a,a,1.0,core_destroyed,47,,77,140,11,15,63,0,10,3,ok,,6.679,n-62-12-2,29004605,2026-08-02T16:58:09+0200
7b8ea7c8132b5a8f,auto-7202408d73d7,vanguard_oracle@902be71,vanguard_oracle,902be71,janus@8a1e7a1,janus,8a1e7a1,atoll,official,1,0,rating,b,b,0.0,core_destroyed,46,,29,170,13,3,47,100,9,6,ok,,4.595,n-62-11-51,29004605,2026-08-02T16:58:40+0200
7bae0498e089ae6f,auto-7202408d73d7,janus@8a1e7a1,janus,8a1e7a1,tempest_fast@eb1f0f3,tempest_fast,eb1f0f3,jackpot,official,1,0,rating,a,a,1.0,core_destroyed,51,,60,210,12,8,205,60,7,5,ok,,4.718,n-62-21-12,29004605,2026-08-02T16:56:59+0200
7baef0678b1dcc64,auto-7202408d73d7,mistral_fast@26b5aa1,mistral_fast,26b5aa1,janus@8a1e7a1,janus,8a1e7a1,skerry,official,1,0,rating,b,b,0.0,core_destroyed,39,,108,0,7,0,66,150,10,9,ok,,4.184,n-62-31-15,29004605,2026-08-02T16:57:45+0200
7bc0e7ca726fe350,auto-7202408d73d7,janus@8a1e7a1,janus,8a1e7a1,tempest_reinforcements@e1dc316,tempest_reinforcements,e1dc316,sprint,official,1,0,rating,a,a,1.0,core_destroyed,41,,36,160,6,19,5,20,9,0,ok,,3.774,n-62-21-66,29004605,2026-08-02T16:58:34+0200
7bc52f1fbf18a87c,auto-7202408d73d7,janus@8a1e7a1,janus,8a1e7a1,undertow@da3fd8a,undertow,da3fd8a,duel,official,1,0,rating,a,a,1.0,core_destroyed,48,,26,200,11,15,114,160,5,6,ok,,3.221,n-62-11-61,29004605,2026-08-02T16:58:51+0200
7bcac023223dd0dc,auto-7202408d73d7,mistral@ba943b9,mistral,ba943b9,janus@8a1e7a1,janus,8a1e7a1,atoll,official,1,0,rating,a,a,1.0,core_destroyed,28,,46,0,10,1,121,80,11,6,ok,,4.792,n-62-31-16,29004605,2026-08-02T16:57:16+0200
7bceafb8dfa434b3,auto-7202408d73d7,janus@8a1e7a1,janus,8a1e7a1,vanguard@c407e79,vanguard,c407e79,vase,official,1,0,rating,a,a,1.0,core_destroyed,77,,246,150,8,16,79,0,10,2,ok,,3.622,n-62-31-19,29004605,2026-08-02T16:59:35+0200
7bfc9154fade4c36,auto-7202408d73d7,e9cand@9e77076,e9cand,9e77076,janus@8a1e7a1,janus,8a1e7a1,strait,official,1,0,rating,b,b,0.0,core_destroyed,41,,101,0,10,0,23,120,11,17,ok,,4.106,n-62-21-97,29004605,2026-08-02T16:57:24+0200
7c1af1634ef5e2de,auto-7202408d73d7,janus@8a1e7a1,janus,8a1e7a1,vg_v5@9713344,vg_v5,9713344,sprint,official,1,0,rating,a,a,1.0,core_destroyed,30,,3,80,11,15,14,100,4,6,ok,,3.428,n-62-12-4,29004605,2026-08-02T16:58:39+0200
7c4b7b1ae37913e0,auto-7202408d73d7,janus@8a1e7a1,janus,8a1e7a1,tempest_sentinel@fdc1e1f,tempest_sentinel,fdc1e1f,twins,official,1,0,rating,a,a,1.0,core_destroyed,42,,27,80,12,7,60,80,6,5,ok,,3.867,n-62-31-4,29004605,2026-08-02T16:58:46+0200
7c5b052a4b4f7cc6,auto-7202408d73d7,v233_c@9713344,v233_c,9713344,janus@8a1e7a1,janus,8a1e7a1,strait,official,1,0,rating,b,b,0.0,core_destroyed,44,,114,80,4,7,31,140,9,17,ok,,3.387,n-62-29-16,29004605,2026-08-02T16:59:06+0200
7cffe808057b28b1,auto-7202408d73d7,janus@8a1e7a1,janus,8a1e7a1,vg_v6@9713344,vg_v6,9713344,showdown,official,1,0,rating,a,a,1.0,core_destroyed,32,,28,50,8,15,92,0,2,5,ok,,3.058,n-62-21-8,29004605,2026-08-02T16:58:31+0200
7d013a2006c72249,auto-7202408d73d7,vanguard@818f3b4,vanguard,818f3b4,janus@8a1e7a1,janus,8a1e7a1,twins,official,1,0,rating,b,b,0.0,core_destroyed,54,,36,200,6,9,4,70,10,6,ok,,4.098,n-62-29-5,29004605,2026-08-02T16:58:59+0200
7d085649c5e185ca,auto-7202408d73d7,janus@8a1e7a1,janus,8a1e7a1,v233_c@9713344,v233_c,9713344,atoll,official,1,0,rating,a,a,1.0,core_destroyed,60,,72,180,11,9,117,40,3,5,ok,,3.691,n-62-29-20,29004605,2026-08-02T16:58:18+0200
7d2afb8901bca6e7,auto-7202408d73d7,baiter@9713344,baiter,9713344,janus@8a1e7a1,janus,8a1e7a1,pinch,official,1,0,rating,b,b,0.0,core_destroyed,45,,62,40,8,10,20,170,10,20,ok,,4.624,n-62-31-24,29004605,2026-08-02T16:57:15+0200
7d4060f2121a14ad,auto-7202408d73d7,v233_i@902be71,v233_i,902be71,janus@8a1e7a1,janus,8a1e7a1,fjord,official,1,0,rating,b,b,0.0,core_destroyed,34,,63,130,9,7,11,170,12,10,ok,,3.535,n-62-29-8,29004605,2026-08-02T16:58:50+0200
7d4c4138afc4468e,auto-7202408d73d7,vg_v2@9713344,vg_v2,9713344,janus@8a1e7a1,janus,8a1e7a1,showdown,official,1,0,rating,b,b,0.0,core_destroyed,28,,78,0,5,5,24,40,8,15,ok,,2.903,n-62-21-89,29004605,2026-08-02T16:59:19+0200
7d63cb95d99a8208,auto-7202408d73d7,janus@8a1e7a1,janus,8a1e7a1,v233_c@9713344,v233_c,9713344,strait,official,1,0,rating,a,a,1.0,titanium_collected,1000,,16783,15310,8,84,8840,7340,9,30,ok,,11.066,n-62-29-16,29004605,2026-08-02T16:59:02+0200
7d897e7f2b833473,auto-7202408d73d7,janus@8a1e7a1,janus,8a1e7a1,tempest_reinforcements@51ad530,tempest_reinforcements,51ad530,runestone,official,1,0,rating,a,a,1.0,core_destroyed,28,,14,40,12,6,16,0,11,4,ok,,4.587,n-62-21-60,29004605,2026-08-02T16:57:30+0200
7d8f3af024973742,auto-7202408d73d7,v233_i@902be71,v233_i,902be71,janus@8a1e7a1,janus,8a1e7a1,sweden,official,1,0,rating,b,b,0.0,core_destroyed,83,,79,330,11,23,323,450,10,22,ok,,4.469,n-62-29-32,29004605,2026-08-02T16:58:48+0200
7db8aa4dfc5af19c,auto-7202408d73d7,riptide@9713344,riptide,9713344,janus@8a1e7a1,janus,8a1e7a1,runestone,official,1,0,rating,b,b,0.0,core_destroyed,28,,84,40,5,7,13,40,11,13,ok,,3.564,n-62-21-91,29004605,2026-08-02T16:59:05+0200
7dc13171caf0dbae,auto-7202408d73d7,janus@8a1e7a1,janus,8a1e7a1,tempest_reinforcements@3d5ab38,tempest_reinforcements,3d5ab38,hive,official,1,0,rating,a,a,1.0,core_destroyed,46,,4,90,14,8,9,90,8,12,ok,,4.668,n-62-21-56,29004605,2026-08-02T16:57:59+0200
7e00b30e687cf413,auto-7202408d73d7,vg_v1@9713344,vg_v1,9713344,janus@8a1e7a1,janus,8a1e7a1,showdown,official,1,0,rating,b,b,0.0,core_destroyed,28,,115,0,6,2,23,40,9,14,ok,,2.722,n-62-11-55,29004605,2026-08-02T16:59:05+0200
7e0a76a637129705,auto-7202408d73d7,janus@8a1e7a1,janus,8a1e7a1,undertow@fdc1e1f,undertow,fdc1e1f,vault,official,1,0,rating,b,b,0.0,core_destroyed,44,,250,160,9,6,51,190,12,7,ok,,4.415,n-62-11-68,29004605,2026-08-02T16:58:44+0200
7e121aa46ae0ee82,auto-7202408d73d7,e9cand@9e77076,e9cand,9e77076,janus@8a1e7a1,janus,8a1e7a1,hive,official,1,0,rating,b,b,0.0,core_destroyed,52,,52,0,11,1,99,160,8,23,ok,,3.716,n-62-21-104,29004605,2026-08-02T16:57:35+0200
7e31494b1dbe3eb0,auto-7202408d73d7,janus@8a1e7a1,janus,8a1e7a1,tempest_sentinel@fdc1e1f,tempest_sentinel,fdc1e1f,string,official,1,0,rating,a,a,1.0,core_destroyed,60,,97,60,8,5,221,250,6,5,ok,,3.183,n-62-31-4,29004605,2026-08-02T16:58:27+0200
7e463dfe07422138,auto-7202408d73d7,attack_wave_v1@9713344,attack_wave_v1,9713344,janus@8a1e7a1,janus,8a1e7a1,runestone,official,1,0,rating,b,b,0.0,core_destroyed,27,,116,0,6,4,3,40,11,13,ok,,3.868,n-62-31-5,29004605,2026-08-02T16:57:09+0200
7e4c4df5f3d7c77d,auto-7202408d73d7,janus@8a1e7a1,janus,8a1e7a1,vg_v3@9713344,vg_v3,9713344,crossfire,official,1,0,rating,a,a,1.0,core_destroyed,35,,13,120,11,11,88,0,4,3,ok,,3.012,n-62-21-90,29004605,2026-08-02T16:59:44+0200
7e57741b0fad2ae9,auto-7202408d73d7,e_condc@6db8844,e_condc,6db8844,janus@8a1e7a1,janus,8a1e7a1,quarry,official,1,0,rating,b,b,0.0,core_destroyed,66,,79,140,7,26,265,390,9,23,ok,,3.49,n-62-21-98,29004605,2026-08-02T16:58:13+0200
7e5c7fa5e6998d64,auto-7202408d73d7,janus@8a1e7a1,janus,8a1e7a1,undertow_oracle@fdc1e1f,undertow_oracle,fdc1e1f,showdown,official,1,0,rating,a,a,1.0,core_destroyed,29,,36,0,9,8,23,0,7,3,ok,,3.558,n-62-21-103,29004605,2026-08-02T16:59:23+0200
7e63cc5c70c548a2,auto-7202408d73d7,tempest_reinforcements@87724ec,tempest_reinforcements,87724ec,janus@8a1e7a1,janus,8a1e7a1,atoll,official,1,0,rating,a,a,1.0,core_destroyed,29,,4,0,11,3,215,90,7,6,ok,,4.721,n-62-21-63,29004605,2026-08-02T16:57:41+0200
7e9f88922f750425,auto-7202408d73d7,siege_v2@9713344,siege_v2,9713344,janus@8a1e7a1,janus,8a1e7a1,pinch,official,1,0,rating,b,b,0.0,core_destroyed,35,,137,0,5,4,20,110,11,15,ok,,3.007,n-62-12-5,29004605,2026-08-02T16:57:58+0200
7ed0e7dcbffb7b13,auto-7202408d73d7,opponent_luc@e83a42c,opponent_luc,e83a42c,janus@8a1e7a1,janus,8a1e7a1,crossfire,official,1,0,rating,b,b,0.0,core_destroyed,79,,373,160,1,3,10,410,17,26,ok,,5.929,n-62-11-50,29004605,2026-08-02T16:58:23+0200
7ed2c2a690f93c13,auto-7202408d73d7,undertow@da3fd8a,undertow,da3fd8a,janus@8a1e7a1,janus,8a1e7a1,twins,official,1,0,rating,b,b,0.0,core_destroyed,36,,127,120,7,7,31,110,10,14,ok,,3.039,n-62-11-64,29004605,2026-08-02T16:59:44+0200
7ed3059acd56c8fa,auto-7202408d73d7,janus@8a1e7a1,janus,8a1e7a1,e_condc@6db8844,e_condc,6db8844,fjord,official,1,0,rating,a,a,1.0,core_destroyed,59,,10,350,13,22,172,240,7,10,ok,,3.914,n-62-21-98,29004605,2026-08-02T16:57:30+0200
7ef41bc53a2bb0f9,auto-7202408d73d7,vanguard_oracle@fdc1e1f,vanguard_oracle,fdc1e1f,janus@8a1e7a1,janus,8a1e7a1,duel,official,1,0,rating,b,b,0.0,core_destroyed,35,,49,80,13,3,149,130,6,6,ok,,3.607,n-62-11-57,29004605,2026-08-02T16:59:37+0200
7f09a54ad3f53ae4,auto-7202408d73d7,vg_v6@9713344,vg_v6,9713344,janus@8a1e7a1,janus,8a1e7a1,showdown,official,1,0,rating,b,b,0.0,core_destroyed,28,,78,0,5,5,24,40,8,15,ok,,3.363,n-62-21-8,29004605,2026-08-02T16:58:34+0200
7f1ffcaf45f83755,auto-7202408d73d7,janus@8a1e7a1,janus,8a1e7a1,tempest_reinforcements@025dd51,tempest_reinforcements,025dd51,crossfire,official,1,0,rating,a,a,1.0,core_destroyed,27,,9,80,10,7,0,50,10,5,ok,,3.84,n-62-12-66,29004605,2026-08-02T16:57:15+0200
7f31c6ad3e00f4fb,auto-7202408d73d7,janus@8a1e7a1,janus,8a1e7a1,v233_i@902be71,v233_i,902be71,runestone,official,1,0,rating,a,a,1.0,core_destroyed,31,,9,50,12,8,58,90,10,10,ok,,3.506,n-62-29-8,29004605,2026-08-02T16:59:33+0200
7f3371698935c9ae,auto-7202408d73d7,vanguard@818f3b4,vanguard,818f3b4,janus@8a1e7a1,janus,8a1e7a1,showdown,official,1,0,rating,b,b,0.0,core_destroyed,34,,63,0,8,0,14,60,9,16,ok,,3.034,n-62-29-34,29004605,2026-08-02T16:59:30+0200
7f4e8dfbee291ad1,auto-7202408d73d7,janus@8a1e7a1,janus,8a1e7a1,undertow@fdc1e1f,undertow,fdc1e1f,twins,official,1,0,rating,a,a,1.0,core_destroyed,55,,18,200,13,13,79,290,5,24,ok,,3.942,n-62-11-68,29004605,2026-08-02T16:58:13+0200
7f72d5d6b1e03e17,auto-7202408d73d7,janus@8a1e7a1,janus,8a1e7a1,tempest_frontier@fdc1e1f,tempest_frontier,fdc1e1f,atoll,official,1,0,rating,b,b,0.0,core_destroyed,30,,139,90,10,6,23,60,12,6,ok,,4.34,n-62-21-15,29004605,2026-08-02T16:57:40+0200
7f7adc8c76c460ab,auto-7202408d73d7,vanguard@818f3b4,vanguard,818f3b4,janus@8a1e7a1,janus,8a1e7a1,skerry,official,1,0,rating,a,a,1.0,core_destroyed,37,,59,160,11,6,195,140,9,5,ok,,3.735,n-62-29-34,29004605,2026-08-02T16:59:39+0200
7f9406786871df63,auto-7202408d73d7,claude_challenger_3@fdc1e1f,claude_challenger_3,fdc1e1f,janus@8a1e7a1,janus,8a1e7a1,runestone,official,1,0,rating,b,b,0.0,core_destroyed,28,,101,40,9,7,13,40,11,13,ok,,4.942,n-62-31-11,29004605,2026-08-02T16:58:29+0200
7fa60217ed9eb03b,auto-7202408d73d7,e_harc@6db8844,e_harc,6db8844,janus@8a1e7a1,janus,8a1e7a1,runestone,official,1,0,rating,b,b,0.0,core_destroyed,33,,88,50,9,6,3,50,11,14,ok,,3.485,n-62-28-33,29004605,2026-08-02T16:57:18+0200
7fa7ca6c338928ae,auto-7202408d73d7,tempest_reinforcements@87724ec,tempest_reinforcements,87724ec,janus@8a1e7a1,janus,8a1e7a1,vault,official,1,0,rating,a,a,1.0,core_destroyed,37,,24,0,11,3,269,140,9,5,ok,,7.41,n-62-21-65,29004605,2026-08-02T16:57:59+0200
7fa9437ac5e81b29,auto-7202408d73d7,janus@8a1e7a1,janus,8a1e7a1,v233_i@902be71,v233_i,902be71,vault,official,1,0,rating,a,a,1.0,core_destroyed,48,,223,190,10,7,70,200,12,6,ok,,4.555,n-62-29-32,29004605,2026-08-02T16:59:08+0200
7faff594733d9fae,auto-7202408d73d7,janus@8a1e7a1,janus,8a1e7a1,prospect@bf9b3e3,prospect,bf9b3e3,aurora,official,1,0,rating,b,b,0.0,core_destroyed,38,,74,70,7,5,8,110,11,9,ok,,4.434,n-62-11-52,29004605,2026-08-02T16:57:45+0200
7fbc21f421e0f243,auto-7202408d73d7,janus@8a1e7a1,janus,8a1e7a1,vg_v6@9713344,vg_v6,9713344,skerry,official,1,0,rating,a,a,1.0,core_destroyed,57,,182,340,9,22,93,0,5,6,ok,,3.966,n-62-21-8,29004605,2026-08-02T16:58:38+0200
7fc3316466fdef01,auto-7202408d73d7,janus@8a1e7a1,janus,8a1e7a1,vg_v2@9713344,vg_v2,9713344,atoll,official,1,0,rating,a,a,1.0,core_destroyed,58,,79,240,12,14,86,20,7,7,ok,,3.885,n-62-21-91,29004605,2026-08-02T16:59:04+0200
7fec45cdebf50e47,auto-7202408d73d7,tempest_reinforcements@edf93ad,tempest_reinforcements,edf93ad,janus@8a1e7a1,janus,8a1e7a1,vault,official,1,0,rating,a,a,1.0,core_destroyed,40,,41,90,11,6,338,150,7,5,ok,,4.883,n-62-21-69,29004605,2026-08-02T16:58:03+0200
7ffc05bb4b043c46,auto-7202408d73d7,tempest_ferry@26b5aa1,tempest_ferry,26b5aa1,janus@8a1e7a1,janus,8a1e7a1,skerry,official,1,0,rating,a,a,1.0,core_destroyed,38,,58,0,11,3,121,140,8,7,ok,,4.228,n-62-21-2,29004605,2026-08-02T16:58:03+0200
802330d431fbf2e5,auto-7202408d73d7,janus@8a1e7a1,janus,8a1e7a1,e_t4l7@9e77076,e_t4l7,9e77076,twins,official,1,0,rating,a,a,1.0,core_destroyed,45,,1,160,12,14,121,180,4,20,ok,,3.153,n-62-29-14,29004605,2026-08-02T16:57:05+0200
8025ebcf8d9eb6a9,auto-7202408d73d7,tempest_reinforcements@3d5ab38,tempest_reinforcements,3d5ab38,janus@8a1e7a1,janus,8a1e7a1,twins,official,1,0,rating,b,b,0.0,core_destroyed,31,,15,50,9,5,20,60,11,7,ok,,4.136,n-62-21-57,29004605,2026-08-02T16:58:20+0200
8044e96688da985d,auto-7202408d73d7,janus@8a1e7a1,janus,8a1e7a1,nemesis@9713344,nemesis,9713344,showdown,official,1,0,rating,a,a,1.0,core_destroyed,27,,12,20,8,16,68,0,4,4,ok,,3.117,n-62-31-13,29004605,2026-08-02T16:57:49+0200
80498928b819cbf8,auto-7202408d73d7,jonbot_190003d@da3fd8a,jonbot_190003d,da3fd8a,janus@8a1e7a1,janus,8a1e7a1,atoll,official,1,0,rating,b,b,0.0,core_destroyed,45,,45,0,6,4,14,110,12,6,ok,,3.664,n-62-29-32,29004605,2026-08-02T16:58:08+0200
80717f6cc7aa6a2a,auto-7202408d73d7,v233_d@9713344,v233_d,9713344,janus@8a1e7a1,janus,8a1e7a1,quarry,official,1,0,rating,a,a,1.0,core_destroyed,54,,51,140,11,10,112,260,10,17,ok,,4.041,n-62-29-9,29004605,2026-08-02T16:58:32+0200
807c643b095f68d8,auto-7202408d73d7,tempest_reinforcements@87724ec,tempest_reinforcements,87724ec,janus@8a1e7a1,janus,8a1e7a1,jackpot,official,1,0,rating,a,a,1.0,core_destroyed,113,,60,0,10,3,62,510,11,7,ok,,8.589,n-62-21-64,29004605,2026-08-02T16:57:29+0200
808542c84db52a6d,auto-7202408d73d7,janus@8a1e7a1,janus,8a1e7a1,undertow@da3fd8a,undertow,da3fd8a,pinch,official,1,0,rating,a,a,1.0,core_destroyed,44,,32,190,11,16,33,170,13,15,ok,,4.289,n-62-11-64,29004605,2026-08-02T16:58:12+0200
80bd87c2ecce77cb,auto-7202408d73d7,tempest_reinforcements@38f9c23,tempest_reinforcements,38f9c23,janus@8a1e7a1,janus,8a1e7a1,skerry,official,1,0,rating,a,a,1.0,core_destroyed,37,,40,150,12,11,106,140,9,5,ok,,4.421,n-62-21-54,29004605,2026-08-02T16:57:29+0200
80d36607ac926764,auto-7202408d73d7,vanguard_oracle@fdc1e1f,vanguard_oracle,fdc1e1f,janus@8a1e7a1,janus,8a1e7a1,aurora,official,1,0,rating,b,b,0.0,core_destroyed,46,,109,180,8,8,14,150,13,12,ok,,4.554,n-62-11-57,29004605,2026-08-02T16:58:58+0200
80f303286318cb76,auto-7202408d73d7,nemesis@9713344,nemesis,9713344,janus@8a1e7a1,janus,8a1e7a1,crossfire,official,1,0,rating,b,b,0.0,core_destroyed,37,,116,70,5,7,11,130,11,14,ok,,4.002,n-62-31-7,29004605,2026-08-02T16:58:02+0200
80f3264017927d0c,auto-7202408d73d7,janus@8a1e7a1,janus,8a1e7a1,mistral_fast@26b5aa1,mistral_fast,26b5aa1,vase,official,1,0,rating,a,a,1.0,core_destroyed,37,,162,50,8,7,314,0,4,0,ok,,2.875,n-62-31-7,29004605,2026-08-02T16:57:05+0200
810e30264550810d,auto-7202408d73d7,janus@8a1e7a1,janus,8a1e7a1,mistral_fast@26b5aa1,mistral_fast,26b5aa1,quarry,official,1,0,rating,a,a,1.0,core_destroyed,46,,10,70,9,18,286,0,5,0,ok,,3.373,n-62-31-15,29004605,2026-08-02T16:57:16+0200
811d47026c386d64,auto-7202408d73d7,e_final@9e77076,e_final,9e77076,janus@8a1e7a1,janus,8a1e7a1,crossfire,official,1,0,rating,b,b,0.0,core_destroyed,33,,85,0,7,2,16,110,12,9,ok,,3.486,n-62-28-30,29004605,2026-08-02T16:57:24+0200
811e1c0582a68ca3,auto-7202408d73d7,janus@8a1e7a1,janus,8a1e7a1,claude_challenger_1@fdc1e1f,claude_challenger_1,fdc1e1f,strait,official,1,0,rating,a,a,1.0,core_destroyed,45,,32,130,11,16,9,0,10,5,ok,,5.948,n-62-21-92,29004605,2026-08-02T16:57:00+0200
814ccd8e7349dba6,auto-7202408d73d7,janus@8a1e7a1,janus,8a1e7a1,tempest_reinforcements@edf93ad,tempest_reinforcements,edf93ad,quarry,official,1,0,rating,a,a,1.0,core_destroyed,51,,9,190,12,24,11,0,9,5,ok,,5.067,n-62-21-68,29004605,2026-08-02T16:58:03+0200
81620feca1b9eacb,auto-7202408d73d7,undertow@fdc1e1f,undertow,fdc1e1f,janus@8a1e7a1,janus,8a1e7a1,twins,official,1,0,rating,b,b,0.0,core_destroyed,36,,127,120,7,7,31,110,10,14,ok,,3.138,n-62-11-68,29004605,2026-08-02T16:58:16+0200
8179f8af37be993f,auto-7202408d73d7,siege_v1@9713344,siege_v1,9713344,janus@8a1e7a1,janus,8a1e7a1,sprint,official,1,0,rating,b,b,0.0,core_destroyed,42,,252,0,4,2,61,250,9,23,ok,,2.998,n-62-12-6,29004605,2026-08-02T16:57:21+0200
81863bbc18c9e62a,auto-7202408d73d7,v233_a@9713344,v233_a,9713344,janus@8a1e7a1,janus,8a1e7a1,vase,official,1,0,rating,b,b,0.0,core_destroyed,49,,68,0,7,3,89,80,7,15,ok,,2.67,n-62-28-28,29004605,2026-08-02T16:59:45+0200
819daf4813363603,auto-7202408d73d7,tempest_outer@fdc1e1f,tempest_outer,fdc1e1f,janus@8a1e7a1,janus,8a1e7a1,aurora,official,1,0,rating,b,b,0.0,core_destroyed,38,,247,0,6,3,10,110,11,11,ok,,3.577,n-62-13-6,29004605,2026-08-02T16:58:02+0200
81a684e0b6970e86,auto-7202408d73d7,janus@8a1e7a1,janus,8a1e7a1,opponent_luc@e83a42c,opponent_luc,e83a42c,string,official,1,0,rating,a,a,1.0,core_destroyed,60,,404,460,7,11,650,0,0,0,ok,,2.701,n-62-11-52,29004605,2026-08-02T16:56:57+0200
81b44a7f760d1dff,auto-7202408d73d7,tempest_reinforcements@edf93ad,tempest_reinforcements,edf93ad,janus@8a1e7a1,janus,8a1e7a1,aurora,official,1,0,rating,b,b,0.0,core_destroyed,44,,27,80,9,7,17,90,12,8,ok,,4.914,n-62-21-67,29004605,2026-08-02T16:58:35+0200
81c146a3a0084270,auto-7202408d73d7,janus@8a1e7a1,janus,8a1e7a1,tempest_reinforcements@e1dc316,tempest_reinforcements,e1dc316,quarry,official,1,0,rating,a,a,1.0,core_destroyed,53,,59,220,10,23,21,0,9,8,ok,,4.762,n-62-21-66,29004605,2026-08-02T16:57:56+0200
81c7b8fe148b9f56,auto-7202408d73d7,janus@8a1e7a1,janus,8a1e7a1,mistral@ba943b9,mistral,ba943b9,duel,official,1,0,rating,b,b,0.0,core_destroyed,28,,20,60,7,5,70,0,9,1,ok,,4.598,n-62-31-16,29004605,2026-08-02T16:57:53+0200
81dfc06f08d40404,auto-7202408d73d7,frontier_v2@9713344,frontier_v2,9713344,janus@8a1e7a1,janus,8a1e7a1,skerry,official,1,0,rating,b,b,0.0,core_destroyed,40,,33,0,8,3,90,200,10,13,ok,,3.156,n-62-29-24,29004605,2026-08-02T16:57:54+0200
81e591002142dea2,auto-7202408d73d7,janus@8a1e7a1,janus,8a1e7a1,undertow_oracle@75591b7,undertow_oracle,75591b7,duel,official,1,0,rating,a,a,1.0,core_destroyed,51,,16,210,12,14,93,220,3,7,ok,,3.83,n-62-31-9,29004605,2026-08-02T16:59:40+0200
8208e900ca937510,auto-7202408d73d7,janus@8a1e7a1,janus,8a1e7a1,siege_v2@9713344,siege_v2,9713344,skerry,official,1,0,rating,a,a,1.0,core_destroyed,46,,140,250,10,11,172,0,6,3,ok,,3.436,n-62-12-1,29004605,2026-08-02T16:57:20+0200
820fa47261714fd4,auto-7202408d73d7,janus@8a1e7a1,janus,8a1e7a1,e_final@9e77076,e_final,9e77076,sprint,official,1,0,rating,a,a,1.0,core_destroyed,35,,47,60,10,5,13,0,3,11,ok,,3.195,n-62-28-28,29004605,2026-08-02T16:57:26+0200
8212b25dd67d9897,auto-7202408d73d7,opponent_luc@e83a42c,opponent_luc,e83a42c,janus@8a1e7a1,janus,8a1e7a1,hive,official,1,0,rating,b,b,0.0,core_destroyed,42,,176,0,9,1,53,90,10,17,ok,,5.375,n-62-11-51,29004605,2026-08-02T16:57:06+0200
8222ef9c4b6529fb,auto-7202408d73d7,tempest_reinforcements@65ddc55,tempest_reinforcements,65ddc55,janus@8a1e7a1,janus,8a1e7a1,pinch,official,1,0,rating,b,b,0.0,core_destroyed,36,,10,70,7,8,20,70,11,5,ok,,4.023,n-62-21-62,29004605,2026-08-02T16:57:22+0200
822401f4be34e4bb,auto-7202408d73d7,janus@8a1e7a1,janus,8a1e7a1,vg_v4@9713344,vg_v4,9713344,hive,official,1,0,rating,a,a,1.0,core_destroyed,69,,0,300,12,25,90,0,2,7,ok,,4.675,n-62-12-2,29004605,2026-08-02T16:58:47+0200
8242b7fd4221e314,auto-7202408d73d7,tempest_reinforcements@edf93ad,tempest_reinforcements,edf93ad,janus@8a1e7a1,janus,8a1e7a1,bridge,official,1,0,rating,b,b,0.0,core_destroyed,73,,60,0,12,7,248,190,5,13,ok,,3.963,n-62-21-67,29004605,2026-08-02T16:58:45+0200
8244050e497f378d,auto-7202408d73d7,vg_v4@9713344,vg_v4,9713344,janus@8a1e7a1,janus,8a1e7a1,pinch,official,1,0,rating,b,b,0.0,core_destroyed,45,,62,40,8,10,20,170,10,20,ok,,3.654,n-62-12-2,29004605,2026-08-02T16:59:17+0200
825a2b1e37854cb3,auto-7202408d73d7,lockin@9713344,lockin,9713344,janus@8a1e7a1,janus,8a1e7a1,pinch,official,1,0,rating,b,b,0.0,core_destroyed,35,,93,0,10,2,27,110,10,15,ok,,4.442,n-62-30-23,29004605,2026-08-02T16:58:26+0200
8274b4c395ca4081,auto-7202408d73d7,janus@8a1e7a1,janus,8a1e7a1,prospect@bf9b3e3,prospect,bf9b3e3,hive,official,1,0,rating,b,b,0.0,core_destroyed,46,,31,120,12,12,37,110,9,15,ok,,4.747,n-62-11-56,29004605,2026-08-02T16:57:08+0200
82796c9da3f87a2b,auto-7202408d73d7,janus@8a1e7a1,janus,8a1e7a1,nemesis@9713344,nemesis,9713344,runestone,official,1,0,rating,a,a,1.0,core_destroyed,31,,3,50,12,13,112,0,5,6,ok,,4.046,n-62-31-13,29004605,2026-08-02T16:57:42+0200
8297d31a4de4e034,auto-7202408d73d7,janus@8a1e7a1,janus,8a1e7a1,riptide@9713344,riptide,9713344,aurora,official,1,0,rating,a,a,1.0,core_destroyed,50,,6,100,13,11,82,100,6,9,ok,,4.03,n-62-11-55,29004605,2026-08-02T16:58:32+0200
82bd4f3124049b2d,auto-7202408d73d7,janus@8a1e7a1,janus,8a1e7a1,e_final@9e77076,e_final,9e77076,atoll,official,1,0,rating,a,a,1.0,core_destroyed,47,,144,180,9,10,2,0,8,5,ok,,3.757,n-62-28-30,29004605,2026-08-02T16:56:58+0200
82c4acb658d0cc81,auto-7202408d73d7,vigil@1b5f3d1,vigil,1b5f3d1,janus@8a1e7a1,janus,8a1e7a1,string,official,1,0,rating,a,a,1.0,core_destroyed,85,,9,30,8,13,85,50,3,5,ok,,3.294,n-62-21-2,29004605,2026-08-02T16:59:38+0200
82d6bc73a7cb7310,auto-7202408d73d7,attack_wave_v1@9713344,attack_wave_v1,9713344,janus@8a1e7a1,janus,8a1e7a1,quarry,official,1,0,rating,b,b,0.0,core_destroyed,48,,218,0,6,3,200,210,8,17,ok,,2.991,n-62-31-5,29004605,2026-08-02T16:57:01+0200
82ec01be4ee36fab,auto-7202408d73d7,janus@8a1e7a1,janus,8a1e7a1,vg_v5@9713344,vg_v5,9713344,hive,official,1,0,rating,a,a,1.0,core_destroyed,69,,0,300,12,25,90,0,2,7,ok,,3.804,n-62-12-3,29004605,2026-08-02T16:58:53+0200
830f8cc55f499053,auto-7202408d73d7,titanium_v1@9713344,titanium_v1,9713344,janus@8a1e7a1,janus,8a1e7a1,hive,official,1,0,rating,b,b,0.0,core_destroyed,42,,297,0,4,4,10,90,10,18,ok,,2.785,n-62-31-5,29004605,2026-08-02T16:58:32+0200
83147c543b35ca99,auto-7202408d73d7,janus@8a1e7a1,janus,8a1e7a1,frontier_v1@9713344,frontier_v1,9713344,aurora,official,1,0,rating,a,a,1.0,core_destroyed,36,,45,70,12,9,36,0,10,2,ok,,3.555,n-62-29-14,29004605,2026-08-02T16:57:32+0200
831f01fb2b94b544,auto-7202408d73d7,janus@8a1e7a1,janus,8a1e7a1,v233_g@9713344,v233_g,9713344,runestone,official,1,0,rating,a,a,1.0,core_destroyed,36,,20,60,11,13,114,110,8,12,ok,,3.14,n-62-29-27,29004605,2026-08-02T16:58:58+0200
83258493d3bff8ed,auto-7202408d73d7,tempest_reinforcements@edf93ad,tempest_reinforcements,edf93ad,janus@8a1e7a1,janus,8a1e7a1,vase,official,1,0,rating,b,b,0.0,core_destroyed,117,,60,0,11,3,59,0,9,5,ok,,5.114,n-62-21-69,29004605,2026-08-02T16:57:52+0200
832bcc26391bc91e,auto-7202408d73d7,janus@8a1e7a1,janus,8a1e7a1,vg_v4@9713344,vg_v4,9713344,string,official,1,0,rating,a,a,1.0,core_destroyed,51,,104,370,10,12,100,0,1,1,ok,,3.803,n-62-12-1,29004605,2026-08-02T16:58:48+0200
83303316e477e7b1,auto-7202408d73d7,janus@8a1e7a1,janus,8a1e7a1,frontier_v1@9713344,frontier_v1,9713344,vase,official,1,0,rating,a,a,1.0,core_destroyed,36,,116,50,7,7,139,0,7,3,ok,,2.981,n-62-29-18,29004605,2026-08-02T16:57:24+0200
835db5e9fe61905e,auto-7202408d73d7,janus@8a1e7a1,janus,8a1e7a1,tempest_picket@fdc1e1f,tempest_picket,fdc1e1f,showdown,official,1,0,rating,b,b,0.0,core_destroyed,21,,120,0,6,5,48,0,8,8,ok,,3.833,n-62-12-64,29004605,2026-08-02T16:56:58+0200
837ae2f391336002,auto-7202408d73d7,janus@8a1e7a1,janus,8a1e7a1,vanguard_oracle@75591b7,vanguard_oracle,75591b7,strait,official,1,0,rating,b,b,0.0,core_destroyed,42,,240,80,7,6,82,160,12,9,ok,,3.862,n-62-11-50,29004605,2026-08-02T16:59:05+0200
837f1d92f2850450,auto-7202408d73d7,e_post2@4a95297,e_post2,4a95297,janus@8a1e7a1,janus,8a1e7a1,string,official,1,0,rating,b,b,0.0,core_destroyed,38,,86,0,9,8,175,90,8,4,ok,,3.59,n-62-28-35,29004605,2026-08-02T16:58:06+0200
838d3be5827ae98a,auto-7202408d73d7,janus@8a1e7a1,janus,8a1e7a1,uw_v2@9713344,uw_v2,9713344,longship,official,1,0,rating,a,a,1.0,core_destroyed,121,,63,630,14,32,102,390,2,10,ok,,5.644,n-62-21-99,29004605,2026-08-02T16:59:14+0200
839cfd836c3ccc16,auto-7202408d73d7,janus@8a1e7a1,janus,8a1e7a1,prospect@bf9b3e3,prospect,bf9b3e3,strait,official,1,0,rating,a,a,1.0,core_destroyed,47,,13,100,9,6,48,150,9,13,ok,,4.31,n-62-11-57,29004605,2026-08-02T16:56:59+0200
83b39cf6f9ad80b8,auto-7202408d73d7,turtle@9713344,turtle,9713344,janus@8a1e7a1,janus,8a1e7a1,string,official,1,0,rating,b,b,0.0,core_destroyed,67,,104,130,5,4,90,160,11,4,ok,,4.184,n-62-31-23,29004605,2026-08-02T16:58:59+0200
83ee6d74a3856ff7,auto-7202408d73d7,janus@8a1e7a1,janus,8a1e7a1,v233_f@9713344,v233_f,9713344,vase,official,1,0,rating,a,a,1.0,core_destroyed,42,,128,70,8,7,100,50,8,6,ok,,2.957,n-62-29-24,29004605,2026-08-02T16:58:41+0200
840a96767168e334,auto-7202408d73d7,janus@8a1e7a1,janus,8a1e7a1,e_post2@4a95297,e_post2,4a95297,vault,official,1,0,rating,a,a,1.0,core_destroyed,54,,278,220,9,7,69,0,12,1,ok,,4.262,n-62-29-20,29004605,2026-08-02T16:57:14+0200
841a297afe7423a7,auto-7202408d73d7,janus@8a1e7a1,janus,8a1e7a1,baiter@9713344,baiter,9713344,vase,official,1,0,rating,a,a,1.0,core_destroyed,60,,290,110,6,9,375,0,6,1,ok,,3.066,n-62-11-60,29004605,2026-08-02T16:57:08+0200
84249cdd4cac7557,auto-7202408d73d7,janus@8a1e7a1,janus,8a1e7a1,turtle@9713344,turtle,9713344,strait,official,1,0,rating,a,a,1.0,titanium_collected,1000,,16751,15200,8,95,9913,7360,4,34,ok,,10.887,n-62-31-23,29004605,2026-08-02T16:58:45+0200
84374ad497ef252c,auto-7202408d73d7,tempest_fast@eb1f0f3,tempest_fast,eb1f0f3,janus@8a1e7a1,janus,8a1e7a1,skerry,official,1,0,rating,b,b,0.0,core_destroyed,39,,85,0,8,2,76,150,11,9,ok,,4.157,n-62-21-12,29004605,2026-08-02T16:57:54+0200
8464fd7b1853df27,auto-7202408d73d7,claude_challenger_2@fdc1e1f,claude_challenger_2,fdc1e1f,janus@8a1e7a1,janus,8a1e7a1,sprint,official,1,0,rating,b,b,0.0,core_destroyed,44,,266,0,4,4,104,240,9,23,ok,,4.019,n-62-31-10,29004605,2026-08-02T16:57:04+0200
846fa8f3a36a8d9d,auto-7202408d73d7,tempest_blindfire@fdc1e1f,tempest_blindfire,fdc1e1f,janus@8a1e7a1,janus,8a1e7a1,fjord,official,1,0,rating,b,b,0.0,core_destroyed,36,,240,0,6,2,23,190,11,11,ok,,4.296,n-62-12-4,29004605,2026-08-02T16:58:04+0200
8477073c93912895,auto-7202408d73d7,v233_d@9713344,v233_d,9713344,janus@8a1e7a1,janus,8a1e7a1,vase,official,1,0,rating,b,b,0.0,core_destroyed,48,,88,0,5,3,70,80,8,14,ok,,3.198,n-62-29-31,29004605,2026-08-02T16:58:22+0200
848c000a0d376c09,auto-7202408d73d7,janus@8a1e7a1,janus,8a1e7a1,undertow@da3fd8a,undertow,da3fd8a,atoll,official,1,0,rating,a,a,1.0,core_destroyed,72,,385,310,6,10,33,200,16,12,ok,,4.321,n-62-11-61,29004605,2026-08-02T16:58:19+0200
849956ab962aed57,auto-7202408d73d7,claude_challenger_2@fdc1e1f,claude_challenger_2,fdc1e1f,janus@8a1e7a1,janus,8a1e7a1,duel,official,1,0,rating,b,b,0.0,core_destroyed,30,,248,60,7,3,77,110,9,10,ok,,3.641,n-62-31-9,29004605,2026-08-02T16:57:02+0200
84a2673e91433792,auto-7202408d73d7,vanguard@9932bec,vanguard,9932bec,janus@8a1e7a1,janus,8a1e7a1,pinch,official,1,0,rating,b,b,0.0,core_destroyed,42,,58,80,8,6,41,160,9,12,ok,,3.129,n-62-30-23,29004605,2026-08-02T16:59:14+0200
84b039eeaf2f8e0a,auto-7202408d73d7,vg_v2@9713344,vg_v2,9713344,janus@8a1e7a1,janus,8a1e7a1,aurora,official,1,0,rating,b,b,0.0,core_destroyed,45,,61,90,8,9,8,150,13,12,ok,,4.148,n-62-21-91,29004605,2026-08-02T16:59:17+0200
84b5a942486964c8,auto-7202408d73d7,janus@8a1e7a1,janus,8a1e7a1,prospect_rushonly@bf9b3e3,prospect_rushonly,bf9b3e3,quarry,official,1,0,rating,b,b,0.0,core_destroyed,62,,2,110,7,18,69,350,10,21,ok,,4.384,n-62-11-54,29004605,2026-08-02T16:57:53+0200
84d7c229ad5d1ae0,auto-7202408d73d7,janus@8a1e7a1,janus,8a1e7a1,tempest@da3fd8a,tempest,da3fd8a,vault,official,1,0,rating,b,b,0.0,core_destroyed,41,,260,140,9,4,60,160,14,6,ok,,5.47,n-62-12-4,29004605,2026-08-02T16:57:09+0200
85052319e587b18c,auto-7202408d73d7,janus@8a1e7a1,janus,8a1e7a1,lockin@9713344,lockin,9713344,crossfire,official,1,0,rating,a,a,1.0,core_destroyed,49,,10,190,15,12,27,0,7,2,ok,,5.874,n-62-30-23,29004605,2026-08-02T16:57:26+0200
853009a93cab2a96,auto-7202408d73d7,janus@8a1e7a1,janus,8a1e7a1,e9cand@9e77076,e9cand,9e77076,skerry,official,1,0,rating,a,a,1.0,core_destroyed,46,,142,230,10,10,76,0,11,0,ok,,4.084,n-62-21-97,29004605,2026-08-02T16:57:05+0200
853e093d282b7649,auto-7202408d73d7,janus@8a1e7a1,janus,8a1e7a1,tempest@da3fd8a,tempest,da3fd8a,pinch,official,1,0,rating,b,b,0.0,core_destroyed,28,,111,60,7,9,18,0,12,4,ok,,4.15,n-62-12-3,29004605,2026-08-02T16:56:58+0200
8549fb1ac6701fbb,auto-7202408d73d7,janus@8a1e7a1,janus,8a1e7a1,vigil@1b5f3d1,vigil,1b5f3d1,bridge,official,1,0,rating,b,b,0.0,core_destroyed,39,,74,30,7,8,20,50,11,11,ok,,3.233,n-62-31-22,29004605,2026-08-02T16:58:56+0200
854ce9539092adb0,auto-7202408d73d7,janus@8a1e7a1,janus,8a1e7a1,uw_v2@9713344,uw_v2,9713344,jackpot,official,1,0,rating,b,b,0.0,core_destroyed,135,,148,630,19,7,151,880,13,43,ok,,6.747,n-62-21-99,29004605,2026-08-02T16:58:55+0200
8596e34b23a77426,auto-7202408d73d7,v233_g@9713344,v233_g,9713344,janus@8a1e7a1,janus,8a1e7a1,vault,official,1,0,rating,a,a,1.0,core_destroyed,41,,118,180,10,12,340,160,7,5,ok,,3.087,n-62-29-29,29004605,2026-08-02T16:59:01+0200
85aa96fc74dd5e41,auto-7202408d73d7,janus@8a1e7a1,janus,8a1e7a1,vanguard@9932bec,vanguard,9932bec,longship,official,1,0,rating,a,a,1.0,core_destroyed,32,,18,60,12,12,69,110,9,8,ok,,3.619,n-62-30-23,29004605,2026-08-02T16:59:03+0200
85af578622b34cac,auto-7202408d73d7,tempest_reinforcements@edf93ad,tempest_reinforcements,edf93ad,janus@8a1e7a1,janus,8a1e7a1,showdown,official,1,0,rating,a,a,1.0,core_destroyed,20,,29,0,10,5,103,0,9,5,ok,,3.795,n-62-21-68,29004605,2026-08-02T16:58:25+0200
85b0ad824b5e4657,auto-7202408d73d7,vg_v7@9713344,vg_v7,9713344,janus@8a1e7a1,janus,8a1e7a1,string,official,1,0,rating,b,b,0.0,core_destroyed,86,,96,0,4,2,278,560,8,18,ok,,4.316,n-62-31-4,29004605,2026-08-02T16:59:34+0200
85d9b81fef1328a7,auto-7202408d73d7,reaver@9713344,reaver,9713344,janus@8a1e7a1,janus,8a1e7a1,sweden,official,1,0,rating,b,b,0.0,core_destroyed,72,,432,50,5,7,325,370,8,22,ok,,3.008,n-62-11-55,29004605,2026-08-02T16:57:44+0200
85ec1f8cefae1cad,auto-7202408d73d7,vanguard@da3fd8a,vanguard,da3fd8a,janus@8a1e7a1,janus,8a1e7a1,jackpot,official,1,0,rating,a,a,1.0,core_destroyed,62,,94,270,13,8,111,210,12,6,ok,,4.387,n-62-31-8,29004605,2026-08-02T16:59:19+0200
85ee6e16ae60085f,auto-7202408d73d7,nemesis@9713344,nemesis,9713344,janus@8a1e7a1,janus,8a1e7a1,pinch,official,1,0,rating,b,b,0.0,core_destroyed,52,,108,100,3,10,30,250,11,18,ok,,3.959,n-62-31-13,29004605,2026-08-02T16:57:29+0200
860655fb243caecb,auto-7202408d73d7,janus@8a1e7a1,janus,8a1e7a1,v233_i@902be71,v233_i,902be71,vase,official,1,0,rating,a,a,1.0,core_destroyed,77,,246,150,8,16,79,0,10,2,ok,,3.615,n-62-29-32,29004605,2026-08-02T16:59:00+0200
860b5f6617e12c13,auto-7202408d73d7,tempest_reinforcements@025dd51,tempest_reinforcements,025dd51,janus@8a1e7a1,janus,8a1e7a1,aurora,official,1,0,rating,b,b,0.0,core_destroyed,44,,27,80,9,7,17,90,12,8,ok,,4.231,n-62-12-66,29004605,2026-08-02T16:57:03+0200
8615e88a69320dde,auto-7202408d73d7,janus@8a1e7a1,janus,8a1e7a1,e_condc@6db8844,e_condc,6db8844,duel,official,1,0,rating,a,a,1.0,core_destroyed,92,,74,590,12,35,73,90,3,3,ok,,3.809,n-62-21-98,29004605,2026-08-02T16:57:22+0200
86292975186e7145,auto-7202408d73d7,vg_v4@9713344,vg_v4,9713344,janus@8a1e7a1,janus,8a1e7a1,vault,official,1,0,rating,b,b,0.0,core_destroyed,61,,116,0,5,4,218,260,9,12,ok,,3.344,n-62-12-1,29004605,2026-08-02T16:59:33+0200
8636e25ac04bee03,auto-7202408d73d7,janus@8a1e7a1,janus,8a1e7a1,tempest_reinforcements@65ddc55,tempest_reinforcements,65ddc55,showdown,official,1,0,rating,b,b,0.0,core_destroyed,37,,186,0,3,4,10,0,5,8,ok,,3.215,n-62-21-62,29004605,2026-08-02T16:57:44+0200
863730dac0bacdc1,auto-7202408d73d7,uw_v1@9713344,uw_v1,9713344,janus@8a1e7a1,janus,8a1e7a1,twins,official,1,0,rating,b,b,0.0,core_destroyed,156,,129,240,2,5,757,1480,10,54,ok,,4.669,n-62-21-98,29004605,2026-08-02T16:59:44+0200
8638859cacf34fc4,auto-7202408d73d7,janus@8a1e7a1,janus,8a1e7a1,e_t4l7@9e77076,e_t4l7,9e77076,duel,official,1,0,rating,a,a,1.0,core_destroyed,58,,11,250,11,20,58,180,5,10,ok,,3.283,n-62-29-20,29004605,2026-08-02T16:58:00+0200
866eee1be2b7b8c1,auto-7202408d73d7,janus@8a1e7a1,janus,8a1e7a1,tempest_reinforcements@3d5ab38,tempest_reinforcements,3d5ab38,strait,official,1,0,rating,a,a,1.0,core_destroyed,46,,50,130,12,12,21,0,9,4,ok,,4.329,n-62-21-57,29004605,2026-08-02T16:57:48+0200
86a6071fc989218e,auto-7202408d73d7,janus@8a1e7a1,janus,8a1e7a1,undertow_oracle@fdc1e1f,undertow_oracle,fdc1e1f,fjord,official,1,0,rating,a,a,1.0,core_destroyed,119,,251,1060,14,44,136,730,4,11,ok,,7.622,n-62-21-103,29004605,2026-08-02T16:58:18+0200
86acb8f468227592,auto-7202408d73d7,janus@8a1e7a1,janus,8a1e7a1,autistimusprime@ecd4d24,autistimusprime,ecd4d24,runestone,official,1,0,rating,a,a,1.0,core_destroyed,29,,3,40,11,12,119,30,8,5,ok,,4.151,n-62-31-21,29004605,2026-08-02T16:57:17+0200
86ae4f69ba5175b9,auto-7202408d73d7,janus@8a1e7a1,janus,8a1e7a1,opponent_luc@e83a42c,opponent_luc,e83a42c,bridge,official,1,0,rating,a,a,1.0,core_destroyed,51,,40,240,6,29,620,0,0,0,ok,,2.222,n-62-11-50,29004605,2026-08-02T16:58:09+0200
86b32288e1b823ca,auto-7202408d73d7,janus@8a1e7a1,janus,8a1e7a1,uw_v2@9713344,uw_v2,9713344,sprint,official,1,0,rating,a,a,1.0,core_destroyed,45,,11,190,8,23,76,110,7,6,ok,,4.809,n-62-28-31,29004605,2026-08-02T16:58:32+0200
86cbf7d394c0024d,auto-7202408d73d7,janus@8a1e7a1,janus,8a1e7a1,tempest_reinforcements@edf93ad,tempest_reinforcements,edf93ad,runestone,official,1,0,rating,a,a,1.0,core_destroyed,28,,14,40,12,6,16,0,11,4,ok,,4.396,n-62-21-68,29004605,2026-08-02T16:58:13+0200
86e195ed09f60eb1,auto-7202408d73d7,janus@8a1e7a1,janus,8a1e7a1,jonbot@da3fd8a,jonbot,da3fd8a,crossfire,official,1,0,rating,a,a,1.0,core_destroyed,33,,10,110,11,11,241,70,2,9,ok,,3.196,n-62-29-31,29004605,2026-08-02T16:57:09+0200
870dce42ffb8d80b,auto-7202408d73d7,janus@8a1e7a1,janus,8a1e7a1,tempest_reinforcements@65ddc55,tempest_reinforcements,65ddc55,bridge,official,1,0,rating,b,b,0.0,core_destroyed,49,,108,50,8,8,10,0,11,8,ok,,3.902,n-62-21-61,29004605,2026-08-02T16:57:48+0200
872d1239214c2bd9,auto-7202408d73d7,undertow@da3fd8a,undertow,da3fd8a,janus@8a1e7a1,janus,8a1e7a1,sweden,official,1,0,rating,a,a,1.0,core_destroyed,141,,371,580,12,18,123,880,11,19,ok,,7.11,n-62-11-64,29004605,2026-08-02T16:59:36+0200
8744ddb12909bab0,auto-7202408d73d7,v233_b@9713344,v233_b,9713344,janus@8a1e7a1,janus,8a1e7a1,vault,official,1,0,rating,b,b,0.0,core_destroyed,56,,99,40,2,5,173,240,10,10,ok,,2.837,n-62-28-34,29004605,2026-08-02T16:59:39+0200
8759615ce697e58c,auto-7202408d73d7,janus@8a1e7a1,janus,8a1e7a1,tempest_reinforcements@edf93ad,tempest_reinforcements,edf93ad,atoll,official,1,0,rating,b,b,0.0,core_destroyed,36,,166,120,8,6,38,80,8,5,ok,,4.086,n-62-21-67,29004605,2026-08-02T16:58:22+0200
878ebad985feced6,auto-7202408d73d7,undertow_oracle@fdc1e1f,undertow_oracle,fdc1e1f,janus@8a1e7a1,janus,8a1e7a1,twins,official,1,0,rating,b,b,0.0,core_destroyed,39,,26,0,9,7,20,100,12,9,ok,,3.996,n-62-21-104,29004605,2026-08-02T16:59:30+0200
878eea12b76610ea,auto-7202408d73d7,reaver@9713344,reaver,9713344,janus@8a1e7a1,janus,8a1e7a1,skerry,official,1,0,rating,b,b,0.0,core_destroyed,40,,71,0,8,4,121,200,10,11,ok,,3.375,n-62-11-55,29004605,2026-08-02T16:57:02+0200
87946edacea2c091,auto-7202408d73d7,vg_v7@9713344,vg_v7,9713344,janus@8a1e7a1,janus,8a1e7a1,hive,official,1,0,rating,b,b,0.0,titanium_collected,1000,,8699,8150,19,39,16543,17100,6,163,ok,,23.012,n-62-21-12,29004605,2026-08-02T16:59:43+0200
87a5ff2ae69a4b41,auto-7202408d73d7,vg_v4@9713344,vg_v4,9713344,janus@8a1e7a1,janus,8a1e7a1,vase,official,1,0,rating,b,b,0.0,core_destroyed,48,,128,0,5,3,70,80,8,14,ok,,3.429,n-62-12-1,29004605,2026-08-02T16:59:20+0200
87a98fd7a73c31d4,auto-7202408d73d7,janus@8a1e7a1,janus,8a1e7a1,reaver@9713344,reaver,9713344,twins,official,1,0,rating,a,a,1.0,titanium_collected,1000,,18510,16960,9,90,10840,8760,12,31,ok,,12.53,n-62-11-55,29004605,2026-08-02T16:57:56+0200
87bb06e3de94b4f0,auto-7202408d73d7,baiter@9713344,baiter,9713344,janus@8a1e7a1,janus,8a1e7a1,hive,official,1,0,rating,b,b,0.0,core_destroyed,78,,96,170,5,11,117,350,9,33,ok,,4.635,n-62-31-23,29004605,2026-08-02T16:58:27+0200
87cad67d90fc309a,auto-7202408d73d7,e_post2@4a95297,e_post2,4a95297,janus@8a1e7a1,janus,8a1e7a1,twins,official,1,0,rating,b,b,0.0,core_destroyed,43,,94,0,11,3,45,150,11,17,ok,,4.218,n-62-29-20,29004605,2026-08-02T16:57:02+0200
87eb2f52e899c01b,auto-7202408d73d7,janus@8a1e7a1,janus,8a1e7a1,vg_v1@9713344,vg_v1,9713344,sprint,official,1,0,rating,a,a,1.0,core_destroyed,32,,28,110,9,17,117,60,5,5,ok,,2.624,n-62-11-55,29004605,2026-08-02T16:59:15+0200
87f9ab4bb47099c4,auto-7202408d73d7,janus@8a1e7a1,janus,8a1e7a1,v233_i@902be71,v233_i,902be71,pinch,official,1,0,rating,a,a,1.0,core_destroyed,41,,55,80,10,11,122,180,9,14,ok,,3.155,n-62-29-8,29004605,2026-08-02T16:59:17+0200
87ffb9809661690c,auto-7202408d73d7,siege_v1@9713344,siege_v1,9713344,janus@8a1e7a1,janus,8a1e7a1,vase,official,1,0,rating,b,b,0.0,core_destroyed,42,,286,0,6,1,87,70,8,7,ok,,3.352,n-62-12-6,29004605,2026-08-02T16:57:56+0200
880a4996e0bc3f0f,auto-7202408d73d7,baiter@9713344,baiter,9713344,janus@8a1e7a1,janus,8a1e7a1,vault,official,1,0,rating,b,b,0.0,core_destroyed,61,,116,0,5,4,218,260,9,12,ok,,3.522,n-62-11-60,29004605,2026-08-02T16:57:26+0200
8875fd06bf7edd21,auto-7202408d73d7,janus@8a1e7a1,janus,8a1e7a1,tempest_oracle_ferry@fdc1e1f,tempest_oracle_ferry,fdc1e1f,jackpot,official,1,0,rating,b,b,0.0,core_destroyed,92,,145,410,13,7,417,210,6,7,ok,,4.234,n-62-13-7,29004605,2026-08-02T16:57:22+0200
8892dcbc37cecf5d,auto-7202408d73d7,janus@8a1e7a1,janus,8a1e7a1,tempest_sentinel@fdc1e1f,tempest_sentinel,fdc1e1f,aurora,official,1,0,rating,a,a,1.0,core_destroyed,37,,11,70,11,9,222,70,6,7,ok,,3.567,n-62-21-69,29004605,2026-08-02T16:58:14+0200
88aa0799b2778a61,auto-7202408d73d7,janus@8a1e7a1,janus,8a1e7a1,jonbot@9713344,jonbot,9713344,pinch,official,1,0,rating,a,a,1.0,core_destroyed,37,,14,70,12,11,264,0,5,0,ok,,3.101,n-62-29-8,29004605,2026-08-02T16:57:40+0200
88dff73a54b680b2,auto-7202408d73d7,janus@8a1e7a1,janus,8a1e7a1,e_final@9e77076,e_final,9e77076,skerry,official,1,0,rating,a,a,1.0,core_destroyed,50,,176,280,9,12,20,0,8,5,ok,,3.558,n-62-28-28,29004605,2026-08-02T16:57:19+0200
890945794c8ad33b,auto-7202408d73d7,undertow@9713344,undertow,9713344,janus@8a1e7a1,janus,8a1e7a1,longship,official,1,0,rating,b,b,0.0,core_destroyed,42,,115,170,8,18,2,130,12,12,ok,,4.274,n-62-31-24,29004605,2026-08-02T16:59:35+0200
890f23b4c34f5d60,auto-7202408d73d7,tempest_reinforcements@e1dc316,tempest_reinforcements,e1dc316,janus@8a1e7a1,janus,8a1e7a1,vase,official,1,0,rating,b,b,0.0,core_destroyed,147,,13,0,16,3,60,40,9,7,ok,,6.275,n-62-21-67,29004605,2026-08-02T16:58:07+0200
891864369c99fdbe,auto-7202408d73d7,tempest@da3fd8a,tempest,da3fd8a,janus@8a1e7a1,janus,8a1e7a1,twins,official,1,0,rating,b,b,0.0,core_destroyed,31,,226,0,6,3,50,90,9,14,ok,,3.267,n-62-12-3,29004605,2026-08-02T16:58:20+0200
891b03976923d3d8,auto-7202408d73d7,mistral_fast@26b5aa1,mistral_fast,26b5aa1,janus@8a1e7a1,janus,8a1e7a1,twins,official,1,0,rating,b,b,0.0,core_destroyed,27,,284,0,4,0,39,70,10,13,ok,,3.176,n-62-31-7,29004605,2026-08-02T16:57:02+0200
8923bd565b06c83f,auto-7202408d73d7,janus@8a1e7a1,janus,8a1e7a1,undertow@9713344,undertow,9713344,vault,official,1,0,rating,a,a,1.0,core_destroyed,48,,252,190,9,7,72,200,9,6,ok,,3.889,n-62-11-61,29004605,2026-08-02T16:58:10+0200
8926edeee4544bc7,auto-7202408d73d7,janus@8a1e7a1,janus,8a1e7a1,jonbot_190003d@da3fd8a,jonbot_190003d,da3fd8a,bridge,official,1,0,rating,b,b,0.0,core_destroyed,68,,11,30,9,20,36,0,9,11,ok,,3.687,n-62-29-34,29004605,2026-08-02T16:57:06+0200
8958c11060fac676,auto-7202408d73d7,janus@8a1e7a1,janus,8a1e7a1,tempest_reinforcements@025dd51,tempest_reinforcements,025dd51,fjord,official,1,0,rating,a,a,1.0,core_destroyed,50,,15,210,12,6,22,70,11,2,ok,,4.089,n-62-12-66,29004605,2026-08-02T16:57:31+0200
8966b91509c1ec5f,auto-7202408d73d7,vg_v1@9713344,vg_v1,9713344,janus@8a1e7a1,janus,8a1e7a1,pinch,official,1,0,rating,b,b,0.0,core_destroyed,49,,112,50,6,7,22,190,11,20,ok,,3.211,n-62-11-55,29004605,2026-08-02T16:58:45+0200
896fc4cc4e467f33,auto-7202408d73d7,vanguard@da3fd8a,vanguard,da3fd8a,janus@8a1e7a1,janus,8a1e7a1,pinch,official,1,0,rating,b,b,0.0,core_destroyed,48,,10,110,8,5,19,160,10,11,ok,,4.037,n-62-31-8,29004605,2026-08-02T16:59:35+0200
8976458749b2bb85,auto-7202408d73d7,janus@8a1e7a1,janus,8a1e7a1,autistimusprime@ecd4d24,autistimusprime,ecd4d24,atoll,official,1,0,rating,b,b,0.0,core_destroyed,25,,284,50,5,4,43,0,12,1,ok,,3.008,n-62-31-22,29004605,2026-08-02T16:57:03+0200
8992f9fca8f03fdb,auto-7202408d73d7,janus@8a1e7a1,janus,8a1e7a1,v233_f@9713344,v233_f,9713344,quarry,official,1,0,rating,a,a,1.0,core_destroyed,52,,50,240,11,22,111,230,6,23,ok,,3.627,n-62-29-18,29004605,2026-08-02T16:58:44+0200
89be3b1c39ff9e6c,auto-7202408d73d7,janus@8a1e7a1,janus,8a1e7a1,v233_c@9713344,v233_c,9713344,string,official,1,0,rating,a,a,1.0,core_destroyed,48,,98,340,10,12,123,0,2,1,ok,,3.365,n-62-29-16,29004605,2026-08-02T16:59:10+0200
89bf3b056991a366,auto-7202408d73d7,janus@8a1e7a1,janus,8a1e7a1,e_t4l7@9e77076,e_t4l7,9e77076,aurora,official,1,0,rating,a,a,1.0,core_destroyed,42,,3,80,12,10,104,160,5,16,ok,,3.463,n-62-29-20,29004605,2026-08-02T16:57:29+0200
89f3d0300207ebe5,auto-7202408d73d7,e_t4l7@9e77076,e_t4l7,9e77076,janus@8a1e7a1,janus,8a1e7a1,vase,official,1,0,rating,b,b,0.0,core_destroyed,26,,29,0,6,10,70,30,9,7,ok,,2.854,n-62-29-14,29004605,2026-08-02T16:57:14+0200
8a0ad7c2dbef88b0,auto-7202408d73d7,vanguard_oracle@75591b7,vanguard_oracle,75591b7,janus@8a1e7a1,janus,8a1e7a1,atoll,official,1,0,rating,b,b,0.0,core_destroyed,46,,29,170,13,3,47,100,9,6,ok,,5.293,n-62-31-7,29004605,2026-08-02T16:58:31+0200
8a554c29277b7457,auto-7202408d73d7,tempest_frontier@fdc1e1f,tempest_frontier,fdc1e1f,janus@8a1e7a1,janus,8a1e7a1,bridge,official,1,0,rating,b,b,0.0,core_destroyed,49,,310,0,4,5,77,200,10,17,ok,,3.296,n-62-21-15,29004605,2026-08-02T16:57:59+0200
8a5e721c3f2432b7,auto-7202408d73d7,janus@8a1e7a1,janus,8a1e7a1,tempest_blindfire@fdc1e1f,tempest_blindfire,fdc1e1f,runestone,official,1,0,rating,a,a,1.0,core_destroyed,32,,14,50,8,13,141,0,9,4,ok,,4.207,n-62-21-4,29004605,2026-08-02T16:57:25+0200
8a5f2bae2673c693,auto-7202408d73d7,e_condc@6db8844,e_condc,6db8844,janus@8a1e7a1,janus,8a1e7a1,longship,official,1,0,rating,b,b,0.0,core_destroyed,33,,3,0,8,21,28,90,11,9,ok,,3.643,n-62-21-98,29004605,2026-08-02T16:57:58+0200
8a7299c3deb0d2ad,auto-7202408d73d7,siege_v1@9713344,siege_v1,9713344,janus@8a1e7a1,janus,8a1e7a1,skerry,official,1,0,rating,b,b,0.0,core_destroyed,40,,166,0,6,4,70,200,11,13,ok,,3.338,n-62-12-6,29004605,2026-08-02T16:57:14+0200
8a8292f3c52a39d7,auto-7202408d73d7,janus@8a1e7a1,janus,8a1e7a1,tempest_reinforcements@87724ec,tempest_reinforcements,87724ec,vase,official,1,0,rating,b,b,0.0,core_destroyed,39,,65,50,8,6,15,0,9,6,ok,,4.167,n-62-21-65,29004605,2026-08-02T16:57:39+0200
8a86ea0fb5476974,auto-7202408d73d7,v233_g@9713344,v233_g,9713344,janus@8a1e7a1,janus,8a1e7a1,jackpot,official,1,0,rating,b,b,0.0,core_destroyed,46,,103,160,10,6,122,190,11,8,ok,,3.608,n-62-29-27,29004605,2026-08-02T16:58:32+0200
8a8b3adcdc245cc1,auto-7202408d73d7,janus@8a1e7a1,janus,8a1e7a1,baiter@9713344,baiter,9713344,vault,official,1,0,rating,a,a,1.0,titanium_collected,1000,,11133,9520,10,94,5051,2490,7,14,ok,,10.286,n-62-11-60,29004605,2026-08-02T16:57:22+0200
8a943957ac69177c,auto-7202408d73d7,janus@8a1e7a1,janus,8a1e7a1,claude_challenger_1@fdc1e1f,claude_challenger_1,fdc1e1f,sprint,official,1,0,rating,a,a,1.0,core_destroyed,31,,23,50,10,14,188,0,8,4,ok,,3.583,n-62-11-68,29004605,2026-08-02T16:58:31+0200
8aa188b3c2c9001f,auto-7202408d73d7,claude_challenger_1@fdc1e1f,claude_challenger_1,fdc1e1f,janus@8a1e7a1,janus,8a1e7a1,jackpot,official,1,0,rating,b,b,0.0,core_destroyed,39,,590,0,0,0,60,150,9,8,ok,,3.078,n-62-11-68,29004605,2026-08-02T16:57:25+0200
8ac95aea5e2c8102,auto-7202408d73d7,v233_g@9713344,v233_g,9713344,janus@8a1e7a1,janus,8a1e7a1,strait,official,1,0,rating,b,b,0.0,core_destroyed,46,,12,180,11,10,41,150,11,14,ok,,3.884,n-62-29-27,29004605,2026-08-02T16:59:29+0200
8ad70d5e160ac65e,auto-7202408d73d7,prospect@bf9b3e3,prospect,bf9b3e3,janus@8a1e7a1,janus,8a1e7a1,sweden,official,1,0,rating,b,b,0.0,core_destroyed,72,,133,420,14,16,114,370,9,22,ok,,4.71,n-62-11-57,29004605,2026-08-02T16:57:23+0200
8aee434d4d08e923,auto-7202408d73d7,janus@8a1e7a1,janus,8a1e7a1,e_condc@6db8844,e_condc,6db8844,vault,official,1,0,rating,a,a,1.0,core_destroyed,66,,128,280,11,7,63,140,6,6,ok,,4.084,n-62-21-99,29004605,2026-08-02T16:58:06+0200
8af40eae1fda6639,auto-7202408d73d7,janus@8a1e7a1,janus,8a1e7a1,mistral_fast@26b5aa1,mistral_fast,26b5aa1,fjord,official,1,0,rating,a,a,1.0,core_destroyed,34,,21,130,13,8,304,0,4,0,ok,,3.546,n-62-31-8,29004605,2026-08-02T16:57:53+0200
8afea103f5c679e8,auto-7202408d73d7,janus@8a1e7a1,janus,8a1e7a1,tempest_reinforcements@025dd51,tempest_reinforcements,025dd51,aurora,official,1,0,rating,a,a,1.0,core_destroyed,37,,37,70,9,7,3,70,12,10,ok,,4.114,n-62-12-66,29004605,2026-08-02T16:56:58+0200
8b29040ab226b8b6,auto-7202408d73d7,v233_i@902be71,v233_i,902be71,janus@8a1e7a1,janus,8a1e7a1,aurora,official,1,0,rating,b,b,0.0,core_destroyed,38,,122,150,8,15,10,110,12,11,ok,,3.487,n-62-29-29,29004605,2026-08-02T16:59:17+0200
8b30adbee9eaa8b9,auto-7202408d73d7,tempest_reinforcements@51ad530,tempest_reinforcements,51ad530,janus@8a1e7a1,janus,8a1e7a1,strait,official,1,0,rating,b,b,0.0,core_destroyed,49,,33,100,11,10,7,160,12,11,ok,,5.341,n-62-21-60,29004605,2026-08-02T16:58:13+0200
8b31896fbb43e98a,auto-7202408d73d7,janus@8a1e7a1,janus,8a1e7a1,tempest_reinforcements@38f9c23,tempest_reinforcements,38f9c23,vault,official,1,0,rating,b,b,0.0,core_destroyed,30,,336,90,3,6,20,110,12,10,ok,,3.478,n-62-21-56,29004605,2026-08-02T16:56:58+0200
8b55bdcaa427594b,auto-7202408d73d7,casemate@902be71,casemate,902be71,janus@8a1e7a1,janus,8a1e7a1,sweden,official,1,0,rating,b,b,0.0,core_destroyed,82,,50,0,5,31,314,450,10,22,ok,,4.123,n-62-11-64,29004605,2026-08-02T16:57:04+0200
8b6b6f4d4f199dca,auto-7202408d73d7,tempest_reinforcements@65ddc55,tempest_reinforcements,65ddc55,janus@8a1e7a1,janus,8a1e7a1,sweden,official,1,0,rating,b,b,0.0,core_destroyed,95,,50,260,15,11,205,540,12,22,ok,,5.902,n-62-21-63,29004605,2026-08-02T16:57:04+0200
8b71962e43853432,auto-7202408d73d7,undertow@fdc1e1f,undertow,fdc1e1f,janus@8a1e7a1,janus,8a1e7a1,vase,official,1,0,rating,b,b,0.0,titanium_collected,1000,,4812,2450,10,7,10802,9130,15,32,ok,,20.528,n-62-11-68,29004605,2026-08-02T16:58:40+0200
8b7ce02f86d02b5d,auto-7202408d73d7,janus@8a1e7a1,janus,8a1e7a1,nemesis@9713344,nemesis,9713344,jackpot,official,1,0,rating,a,a,1.0,core_destroyed,195,,388,1050,13,22,520,0,8,3,ok,,8.247,n-62-31-13,29004605,2026-08-02T16:57:03+0200
8b89be836302a079,auto-7202408d73d7,tempest_picket@fdc1e1f,tempest_picket,fdc1e1f,janus@8a1e7a1,janus,8a1e7a1,runestone,official,1,0,rating,b,b,0.0,core_destroyed,27,,214,40,6,5,3,40,10,13,ok,,2.806,n-62-12-65,29004605,2026-08-02T16:58:06+0200
8b9c61fb34557d5e,auto-7202408d73d7,claude_challenger_1@fdc1e1f,claude_challenger_1,fdc1e1f,janus@8a1e7a1,janus,8a1e7a1,strait,official,1,0,rating,b,b,0.0,core_destroyed,36,,38,60,11,6,48,100,9,17,ok,,5.406,n-62-21-92,29004605,2026-08-02T16:57:06+0200
8bcba6d3d717b6c0,auto-7202408d73d7,v233_b@9713344,v233_b,9713344,janus@8a1e7a1,janus,8a1e7a1,crossfire,official,1,0,rating,b,b,0.0,core_destroyed,32,,107,60,5,4,28,110,11,11,ok,,2.959,n-62-28-33,29004605,2026-08-02T16:58:49+0200
8bf5ea950134e018,auto-7202408d73d7,janus@8a1e7a1,janus,8a1e7a1,v233_b@9713344,v233_b,9713344,pinch,official,1,0,rating,a,a,1.0,core_destroyed,41,,41,140,12,11,64,120,6,13,ok,,3.066,n-62-28-33,29004605,2026-08-02T16:59:28+0200
8c09bb1a4dee16cc,auto-7202408d73d7,janus@8a1e7a1,janus,8a1e7a1,v233_e@9713344,v233_e,9713344,fjord,official,1,0,rating,a,a,1.0,core_destroyed,68,,50,410,12,23,107,420,6,9,ok,,4.004,n-62-29-31,29004605,2026-08-02T16:59:42+0200
8c5d19ed7d8d2092,auto-7202408d73d7,vigil@18b749d,vigil,18b749d,janus@8a1e7a1,janus,8a1e7a1,duel,official,1,0,rating,a,a,1.0,core_destroyed,77,,104,410,9,21,246,390,9,13,ok,,3.881,n-62-31-5,29004605,2026-08-02T16:59:14+0200
8c8afb9634767492,auto-7202408d73d7,janus@8a1e7a1,janus,8a1e7a1,undertow@9713344,undertow,9713344,hive,official,1,0,rating,a,a,1.0,core_destroyed,63,,21,260,14,16,42,210,9,16,ok,,5.769,n-62-31-24,29004605,2026-08-02T16:59:05+0200
8c9a2571a6903094,auto-7202408d73d7,janus@8a1e7a1,janus,8a1e7a1,prospect@bf9b3e3,prospect,bf9b3e3,sweden,official,1,0,rating,b,b,0.0,core_destroyed,61,,81,140,4,10,41,340,12,17,ok,,3.946,n-62-11-57,29004605,2026-08-02T16:57:18+0200
8c9ff925b1dde011,auto-7202408d73d7,janus@8a1e7a1,janus,8a1e7a1,vg_v5@9713344,vg_v5,9713344,vase,official,1,0,rating,a,a,1.0,core_destroyed,60,,290,110,6,9,375,0,6,1,ok,,2.751,n-62-12-4,29004605,2026-08-02T16:59:44+0200
8cbcad081e50a2f3,auto-7202408d73d7,janus@8a1e7a1,janus,8a1e7a1,tempest_outer@fdc1e1f,tempest_outer,fdc1e1f,crossfire,official,1,0,rating,a,a,1.0,core_destroyed,24,,30,70,10,8,222,40,6,4,ok,,5.484,n-62-13-8,29004605,2026-08-02T16:57:00+0200
8cd6ed8f8127e268,auto-7202408d73d7,v233_d@9713344,v233_d,9713344,janus@8a1e7a1,janus,8a1e7a1,showdown,official,1,0,rating,b,b,0.0,core_destroyed,25,,36,0,6,9,38,0,10,8,ok,,3.328,n-62-29-9,29004605,2026-08-02T16:58:46+0200
8d050332f5773552,auto-7202408d73d7,janus@8a1e7a1,janus,8a1e7a1,undertow@fdc1e1f,undertow,fdc1e1f,string,official,1,0,rating,a,a,1.0,titanium_collected,1000,,11747,9860,13,11,7319,4960,9,6,ok,,15.92,n-62-11-66,29004605,2026-08-02T16:59:31+0200
8d174ed5f119ad8a,auto-7202408d73d7,e_post2@4a95297,e_post2,4a95297,janus@8a1e7a1,janus,8a1e7a1,quarry,official,1,0,rating,b,b,0.0,core_destroyed,50,,115,0,10,1,60,30,8,19,ok,,3.831,n-62-28-35,29004605,2026-08-02T16:57:19+0200
8d2e656e50b4de0a,auto-7202408d73d7,tempest_frontier@fdc1e1f,tempest_frontier,fdc1e1f,janus@8a1e7a1,janus,8a1e7a1,atoll,official,1,0,rating,a,a,1.0,core_destroyed,30,,9,0,12,3,108,90,9,5,ok,,4.166,n-62-21-15,29004605,2026-08-02T16:57:44+0200
8d4bd63d2b4dc68c,auto-7202408d73d7,janus@8a1e7a1,janus,8a1e7a1,vigil@bf9b3e3,vigil,bf9b3e3,duel,official,1,0,rating,b,b,0.0,core_destroyed,34,,131,120,6,9,30,130,10,9,ok,,3.273,n-62-31-21,29004605,2026-08-02T16:59:25+0200
8dd1f41554ba3f93,auto-7202408d73d7,janus@8a1e7a1,janus,8a1e7a1,attack_wave_v1@9713344,attack_wave_v1,9713344,hive,official,1,0,rating,a,a,1.0,core_destroyed,47,,45,140,10,18,214,0,6,3,ok,,3.457,n-62-31-4,29004605,2026-08-02T16:57:41+0200
8dd864367331cdee,auto-7202408d73d7,v233_b@9713344,v233_b,9713344,janus@8a1e7a1,janus,8a1e7a1,runestone,official,1,0,rating,b,b,0.0,core_destroyed,30,,68,40,7,8,3,40,11,14,ok,,3.228,n-62-28-34,29004605,2026-08-02T16:58:21+0200
8df2ebd1702d0e59,auto-7202408d73d7,janus@8a1e7a1,janus,8a1e7a1,vanguard_oracle@902be71,vanguard_oracle,902be71,jackpot,official,1,0,rating,b,b,0.0,core_destroyed,92,,116,410,15,7,347,410,12,8,ok,,5.316,n-62-11-51,29004605,2026-08-02T16:59:38+0200
8e02710a78613af6,auto-7202408d73d7,janus@8a1e7a1,janus,8a1e7a1,v233_b@9713344,v233_b,9713344,strait,official,1,0,rating,a,a,1.0,titanium_collected,1000,,16783,15310,8,84,8840,7340,9,30,ok,,10.174,n-62-28-34,29004605,2026-08-02T16:58:51+0200
8e1a44c341874138,auto-7202408d73d7,tempest_reinforcements@025dd51,tempest_reinforcements,025dd51,janus@8a1e7a1,janus,8a1e7a1,vase,official,1,0,rating,b,b,0.0,core_destroyed,117,,60,0,11,3,59,0,9,5,ok,,4.372,n-62-12-67,29004605,2026-08-02T16:58:13+0200
8e65ae89dd3ef1a1,auto-7202408d73d7,e_condc@6db8844,e_condc,6db8844,janus@8a1e7a1,janus,8a1e7a1,string,official,1,0,rating,b,b,0.0,core_destroyed,35,,101,0,4,16,74,80,10,4,ok,,3.155,n-62-21-99,29004605,2026-08-02T16:57:39+0200
8e7b28d3ee48b0d1,auto-7202408d73d7,tempest_reinforcements@87724ec,tempest_reinforcements,87724ec,janus@8a1e7a1,janus,8a1e7a1,hive,official,1,0,rating,b,b,0.0,core_destroyed,43,,21,80,11,10,46,90,9,15,ok,,9.183,n-62-21-64,29004605,2026-08-02T16:57:14+0200
8e7e23530d780a48,auto-7202408d73d7,v233_c@9713344,v233_c,9713344,janus@8a1e7a1,janus,8a1e7a1,sweden,official,1,0,rating,b,b,0.0,core_destroyed,77,,115,130,7,7,376,410,9,22,ok,,3.881,n-62-29-16,29004605,2026-08-02T16:59:21+0200
8e867354328d9ac7,auto-7202408d73d7,tempest_reinforcements@38f9c23,tempest_reinforcements,38f9c23,janus@8a1e7a1,janus,8a1e7a1,string,official,1,0,rating,a,a,1.0,core_destroyed,93,,9,30,9,13,92,50,2,4,ok,,3.858,n-62-21-54,29004605,2026-08-02T16:58:04+0200
8ebe3d3aa2783648,auto-7202408d73d7,tempest_reinforcements@025dd51,tempest_reinforcements,025dd51,janus@8a1e7a1,janus,8a1e7a1,quarry,official,1,0,rating,b,b,0.0,core_destroyed,60,,22,0,5,1,11,210,12,10,ok,,3.88,n-62-12-66,29004605,2026-08-02T16:58:22+0200
8ec088cfbc9595c0,auto-7202408d73d7,opponent_luc@e83a42c,opponent_luc,e83a42c,janus@8a1e7a1,janus,8a1e7a1,strait,official,1,0,rating,b,b,0.0,core_destroyed,47,,168,80,8,10,50,160,8,22,ok,,4.799,n-62-11-51,29004605,2026-08-02T16:58:30+0200
8edb9a660ac99fb6,auto-7202408d73d7,janus@8a1e7a1,janus,8a1e7a1,vigil@1b5f3d1,vigil,1b5f3d1,duel,official,1,0,rating,b,b,0.0,core_destroyed,34,,131,120,6,9,30,130,10,9,ok,,3.279,n-62-31-22,29004605,2026-08-02T16:59:20+0200
8ee04aebefd5f861,auto-7202408d73d7,tempest_oracle_ferry@fdc1e1f,tempest_oracle_ferry,fdc1e1f,janus@8a1e7a1,janus,8a1e7a1,sweden,official,1,0,rating,b,b,0.0,core_destroyed,71,,325,0,4,7,310,360,9,22,ok,,3.071,n-62-13-6,29004605,2026-08-02T16:57:25+0200
8ee3ef2a127664df,auto-7202408d73d7,janus@8a1e7a1,janus,8a1e7a1,riptide@9713344,riptide,9713344,fjord,official,1,0,rating,a,a,1.0,core_destroyed,38,,10,150,13,8,86,0,4,2,ok,,4.279,n-62-21-91,29004605,2026-08-02T16:57:59+0200
8ee701399e76a2cc,auto-7202408d73d7,janus@8a1e7a1,janus,8a1e7a1,frontier_v1@9713344,frontier_v1,9713344,sweden,official,1,0,rating,a,a,1.0,core_destroyed,77,,277,410,10,22,21,0,12,2,ok,,4.474,n-62-29-18,29004605,2026-08-02T16:57:09+0200
8efba34f35711b43,auto-7202408d73d7,vigil@1b5f3d1,vigil,1b5f3d1,janus@8a1e7a1,janus,8a1e7a1,runestone,official,1,0,rating,a,a,1.0,core_destroyed,27,,9,40,12,8,9,40,11,6,ok,,4.131,n-62-21-2,29004605,2026-08-02T16:58:57+0200
8efeeac92424f066,auto-7202408d73d7,janus@8a1e7a1,janus,8a1e7a1,jonbot@da3fd8a,jonbot,da3fd8a,skerry,official,1,0,rating,b,b,0.0,core_destroyed,65,,393,300,3,8,147,140,8,15,ok,,3.463,n-62-29-32,29004605,2026-08-02T16:57:05+0200
8f32e128199cae44,auto-7202408d73d7,opponent_luc@e83a42c,opponent_luc,e83a42c,janus@8a1e7a1,janus,8a1e7a1,quarry,official,1,0,rating,b,b,0.0,core_destroyed,48,,288,0,8,0,191,170,7,17,ok,,5.572,n-62-11-51,29004605,2026-08-02T16:57:44+0200
8f463a22b00d1d4f,auto-7202408d73d7,undertow@9713344,undertow,9713344,janus@8a1e7a1,janus,8a1e7a1,pinch,official,1,0,rating,b,b,0.0,core_destroyed,57,,58,310,8,24,18,270,13,16,ok,,4.495,n-62-31-24,29004605,2026-08-02T16:59:44+0200
8f4d75dd7e54c641,auto-7202408d73d7,janus@8a1e7a1,janus,8a1e7a1,vanguard@c407e79,vanguard,c407e79,vault,official,1,0,rating,a,a,1.0,core_destroyed,48,,199,190,10,7,26,200,14,6,ok,,4.625,n-62-31-19,29004605,2026-08-02T16:59:44+0200
8f89cbf7fd2d27ff,auto-7202408d73d7,janus@8a1e7a1,janus,8a1e7a1,tempest_picket@fdc1e1f,tempest_picket,fdc1e1f,crossfire,official,1,0,rating,a,a,1.0,core_destroyed,27,,16,80,11,9,225,0,5,2,ok,,2.712,n-62-12-65,29004605,2026-08-02T16:57:09+0200
8f9d51e038726a5c,auto-7202408d73d7,e_post2@4a95297,e_post2,4a95297,janus@8a1e7a1,janus,8a1e7a1,fjord,official,1,0,rating,b,b,0.0,core_destroyed,38,,94,0,9,1,38,200,12,11,ok,,3.993,n-62-28-34,29004605,2026-08-02T16:57:56+0200
90002aaddab25a96,auto-7202408d73d7,janus@8a1e7a1,janus,8a1e7a1,opponent_luc@e83a42c,opponent_luc,e83a42c,duel,official,1,0,rating,a,a,1.0,core_destroyed,38,,70,130,9,12,329,80,5,3,ok,,3.498,n-62-11-50,29004605,2026-08-02T16:58:27+0200
9001535c13559ac7,auto-7202408d73d7,tempest_sentinel@fdc1e1f,tempest_sentinel,fdc1e1f,janus@8a1e7a1,janus,8a1e7a1,skerry,official,1,0,rating,b,b,0.0,core_destroyed,39,,13,0,8,2,112,140,10,7,ok,,3.605,n-62-31-4,29004605,2026-08-02T16:58:09+0200
90041b5742ee841b,auto-7202408d73d7,casemate@902be71,casemate,902be71,janus@8a1e7a1,janus,8a1e7a1,aurora,official,1,0,rating,b,b,0.0,core_destroyed,37,,47,0,4,27,4,110,12,12,ok,,3.786,n-62-11-60,29004605,2026-08-02T16:57:51+0200
903bf46f3a0aecee,auto-7202408d73d7,janus@8a1e7a1,janus,8a1e7a1,attack_wave_v1@9713344,attack_wave_v1,9713344,atoll,official,1,0,rating,a,a,1.0,core_destroyed,36,,137,130,9,14,199,0,6,3,ok,,3.286,n-62-31-4,29004605,2026-08-02T16:56:58+0200
904c664dd27fec5f,auto-7202408d73d7,tempest_fast@eb1f0f3,tempest_fast,eb1f0f3,janus@8a1e7a1,janus,8a1e7a1,strait,official,1,0,rating,b,b,0.0,core_destroyed,36,,205,0,6,3,60,100,9,13,ok,,3.353,n-62-21-12,29004605,2026-08-02T16:58:09+0200
908fee1081b672df,auto-7202408d73d7,siege_v2@9713344,siege_v2,9713344,janus@8a1e7a1,janus,8a1e7a1,showdown,official,1,0,rating,b,b,0.0,core_destroyed,23,,195,0,5,2,43,10,8,12,ok,,3.046,n-62-12-1,29004605,2026-08-02T16:57:17+0200
9094bdf066631699,auto-7202408d73d7,prospect_rushonly@bf9b3e3,prospect_rushonly,bf9b3e3,janus@8a1e7a1,janus,8a1e7a1,hive,official,1,0,rating,b,b,0.0,core_destroyed,46,,31,120,12,12,37,110,9,15,ok,,4.606,n-62-11-54,29004605,2026-08-02T16:57:22+0200
909a1556759dd65a,auto-7202408d73d7,janus@8a1e7a1,janus,8a1e7a1,e_harc@6db8844,e_harc,6db8844,sprint,official,1,0,rating,a,a,1.0,core_destroyed,36,,31,60,7,16,41,60,7,17,ok,,2.715,n-62-28-33,29004605,2026-08-02T16:57:35+0200
90b98e873160639d,auto-7202408d73d7,e_harc@6db8844,e_harc,6db8844,janus@8a1e7a1,janus,8a1e7a1,hive,official,1,0,rating,b,b,0.0,core_destroyed,49,,97,60,7,10,62,140,9,20,ok,,3.204,n-62-28-31,29004605,2026-08-02T16:59:10+0200
90ba49b0ff5248fa,auto-7202408d73d7,lockin@9713344,lockin,9713344,janus@8a1e7a1,janus,8a1e7a1,vault,official,1,0,rating,b,b,0.0,core_destroyed,61,,294,140,6,3,168,260,10,13,ok,,5.789,n-62-31-16,29004605,2026-08-02T16:57:06+0200
90cc454d69616e14,auto-7202408d73d7,janus@8a1e7a1,janus,8a1e7a1,siege_v1@9713344,siege_v1,9713344,longship,official,1,0,rating,a,a,1.0,core_destroyed,35,,20,70,12,12,141,0,6,4,ok,,3.454,n-62-21-90,29004605,2026-08-02T16:57:47+0200
90d58d8098a1eede,auto-7202408d73d7,janus@8a1e7a1,janus,8a1e7a1,tempest_reinforcements@025dd51,tempest_reinforcements,025dd51,vault,official,1,0,rating,b,b,0.0,core_destroyed,49,,282,190,9,6,20,190,11,12,ok,,3.863,n-62-12-67,29004605,2026-08-02T16:58:17+0200
90efc6c38eb308a7,auto-7202408d73d7,undertow_oracle@75591b7,undertow_oracle,75591b7,janus@8a1e7a1,janus,8a1e7a1,quarry,official,1,0,rating,a,a,1.0,core_destroyed,63,,58,260,6,20,163,350,10,22,ok,,4.432,n-62-31-10,29004605,2026-08-02T16:59:04+0200
90ff8a08e9c885f3,auto-7202408d73d7,tempest_reinforcements@025dd51,tempest_reinforcements,025dd51,janus@8a1e7a1,janus,8a1e7a1,string,official,1,0,rating,b,b,0.0,core_destroyed,96,,10,30,10,8,79,90,2,5,ok,,3.99,n-62-12-67,29004605,2026-08-02T16:57:46+0200
9107695ff5520a08,auto-7202408d73d7,tempest_fast@eb1f0f3,tempest_fast,eb1f0f3,janus@8a1e7a1,janus,8a1e7a1,jackpot,official,1,0,rating,b,b,0.0,core_destroyed,45,,252,0,6,2,142,190,11,8,ok,,3.825,n-62-21-12,29004605,2026-08-02T16:57:03+0200
910b4d61fb727dc3,auto-7202408d73d7,v233_f@9713344,v233_f,9713344,janus@8a1e7a1,janus,8a1e7a1,skerry,official,1,0,rating,b,b,0.0,core_destroyed,47,,106,290,7,10,69,240,11,13,ok,,3.506,n-62-29-18,29004605,2026-08-02T16:59:11+0200
912160ebfec0e85a,auto-7202408d73d7,janus@8a1e7a1,janus,8a1e7a1,undertow@da3fd8a,undertow,da3fd8a,skerry,official,1,0,rating,b,b,0.0,core_destroyed,56,,347,310,7,9,70,360,10,18,ok,,4.17,n-62-11-64,29004605,2026-08-02T16:58:42+0200
912a022ef45e0445,auto-7202408d73d7,lockin@9713344,lockin,9713344,janus@8a1e7a1,janus,8a1e7a1,sweden,official,1,0,rating,b,b,0.0,core_destroyed,64,,660,0,0,0,204,380,9,26,ok,,2.978,n-62-30-25,29004605,2026-08-02T16:58:06+0200
914a56bfb57694c9,auto-7202408d73d7,jonbot_190003d@da3fd8a,jonbot_190003d,da3fd8a,janus@8a1e7a1,janus,8a1e7a1,sprint,official,1,0,rating,b,b,0.0,core_destroyed,36,,14,80,9,10,17,70,9,16,ok,,3.182,n-62-29-5,29004605,2026-08-02T16:57:22+0200
91a1f0459f412c16,auto-7202408d73d7,undertow_oracle@75591b7,undertow_oracle,75591b7,janus@8a1e7a1,janus,8a1e7a1,vault,official,1,0,rating,b,b,0.0,core_destroyed,48,,28,200,14,6,192,200,10,6,ok,,4.9,n-62-31-11,29004605,2026-08-02T16:59:38+0200
91a890a9680f2efb,auto-7202408d73d7,janus@8a1e7a1,janus,8a1e7a1,vg_v3@9713344,vg_v3,9713344,aurora,official,1,0,rating,a,a,1.0,core_destroyed,51,,14,110,13,11,82,100,5,10,ok,,4.204,n-62-21-90,29004605,2026-08-02T16:59:25+0200
91ce94a52fe358a5,auto-7202408d73d7,janus@8a1e7a1,janus,8a1e7a1,vanguard_oracle@fdc1e1f,vanguard_oracle,fdc1e1f,crossfire,official,1,0,rating,a,a,1.0,core_destroyed,34,,9,80,10,8,59,60,10,4,ok,,3.856,n-62-11-57,29004605,2026-08-02T16:59:25+0200
91e9bd3e1e6e204f,auto-7202408d73d7,janus@8a1e7a1,janus,8a1e7a1,nemesis@9713344,nemesis,9713344,crossfire,official,1,0,rating,a,a,1.0,core_destroyed,54,,32,220,10,16,92,140,3,9,ok,,3.998,n-62-31-7,29004605,2026-08-02T16:57:58+0200
91f3552cbcf3f835,auto-7202408d73d7,janus@8a1e7a1,janus,8a1e7a1,vanguard@9932bec,vanguard,9932bec,showdown,official,1,0,rating,a,a,1.0,core_destroyed,38,,11,0,12,6,56,70,5,16,ok,,3.246,n-62-30-23,29004605,2026-08-02T16:59:33+0200
91f6c632daa0e7b5,auto-7202408d73d7,tempest_reinforcements@65ddc55,tempest_reinforcements,65ddc55,janus@8a1e7a1,janus,8a1e7a1,vault,official,1,0,rating,a,a,1.0,core_destroyed,42,,12,90,10,6,343,160,8,5,ok,,3.966,n-62-21-63,29004605,2026-08-02T16:57:31+0200
920c20d61df4aafb,auto-7202408d73d7,tempest_reinforcements@51ad530,tempest_reinforcements,51ad530,janus@8a1e7a1,janus,8a1e7a1,bridge,official,1,0,rating,b,b,0.0,core_destroyed,73,,60,0,12,7,248,190,5,13,ok,,4.105,n-62-21-59,29004605,2026-08-02T16:57:42+0200
922fad7de8a8f46c,auto-7202408d73d7,e_t4l7@9e77076,e_t4l7,9e77076,janus@8a1e7a1,janus,8a1e7a1,hive,official,1,0,rating,b,b,0.0,core_destroyed,45,,32,90,6,19,28,110,10,18,ok,,3.083,n-62-29-20,29004605,2026-08-02T16:58:18+0200
926c1df7e227f0fa,auto-7202408d73d7,janus@8a1e7a1,janus,8a1e7a1,undertow_oracle@fdc1e1f,undertow_oracle,fdc1e1f,vault,official,1,0,rating,b,b,0.0,core_destroyed,44,,345,160,7,6,58,180,14,7,ok,,4.099,n-62-21-104,29004605,2026-08-02T16:59:41+0200
92a2448d376d53f9,auto-7202408d73d7,e_final@9e77076,e_final,9e77076,janus@8a1e7a1,janus,8a1e7a1,bridge,official,1,0,rating,b,b,0.0,core_destroyed,47,,55,0,7,11,141,190,9,17,ok,,3.073,n-62-28-30,29004605,2026-08-02T16:57:17+0200
92ca7e0f208aca58,auto-7202408d73d7,vanguard@c407e79,vanguard,c407e79,janus@8a1e7a1,janus,8a1e7a1,string,official,1,0,rating,a,a,1.0,core_destroyed,62,,188,230,10,15,423,140,7,3,ok,,3.225,n-62-31-19,29004605,2026-08-02T16:59:14+0200
92e67e443fa450c9,auto-7202408d73d7,siege_v2@9713344,siege_v2,9713344,janus@8a1e7a1,janus,8a1e7a1,sprint,official,1,0,rating,b,b,0.0,core_destroyed,55,,236,0,3,2,165,370,9,29,ok,,3.38,n-62-12-1,29004605,2026-08-02T16:57:31+0200
92ed55a8d792a3df,auto-7202408d73d7,vg_v6@9713344,vg_v6,9713344,janus@8a1e7a1,janus,8a1e7a1,skerry,official,1,0,rating,b,b,0.0,core_destroyed,40,,114,0,7,4,99,200,10,14,ok,,3.604,n-62-21-8,29004605,2026-08-02T16:58:42+0200
9333ad2ab9d66ba9,auto-7202408d73d7,vg_v1@9713344,vg_v1,9713344,janus@8a1e7a1,janus,8a1e7a1,sprint,official,1,0,rating,b,b,0.0,core_destroyed,31,,115,60,5,6,60,140,8,16,ok,,2.259,n-62-11-55,29004605,2026-08-02T16:59:17+0200
9368f22b2911bb4f,auto-7202408d73d7,janus@8a1e7a1,janus,8a1e7a1,tempest_reinforcements@87724ec,tempest_reinforcements,87724ec,hive,official,1,0,rating,a,a,1.0,core_destroyed,47,,26,140,12,12,17,0,7,3,ok,,10.203,n-62-21-64,29004605,2026-08-02T16:57:05+0200
936ded1cd5441b7d,auto-7202408d73d7,v233_b@9713344,v233_b,9713344,janus@8a1e7a1,janus,8a1e7a1,fjord,official,1,0,rating,b,b,0.0,core_destroyed,42,,95,170,5,7,12,230,13,12,ok,,3.648,n-62-28-33,29004605,2026-08-02T16:59:03+0200
9387adac94d23d00,auto-7202408d73d7,janus@8a1e7a1,janus,8a1e7a1,vanguard@da3fd8a,vanguard,da3fd8a,bridge,official,1,0,rating,a,a,1.0,core_destroyed,53,,83,240,11,17,168,230,9,15,ok,,3.692,n-62-31-8,29004605,2026-08-02T16:58:33+0200
93aa65879becb41d,auto-7202408d73d7,casemate_oracle@902be71,casemate_oracle,902be71,janus@8a1e7a1,janus,8a1e7a1,skerry,official,1,0,rating,b,b,0.0,core_destroyed,77,,29,0,5,22,245,380,10,16,ok,,5.194,n-62-11-65,29004605,2026-08-02T16:58:14+0200
93b377ea1641d163,auto-7202408d73d7,undertow_1ac7ac4@da3fd8a,undertow_1ac7ac4,da3fd8a,janus@8a1e7a1,janus,8a1e7a1,showdown,official,1,0,rating,b,b,0.0,core_destroyed,32,,42,0,7,8,38,60,6,17,ok,,2.744,n-62-21-92,29004605,2026-08-02T16:59:01+0200
93b8bc5b69442e62,auto-7202408d73d7,tempest_reinforcements@38f9c23,tempest_reinforcements,38f9c23,janus@8a1e7a1,janus,8a1e7a1,crossfire,official,1,0,rating,b,b,0.0,core_destroyed,42,,124,90,8,5,4,90,11,6,ok,,4.731,n-62-21-55,29004605,2026-08-02T16:57:41+0200
93e1e937fad1f6fe,auto-7202408d73d7,tempest@da3fd8a,tempest,da3fd8a,janus@8a1e7a1,janus,8a1e7a1,quarry,official,1,0,rating,b,b,0.0,core_destroyed,71,,187,0,4,0,7,80,8,16,ok,,4.73,n-62-12-3,29004605,2026-08-02T16:57:12+0200
93fae05e4f5386d7,auto-7202408d73d7,vanguard_oracle@902be71,vanguard_oracle,902be71,janus@8a1e7a1,janus,8a1e7a1,hive,official,1,0,rating,b,b,0.0,core_destroyed,42,,99,80,10,4,48,80,12,13,ok,,4.166,n-62-11-51,29004605,2026-08-02T16:59:33+0200
9401e88bb248f6f3,auto-7202408d73d7,janus@8a1e7a1,janus,8a1e7a1,v233_i@902be71,v233_i,902be71,fjord,official,1,0,rating,a,a,1.0,titanium_collected,1000,,8034,8070,8,30,3841,5270,23,19,ok,,29.085,n-62-29-8,29004605,2026-08-02T16:58:47+0200
9418ee63bbbf8f7b,auto-7202408d73d7,janus@8a1e7a1,janus,8a1e7a1,vg_v3@9713344,vg_v3,9713344,skerry,official,1,0,rating,a,a,1.0,core_destroyed,57,,182,340,9,22,93,0,5,6,ok,,3.461,n-62-12-6,29004605,2026-08-02T16:59:32+0200
94230f9ca8828811,auto-7202408d73d7,undertow@da3fd8a,undertow,da3fd8a,janus@8a1e7a1,janus,8a1e7a1,vase,official,1,0,rating,b,b,0.0,titanium_collected,1000,,4818,2450,10,7,10805,9130,15,32,ok,,20.222,n-62-11-65,29004605,2026-08-02T16:58:32+0200
942989cb44abbe54,auto-7202408d73d7,janus@8a1e7a1,janus,8a1e7a1,e_harc@6db8844,e_harc,6db8844,vault,official,1,0,rating,a,a,1.0,core_destroyed,71,,113,300,11,7,46,80,8,2,ok,,4.047,n-62-28-34,29004605,2026-08-02T16:57:05+0200
943feb3ece9ff182,auto-7202408d73d7,janus@8a1e7a1,janus,8a1e7a1,frontier_v2@9713344,frontier_v2,9713344,atoll,official,1,0,rating,a,a,1.0,core_destroyed,37,,153,130,8,15,193,0,7,2,ok,,2.815,n-62-29-18,29004605,2026-08-02T16:57:38+0200
944e9b1edca521ff,auto-7202408d73d7,janus@8a1e7a1,janus,8a1e7a1,vg_v1@9713344,vg_v1,9713344,longship,official,1,0,rating,a,a,1.0,core_destroyed,42,,10,80,11,12,80,0,4,3,ok,,3.651,n-62-11-55,29004605,2026-08-02T16:58:35+0200
94644791bae97df1,auto-7202408d73d7,vanguard@c407e79,vanguard,c407e79,janus@8a1e7a1,janus,8a1e7a1,hive,official,1,0,rating,b,b,0.0,core_destroyed,43,,35,150,11,15,54,90,11,13,ok,,4.332,n-62-31-16,29004605,2026-08-02T16:59:07+0200
9485d91291d8677b,auto-7202408d73d7,mistral@ba943b9,mistral,ba943b9,janus@8a1e7a1,janus,8a1e7a1,vase,official,1,0,rating,b,b,0.0,core_destroyed,26,,284,0,4,0,63,30,10,12,ok,,2.988,n-62-31-8,29004605,2026-08-02T16:57:01+0200
949414d0bb2c37a7,auto-7202408d73d7,v233_c@9713344,v233_c,9713344,janus@8a1e7a1,janus,8a1e7a1,aurora,official,1,0,rating,b,b,0.0,core_destroyed,41,,78,80,7,9,2,130,12,12,ok,,3.939,n-62-29-20,29004605,2026-08-02T16:58:31+0200
949bb785fbd61b0d,auto-7202408d73d7,janus@8a1e7a1,janus,8a1e7a1,tempest_outer@fdc1e1f,tempest_outer,fdc1e1f,duel,official,1,0,rating,b,b,0.0,core_destroyed,36,,20,90,8,11,110,70,5,4,ok,,5.693,n-62-13-8,29004605,2026-08-02T16:57:12+0200
949e5710738c2f21,auto-7202408d73d7,janus@8a1e7a1,janus,8a1e7a1,tempest_reinforcements@51ad530,tempest_reinforcements,51ad530,longship,official,1,0,rating,a,a,1.0,core_destroyed,39,,28,80,12,11,18,70,10,11,ok,,5.073,n-62-21-60,29004605,2026-08-02T16:57:00+0200
949f0efd78c7fcaf,auto-7202408d73d7,v233_c@9713344,v233_c,9713344,janus@8a1e7a1,janus,8a1e7a1,jackpot,official,1,0,rating,b,b,0.0,core_destroyed,58,,114,0,4,1,112,250,9,8,ok,,3.704,n-62-29-20,29004605,2026-08-02T16:59:30+0200
94b13ecb6f3227d5,auto-7202408d73d7,janus@8a1e7a1,janus,8a1e7a1,baiter@9713344,baiter,9713344,pinch,official,1,0,rating,a,a,1.0,core_destroyed,37,,13,120,11,15,113,100,3,14,ok,,4.355,n-62-31-24,29004605,2026-08-02T16:57:10+0200
94c64712ed124121,auto-7202408d73d7,janus@8a1e7a1,janus,8a1e7a1,casemate@902be71,casemate,902be71,hive,official,1,0,rating,a,a,1.0,core_destroyed,50,,10,150,11,20,10,0,6,31,ok,,3.432,n-62-11-60,29004605,2026-08-02T16:58:36+0200
94d1d95fd43b56c3,auto-7202408d73d7,janus@8a1e7a1,janus,8a1e7a1,vg_v4@9713344,vg_v4,9713344,showdown,official,1,0,rating,a,a,1.0,core_destroyed,32,,28,50,8,15,92,0,2,5,ok,,2.84,n-62-12-2,29004605,2026-08-02T16:59:36+0200
94d3040219a902aa,auto-7202408d73d7,riptide@9713344,riptide,9713344,janus@8a1e7a1,janus,8a1e7a1,vase,official,1,0,rating,b,b,0.0,core_destroyed,50,,94,0,4,3,83,90,7,17,ok,,3.935,n-62-21-89,29004605,2026-08-02T16:58:04+0200
94eddee2034332f0,auto-7202408d73d7,janus@8a1e7a1,janus,8a1e7a1,jonbot_190003d@da3fd8a,jonbot_190003d,da3fd8a,longship,official,1,0,rating,a,a,1.0,core_destroyed,39,,20,80,10,12,158,0,8,6,ok,,3.738,n-62-29-34,29004605,2026-08-02T16:57:52+0200
951e8916eda1cb50,auto-7202408d73d7,v233_e@9713344,v233_e,9713344,janus@8a1e7a1,janus,8a1e7a1,sprint,official,1,0,rating,b,b,0.0,core_destroyed,34,,42,60,7,8,43,120,8,16,ok,,2.579,n-62-29-13,29004605,2026-08-02T16:59:06+0200
951f0547e2ba9968,auto-7202408d73d7,janus@8a1e7a1,janus,8a1e7a1,prospect_rushonly@bf9b3e3,prospect_rushonly,bf9b3e3,atoll,official,1,0,rating,b,b,0.0,core_destroyed,44,,125,160,8,6,79,160,6,6,ok,,4.011,n-62-11-57,29004605,2026-08-02T16:57:52+0200
95355cd1f399326f,auto-7202408d73d7,janus@8a1e7a1,janus,8a1e7a1,undertow@da3fd8a,undertow,da3fd8a,string,official,1,0,rating,a,a,1.0,titanium_collected,1000,,11747,9860,13,11,7319,4960,9,6,ok,,15.811,n-62-11-64,29004605,2026-08-02T16:59:18+0200
9535ede7ad7ec6c8,auto-7202408d73d7,baiter@9713344,baiter,9713344,janus@8a1e7a1,janus,8a1e7a1,quarry,official,1,0,rating,b,b,0.0,core_destroyed,79,,55,110,7,8,63,530,9,31,ok,,5.067,n-62-31-24,29004605,2026-08-02T16:57:25+0200
9566f0d7f9ed7f9b,auto-7202408d73d7,vg_v4@9713344,vg_v4,9713344,janus@8a1e7a1,janus,8a1e7a1,longship,official,1,0,rating,b,b,0.0,core_destroyed,41,,126,80,5,7,20,130,12,12,ok,,4.088,n-62-12-2,29004605,2026-08-02T16:59:10+0200
957bef920da62bad,auto-7202408d73d7,janus@8a1e7a1,janus,8a1e7a1,casemate@902be71,casemate,902be71,sprint,official,1,0,rating,a,a,1.0,core_destroyed,35,,8,90,8,19,2,0,7,10,ok,,2.747,n-62-11-61,29004605,2026-08-02T16:58:17+0200
95a791b74f6b40c8,auto-7202408d73d7,janus@8a1e7a1,janus,8a1e7a1,v233_b@9713344,v233_b,9713344,sweden,official,1,0,rating,b,b,0.0,core_destroyed,58,,114,230,9,19,116,80,7,9,ok,,3.135,n-62-28-34,29004605,2026-08-02T16:59:05+0200
95b56a511c521ec3,auto-7202408d73d7,janus@8a1e7a1,janus,8a1e7a1,jonbot_190003d@da3fd8a,jonbot_190003d,da3fd8a,fjord,official,1,0,rating,a,a,1.0,core_destroyed,38,,2,190,12,14,262,80,5,6,ok,,3.541,n-62-29-34,29004605,2026-08-02T16:57:29+0200
95c4d3f1ad3d507a,auto-7202408d73d7,mistral@ba943b9,mistral,ba943b9,janus@8a1e7a1,janus,8a1e7a1,longship,official,1,0,rating,b,b,0.0,core_destroyed,31,,241,0,6,0,24,80,10,9,ok,,5.166,n-62-31-16,29004605,2026-08-02T16:58:44+0200
961c80339a3719f8,auto-7202408d73d7,janus@8a1e7a1,janus,8a1e7a1,v233_d@9713344,v233_d,9713344,sweden,official,1,0,rating,b,b,0.0,core_destroyed,58,,114,230,9,19,196,80,7,9,ok,,3.254,n-62-29-9,29004605,2026-08-02T16:59:27+0200
9641eba7aa90fc6a,auto-7202408d73d7,janus@8a1e7a1,janus,8a1e7a1,undertow@fdc1e1f,undertow,fdc1e1f,strait,official,1,0,rating,b,b,0.0,core_destroyed,53,,33,110,12,9,94,260,9,19,ok,,4.328,n-62-11-66,29004605,2026-08-02T16:59:10+0200
964e84376f2582b7,auto-7202408d73d7,janus@8a1e7a1,janus,8a1e7a1,vanguard@9932bec,vanguard,9932bec,vault,official,1,0,rating,b,b,0.0,core_destroyed,41,,296,150,8,6,84,180,13,7,ok,,4.17,n-62-30-25,29004605,2026-08-02T16:59:25+0200
96a01020f7032ed7,auto-7202408d73d7,janus@8a1e7a1,janus,8a1e7a1,vanguard_oracle@fdc1e1f,vanguard_oracle,fdc1e1f,vault,official,1,0,rating,a,a,1.0,core_destroyed,51,,49,160,11,6,60,200,13,6,ok,,5.029,n-62-11-54,29004605,2026-08-02T16:58:44+0200
96abf0cd5f0eca97,auto-7202408d73d7,janus@8a1e7a1,janus,8a1e7a1,autistimusprime@ecd4d24,autistimusprime,ecd4d24,hive,official,1,0,rating,a,a,1.0,core_destroyed,47,,18,100,12,9,40,60,8,9,ok,,4.218,n-62-31-22,29004605,2026-08-02T16:57:54+0200
96acaf6dce132f55,auto-7202408d73d7,janus@8a1e7a1,janus,8a1e7a1,vanguard_oracle@902be71,vanguard_oracle,902be71,crossfire,official,1,0,rating,a,a,1.0,core_destroyed,34,,9,80,10,8,59,60,10,4,ok,,3.861,n-62-11-51,29004605,2026-08-02T16:59:04+0200
96baa7c963b11419,auto-7202408d73d7,vanguard@da3fd8a,vanguard,da3fd8a,janus@8a1e7a1,janus,8a1e7a1,crossfire,official,1,0,rating,b,b,0.0,core_destroyed,31,,106,120,8,8,28,100,11,7,ok,,3.457,n-62-31-8,29004605,2026-08-02T16:58:44+0200
96ca2727473f1593,auto-7202408d73d7,janus@8a1e7a1,janus,8a1e7a1,v233_i@902be71,v233_i,902be71,strait,official,1,0,rating,a,a,1.0,core_destroyed,44,,24,90,13,10,36,170,9,15,ok,,4.744,n-62-29-32,29004605,2026-08-02T16:58:22+0200
9701acdb3ecef76f,auto-7202408d73d7,janus@8a1e7a1,janus,8a1e7a1,claude_challenger_1@fdc1e1f,claude_challenger_1,fdc1e1f,crossfire,official,1,0,rating,a,a,1.0,core_destroyed,60,,54,250,14,11,30,0,7,4,ok,,5.919,n-62-11-66,29004605,2026-08-02T16:58:22+0200
971239fef5930b42,auto-7202408d73d7,tempest_sentinel@fdc1e1f,tempest_sentinel,fdc1e1f,janus@8a1e7a1,janus,8a1e7a1,vase,official,1,0,rating,b,b,0.0,core_destroyed,41,,63,0,6,5,109,50,8,7,ok,,3.035,n-62-31-4,29004605,2026-08-02T16:58:56+0200
9720e02b6af503ef,auto-7202408d73d7,tempest_sentinel@fdc1e1f,tempest_sentinel,fdc1e1f,janus@8a1e7a1,janus,8a1e7a1,sweden,official,1,0,rating,b,b,0.0,core_destroyed,72,,458,130,4,9,330,370,10,22,ok,,3.197,n-62-31-4,29004605,2026-08-02T16:58:42+0200
97217e0c00f637a9,auto-7202408d73d7,tempest_frontier@fdc1e1f,tempest_frontier,fdc1e1f,janus@8a1e7a1,janus,8a1e7a1,skerry,official,1,0,rating,b,b,0.0,core_destroyed,39,,41,0,9,2,76,150,11,9,ok,,3.938,n-62-21-23,29004605,2026-08-02T16:58:11+0200
972418d4f0423f66,auto-7202408d73d7,undertow_1ac7ac4@da3fd8a,undertow_1ac7ac4,da3fd8a,janus@8a1e7a1,janus,8a1e7a1,runestone,official,1,0,rating,b,b,0.0,core_destroyed,30,,81,80,6,15,3,40,11,14,ok,,3.369,n-62-21-92,29004605,2026-08-02T16:58:55+0200
9724637e3bc5e591,auto-7202408d73d7,claude_challenger_1@fdc1e1f,claude_challenger_1,fdc1e1f,janus@8a1e7a1,janus,8a1e7a1,quarry,official,1,0,rating,b,b,0.0,core_destroyed,53,,31,0,12,4,250,260,7,18,ok,,6.338,n-62-11-68,29004605,2026-08-02T16:58:01+0200
972ab34d6a9727b0,auto-7202408d73d7,vanguard@c407e79,vanguard,c407e79,janus@8a1e7a1,janus,8a1e7a1,longship,official,1,0,rating,b,b,0.0,core_destroyed,35,,54,120,12,8,19,100,11,9,ok,,4.074,n-62-31-16,29004605,2026-08-02T16:59:24+0200
972e7890bf6d8fcf,auto-7202408d73d7,janus@8a1e7a1,janus,8a1e7a1,v233_c@9713344,v233_c,9713344,skerry,official,1,0,rating,a,a,1.0,core_destroyed,50,,61,250,13,9,55,0,4,4,ok,,4.023,n-62-29-16,29004605,2026-08-02T16:58:41+0200
9732418d8cade99b,auto-7202408d73d7,janus@8a1e7a1,janus,8a1e7a1,tempest_reinforcements@38f9c23,tempest_reinforcements,38f9c23,skerry,official,1,0,rating,b,b,0.0,core_destroyed,35,,124,130,9,6,19,130,9,11,ok,,3.872,n-62-21-54,29004605,2026-08-02T16:57:25+0200
9739ae7d94a263b2,auto-7202408d73d7,janus@8a1e7a1,janus,8a1e7a1,v233_i@902be71,v233_i,902be71,longship,official,1,0,rating,a,a,1.0,core_destroyed,33,,8,60,12,12,95,110,8,8,ok,,3.482,n-62-29-8,29004605,2026-08-02T16:59:10+0200
9766d35d37235253,auto-7202408d73d7,janus@8a1e7a1,janus,8a1e7a1,undertow@9713344,undertow,9713344,longship,official,1,0,rating,a,a,1.0,core_destroyed,54,,12,160,12,14,109,240,3,15,ok,,4.506,n-62-31-24,29004605,2026-08-02T16:59:30+0200
976b244ee4bbdc77,auto-7202408d73d7,v233_f@9713344,v233_f,9713344,janus@8a1e7a1,janus,8a1e7a1,runestone,official,1,0,rating,b,b,0.0,core_destroyed,28,,82,80,8,12,13,40,11,13,ok,,3.208,n-62-29-18,29004605,2026-08-02T16:58:56+0200
9770c4921a86fe8d,auto-7202408d73d7,janus@8a1e7a1,janus,8a1e7a1,vanguard@818f3b4,vanguard,818f3b4,fjord,official,1,0,rating,b,b,0.0,core_destroyed,35,,59,170,9,10,80,210,12,8,ok,,4.077,n-62-29-34,29004605,2026-08-02T16:58:29+0200
9778036c24795fea,auto-7202408d73d7,janus@8a1e7a1,janus,8a1e7a1,claude_challenger_2@fdc1e1f,claude_challenger_2,fdc1e1f,aurora,official,1,0,rating,a,a,1.0,core_destroyed,48,,42,100,12,11,34,0,12,2,ok,,6.623,n-62-21-92,29004605,2026-08-02T16:58:02+0200
97ad4552eea2a648,auto-7202408d73d7,e_final@9e77076,e_final,9e77076,janus@8a1e7a1,janus,8a1e7a1,skerry,official,1,0,rating,b,b,0.0,core_destroyed,39,,14,70,8,6,118,180,10,10,ok,,3.267,n-62-28-28,29004605,2026-08-02T16:57:23+0200
97caab871a8f6f57,auto-7202408d73d7,janus@8a1e7a1,janus,8a1e7a1,tempest_reinforcements@025dd51,tempest_reinforcements,025dd51,runestone,official,1,0,rating,a,a,1.0,core_destroyed,28,,14,40,12,6,16,0,11,4,ok,,4.549,n-62-12-67,29004605,2026-08-02T16:56:59+0200
97d61786c04c6127,auto-7202408d73d7,janus@8a1e7a1,janus,8a1e7a1,vanguard_oracle@fdc1e1f,vanguard_oracle,fdc1e1f,longship,official,1,0,rating,a,a,1.0,core_destroyed,55,,24,140,11,15,128,220,11,8,ok,,4.526,n-62-11-52,29004605,2026-08-02T16:58:27+0200
97e326216b2e2808,auto-7202408d73d7,janus@8a1e7a1,janus,8a1e7a1,prospect_rushonly@bf9b3e3,prospect_rushonly,bf9b3e3,vault,official,1,0,rating,b,b,0.0,core_destroyed,43,,240,160,9,6,243,170,9,6,ok,,3.468,n-62-11-53,29004605,2026-08-02T16:57:47+0200
97f9fcdb8d240ce5,auto-7202408d73d7,opponent_luc@e83a42c,opponent_luc,e83a42c,janus@8a1e7a1,janus,8a1e7a1,runestone,official,1,0,rating,b,b,0.0,core_destroyed,24,,39,30,10,6,23,30,11,11,ok,,5.537,n-62-11-51,29004605,2026-08-02T16:57:56+0200
980813a16a9b435e,auto-7202408d73d7,janus@8a1e7a1,janus,8a1e7a1,lockin@9713344,lockin,9713344,bridge,official,1,0,rating,a,a,1.0,core_destroyed,51,,40,240,6,29,620,0,0,0,ok,,2.178,n-62-30-23,29004605,2026-08-02T16:57:18+0200
980fe120b0b40ffe,auto-7202408d73d7,janus@8a1e7a1,janus,8a1e7a1,turtle@9713344,turtle,9713344,sweden,official,1,0,rating,a,a,1.0,core_destroyed,110,,193,660,14,22,64,200,7,6,ok,,5.658,n-62-31-23,29004605,2026-08-02T16:59:04+0200
987ac3dabf06f4c3,auto-7202408d73d7,janus@8a1e7a1,janus,8a1e7a1,autistimusprime@ecd4d24,autistimusprime,ecd4d24,fjord,official,1,0,rating,a,a,1.0,core_destroyed,39,,53,200,11,15,98,0,8,2,ok,,3.594,n-62-31-22,29004605,2026-08-02T16:57:46+0200
987c7aac096f08b8,auto-7202408d73d7,v233_a@9713344,v233_a,9713344,janus@8a1e7a1,janus,8a1e7a1,bridge,official,1,0,rating,b,b,0.0,titanium_collected,1000,,2191,440,14,13,8834,7340,11,17,ok,,14.729,n-62-28-35,29004605,2026-08-02T16:58:43+0200
9883312edd4ee50b,auto-7202408d73d7,janus@8a1e7a1,janus,8a1e7a1,vanguard_oracle@902be71,vanguard_oracle,902be71,runestone,official,1,0,rating,a,a,1.0,core_destroyed,31,,9,50,11,8,59,90,9,10,ok,,4.143,n-62-11-56,29004605,2026-08-02T16:58:44+0200
98965b100d8f405f,auto-7202408d73d7,undertow_oracle@75591b7,undertow_oracle,75591b7,janus@8a1e7a1,janus,8a1e7a1,sprint,official,1,0,rating,b,b,0.0,core_destroyed,36,,62,0,7,2,42,170,9,19,ok,,3.802,n-62-31-10,29004605,2026-08-02T16:59:38+0200
98a071705938143d,auto-7202408d73d7,tempest_reinforcements@38f9c23,tempest_reinforcements,38f9c23,janus@8a1e7a1,janus,8a1e7a1,pinch,official,1,0,rating,a,a,1.0,core_destroyed,28,,20,50,8,9,117,50,6,4,ok,,3.658,n-62-21-55,29004605,2026-08-02T16:58:52+0200
98aa7607e602a081,auto-7202408d73d7,e_condc@6db8844,e_condc,6db8844,janus@8a1e7a1,janus,8a1e7a1,showdown,official,1,0,rating,b,b,0.0,core_destroyed,30,,0,0,7,10,6,40,8,16,ok,,3.186,n-62-21-99,29004605,2026-08-02T16:57:09+0200
98ab5a410537dd8d,auto-7202408d73d7,casemate_oracle@902be71,casemate_oracle,902be71,janus@8a1e7a1,janus,8a1e7a1,jackpot,official,1,0,rating,b,b,0.0,core_destroyed,58,,66,0,6,27,110,250,12,8,ok,,4.735,n-62-11-65,29004605,2026-08-02T16:57:16+0200
98b4097c535eb00c,auto-7202408d73d7,tempest_outer@fdc1e1f,tempest_outer,fdc1e1f,janus@8a1e7a1,janus,8a1e7a1,sweden,official,1,0,rating,b,b,0.0,core_destroyed,72,,458,130,4,9,330,370,9,22,ok,,4.783,n-62-13-9,29004605,2026-08-02T16:57:56+0200
98dad9f56922cd91,auto-7202408d73d7,janus@8a1e7a1,janus,8a1e7a1,claude_challenger_1@fdc1e1f,claude_challenger_1,fdc1e1f,bridge,official,1,0,rating,a,a,1.0,core_destroyed,51,,40,240,6,29,620,0,0,0,ok,,1.996,n-62-11-66,29004605,2026-08-02T16:58:13+0200
98ddd6188d070150,auto-7202408d73d7,tempest_sentinel@fdc1e1f,tempest_sentinel,fdc1e1f,janus@8a1e7a1,janus,8a1e7a1,bridge,official,1,0,rating,b,b,0.0,core_destroyed,49,,310,0,4,5,77,200,10,17,ok,,2.948,n-62-21-69,29004605,2026-08-02T16:58:24+0200
98df76eb93fcee4f,auto-7202408d73d7,janus@8a1e7a1,janus,8a1e7a1,e_final@9e77076,e_final,9e77076,twins,official,1,0,rating,a,a,1.0,core_destroyed,44,,29,110,13,9,11,80,10,11,ok,,3.967,n-62-28-28,29004605,2026-08-02T16:57:58+0200
98e232f7e1bce2fb,auto-7202408d73d7,jonbot@9713344,jonbot,9713344,janus@8a1e7a1,janus,8a1e7a1,aurora,official,1,0,rating,b,b,0.0,core_destroyed,40,,276,0,5,0,30,130,12,11,ok,,3.208,n-62-29-29,29004605,2026-08-02T16:57:56+0200
98eac501d1e3204a,auto-7202408d73d7,janus@8a1e7a1,janus,8a1e7a1,vigil@bf9b3e3,vigil,bf9b3e3,quarry,official,1,0,rating,b,b,0.0,core_destroyed,45,,59,50,11,9,21,70,10,8,ok,,4.149,n-62-21-15,29004605,2026-08-02T16:58:53+0200
98eb87181942b228,auto-7202408d73d7,claude_challenger_2@fdc1e1f,claude_challenger_2,fdc1e1f,janus@8a1e7a1,janus,8a1e7a1,hive,official,1,0,rating,b,b,0.0,core_destroyed,43,,126,0,9,1,30,110,10,18,ok,,4.7,n-62-31-9,29004605,2026-08-02T16:57:22+0200
993e21bd8146fdb6,auto-7202408d73d7,titanium_v1@9713344,titanium_v1,9713344,janus@8a1e7a1,janus,8a1e7a1,longship,official,1,0,rating,b,b,0.0,core_destroyed,31,,306,0,4,3,24,80,11,9,ok,,2.979,n-62-31-5,29004605,2026-08-02T16:58:46+0200
994ba9f00823ad68,auto-7202408d73d7,tempest_reinforcements@38f9c23,tempest_reinforcements,38f9c23,janus@8a1e7a1,janus,8a1e7a1,atoll,official,1,0,rating,a,a,1.0,core_destroyed,29,,14,90,11,10,310,90,4,6,ok,,3.541,n-62-21-55,29004605,2026-08-02T16:57:02+0200
9951ee2c026c8469,auto-7202408d73d7,jonbot@9713344,jonbot,9713344,janus@8a1e7a1,janus,8a1e7a1,vase,official,1,0,rating,b,b,0.0,core_destroyed,96,,355,0,5,0,73,200,7,15,ok,,3.887,n-62-29-9,29004605,2026-08-02T16:57:53+0200
995a77db1e30fa2f,auto-7202408d73d7,janus@8a1e7a1,janus,8a1e7a1,nemesis@9713344,nemesis,9713344,skerry,official,1,0,rating,a,a,1.0,core_destroyed,174,,1231,1370,7,52,98,0,5,9,ok,,5.171,n-62-31-13,29004605,2026-08-02T16:57:58+0200
995d697994c16bcb,auto-7202408d73d7,janus@8a1e7a1,janus,8a1e7a1,riptide@9713344,riptide,9713344,showdown,official,1,0,rating,a,a,1.0,core_destroyed,31,,11,40,8,15,86,0,2,5,ok,,3.34,n-62-21-89,29004605,2026-08-02T16:56:58+0200
997cc6fa61805a80,auto-7202408d73d7,siege_v1@9713344,siege_v1,9713344,janus@8a1e7a1,janus,8a1e7a1,jackpot,official,1,0,rating,b,b,0.0,core_destroyed,39,,196,0,6,3,60,150,9,8,ok,,3.695,n-62-21-90,29004605,2026-08-02T16:57:44+0200
99c964717a2cce9c,auto-7202408d73d7,janus@8a1e7a1,janus,8a1e7a1,vanguard_oracle@fdc1e1f,vanguard_oracle,fdc1e1f,skerry,official,1,0,rating,a,a,1.0,titanium_collected,44,,113,220,7,10,108,180,12,5,ok,,4.106,n-62-11-52,29004605,2026-08-02T16:59:10+0200
99d3f0e063d5c08c,auto-7202408d73d7,janus@8a1e7a1,janus,8a1e7a1,v233_c@9713344,v233_c,9713344,vault,official,1,0,rating,a,a,1.0,core_destroyed,67,,173,230,11,6,76,150,8,10,ok,,3.999,n-62-29-28,29004605,2026-08-02T16:58:20+0200
99ecc75ac4f26b79,auto-7202408d73d7,uw_v2@9713344,uw_v2,9713344,janus@8a1e7a1,janus,8a1e7a1,duel,official,1,0,rating,b,b,0.0,core_destroyed,39,,117,160,8,9,43,160,9,14,ok,,3.583,n-62-21-99,29004605,2026-08-02T16:58:29+0200
99f7c41274370cec,auto-7202408d73d7,janus@8a1e7a1,janus,8a1e7a1,prospect_rushonly@bf9b3e3,prospect_rushonly,bf9b3e3,aurora,official,1,0,rating,b,b,0.0,core_destroyed,38,,74,70,7,5,8,110,11,9,ok,,4.408,n-62-11-57,29004605,2026-08-02T16:58:01+0200
99f90710501aaa68,auto-7202408d73d7,janus@8a1e7a1,janus,8a1e7a1,vg_v4@9713344,vg_v4,9713344,twins,official,1,0,rating,a,a,1.0,core_destroyed,150,,308,1140,14,55,135,540,3,14,ok,,6.63,n-62-12-1,29004605,2026-08-02T16:59:09+0200
9a059f1a01286009,auto-7202408d73d7,tempest@da3fd8a,tempest,da3fd8a,janus@8a1e7a1,janus,8a1e7a1,hive,official,1,0,rating,b,b,0.0,core_destroyed,42,,220,80,8,10,10,80,10,16,ok,,5.093,n-62-12-2,29004605,2026-08-02T16:58:15+0200
9a0bdf42a92f6c9b,auto-7202408d73d7,janus@8a1e7a1,janus,8a1e7a1,tempest_reinforcements@87724ec,tempest_reinforcements,87724ec,sweden,official,1,0,rating,a,a,1.0,core_destroyed,87,,148,480,12,22,53,0,8,3,ok,,9.122,n-62-21-65,29004605,2026-08-02T16:57:13+0200
9a136bb616764978,auto-7202408d73d7,janus@8a1e7a1,janus,8a1e7a1,vg_v7@9713344,vg_v7,9713344,sprint,official,1,0,rating,a,a,1.0,core_destroyed,30,,3,80,11,15,14,100,4,6,ok,,3.245,n-62-31-4,29004605,2026-08-02T16:58:57+0200
9a1fed9eeed259ad,auto-7202408d73d7,janus@8a1e7a1,janus,8a1e7a1,e_t4l7@9e77076,e_t4l7,9e77076,fjord,official,1,0,rating,a,a,1.0,core_destroyed,47,,2,260,13,18,73,190,7,8,ok,,3.826,n-62-29-20,29004605,2026-08-02T16:58:07+0200
9a2366b8eab79fff,auto-7202408d73d7,janus@8a1e7a1,janus,8a1e7a1,frontier_v1@9713344,frontier_v1,9713344,showdown,official,1,0,rating,a,a,1.0,core_destroyed,21,,36,0,8,11,236,0,6,1,ok,,2.968,n-62-29-16,29004605,2026-08-02T16:57:49+0200
9a2f6bfdb5defe22,auto-7202408d73d7,jonbot@9713344,jonbot,9713344,janus@8a1e7a1,janus,8a1e7a1,sprint,official,1,0,rating,b,b,0.0,core_destroyed,34,,249,0,5,0,48,150,7,22,ok,,2.763,n-62-29-9,29004605,2026-08-02T16:57:07+0200
9a47d2ba3c291e27,auto-7202408d73d7,vanguard@da3fd8a,vanguard,da3fd8a,janus@8a1e7a1,janus,8a1e7a1,hive,official,1,0,rating,b,b,0.0,core_destroyed,42,,29,120,12,15,53,90,11,16,ok,,4.023,n-62-31-8,29004605,2026-08-02T16:59:10+0200
9a552ce9e56e2d13,auto-7202408d73d7,janus@8a1e7a1,janus,8a1e7a1,vanguard@818f3b4,vanguard,818f3b4,runestone,official,1,0,rating,a,a,1.0,core_destroyed,31,,9,50,12,8,103,90,9,10,ok,,3.518,n-62-29-34,29004605,2026-08-02T16:59:19+0200
9a5d5fc34a198644,auto-7202408d73d7,undertow@da3fd8a,undertow,da3fd8a,janus@8a1e7a1,janus,8a1e7a1,strait,official,1,0,rating,b,b,0.0,core_destroyed,62,,4,340,9,32,93,230,9,13,ok,,4.314,n-62-11-64,29004605,2026-08-02T16:59:02+0200
9a752aa412e40e6a,auto-7202408d73d7,frontier_v2@9713344,frontier_v2,9713344,janus@8a1e7a1,janus,8a1e7a1,sprint,official,1,0,rating,b,b,0.0,core_destroyed,51,,172,0,5,2,218,270,9,14,ok,,2.762,n-62-29-24,29004605,2026-08-02T16:57:59+0200
9a8e5a7eb5f61d72,auto-7202408d73d7,janus@8a1e7a1,janus,8a1e7a1,frontier_v1@9713344,frontier_v1,9713344,twins,official,1,0,rating,a,a,1.0,core_destroyed,41,,31,130,12,13,44,0,10,2,ok,,3.927,n-62-29-18,29004605,2026-08-02T16:57:17+0200
9a8f61bdb907ba49,auto-7202408d73d7,mistral@ba943b9,mistral,ba943b9,janus@8a1e7a1,janus,8a1e7a1,aurora,official,1,0,rating,b,b,0.0,core_destroyed,37,,296,0,5,0,10,110,12,11,ok,,7.784,n-62-31-16,29004605,2026-08-02T16:57:32+0200
9aa382d7991444d3,auto-7202408d73d7,janus@8a1e7a1,janus,8a1e7a1,tempest_frontier@fdc1e1f,tempest_frontier,fdc1e1f,showdown,official,1,0,rating,b,b,0.0,core_destroyed,21,,120,0,6,5,48,0,8,8,ok,,3.814,n-62-21-23,29004605,2026-08-02T16:57:58+0200
9ac533ff88640d3f,auto-7202408d73d7,vigil@bf9b3e3,vigil,bf9b3e3,janus@8a1e7a1,janus,8a1e7a1,runestone,official,1,0,rating,a,a,1.0,core_destroyed,27,,9,40,12,8,9,40,11,6,ok,,4.212,n-62-21-15,29004605,2026-08-02T16:59:07+0200
9ae63c21a3cdf7ee,auto-7202408d73d7,janus@8a1e7a1,janus,8a1e7a1,mistral@ba943b9,mistral,ba943b9,vase,official,1,0,rating,a,a,1.0,core_destroyed,37,,162,50,8,7,314,0,4,0,ok,,3.195,n-62-31-8,29004605,2026-08-02T16:56:58+0200
9b021d90fc3f9579,auto-7202408d73d7,janus@8a1e7a1,janus,8a1e7a1,vg_v6@9713344,vg_v6,9713344,fjord,official,1,0,rating,a,a,1.0,core_destroyed,39,,10,150,13,8,65,0,4,3,ok,,3.705,n-62-21-4,29004605,2026-08-02T16:59:14+0200
9b1ad360faab7013,auto-7202408d73d7,janus@8a1e7a1,janus,8a1e7a1,v233_b@9713344,v233_b,9713344,runestone,official,1,0,rating,a,a,1.0,core_destroyed,36,,20,60,12,13,113,0,6,7,ok,,3.246,n-62-28-34,29004605,2026-08-02T16:58:18+0200
9b469e493116c314,auto-7202408d73d7,janus@8a1e7a1,janus,8a1e7a1,vanguard_oracle@75591b7,vanguard_oracle,75591b7,hive,official,1,0,rating,a,a,1.0,core_destroyed,51,,38,150,11,17,55,100,12,4,ok,,4.752,n-62-31-7,29004605,2026-08-02T16:59:37+0200
9b6805eb6d7fa8df,auto-7202408d73d7,janus@8a1e7a1,janus,8a1e7a1,gobbleglitch@e808e1d,gobbleglitch,e808e1d,skerry,official,1,0,rating,b,b,0.0,core_destroyed,32,,233,110,7,5,55,60,11,4,ok,,3.244,n-62-29-28,29004605,2026-08-02T16:58:17+0200
9bbd6c7cf982e8ff,auto-7202408d73d7,undertow_1ac7ac4@da3fd8a,undertow_1ac7ac4,da3fd8a,janus@8a1e7a1,janus,8a1e7a1,sweden,official,1,0,rating,a,a,1.0,core_destroyed,141,,371,580,12,18,123,880,11,19,ok,,7.129,n-62-31-9,29004605,2026-08-02T16:58:23+0200
9bf2f5d95b17deff,auto-7202408d73d7,siege_v1@9713344,siege_v1,9713344,janus@8a1e7a1,janus,8a1e7a1,crossfire,official,1,0,rating,b,b,0.0,core_destroyed,24,,219,0,5,2,33,70,10,9,ok,,3.178,n-62-21-90,29004605,2026-08-02T16:57:15+0200
9c05c37d2e506744,auto-7202408d73d7,jonbot@da3fd8a,jonbot,da3fd8a,janus@8a1e7a1,janus,8a1e7a1,pinch,official,1,0,rating,b,b,0.0,core_destroyed,148,,148,140,8,17,412,960,6,53,ok,,3.887,n-62-29-31,29004605,2026-08-02T16:58:03+0200
9c08e3652f61e409,auto-7202408d73d7,claude_challenger_2@fdc1e1f,claude_challenger_2,fdc1e1f,janus@8a1e7a1,janus,8a1e7a1,fjord,official,1,0,rating,b,b,0.0,core_destroyed,31,,97,60,10,4,12,150,12,10,ok,,4.868,n-62-31-9,29004605,2026-08-02T16:57:12+0200
9c179395af32a4bd,auto-7202408d73d7,janus@8a1e7a1,janus,8a1e7a1,turtle@9713344,turtle,9713344,crossfire,official,1,0,rating,a,a,1.0,core_destroyed,72,,105,390,8,28,71,0,4,9,ok,,3.522,n-62-31-21,29004605,2026-08-02T16:58:25+0200
9c2d96c4c21bf200,auto-7202408d73d7,janus@8a1e7a1,janus,8a1e7a1,tempest_oracle_ferry@fdc1e1f,tempest_oracle_ferry,fdc1e1f,skerry,official,1,0,rating,b,b,0.0,core_destroyed,39,,141,190,7,9,18,0,12,2,ok,,4.177,n-62-13-7,29004605,2026-08-02T16:58:08+0200
9c6ca0feadca59d2,auto-7202408d73d7,janus@8a1e7a1,janus,8a1e7a1,tempest_reinforcements@3d5ab38,tempest_reinforcements,3d5ab38,showdown,official,1,0,rating,a,a,1.0,core_destroyed,33,,20,0,8,5,15,0,4,7,ok,,3.664,n-62-21-57,29004605,2026-08-02T16:57:24+0200
9c71ca64a1b254f2,auto-7202408d73d7,e9cand@9e77076,e9cand,9e77076,janus@8a1e7a1,janus,8a1e7a1,skerry,official,1,0,rating,b,b,0.0,core_destroyed,39,,84,0,11,1,139,160,9,10,ok,,3.874,n-62-21-97,29004605,2026-08-02T16:57:09+0200
9c8d14c125da9947,auto-7202408d73d7,v233_i@902be71,v233_i,902be71,janus@8a1e7a1,janus,8a1e7a1,longship,official,1,0,rating,b,b,0.0,core_destroyed,34,,122,120,10,8,23,90,11,9,ok,,3.495,n-62-29-8,29004605,2026-08-02T16:59:14+0200
9cb7a5b7d64e1041,auto-7202408d73d7,undertow_1ac7ac4@da3fd8a,undertow_1ac7ac4,da3fd8a,janus@8a1e7a1,janus,8a1e7a1,jackpot,official,1,0,rating,b,b,0.0,core_destroyed,54,,81,200,11,6,60,230,14,8,ok,,4.738,n-62-21-92,29004605,2026-08-02T16:58:22+0200
9cc3e317f427374b,auto-7202408d73d7,e9cand@9e77076,e9cand,9e77076,janus@8a1e7a1,janus,8a1e7a1,showdown,official,1,0,rating,b,b,0.0,core_destroyed,28,,59,0,8,10,23,40,9,15,ok,,3.35,n-62-21-97,29004605,2026-08-02T16:57:01+0200
9cdcc4a2745d6240,auto-7202408d73d7,v233_f@9713344,v233_f,9713344,janus@8a1e7a1,janus,8a1e7a1,bridge,official,1,0,rating,b,b,0.0,core_destroyed,56,,95,100,6,15,203,260,9,15,ok,,2.986,n-62-29-14,29004605,2026-08-02T16:59:15+0200
9ce8a471ae0b29ff,auto-7202408d73d7,attack_wave_v1@9713344,attack_wave_v1,9713344,janus@8a1e7a1,janus,8a1e7a1,fjord,official,1,0,rating,b,b,0.0,core_destroyed,31,,136,0,6,4,13,150,12,9,ok,,3.623,n-62-31-4,29004605,2026-08-02T16:57:38+0200
9d09f516e65cac92,auto-7202408d73d7,janus@8a1e7a1,janus,8a1e7a1,casemate_oracle@902be71,casemate_oracle,902be71,bridge,official,1,0,rating,b,b,0.0,core_destroyed,40,,46,40,10,15,175,0,9,3,ok,,3.581,n-62-11-64,29004605,2026-08-02T16:58:18+0200
9d1659b6a2b84beb,auto-7202408d73d7,janus@8a1e7a1,janus,8a1e7a1,vigil@1b5f3d1,vigil,1b5f3d1,vase,official,1,0,rating,b,b,0.0,core_destroyed,31,,103,10,6,5,52,40,8,12,ok,,2.943,n-62-31-21,29004605,2026-08-02T16:58:36+0200
9d36e1cb4444e5d9,auto-7202408d73d7,reaver@9713344,reaver,9713344,janus@8a1e7a1,janus,8a1e7a1,atoll,official,1,0,rating,b,b,0.0,core_destroyed,46,,96,100,3,7,46,180,11,10,ok,,3.643,n-62-11-53,29004605,2026-08-02T16:57:59+0200
9d397dc9fa6d8606,auto-7202408d73d7,uw_v1@9713344,uw_v1,9713344,janus@8a1e7a1,janus,8a1e7a1,string,official,1,0,rating,b,b,0.0,core_destroyed,140,,109,80,4,4,300,340,13,4,ok,,4.968,n-62-21-98,29004605,2026-08-02T16:58:45+0200
9d9435bb70f98a44,auto-7202408d73d7,e_final@9e77076,e_final,9e77076,janus@8a1e7a1,janus,8a1e7a1,vault,official,1,0,rating,a,a,1.0,core_destroyed,46,,47,0,10,1,204,180,11,5,ok,,7.009,n-62-28-31,29004605,2026-08-02T16:57:43+0200
9dcaac10890b691d,auto-7202408d73d7,janus@8a1e7a1,janus,8a1e7a1,tempest_reinforcements@65ddc55,tempest_reinforcements,65ddc55,twins,official,1,0,rating,a,a,1.0,core_destroyed,42,,2,80,13,9,10,0,8,4,ok,,4.659,n-62-21-63,29004605,2026-08-02T16:57:09+0200
9dff63af9349af8e,auto-7202408d73d7,janus@8a1e7a1,janus,8a1e7a1,tempest_fast@eb1f0f3,tempest_fast,eb1f0f3,atoll,official,1,0,rating,b,b,0.0,core_destroyed,30,,139,90,10,6,23,60,12,6,ok,,4.206,n-62-21-8,29004605,2026-08-02T16:57:23+0200
9e23f388acfd2d27,auto-7202408d73d7,e_t4l7@9e77076,e_t4l7,9e77076,janus@8a1e7a1,janus,8a1e7a1,string,official,1,0,rating,b,b,0.0,core_destroyed,38,,43,0,6,7,130,90,9,4,ok,,2.964,n-62-29-13,29004605,2026-08-02T16:58:02+0200
9e38cefa82ece0b2,auto-7202408d73d7,vanguard@9932bec,vanguard,9932bec,janus@8a1e7a1,janus,8a1e7a1,longship,official,1,0,rating,b,b,0.0,core_destroyed,40,,85,150,7,8,13,120,11,12,ok,,3.508,n-62-30-23,29004605,2026-08-02T16:59:07+0200
9e5ef6ac48a9075b,auto-7202408d73d7,janus@8a1e7a1,janus,8a1e7a1,vg_v7@9713344,vg_v7,9713344,showdown,official,1,0,rating,a,a,1.0,core_destroyed,32,,28,50,8,15,92,0,2,5,ok,,2.726,n-62-31-4,29004605,2026-08-02T16:58:42+0200
9e8f87508a6257bc,auto-7202408d73d7,v233_f@9713344,v233_f,9713344,janus@8a1e7a1,janus,8a1e7a1,sweden,official,1,0,rating,b,b,0.0,core_destroyed,81,,64,430,13,18,296,440,11,22,ok,,4.292,n-62-29-24,29004605,2026-08-02T16:58:25+0200
9ea76f6024a27e99,auto-7202408d73d7,tempest_reinforcements@65ddc55,tempest_reinforcements,65ddc55,janus@8a1e7a1,janus,8a1e7a1,string,official,1,0,rating,b,b,0.0,core_destroyed,96,,16,30,9,8,150,230,3,5,ok,,4.052,n-62-21-62,29004605,2026-08-02T16:58:23+0200
9ed5883922926fb7,auto-7202408d73d7,lockin@9713344,lockin,9713344,janus@8a1e7a1,janus,8a1e7a1,quarry,official,1,0,rating,b,b,0.0,core_destroyed,60,,109,0,11,4,282,290,7,21,ok,,6.561,n-62-30-25,29004605,2026-08-02T16:57:08+0200
9efe574238d37a72,auto-7202408d73d7,vanguard@818f3b4,vanguard,818f3b4,janus@8a1e7a1,janus,8a1e7a1,vault,official,1,0,rating,a,a,1.0,core_destroyed,36,,69,150,13,7,308,130,7,5,ok,,3.312,n-62-29-5,29004605,2026-08-02T16:59:13+0200
9f14702030e92431,auto-7202408d73d7,janus@8a1e7a1,janus,8a1e7a1,vigil@18b749d,vigil,18b749d,duel,official,1,0,rating,b,b,0.0,core_destroyed,34,,131,120,6,9,19,130,10,12,ok,,3.522,n-62-31-5,29004605,2026-08-02T16:59:10+0200
9f14a9be0e23b460,auto-7202408d73d7,tempest_oracle_ferry@fdc1e1f,tempest_oracle_ferry,fdc1e1f,janus@8a1e7a1,janus,8a1e7a1,runestone,official,1,0,rating,b,b,0.0,core_destroyed,27,,135,40,8,6,10,40,10,12,ok,,3.704,n-62-13-7,29004605,2026-08-02T16:57:56+0200
9f28562c5d2d1e9f,auto-7202408d73d7,v233_i@902be71,v233_i,902be71,janus@8a1e7a1,janus,8a1e7a1,crossfire,official,1,0,rating,b,b,0.0,core_destroyed,34,,95,140,10,7,20,120,12,7,ok,,3.398,n-62-29-29,29004605,2026-08-02T16:59:31+0200
9f2c2fcdd2fcd118,auto-7202408d73d7,vg_v6@9713344,vg_v6,9713344,janus@8a1e7a1,janus,8a1e7a1,sweden,official,1,0,rating,b,b,0.0,core_destroyed,69,,71,50,8,5,267,350,10,22,ok,,3.877,n-62-21-8,29004605,2026-08-02T16:59:33+0200
9f34cc8b2aa15b3c,auto-7202408d73d7,v233_e@9713344,v233_e,9713344,janus@8a1e7a1,janus,8a1e7a1,strait,official,1,0,rating,a,a,1.0,core_destroyed,63,,70,320,12,32,334,230,8,15,ok,,3.723,n-62-29-13,29004605,2026-08-02T16:59:19+0200
9f3f4f62de7dc4d3,auto-7202408d73d7,v233_c@9713344,v233_c,9713344,janus@8a1e7a1,janus,8a1e7a1,twins,official,1,0,rating,b,b,0.0,core_destroyed,35,,88,60,6,6,30,110,10,14,ok,,3.064,n-62-29-16,29004605,2026-08-02T16:59:42+0200
9f55f72317e0425d,auto-7202408d73d7,janus@8a1e7a1,janus,8a1e7a1,jonbot@da3fd8a,jonbot,da3fd8a,runestone,official,1,0,rating,a,a,1.0,core_destroyed,29,,1,40,11,12,140,0,7,13,ok,,3.638,n-62-29-31,29004605,2026-08-02T16:58:14+0200
9f6299135600712a,auto-7202408d73d7,janus@8a1e7a1,janus,8a1e7a1,casemate_oracle@902be71,casemate_oracle,902be71,pinch,official,1,0,rating,b,b,0.0,core_destroyed,28,,265,60,3,8,19,0,8,20,ok,,2.906,n-62-11-65,29004605,2026-08-02T16:57:30+0200
9f6350d8331ae9dd,auto-7202408d73d7,janus@8a1e7a1,janus,8a1e7a1,tempest_reinforcements@51ad530,tempest_reinforcements,51ad530,aurora,official,1,0,rating,a,a,1.0,core_destroyed,37,,37,70,9,7,3,70,12,10,ok,,4.736,n-62-21-59,29004605,2026-08-02T16:57:26+0200
9f74a642f6b02207,auto-7202408d73d7,janus@8a1e7a1,janus,8a1e7a1,uw_v2@9713344,uw_v2,9713344,vase,official,1,0,rating,a,a,1.0,core_destroyed,64,,73,120,8,13,100,0,6,2,ok,,3.645,n-62-28-31,29004605,2026-08-02T16:59:30+0200
9f84aa8dd4dd3dea,auto-7202408d73d7,opponent_luc@e83a42c,opponent_luc,e83a42c,janus@8a1e7a1,janus,8a1e7a1,sweden,official,1,0,rating,b,b,0.0,core_destroyed,64,,660,0,0,0,204,380,9,26,ok,,2.735,n-62-11-52,29004605,2026-08-02T16:57:06+0200
9f8cf5da88f1adf5,auto-7202408d73d7,tempest_reinforcements@65ddc55,tempest_reinforcements,65ddc55,janus@8a1e7a1,janus,8a1e7a1,quarry,official,1,0,rating,b,b,0.0,core_destroyed,61,,15,0,6,1,21,210,12,10,ok,,4.792,n-62-21-62,29004605,2026-08-02T16:57:32+0200
9fadfe602ce997b9,auto-7202408d73d7,janus@8a1e7a1,janus,8a1e7a1,claude_challenger_2@fdc1e1f,claude_challenger_2,fdc1e1f,vase,official,1,0,rating,a,a,1.0,core_destroyed,37,,74,50,7,7,590,0,0,0,ok,,2.556,n-62-31-10,29004605,2026-08-02T16:57:40+0200
9fb791958aa52030,auto-7202408d73d7,janus@8a1e7a1,janus,8a1e7a1,tempest_reinforcements@025dd51,tempest_reinforcements,025dd51,pinch,official,1,0,rating,b,b,0.0,core_destroyed,22,,274,30,4,4,10,30,11,8,ok,,2.602,n-62-12-66,29004605,2026-08-02T16:58:10+0200
9fb92d4d7887be03,auto-7202408d73d7,janus@8a1e7a1,janus,8a1e7a1,tempest_reinforcements@edf93ad,tempest_reinforcements,edf93ad,bridge,official,1,0,rating,b,b,0.0,core_destroyed,171,,119,50,5,2,28,360,15,26,ok,,5.493,n-62-21-67,29004605,2026-08-02T16:58:41+0200
9fcabbfb6ef17613,auto-7202408d73d7,tempest_reinforcements@87724ec,tempest_reinforcements,87724ec,janus@8a1e7a1,janus,8a1e7a1,longship,official,1,0,rating,b,b,0.0,core_destroyed,33,,10,60,10,10,19,90,11,9,ok,,7.679,n-62-21-64,29004605,2026-08-02T16:57:44+0200
9fd008170cd9c335,auto-7202408d73d7,janus@8a1e7a1,janus,8a1e7a1,jonbot_190003d@da3fd8a,jonbot_190003d,da3fd8a,pinch,official,1,0,rating,a,a,1.0,core_destroyed,46,,8,30,9,10,6,0,10,9,ok,,3.747,n-62-29-34,29004605,2026-08-02T16:58:00+0200
9fd81233c18af943,auto-7202408d73d7,janus@8a1e7a1,janus,8a1e7a1,riptide@9713344,riptide,9713344,runestone,official,1,0,rating,a,a,1.0,core_destroyed,50,,20,100,12,13,103,0,2,6,ok,,4.256,n-62-21-91,29004605,2026-08-02T16:59:01+0200
9fe96adee1254388,auto-7202408d73d7,janus@8a1e7a1,janus,8a1e7a1,v233_f@9713344,v233_f,9713344,longship,official,1,0,rating,a,a,1.0,core_destroyed,42,,10,80,11,12,109,200,8,15,ok,,3.938,n-62-29-18,29004605,2026-08-02T16:58:29+0200
9fec02bee3e758c4,auto-7202408d73d7,tempest_reinforcements@edf93ad,tempest_reinforcements,edf93ad,janus@8a1e7a1,janus,8a1e7a1,fjord,official,1,0,rating,a,a,1.0,core_destroyed,28,,21,50,11,5,37,90,11,5,ok,,4.685,n-62-21-68,29004605,2026-08-02T16:57:15+0200
a00141472bccfe20,auto-7202408d73d7,janus@8a1e7a1,janus,8a1e7a1,autistimusprime@ecd4d24,autistimusprime,ecd4d24,pinch,official,1,0,rating,b,b,0.0,core_destroyed,24,,106,40,10,5,47,0,10,1,ok,,4.419,n-62-31-21,29004605,2026-08-02T16:56:59+0200
a017f204903982ee,auto-7202408d73d7,claude_challenger_3@fdc1e1f,claude_challenger_3,fdc1e1f,janus@8a1e7a1,janus,8a1e7a1,atoll,official,1,0,rating,b,b,0.0,core_destroyed,39,,181,80,9,5,41,140,11,10,ok,,5.066,n-62-31-10,29004605,2026-08-02T16:58:05+0200
a01a16e0d971193e,auto-7202408d73d7,janus@8a1e7a1,janus,8a1e7a1,v233_g@9713344,v233_g,9713344,atoll,official,1,0,rating,a,a,1.0,core_destroyed,54,,92,170,10,8,59,200,9,19,ok,,3.495,n-62-29-24,29004605,2026-08-02T16:58:55+0200
a01cbcafa7e567e5,auto-7202408d73d7,janus@8a1e7a1,janus,8a1e7a1,e_post2@4a95297,e_post2,4a95297,pinch,official,1,0,rating,a,a,1.0,core_destroyed,40,,28,160,10,18,87,0,8,8,ok,,3.895,n-62-28-35,29004605,2026-08-02T16:57:07+0200
a028d6cbc5127583,auto-7202408d73d7,v233_e@9713344,v233_e,9713344,janus@8a1e7a1,janus,8a1e7a1,duel,official,1,0,rating,b,b,0.0,core_destroyed,35,,97,150,5,9,22,130,10,13,ok,,2.95,n-62-29-31,29004605,2026-08-02T16:59:38+0200
a04a2ea56af74fc9,auto-7202408d73d7,janus@8a1e7a1,janus,8a1e7a1,frontier_v2@9713344,frontier_v2,9713344,duel,official,1,0,rating,a,a,1.0,core_destroyed,36,,43,130,10,15,74,0,8,3,ok,,3.413,n-62-29-18,29004605,2026-08-02T16:58:06+0200
a09b97d9bce3cc3a,auto-7202408d73d7,janus@8a1e7a1,janus,8a1e7a1,opponent_luc@e83a42c,opponent_luc,e83a42c,sprint,official,1,0,rating,a,a,1.0,core_destroyed,25,,33,50,9,10,171,0,8,3,ok,,3.694,n-62-11-51,29004605,2026-08-02T16:58:14+0200
a0b33e67684b7544,auto-7202408d73d7,janus@8a1e7a1,janus,8a1e7a1,e_final@9e77076,e_final,9e77076,vase,official,1,0,rating,b,b,0.0,core_destroyed,66,,89,120,9,14,36,0,8,1,ok,,3.377,n-62-28-28,29004605,2026-08-02T16:58:05+0200
a0c22ee558e70670,auto-7202408d73d7,janus@8a1e7a1,janus,8a1e7a1,tempest_frontier@fdc1e1f,tempest_frontier,fdc1e1f,vault,official,1,0,rating,b,b,0.0,core_destroyed,41,,313,140,7,4,44,160,15,6,ok,,4.279,n-62-21-24,29004605,2026-08-02T16:57:39+0200
a0deade3c74a6ca8,auto-7202408d73d7,tempest@da3fd8a,tempest,da3fd8a,janus@8a1e7a1,janus,8a1e7a1,bridge,official,1,0,rating,b,b,0.0,core_destroyed,49,,310,0,4,5,77,200,10,17,ok,,3.497,n-62-12-2,29004605,2026-08-02T16:57:33+0200
a0f357238149f50e,auto-7202408d73d7,frontier_v2@9713344,frontier_v2,9713344,janus@8a1e7a1,janus,8a1e7a1,jackpot,official,1,0,rating,b,b,0.0,core_destroyed,38,,142,0,7,3,60,150,7,8,ok,,3.343,n-62-29-24,29004605,2026-08-02T16:57:16+0200
a1173ac73c4ac9c4,auto-7202408d73d7,e9cand@9e77076,e9cand,9e77076,janus@8a1e7a1,janus,8a1e7a1,vault,official,1,0,rating,b,b,0.0,core_destroyed,49,,93,0,12,2,277,200,9,6,ok,,3.946,n-62-21-97,29004605,2026-08-02T16:58:05+0200
a118f84fb62ab2b2,auto-7202408d73d7,vg_v7@9713344,vg_v7,9713344,janus@8a1e7a1,janus,8a1e7a1,strait,official,1,0,rating,b,b,0.0,core_destroyed,44,,95,80,5,7,43,140,9,17,ok,,3.545,n-62-31-4,29004605,2026-08-02T16:59:26+0200
a11c0f1b824af013,auto-7202408d73d7,janus@8a1e7a1,janus,8a1e7a1,opponent_luc@e83a42c,opponent_luc,e83a42c,atoll,official,1,0,rating,a,a,1.0,core_destroyed,46,,223,180,7,15,171,0,7,6,ok,,4.123,n-62-11-50,29004605,2026-08-02T16:57:49+0200
a11dadc6bc264b4e,auto-7202408d73d7,janus@8a1e7a1,janus,8a1e7a1,v233_a@9713344,v233_a,9713344,hive,official,1,0,rating,a,a,1.0,core_destroyed,63,,7,80,11,15,86,0,1,6,ok,,3.778,n-62-28-35,29004605,2026-08-02T16:59:09+0200
a14d8d8023af690b,auto-7202408d73d7,jonbot@9713344,jonbot,9713344,janus@8a1e7a1,janus,8a1e7a1,sweden,official,1,0,rating,b,b,0.0,core_destroyed,65,,338,0,3,0,123,320,14,22,ok,,4.606,n-62-29-9,29004605,2026-08-02T16:57:38+0200
a15e3afc230aa197,auto-7202408d73d7,janus@8a1e7a1,janus,8a1e7a1,opponent_luc@e83a42c,opponent_luc,e83a42c,jackpot,official,1,0,rating,a,a,1.0,core_destroyed,50,,122,210,7,8,620,0,0,0,ok,,2.725,n-62-11-51,29004605,2026-08-02T16:57:09+0200
a1a3c460579e0359,auto-7202408d73d7,jonbot@9713344,jonbot,9713344,janus@8a1e7a1,janus,8a1e7a1,strait,official,1,0,rating,b,b,0.0,core_destroyed,38,,247,0,6,0,40,110,10,16,ok,,3.289,n-62-29-9,29004605,2026-08-02T16:57:14+0200
a1b5238435abf8eb,auto-7202408d73d7,uw_v1@9713344,uw_v1,9713344,janus@8a1e7a1,janus,8a1e7a1,jackpot,official,1,0,rating,b,b,0.0,titanium_collected,1000,,2867,690,12,5,7297,7080,20,23,ok,,26.47,n-62-21-97,29004605,2026-08-02T16:59:07+0200
a1eb9cce27b7cffc,auto-7202408d73d7,janus@8a1e7a1,janus,8a1e7a1,mistral@ba943b9,mistral,ba943b9,sprint,official,1,0,rating,a,a,1.0,core_destroyed,23,,60,0,7,7,92,0,9,0,ok,,3.509,n-62-31-19,29004605,2026-08-02T16:57:53+0200
a1ffe03bbfb63bea,auto-7202408d73d7,vanguard_oracle@75591b7,vanguard_oracle,75591b7,janus@8a1e7a1,janus,8a1e7a1,fjord,official,1,0,rating,b,b,0.0,core_destroyed,35,,108,140,8,5,12,180,12,11,ok,,4.052,n-62-31-7,29004605,2026-08-02T16:59:33+0200
a21a4b98300061c8,auto-7202408d73d7,janus@8a1e7a1,janus,8a1e7a1,uw_v2@9713344,uw_v2,9713344,duel,official,1,0,rating,a,a,1.0,core_destroyed,95,,294,720,12,26,60,300,6,10,ok,,5.114,n-62-21-99,29004605,2026-08-02T16:58:26+0200
a224757f53a25cbc,auto-7202408d73d7,vg_v3@9713344,vg_v3,9713344,janus@8a1e7a1,janus,8a1e7a1,string,official,1,0,rating,b,b,0.0,core_destroyed,77,,104,0,2,2,109,460,10,18,ok,,4.058,n-62-12-5,29004605,2026-08-02T16:58:44+0200
a235976751e130f2,auto-7202408d73d7,jonbot@da3fd8a,jonbot,da3fd8a,janus@8a1e7a1,janus,8a1e7a1,quarry,official,1,0,rating,b,b,0.0,core_destroyed,64,,222,110,5,22,33,80,9,21,ok,,3.244,n-62-29-31,29004605,2026-08-02T16:58:10+0200
a2385787af64c804,auto-7202408d73d7,janus@8a1e7a1,janus,8a1e7a1,vigil@18b749d,vigil,18b749d,atoll,official,1,0,rating,b,b,0.0,core_destroyed,30,,246,90,6,6,13,100,11,10,ok,,3.386,n-62-31-5,29004605,2026-08-02T16:58:35+0200
a244e0a7503f1e25,auto-7202408d73d7,prospect_rushonly@bf9b3e3,prospect_rushonly,bf9b3e3,janus@8a1e7a1,janus,8a1e7a1,strait,official,1,0,rating,a,a,1.0,core_destroyed,47,,13,100,9,6,48,150,9,13,ok,,4.239,n-62-11-53,29004605,2026-08-02T16:57:11+0200
a261d6994bfba75a,auto-7202408d73d7,janus@8a1e7a1,janus,8a1e7a1,tempest_reinforcements@e1dc316,tempest_reinforcements,e1dc316,fjord,official,1,0,rating,a,a,1.0,core_destroyed,47,,9,190,12,6,19,70,12,3,ok,,5.791,n-62-21-66,29004605,2026-08-02T16:57:01+0200
a26d1e0f966095e9,auto-7202408d73d7,janus@8a1e7a1,janus,8a1e7a1,tempest_outer@fdc1e1f,tempest_outer,fdc1e1f,sprint,official,1,0,rating,b,b,0.0,core_destroyed,24,,82,10,6,3,13,30,11,7,ok,,6.035,n-62-13-9,29004605,2026-08-02T16:57:15+0200
a26fa74315de5f24,auto-7202408d73d7,tempest_sentinel@fdc1e1f,tempest_sentinel,fdc1e1f,janus@8a1e7a1,janus,8a1e7a1,atoll,official,1,0,rating,b,b,0.0,core_destroyed,35,,57,0,7,2,8,90,11,6,ok,,3.537,n-62-21-69,29004605,2026-08-02T16:58:10+0200
a2937fdc87aa51a9,auto-7202408d73d7,janus@8a1e7a1,janus,8a1e7a1,vanguard_oracle@902be71,vanguard_oracle,902be71,skerry,official,1,0,rating,a,a,1.0,titanium_collected,44,,113,220,7,10,108,180,12,5,ok,,4.285,n-62-11-56,29004605,2026-08-02T16:59:00+0200
a2a3f0772f9a8aec,auto-7202408d73d7,janus@8a1e7a1,janus,8a1e7a1,casemate@902be71,casemate,902be71,pinch,official,1,0,rating,a,a,1.0,core_destroyed,51,,47,140,8,19,20,0,5,15,ok,,3.32,n-62-11-61,29004605,2026-08-02T16:57:13+0200
a2a47589271c14f8,auto-7202408d73d7,janus@8a1e7a1,janus,8a1e7a1,vg_v1@9713344,vg_v1,9713344,jackpot,official,1,0,rating,a,a,1.0,core_destroyed,58,,60,250,10,8,88,0,3,0,ok,,4.352,n-62-11-55,29004605,2026-08-02T16:58:27+0200
a2a95abd50aab8d9,auto-7202408d73d7,vg_v2@9713344,vg_v2,9713344,janus@8a1e7a1,janus,8a1e7a1,bridge,official,1,0,rating,b,b,0.0,core_destroyed,137,,331,340,9,11,440,860,16,17,ok,,5.623,n-62-21-91,29004605,2026-08-02T16:59:28+0200
a2bd9c17b7e75879,auto-7202408d73d7,janus@8a1e7a1,janus,8a1e7a1,e9cand@9e77076,e9cand,9e77076,vase,official,1,0,rating,a,a,1.0,core_destroyed,47,,160,80,9,7,71,0,11,0,ok,,3.929,n-62-21-97,29004605,2026-08-02T16:57:54+0200
a2cd7d9eda4ddf8f,auto-7202408d73d7,janus@8a1e7a1,janus,8a1e7a1,vanguard@da3fd8a,vanguard,da3fd8a,vase,official,1,0,rating,b,b,0.0,core_destroyed,63,,90,120,10,6,79,100,9,7,ok,,3.542,n-62-31-15,29004605,2026-08-02T16:59:41+0200
a2ec69ad24e36bfb,auto-7202408d73d7,janus@8a1e7a1,janus,8a1e7a1,autistimusprime@ecd4d24,autistimusprime,ecd4d24,jackpot,official,1,0,rating,a,a,1.0,titanium_collected,1000,,6040,4950,25,21,2550,0,9,1,ok,,17.56,n-62-31-22,29004605,2026-08-02T16:58:16+0200
a2f72aef6ddabf99,auto-7202408d73d7,e_post2@4a95297,e_post2,4a95297,janus@8a1e7a1,janus,8a1e7a1,crossfire,official,1,0,rating,b,b,0.0,core_destroyed,45,,69,0,9,1,23,170,12,14,ok,,3.949,n-62-28-34,29004605,2026-08-02T16:57:40+0200
a31f08356e14418e,auto-7202408d73d7,janus@8a1e7a1,janus,8a1e7a1,v233_d@9713344,v233_d,9713344,longship,official,1,0,rating,a,a,1.0,core_destroyed,69,,31,260,11,22,123,80,7,9,ok,,3.308,n-62-29-28,29004605,2026-08-02T16:59:44+0200
a3242669a1c039b0,auto-7202408d73d7,v233_c@9713344,v233_c,9713344,janus@8a1e7a1,janus,8a1e7a1,quarry,official,1,0,rating,a,a,1.0,core_destroyed,54,,60,140,10,9,106,260,10,17,ok,,4.035,n-62-29-16,29004605,2026-08-02T16:58:23+0200
a34f9f097d0a75cd,auto-7202408d73d7,janus@8a1e7a1,janus,8a1e7a1,jonbot@da3fd8a,jonbot,da3fd8a,strait,official,1,0,rating,a,a,1.0,core_destroyed,57,,7,120,12,10,175,80,5,17,ok,,3.753,n-62-29-32,29004605,2026-08-02T16:57:20+0200
a3630f643989bd02,auto-7202408d73d7,janus@8a1e7a1,janus,8a1e7a1,vg_v4@9713344,vg_v4,9713344,fjord,official,1,0,rating,a,a,1.0,core_destroyed,39,,10,150,13,8,65,0,4,3,ok,,4.011,n-62-12-2,29004605,2026-08-02T16:58:38+0200
a36810434fe65026,auto-7202408d73d7,janus@8a1e7a1,janus,8a1e7a1,undertow_1ac7ac4@da3fd8a,undertow_1ac7ac4,da3fd8a,sweden,official,1,0,rating,a,a,1.0,core_destroyed,133,,373,830,15,22,796,950,10,25,ok,,5.826,n-62-31-9,29004605,2026-08-02T16:58:15+0200
a36a7b957e441b1b,auto-7202408d73d7,tempest_outer@fdc1e1f,tempest_outer,fdc1e1f,janus@8a1e7a1,janus,8a1e7a1,duel,official,1,0,rating,b,b,0.0,core_destroyed,29,,93,0,7,1,19,80,11,7,ok,,6.231,n-62-13-8,29004605,2026-08-02T16:57:18+0200
a36e329cf643833a,auto-7202408d73d7,vanguard_oracle@fdc1e1f,vanguard_oracle,fdc1e1f,janus@8a1e7a1,janus,8a1e7a1,crossfire,official,1,0,rating,b,b,0.0,core_destroyed,27,,110,50,8,3,10,80,11,9,ok,,3.143,n-62-11-57,29004605,2026-08-02T16:59:28+0200
a37283d7486774ff,auto-7202408d73d7,janus@8a1e7a1,janus,8a1e7a1,vg_v5@9713344,vg_v5,9713344,longship,official,1,0,rating,a,a,1.0,core_destroyed,57,,12,180,13,19,80,0,6,7,ok,,3.5,n-62-12-3,29004605,2026-08-02T16:59:35+0200
a37e259eb290de91,auto-7202408d73d7,vg_v5@9713344,vg_v5,9713344,janus@8a1e7a1,janus,8a1e7a1,fjord,official,1,0,rating,b,b,0.0,core_destroyed,38,,111,150,7,9,15,200,12,12,ok,,3.666,n-62-12-3,29004605,2026-08-02T16:58:49+0200
a3a82f338342370a,auto-7202408d73d7,tempest_ferry@26b5aa1,tempest_ferry,26b5aa1,janus@8a1e7a1,janus,8a1e7a1,longship,official,1,0,rating,b,b,0.0,core_destroyed,39,,115,70,7,7,19,120,7,9,ok,,4.141,n-62-21-2,29004605,2026-08-02T16:57:21+0200
a3b5d14baeef2c99,auto-7202408d73d7,autistimusprime@ecd4d24,autistimusprime,ecd4d24,janus@8a1e7a1,janus,8a1e7a1,hive,official,1,0,rating,a,a,1.0,core_destroyed,38,,48,0,9,1,32,70,13,6,ok,,4.286,n-62-31-22,29004605,2026-08-02T16:57:59+0200
a3de8dac29583790,auto-7202408d73d7,janus@8a1e7a1,janus,8a1e7a1,frontier_v1@9713344,frontier_v1,9713344,bridge,official,1,0,rating,a,a,1.0,core_destroyed,42,,75,160,10,17,97,0,9,2,ok,,3.257,n-62-29-14,29004605,2026-08-02T16:57:39+0200
a3e105191602cf8a,auto-7202408d73d7,janus@8a1e7a1,janus,8a1e7a1,gobbleglitch@e808e1d,gobbleglitch,e808e1d,vault,official,1,0,rating,a,a,1.0,titanium_collected,53,,125,210,11,6,6,0,5,12,ok,,3.852,n-62-29-29,29004605,2026-08-02T16:57:40+0200
a3ea44b83e7e48a7,auto-7202408d73d7,v233_g@9713344,v233_g,9713344,janus@8a1e7a1,janus,8a1e7a1,duel,official,1,0,rating,b,b,0.0,core_destroyed,58,,102,250,7,10,120,250,9,17,ok,,3.22,n-62-29-24,29004605,2026-08-02T16:59:30+0200
a3f84d3746a1e563,auto-7202408d73d7,jonbot@da3fd8a,jonbot,da3fd8a,janus@8a1e7a1,janus,8a1e7a1,longship,official,1,0,rating,b,b,0.0,core_destroyed,43,,234,80,5,18,20,140,12,13,ok,,3.795,n-62-29-31,29004605,2026-08-02T16:57:55+0200
a4111568fec1257b,auto-7202408d73d7,janus@8a1e7a1,janus,8a1e7a1,baiter@9713344,baiter,9713344,fjord,official,1,0,rating,a,a,1.0,core_destroyed,39,,10,150,13,8,65,0,4,3,ok,,3.914,n-62-31-23,29004605,2026-08-02T16:58:13+0200
a496bd6d4bd1a3a8,auto-7202408d73d7,v233_c@9713344,v233_c,9713344,janus@8a1e7a1,janus,8a1e7a1,vault,official,1,0,rating,b,b,0.0,core_destroyed,56,,99,40,2,5,173,240,10,10,ok,,3.027,n-62-29-28,29004605,2026-08-02T16:58:23+0200
a4b2ac3fbce8e622,auto-7202408d73d7,janus@8a1e7a1,janus,8a1e7a1,tempest_reinforcements@025dd51,tempest_reinforcements,025dd51,atoll,official,1,0,rating,b,b,0.0,core_destroyed,36,,166,120,8,6,38,80,8,5,ok,,3.681,n-62-12-64,29004605,2026-08-02T16:58:04+0200
a4e0fb6d40c2327d,auto-7202408d73d7,janus@8a1e7a1,janus,8a1e7a1,tempest_outer@fdc1e1f,tempest_outer,fdc1e1f,sweden,official,1,0,rating,a,a,1.0,core_destroyed,76,,175,400,10,22,301,0,5,5,ok,,6.672,n-62-13-9,29004605,2026-08-02T16:57:50+0200
a4e4f04e23bb2baf,auto-7202408d73d7,janus@8a1e7a1,janus,8a1e7a1,vg_v7@9713344,vg_v7,9713344,bridge,official,1,0,rating,a,a,1.0,core_destroyed,70,,78,430,11,28,80,70,5,12,ok,,3.914,n-62-21-12,29004605,2026-08-02T16:58:43+0200
a4f671ada0d6e9f1,auto-7202408d73d7,attack_wave_v1@9713344,attack_wave_v1,9713344,janus@8a1e7a1,janus,8a1e7a1,pinch,official,1,0,rating,b,b,0.0,core_destroyed,35,,137,0,5,4,20,110,11,15,ok,,3.358,n-62-31-4,29004605,2026-08-02T16:58:07+0200
a50b2154ae775903,auto-7202408d73d7,mistral@ba943b9,mistral,ba943b9,janus@8a1e7a1,janus,8a1e7a1,crossfire,official,1,0,rating,b,b,0.0,core_destroyed,21,,185,0,7,0,9,50,10,6,ok,,4.163,n-62-31-16,29004605,2026-08-02T16:57:48+0200
a50f66cdb7da60ef,auto-7202408d73d7,undertow_oracle@75591b7,undertow_oracle,75591b7,janus@8a1e7a1,janus,8a1e7a1,duel,official,1,0,rating,a,a,1.0,core_destroyed,41,,63,140,7,12,108,160,9,10,ok,,3.099,n-62-31-9,29004605,2026-08-02T16:59:43+0200
a51aedb8945c71ea,auto-7202408d73d7,janus@8a1e7a1,janus,8a1e7a1,vanguard@818f3b4,vanguard,818f3b4,longship,official,1,0,rating,a,a,1.0,core_destroyed,32,,18,60,12,12,69,110,9,8,ok,,3.474,n-62-29-34,29004605,2026-08-02T16:58:55+0200
a5270d3570bdea27,auto-7202408d73d7,janus@8a1e7a1,janus,8a1e7a1,vg_v2@9713344,vg_v2,9713344,runestone,official,1,0,rating,a,a,1.0,core_destroyed,35,,8,60,12,13,112,0,5,9,ok,,3.379,n-62-21-89,29004605,2026-08-02T16:59:10+0200
a53232a036d696b0,auto-7202408d73d7,janus@8a1e7a1,janus,8a1e7a1,frontier_v1@9713344,frontier_v1,9713344,string,official,1,0,rating,a,a,1.0,core_destroyed,152,,631,1280,16,11,325,0,9,1,ok,,5.942,n-62-29-18,29004605,2026-08-02T16:57:00+0200
a5baefcbba257f4f,auto-7202408d73d7,claude_challenger_1@fdc1e1f,claude_challenger_1,fdc1e1f,janus@8a1e7a1,janus,8a1e7a1,skerry,official,1,0,rating,b,b,0.0,core_destroyed,39,,154,160,11,5,125,150,10,8,ok,,4.967,n-62-11-68,29004605,2026-08-02T16:58:27+0200
a5d7268bbeedb577,auto-7202408d73d7,e_t4l7@9e77076,e_t4l7,9e77076,janus@8a1e7a1,janus,8a1e7a1,twins,official,1,0,rating,b,b,0.0,core_destroyed,30,,90,120,6,11,33,80,10,14,ok,,2.974,n-62-29-14,29004605,2026-08-02T16:57:08+0200
a5db1977d17668c7,auto-7202408d73d7,e_condc@6db8844,e_condc,6db8844,janus@8a1e7a1,janus,8a1e7a1,twins,official,1,0,rating,b,b,0.0,core_destroyed,39,,117,70,5,10,20,130,11,17,ok,,3.698,n-62-21-99,29004605,2026-08-02T16:57:56+0200
a5db568b324a8366,auto-7202408d73d7,janus@8a1e7a1,janus,8a1e7a1,undertow@9713344,undertow,9713344,twins,official,1,0,rating,a,a,1.0,core_destroyed,55,,18,200,13,13,79,290,5,24,ok,,3.997,n-62-11-60,29004605,2026-08-02T16:59:21+0200
a5ece5093e2de07d,auto-7202408d73d7,janus@8a1e7a1,janus,8a1e7a1,vanguard@818f3b4,vanguard,818f3b4,skerry,official,1,0,rating,a,a,1.0,core_destroyed,52,,47,290,10,11,45,190,13,2,ok,,4.972,n-62-29-34,29004605,2026-08-02T16:59:35+0200
a60061133f1ab2fb,auto-7202408d73d7,vg_v5@9713344,vg_v5,9713344,janus@8a1e7a1,janus,8a1e7a1,atoll,official,1,0,rating,b,b,0.0,core_destroyed,46,,102,100,5,7,71,180,10,12,ok,,3.628,n-62-12-1,29004605,2026-08-02T16:59:41+0200
a602645fda715280,auto-7202408d73d7,vanguard_oracle@902be71,vanguard_oracle,902be71,janus@8a1e7a1,janus,8a1e7a1,crossfire,official,1,0,rating,b,b,0.0,core_destroyed,27,,110,50,8,3,10,80,11,9,ok,,3.5,n-62-11-51,29004605,2026-08-02T16:59:08+0200
a602c98209f7d1bb,auto-7202408d73d7,janus@8a1e7a1,janus,8a1e7a1,undertow_oracle@fdc1e1f,undertow_oracle,fdc1e1f,quarry,official,1,0,rating,b,b,0.0,core_destroyed,74,,121,460,12,32,70,400,10,24,ok,,4.541,n-62-21-103,29004605,2026-08-02T16:59:07+0200
a60ceac44a68f807,auto-7202408d73d7,janus@8a1e7a1,janus,8a1e7a1,tempest_ferry@26b5aa1,tempest_ferry,26b5aa1,longship,official,1,0,rating,a,a,1.0,core_destroyed,32,,20,60,12,12,108,0,10,3,ok,,4.366,n-62-21-2,29004605,2026-08-02T16:57:17+0200
a6300ef6c45bc211,auto-7202408d73d7,janus@8a1e7a1,janus,8a1e7a1,vanguard@da3fd8a,vanguard,da3fd8a,jackpot,official,1,0,rating,a,a,1.0,core_destroyed,62,,94,270,13,8,111,210,12,6,ok,,4.323,n-62-31-8,29004605,2026-08-02T16:59:15+0200
a632b8106bb67279,auto-7202408d73d7,tempest@da3fd8a,tempest,da3fd8a,janus@8a1e7a1,janus,8a1e7a1,fjord,official,1,0,rating,b,b,0.0,core_destroyed,36,,240,0,6,2,23,190,11,11,ok,,5.716,n-62-12-2,29004605,2026-08-02T16:58:02+0200
a63ff4575e038224,auto-7202408d73d7,janus@8a1e7a1,janus,8a1e7a1,claude_challenger_1@fdc1e1f,claude_challenger_1,fdc1e1f,aurora,official,1,0,rating,a,a,1.0,core_destroyed,48,,42,100,12,11,34,0,12,2,ok,,7.429,n-62-11-66,29004605,2026-08-02T16:58:04+0200
a65492b7e72e4137,auto-7202408d73d7,janus@8a1e7a1,janus,8a1e7a1,e_t4l7@9e77076,e_t4l7,9e77076,showdown,official,1,0,rating,a,a,1.0,core_destroyed,41,,26,90,9,17,10,0,6,13,ok,,2.755,n-62-29-13,29004605,2026-08-02T16:57:31+0200
a6614e165041bc18,auto-7202408d73d7,janus@8a1e7a1,janus,8a1e7a1,tempest_sentinel@fdc1e1f,tempest_sentinel,fdc1e1f,crossfire,official,1,0,rating,a,a,1.0,core_destroyed,25,,10,70,11,8,93,50,6,4,ok,,3.869,n-62-21-71,29004605,2026-08-02T16:56:59+0200
a665b6f7681c7776,auto-7202408d73d7,vanguard@818f3b4,vanguard,818f3b4,janus@8a1e7a1,janus,8a1e7a1,string,official,1,0,rating,b,b,0.0,core_destroyed,61,,78,40,7,5,106,140,10,3,ok,,3.405,n-62-29-5,29004605,2026-08-02T16:58:42+0200
a667691b6a2e9c39,auto-7202408d73d7,v233_a@9713344,v233_a,9713344,janus@8a1e7a1,janus,8a1e7a1,skerry,official,1,0,rating,b,b,0.0,core_destroyed,40,,65,0,7,4,99,200,10,14,ok,,3.133,n-62-28-28,29004605,2026-08-02T16:58:26+0200
a66790069b9c3658,auto-7202408d73d7,casemate_oracle@902be71,casemate_oracle,902be71,janus@8a1e7a1,janus,8a1e7a1,aurora,official,1,0,rating,b,b,0.0,core_destroyed,53,,138,0,5,13,23,190,12,12,ok,,4.969,n-62-11-64,29004605,2026-08-02T16:58:15+0200
a67e119d7eaf5328,auto-7202408d73d7,autistimusprime@ecd4d24,autistimusprime,ecd4d24,janus@8a1e7a1,janus,8a1e7a1,jackpot,official,1,0,rating,a,a,1.0,core_destroyed,93,,137,0,9,1,61,410,15,7,ok,,4.307,n-62-31-22,29004605,2026-08-02T16:58:21+0200
a68f6bff202a0234,auto-7202408d73d7,frontier_v1@9713344,frontier_v1,9713344,janus@8a1e7a1,janus,8a1e7a1,twins,official,1,0,rating,b,b,0.0,core_destroyed,27,,4,0,10,2,41,70,10,11,ok,,3.428,n-62-29-18,29004605,2026-08-02T16:57:21+0200
a6918ea35673cf9c,auto-7202408d73d7,janus@8a1e7a1,janus,8a1e7a1,vanguard_oracle@902be71,vanguard_oracle,902be71,vault,official,1,0,rating,a,a,1.0,core_destroyed,51,,49,160,11,6,60,200,13,6,ok,,5.443,n-62-11-57,29004605,2026-08-02T16:58:36+0200
a6c1d466b9fec67c,auto-7202408d73d7,undertow@da3fd8a,undertow,da3fd8a,janus@8a1e7a1,janus,8a1e7a1,fjord,official,1,0,rating,b,b,0.0,core_destroyed,42,,70,250,6,9,23,230,13,12,ok,,3.507,n-62-11-61,29004605,2026-08-02T16:59:01+0200
a6cfa6f6df321200,auto-7202408d73d7,janus@8a1e7a1,janus,8a1e7a1,vigil@bf9b3e3,vigil,bf9b3e3,pinch,official,1,0,rating,b,b,0.0,core_destroyed,24,,187,40,7,4,20,40,8,8,ok,,3.291,n-62-21-15,29004605,2026-08-02T16:58:45+0200
a6ee33325cc1dd71,auto-7202408d73d7,janus@8a1e7a1,janus,8a1e7a1,nemesis@9713344,nemesis,9713344,aurora,official,1,0,rating,a,a,1.0,core_destroyed,47,,20,100,12,11,70,90,7,10,ok,,4.695,n-62-31-7,29004605,2026-08-02T16:57:41+0200
a71c513b9a888ece,auto-7202408d73d7,janus@8a1e7a1,janus,8a1e7a1,tempest_ferry@26b5aa1,tempest_ferry,26b5aa1,duel,official,1,0,rating,b,b,0.0,core_destroyed,30,,52,70,5,4,58,60,9,5,ok,,3.929,n-62-21-13,29004605,2026-08-02T16:58:03+0200
a751bfea2d2bbe84,auto-7202408d73d7,tempest_reinforcements@e1dc316,tempest_reinforcements,e1dc316,janus@8a1e7a1,janus,8a1e7a1,string,official,1,0,rating,b,b,0.0,core_destroyed,98,,58,30,12,5,107,70,2,3,ok,,4.398,n-62-21-67,29004605,2026-08-02T16:57:15+0200
a7bc89980073744e,auto-7202408d73d7,autistimusprime@ecd4d24,autistimusprime,ecd4d24,janus@8a1e7a1,janus,8a1e7a1,atoll,official,1,0,rating,a,a,1.0,core_destroyed,26,,41,0,12,1,190,50,8,5,ok,,3.418,n-62-31-22,29004605,2026-08-02T16:57:07+0200
a7f30c1f475190bb,auto-7202408d73d7,janus@8a1e7a1,janus,8a1e7a1,siege_v2@9713344,siege_v2,9713344,duel,official,1,0,rating,a,a,1.0,core_destroyed,34,,60,130,10,13,193,0,5,3,ok,,2.755,n-62-12-5,29004605,2026-08-02T16:57:23+0200
a80aae5940555a69,auto-7202408d73d7,janus@8a1e7a1,janus,8a1e7a1,mistral@ba943b9,mistral,ba943b9,pinch,official,1,0,rating,b,b,0.0,core_destroyed,26,,143,40,9,6,36,0,11,1,ok,,4.486,n-62-31-19,29004605,2026-08-02T16:56:59+0200
a81258152b17c3f6,auto-7202408d73d7,reaver@9713344,reaver,9713344,janus@8a1e7a1,janus,8a1e7a1,quarry,official,1,0,rating,b,b,0.0,core_destroyed,71,,70,110,7,7,70,440,9,25,ok,,3.949,n-62-11-59,29004605,2026-08-02T16:57:59+0200
a81cdad4df3ff0c2,auto-7202408d73d7,janus@8a1e7a1,janus,8a1e7a1,jonbot@da3fd8a,jonbot,da3fd8a,showdown,official,1,0,rating,a,a,1.0,core_destroyed,48,,29,0,5,7,10,0,8,10,ok,,3.654,n-62-29-32,29004605,2026-08-02T16:56:58+0200
a8277ae9aca678fb,auto-7202408d73d7,janus@8a1e7a1,janus,8a1e7a1,jonbot@9713344,jonbot,9713344,crossfire,official,1,0,rating,a,a,1.0,core_destroyed,32,,33,110,11,11,250,0,4,0,ok,,3.223,n-62-29-8,29004605,2026-08-02T16:56:57+0200
a84fc0da44bbb1c0,auto-7202408d73d7,vg_v4@9713344,vg_v4,9713344,janus@8a1e7a1,janus,8a1e7a1,twins,official,1,0,rating,b,b,0.0,core_destroyed,37,,75,70,7,7,8,110,10,15,ok,,3.623,n-62-12-1,29004605,2026-08-02T16:59:13+0200
a8621871a29e573e,auto-7202408d73d7,janus@8a1e7a1,janus,8a1e7a1,jonbot@da3fd8a,jonbot,da3fd8a,atoll,official,1,0,rating,a,a,1.0,core_destroyed,55,,77,140,10,6,136,160,6,18,ok,,3.724,n-62-29-9,29004605,2026-08-02T16:58:03+0200
a872a4cdd17e20b7,auto-7202408d73d7,janus@8a1e7a1,janus,8a1e7a1,autistimusprime@ecd4d24,autistimusprime,ecd4d24,aurora,official,1,0,rating,a,a,1.0,core_destroyed,37,,9,70,14,5,59,70,9,4,ok,,4.367,n-62-31-22,29004605,2026-08-02T16:57:11+0200
a883bac82b4bdead,auto-7202408d73d7,janus@8a1e7a1,janus,8a1e7a1,uw_v1@9713344,uw_v1,9713344,jackpot,official,1,0,rating,a,a,1.0,core_destroyed,119,,271,550,10,8,92,120,7,7,ok,,5.275,n-62-21-97,29004605,2026-08-02T16:58:40+0200
a8883b8f1da5cfff,auto-7202408d73d7,autistimusprime@ecd4d24,autistimusprime,ecd4d24,janus@8a1e7a1,janus,8a1e7a1,twins,official,1,0,rating,a,a,1.0,core_destroyed,28,,54,30,9,7,18,70,12,7,ok,,3.483,n-62-31-21,29004605,2026-08-02T16:58:18+0200
a8c8221ef84cd273,auto-7202408d73d7,gobbleglitch@e808e1d,gobbleglitch,e808e1d,janus@8a1e7a1,janus,8a1e7a1,vase,official,1,0,rating,b,b,0.0,core_destroyed,41,,135,0,7,5,60,60,9,7,ok,,3.265,n-62-29-29,29004605,2026-08-02T16:57:36+0200
a939fa18bcd24572,auto-7202408d73d7,janus@8a1e7a1,janus,8a1e7a1,nemesis@9713344,nemesis,9713344,fjord,official,1,0,rating,a,a,1.0,core_destroyed,278,,2996,4010,13,64,111,0,4,11,ok,,6.403,n-62-31-7,29004605,2026-08-02T16:58:23+0200
a93bea006a1c28cc,auto-7202408d73d7,janus@8a1e7a1,janus,8a1e7a1,jonbot_190003d@da3fd8a,jonbot_190003d,da3fd8a,showdown,official,1,0,rating,a,a,1.0,core_destroyed,36,,10,0,9,14,57,30,5,17,ok,,2.869,n-62-29-5,29004605,2026-08-02T16:57:04+0200
a93fbc4e9f6b1b26,auto-7202408d73d7,janus@8a1e7a1,janus,8a1e7a1,mistral@ba943b9,mistral,ba943b9,skerry,official,1,0,rating,a,a,1.0,core_destroyed,39,,113,160,9,7,63,0,11,0,ok,,6.534,n-62-31-19,29004605,2026-08-02T16:57:43+0200
a9416dba492b30a7,auto-7202408d73d7,janus@8a1e7a1,janus,8a1e7a1,claude_challenger_1@fdc1e1f,claude_challenger_1,fdc1e1f,vase,official,1,0,rating,a,a,1.0,core_destroyed,37,,74,50,7,7,590,0,0,0,ok,,2.321,n-62-21-92,29004605,2026-08-02T16:57:31+0200
a94ec5e1b41a4363,auto-7202408d73d7,tempest_fast@eb1f0f3,tempest_fast,eb1f0f3,janus@8a1e7a1,janus,8a1e7a1,vase,official,1,0,rating,a,a,1.0,core_destroyed,37,,87,0,7,6,59,0,6,5,ok,,3.386,n-62-21-13,29004605,2026-08-02T16:57:18+0200
a957da6348645be4,auto-7202408d73d7,janus@8a1e7a1,janus,8a1e7a1,vg_v1@9713344,vg_v1,9713344,fjord,official,1,0,rating,a,a,1.0,core_destroyed,54,,50,320,13,22,86,0,6,2,ok,,3.651,n-62-11-54,29004605,2026-08-02T16:59:27+0200
a9596840a1dbab4f,auto-7202408d73d7,vanguard@da3fd8a,vanguard,da3fd8a,janus@8a1e7a1,janus,8a1e7a1,aurora,official,1,0,rating,b,b,0.0,core_destroyed,41,,84,200,4,21,11,130,12,11,ok,,4.122,n-62-31-8,29004605,2026-08-02T16:58:29+0200
a95d4879312dfcb6,auto-7202408d73d7,claude_challenger_3@fdc1e1f,claude_challenger_3,fdc1e1f,janus@8a1e7a1,janus,8a1e7a1,duel,official,1,0,rating,b,b,0.0,core_destroyed,30,,242,60,7,4,77,110,9,10,ok,,3.867,n-62-31-11,29004605,2026-08-02T16:57:17+0200
a9645dbbb81eb9fd,auto-7202408d73d7,casemate@902be71,casemate,902be71,janus@8a1e7a1,janus,8a1e7a1,quarry,official,1,0,rating,b,b,0.0,titanium_collected,1000,,28,0,9,47,11949,11300,8,46,ok,,18.703,n-62-11-61,29004605,2026-08-02T16:57:45+0200
a9832d2a23904701,auto-7202408d73d7,opponent_luc@e83a42c,opponent_luc,e83a42c,janus@8a1e7a1,janus,8a1e7a1,jackpot,official,1,0,rating,b,b,0.0,core_destroyed,39,,590,0,0,0,60,150,9,8,ok,,2.771,n-62-11-51,29004605,2026-08-02T16:57:12+0200
a9a27f88b822250c,auto-7202408d73d7,vanguard_oracle@75591b7,vanguard_oracle,75591b7,janus@8a1e7a1,janus,8a1e7a1,string,official,1,0,rating,b,b,0.0,core_destroyed,61,,78,40,7,5,106,140,10,3,ok,,3.652,n-62-11-50,29004605,2026-08-02T16:59:20+0200
a9a8065161a7e83d,auto-7202408d73d7,tempest_blindfire@fdc1e1f,tempest_blindfire,fdc1e1f,janus@8a1e7a1,janus,8a1e7a1,showdown,official,1,0,rating,a,a,1.0,core_destroyed,19,,9,0,11,6,101,0,7,5,ok,,3.707,n-62-21-4,29004605,2026-08-02T16:57:36+0200
a9a8384dd5b87a08,auto-7202408d73d7,janus@8a1e7a1,janus,8a1e7a1,tempest@da3fd8a,tempest,da3fd8a,twins,official,1,0,rating,b,b,0.0,core_destroyed,28,,124,40,9,3,54,50,11,7,ok,,3.839,n-62-12-3,29004605,2026-08-02T16:58:16+0200
a9a985c9ad3d5d9d,auto-7202408d73d7,janus@8a1e7a1,janus,8a1e7a1,vigil@bf9b3e3,vigil,bf9b3e3,atoll,official,1,0,rating,b,b,0.0,core_destroyed,30,,246,90,6,6,20,100,11,9,ok,,2.858,n-62-31-21,29004605,2026-08-02T16:58:48+0200
a9dcd12f84dd3127,auto-7202408d73d7,vanguard@9932bec,vanguard,9932bec,janus@8a1e7a1,janus,8a1e7a1,jackpot,official,1,0,rating,b,b,0.0,core_destroyed,53,,123,190,11,6,131,230,12,8,ok,,4.054,n-62-30-23,29004605,2026-08-02T16:58:59+0200
a9e51cbb677c3076,auto-7202408d73d7,tempest_reinforcements@e1dc316,tempest_reinforcements,e1dc316,janus@8a1e7a1,janus,8a1e7a1,strait,official,1,0,rating,b,b,0.0,core_destroyed,61,,48,130,12,9,17,230,12,15,ok,,5.468,n-62-21-67,29004605,2026-08-02T16:57:04+0200
aa2b6c8e0a16b748,auto-7202408d73d7,tempest_fast@eb1f0f3,tempest_fast,eb1f0f3,janus@8a1e7a1,janus,8a1e7a1,quarry,official,1,0,rating,b,b,0.0,core_destroyed,71,,187,0,4,0,7,80,8,16,ok,,3.912,n-62-21-12,29004605,2026-08-02T16:57:29+0200
aa8fcd86d7cf7545,auto-7202408d73d7,janus@8a1e7a1,janus,8a1e7a1,v233_f@9713344,v233_f,9713344,atoll,official,1,0,rating,a,a,1.0,core_destroyed,54,,149,170,9,9,50,200,8,21,ok,,3.315,n-62-29-14,29004605,2026-08-02T16:58:57+0200
aaa4e9c38d9a1a57,auto-7202408d73d7,autistimusprime@ecd4d24,autistimusprime,ecd4d24,janus@8a1e7a1,janus,8a1e7a1,string,official,1,0,rating,b,b,0.0,core_destroyed,50,,65,0,7,5,191,120,9,4,ok,,3.449,n-62-31-21,29004605,2026-08-02T16:58:04+0200
aadfa23d3b1cdd06,auto-7202408d73d7,tempest_reinforcements@025dd51,tempest_reinforcements,025dd51,janus@8a1e7a1,janus,8a1e7a1,crossfire,official,1,0,rating,b,b,0.0,core_destroyed,31,,0,60,12,4,20,100,8,11,ok,,3.945,n-62-12-66,29004605,2026-08-02T16:57:19+0200
aae5f2a6e8b7617d,auto-7202408d73d7,janus@8a1e7a1,janus,8a1e7a1,e_final@9e77076,e_final,9e77076,jackpot,official,1,0,rating,a,a,1.0,core_destroyed,202,,187,1220,21,19,108,340,10,19,ok,,6.706,n-62-28-30,29004605,2026-08-02T16:57:53+0200
aae64c4ac4f873b8,auto-7202408d73d7,v233_e@9713344,v233_e,9713344,janus@8a1e7a1,janus,8a1e7a1,aurora,official,1,0,rating,b,b,0.0,titanium_collected,1000,,6687,5280,13,24,10872,9200,7,70,ok,,18.908,n-62-29-31,29004605,2026-08-02T16:59:00+0200
ab25ae7bac739b0e,auto-7202408d73d7,janus@8a1e7a1,janus,8a1e7a1,undertow@fdc1e1f,undertow,fdc1e1f,sprint,official,1,0,rating,a,a,1.0,core_destroyed,47,,17,140,10,18,15,60,6,5,ok,,3.928,n-62-11-66,29004605,2026-08-02T16:59:01+0200
ab309906bb5aba7b,auto-7202408d73d7,v233_c@9713344,v233_c,9713344,janus@8a1e7a1,janus,8a1e7a1,runestone,official,1,0,rating,b,b,0.0,core_destroyed,30,,68,40,7,8,3,40,11,14,ok,,3.623,n-62-29-16,29004605,2026-08-02T16:58:30+0200
ab51f590ed23b0b2,auto-7202408d73d7,tempest_blindfire@fdc1e1f,tempest_blindfire,fdc1e1f,janus@8a1e7a1,janus,8a1e7a1,longship,official,1,0,rating,b,b,0.0,core_destroyed,34,,193,60,7,7,10,90,10,9,ok,,4.021,n-62-21-4,29004605,2026-08-02T16:57:03+0200
ab5f7f693220cde0,auto-7202408d73d7,prospect@bf9b3e3,prospect,bf9b3e3,janus@8a1e7a1,janus,8a1e7a1,duel,official,1,0,rating,b,b,0.0,core_destroyed,81,,275,420,6,11,347,520,9,15,ok,,3.73,n-62-11-52,29004605,2026-08-02T16:58:15+0200
ab850e56801d1a74,auto-7202408d73d7,janus@8a1e7a1,janus,8a1e7a1,tempest_reinforcements@3d5ab38,tempest_reinforcements,3d5ab38,bridge,official,1,0,rating,b,b,0.0,core_destroyed,49,,108,50,8,8,10,0,11,8,ok,,3.732,n-62-21-56,29004605,2026-08-02T16:57:22+0200
ab90841c0a2048b8,auto-7202408d73d7,undertow_oracle@fdc1e1f,undertow_oracle,fdc1e1f,janus@8a1e7a1,janus,8a1e7a1,strait,official,1,0,rating,b,b,0.0,core_destroyed,58,,89,270,8,34,113,190,9,16,ok,,3.984,n-62-21-104,29004605,2026-08-02T16:58:20+0200
ab9fa3680ddc4147,auto-7202408d73d7,janus@8a1e7a1,janus,8a1e7a1,jonbot@da3fd8a,jonbot,da3fd8a,quarry,official,1,0,rating,a,a,1.0,core_destroyed,93,,22,670,10,42,192,50,4,11,ok,,3.914,n-62-29-31,29004605,2026-08-02T16:58:07+0200
abc2d5fa0a74c803,auto-7202408d73d7,janus@8a1e7a1,janus,8a1e7a1,autistimusprime@ecd4d24,autistimusprime,ecd4d24,strait,official,1,0,rating,b,b,0.0,core_destroyed,37,,9,70,12,4,48,0,6,1,ok,,4.931,n-62-31-21,29004605,2026-08-02T16:57:51+0200
abc8fac344dac20f,auto-7202408d73d7,opponent_luc@e83a42c,opponent_luc,e83a42c,janus@8a1e7a1,janus,8a1e7a1,showdown,official,1,0,rating,b,b,0.0,core_destroyed,20,,550,0,0,0,53,0,7,11,ok,,1.896,n-62-11-51,29004605,2026-08-02T16:58:00+0200
abcbdfad58404ec9,auto-7202408d73d7,v233_f@9713344,v233_f,9713344,janus@8a1e7a1,janus,8a1e7a1,vase,official,1,0,rating,b,b,0.0,core_destroyed,36,,88,50,8,11,66,50,9,11,ok,,3.062,n-62-29-24,29004605,2026-08-02T16:58:44+0200
abcf044a2d9241b4,auto-7202408d73d7,vigil@18b749d,vigil,18b749d,janus@8a1e7a1,janus,8a1e7a1,showdown,official,1,0,rating,b,b,0.0,titanium_collected,1000,,10491,8360,4,22,10942,8890,4,25,ok,,5.502,n-62-21-13,29004605,2026-08-02T16:58:58+0200
abd53b139245ef78,auto-7202408d73d7,tempest_reinforcements@3d5ab38,tempest_reinforcements,3d5ab38,janus@8a1e7a1,janus,8a1e7a1,atoll,official,1,0,rating,a,a,1.0,core_destroyed,32,,26,70,11,6,287,100,5,6,ok,,3.428,n-62-21-56,29004605,2026-08-02T16:57:09+0200
abe003effad18446,auto-7202408d73d7,reaver@9713344,reaver,9713344,janus@8a1e7a1,janus,8a1e7a1,longship,official,1,0,rating,b,b,0.0,core_destroyed,43,,124,80,6,7,12,140,12,13,ok,,3.955,n-62-11-59,29004605,2026-08-02T16:57:44+0200
abe50a25260a1d57,auto-7202408d73d7,autistimusprime@ecd4d24,autistimusprime,ecd4d24,janus@8a1e7a1,janus,8a1e7a1,crossfire,official,1,0,rating,b,b,0.0,core_destroyed,104,,53,0,3,1,142,690,12,32,ok,,4.046,n-62-31-22,29004605,2026-08-02T16:57:35+0200
ac07d41e30b7b268,auto-7202408d73d7,janus@8a1e7a1,janus,8a1e7a1,uw_v2@9713344,uw_v2,9713344,runestone,official,1,0,rating,a,a,1.0,core_destroyed,33,,10,50,11,13,93,100,5,12,ok,,3.448,n-62-21-99,29004605,2026-08-02T16:59:40+0200
ac0ceed1ab0ca9eb,auto-7202408d73d7,janus@8a1e7a1,janus,8a1e7a1,claude_challenger_3@fdc1e1f,claude_challenger_3,fdc1e1f,fjord,official,1,0,rating,a,a,1.0,core_destroyed,39,,40,190,11,9,212,160,8,6,ok,,5.053,n-62-31-11,29004605,2026-08-02T16:57:22+0200
ac0e881fc3fe2020,auto-7202408d73d7,janus@8a1e7a1,janus,8a1e7a1,tempest_blindfire@fdc1e1f,tempest_blindfire,fdc1e1f,jackpot,official,1,0,rating,a,a,1.0,core_destroyed,51,,60,210,12,8,205,60,7,5,ok,,4.436,n-62-12-4,29004605,2026-08-02T16:58:17+0200
ac1c8a1006b04270,auto-7202408d73d7,undertow@9713344,undertow,9713344,janus@8a1e7a1,janus,8a1e7a1,sprint,official,1,0,rating,b,b,0.0,core_destroyed,34,,56,0,9,4,63,160,8,20,ok,,2.777,n-62-11-60,29004605,2026-08-02T16:58:41+0200
ac26b696cd6282ba,auto-7202408d73d7,v233_c@9713344,v233_c,9713344,janus@8a1e7a1,janus,8a1e7a1,fjord,official,1,0,rating,b,b,0.0,core_destroyed,42,,95,170,5,7,12,230,13,12,ok,,3.746,n-62-29-20,29004605,2026-08-02T16:59:15+0200
ac29a173bf69ca2b,auto-7202408d73d7,tempest_oracle_ferry@fdc1e1f,tempest_oracle_ferry,fdc1e1f,janus@8a1e7a1,janus,8a1e7a1,duel,official,1,0,rating,a,a,1.0,core_destroyed,40,,118,0,3,2,36,110,8,8,ok,,3.28,n-62-13-7,29004605,2026-08-02T16:57:02+0200
ac65f46d9764537c,auto-7202408d73d7,tempest_reinforcements@51ad530,tempest_reinforcements,51ad530,janus@8a1e7a1,janus,8a1e7a1,twins,official,1,0,rating,a,a,1.0,core_destroyed,31,,32,60,10,5,36,50,10,6,ok,,4.903,n-62-21-61,29004605,2026-08-02T16:57:05+0200
ac7b8494b8252430,auto-7202408d73d7,janus@8a1e7a1,janus,8a1e7a1,jonbot@da3fd8a,jonbot,da3fd8a,string,official,1,0,rating,a,a,1.0,core_destroyed,53,,256,390,8,11,406,250,4,17,ok,,3.102,n-62-29-32,29004605,2026-08-02T16:57:27+0200
acc7ad5fc2292aa0,auto-7202408d73d7,e_post2@4a95297,e_post2,4a95297,janus@8a1e7a1,janus,8a1e7a1,hive,official,1,0,rating,b,b,0.0,core_destroyed,52,,109,0,11,1,80,160,9,20,ok,,3.726,n-62-28-34,29004605,2026-08-02T16:58:03+0200
acf7ab46c67c3400,auto-7202408d73d7,janus@8a1e7a1,janus,8a1e7a1,undertow_oracle@75591b7,undertow_oracle,75591b7,string,official,1,0,rating,a,a,1.0,titanium_collected,1000,,11666,9860,14,11,7313,4960,9,6,ok,,17.921,n-62-31-11,29004605,2026-08-02T16:58:29+0200
ad0ebb4c7043f465,auto-7202408d73d7,janus@8a1e7a1,janus,8a1e7a1,vanguard@9932bec,vanguard,9932bec,aurora,official,1,0,rating,a,a,1.0,core_destroyed,49,,10,100,12,11,128,160,10,7,ok,,3.914,n-62-29-5,29004605,2026-08-02T16:59:24+0200
ad20ebbdb17ee81c,auto-7202408d73d7,janus@8a1e7a1,janus,8a1e7a1,attack_wave_v1@9713344,attack_wave_v1,9713344,sweden,official,1,0,rating,a,a,1.0,core_destroyed,67,,132,330,13,22,258,0,5,3,ok,,3.985,n-62-31-5,29004605,2026-08-02T16:57:48+0200
ad553b4d72b1b42f,auto-7202408d73d7,janus@8a1e7a1,janus,8a1e7a1,vg_v4@9713344,vg_v4,9713344,runestone,official,1,0,rating,a,a,1.0,core_destroyed,35,,8,60,12,13,112,0,5,9,ok,,3.581,n-62-12-2,29004605,2026-08-02T16:59:30+0200
ad5c037fa81eb73e,auto-7202408d73d7,janus@8a1e7a1,janus,8a1e7a1,gobbleglitch@e808e1d,gobbleglitch,e808e1d,string,official,1,0,rating,a,a,1.0,core_destroyed,52,,73,300,11,11,30,0,5,8,ok,,3.599,n-62-29-29,29004605,2026-08-02T16:57:12+0200
ad65238263e18b2f,auto-7202408d73d7,janus@8a1e7a1,janus,8a1e7a1,e_t4l7@9e77076,e_t4l7,9e77076,jackpot,official,1,0,rating,a,a,1.0,core_destroyed,136,,206,630,9,22,65,570,7,45,ok,,4.67,n-62-29-13,29004605,2026-08-02T16:56:59+0200
ad684b7495cd2447,auto-7202408d73d7,janus@8a1e7a1,janus,8a1e7a1,v233_a@9713344,v233_a,9713344,longship,official,1,0,rating,a,a,1.0,core_destroyed,56,,20,170,13,18,78,0,7,8,ok,,3.666,n-62-28-35,29004605,2026-08-02T16:59:44+0200
ad7806865c6dca27,auto-7202408d73d7,janus@8a1e7a1,janus,8a1e7a1,undertow@da3fd8a,undertow,da3fd8a,showdown,official,1,0,rating,a,a,1.0,core_destroyed,29,,36,0,9,8,23,0,7,3,ok,,3.552,n-62-11-64,29004605,2026-08-02T16:58:34+0200
ad7884e0f2b7568d,auto-7202408d73d7,janus@8a1e7a1,janus,8a1e7a1,undertow_1ac7ac4@da3fd8a,undertow_1ac7ac4,da3fd8a,sprint,official,1,0,rating,a,a,1.0,core_destroyed,47,,17,140,10,19,49,60,5,5,ok,,3.696,n-62-21-92,29004605,2026-08-02T16:59:14+0200
ad7b10602db3f65a,auto-7202408d73d7,janus@8a1e7a1,janus,8a1e7a1,gobbleglitch@e808e1d,gobbleglitch,e808e1d,quarry,official,1,0,rating,b,b,0.0,core_destroyed,36,,62,80,11,10,13,50,9,11,ok,,3.661,n-62-29-28,29004605,2026-08-02T16:57:58+0200
ad7dd8af6b0a09bd,auto-7202408d73d7,janus@8a1e7a1,janus,8a1e7a1,tempest_reinforcements@87724ec,tempest_reinforcements,87724ec,fjord,official,1,0,rating,a,a,1.0,core_destroyed,33,,30,130,12,6,84,70,8,4,ok,,6.893,n-62-21-63,29004605,2026-08-02T16:58:38+0200
ad9906d8437724ee,auto-7202408d73d7,tempest_blindfire@fdc1e1f,tempest_blindfire,fdc1e1f,janus@8a1e7a1,janus,8a1e7a1,quarry,official,1,0,rating,b,b,0.0,core_destroyed,71,,187,0,4,0,7,80,8,16,ok,,4.052,n-62-21-4,29004605,2026-08-02T16:57:20+0200
ada184fb20eed2ec,auto-7202408d73d7,vanguard@c407e79,vanguard,c407e79,janus@8a1e7a1,janus,8a1e7a1,duel,official,1,0,rating,b,b,0.0,core_destroyed,273,,546,1330,13,8,1178,1330,11,7,ok,,7.6,n-62-31-16,29004605,2026-08-02T16:58:49+0200
ada18f0c9e742b6b,auto-7202408d73d7,siege_v2@9713344,siege_v2,9713344,janus@8a1e7a1,janus,8a1e7a1,longship,official,1,0,rating,b,b,0.0,core_destroyed,32,,141,0,5,4,20,80,12,9,ok,,3.142,n-62-12-5,29004605,2026-08-02T16:57:52+0200
ada3fdb68a1f003a,auto-7202408d73d7,janus@8a1e7a1,janus,8a1e7a1,tempest_reinforcements@edf93ad,tempest_reinforcements,edf93ad,crossfire,official,1,0,rating,a,a,1.0,core_destroyed,27,,9,80,10,7,0,50,10,5,ok,,4.58,n-62-21-67,29004605,2026-08-02T16:58:50+0200
adb963067f24f712,auto-7202408d73d7,janus@8a1e7a1,janus,8a1e7a1,tempest_picket@fdc1e1f,tempest_picket,fdc1e1f,skerry,official,1,0,rating,b,b,0.0,core_destroyed,42,,104,170,8,6,19,0,13,2,ok,,4.264,n-62-12-64,29004605,2026-08-02T16:57:06+0200
adc29f1ac3ec67ff,auto-7202408d73d7,janus@8a1e7a1,janus,8a1e7a1,mistral@ba943b9,mistral,ba943b9,longship,official,1,0,rating,a,a,1.0,core_destroyed,32,,20,60,12,12,160,0,9,0,ok,,5.746,n-62-31-16,29004605,2026-08-02T16:58:39+0200
adc817ed34676091,auto-7202408d73d7,janus@8a1e7a1,janus,8a1e7a1,jonbot_190003d@da3fd8a,jonbot_190003d,da3fd8a,string,official,1,0,rating,b,b,0.0,titanium_collected,1000,,8492,7420,13,10,8025,7510,5,16,ok,,10.468,n-62-29-5,29004605,2026-08-02T16:57:39+0200
adcecd9df10b45d7,auto-7202408d73d7,janus@8a1e7a1,janus,8a1e7a1,baiter@9713344,baiter,9713344,atoll,official,1,0,rating,a,a,1.0,core_destroyed,57,,57,230,12,13,122,0,8,5,ok,,5.086,n-62-31-23,29004605,2026-08-02T16:57:20+0200
adddae1e84df3519,auto-7202408d73d7,tempest_reinforcements@3d5ab38,tempest_reinforcements,3d5ab38,janus@8a1e7a1,janus,8a1e7a1,sweden,official,1,0,rating,a,a,1.0,core_destroyed,66,,10,0,10,8,87,120,5,14,ok,,4.366,n-62-21-57,29004605,2026-08-02T16:58:11+0200
adf9a5da46f93fec,auto-7202408d73d7,tempest_blindfire@fdc1e1f,tempest_blindfire,fdc1e1f,janus@8a1e7a1,janus,8a1e7a1,hive,official,1,0,rating,b,b,0.0,core_destroyed,42,,220,80,8,10,10,80,10,16,ok,,3.803,n-62-12-4,29004605,2026-08-02T16:58:13+0200
ae128f9071be3814,auto-7202408d73d7,janus@8a1e7a1,janus,8a1e7a1,baiter@9713344,baiter,9713344,crossfire,official,1,0,rating,a,a,1.0,core_destroyed,35,,13,120,11,11,88,0,4,3,ok,,4.184,n-62-31-23,29004605,2026-08-02T16:57:55+0200
ae32d926d25b49d0,auto-7202408d73d7,janus@8a1e7a1,janus,8a1e7a1,tempest_reinforcements@65ddc55,tempest_reinforcements,65ddc55,quarry,official,1,0,rating,a,a,1.0,core_destroyed,50,,16,190,12,24,8,0,9,5,ok,,4.548,n-62-21-62,29004605,2026-08-02T16:57:27+0200
ae37fe5baa0f1e3b,auto-7202408d73d7,vigil@1b5f3d1,vigil,1b5f3d1,janus@8a1e7a1,janus,8a1e7a1,crossfire,official,1,0,rating,b,b,0.0,core_destroyed,37,,65,80,7,8,34,80,8,6,ok,,3.314,n-62-31-22,29004605,2026-08-02T16:59:17+0200
ae4751d008813084,auto-7202408d73d7,prospect@bf9b3e3,prospect,bf9b3e3,janus@8a1e7a1,janus,8a1e7a1,longship,official,1,0,rating,b,b,0.0,titanium_collected,35,,7,60,11,8,13,90,10,8,ok,,4.177,n-62-11-56,29004605,2026-08-02T16:57:36+0200
ae6bb47a4270dbda,auto-7202408d73d7,vigil@1b5f3d1,vigil,1b5f3d1,janus@8a1e7a1,janus,8a1e7a1,atoll,official,1,0,rating,a,a,1.0,core_destroyed,29,,7,90,11,11,310,90,4,6,ok,,2.741,n-62-31-22,29004605,2026-08-02T16:58:44+0200
ae7435ca207a0a70,auto-7202408d73d7,janus@8a1e7a1,janus,8a1e7a1,tempest_outer@fdc1e1f,tempest_outer,fdc1e1f,atoll,official,1,0,rating,b,b,0.0,core_destroyed,31,,138,90,9,4,18,60,11,6,ok,,3.726,n-62-13-6,29004605,2026-08-02T16:57:51+0200
ae7766ca374940a1,auto-7202408d73d7,tempest_oracle_ferry@fdc1e1f,tempest_oracle_ferry,fdc1e1f,janus@8a1e7a1,janus,8a1e7a1,crossfire,official,1,0,rating,b,b,0.0,core_destroyed,24,,143,0,8,2,23,70,10,7,ok,,3.706,n-62-21-24,29004605,2026-08-02T16:58:16+0200
ae7b858d3e303d5d,auto-7202408d73d7,janus@8a1e7a1,janus,8a1e7a1,v233_a@9713344,v233_a,9713344,vase,official,1,0,rating,a,a,1.0,core_destroyed,60,,290,110,6,9,255,0,6,1,ok,,2.419,n-62-28-28,29004605,2026-08-02T16:59:42+0200
ae97c104f460755b,auto-7202408d73d7,tempest_reinforcements@025dd51,tempest_reinforcements,025dd51,janus@8a1e7a1,janus,8a1e7a1,duel,official,1,0,rating,b,b,0.0,core_destroyed,39,,19,90,9,3,15,150,10,11,ok,,3.6,n-62-12-66,29004605,2026-08-02T16:57:27+0200
ae98064e3e51e7cf,auto-7202408d73d7,v233_g@9713344,v233_g,9713344,janus@8a1e7a1,janus,8a1e7a1,string,official,1,0,rating,b,b,0.0,core_destroyed,156,,424,740,6,7,530,380,10,4,ok,,4.948,n-62-29-29,29004605,2026-08-02T16:58:26+0200
ae9f9351ea3c790f,auto-7202408d73d7,vanguard@c407e79,vanguard,c407e79,janus@8a1e7a1,janus,8a1e7a1,twins,official,1,0,rating,b,b,0.0,core_destroyed,54,,36,200,6,9,4,70,10,6,ok,,4.363,n-62-31-19,29004605,2026-08-02T16:59:32+0200
ae9fd4e6c976e543,auto-7202408d73d7,tempest_oracle_ferry@fdc1e1f,tempest_oracle_ferry,fdc1e1f,janus@8a1e7a1,janus,8a1e7a1,aurora,official,1,0,rating,b,b,0.0,core_destroyed,44,,13,0,14,3,29,150,8,11,ok,,5.251,n-62-21-24,29004605,2026-08-02T16:58:02+0200
aec6b21147eaa017,auto-7202408d73d7,janus@8a1e7a1,janus,8a1e7a1,claude_challenger_2@fdc1e1f,claude_challenger_2,fdc1e1f,strait,official,1,0,rating,a,a,1.0,core_destroyed,45,,32,130,11,16,9,0,10,5,ok,,5.73,n-62-31-10,29004605,2026-08-02T16:57:09+0200
aec6e1882ab09df6,auto-7202408d73d7,janus@8a1e7a1,janus,8a1e7a1,vanguard_oracle@902be71,vanguard_oracle,902be71,pinch,official,1,0,rating,b,b,0.0,core_destroyed,43,,1,130,13,8,41,150,9,10,ok,,4.242,n-62-11-56,29004605,2026-08-02T16:58:26+0200
aeccc808ab720ff3,auto-7202408d73d7,janus@8a1e7a1,janus,8a1e7a1,vg_v1@9713344,vg_v1,9713344,quarry,official,1,0,rating,a,a,1.0,core_destroyed,69,,68,400,11,28,77,80,4,7,ok,,3.759,n-62-11-55,29004605,2026-08-02T16:58:49+0200
aee238c2df78c4ef,auto-7202408d73d7,janus@8a1e7a1,janus,8a1e7a1,baiter@9713344,baiter,9713344,sweden,official,1,0,rating,a,a,1.0,core_destroyed,85,,354,470,10,22,80,100,5,5,ok,,5.039,n-62-31-24,29004605,2026-08-02T16:58:26+0200
aee9d534c214a219,auto-7202408d73d7,janus@8a1e7a1,janus,8a1e7a1,v233_b@9713344,v233_b,9713344,aurora,official,1,0,rating,a,a,1.0,core_destroyed,41,,2,80,13,10,75,80,6,9,ok,,3.665,n-62-28-33,29004605,2026-08-02T16:58:18+0200
aeef4ca73bd8cec1,auto-7202408d73d7,janus@8a1e7a1,janus,8a1e7a1,tempest_sentinel@fdc1e1f,tempest_sentinel,fdc1e1f,quarry,official,1,0,rating,a,a,1.0,core_destroyed,45,,10,100,9,18,144,0,8,5,ok,,3.856,n-62-21-71,29004605,2026-08-02T16:57:53+0200
aef10beb293467d5,auto-7202408d73d7,janus@8a1e7a1,janus,8a1e7a1,vanguard_oracle@fdc1e1f,vanguard_oracle,fdc1e1f,vase,official,1,0,rating,b,b,0.0,core_destroyed,39,,78,50,9,6,72,60,10,7,ok,,3.498,n-62-11-54,29004605,2026-08-02T16:58:35+0200
aef6c7caa12658d9,auto-7202408d73d7,janus@8a1e7a1,janus,8a1e7a1,v233_c@9713344,v233_c,9713344,vase,official,1,0,rating,a,a,1.0,core_destroyed,60,,290,110,6,9,255,0,6,1,ok,,2.677,n-62-29-16,29004605,2026-08-02T16:59:44+0200
af1996580148ba5d,auto-7202408d73d7,tempest_sentinel@fdc1e1f,tempest_sentinel,fdc1e1f,janus@8a1e7a1,janus,8a1e7a1,crossfire,official,1,0,rating,b,b,0.0,core_destroyed,22,,23,0,8,2,20,60,9,7,ok,,3.563,n-62-21-71,29004605,2026-08-02T16:57:02+0200
af338cf49b2bc6df,auto-7202408d73d7,claude_challenger_1@fdc1e1f,claude_challenger_1,fdc1e1f,janus@8a1e7a1,janus,8a1e7a1,pinch,official,1,0,rating,b,b,0.0,core_destroyed,35,,93,0,10,2,27,110,10,15,ok,,5.251,n-62-11-68,29004605,2026-08-02T16:57:48+0200
af3b0ba8a2b8e53c,auto-7202408d73d7,janus@8a1e7a1,janus,8a1e7a1,vanguard@9932bec,vanguard,9932bec,twins,official,1,0,rating,b,b,0.0,core_destroyed,41,,53,80,12,8,58,220,10,11,ok,,4.207,n-62-30-25,29004605,2026-08-02T16:59:09+0200
af56c49a51e78545,auto-7202408d73d7,janus@8a1e7a1,janus,8a1e7a1,tempest_reinforcements@edf93ad,tempest_reinforcements,edf93ad,aurora,official,1,0,rating,a,a,1.0,core_destroyed,37,,37,70,9,7,3,70,12,10,ok,,4.536,n-62-21-67,29004605,2026-08-02T16:58:30+0200
af59618c0f2dbd46,auto-7202408d73d7,janus@8a1e7a1,janus,8a1e7a1,tempest_frontier@fdc1e1f,tempest_frontier,fdc1e1f,jackpot,official,1,0,rating,b,b,0.0,core_destroyed,100,,139,450,14,7,457,230,6,7,ok,,5.063,n-62-21-23,29004605,2026-08-02T16:57:17+0200
af5d089241acdde3,auto-7202408d73d7,jonbot_190003d@da3fd8a,jonbot_190003d,da3fd8a,janus@8a1e7a1,janus,8a1e7a1,crossfire,official,1,0,rating,b,b,0.0,core_destroyed,38,,124,0,7,4,50,140,8,13,ok,,3.264,n-62-29-34,29004605,2026-08-02T16:57:18+0200
af6bdc2ed4cbb553,auto-7202408d73d7,janus@8a1e7a1,janus,8a1e7a1,tempest_reinforcements@3d5ab38,tempest_reinforcements,3d5ab38,atoll,official,1,0,rating,b,b,0.0,core_destroyed,36,,261,120,6,6,26,80,8,6,ok,,3.571,n-62-21-56,29004605,2026-08-02T16:57:05+0200
af88e0d7b3916666,auto-7202408d73d7,vanguard_oracle@fdc1e1f,vanguard_oracle,fdc1e1f,janus@8a1e7a1,janus,8a1e7a1,runestone,official,1,0,rating,b,b,0.0,core_destroyed,28,,68,80,10,10,18,40,10,9,ok,,3.679,n-62-11-52,29004605,2026-08-02T16:58:58+0200
afa739fdde2ba87c,auto-7202408d73d7,janus@8a1e7a1,janus,8a1e7a1,opponent_luc@e83a42c,opponent_luc,e83a42c,quarry,official,1,0,rating,a,a,1.0,core_destroyed,44,,42,160,10,21,278,0,8,0,ok,,5.871,n-62-11-51,29004605,2026-08-02T16:57:38+0200
afb3cef478d04000,auto-7202408d73d7,janus@8a1e7a1,janus,8a1e7a1,nemesis@9713344,nemesis,9713344,duel,official,1,0,rating,a,a,1.0,titanium_collected,1000,,12191,9760,6,19,2484,0,8,16,ok,,9.951,n-62-31-7,29004605,2026-08-02T16:58:12+0200
afb62de32c92f7dd,auto-7202408d73d7,vanguard_oracle@75591b7,vanguard_oracle,75591b7,janus@8a1e7a1,janus,8a1e7a1,runestone,official,1,0,rating,b,b,0.0,core_destroyed,28,,90,80,9,10,18,40,11,9,ok,,3.813,n-62-11-50,29004605,2026-08-02T16:58:37+0200
afbbee4977cb96c8,auto-7202408d73d7,janus@8a1e7a1,janus,8a1e7a1,tempest_fast@eb1f0f3,tempest_fast,eb1f0f3,hive,official,1,0,rating,a,a,1.0,core_destroyed,47,,77,140,11,15,63,0,10,3,ok,,4.632,n-62-21-8,29004605,2026-08-02T16:58:10+0200
afe634acca1558d8,auto-7202408d73d7,nemesis@9713344,nemesis,9713344,janus@8a1e7a1,janus,8a1e7a1,strait,official,1,0,rating,b,b,0.0,core_destroyed,147,,233,340,2,11,582,1290,9,70,ok,,5.42,n-62-31-13,29004605,2026-08-02T16:58:19+0200
aff42cc8896fcf94,auto-7202408d73d7,janus@8a1e7a1,janus,8a1e7a1,vanguard@da3fd8a,vanguard,da3fd8a,sprint,official,1,0,rating,a,a,1.0,core_destroyed,32,,20,60,10,8,113,50,4,6,ok,,3.319,n-62-31-15,29004605,2026-08-02T16:58:49+0200
b01dbd9daa73c304,auto-7202408d73d7,janus@8a1e7a1,janus,8a1e7a1,vanguard_oracle@75591b7,vanguard_oracle,75591b7,atoll,official,1,0,rating,a,a,1.0,core_destroyed,41,,161,150,7,7,59,160,13,6,ok,,4.574,n-62-31-7,29004605,2026-08-02T16:58:25+0200
b02a6301370295ac,auto-7202408d73d7,janus@8a1e7a1,janus,8a1e7a1,prospect@bf9b3e3,prospect,bf9b3e3,skerry,official,1,0,rating,b,b,0.0,core_destroyed,48,,128,250,6,9,67,240,9,11,ok,,3.865,n-62-11-56,29004605,2026-08-02T16:58:13+0200
b02fd3be6850d4ff,auto-7202408d73d7,janus@8a1e7a1,janus,8a1e7a1,casemate_oracle@902be71,casemate_oracle,902be71,aurora,official,1,0,rating,a,a,1.0,core_destroyed,55,,19,120,12,10,29,0,8,14,ok,,5.958,n-62-11-64,29004605,2026-08-02T16:58:09+0200
b06cb38b5c65c8a2,auto-7202408d73d7,e_post2@4a95297,e_post2,4a95297,janus@8a1e7a1,janus,8a1e7a1,jackpot,official,1,0,rating,b,b,0.0,core_destroyed,53,,537,90,2,8,154,230,11,8,ok,,2.665,n-62-28-34,29004605,2026-08-02T16:58:11+0200
b06fe1688ee57854,auto-7202408d73d7,tempest_reinforcements@87724ec,tempest_reinforcements,87724ec,janus@8a1e7a1,janus,8a1e7a1,runestone,official,1,0,rating,b,b,0.0,core_destroyed,28,,24,40,9,6,13,40,9,13,ok,,6.42,n-62-21-64,29004605,2026-08-02T16:58:30+0200
b077036be5e299eb,auto-7202408d73d7,e_condc@6db8844,e_condc,6db8844,janus@8a1e7a1,janus,8a1e7a1,vase,official,1,0,rating,b,b,0.0,core_destroyed,47,,549,0,1,0,100,80,7,7,ok,,2.536,n-62-21-99,29004605,2026-08-02T16:58:02+0200
b077d2500fab7fcc,auto-7202408d73d7,tempest_reinforcements@025dd51,tempest_reinforcements,025dd51,janus@8a1e7a1,janus,8a1e7a1,skerry,official,1,0,rating,a,a,1.0,core_destroyed,65,,0,150,15,5,354,280,7,5,ok,,4.475,n-62-12-67,29004605,2026-08-02T16:57:20+0200
b09f04c6b73465e1,auto-7202408d73d7,janus@8a1e7a1,janus,8a1e7a1,tempest_oracle_ferry@fdc1e1f,tempest_oracle_ferry,fdc1e1f,twins,official,1,0,rating,b,b,0.0,core_destroyed,26,,102,20,9,3,23,0,10,5,ok,,3.759,n-62-13-6,29004605,2026-08-02T16:57:29+0200
b0c0c8a54bae8638,auto-7202408d73d7,janus@8a1e7a1,janus,8a1e7a1,claude_challenger_1@fdc1e1f,claude_challenger_1,fdc1e1f,longship,official,1,0,rating,a,a,1.0,core_destroyed,47,,84,130,9,13,97,90,11,6,ok,,6.185,n-62-11-68,29004605,2026-08-02T16:57:31+0200
b0ca894da0660f7f,auto-7202408d73d7,tempest_reinforcements@edf93ad,tempest_reinforcements,edf93ad,janus@8a1e7a1,janus,8a1e7a1,crossfire,official,1,0,rating,b,b,0.0,core_destroyed,31,,0,60,12,4,20,100,8,11,ok,,4.603,n-62-21-67,29004605,2026-08-02T16:58:55+0200
b0cb9f81846111cc,auto-7202408d73d7,lockin@9713344,lockin,9713344,janus@8a1e7a1,janus,8a1e7a1,sprint,official,1,0,rating,b,b,0.0,core_destroyed,37,,272,0,2,0,46,120,11,12,ok,,3.744,n-62-30-25,29004605,2026-08-02T16:57:43+0200
b0defba927e1767d,auto-7202408d73d7,casemate_oracle@902be71,casemate_oracle,902be71,janus@8a1e7a1,janus,8a1e7a1,crossfire,official,1,0,rating,b,b,0.0,core_destroyed,27,,192,0,5,7,15,80,11,10,ok,,3.202,n-62-11-64,29004605,2026-08-02T16:58:29+0200
b0e6cc2e84ed91bc,auto-7202408d73d7,janus@8a1e7a1,janus,8a1e7a1,casemate_oracle@902be71,casemate_oracle,902be71,longship,official,1,0,rating,a,a,1.0,core_destroyed,53,,47,160,10,13,72,0,7,25,ok,,5.516,n-62-11-65,29004605,2026-08-02T16:57:22+0200
b0e90dd20206c207,auto-7202408d73d7,janus@8a1e7a1,janus,8a1e7a1,tempest_picket@fdc1e1f,tempest_picket,fdc1e1f,sweden,official,1,0,rating,a,a,1.0,core_destroyed,76,,175,400,10,22,264,0,5,5,ok,,4.141,n-62-12-64,29004605,2026-08-02T16:57:36+0200
b0ecd0968ca86227,auto-7202408d73d7,uw_v2@9713344,uw_v2,9713344,janus@8a1e7a1,janus,8a1e7a1,strait,official,1,0,rating,b,b,0.0,core_destroyed,60,,108,210,5,7,48,250,10,20,ok,,4.048,n-62-28-31,29004605,2026-08-02T16:58:46+0200
b0fdfde1d17e561d,auto-7202408d73d7,vanguard@da3fd8a,vanguard,da3fd8a,janus@8a1e7a1,janus,8a1e7a1,string,official,1,0,rating,a,a,1.0,core_destroyed,199,,540,960,17,8,126,180,10,1,ok,,6.838,n-62-31-15,29004605,2026-08-02T16:59:17+0200
b1026b8c1c09fa2e,auto-7202408d73d7,janus@8a1e7a1,janus,8a1e7a1,undertow_1ac7ac4@da3fd8a,undertow_1ac7ac4,da3fd8a,pinch,official,1,0,rating,a,a,1.0,core_destroyed,44,,32,190,11,16,33,170,13,15,ok,,4.432,n-62-21-92,29004605,2026-08-02T16:58:36+0200
b10d3fe527af2d52,auto-7202408d73d7,janus@8a1e7a1,janus,8a1e7a1,tempest_reinforcements@38f9c23,tempest_reinforcements,38f9c23,showdown,official,1,0,rating,a,a,1.0,core_destroyed,26,,59,0,7,5,107,0,7,5,ok,,3.343,n-62-21-54,29004605,2026-08-02T16:57:16+0200
b122f1a05bbcafde,auto-7202408d73d7,janus@8a1e7a1,janus,8a1e7a1,turtle@9713344,turtle,9713344,quarry,official,1,0,rating,a,a,1.0,core_destroyed,189,,1859,2500,11,42,398,810,10,24,ok,,5.618,n-62-31-21,29004605,2026-08-02T16:59:21+0200
b16103bf4aa941f0,auto-7202408d73d7,v233_g@9713344,v233_g,9713344,janus@8a1e7a1,janus,8a1e7a1,longship,official,1,0,rating,b,b,0.0,core_destroyed,48,,131,190,6,14,13,160,11,15,ok,,3.398,n-62-29-27,29004605,2026-08-02T16:58:40+0200
b16593a3f3e285ce,auto-7202408d73d7,prospect_rushonly@bf9b3e3,prospect_rushonly,bf9b3e3,janus@8a1e7a1,janus,8a1e7a1,twins,official,1,0,rating,a,a,1.0,core_destroyed,49,,21,40,11,4,13,170,8,15,ok,,3.771,n-62-11-53,29004605,2026-08-02T16:57:37+0200
b17356553200fcbe,auto-7202408d73d7,janus@8a1e7a1,janus,8a1e7a1,v233_g@9713344,v233_g,9713344,pinch,official,1,0,rating,b,b,0.0,core_destroyed,49,,9,100,12,9,70,220,5,16,ok,,3.735,n-62-29-27,29004605,2026-08-02T16:58:44+0200
b1a90dada6bc1007,auto-7202408d73d7,janus@8a1e7a1,janus,8a1e7a1,mistral_fast@26b5aa1,mistral_fast,26b5aa1,skerry,official,1,0,rating,a,a,1.0,core_destroyed,39,,113,160,9,7,63,0,11,0,ok,,4.297,n-62-31-15,29004605,2026-08-02T16:57:40+0200
b1b3273cbc5adee7,auto-7202408d73d7,janus@8a1e7a1,janus,8a1e7a1,vigil@bf9b3e3,vigil,bf9b3e3,runestone,official,1,0,rating,b,b,0.0,core_destroyed,29,,7,40,11,5,9,40,10,10,ok,,4.057,n-62-21-15,29004605,2026-08-02T16:59:03+0200
b1b85d78236aea9c,auto-7202408d73d7,janus@8a1e7a1,janus,8a1e7a1,opponent_luc@e83a42c,opponent_luc,e83a42c,skerry,official,1,0,rating,a,a,1.0,core_destroyed,39,,153,180,9,10,197,160,9,8,ok,,5.186,n-62-11-51,29004605,2026-08-02T16:58:05+0200
b1ba89bb874f84bb,auto-7202408d73d7,janus@8a1e7a1,janus,8a1e7a1,claude_challenger_3@fdc1e1f,claude_challenger_3,fdc1e1f,duel,official,1,0,rating,a,a,1.0,core_destroyed,39,,31,170,11,14,282,80,4,3,ok,,4.237,n-62-31-11,29004605,2026-08-02T16:57:13+0200
b1ca8db117c00c4d,auto-7202408d73d7,janus@8a1e7a1,janus,8a1e7a1,frontier_v1@9713344,frontier_v1,9713344,atoll,official,1,0,rating,a,a,1.0,core_destroyed,37,,133,130,9,11,94,0,9,2,ok,,3.109,n-62-29-14,29004605,2026-08-02T16:57:25+0200
b1cef1aee9b9d293,auto-7202408d73d7,janus@8a1e7a1,janus,8a1e7a1,claude_challenger_1@fdc1e1f,claude_challenger_1,fdc1e1f,duel,official,1,0,rating,a,a,1.0,core_destroyed,39,,31,170,11,14,282,80,4,3,ok,,3.822,n-62-11-66,29004605,2026-08-02T16:58:31+0200
b1d0ab517a83b071,auto-7202408d73d7,turtle@9713344,turtle,9713344,janus@8a1e7a1,janus,8a1e7a1,jackpot,official,1,0,rating,b,b,0.0,core_destroyed,53,,61,0,8,0,80,230,11,8,ok,,3.879,n-62-31-21,29004605,2026-08-02T16:59:01+0200
b1d17f6498b6a24a,auto-7202408d73d7,janus@8a1e7a1,janus,8a1e7a1,casemate@902be71,casemate,902be71,atoll,official,1,0,rating,b,b,0.0,core_destroyed,617,,3542,2500,3,52,100,0,10,55,ok,,9.873,n-62-11-60,29004605,2026-08-02T16:57:36+0200
b1ee5f1a3de68ee7,auto-7202408d73d7,undertow@9713344,undertow,9713344,janus@8a1e7a1,janus,8a1e7a1,skerry,official,1,0,rating,b,b,0.0,core_destroyed,43,,75,260,9,11,128,210,10,12,ok,,3.466,n-62-11-60,29004605,2026-08-02T16:58:35+0200
b201292bd70da68a,auto-7202408d73d7,riptide@9713344,riptide,9713344,janus@8a1e7a1,janus,8a1e7a1,string,official,1,0,rating,b,b,0.0,core_destroyed,84,,64,0,5,2,266,540,8,18,ok,,4.435,n-62-21-89,29004605,2026-08-02T16:57:36+0200
b231194e0c275583,auto-7202408d73d7,tempest_reinforcements@edf93ad,tempest_reinforcements,edf93ad,janus@8a1e7a1,janus,8a1e7a1,runestone,official,1,0,rating,b,b,0.0,core_destroyed,30,,5,40,11,9,18,50,11,7,ok,,4.335,n-62-21-68,29004605,2026-08-02T16:58:17+0200
b2333c05262e25d9,auto-7202408d73d7,janus@8a1e7a1,janus,8a1e7a1,gobbleglitch@e808e1d,gobbleglitch,e808e1d,showdown,official,1,0,rating,b,b,0.0,core_destroyed,21,,135,0,8,6,58,0,10,1,ok,,3.005,n-62-29-28,29004605,2026-08-02T16:58:11+0200
b23555e22a39e366,auto-7202408d73d7,siege_v1@9713344,siege_v1,9713344,janus@8a1e7a1,janus,8a1e7a1,atoll,official,1,0,rating,b,b,0.0,core_destroyed,39,,203,0,6,3,107,140,9,9,ok,,2.944,n-62-21-89,29004605,2026-08-02T16:58:31+0200
b28ee7bee3dcc7e7,auto-7202408d73d7,claude_challenger_1@fdc1e1f,claude_challenger_1,fdc1e1f,janus@8a1e7a1,janus,8a1e7a1,bridge,official,1,0,rating,b,b,0.0,core_destroyed,52,,630,0,0,0,198,250,10,17,ok,,2.14,n-62-11-66,29004605,2026-08-02T16:58:16+0200
b29b5e0bd9b10a5d,auto-7202408d73d7,janus@8a1e7a1,janus,8a1e7a1,v233_f@9713344,v233_f,9713344,crossfire,official,1,0,rating,a,a,1.0,core_destroyed,33,,60,110,9,11,121,130,7,12,ok,,2.802,n-62-29-14,29004605,2026-08-02T16:59:18+0200
b2b3179bccce400b,auto-7202408d73d7,janus@8a1e7a1,janus,8a1e7a1,e_harc@6db8844,e_harc,6db8844,jackpot,official,1,0,rating,a,a,1.0,core_destroyed,533,,2139,3730,19,19,336,840,13,6,ok,,11.767,n-62-28-31,29004605,2026-08-02T16:59:21+0200
b2b55e5cf44d533c,auto-7202408d73d7,janus@8a1e7a1,janus,8a1e7a1,gobbleglitch@e808e1d,gobbleglitch,e808e1d,hive,official,1,0,rating,a,a,1.0,core_destroyed,47,,18,100,12,9,42,60,6,9,ok,,4.165,n-62-29-28,29004605,2026-08-02T16:57:13+0200
b2d403b46b5af600,auto-7202408d73d7,janus@8a1e7a1,janus,8a1e7a1,tempest@da3fd8a,tempest,da3fd8a,runestone,official,1,0,rating,a,a,1.0,core_destroyed,32,,14,50,8,13,141,0,9,4,ok,,5.275,n-62-12-3,29004605,2026-08-02T16:57:18+0200
b30450f57df95aef,auto-7202408d73d7,janus@8a1e7a1,janus,8a1e7a1,vanguard@c407e79,vanguard,c407e79,duel,official,1,0,rating,a,a,1.0,core_destroyed,47,,6,200,10,23,75,180,8,4,ok,,3.686,n-62-31-16,29004605,2026-08-02T16:58:42+0200
b3346d6f5dbca138,auto-7202408d73d7,vigil@1b5f3d1,vigil,1b5f3d1,janus@8a1e7a1,janus,8a1e7a1,vase,official,1,0,rating,a,a,1.0,core_destroyed,41,,16,60,10,7,80,60,5,6,ok,,3.376,n-62-31-21,29004605,2026-08-02T16:58:39+0200
b33cfbcae5e7e31c,auto-7202408d73d7,e_harc@6db8844,e_harc,6db8844,janus@8a1e7a1,janus,8a1e7a1,sweden,official,1,0,rating,b,b,0.0,core_destroyed,68,,765,210,1,10,211,410,11,26,ok,,2.672,n-62-28-33,29004605,2026-08-02T16:58:00+0200
b3428b2ed000a9ee,auto-7202408d73d7,janus@8a1e7a1,janus,8a1e7a1,prospect_rushonly@bf9b3e3,prospect_rushonly,bf9b3e3,crossfire,official,1,0,rating,b,b,0.0,core_destroyed,38,,77,80,6,10,9,80,9,6,ok,,3.615,n-62-11-57,29004605,2026-08-02T16:58:23+0200
b35af6370b01dae0,auto-7202408d73d7,tempest_reinforcements@87724ec,tempest_reinforcements,87724ec,janus@8a1e7a1,janus,8a1e7a1,quarry,official,1,0,rating,a,a,1.0,core_destroyed,46,,22,60,9,4,20,50,11,13,ok,,9.175,n-62-21-64,29004605,2026-08-02T16:58:16+0200
b37bb22ba93a77f3,auto-7202408d73d7,vanguard_oracle@75591b7,vanguard_oracle,75591b7,janus@8a1e7a1,janus,8a1e7a1,showdown,official,1,0,rating,b,b,0.0,core_destroyed,34,,63,0,8,0,14,60,9,16,ok,,3.42,n-62-11-50,29004605,2026-08-02T16:58:45+0200
b386b3abaced48ab,auto-7202408d73d7,jonbot@da3fd8a,jonbot,da3fd8a,janus@8a1e7a1,janus,8a1e7a1,sprint,official,1,0,rating,b,b,0.0,core_destroyed,52,,180,220,7,13,47,90,5,25,ok,,2.996,n-62-29-32,29004605,2026-08-02T16:57:16+0200
b38df55832ee08ac,auto-7202408d73d7,janus@8a1e7a1,janus,8a1e7a1,prospect@bf9b3e3,prospect,bf9b3e3,runestone,official,1,0,rating,b,b,0.0,core_destroyed,26,,8,30,11,5,18,40,11,7,ok,,4.15,n-62-11-56,29004605,2026-08-02T16:57:57+0200
b3b5f828af8ed415,auto-7202408d73d7,janus@8a1e7a1,janus,8a1e7a1,gobbleglitch@e808e1d,gobbleglitch,e808e1d,runestone,official,1,0,rating,a,a,1.0,core_destroyed,29,,3,40,11,12,119,30,8,5,ok,,3.379,n-62-29-28,29004605,2026-08-02T16:58:04+0200
b3b812851c894989,auto-7202408d73d7,janus@8a1e7a1,janus,8a1e7a1,frontier_v2@9713344,frontier_v2,9713344,crossfire,official,1,0,rating,a,a,1.0,core_destroyed,25,,3,70,12,9,66,0,7,4,ok,,3.341,n-62-29-18,29004605,2026-08-02T16:57:59+0200
b3da609b663160e4,auto-7202408d73d7,janus@8a1e7a1,janus,8a1e7a1,vanguard@da3fd8a,vanguard,da3fd8a,duel,official,1,0,rating,a,a,1.0,core_destroyed,55,,123,260,11,20,73,380,11,13,ok,,4.324,n-62-31-8,29004605,2026-08-02T16:58:49+0200
b42710b534ddb426,auto-7202408d73d7,janus@8a1e7a1,janus,8a1e7a1,tempest_reinforcements@e1dc316,tempest_reinforcements,e1dc316,skerry,official,1,0,rating,b,b,0.0,core_destroyed,33,,217,120,8,7,14,70,11,5,ok,,4.204,n-62-21-66,29004605,2026-08-02T16:58:24+0200
b43e4acc300d3c2d,auto-7202408d73d7,janus@8a1e7a1,janus,8a1e7a1,v233_e@9713344,v233_e,9713344,atoll,official,1,0,rating,a,a,1.0,core_destroyed,54,,157,170,8,9,119,240,9,11,ok,,3.743,n-62-29-31,29004605,2026-08-02T16:58:34+0200
b46983b96b235e7c,auto-7202408d73d7,undertow@da3fd8a,undertow,da3fd8a,janus@8a1e7a1,janus,8a1e7a1,showdown,official,1,0,rating,b,b,0.0,core_destroyed,32,,42,0,7,8,38,60,6,17,ok,,2.736,n-62-11-64,29004605,2026-08-02T16:58:37+0200
b4893a0400fe386f,auto-7202408d73d7,e_final@9e77076,e_final,9e77076,janus@8a1e7a1,janus,8a1e7a1,vase,official,1,0,rating,b,b,0.0,core_destroyed,62,,77,120,8,19,271,120,6,7,ok,,3.05,n-62-28-28,29004605,2026-08-02T16:58:08+0200
b490bec08c1dd74c,auto-7202408d73d7,janus@8a1e7a1,janus,8a1e7a1,e_harc@6db8844,e_harc,6db8844,longship,official,1,0,rating,a,a,1.0,core_destroyed,37,,35,70,11,12,56,0,11,0,ok,,3.677,n-62-28-31,29004605,2026-08-02T16:59:28+0200
b4a2c7e36cd32f9e,auto-7202408d73d7,janus@8a1e7a1,janus,8a1e7a1,tempest_reinforcements@38f9c23,tempest_reinforcements,38f9c23,sweden,official,1,0,rating,b,b,0.0,titanium_collected,1000,,6536,5160,16,21,7659,5410,9,14,ok,,26.625,n-62-21-54,29004605,2026-08-02T16:58:31+0200
b4ad53db16766bc9,auto-7202408d73d7,janus@8a1e7a1,janus,8a1e7a1,vanguard@da3fd8a,vanguard,da3fd8a,quarry,official,1,0,rating,a,a,1.0,core_destroyed,54,,60,260,11,23,83,180,6,19,ok,,3.626,n-62-31-8,29004605,2026-08-02T16:59:39+0200
b4b3de5e46df0b78,auto-7202408d73d7,tempest_oracle_ferry@fdc1e1f,tempest_oracle_ferry,fdc1e1f,janus@8a1e7a1,janus,8a1e7a1,bridge,official,1,0,rating,b,b,0.0,core_destroyed,81,,350,0,5,7,202,440,13,15,ok,,3.899,n-62-21-24,29004605,2026-08-02T16:58:09+0200
b4e2e9fe5ea48f66,auto-7202408d73d7,gobbleglitch@e808e1d,gobbleglitch,e808e1d,janus@8a1e7a1,janus,8a1e7a1,vault,official,1,0,rating,b,b,0.0,core_destroyed,49,,32,0,6,0,54,200,11,6,ok,,3.957,n-62-29-29,29004605,2026-08-02T16:57:44+0200
b4e8e4b194a5a7e5,auto-7202408d73d7,riptide@9713344,riptide,9713344,janus@8a1e7a1,janus,8a1e7a1,crossfire,official,1,0,rating,b,b,0.0,core_destroyed,37,,71,40,3,5,9,130,11,14,ok,,4.267,n-62-21-91,29004605,2026-08-02T16:57:46+0200
b4e93d109a674941,auto-7202408d73d7,v233_i@902be71,v233_i,902be71,janus@8a1e7a1,janus,8a1e7a1,strait,official,1,0,rating,b,b,0.0,core_destroyed,34,,51,120,10,8,48,90,11,11,ok,,4.332,n-62-29-32,29004605,2026-08-02T16:58:27+0200
b4ebf66747ab27d4,auto-7202408d73d7,tempest_sentinel@fdc1e1f,tempest_sentinel,fdc1e1f,janus@8a1e7a1,janus,8a1e7a1,string,official,1,0,rating,a,a,1.0,core_destroyed,781,,60,0,8,1,3013,1940,8,3,ok,,6.818,n-62-31-4,29004605,2026-08-02T16:58:34+0200
b4f40173fe81d830,auto-7202408d73d7,janus@8a1e7a1,janus,8a1e7a1,claude_challenger_2@fdc1e1f,claude_challenger_2,fdc1e1f,crossfire,official,1,0,rating,a,a,1.0,core_destroyed,60,,54,250,14,11,30,0,7,4,ok,,6.242,n-62-21-92,29004605,2026-08-02T16:58:20+0200
b4fcd4f28002fd12,auto-7202408d73d7,prospect@bf9b3e3,prospect,bf9b3e3,janus@8a1e7a1,janus,8a1e7a1,quarry,official,1,0,rating,b,b,0.0,core_destroyed,62,,2,110,7,18,69,350,10,21,ok,,4.469,n-62-11-56,29004605,2026-08-02T16:57:53+0200
b50a49413e861df3,auto-7202408d73d7,janus@8a1e7a1,janus,8a1e7a1,baiter@9713344,baiter,9713344,longship,official,1,0,rating,a,a,1.0,core_destroyed,57,,12,180,13,19,80,0,6,7,ok,,5.286,n-62-31-24,29004605,2026-08-02T16:57:00+0200
b511a327fd64c6b0,auto-7202408d73d7,v233_d@9713344,v233_d,9713344,janus@8a1e7a1,janus,8a1e7a1,crossfire,official,1,0,rating,b,b,0.0,core_destroyed,38,,79,80,6,6,16,140,11,13,ok,,3.242,n-62-29-28,29004605,2026-08-02T16:59:11+0200
b52edea1d861ddf8,auto-7202408d73d7,janus@8a1e7a1,janus,8a1e7a1,v233_g@9713344,v233_g,9713344,vase,official,1,0,rating,b,b,0.0,core_destroyed,63,,90,120,10,6,79,100,9,7,ok,,3.285,n-62-29-29,29004605,2026-08-02T16:58:50+0200
b540a0bcd92170ed,auto-7202408d73d7,janus@8a1e7a1,janus,8a1e7a1,v233_f@9713344,v233_f,9713344,fjord,official,1,0,rating,a,a,1.0,core_destroyed,54,,10,320,13,21,84,320,9,8,ok,,3.801,n-62-29-14,29004605,2026-08-02T16:59:31+0200
b54bd220954e5bf6,auto-7202408d73d7,tempest_reinforcements@025dd51,tempest_reinforcements,025dd51,janus@8a1e7a1,janus,8a1e7a1,longship,official,1,0,rating,b,b,0.0,core_destroyed,51,,8,100,13,11,18,180,12,15,ok,,4.403,n-62-12-66,29004605,2026-08-02T16:58:07+0200
b55ca7c832ef444d,auto-7202408d73d7,frontier_v1@9713344,frontier_v1,9713344,janus@8a1e7a1,janus,8a1e7a1,pinch,official,1,0,rating,b,b,0.0,core_destroyed,33,,25,0,8,3,10,80,12,11,ok,,3.946,n-62-29-16,29004605,2026-08-02T16:57:29+0200
b583483c8b0a6c51,auto-7202408d73d7,e_post2@4a95297,e_post2,4a95297,janus@8a1e7a1,janus,8a1e7a1,showdown,official,1,0,rating,b,b,0.0,core_destroyed,28,,59,0,8,10,23,40,9,15,ok,,3.338,n-62-28-35,29004605,2026-08-02T16:57:35+0200
b58ce264fc902947,auto-7202408d73d7,janus@8a1e7a1,janus,8a1e7a1,undertow_oracle@fdc1e1f,undertow_oracle,fdc1e1f,skerry,official,1,0,rating,a,a,1.0,core_destroyed,47,,38,250,10,10,19,280,12,17,ok,,4.841,n-62-21-103,29004605,2026-08-02T16:59:31+0200
b591c352127663f3,auto-7202408d73d7,tempest_outer@fdc1e1f,tempest_outer,fdc1e1f,janus@8a1e7a1,janus,8a1e7a1,longship,official,1,0,rating,b,b,0.0,core_destroyed,34,,193,60,7,7,10,90,10,9,ok,,5.447,n-62-13-8,29004605,2026-08-02T16:58:08+0200
b5a3dc7fb73ab0db,auto-7202408d73d7,tempest_frontier@fdc1e1f,tempest_frontier,fdc1e1f,janus@8a1e7a1,janus,8a1e7a1,aurora,official,1,0,rating,b,b,0.0,core_destroyed,38,,237,0,6,3,10,110,12,11,ok,,3.886,n-62-21-15,29004605,2026-08-02T16:57:52+0200
b5ad17d0bd4cd9e7,auto-7202408d73d7,janus@8a1e7a1,janus,8a1e7a1,vanguard_oracle@902be71,vanguard_oracle,902be71,strait,official,1,0,rating,b,b,0.0,core_destroyed,36,,273,70,6,5,80,140,12,9,ok,,3.398,n-62-11-56,29004605,2026-08-02T16:59:14+0200
b5bd3a112d51851e,auto-7202408d73d7,janus@8a1e7a1,janus,8a1e7a1,vg_v2@9713344,vg_v2,9713344,aurora,official,1,0,rating,a,a,1.0,core_destroyed,52,,18,110,13,11,98,100,4,10,ok,,4.295,n-62-21-91,29004605,2026-08-02T16:59:12+0200
b5c7c52bcf04cef4,auto-7202408d73d7,janus@8a1e7a1,janus,8a1e7a1,mistral@ba943b9,mistral,ba943b9,twins,official,1,0,rating,b,b,0.0,core_destroyed,28,,112,50,9,5,47,0,10,1,ok,,4.211,n-62-31-19,29004605,2026-08-02T16:58:27+0200
b5f67a63aa5bbbac,auto-7202408d73d7,tempest_oracle_ferry@fdc1e1f,tempest_oracle_ferry,fdc1e1f,janus@8a1e7a1,janus,8a1e7a1,pinch,official,1,0,rating,b,b,0.0,core_destroyed,29,,92,0,7,3,31,60,10,11,ok,,3.28,n-62-13-7,29004605,2026-08-02T16:57:41+0200
b62a205fe9f34cbc,auto-7202408d73d7,vg_v3@9713344,vg_v3,9713344,janus@8a1e7a1,janus,8a1e7a1,sprint,official,1,0,rating,b,b,0.0,core_destroyed,33,,117,30,3,4,3,100,9,20,ok,,2.857,n-62-12-6,29004605,2026-08-02T16:59:41+0200
b63389075170c6fd,auto-7202408d73d7,janus@8a1e7a1,janus,8a1e7a1,vigil@bf9b3e3,vigil,bf9b3e3,bridge,official,1,0,rating,b,b,0.0,core_destroyed,39,,74,30,7,8,20,50,11,11,ok,,3.214,n-62-31-21,29004605,2026-08-02T16:59:03+0200
b63b6df8c8f7ceca,auto-7202408d73d7,janus@8a1e7a1,janus,8a1e7a1,mistral@ba943b9,mistral,ba943b9,crossfire,official,1,0,rating,a,a,1.0,core_destroyed,28,,40,90,11,9,294,0,4,0,ok,,4.301,n-62-31-16,29004605,2026-08-02T16:57:44+0200
b643e7271fd6ac15,auto-7202408d73d7,vanguard_oracle@fdc1e1f,vanguard_oracle,fdc1e1f,janus@8a1e7a1,janus,8a1e7a1,strait,official,1,0,rating,b,b,0.0,core_destroyed,45,,35,140,12,8,34,100,11,10,ok,,4.418,n-62-11-52,29004605,2026-08-02T16:59:29+0200
b64911608fab3bdd,auto-7202408d73d7,janus@8a1e7a1,janus,8a1e7a1,uw_v1@9713344,uw_v1,9713344,quarry,official,1,0,rating,a,a,1.0,titanium_collected,1000,,20377,18720,8,42,2264,130,3,13,ok,,15.384,n-62-21-97,29004605,2026-08-02T16:59:37+0200
b65b54be745c1862,auto-7202408d73d7,frontier_v2@9713344,frontier_v2,9713344,janus@8a1e7a1,janus,8a1e7a1,quarry,official,1,0,rating,b,b,0.0,core_destroyed,59,,116,0,8,3,335,280,6,20,ok,,2.772,n-62-29-24,29004605,2026-08-02T16:57:35+0200
b66299972f3367cd,auto-7202408d73d7,janus@8a1e7a1,janus,8a1e7a1,gobbleglitch@e808e1d,gobbleglitch,e808e1d,sweden,official,1,0,rating,b,b,0.0,core_destroyed,36,,56,90,6,25,12,0,9,12,ok,,2.755,n-62-29-29,29004605,2026-08-02T16:57:19+0200
b6861e349ff54b72,auto-7202408d73d7,janus@8a1e7a1,janus,8a1e7a1,v233_d@9713344,v233_d,9713344,string,official,1,0,rating,a,a,1.0,core_destroyed,51,,104,370,10,12,104,0,2,1,ok,,3.474,n-62-29-9,29004605,2026-08-02T16:59:19+0200
b690320f4986a4bf,auto-7202408d73d7,janus@8a1e7a1,janus,8a1e7a1,frontier_v1@9713344,frontier_v1,9713344,jackpot,official,1,0,rating,a,a,1.0,core_destroyed,46,,60,190,13,8,54,0,11,1,ok,,4.806,n-62-29-16,29004605,2026-08-02T16:57:08+0200
b6905184a37b9574,auto-7202408d73d7,janus@8a1e7a1,janus,8a1e7a1,tempest_reinforcements@3d5ab38,tempest_reinforcements,3d5ab38,string,official,1,0,rating,a,a,1.0,core_destroyed,62,,165,220,5,7,60,140,13,6,ok,,4.497,n-62-21-57,29004605,2026-08-02T16:57:58+0200
b6a9b25218791bae,auto-7202408d73d7,janus@8a1e7a1,janus,8a1e7a1,frontier_v2@9713344,frontier_v2,9713344,vase,official,1,0,rating,a,a,1.0,core_destroyed,36,,160,50,8,7,234,0,7,1,ok,,2.694,n-62-29-27,29004605,2026-08-02T16:57:26+0200
b6b1cc5385ec64cb,auto-7202408d73d7,janus@8a1e7a1,janus,8a1e7a1,e_condc@6db8844,e_condc,6db8844,longship,official,1,0,rating,a,a,1.0,core_destroyed,49,,10,100,11,12,69,140,8,16,ok,,3.675,n-62-21-98,29004605,2026-08-02T16:57:54+0200
b6b2c9787b58210d,auto-7202408d73d7,vg_v2@9713344,vg_v2,9713344,janus@8a1e7a1,janus,8a1e7a1,hive,official,1,0,rating,b,b,0.0,core_destroyed,78,,96,170,5,11,117,350,9,33,ok,,4.37,n-62-21-89,29004605,2026-08-02T16:58:33+0200
b6bf43018f3d5c8b,auto-7202408d73d7,janus@8a1e7a1,janus,8a1e7a1,tempest_blindfire@fdc1e1f,tempest_blindfire,fdc1e1f,showdown,official,1,0,rating,b,b,0.0,core_destroyed,21,,120,0,6,5,48,0,8,8,ok,,3.809,n-62-21-4,29004605,2026-08-02T16:57:32+0200
b6d766f4937430bd,auto-7202408d73d7,vg_v2@9713344,vg_v2,9713344,janus@8a1e7a1,janus,8a1e7a1,quarry,official,1,0,rating,b,b,0.0,core_destroyed,66,,83,140,7,7,48,390,9,23,ok,,3.951,n-62-21-89,29004605,2026-08-02T16:59:06+0200
b73a531b94cb8b88,auto-7202408d73d7,janus@8a1e7a1,janus,8a1e7a1,tempest_reinforcements@3d5ab38,tempest_reinforcements,3d5ab38,jackpot,official,1,0,rating,b,b,0.0,core_destroyed,89,,69,390,7,7,15,200,16,7,ok,,6.433,n-62-21-56,29004605,2026-08-02T16:58:10+0200
b73e9b2c75489f65,auto-7202408d73d7,tempest_reinforcements@edf93ad,tempest_reinforcements,edf93ad,janus@8a1e7a1,janus,8a1e7a1,longship,official,1,0,rating,b,b,0.0,core_destroyed,51,,32,100,12,11,18,180,12,15,ok,,5.292,n-62-21-68,29004605,2026-08-02T16:57:49+0200
b769955720473a0c,auto-7202408d73d7,tempest@da3fd8a,tempest,da3fd8a,janus@8a1e7a1,janus,8a1e7a1,crossfire,official,1,0,rating,b,b,0.0,core_destroyed,22,,147,0,8,2,13,60,10,8,ok,,4.259,n-62-12-2,29004605,2026-08-02T16:57:41+0200
b7729f02fa2f665c,auto-7202408d73d7,prospect@bf9b3e3,prospect,bf9b3e3,janus@8a1e7a1,janus,8a1e7a1,strait,official,1,0,rating,a,a,1.0,core_destroyed,47,,13,100,9,6,48,150,9,13,ok,,4.15,n-62-11-57,29004605,2026-08-02T16:57:03+0200
b77b203753d51b19,auto-7202408d73d7,v233_i@902be71,v233_i,902be71,janus@8a1e7a1,janus,8a1e7a1,duel,official,1,0,rating,a,a,1.0,core_destroyed,46,,78,190,8,4,15,190,15,6,ok,,4.037,n-62-29-29,29004605,2026-08-02T16:59:39+0200
b7b08494e6aab84e,auto-7202408d73d7,janus@8a1e7a1,janus,8a1e7a1,casemate_oracle@902be71,casemate_oracle,902be71,fjord,official,1,0,rating,a,a,1.0,core_destroyed,32,,30,110,12,8,162,0,4,19,ok,,3.555,n-62-11-64,29004605,2026-08-02T16:58:40+0200
b7b6d981407e3287,auto-7202408d73d7,prospect_rushonly@bf9b3e3,prospect_rushonly,bf9b3e3,janus@8a1e7a1,janus,8a1e7a1,string,official,1,0,rating,b,b,0.0,core_destroyed,69,,34,100,11,4,59,40,4,2,ok,,4.038,n-62-11-53,29004605,2026-08-02T16:57:19+0200
b7bfb09551130ce7,auto-7202408d73d7,janus@8a1e7a1,janus,8a1e7a1,e_post2@4a95297,e_post2,4a95297,string,official,1,0,rating,a,a,1.0,core_destroyed,53,,137,350,12,11,252,0,5,0,ok,,4.036,n-62-28-35,29004605,2026-08-02T16:58:02+0200
b7e616415f8819b5,auto-7202408d73d7,janus@8a1e7a1,janus,8a1e7a1,claude_challenger_2@fdc1e1f,claude_challenger_2,fdc1e1f,atoll,official,1,0,rating,a,a,1.0,core_destroyed,41,,91,150,10,11,285,0,6,1,ok,,4.366,n-62-21-92,29004605,2026-08-02T16:57:51+0200
b7ead4107a1b4e29,auto-7202408d73d7,v233_f@9713344,v233_f,9713344,janus@8a1e7a1,janus,8a1e7a1,vault,official,1,0,rating,a,a,1.0,core_destroyed,40,,108,170,10,12,315,150,8,5,ok,,3.055,n-62-29-24,29004605,2026-08-02T16:58:51+0200
b813774f274342f2,auto-7202408d73d7,vg_v5@9713344,vg_v5,9713344,janus@8a1e7a1,janus,8a1e7a1,jackpot,official,1,0,rating,b,b,0.0,core_destroyed,57,,102,0,4,0,80,250,10,8,ok,,3.763,n-62-12-3,29004605,2026-08-02T16:59:31+0200
b82591bebe4a9b74,auto-7202408d73d7,janus@8a1e7a1,janus,8a1e7a1,tempest_oracle_ferry@fdc1e1f,tempest_oracle_ferry,fdc1e1f,strait,official,1,0,rating,b,b,0.0,core_destroyed,35,,168,40,8,4,0,0,13,5,ok,,3.775,n-62-13-6,29004605,2026-08-02T16:57:06+0200
b827a0d53f7ce07e,auto-7202408d73d7,janus@8a1e7a1,janus,8a1e7a1,frontier_v1@9713344,frontier_v1,9713344,hive,official,1,0,rating,a,a,1.0,core_destroyed,49,,36,150,11,19,9,0,12,1,ok,,4.336,n-62-29-16,29004605,2026-08-02T16:56:59+0200
b84789eaa1c85b5a,auto-7202408d73d7,tempest_ferry@26b5aa1,tempest_ferry,26b5aa1,janus@8a1e7a1,janus,8a1e7a1,vase,official,1,0,rating,a,a,1.0,core_destroyed,37,,87,0,7,6,59,0,6,5,ok,,3.374,n-62-21-15,29004605,2026-08-02T16:57:26+0200
b84a1ff0d4b7bc47,auto-7202408d73d7,undertow_1ac7ac4@da3fd8a,undertow_1ac7ac4,da3fd8a,janus@8a1e7a1,janus,8a1e7a1,fjord,official,1,0,rating,b,b,0.0,core_destroyed,42,,69,250,6,9,15,230,13,12,ok,,3.808,n-62-11-68,29004605,2026-08-02T16:59:41+0200
b84b1bf39c784d54,auto-7202408d73d7,jonbot@da3fd8a,jonbot,da3fd8a,janus@8a1e7a1,janus,8a1e7a1,jackpot,official,1,0,rating,b,b,0.0,core_destroyed,45,,248,80,7,11,138,190,10,8,ok,,3.299,n-62-29-31,29004605,2026-08-02T16:57:44+0200
b875a0e7ace5013d,auto-7202408d73d7,undertow@da3fd8a,undertow,da3fd8a,janus@8a1e7a1,janus,8a1e7a1,duel,official,1,0,rating,a,a,1.0,core_destroyed,41,,85,130,9,9,84,180,10,12,ok,,2.944,n-62-11-61,29004605,2026-08-02T16:58:54+0200
b8998fa1fcf41248,auto-7202408d73d7,janus@8a1e7a1,janus,8a1e7a1,tempest_reinforcements@51ad530,tempest_reinforcements,51ad530,showdown,official,1,0,rating,b,b,0.0,core_destroyed,108,,229,0,3,1,80,230,4,23,ok,,3.766,n-62-21-60,29004605,2026-08-02T16:57:39+0200
b89b4be8585cc491,auto-7202408d73d7,tempest_reinforcements@3d5ab38,tempest_reinforcements,3d5ab38,janus@8a1e7a1,janus,8a1e7a1,strait,official,1,0,rating,b,b,0.0,core_destroyed,47,,10,90,11,10,19,160,13,11,ok,,4.76,n-62-21-57,29004605,2026-08-02T16:57:53+0200
b8a013dae2184daf,auto-7202408d73d7,janus@8a1e7a1,janus,8a1e7a1,riptide@9713344,riptide,9713344,jackpot,official,1,0,rating,a,a,1.0,core_destroyed,308,,389,1730,11,21,83,0,5,1,ok,,11.051,n-62-21-91,29004605,2026-08-02T16:58:26+0200
b8a649074704289e,auto-7202408d73d7,e_t4l7@9e77076,e_t4l7,9e77076,janus@8a1e7a1,janus,8a1e7a1,vault,official,1,0,rating,b,b,0.0,core_destroyed,61,,86,260,4,6,50,260,10,14,ok,,3.354,n-62-29-14,29004605,2026-08-02T16:57:21+0200
b8e37e642b43b068,auto-7202408d73d7,tempest_reinforcements@87724ec,tempest_reinforcements,87724ec,janus@8a1e7a1,janus,8a1e7a1,bridge,official,1,0,rating,b,b,0.0,core_destroyed,51,,67,0,6,5,96,220,10,17,ok,,4.182,n-62-21-63,29004605,2026-08-02T16:58:11+0200
b8eaed6cd12d612f,auto-7202408d73d7,janus@8a1e7a1,janus,8a1e7a1,tempest_frontier@fdc1e1f,tempest_frontier,fdc1e1f,longship,official,1,0,rating,a,a,1.0,core_destroyed,34,,10,60,10,12,63,0,11,3,ok,,4.41,n-62-21-23,29004605,2026-08-02T16:57:26+0200
b90cdd05c3820941,auto-7202408d73d7,janus@8a1e7a1,janus,8a1e7a1,tempest_blindfire@fdc1e1f,tempest_blindfire,fdc1e1f,duel,official,1,0,rating,b,b,0.0,core_destroyed,30,,52,70,5,4,58,60,9,5,ok,,4.113,n-62-12-4,29004605,2026-08-02T16:57:51+0200
b9148612a0b8c080,auto-7202408d73d7,jonbot_190003d@da3fd8a,jonbot_190003d,da3fd8a,janus@8a1e7a1,janus,8a1e7a1,showdown,official,1,0,rating,b,b,0.0,core_destroyed,29,,59,0,8,9,9,0,8,12,ok,,3.227,n-62-29-5,29004605,2026-08-02T16:57:08+0200
b9325bad4f95117c,auto-7202408d73d7,reaver@9713344,reaver,9713344,janus@8a1e7a1,janus,8a1e7a1,jackpot,official,1,0,rating,b,b,0.0,core_destroyed,58,,84,0,4,0,60,250,10,8,ok,,4.307,n-62-11-59,29004605,2026-08-02T16:57:36+0200
b963047e6059ed8f,auto-7202408d73d7,janus@8a1e7a1,janus,8a1e7a1,nemesis@9713344,nemesis,9713344,atoll,official,1,0,rating,a,a,1.0,titanium_collected,1000,,10287,9700,5,36,1619,0,8,12,ok,,11.945,n-62-31-7,29004605,2026-08-02T16:57:30+0200
b966833ada87415c,auto-7202408d73d7,vg_v4@9713344,vg_v4,9713344,janus@8a1e7a1,janus,8a1e7a1,duel,official,1,0,rating,b,b,0.0,core_destroyed,39,,75,30,8,3,37,160,11,14,ok,,3.602,n-62-12-2,29004605,2026-08-02T16:58:34+0200
b976ba517438a3bd,auto-7202408d73d7,janus@8a1e7a1,janus,8a1e7a1,attack_wave_v1@9713344,attack_wave_v1,9713344,string,official,1,0,rating,a,a,1.0,core_destroyed,51,,143,370,9,11,277,0,3,1,ok,,3.816,n-62-31-5,29004605,2026-08-02T16:57:40+0200
b99f34d3192085c0,auto-7202408d73d7,janus@8a1e7a1,janus,8a1e7a1,vanguard@818f3b4,vanguard,818f3b4,sprint,official,1,0,rating,a,a,1.0,core_destroyed,40,,16,0,12,4,64,0,6,1,ok,,3.733,n-62-29-5,29004605,2026-08-02T16:58:21+0200
b9e78d643d217cde,auto-7202408d73d7,vanguard@9932bec,vanguard,9932bec,janus@8a1e7a1,janus,8a1e7a1,bridge,official,1,0,rating,b,b,0.0,core_destroyed,72,,75,440,13,21,351,380,9,17,ok,,3.479,n-62-29-5,29004605,2026-08-02T16:59:36+0200
b9f095b372a6dde6,auto-7202408d73d7,vanguard@da3fd8a,vanguard,da3fd8a,janus@8a1e7a1,janus,8a1e7a1,showdown,official,1,0,rating,b,b,0.0,core_destroyed,25,,90,0,5,8,52,0,10,7,ok,,3.402,n-62-31-15,29004605,2026-08-02T16:58:35+0200
b9f3173e5c1e0eb1,auto-7202408d73d7,claude_challenger_3@fdc1e1f,claude_challenger_3,fdc1e1f,janus@8a1e7a1,janus,8a1e7a1,sweden,official,1,0,rating,b,b,0.0,core_destroyed,64,,660,0,0,0,204,380,9,26,ok,,2.705,n-62-21-103,29004605,2026-08-02T16:57:35+0200
b9f9c8d87e94e387,auto-7202408d73d7,janus@8a1e7a1,janus,8a1e7a1,tempest_reinforcements@87724ec,tempest_reinforcements,87724ec,runestone,official,1,0,rating,a,a,1.0,core_destroyed,32,,14,50,8,13,20,0,10,4,ok,,7.183,n-62-21-64,29004605,2026-08-02T16:58:23+0200
ba0016b512775be9,auto-7202408d73d7,tempest_outer@fdc1e1f,tempest_outer,fdc1e1f,janus@8a1e7a1,janus,8a1e7a1,skerry,official,1,0,rating,b,b,0.0,core_destroyed,39,,85,0,8,2,76,150,11,9,ok,,5.935,n-62-13-9,29004605,2026-08-02T16:57:08+0200
ba1773b5143c8ae4,auto-7202408d73d7,janus@8a1e7a1,janus,8a1e7a1,vg_v7@9713344,vg_v7,9713344,strait,official,1,0,rating,a,a,1.0,titanium_collected,1000,,16707,15360,10,101,9245,7920,16,38,ok,,21.816,n-62-31-4,29004605,2026-08-02T16:59:22+0200
ba2a2c3067c19f3b,auto-7202408d73d7,claude_challenger_3@fdc1e1f,claude_challenger_3,fdc1e1f,janus@8a1e7a1,janus,8a1e7a1,aurora,official,1,0,rating,b,b,0.0,core_destroyed,37,,12,0,12,1,10,110,13,11,ok,,6.566,n-62-31-10,29004605,2026-08-02T16:58:19+0200
ba2ca86adf1f1dba,auto-7202408d73d7,janus@8a1e7a1,janus,8a1e7a1,frontier_v2@9713344,frontier_v2,9713344,hive,official,1,0,rating,a,a,1.0,core_destroyed,51,,20,170,11,20,123,0,7,4,ok,,3.485,n-62-29-24,29004605,2026-08-02T16:57:05+0200
ba2eac6c9a51d6e9,auto-7202408d73d7,janus@8a1e7a1,janus,8a1e7a1,tempest_oracle_ferry@fdc1e1f,tempest_oracle_ferry,fdc1e1f,vase,official,1,0,rating,b,b,0.0,core_destroyed,32,,79,30,8,6,112,40,7,7,ok,,2.894,n-62-13-6,29004605,2026-08-02T16:57:36+0200
ba30e0da0b07d58b,auto-7202408d73d7,e_t4l7@9e77076,e_t4l7,9e77076,janus@8a1e7a1,janus,8a1e7a1,quarry,official,1,0,rating,b,b,0.0,core_destroyed,56,,63,140,6,21,211,290,8,17,ok,,2.749,n-62-29-13,29004605,2026-08-02T16:57:22+0200
ba435be5250eb536,auto-7202408d73d7,janus@8a1e7a1,janus,8a1e7a1,undertow_1ac7ac4@da3fd8a,undertow_1ac7ac4,da3fd8a,string,official,1,0,rating,a,a,1.0,titanium_collected,1000,,11747,9860,13,11,7319,4960,9,6,ok,,17.909,n-62-21-92,29004605,2026-08-02T16:59:45+0200
ba5fe13d02eba9f3,auto-7202408d73d7,janus@8a1e7a1,janus,8a1e7a1,jonbot@9713344,jonbot,9713344,string,official,1,0,rating,a,a,1.0,core_destroyed,78,,368,630,10,11,318,0,3,0,ok,,3.791,n-62-29-9,29004605,2026-08-02T16:57:18+0200
baaef8ca9c340ba1,auto-7202408d73d7,janus@8a1e7a1,janus,8a1e7a1,undertow@fdc1e1f,undertow,fdc1e1f,duel,official,1,0,rating,a,a,1.0,core_destroyed,48,,26,200,11,15,114,160,5,6,ok,,3.8,n-62-11-65,29004605,2026-08-02T16:59:22+0200
bb044de7a18d43f3,auto-7202408d73d7,nemesis@9713344,nemesis,9713344,janus@8a1e7a1,janus,8a1e7a1,atoll,official,1,0,rating,b,b,0.0,core_destroyed,125,,100,290,2,13,169,970,14,39,ok,,6.11,n-62-31-7,29004605,2026-08-02T16:57:36+0200
bb07f84b198280c3,auto-7202408d73d7,uw_v2@9713344,uw_v2,9713344,janus@8a1e7a1,janus,8a1e7a1,crossfire,official,1,0,rating,b,b,0.0,core_destroyed,39,,93,140,7,12,33,140,11,14,ok,,3.781,n-62-21-99,29004605,2026-08-02T16:58:20+0200
bb1158ae39f07488,auto-7202408d73d7,claude_challenger_3@fdc1e1f,claude_challenger_3,fdc1e1f,janus@8a1e7a1,janus,8a1e7a1,pinch,official,1,0,rating,b,b,0.0,core_destroyed,35,,93,0,10,2,27,110,10,15,ok,,4.967,n-62-31-11,29004605,2026-08-02T16:58:06+0200
bb182e09fadcde09,auto-7202408d73d7,janus@8a1e7a1,janus,8a1e7a1,nemesis@9713344,nemesis,9713344,quarry,official,1,0,rating,a,a,1.0,core_destroyed,77,,268,500,8,35,35,170,8,26,ok,,4.046,n-62-31-13,29004605,2026-08-02T16:57:33+0200
bb2794e4c1708b7c,auto-7202408d73d7,vigil@bf9b3e3,vigil,bf9b3e3,janus@8a1e7a1,janus,8a1e7a1,atoll,official,1,0,rating,a,a,1.0,core_destroyed,29,,7,90,11,11,310,90,4,6,ok,,2.577,n-62-31-21,29004605,2026-08-02T16:58:51+0200
bb3381ca10aaf895,auto-7202408d73d7,janus@8a1e7a1,janus,8a1e7a1,undertow@da3fd8a,undertow,da3fd8a,twins,official,1,0,rating,a,a,1.0,core_destroyed,55,,18,200,13,13,79,290,5,24,ok,,3.77,n-62-11-64,29004605,2026-08-02T16:59:40+0200
bb3c3d1cb9694a14,auto-7202408d73d7,janus@8a1e7a1,janus,8a1e7a1,v233_d@9713344,v233_d,9713344,vault,official,1,0,rating,a,a,1.0,core_destroyed,70,,112,240,12,6,78,160,8,10,ok,,4.303,n-62-29-31,29004605,2026-08-02T16:58:26+0200
bb4363f41947406d,auto-7202408d73d7,vanguard_oracle@fdc1e1f,vanguard_oracle,fdc1e1f,janus@8a1e7a1,janus,8a1e7a1,pinch,official,1,0,rating,b,b,0.0,core_destroyed,39,,57,120,8,9,68,80,9,8,ok,,3.747,n-62-11-52,29004605,2026-08-02T16:58:40+0200
bb4f9f7595f32f44,auto-7202408d73d7,frontier_v2@9713344,frontier_v2,9713344,janus@8a1e7a1,janus,8a1e7a1,twins,official,1,0,rating,b,b,0.0,core_destroyed,34,,88,0,5,1,21,100,10,12,ok,,2.862,n-62-29-27,29004605,2026-08-02T16:57:23+0200
bb6b42e301bff45e,auto-7202408d73d7,janus@8a1e7a1,janus,8a1e7a1,claude_challenger_1@fdc1e1f,claude_challenger_1,fdc1e1f,hive,official,1,0,rating,a,a,1.0,core_destroyed,46,,11,130,11,18,153,90,11,4,ok,,6.604,n-62-11-68,29004605,2026-08-02T16:57:13+0200
bb76a527da8f7933,auto-7202408d73d7,turtle@9713344,turtle,9713344,janus@8a1e7a1,janus,8a1e7a1,pinch,official,1,0,rating,b,b,0.0,core_destroyed,60,,100,70,3,3,48,340,11,20,ok,,2.737,n-62-31-21,29004605,2026-08-02T16:59:15+0200
bb8391b7f98f00a9,auto-7202408d73d7,e_final@9e77076,e_final,9e77076,janus@8a1e7a1,janus,8a1e7a1,duel,official,1,0,rating,b,b,0.0,core_destroyed,48,,49,50,6,6,36,200,11,11,ok,,3.23,n-62-28-30,29004605,2026-08-02T16:57:31+0200
bb8dee1702492150,auto-7202408d73d7,undertow@da3fd8a,undertow,da3fd8a,janus@8a1e7a1,janus,8a1e7a1,bridge,official,1,0,rating,b,b,0.0,core_destroyed,103,,108,410,13,20,323,610,14,16,ok,,4.891,n-62-11-61,29004605,2026-08-02T16:58:40+0200
bbcd86e4928b45b3,auto-7202408d73d7,vg_v1@9713344,vg_v1,9713344,janus@8a1e7a1,janus,8a1e7a1,twins,official,1,0,rating,b,b,0.0,core_destroyed,77,,85,40,8,8,28,460,10,37,ok,,4.41,n-62-21-91,29004605,2026-08-02T16:58:44+0200
bbd463acd26f8357,auto-7202408d73d7,v233_c@9713344,v233_c,9713344,janus@8a1e7a1,janus,8a1e7a1,showdown,official,1,0,rating,b,b,0.0,core_destroyed,25,,57,10,4,10,38,0,10,8,ok,,3.129,n-62-29-16,29004605,2026-08-02T16:58:37+0200
bbe719b512c12b62,auto-7202408d73d7,janus@8a1e7a1,janus,8a1e7a1,tempest_sentinel@fdc1e1f,tempest_sentinel,fdc1e1f,skerry,official,1,0,rating,a,a,1.0,core_destroyed,45,,123,170,9,7,44,0,10,1,ok,,4.384,n-62-31-4,29004605,2026-08-02T16:58:05+0200
bc0f76a628ece9ab,auto-7202408d73d7,janus@8a1e7a1,janus,8a1e7a1,e_harc@6db8844,e_harc,6db8844,strait,official,1,0,rating,a,a,1.0,core_destroyed,50,,9,150,11,16,110,100,9,15,ok,,3.445,n-62-28-33,29004605,2026-08-02T16:57:41+0200
bc126c9feb648a2e,auto-7202408d73d7,tempest_reinforcements@e1dc316,tempest_reinforcements,e1dc316,janus@8a1e7a1,janus,8a1e7a1,vault,official,1,0,rating,a,a,1.0,core_destroyed,40,,41,90,11,6,338,150,7,5,ok,,4.654,n-62-21-67,29004605,2026-08-02T16:58:17+0200
bc19e91e3e218ba8,auto-7202408d73d7,undertow_oracle@75591b7,undertow_oracle,75591b7,janus@8a1e7a1,janus,8a1e7a1,vase,official,1,0,rating,a,a,1.0,core_destroyed,44,,97,70,9,7,114,0,8,5,ok,,3.47,n-62-31-11,29004605,2026-08-02T16:59:29+0200
bc34159ee880f298,auto-7202408d73d7,janus@8a1e7a1,janus,8a1e7a1,tempest_frontier@fdc1e1f,tempest_frontier,fdc1e1f,runestone,official,1,0,rating,a,a,1.0,core_destroyed,31,,3,50,9,13,132,0,8,4,ok,,3.94,n-62-21-23,29004605,2026-08-02T16:57:50+0200
bc6159238a65f7d8,auto-7202408d73d7,v233_i@902be71,v233_i,902be71,janus@8a1e7a1,janus,8a1e7a1,pinch,official,1,0,rating,b,b,0.0,core_destroyed,46,,60,90,6,4,64,190,9,12,ok,,3.374,n-62-29-8,29004605,2026-08-02T16:59:20+0200
bc6320ba26787c86,auto-7202408d73d7,janus@8a1e7a1,janus,8a1e7a1,tempest_sentinel@fdc1e1f,tempest_sentinel,fdc1e1f,fjord,official,1,0,rating,a,a,1.0,core_destroyed,33,,30,130,13,8,312,70,4,4,ok,,3.563,n-62-21-71,29004605,2026-08-02T16:57:14+0200
bc67b9cd5d0a73c8,auto-7202408d73d7,janus@8a1e7a1,janus,8a1e7a1,turtle@9713344,turtle,9713344,pinch,official,1,0,rating,a,a,1.0,titanium_collected,1000,,15034,13060,8,46,12233,9760,0,35,ok,,4.092,n-62-31-21,29004605,2026-08-02T16:59:12+0200
bc7025e9e224bf6b,auto-7202408d73d7,tempest_reinforcements@edf93ad,tempest_reinforcements,edf93ad,janus@8a1e7a1,janus,8a1e7a1,duel,official,1,0,rating,b,b,0.0,core_destroyed,39,,19,90,9,3,15,150,10,11,ok,,4.693,n-62-21-68,29004605,2026-08-02T16:57:05+0200
bc80f906c4c79564,auto-7202408d73d7,janus@8a1e7a1,janus,8a1e7a1,tempest_ferry@26b5aa1,tempest_ferry,26b5aa1,crossfire,official,1,0,rating,a,a,1.0,core_destroyed,26,,22,80,11,9,237,50,4,3,ok,,3.414,n-62-21-13,29004605,2026-08-02T16:57:55+0200
bc939095dc4304dd,auto-7202408d73d7,janus@8a1e7a1,janus,8a1e7a1,frontier_v1@9713344,frontier_v1,9713344,runestone,official,1,0,rating,a,a,1.0,core_destroyed,26,,13,40,12,9,5,0,9,3,ok,,3.981,n-62-29-16,29004605,2026-08-02T16:57:42+0200
bcb8c36647357ed4,auto-7202408d73d7,uw_v1@9713344,uw_v1,9713344,janus@8a1e7a1,janus,8a1e7a1,longship,official,1,0,rating,b,b,0.0,core_destroyed,60,,74,130,9,14,25,260,11,22,ok,,3.921,n-62-21-97,29004605,2026-08-02T16:59:15+0200
bcc1e766d196e836,auto-7202408d73d7,vg_v1@9713344,vg_v1,9713344,janus@8a1e7a1,janus,8a1e7a1,string,official,1,0,rating,b,b,0.0,core_destroyed,73,,84,0,3,2,81,380,11,16,ok,,3.705,n-62-11-55,29004605,2026-08-02T16:59:38+0200
bcd6696af902fa5c,auto-7202408d73d7,janus@8a1e7a1,janus,8a1e7a1,prospect@bf9b3e3,prospect,bf9b3e3,quarry,official,1,0,rating,b,b,0.0,core_destroyed,62,,2,110,7,18,69,350,10,21,ok,,4.401,n-62-11-56,29004605,2026-08-02T16:57:48+0200
bcdb484ec82a8493,auto-7202408d73d7,janus@8a1e7a1,janus,8a1e7a1,reaver@9713344,reaver,9713344,sprint,official,1,0,rating,a,a,1.0,core_destroyed,35,,35,110,9,14,80,50,2,4,ok,,2.77,n-62-11-55,29004605,2026-08-02T16:57:05+0200
bcfad6c3588218ea,auto-7202408d73d7,janus@8a1e7a1,janus,8a1e7a1,nemesis@9713344,nemesis,9713344,string,official,1,0,rating,a,a,1.0,core_destroyed,71,,360,550,8,11,94,0,5,3,ok,,4.192,n-62-31-13,29004605,2026-08-02T16:58:24+0200
bcfe528790ce7856,auto-7202408d73d7,undertow@9713344,undertow,9713344,janus@8a1e7a1,janus,8a1e7a1,duel,official,1,0,rating,b,b,0.0,core_destroyed,62,,96,140,6,9,81,350,10,22,ok,,3.837,n-62-31-24,29004605,2026-08-02T16:58:50+0200
bd08a4b91acfde25,auto-7202408d73d7,janus@8a1e7a1,janus,8a1e7a1,tempest_reinforcements@025dd51,tempest_reinforcements,025dd51,quarry,official,1,0,rating,a,a,1.0,core_destroyed,51,,9,190,12,24,11,0,9,5,ok,,3.726,n-62-12-66,29004605,2026-08-02T16:58:18+0200
bd0cb04d375c9e92,auto-7202408d73d7,vanguard@9932bec,vanguard,9932bec,janus@8a1e7a1,janus,8a1e7a1,strait,official,1,0,rating,b,b,0.0,core_destroyed,43,,58,140,8,6,1,90,11,9,ok,,4.349,n-62-30-25,29004605,2026-08-02T16:58:47+0200
bd186cfb4357563f,auto-7202408d73d7,janus@8a1e7a1,janus,8a1e7a1,vg_v5@9713344,vg_v5,9713344,sweden,official,1,0,rating,a,a,1.0,core_destroyed,92,,326,520,12,22,121,120,4,4,ok,,5.308,n-62-12-4,29004605,2026-08-02T16:59:27+0200
bd20f7f02451c2eb,auto-7202408d73d7,janus@8a1e7a1,janus,8a1e7a1,vigil@1b5f3d1,vigil,1b5f3d1,runestone,official,1,0,rating,b,b,0.0,core_destroyed,29,,7,40,11,5,9,40,10,10,ok,,4.034,n-62-21-2,29004605,2026-08-02T16:58:53+0200
bd21c9dd8ba99052,auto-7202408d73d7,janus@8a1e7a1,janus,8a1e7a1,mistral_fast@26b5aa1,mistral_fast,26b5aa1,sprint,official,1,0,rating,a,a,1.0,core_destroyed,23,,60,0,7,7,92,0,9,0,ok,,3.451,n-62-31-15,29004605,2026-08-02T16:57:48+0200
bd8bf5ef28c7b0fc,auto-7202408d73d7,e_t4l7@9e77076,e_t4l7,9e77076,janus@8a1e7a1,janus,8a1e7a1,atoll,official,1,0,rating,b,b,0.0,core_destroyed,62,,93,180,4,12,13,260,11,16,ok,,3.376,n-62-29-20,29004605,2026-08-02T16:57:25+0200
bd90807eb49ee87e,auto-7202408d73d7,prospect@bf9b3e3,prospect,bf9b3e3,janus@8a1e7a1,janus,8a1e7a1,aurora,official,1,0,rating,b,b,0.0,core_destroyed,38,,74,70,7,5,8,110,11,9,ok,,4.394,n-62-11-52,29004605,2026-08-02T16:57:50+0200
bdeac1b8e68f72c1,auto-7202408d73d7,vg_v4@9713344,vg_v4,9713344,janus@8a1e7a1,janus,8a1e7a1,sprint,official,1,0,rating,b,b,0.0,core_destroyed,33,,117,30,3,4,3,100,9,20,ok,,3.442,n-62-12-1,29004605,2026-08-02T16:58:34+0200
bdfa035c0950d0bb,auto-7202408d73d7,tempest_oracle_ferry@fdc1e1f,tempest_oracle_ferry,fdc1e1f,janus@8a1e7a1,janus,8a1e7a1,string,official,1,0,rating,a,a,1.0,core_destroyed,59,,57,0,10,1,83,40,7,1,ok,,3.657,n-62-13-6,29004605,2026-08-02T16:57:17+0200
be0a33d43761e30d,auto-7202408d73d7,e_condc@6db8844,e_condc,6db8844,janus@8a1e7a1,janus,8a1e7a1,aurora,official,1,0,rating,b,b,0.0,core_destroyed,53,,74,190,8,24,8,190,13,13,ok,,4.342,n-62-21-98,29004605,2026-08-02T16:57:03+0200
be16830f9d20303b,auto-7202408d73d7,janus@8a1e7a1,janus,8a1e7a1,tempest_sentinel@fdc1e1f,tempest_sentinel,fdc1e1f,vault,official,1,0,rating,a,a,1.0,core_destroyed,46,,251,150,8,5,32,180,9,5,ok,,3.538,n-62-31-4,29004605,2026-08-02T16:59:00+0200
be366e373bb924a0,auto-7202408d73d7,tempest_outer@fdc1e1f,tempest_outer,fdc1e1f,janus@8a1e7a1,janus,8a1e7a1,vault,official,1,0,rating,a,a,1.0,core_destroyed,40,,42,0,13,3,285,150,9,5,ok,,5.379,n-62-13-9,29004605,2026-08-02T16:58:30+0200
be3829b9c0e0716f,auto-7202408d73d7,v233_f@9713344,v233_f,9713344,janus@8a1e7a1,janus,8a1e7a1,fjord,official,1,0,rating,b,b,0.0,core_destroyed,40,,125,240,5,8,30,210,12,12,ok,,3.546,n-62-29-14,29004605,2026-08-02T16:59:35+0200
be42bef3a5be718e,auto-7202408d73d7,vanguard@9932bec,vanguard,9932bec,janus@8a1e7a1,janus,8a1e7a1,atoll,official,1,0,rating,a,a,1.0,core_destroyed,40,,78,140,10,4,132,140,7,6,ok,,3.368,n-62-29-5,29004605,2026-08-02T16:59:20+0200
be49182526fb1d3a,auto-7202408d73d7,janus@8a1e7a1,janus,8a1e7a1,tempest_ferry@26b5aa1,tempest_ferry,26b5aa1,atoll,official,1,0,rating,b,b,0.0,core_destroyed,31,,140,100,8,6,8,60,12,6,ok,,4.494,n-62-21-13,29004605,2026-08-02T16:57:31+0200
be5729a79c3ad89f,auto-7202408d73d7,janus@8a1e7a1,janus,8a1e7a1,v233_i@902be71,v233_i,902be71,twins,official,1,0,rating,a,a,1.0,core_destroyed,45,,7,80,13,11,109,230,7,11,ok,,4.173,n-62-29-32,29004605,2026-08-02T16:58:52+0200
be57bc35a77347bc,auto-7202408d73d7,janus@8a1e7a1,janus,8a1e7a1,vanguard_oracle@75591b7,vanguard_oracle,75591b7,sweden,official,1,0,rating,b,b,0.0,core_destroyed,47,,35,0,9,17,74,130,10,13,ok,,3.651,n-62-11-50,29004605,2026-08-02T16:59:24+0200
be73afac6ef06351,auto-7202408d73d7,titanium_v1@9713344,titanium_v1,9713344,janus@8a1e7a1,janus,8a1e7a1,jackpot,official,1,0,rating,b,b,0.0,core_destroyed,39,,326,0,4,3,32,150,14,8,ok,,3.539,n-62-31-5,29004605,2026-08-02T16:58:39+0200
be744db0a778e345,auto-7202408d73d7,janus@8a1e7a1,janus,8a1e7a1,e9cand@9e77076,e9cand,9e77076,vault,official,1,0,rating,a,a,1.0,core_destroyed,52,,329,210,7,7,10,0,11,12,ok,,3.434,n-62-21-97,29004605,2026-08-02T16:58:01+0200
be82c1e1dc383037,auto-7202408d73d7,undertow_oracle@75591b7,undertow_oracle,75591b7,janus@8a1e7a1,janus,8a1e7a1,atoll,official,1,0,rating,a,a,1.0,core_destroyed,48,,125,260,8,16,52,180,13,9,ok,,4.044,n-62-31-9,29004605,2026-08-02T16:59:11+0200
be932c5b0c96ae87,auto-7202408d73d7,vanguard_oracle@75591b7,vanguard_oracle,75591b7,janus@8a1e7a1,janus,8a1e7a1,sprint,official,1,0,rating,b,b,0.0,core_destroyed,38,,39,0,7,4,20,120,11,10,ok,,3.739,n-62-11-50,29004605,2026-08-02T16:59:01+0200
be968de4950a2357,auto-7202408d73d7,janus@8a1e7a1,janus,8a1e7a1,tempest_reinforcements@e1dc316,tempest_reinforcements,e1dc316,pinch,official,1,0,rating,b,b,0.0,core_destroyed,22,,274,30,4,4,3,30,11,9,ok,,3.235,n-62-21-66,29004605,2026-08-02T16:57:46+0200
bea3b812bbc45c6e,auto-7202408d73d7,janus@8a1e7a1,janus,8a1e7a1,undertow_oracle@75591b7,undertow_oracle,75591b7,longship,official,1,0,rating,a,a,1.0,core_destroyed,76,,20,250,14,19,76,400,10,18,ok,,5.474,n-62-31-10,29004605,2026-08-02T16:58:40+0200
bec26090d26cf753,auto-7202408d73d7,e_post2@4a95297,e_post2,4a95297,janus@8a1e7a1,janus,8a1e7a1,sprint,official,1,0,rating,b,b,0.0,core_destroyed,33,,94,60,6,12,3,30,8,18,ok,,3.107,n-62-28-35,29004605,2026-08-02T16:57:49+0200
becaf44e0f2465a3,auto-7202408d73d7,tempest_reinforcements@025dd51,tempest_reinforcements,025dd51,janus@8a1e7a1,janus,8a1e7a1,atoll,official,1,0,rating,a,a,1.0,core_destroyed,32,,20,70,11,6,224,100,7,6,ok,,3.181,n-62-12-64,29004605,2026-08-02T16:58:08+0200
beee64df1f627cf7,auto-7202408d73d7,janus@8a1e7a1,janus,8a1e7a1,vanguard_oracle@fdc1e1f,vanguard_oracle,fdc1e1f,showdown,official,1,0,rating,a,a,1.0,core_destroyed,33,,9,30,10,16,33,0,5,0,ok,,3.807,n-62-11-52,29004605,2026-08-02T16:59:02+0200
bf0075030ece0988,auto-7202408d73d7,janus@8a1e7a1,janus,8a1e7a1,tempest_sentinel@fdc1e1f,tempest_sentinel,fdc1e1f,duel,official,1,0,rating,a,a,1.0,core_destroyed,40,,29,100,9,12,66,70,6,3,ok,,3.567,n-62-21-71,29004605,2026-08-02T16:57:06+0200
bf2941ecb5613841,auto-7202408d73d7,janus@8a1e7a1,janus,8a1e7a1,siege_v1@9713344,siege_v1,9713344,twins,official,1,0,rating,a,a,1.0,core_destroyed,39,,31,120,12,13,198,0,6,3,ok,,3.479,n-62-12-6,29004605,2026-08-02T16:57:46+0200
bf4807bb523eeb0b,auto-7202408d73d7,janus@8a1e7a1,janus,8a1e7a1,undertow_oracle@75591b7,undertow_oracle,75591b7,twins,official,1,0,rating,b,b,0.0,core_destroyed,51,,4,170,11,12,44,240,7,25,ok,,4.233,n-62-31-11,29004605,2026-08-02T16:59:18+0200
bf53026f561447dc,auto-7202408d73d7,uw_v2@9713344,uw_v2,9713344,janus@8a1e7a1,janus,8a1e7a1,vase,official,1,0,rating,b,b,0.0,core_destroyed,88,,127,0,6,4,99,180,7,14,ok,,4.166,n-62-28-31,29004605,2026-08-02T16:59:35+0200
bf85851185d65315,auto-7202408d73d7,janus@8a1e7a1,janus,8a1e7a1,reaver@9713344,reaver,9713344,string,official,1,0,rating,a,a,1.0,core_destroyed,51,,104,370,10,12,100,0,1,1,ok,,3.493,n-62-11-55,29004605,2026-08-02T16:57:31+0200
bf87288ec80b5e94,auto-7202408d73d7,attack_wave_v1@9713344,attack_wave_v1,9713344,janus@8a1e7a1,janus,8a1e7a1,sweden,official,1,0,rating,b,b,0.0,core_destroyed,65,,211,0,6,4,235,320,11,22,ok,,3.701,n-62-31-5,29004605,2026-08-02T16:57:52+0200
bf92d99e88a4e479,auto-7202408d73d7,janus@8a1e7a1,janus,8a1e7a1,vanguard@da3fd8a,vanguard,da3fd8a,hive,official,1,0,rating,a,a,1.0,core_destroyed,47,,41,140,12,15,44,140,7,22,ok,,4.434,n-62-31-8,29004605,2026-08-02T16:59:06+0200
bfa9f0dc634e4d88,auto-7202408d73d7,janus@8a1e7a1,janus,8a1e7a1,tempest_reinforcements@38f9c23,tempest_reinforcements,38f9c23,hive,official,1,0,rating,a,a,1.0,core_destroyed,46,,6,90,13,7,10,90,10,12,ok,,5.483,n-62-21-55,29004605,2026-08-02T16:58:05+0200
bfc19c5caa359850,auto-7202408d73d7,v233_d@9713344,v233_d,9713344,janus@8a1e7a1,janus,8a1e7a1,string,official,1,0,rating,b,b,0.0,core_destroyed,80,,94,0,2,2,116,470,8,14,ok,,4.139,n-62-29-9,29004605,2026-08-02T16:59:23+0200
bfc54a7253337e61,auto-7202408d73d7,janus@8a1e7a1,janus,8a1e7a1,siege_v1@9713344,siege_v1,9713344,bridge,official,1,0,rating,a,a,1.0,core_destroyed,68,,345,350,7,19,265,0,6,3,ok,,3.103,n-62-21-90,29004605,2026-08-02T16:57:05+0200
bfefe7be4ad55511,auto-7202408d73d7,jonbot@da3fd8a,jonbot,da3fd8a,janus@8a1e7a1,janus,8a1e7a1,sweden,official,1,0,rating,b,b,0.0,core_destroyed,83,,311,0,6,12,349,450,10,22,ok,,4.056,n-62-29-32,29004605,2026-08-02T16:57:39+0200
bff6ca1149f4ffc7,auto-7202408d73d7,janus@8a1e7a1,janus,8a1e7a1,vigil@bf9b3e3,vigil,bf9b3e3,longship,official,1,0,rating,b,b,0.0,core_destroyed,29,,6,50,11,5,10,50,10,12,ok,,4.532,n-62-21-15,29004605,2026-08-02T16:58:37+0200
c0153e7b059504fd,auto-7202408d73d7,autistimusprime@ecd4d24,autistimusprime,ecd4d24,janus@8a1e7a1,janus,8a1e7a1,skerry,official,1,0,rating,a,a,1.0,core_destroyed,28,,80,50,11,4,217,90,8,5,ok,,3.794,n-62-31-21,29004605,2026-08-02T16:57:37+0200
c02ca0b246256a57,auto-7202408d73d7,janus@8a1e7a1,janus,8a1e7a1,v233_a@9713344,v233_a,9713344,atoll,official,1,0,rating,a,a,1.0,core_destroyed,58,,37,240,13,14,84,0,4,5,ok,,3.58,n-62-28-31,29004605,2026-08-02T16:59:45+0200
c03da204b78eaff1,auto-7202408d73d7,vanguard_oracle@fdc1e1f,vanguard_oracle,fdc1e1f,janus@8a1e7a1,janus,8a1e7a1,vault,official,1,0,rating,a,a,1.0,core_destroyed,38,,105,160,11,7,379,140,5,5,ok,,3.327,n-62-11-54,29004605,2026-08-02T16:58:48+0200
c0457cbc7d6cddba,auto-7202408d73d7,janus@8a1e7a1,janus,8a1e7a1,jonbot_190003d@da3fd8a,jonbot_190003d,da3fd8a,atoll,official,1,0,rating,a,a,1.0,core_destroyed,106,,205,270,9,7,107,70,5,10,ok,,3.914,n-62-29-32,29004605,2026-08-02T16:58:05+0200
c05db5645f72ab26,auto-7202408d73d7,janus@8a1e7a1,janus,8a1e7a1,claude_challenger_3@fdc1e1f,claude_challenger_3,fdc1e1f,showdown,official,1,0,rating,a,a,1.0,core_destroyed,22,,54,0,7,11,550,0,0,0,ok,,1.863,n-62-31-11,29004605,2026-08-02T16:58:31+0200
c068582e92c71990,auto-7202408d73d7,claude_challenger_1@fdc1e1f,claude_challenger_1,fdc1e1f,janus@8a1e7a1,janus,8a1e7a1,atoll,official,1,0,rating,b,b,0.0,core_destroyed,39,,187,80,9,4,41,140,11,10,ok,,5.032,n-62-11-66,29004605,2026-08-02T16:57:56+0200
c09a93c9297a20ee,auto-7202408d73d7,janus@8a1e7a1,janus,8a1e7a1,tempest_reinforcements@87724ec,tempest_reinforcements,87724ec,quarry,official,1,0,rating,a,a,1.0,core_destroyed,73,,2,40,7,26,111,250,9,11,ok,,13.15,n-62-21-64,29004605,2026-08-02T16:58:07+0200
c0a07f6f80f5cfa5,auto-7202408d73d7,janus@8a1e7a1,janus,8a1e7a1,vanguard@da3fd8a,vanguard,da3fd8a,strait,official,1,0,rating,b,b,0.0,core_destroyed,52,,20,130,12,10,60,260,10,13,ok,,4.666,n-62-31-15,29004605,2026-08-02T16:58:57+0200
c0bc5214d5ef724a,auto-7202408d73d7,janus@8a1e7a1,janus,8a1e7a1,uw_v2@9713344,uw_v2,9713344,fjord,official,1,0,rating,a,a,1.0,core_destroyed,52,,12,290,13,20,83,340,5,12,ok,,4.483,n-62-21-99,29004605,2026-08-02T16:58:34+0200
c0ddbd4321ac1b9d,auto-7202408d73d7,janus@8a1e7a1,janus,8a1e7a1,v233_c@9713344,v233_c,9713344,jackpot,official,1,0,rating,a,a,1.0,core_destroyed,53,,111,230,9,8,104,0,3,2,ok,,3.604,n-62-29-20,29004605,2026-08-02T16:59:26+0200
c0ea2f21ff68dec8,auto-7202408d73d7,janus@8a1e7a1,janus,8a1e7a1,mistral_fast@26b5aa1,mistral_fast,26b5aa1,vault,official,1,0,rating,b,b,0.0,core_destroyed,39,,246,130,9,5,34,0,13,1,ok,,4.31,n-62-31-7,29004605,2026-08-02T16:57:13+0200
c0f68fd9cfe767e1,auto-7202408d73d7,claude_challenger_2@fdc1e1f,claude_challenger_2,fdc1e1f,janus@8a1e7a1,janus,8a1e7a1,crossfire,official,1,0,rating,b,b,0.0,core_destroyed,83,,231,120,1,2,45,360,16,14,ok,,5.938,n-62-21-92,29004605,2026-08-02T16:58:26+0200
c156b9e0545cb576,auto-7202408d73d7,janus@8a1e7a1,janus,8a1e7a1,casemate_oracle@902be71,casemate_oracle,902be71,showdown,official,1,0,rating,b,b,0.0,core_destroyed,27,,213,0,3,3,87,0,7,4,ok,,2.891,n-62-11-65,29004605,2026-08-02T16:57:57+0200
c17354ec96493fcd,auto-7202408d73d7,janus@8a1e7a1,janus,8a1e7a1,tempest_reinforcements@025dd51,tempest_reinforcements,025dd51,jackpot,official,1,0,rating,b,b,0.0,core_destroyed,158,,83,230,6,1,77,620,22,9,ok,,6.826,n-62-12-66,29004605,2026-08-02T16:57:51+0200
c1750b8097c4f83e,auto-7202408d73d7,mistral_fast@26b5aa1,mistral_fast,26b5aa1,janus@8a1e7a1,janus,8a1e7a1,quarry,official,1,0,rating,b,b,0.0,core_destroyed,48,,194,0,8,0,70,80,9,16,ok,,3.793,n-62-31-15,29004605,2026-08-02T16:57:20+0200
c1a5f316237b0935,auto-7202408d73d7,janus@8a1e7a1,janus,8a1e7a1,uw_v1@9713344,uw_v1,9713344,longship,official,1,0,rating,a,a,1.0,core_destroyed,51,,20,110,12,12,83,0,6,6,ok,,3.696,n-62-21-97,29004605,2026-08-02T16:59:11+0200
c1ad566e7fbd85fa,auto-7202408d73d7,undertow_oracle@75591b7,undertow_oracle,75591b7,janus@8a1e7a1,janus,8a1e7a1,bridge,official,1,0,rating,b,b,0.0,core_destroyed,79,,163,250,10,17,315,430,10,17,ok,,3.728,n-62-31-9,29004605,2026-08-02T16:59:28+0200
c1d81986ee2fb3e7,auto-7202408d73d7,janus@8a1e7a1,janus,8a1e7a1,vg_v1@9713344,vg_v1,9713344,runestone,official,1,0,rating,a,a,1.0,core_destroyed,43,,10,80,11,13,72,0,5,5,ok,,3.416,n-62-11-55,29004605,2026-08-02T16:58:56+0200
c1db097dd650b943,auto-7202408d73d7,janus@8a1e7a1,janus,8a1e7a1,tempest_reinforcements@51ad530,tempest_reinforcements,51ad530,hive,official,1,0,rating,a,a,1.0,core_destroyed,46,,4,90,14,7,25,90,7,11,ok,,4.824,n-62-21-59,29004605,2026-08-02T16:58:18+0200
c1e40f3e73d78e40,auto-7202408d73d7,vanguard@da3fd8a,vanguard,da3fd8a,janus@8a1e7a1,janus,8a1e7a1,strait,official,1,0,rating,b,b,0.0,core_destroyed,53,,32,220,11,8,10,180,12,16,ok,,4.863,n-62-31-15,29004605,2026-08-02T16:59:02+0200
c1ea9841fe511f16,auto-7202408d73d7,janus@8a1e7a1,janus,8a1e7a1,siege_v1@9713344,siege_v1,9713344,fjord,official,1,0,rating,a,a,1.0,core_destroyed,38,,3,200,13,14,249,0,5,2,ok,,3.472,n-62-21-90,29004605,2026-08-02T16:57:26+0200
c1f77e40fad75b32,auto-7202408d73d7,janus@8a1e7a1,janus,8a1e7a1,tempest_reinforcements@65ddc55,tempest_reinforcements,65ddc55,string,official,1,0,rating,a,a,1.0,core_destroyed,62,,215,220,4,6,60,140,13,6,ok,,4.318,n-62-21-62,29004605,2026-08-02T16:58:19+0200
c1f82fdf16ecdf85,auto-7202408d73d7,mistral_fast@26b5aa1,mistral_fast,26b5aa1,janus@8a1e7a1,janus,8a1e7a1,longship,official,1,0,rating,b,b,0.0,core_destroyed,31,,241,0,6,0,24,80,10,9,ok,,3.701,n-62-31-15,29004605,2026-08-02T16:57:03+0200
c200cf596ed38c1b,auto-7202408d73d7,janus@8a1e7a1,janus,8a1e7a1,tempest_picket@fdc1e1f,tempest_picket,fdc1e1f,sprint,official,1,0,rating,b,b,0.0,core_destroyed,29,,11,50,10,4,60,10,7,3,ok,,3.594,n-62-12-64,29004605,2026-08-02T16:57:14+0200
c2342d23fb28c3af,auto-7202408d73d7,janus@8a1e7a1,janus,8a1e7a1,v233_c@9713344,v233_c,9713344,quarry,official,1,0,rating,a,a,1.0,core_destroyed,63,,152,350,9,24,37,60,3,16,ok,,3.598,n-62-29-16,29004605,2026-08-02T16:58:18+0200
c2630abcea7e90a5,auto-7202408d73d7,janus@8a1e7a1,janus,8a1e7a1,vigil@bf9b3e3,vigil,bf9b3e3,fjord,official,1,0,rating,b,b,0.0,core_destroyed,28,,136,90,7,5,30,100,11,7,ok,,3.489,n-62-31-21,29004605,2026-08-02T16:59:32+0200
c268ad450d4ba380,auto-7202408d73d7,janus@8a1e7a1,janus,8a1e7a1,lockin@9713344,lockin,9713344,skerry,official,1,0,rating,a,a,1.0,core_destroyed,39,,153,180,9,10,83,150,11,7,ok,,5.503,n-62-30-25,29004605,2026-08-02T16:57:30+0200
c27c6bca4e7beff4,auto-7202408d73d7,tempest_reinforcements@e1dc316,tempest_reinforcements,e1dc316,janus@8a1e7a1,janus,8a1e7a1,aurora,official,1,0,rating,b,b,0.0,core_destroyed,44,,27,80,9,7,17,90,12,8,ok,,4.955,n-62-21-65,29004605,2026-08-02T16:58:19+0200
c28641e8b7ec182e,auto-7202408d73d7,janus@8a1e7a1,janus,8a1e7a1,uw_v2@9713344,uw_v2,9713344,strait,official,1,0,rating,a,a,1.0,core_destroyed,87,,21,440,12,36,111,270,1,18,ok,,4.758,n-62-28-31,29004605,2026-08-02T16:58:42+0200
c2997473b580adf1,auto-7202408d73d7,tempest_reinforcements@38f9c23,tempest_reinforcements,38f9c23,janus@8a1e7a1,janus,8a1e7a1,strait,official,1,0,rating,a,a,1.0,core_destroyed,46,,8,90,11,8,8,70,13,6,ok,,4.834,n-62-21-54,29004605,2026-08-02T16:57:46+0200
c2a5fc559e6619be,auto-7202408d73d7,janus@8a1e7a1,janus,8a1e7a1,vanguard@818f3b4,vanguard,818f3b4,pinch,official,1,0,rating,a,a,1.0,core_destroyed,41,,31,80,9,7,18,130,13,8,ok,,3.793,n-62-29-34,29004605,2026-08-02T16:59:03+0200
c2a983658e181c4f,auto-7202408d73d7,janus@8a1e7a1,janus,8a1e7a1,tempest_reinforcements@025dd51,tempest_reinforcements,025dd51,sprint,official,1,0,rating,a,a,1.0,core_destroyed,50,,36,100,5,8,14,30,9,2,ok,,4.11,n-62-12-67,29004605,2026-08-02T16:57:24+0200
c2c9fb4f1c880251,auto-7202408d73d7,v233_c@9713344,v233_c,9713344,janus@8a1e7a1,janus,8a1e7a1,duel,official,1,0,rating,b,b,0.0,core_destroyed,249,,199,600,5,6,2245,2220,6,27,ok,,4.458,n-62-29-20,29004605,2026-08-02T16:59:07+0200
c310ef55d473b4b2,auto-7202408d73d7,janus@8a1e7a1,janus,8a1e7a1,e_post2@4a95297,e_post2,4a95297,aurora,official,1,0,rating,a,a,1.0,core_destroyed,40,,20,80,13,9,118,0,10,0,ok,,3.997,n-62-28-34,29004605,2026-08-02T16:57:21+0200
c31c38ddeaf75da4,auto-7202408d73d7,tempest_ferry@26b5aa1,tempest_ferry,26b5aa1,janus@8a1e7a1,janus,8a1e7a1,jackpot,official,1,0,rating,b,b,0.0,core_destroyed,45,,208,0,6,2,142,190,11,8,ok,,3.776,n-62-21-2,29004605,2026-08-02T16:57:12+0200
c33b75c022023614,auto-7202408d73d7,janus@8a1e7a1,janus,8a1e7a1,turtle@9713344,turtle,9713344,sprint,official,1,0,rating,a,a,1.0,core_destroyed,40,,49,180,8,22,79,150,4,11,ok,,2.657,n-62-31-23,29004605,2026-08-02T16:58:31+0200
c33cb36856ae2f75,auto-7202408d73d7,janus@8a1e7a1,janus,8a1e7a1,undertow@da3fd8a,undertow,da3fd8a,aurora,official,1,0,rating,a,a,1.0,core_destroyed,43,,12,90,13,11,69,160,9,14,ok,,3.942,n-62-11-61,29004605,2026-08-02T16:58:27+0200
c34c174eae90708b,auto-7202408d73d7,janus@8a1e7a1,janus,8a1e7a1,vg_v3@9713344,vg_v3,9713344,bridge,official,1,0,rating,a,a,1.0,core_destroyed,118,,263,730,16,19,64,420,7,15,ok,,5.784,n-62-21-90,29004605,2026-08-02T16:59:35+0200
c3541962041944a3,auto-7202408d73d7,claude_challenger_2@fdc1e1f,claude_challenger_2,fdc1e1f,janus@8a1e7a1,janus,8a1e7a1,aurora,official,1,0,rating,b,b,0.0,core_destroyed,37,,12,0,12,1,10,110,13,11,ok,,6.428,n-62-21-92,29004605,2026-08-02T16:58:09+0200
c356c4d836f8d3f7,auto-7202408d73d7,janus@8a1e7a1,janus,8a1e7a1,vg_v7@9713344,vg_v7,9713344,duel,official,1,0,rating,a,a,1.0,core_destroyed,49,,15,240,12,16,76,0,6,5,ok,,3.848,n-62-21-12,29004605,2026-08-02T16:59:03+0200
c35cdd555d330634,auto-7202408d73d7,gobbleglitch@e808e1d,gobbleglitch,e808e1d,janus@8a1e7a1,janus,8a1e7a1,fjord,official,1,0,rating,b,b,0.0,core_destroyed,35,,100,60,8,3,19,180,12,10,ok,,3.637,n-62-29-28,29004605,2026-08-02T16:57:09+0200
c375c5e2fa398ad5,auto-7202408d73d7,uw_v1@9713344,uw_v1,9713344,janus@8a1e7a1,janus,8a1e7a1,fjord,official,1,0,rating,b,b,0.0,core_destroyed,80,,101,370,5,11,233,520,11,25,ok,,3.649,n-62-21-97,29004605,2026-08-02T16:58:27+0200
c37b92f7dfba6b44,auto-7202408d73d7,vanguard@818f3b4,vanguard,818f3b4,janus@8a1e7a1,janus,8a1e7a1,pinch,official,1,0,rating,b,b,0.0,core_destroyed,43,,54,110,9,5,44,170,9,12,ok,,3.386,n-62-29-34,29004605,2026-08-02T16:59:07+0200
c389730467583e5f,auto-7202408d73d7,janus@8a1e7a1,janus,8a1e7a1,titanium_v1@9713344,titanium_v1,9713344,strait,official,1,0,rating,a,a,1.0,core_destroyed,42,,1,100,12,15,297,0,4,4,ok,,2.782,n-62-31-22,29004605,2026-08-02T16:58:20+0200
c3c4b32f5c9d4490,auto-7202408d73d7,janus@8a1e7a1,janus,8a1e7a1,titanium_v1@9713344,titanium_v1,9713344,runestone,official,1,0,rating,a,a,1.0,core_destroyed,26,,13,40,12,10,254,0,4,4,ok,,3.02,n-62-31-5,29004605,2026-08-02T16:59:01+0200
c3d9674185e59660,auto-7202408d73d7,tempest_reinforcements@025dd51,tempest_reinforcements,025dd51,janus@8a1e7a1,janus,8a1e7a1,showdown,official,1,0,rating,a,a,1.0,core_destroyed,20,,29,0,10,5,103,0,9,5,ok,,3.577,n-62-12-67,29004605,2026-08-02T16:57:11+0200
c3df0d72dba27617,auto-7202408d73d7,janus@8a1e7a1,janus,8a1e7a1,tempest_frontier@fdc1e1f,tempest_frontier,fdc1e1f,fjord,official,1,0,rating,a,a,1.0,core_destroyed,33,,30,130,13,8,275,70,5,4,ok,,3.916,n-62-21-23,29004605,2026-08-02T16:56:58+0200
c3eedf643b5ba94e,auto-7202408d73d7,janus@8a1e7a1,janus,8a1e7a1,frontier_v1@9713344,frontier_v1,9713344,quarry,official,1,0,rating,a,a,1.0,core_destroyed,43,,33,150,10,19,44,0,11,1,ok,,4.091,n-62-29-16,29004605,2026-08-02T16:57:34+0200
c3f6085b23b6d115,auto-7202408d73d7,janus@8a1e7a1,janus,8a1e7a1,undertow@da3fd8a,undertow,da3fd8a,hive,official,1,0,rating,a,a,1.0,core_destroyed,63,,27,260,13,19,60,220,8,18,ok,,4.639,n-62-11-61,29004605,2026-08-02T16:59:06+0200
c40114d8f3609c9a,auto-7202408d73d7,janus@8a1e7a1,janus,8a1e7a1,e_condc@6db8844,e_condc,6db8844,jackpot,official,1,0,rating,a,a,1.0,core_destroyed,110,,317,510,13,15,81,70,9,18,ok,,4.387,n-62-21-98,29004605,2026-08-02T16:57:47+0200
c41d4b29dab544bc,auto-7202408d73d7,janus@8a1e7a1,janus,8a1e7a1,e_harc@6db8844,e_harc,6db8844,twins,official,1,0,rating,a,a,1.0,core_destroyed,49,,50,190,11,14,93,100,7,16,ok,,3.62,n-62-28-33,29004605,2026-08-02T16:58:04+0200
c425d73f5909256e,auto-7202408d73d7,janus@8a1e7a1,janus,8a1e7a1,attack_wave_v1@9713344,attack_wave_v1,9713344,crossfire,official,1,0,rating,a,a,1.0,core_destroyed,23,,13,60,11,8,112,0,6,4,ok,,3.391,n-62-31-4,29004605,2026-08-02T16:57:20+0200
c43490593d639f4f,auto-7202408d73d7,janus@8a1e7a1,janus,8a1e7a1,e_t4l7@9e77076,e_t4l7,9e77076,quarry,official,1,0,rating,a,a,1.0,core_destroyed,50,,55,220,11,22,120,220,6,22,ok,,3.178,n-62-29-13,29004605,2026-08-02T16:57:19+0200
c441f987e700fffb,auto-7202408d73d7,janus@8a1e7a1,janus,8a1e7a1,e_harc@6db8844,e_harc,6db8844,showdown,official,1,0,rating,a,a,1.0,core_destroyed,50,,18,120,8,20,50,0,3,9,ok,,2.899,n-62-28-33,29004605,2026-08-02T16:57:21+0200
c445dc01098d8ee9,auto-7202408d73d7,janus@8a1e7a1,janus,8a1e7a1,vanguard_oracle@902be71,vanguard_oracle,902be71,quarry,official,1,0,rating,b,b,0.0,core_destroyed,47,,210,160,6,14,58,220,13,14,ok,,3.888,n-62-11-56,29004605,2026-08-02T16:58:34+0200
c4465f273189ebfb,auto-7202408d73d7,siege_v2@9713344,siege_v2,9713344,janus@8a1e7a1,janus,8a1e7a1,quarry,official,1,0,rating,b,b,0.0,core_destroyed,48,,171,0,6,4,200,210,8,17,ok,,3.397,n-62-12-1,29004605,2026-08-02T16:57:02+0200
c449e1b045edc75b,auto-7202408d73d7,janus@8a1e7a1,janus,8a1e7a1,undertow_oracle@75591b7,undertow_oracle,75591b7,pinch,official,1,0,rating,a,a,1.0,core_destroyed,49,,80,170,11,9,59,90,9,5,ok,,4.805,n-62-31-10,29004605,2026-08-02T16:58:49+0200
c44be32efa8fdbf0,auto-7202408d73d7,janus@8a1e7a1,janus,8a1e7a1,tempest_reinforcements@87724ec,tempest_reinforcements,87724ec,showdown,official,1,0,rating,a,a,1.0,core_destroyed,43,,33,0,8,5,13,0,9,4,ok,,4.558,n-62-21-64,29004605,2026-08-02T16:58:35+0200
c4682c265d138115,auto-7202408d73d7,vg_v7@9713344,vg_v7,9713344,janus@8a1e7a1,janus,8a1e7a1,sprint,official,1,0,rating,b,b,0.0,core_destroyed,32,,78,40,4,4,42,120,9,15,ok,,3.204,n-62-31-4,29004605,2026-08-02T16:59:00+0200
c46b5d7799ff9a65,auto-7202408d73d7,tempest_picket@fdc1e1f,tempest_picket,fdc1e1f,janus@8a1e7a1,janus,8a1e7a1,duel,official,1,0,rating,b,b,0.0,core_destroyed,38,,49,0,9,1,9,100,9,9,ok,,3.42,n-62-12-65,29004605,2026-08-02T16:57:19+0200
c46ddd2fa515a728,auto-7202408d73d7,jonbot_190003d@da3fd8a,jonbot_190003d,da3fd8a,janus@8a1e7a1,janus,8a1e7a1,aurora,official,1,0,rating,b,b,0.0,core_destroyed,78,,6,0,12,6,58,230,9,11,ok,,4.43,n-62-29-34,29004605,2026-08-02T16:57:02+0200
c490fe35d7184973,auto-7202408d73d7,jonbot@da3fd8a,jonbot,da3fd8a,janus@8a1e7a1,janus,8a1e7a1,atoll,official,1,0,rating,b,b,0.0,core_destroyed,44,,98,0,6,3,51,170,10,9,ok,,3.427,n-62-29-9,29004605,2026-08-02T16:58:06+0200
c4922747c10e79de,auto-7202408d73d7,janus@8a1e7a1,janus,8a1e7a1,gobbleglitch@e808e1d,gobbleglitch,e808e1d,sprint,official,1,0,rating,b,b,0.0,core_destroyed,26,,20,40,11,4,67,0,5,1,ok,,3.587,n-62-29-29,29004605,2026-08-02T16:56:58+0200
c495d4d6e085d32e,auto-7202408d73d7,baiter@9713344,baiter,9713344,janus@8a1e7a1,janus,8a1e7a1,sprint,official,1,0,rating,b,b,0.0,core_destroyed,33,,117,30,3,4,3,100,9,20,ok,,3.857,n-62-31-24,29004605,2026-08-02T16:58:00+0200
c495de6def6053f0,auto-7202408d73d7,janus@8a1e7a1,janus,8a1e7a1,claude_challenger_3@fdc1e1f,claude_challenger_3,fdc1e1f,bridge,official,1,0,rating,a,a,1.0,core_destroyed,51,,40,240,6,29,620,0,0,0,ok,,2.359,n-62-31-10,29004605,2026-08-02T16:58:22+0200
c4a300b6a9225094,auto-7202408d73d7,e_final@9e77076,e_final,9e77076,janus@8a1e7a1,janus,8a1e7a1,hive,official,1,0,rating,b,b,0.0,core_destroyed,42,,29,0,11,2,39,90,11,14,ok,,3.851,n-62-28-30,29004605,2026-08-02T16:57:46+0200
c4f2633356dfc4c4,auto-7202408d73d7,janus@8a1e7a1,janus,8a1e7a1,tempest_frontier@fdc1e1f,tempest_frontier,fdc1e1f,aurora,official,1,0,rating,a,a,1.0,core_destroyed,37,,11,70,12,9,251,70,6,7,ok,,3.715,n-62-21-15,29004605,2026-08-02T16:57:48+0200
c4f4353e0d1bd176,auto-7202408d73d7,janus@8a1e7a1,janus,8a1e7a1,undertow_1ac7ac4@da3fd8a,undertow_1ac7ac4,da3fd8a,runestone,official,1,0,rating,a,a,1.0,core_destroyed,36,,20,60,11,13,113,110,7,11,ok,,3.551,n-62-21-92,29004605,2026-08-02T16:58:51+0200
c52c6246b2c71139,auto-7202408d73d7,janus@8a1e7a1,janus,8a1e7a1,undertow_oracle@fdc1e1f,undertow_oracle,fdc1e1f,hive,official,1,0,rating,a,a,1.0,core_destroyed,54,,29,190,10,17,58,260,7,39,ok,,4.354,n-62-21-103,29004605,2026-08-02T16:58:27+0200
c55328d77354589e,auto-7202408d73d7,janus@8a1e7a1,janus,8a1e7a1,riptide@9713344,riptide,9713344,sprint,official,1,0,rating,a,a,1.0,core_destroyed,32,,80,100,8,13,120,90,3,6,ok,,2.811,n-62-21-89,29004605,2026-08-02T16:57:12+0200
c56f3ede9be9ec33,auto-7202408d73d7,titanium_v1@9713344,titanium_v1,9713344,janus@8a1e7a1,janus,8a1e7a1,vase,official,1,0,rating,b,b,0.0,core_destroyed,26,,368,0,4,1,70,30,9,7,ok,,2.467,n-62-31-22,29004605,2026-08-02T16:58:48+0200
c57e268e0375de81,auto-7202408d73d7,undertow@9713344,undertow,9713344,janus@8a1e7a1,janus,8a1e7a1,crossfire,official,1,0,rating,b,b,0.0,core_destroyed,32,,123,100,7,6,30,110,12,11,ok,,3.85,n-62-31-24,29004605,2026-08-02T16:58:42+0200
c5984e037ce483db,auto-7202408d73d7,tempest_outer@fdc1e1f,tempest_outer,fdc1e1f,janus@8a1e7a1,janus,8a1e7a1,atoll,official,1,0,rating,a,a,1.0,core_destroyed,30,,9,0,12,3,108,90,9,5,ok,,3.817,n-62-13-6,29004605,2026-08-02T16:57:55+0200
c5cbb321cab8af05,auto-7202408d73d7,v233_f@9713344,v233_f,9713344,janus@8a1e7a1,janus,8a1e7a1,pinch,official,1,0,rating,b,b,0.0,core_destroyed,45,,45,90,8,13,9,180,11,16,ok,,3.527,n-62-29-18,29004605,2026-08-02T16:58:40+0200
c5d35bfa13f74e22,auto-7202408d73d7,opponent_luc@e83a42c,opponent_luc,e83a42c,janus@8a1e7a1,janus,8a1e7a1,sprint,official,1,0,rating,b,b,0.0,core_destroyed,75,,9,10,1,3,44,470,12,30,ok,,5.541,n-62-11-51,29004605,2026-08-02T16:58:20+0200
c5e6c82d2e022510,auto-7202408d73d7,janus@8a1e7a1,janus,8a1e7a1,tempest_fast@eb1f0f3,tempest_fast,eb1f0f3,showdown,official,1,0,rating,b,b,0.0,core_destroyed,21,,120,0,6,5,48,0,8,8,ok,,3.765,n-62-21-12,29004605,2026-08-02T16:57:41+0200
c60e926341cc6983,auto-7202408d73d7,janus@8a1e7a1,janus,8a1e7a1,tempest_picket@fdc1e1f,tempest_picket,fdc1e1f,runestone,official,1,0,rating,a,a,1.0,core_destroyed,32,,13,50,9,13,115,0,10,4,ok,,3.369,n-62-12-65,29004605,2026-08-02T16:58:03+0200
c62cb387b77828b4,auto-7202408d73d7,janus@8a1e7a1,janus,8a1e7a1,tempest_reinforcements@3d5ab38,tempest_reinforcements,3d5ab38,twins,official,1,0,rating,a,a,1.0,core_destroyed,43,,25,90,13,9,10,0,8,4,ok,,4.421,n-62-21-57,29004605,2026-08-02T16:58:15+0200
c64413cb6c773108,auto-7202408d73d7,janus@8a1e7a1,janus,8a1e7a1,v233_g@9713344,v233_g,9713344,hive,official,1,0,rating,a,a,1.0,core_destroyed,46,,43,130,12,16,60,160,9,25,ok,,3.973,n-62-29-27,29004605,2026-08-02T16:58:21+0200
c666fe10eb81c0f5,auto-7202408d73d7,tempest_picket@fdc1e1f,tempest_picket,fdc1e1f,janus@8a1e7a1,janus,8a1e7a1,skerry,official,1,0,rating,b,b,0.0,core_destroyed,39,,41,0,9,2,76,150,11,9,ok,,3.619,n-62-12-64,29004605,2026-08-02T16:57:10+0200
c66e265c6eefbec8,auto-7202408d73d7,tempest_sentinel@fdc1e1f,tempest_sentinel,fdc1e1f,janus@8a1e7a1,janus,8a1e7a1,pinch,official,1,0,rating,b,b,0.0,core_destroyed,28,,70,0,6,3,48,60,9,13,ok,,3.181,n-62-21-71,29004605,2026-08-02T16:57:49+0200
c673184a0f388123,auto-7202408d73d7,e_harc@6db8844,e_harc,6db8844,janus@8a1e7a1,janus,8a1e7a1,vault,official,1,0,rating,b,b,0.0,core_destroyed,54,,91,80,8,7,191,230,10,10,ok,,3.572,n-62-28-34,29004605,2026-08-02T16:57:09+0200
c6753a992f688ed7,auto-7202408d73d7,janus@8a1e7a1,janus,8a1e7a1,casemate_oracle@902be71,casemate_oracle,902be71,vase,official,1,0,rating,a,a,1.0,core_destroyed,29,,67,20,8,7,196,0,7,2,ok,,3.697,n-62-11-66,29004605,2026-08-02T16:57:27+0200
c67583745a311f90,auto-7202408d73d7,janus@8a1e7a1,janus,8a1e7a1,lockin@9713344,lockin,9713344,aurora,official,1,0,rating,a,a,1.0,core_destroyed,37,,27,70,12,7,73,0,10,2,ok,,5.886,n-62-30-23,29004605,2026-08-02T16:57:09+0200
c68b33d86a6a3dc9,auto-7202408d73d7,janus@8a1e7a1,janus,8a1e7a1,jonbot_190003d@da3fd8a,jonbot_190003d,da3fd8a,strait,official,1,0,rating,a,a,1.0,core_destroyed,45,,19,110,12,14,259,90,5,11,ok,,3.12,n-62-29-5,29004605,2026-08-02T16:57:25+0200
c68c70e490e3da32,auto-7202408d73d7,vg_v3@9713344,vg_v3,9713344,janus@8a1e7a1,janus,8a1e7a1,runestone,official,1,0,rating,b,b,0.0,core_destroyed,29,,68,40,6,9,3,40,11,14,ok,,3.307,n-62-12-6,29004605,2026-08-02T16:59:22+0200
c6c69617cef3f99e,auto-7202408d73d7,janus@8a1e7a1,janus,8a1e7a1,v233_i@902be71,v233_i,902be71,quarry,official,1,0,rating,a,a,1.0,core_destroyed,47,,30,170,11,14,6,140,10,19,ok,,3.871,n-62-29-8,29004605,2026-08-02T16:59:24+0200
c6c8900bc5561691,auto-7202408d73d7,janus@8a1e7a1,janus,8a1e7a1,uw_v2@9713344,uw_v2,9713344,quarry,official,1,0,rating,a,a,1.0,core_destroyed,125,,409,1220,12,42,72,470,2,20,ok,,4.784,n-62-21-99,29004605,2026-08-02T16:59:32+0200
c6e65a13c67279fd,auto-7202408d73d7,janus@8a1e7a1,janus,8a1e7a1,tempest_reinforcements@3d5ab38,tempest_reinforcements,3d5ab38,longship,official,1,0,rating,a,a,1.0,core_destroyed,39,,22,80,12,11,9,70,9,11,ok,,4.246,n-62-21-56,29004605,2026-08-02T16:58:19+0200
c6eb48c99f2796ae,auto-7202408d73d7,janus@8a1e7a1,janus,8a1e7a1,frontier_v2@9713344,frontier_v2,9713344,jackpot,official,1,0,rating,a,a,1.0,core_destroyed,50,,122,210,7,8,217,0,7,2,ok,,3.529,n-62-29-24,29004605,2026-08-02T16:57:12+0200
c700eddf65d1d372,auto-7202408d73d7,titanium_v1@9713344,titanium_v1,9713344,janus@8a1e7a1,janus,8a1e7a1,fjord,official,1,0,rating,b,b,0.0,core_destroyed,34,,321,0,4,3,2,170,13,12,ok,,3.236,n-62-31-5,29004605,2026-08-02T16:58:26+0200
c70e56e18bc5c49a,auto-7202408d73d7,reaver@9713344,reaver,9713344,janus@8a1e7a1,janus,8a1e7a1,sprint,official,1,0,rating,b,b,0.0,core_destroyed,33,,100,50,2,3,8,100,9,19,ok,,3.137,n-62-11-55,29004605,2026-08-02T16:57:08+0200
c71a8c2d92f21e40,auto-7202408d73d7,vg_v5@9713344,vg_v5,9713344,janus@8a1e7a1,janus,8a1e7a1,string,official,1,0,rating,b,b,0.0,core_destroyed,86,,96,0,4,2,278,560,8,18,ok,,4.328,n-62-12-4,29004605,2026-08-02T16:59:21+0200
c7223b7959b8cdd8,auto-7202408d73d7,tempest_sentinel@fdc1e1f,tempest_sentinel,fdc1e1f,janus@8a1e7a1,janus,8a1e7a1,twins,official,1,0,rating,b,b,0.0,core_destroyed,31,,72,0,8,3,50,90,8,14,ok,,3.337,n-62-31-4,29004605,2026-08-02T16:58:50+0200
c73176d16349da83,auto-7202408d73d7,janus@8a1e7a1,janus,8a1e7a1,opponent_luc@e83a42c,opponent_luc,e83a42c,vault,official,1,0,rating,a,a,1.0,core_destroyed,48,,297,190,7,7,193,0,8,3,ok,,4.915,n-62-11-52,29004605,2026-08-02T16:57:27+0200
c733a6cc911ce2a2,auto-7202408d73d7,claude_challenger_1@fdc1e1f,claude_challenger_1,fdc1e1f,janus@8a1e7a1,janus,8a1e7a1,sprint,official,1,0,rating,b,b,0.0,core_destroyed,44,,266,0,4,4,104,240,9,23,ok,,3.169,n-62-11-68,29004605,2026-08-02T16:58:34+0200
c74418d71bc9423b,auto-7202408d73d7,janus@8a1e7a1,janus,8a1e7a1,e_harc@6db8844,e_harc,6db8844,skerry,official,1,0,rating,a,a,1.0,core_destroyed,87,,257,530,8,25,65,270,10,9,ok,,3.627,n-62-28-33,29004605,2026-08-02T16:57:28+0200
c759b3088f7e947a,auto-7202408d73d7,v233_e@9713344,v233_e,9713344,janus@8a1e7a1,janus,8a1e7a1,skerry,official,1,0,rating,b,b,0.0,core_destroyed,60,,114,320,7,9,56,360,10,22,ok,,3.895,n-62-29-13,29004605,2026-08-02T16:59:00+0200
c781d043eeaad0d1,auto-7202408d73d7,vg_v1@9713344,vg_v1,9713344,janus@8a1e7a1,janus,8a1e7a1,quarry,official,1,0,rating,b,b,0.0,core_destroyed,89,,72,170,3,13,261,640,10,35,ok,,3.856,n-62-11-55,29004605,2026-08-02T16:58:53+0200
c78ad451b72bd589,auto-7202408d73d7,v233_a@9713344,v233_a,9713344,janus@8a1e7a1,janus,8a1e7a1,hive,official,1,0,rating,b,b,0.0,titanium_collected,1000,,9222,8740,18,43,15696,16020,6,174,ok,,23.403,n-62-28-35,29004605,2026-08-02T16:59:32+0200
c7ae69f94223e906,auto-7202408d73d7,reaver@9713344,reaver,9713344,janus@8a1e7a1,janus,8a1e7a1,vault,official,1,0,rating,b,b,0.0,core_destroyed,61,,116,0,5,4,218,260,9,12,ok,,3.1,n-62-11-55,29004605,2026-08-02T16:58:20+0200
c7c84a8331ac6518,auto-7202408d73d7,janus@8a1e7a1,janus,8a1e7a1,v233_g@9713344,v233_g,9713344,showdown,official,1,0,rating,a,a,1.0,core_destroyed,35,,31,0,10,7,81,0,2,6,ok,,2.949,n-62-29-27,29004605,2026-08-02T16:59:04+0200
c7d34f7ff57cafbf,auto-7202408d73d7,janus@8a1e7a1,janus,8a1e7a1,tempest_outer@fdc1e1f,tempest_outer,fdc1e1f,showdown,official,1,0,rating,b,b,0.0,core_destroyed,21,,120,0,6,5,48,0,8,8,ok,,4.628,n-62-13-8,29004605,2026-08-02T16:58:53+0200
c7ebe599530efa82,auto-7202408d73d7,janus@8a1e7a1,janus,8a1e7a1,tempest_reinforcements@025dd51,tempest_reinforcements,025dd51,strait,official,1,0,rating,a,a,1.0,core_destroyed,45,,77,130,11,12,16,0,9,4,ok,,4.16,n-62-12-67,29004605,2026-08-02T16:57:32+0200
c7ecafc2a675490d,auto-7202408d73d7,mistral@ba943b9,mistral,ba943b9,janus@8a1e7a1,janus,8a1e7a1,bridge,official,1,0,rating,b,b,0.0,core_destroyed,70,,394,0,4,0,407,360,8,15,ok,,3.59,n-62-31-16,29004605,2026-08-02T16:57:39+0200
c803260eaa5bddaf,auto-7202408d73d7,tempest_outer@fdc1e1f,tempest_outer,fdc1e1f,janus@8a1e7a1,janus,8a1e7a1,runestone,official,1,0,rating,b,b,0.0,core_destroyed,27,,214,40,6,5,3,40,10,13,ok,,4.748,n-62-13-8,29004605,2026-08-02T16:58:48+0200
c81935ad34eb8243,auto-7202408d73d7,e_condc@6db8844,e_condc,6db8844,janus@8a1e7a1,janus,8a1e7a1,hive,official,1,0,rating,b,b,0.0,core_destroyed,72,,64,150,6,13,37,310,10,29,ok,,3.718,n-62-21-98,29004605,2026-08-02T16:57:43+0200
c81fe926a3b5c07f,auto-7202408d73d7,attack_wave_v1@9713344,attack_wave_v1,9713344,janus@8a1e7a1,janus,8a1e7a1,string,official,1,0,rating,b,b,0.0,core_destroyed,93,,387,0,3,2,340,220,9,4,ok,,3.51,n-62-31-5,29004605,2026-08-02T16:57:44+0200
c821b9f6ef8d283f,auto-7202408d73d7,janus@8a1e7a1,janus,8a1e7a1,casemate@902be71,casemate,902be71,showdown,official,1,0,rating,a,a,1.0,core_destroyed,67,,17,260,9,31,6,0,7,3,ok,,3.587,n-62-11-61,29004605,2026-08-02T16:57:57+0200
c84ccb4c067db149,auto-7202408d73d7,jonbot@9713344,jonbot,9713344,janus@8a1e7a1,janus,8a1e7a1,vault,official,1,0,rating,b,b,0.0,core_destroyed,47,,287,0,5,0,297,190,8,6,ok,,2.875,n-62-29-9,29004605,2026-08-02T16:57:59+0200
c8639a7e1e40f777,auto-7202408d73d7,reaver@9713344,reaver,9713344,janus@8a1e7a1,janus,8a1e7a1,bridge,official,1,0,rating,b,b,0.0,core_destroyed,136,,114,340,9,7,399,860,16,17,ok,,5.735,n-62-11-53,29004605,2026-08-02T16:58:26+0200
c8644f049b0c4926,auto-7202408d73d7,tempest_ferry@26b5aa1,tempest_ferry,26b5aa1,janus@8a1e7a1,janus,8a1e7a1,sprint,official,1,0,rating,b,b,0.0,core_destroyed,28,,70,0,4,1,19,40,9,13,ok,,3.626,n-62-21-2,29004605,2026-08-02T16:58:11+0200
c88dc812d3ec851f,auto-7202408d73d7,janus@8a1e7a1,janus,8a1e7a1,claude_challenger_3@fdc1e1f,claude_challenger_3,fdc1e1f,atoll,official,1,0,rating,a,a,1.0,core_destroyed,41,,91,150,10,11,285,0,6,1,ok,,4.622,n-62-31-10,29004605,2026-08-02T16:58:00+0200
c8972e78bc92829c,auto-7202408d73d7,janus@8a1e7a1,janus,8a1e7a1,e_condc@6db8844,e_condc,6db8844,quarry,official,1,0,rating,a,a,1.0,core_destroyed,64,,41,360,12,28,95,170,5,25,ok,,3.881,n-62-21-98,29004605,2026-08-02T16:58:09+0200
c89c1bad8e7ad562,auto-7202408d73d7,janus@8a1e7a1,janus,8a1e7a1,undertow_oracle@fdc1e1f,undertow_oracle,fdc1e1f,twins,official,1,0,rating,b,b,0.0,core_destroyed,51,,4,170,11,12,44,240,7,25,ok,,4.061,n-62-21-104,29004605,2026-08-02T16:59:26+0200
c89d3b013db89d08,auto-7202408d73d7,janus@8a1e7a1,janus,8a1e7a1,undertow@9713344,undertow,9713344,pinch,official,1,0,rating,a,a,1.0,core_destroyed,44,,29,190,13,12,27,170,9,16,ok,,4.572,n-62-31-24,29004605,2026-08-02T16:59:40+0200
c89de4ad69007c52,auto-7202408d73d7,janus@8a1e7a1,janus,8a1e7a1,vanguard@9932bec,vanguard,9932bec,fjord,official,1,0,rating,b,b,0.0,core_destroyed,35,,59,170,9,10,80,210,12,8,ok,,4.133,n-62-30-23,29004605,2026-08-02T16:58:39+0200
c8b297f7e8678b8f,auto-7202408d73d7,gobbleglitch@e808e1d,gobbleglitch,e808e1d,janus@8a1e7a1,janus,8a1e7a1,atoll,official,1,0,rating,a,a,1.0,core_destroyed,26,,41,0,12,1,190,50,8,5,ok,,3.232,n-62-29-27,29004605,2026-08-02T16:57:42+0200
c8b3c076c418e2ea,auto-7202408d73d7,e_harc@6db8844,e_harc,6db8844,janus@8a1e7a1,janus,8a1e7a1,aurora,official,1,0,rating,b,b,0.0,core_destroyed,57,,62,0,7,5,20,210,12,16,ok,,6.443,n-62-28-31,29004605,2026-08-02T16:58:22+0200
c8b889737cca1b00,auto-7202408d73d7,attack_wave_v1@9713344,attack_wave_v1,9713344,janus@8a1e7a1,janus,8a1e7a1,showdown,official,1,0,rating,b,b,0.0,core_destroyed,21,,191,0,5,2,32,0,8,11,ok,,2.897,n-62-31-5,29004605,2026-08-02T16:57:16+0200
c8d5717f5637b44f,auto-7202408d73d7,janus@8a1e7a1,janus,8a1e7a1,tempest_reinforcements@51ad530,tempest_reinforcements,51ad530,skerry,official,1,0,rating,b,b,0.0,core_destroyed,33,,217,120,8,7,14,70,11,5,ok,,4.377,n-62-21-60,29004605,2026-08-02T16:57:48+0200
c8e463473ae0cbf5,auto-7202408d73d7,janus@8a1e7a1,janus,8a1e7a1,tempest_fast@eb1f0f3,tempest_fast,eb1f0f3,sprint,official,1,0,rating,b,b,0.0,core_destroyed,26,,75,40,7,5,59,40,8,7,ok,,3.707,n-62-21-12,29004605,2026-08-02T16:57:58+0200
c913f3d183ebdc84,auto-7202408d73d7,tempest_reinforcements@025dd51,tempest_reinforcements,025dd51,janus@8a1e7a1,janus,8a1e7a1,jackpot,official,1,0,rating,a,a,1.0,core_destroyed,180,,97,750,22,12,146,600,5,3,ok,,7.242,n-62-12-66,29004605,2026-08-02T16:57:59+0200
c915f0ef954bc8ec,auto-7202408d73d7,tempest_frontier@fdc1e1f,tempest_frontier,fdc1e1f,janus@8a1e7a1,janus,8a1e7a1,vase,official,1,0,rating,a,a,1.0,core_destroyed,37,,60,0,8,6,59,0,6,5,ok,,3.427,n-62-21-24,29004605,2026-08-02T16:57:34+0200
c917ebb404c4a2ac,auto-7202408d73d7,janus@8a1e7a1,janus,8a1e7a1,tempest_sentinel@fdc1e1f,tempest_sentinel,fdc1e1f,longship,official,1,0,rating,a,a,1.0,core_destroyed,35,,10,40,10,11,12,0,9,3,ok,,3.998,n-62-21-71,29004605,2026-08-02T16:57:38+0200
c91ab0da12fd6bf0,auto-7202408d73d7,janus@8a1e7a1,janus,8a1e7a1,vg_v7@9713344,vg_v7,9713344,crossfire,official,1,0,rating,a,a,1.0,core_destroyed,32,,23,110,11,11,98,0,6,3,ok,,3.533,n-62-21-12,29004605,2026-08-02T16:58:55+0200
c91c4690cea6c265,auto-7202408d73d7,tempest_oracle_ferry@fdc1e1f,tempest_oracle_ferry,fdc1e1f,janus@8a1e7a1,janus,8a1e7a1,hive,official,1,0,rating,b,b,0.0,core_destroyed,42,,169,80,9,10,10,80,10,16,ok,,3.734,n-62-13-7,29004605,2026-08-02T16:57:18+0200
c92106a8dda48a03,auto-7202408d73d7,janus@8a1e7a1,janus,8a1e7a1,e_harc@6db8844,e_harc,6db8844,crossfire,official,1,0,rating,a,a,1.0,core_destroyed,41,,8,150,11,11,93,0,7,6,ok,,3.449,n-62-28-31,29004605,2026-08-02T16:58:43+0200
c92e81f480e2ded6,auto-7202408d73d7,janus@8a1e7a1,janus,8a1e7a1,vg_v2@9713344,vg_v2,9713344,vase,official,1,0,rating,a,a,1.0,core_destroyed,60,,290,110,6,9,375,0,6,1,ok,,2.71,n-62-21-90,29004605,2026-08-02T16:58:56+0200
c93a5d1cf39d6bb6,auto-7202408d73d7,siege_v1@9713344,siege_v1,9713344,janus@8a1e7a1,janus,8a1e7a1,hive,official,1,0,rating,b,b,0.0,core_destroyed,42,,157,0,6,4,4,90,10,18,ok,,3.084,n-62-21-90,29004605,2026-08-02T16:57:36+0200
c9451232e0dfc84d,auto-7202408d73d7,janus@8a1e7a1,janus,8a1e7a1,vanguard@da3fd8a,vanguard,da3fd8a,crossfire,official,1,0,rating,a,a,1.0,core_destroyed,55,,20,220,12,14,73,240,4,9,ok,,4.223,n-62-31-8,29004605,2026-08-02T16:58:41+0200
c94cbf2d7cae0e70,auto-7202408d73d7,opponent_luc@e83a42c,opponent_luc,e83a42c,janus@8a1e7a1,janus,8a1e7a1,string,official,1,0,rating,b,b,0.0,core_destroyed,46,,610,0,0,0,70,270,9,13,ok,,2.553,n-62-11-52,29004605,2026-08-02T16:57:00+0200
c94fa35428de3fa2,auto-7202408d73d7,janus@8a1e7a1,janus,8a1e7a1,claude_challenger_3@fdc1e1f,claude_challenger_3,fdc1e1f,string,official,1,0,rating,a,a,1.0,core_destroyed,60,,404,460,7,11,650,0,0,0,ok,,2.417,n-62-21-103,29004605,2026-08-02T16:57:27+0200
c962ded5739fd656,auto-7202408d73d7,mistral@ba943b9,mistral,ba943b9,janus@8a1e7a1,janus,8a1e7a1,runestone,official,1,0,rating,b,b,0.0,core_destroyed,27,,235,0,6,0,3,40,10,13,ok,,5.455,n-62-31-19,29004605,2026-08-02T16:57:27+0200
c98571e4e8b2525e,auto-7202408d73d7,attack_wave_v1@9713344,attack_wave_v1,9713344,janus@8a1e7a1,janus,8a1e7a1,skerry,official,1,0,rating,b,b,0.0,core_destroyed,40,,166,0,6,4,70,200,11,13,ok,,3.44,n-62-31-5,29004605,2026-08-02T16:57:23+0200
c9a1c445be63b8ff,auto-7202408d73d7,mistral@ba943b9,mistral,ba943b9,janus@8a1e7a1,janus,8a1e7a1,duel,official,1,0,rating,b,b,0.0,core_destroyed,25,,157,0,6,0,21,90,10,8,ok,,4.248,n-62-31-16,29004605,2026-08-02T16:57:57+0200
c9a5bd4dead2edf0,auto-7202408d73d7,undertow@9713344,undertow,9713344,janus@8a1e7a1,janus,8a1e7a1,fjord,official,1,0,rating,b,b,0.0,core_destroyed,42,,70,250,6,9,23,230,13,12,ok,,4.506,n-62-31-24,29004605,2026-08-02T16:58:59+0200
c9bb41538a178186,auto-7202408d73d7,janus@8a1e7a1,janus,8a1e7a1,tempest_blindfire@fdc1e1f,tempest_blindfire,fdc1e1f,crossfire,official,1,0,rating,a,a,1.0,core_destroyed,27,,16,80,11,9,270,50,4,4,ok,,3.567,n-62-12-4,29004605,2026-08-02T16:57:42+0200
c9bf1b355ec1a744,auto-7202408d73d7,janus@8a1e7a1,janus,8a1e7a1,e_condc@6db8844,e_condc,6db8844,strait,official,1,0,rating,a,a,1.0,core_destroyed,59,,70,220,11,16,142,220,9,17,ok,,3.962,n-62-21-99,29004605,2026-08-02T16:57:28+0200
c9e92df93ecaa12d,auto-7202408d73d7,vanguard@9932bec,vanguard,9932bec,janus@8a1e7a1,janus,8a1e7a1,sprint,official,1,0,rating,b,b,0.0,core_destroyed,38,,39,0,7,4,20,120,11,10,ok,,4.074,n-62-30-25,29004605,2026-08-02T16:58:38+0200
c9f267dab1a67fb3,auto-7202408d73d7,opponent_luc@e83a42c,opponent_luc,e83a42c,janus@8a1e7a1,janus,8a1e7a1,vault,official,1,0,rating,b,b,0.0,core_destroyed,61,,422,220,7,3,192,260,10,13,ok,,5.335,n-62-11-52,29004605,2026-08-02T16:57:33+0200
c9fbf145521c0289,auto-7202408d73d7,tempest_frontier@fdc1e1f,tempest_frontier,fdc1e1f,janus@8a1e7a1,janus,8a1e7a1,pinch,official,1,0,rating,b,b,0.0,core_destroyed,30,,10,0,12,3,25,70,10,12,ok,,3.973,n-62-21-23,29004605,2026-08-02T16:57:38+0200
ca2092cb7f2dc7d8,auto-7202408d73d7,janus@8a1e7a1,janus,8a1e7a1,vanguard_oracle@75591b7,vanguard_oracle,75591b7,crossfire,official,1,0,rating,a,a,1.0,core_destroyed,49,,11,190,13,14,104,200,11,6,ok,,4.564,n-62-31-7,29004605,2026-08-02T16:59:11+0200
ca35a5e46190294e,auto-7202408d73d7,jonbot_190003d@da3fd8a,jonbot_190003d,da3fd8a,janus@8a1e7a1,janus,8a1e7a1,strait,official,1,0,rating,a,a,1.0,core_destroyed,96,,240,270,5,12,200,370,7,41,ok,,3.233,n-62-29-5,29004605,2026-08-02T16:57:28+0200
caa8bae578dd123c,auto-7202408d73d7,vanguard@c407e79,vanguard,c407e79,janus@8a1e7a1,janus,8a1e7a1,skerry,official,1,0,rating,b,b,0.0,core_destroyed,41,,78,230,9,9,186,200,9,10,ok,,3.827,n-62-31-19,29004605,2026-08-02T16:58:36+0200
cab951aa5117123a,auto-7202408d73d7,v233_i@902be71,v233_i,902be71,janus@8a1e7a1,janus,8a1e7a1,hive,official,1,0,rating,b,b,0.0,core_destroyed,43,,88,130,5,15,30,110,10,18,ok,,3.407,n-62-29-8,29004605,2026-08-02T16:58:58+0200
cabed535c7aec0da,auto-7202408d73d7,janus@8a1e7a1,janus,8a1e7a1,claude_challenger_1@fdc1e1f,claude_challenger_1,fdc1e1f,runestone,official,1,0,rating,a,a,1.0,core_destroyed,35,,10,60,11,13,32,60,9,7,ok,,6.673,n-62-11-68,29004605,2026-08-02T16:58:08+0200
cacacdcf7733acca,auto-7202408d73d7,janus@8a1e7a1,janus,8a1e7a1,prospect_rushonly@bf9b3e3,prospect_rushonly,bf9b3e3,hive,official,1,0,rating,b,b,0.0,core_destroyed,46,,31,120,12,12,37,110,9,15,ok,,4.747,n-62-11-54,29004605,2026-08-02T16:57:17+0200
cae5c6e0a8b8dd80,auto-7202408d73d7,janus@8a1e7a1,janus,8a1e7a1,tempest@da3fd8a,tempest,da3fd8a,vase,official,1,0,rating,b,b,0.0,core_destroyed,32,,92,40,8,6,119,0,7,6,ok,,4.104,n-62-12-4,29004605,2026-08-02T16:56:59+0200
cae8a29555b13381,auto-7202408d73d7,tempest_blindfire@fdc1e1f,tempest_blindfire,fdc1e1f,janus@8a1e7a1,janus,8a1e7a1,strait,official,1,0,rating,b,b,0.0,core_destroyed,36,,205,0,6,3,60,100,9,13,ok,,3.461,n-62-21-4,29004605,2026-08-02T16:58:01+0200
caf4c2c8a7f91eb4,auto-7202408d73d7,janus@8a1e7a1,janus,8a1e7a1,siege_v1@9713344,siege_v1,9713344,sweden,official,1,0,rating,a,a,1.0,core_destroyed,67,,135,330,12,22,258,0,5,3,ok,,3.846,n-62-12-6,29004605,2026-08-02T16:57:38+0200
cb2c12f4a2e03f4f,auto-7202408d73d7,tempest_reinforcements@38f9c23,tempest_reinforcements,38f9c23,janus@8a1e7a1,janus,8a1e7a1,sweden,official,1,0,rating,a,a,1.0,core_destroyed,40,,35,20,10,10,108,100,5,18,ok,,3.462,n-62-21-54,29004605,2026-08-02T16:58:34+0200
cb33589ed5f678c5,auto-7202408d73d7,janus@8a1e7a1,janus,8a1e7a1,tempest_frontier@fdc1e1f,tempest_frontier,fdc1e1f,sprint,official,1,0,rating,b,b,0.0,core_destroyed,29,,11,50,10,4,60,10,7,3,ok,,3.716,n-62-21-23,29004605,2026-08-02T16:58:15+0200
cb52b839ecdad51e,auto-7202408d73d7,vg_v7@9713344,vg_v7,9713344,janus@8a1e7a1,janus,8a1e7a1,runestone,official,1,0,rating,b,b,0.0,core_destroyed,29,,90,40,7,9,3,40,11,14,ok,,3.542,n-62-31-4,29004605,2026-08-02T16:58:40+0200
cb732d3d2327a196,auto-7202408d73d7,janus@8a1e7a1,janus,8a1e7a1,casemate_oracle@902be71,casemate_oracle,902be71,skerry,official,1,0,rating,b,b,0.0,core_destroyed,109,,786,510,4,9,30,0,12,27,ok,,6.523,n-62-11-65,29004605,2026-08-02T16:58:08+0200
cb846ee016959003,auto-7202408d73d7,janus@8a1e7a1,janus,8a1e7a1,v233_c@9713344,v233_c,9713344,sprint,official,1,0,rating,a,a,1.0,core_destroyed,30,,52,80,8,13,114,100,5,7,ok,,2.995,n-62-29-16,29004605,2026-08-02T16:58:48+0200
cbc89665564598bf,auto-7202408d73d7,janus@8a1e7a1,janus,8a1e7a1,prospect_rushonly@bf9b3e3,prospect_rushonly,bf9b3e3,vase,official,1,0,rating,b,b,0.0,core_destroyed,34,,76,40,6,6,25,40,10,7,ok,,3.42,n-62-11-53,29004605,2026-08-02T16:57:40+0200
cbcde0532ac0ddbb,auto-7202408d73d7,janus@8a1e7a1,janus,8a1e7a1,vg_v4@9713344,vg_v4,9713344,skerry,official,1,0,rating,a,a,1.0,core_destroyed,57,,182,340,9,22,93,0,5,6,ok,,3.573,n-62-12-2,29004605,2026-08-02T16:59:43+0200
cbe1424c0c99e31e,auto-7202408d73d7,janus@8a1e7a1,janus,8a1e7a1,v233_e@9713344,v233_e,9713344,vault,official,1,0,rating,b,b,0.0,core_destroyed,72,,401,240,8,4,246,330,10,16,ok,,3.729,n-62-29-14,29004605,2026-08-02T16:58:50+0200
cbf4b87f6d43bd61,auto-7202408d73d7,janus@8a1e7a1,janus,8a1e7a1,tempest_reinforcements@38f9c23,tempest_reinforcements,38f9c23,twins,official,1,0,rating,b,b,0.0,core_destroyed,34,,63,90,11,9,10,50,9,14,ok,,4.002,n-62-21-54,29004605,2026-08-02T16:58:38+0200
cc2876fe2a1dc2ff,auto-7202408d73d7,siege_v2@9713344,siege_v2,9713344,janus@8a1e7a1,janus,8a1e7a1,hive,official,1,0,rating,b,b,0.0,core_destroyed,42,,109,0,6,5,10,90,10,18,ok,,2.871,n-62-12-5,29004605,2026-08-02T16:57:38+0200
cc2fcf697034b4f0,auto-7202408d73d7,janus@8a1e7a1,janus,8a1e7a1,undertow@da3fd8a,undertow,da3fd8a,longship,official,1,0,rating,a,a,1.0,core_destroyed,52,,20,150,12,13,88,210,5,15,ok,,3.792,n-62-11-61,29004605,2026-08-02T16:59:25+0200
cc3438fbc8d661df,auto-7202408d73d7,tempest@da3fd8a,tempest,da3fd8a,janus@8a1e7a1,janus,8a1e7a1,pinch,official,1,0,rating,b,b,0.0,core_destroyed,28,,91,0,8,3,47,60,8,12,ok,,3.718,n-62-12-3,29004605,2026-08-02T16:57:02+0200
cc5979e3bf172c58,auto-7202408d73d7,e_post2@4a95297,e_post2,4a95297,janus@8a1e7a1,janus,8a1e7a1,runestone,official,1,0,rating,b,b,0.0,core_destroyed,33,,79,0,9,2,3,50,11,15,ok,,4.085,n-62-28-35,29004605,2026-08-02T16:57:28+0200
cc9a688edbbb622a,auto-7202408d73d7,janus@8a1e7a1,janus,8a1e7a1,lockin@9713344,lockin,9713344,strait,official,1,0,rating,a,a,1.0,core_destroyed,46,,11,130,11,16,50,0,10,7,ok,,5.486,n-62-30-25,29004605,2026-08-02T16:57:49+0200
ccacfecb006c2985,auto-7202408d73d7,e_post2@4a95297,e_post2,4a95297,janus@8a1e7a1,janus,8a1e7a1,pinch,official,1,0,rating,b,b,0.0,core_destroyed,36,,40,0,8,11,60,100,8,14,ok,,3.344,n-62-28-35,29004605,2026-08-02T16:57:11+0200
ccb0821570e0567f,auto-7202408d73d7,janus@8a1e7a1,janus,8a1e7a1,v233_d@9713344,v233_d,9713344,hive,official,1,0,rating,b,b,0.0,core_destroyed,51,,87,150,11,14,67,0,5,9,ok,,3.57,n-62-29-28,29004605,2026-08-02T16:59:30+0200
ccb7743acc5f9df0,auto-7202408d73d7,janus@8a1e7a1,janus,8a1e7a1,riptide@9713344,riptide,9713344,vault,official,1,0,rating,a,a,1.0,titanium_collected,1000,,11748,9520,6,50,4603,2490,12,13,ok,,16.52,n-62-21-89,29004605,2026-08-02T16:58:21+0200
ccbb40804db6eee2,auto-7202408d73d7,janus@8a1e7a1,janus,8a1e7a1,tempest_reinforcements@87724ec,tempest_reinforcements,87724ec,string,official,1,0,rating,a,a,1.0,core_destroyed,77,,97,190,7,6,57,320,7,9,ok,,4.669,n-62-21-65,29004605,2026-08-02T16:56:59+0200
ccbca03a2f0de268,auto-7202408d73d7,frontier_v2@9713344,frontier_v2,9713344,janus@8a1e7a1,janus,8a1e7a1,sweden,official,1,0,rating,b,b,0.0,core_destroyed,65,,160,0,7,4,235,320,11,22,ok,,3.266,n-62-29-27,29004605,2026-08-02T16:57:17+0200
ccd3ab16dbcc2f84,auto-7202408d73d7,janus@8a1e7a1,janus,8a1e7a1,casemate@902be71,casemate,902be71,twins,official,1,0,rating,a,a,1.0,core_destroyed,181,,890,1400,10,52,9,0,5,26,ok,,5.563,n-62-11-64,29004605,2026-08-02T16:57:10+0200
ccd7e7928c5d7630,auto-7202408d73d7,janus@8a1e7a1,janus,8a1e7a1,tempest_reinforcements@3d5ab38,tempest_reinforcements,3d5ab38,pinch,official,1,0,rating,b,b,0.0,core_destroyed,22,,274,30,4,4,10,30,10,8,ok,,3.212,n-62-21-57,29004605,2026-08-02T16:56:58+0200
ccf01445f534a0f4,auto-7202408d73d7,casemate@902be71,casemate,902be71,janus@8a1e7a1,janus,8a1e7a1,twins,official,1,0,rating,b,b,0.0,core_destroyed,96,,10,0,6,45,540,570,7,32,ok,,3.93,n-62-11-64,29004605,2026-08-02T16:57:14+0200
cd192b7a4d1b6da4,auto-7202408d73d7,janus@8a1e7a1,janus,8a1e7a1,vanguard@da3fd8a,vanguard,da3fd8a,pinch,official,1,0,rating,a,a,1.0,core_destroyed,40,,19,80,12,10,111,170,8,12,ok,,3.653,n-62-31-8,29004605,2026-08-02T16:59:31+0200
cd268348bc37e528,auto-7202408d73d7,janus@8a1e7a1,janus,8a1e7a1,jonbot@9713344,jonbot,9713344,vase,official,1,0,rating,a,a,1.0,core_destroyed,90,,320,190,7,19,335,0,5,0,ok,,2.944,n-62-29-9,29004605,2026-08-02T16:57:49+0200
cd344b1cf68665e6,auto-7202408d73d7,v233_f@9713344,v233_f,9713344,janus@8a1e7a1,janus,8a1e7a1,longship,official,1,0,rating,b,b,0.0,core_destroyed,48,,87,230,8,15,13,160,11,15,ok,,3.788,n-62-29-18,29004605,2026-08-02T16:58:33+0200
cd34faeac38cd1e7,auto-7202408d73d7,janus@8a1e7a1,janus,8a1e7a1,frontier_v2@9713344,frontier_v2,9713344,vault,official,1,0,rating,a,a,1.0,core_destroyed,47,,288,180,8,7,92,0,8,3,ok,,2.81,n-62-29-27,29004605,2026-08-02T16:57:33+0200
cd3842c640f86169,auto-7202408d73d7,janus@8a1e7a1,janus,8a1e7a1,lockin@9713344,lockin,9713344,jackpot,official,1,0,rating,a,a,1.0,core_destroyed,50,,122,210,7,8,620,0,0,0,ok,,2.54,n-62-30-23,29004605,2026-08-02T16:58:04+0200
cd3ddbea77e6cd06,auto-7202408d73d7,janus@8a1e7a1,janus,8a1e7a1,vigil@1b5f3d1,vigil,1b5f3d1,crossfire,official,1,0,rating,b,b,0.0,core_destroyed,34,,12,70,10,8,8,40,10,4,ok,,3.828,n-62-31-22,29004605,2026-08-02T16:59:13+0200
cd4ab761dc0e9075,auto-7202408d73d7,undertow@fdc1e1f,undertow,fdc1e1f,janus@8a1e7a1,janus,8a1e7a1,sprint,official,1,0,rating,b,b,0.0,core_destroyed,36,,62,0,7,2,42,170,9,19,ok,,3.725,n-62-11-66,29004605,2026-08-02T16:59:05+0200
cd4f81844874af66,auto-7202408d73d7,tempest_reinforcements@65ddc55,tempest_reinforcements,65ddc55,janus@8a1e7a1,janus,8a1e7a1,vase,official,1,0,rating,b,b,0.0,core_destroyed,41,,12,0,10,4,59,0,8,5,ok,,4.112,n-62-21-63,29004605,2026-08-02T16:57:22+0200
cd744270152fe0ca,auto-7202408d73d7,janus@8a1e7a1,janus,8a1e7a1,e9cand@9e77076,e9cand,9e77076,sprint,official,1,0,rating,a,a,1.0,core_destroyed,26,,94,0,8,6,126,20,7,12,ok,,3.129,n-62-21-97,29004605,2026-08-02T16:57:13+0200
cd7d34cb501ff081,auto-7202408d73d7,vanguard@c407e79,vanguard,c407e79,janus@8a1e7a1,janus,8a1e7a1,sprint,official,1,0,rating,b,b,0.0,core_destroyed,38,,39,0,7,4,20,120,11,10,ok,,3.85,n-62-31-19,29004605,2026-08-02T16:58:44+0200
cd9a17377fab5809,auto-7202408d73d7,janus@8a1e7a1,janus,8a1e7a1,jonbot@da3fd8a,jonbot,da3fd8a,pinch,official,1,0,rating,a,a,1.0,core_destroyed,51,,78,180,9,9,36,0,4,14,ok,,3.379,n-62-29-31,29004605,2026-08-02T16:57:59+0200
cdb140b313f82273,auto-7202408d73d7,tempest_picket@fdc1e1f,tempest_picket,fdc1e1f,janus@8a1e7a1,janus,8a1e7a1,twins,official,1,0,rating,b,b,0.0,core_destroyed,29,,235,0,5,3,28,70,10,14,ok,,2.871,n-62-12-64,29004605,2026-08-02T16:57:46+0200
cdbad739618334bb,auto-7202408d73d7,janus@8a1e7a1,janus,8a1e7a1,vg_v1@9713344,vg_v1,9713344,sweden,official,1,0,rating,a,a,1.0,core_destroyed,111,,558,660,10,22,78,220,7,10,ok,,5.832,n-62-21-91,29004605,2026-08-02T16:58:30+0200
cdd6d9be5bf92542,auto-7202408d73d7,janus@8a1e7a1,janus,8a1e7a1,attack_wave_v1@9713344,attack_wave_v1,9713344,sprint,official,1,0,rating,a,a,1.0,core_destroyed,31,,124,110,7,14,129,0,6,4,ok,,2.974,n-62-31-5,29004605,2026-08-02T16:57:26+0200
cdd78bb0b42362d5,auto-7202408d73d7,claude_challenger_3@fdc1e1f,claude_challenger_3,fdc1e1f,janus@8a1e7a1,janus,8a1e7a1,showdown,official,1,0,rating,b,b,0.0,core_destroyed,20,,550,0,0,0,53,0,7,11,ok,,1.882,n-62-31-11,29004605,2026-08-02T16:58:33+0200
cde68ee39783b310,auto-7202408d73d7,tempest@da3fd8a,tempest,da3fd8a,janus@8a1e7a1,janus,8a1e7a1,sprint,official,1,0,rating,b,b,0.0,core_destroyed,28,,70,0,4,1,19,40,9,13,ok,,3.432,n-62-12-3,29004605,2026-08-02T16:57:48+0200
ce271d7ffdf313b5,auto-7202408d73d7,janus@8a1e7a1,janus,8a1e7a1,v233_i@902be71,v233_i,902be71,bridge,official,1,0,rating,b,b,0.0,core_destroyed,65,,111,190,9,15,58,110,11,10,ok,,3.473,n-62-29-29,29004605,2026-08-02T16:59:20+0200
ce28f54f75d04edd,auto-7202408d73d7,janus@8a1e7a1,janus,8a1e7a1,v233_f@9713344,v233_f,9713344,sweden,official,1,0,rating,b,b,0.0,core_destroyed,76,,109,340,11,18,360,400,9,22,ok,,3.944,n-62-29-24,29004605,2026-08-02T16:58:20+0200
ce2ed4992bab1c7b,auto-7202408d73d7,janus@8a1e7a1,janus,8a1e7a1,e_final@9e77076,e_final,9e77076,duel,official,1,0,rating,a,a,1.0,core_destroyed,53,,37,270,11,17,58,0,6,5,ok,,3.415,n-62-28-30,29004605,2026-08-02T16:57:28+0200
ce46a13c894a35b6,auto-7202408d73d7,vanguard@c407e79,vanguard,c407e79,janus@8a1e7a1,janus,8a1e7a1,showdown,official,1,0,rating,b,b,0.0,core_destroyed,32,,64,0,8,2,29,60,9,15,ok,,3.388,n-62-31-19,29004605,2026-08-02T16:58:27+0200
ce50e4d17845739c,auto-7202408d73d7,janus@8a1e7a1,janus,8a1e7a1,e9cand@9e77076,e9cand,9e77076,strait,official,1,0,rating,a,a,1.0,core_destroyed,48,,57,140,10,16,102,0,11,5,ok,,4.004,n-62-21-97,29004605,2026-08-02T16:57:20+0200
ce52df2a5d768525,auto-7202408d73d7,janus@8a1e7a1,janus,8a1e7a1,tempest_reinforcements@51ad530,tempest_reinforcements,51ad530,string,official,1,0,rating,a,a,1.0,core_destroyed,62,,215,220,4,6,60,140,13,6,ok,,4.528,n-62-21-60,29004605,2026-08-02T16:58:18+0200
ce587eab0022533a,auto-7202408d73d7,jonbot@da3fd8a,jonbot,da3fd8a,janus@8a1e7a1,janus,8a1e7a1,vault,official,1,0,rating,b,b,0.0,core_destroyed,45,,188,0,8,4,241,180,9,6,ok,,3.382,n-62-29-32,29004605,2026-08-02T16:58:01+0200
ce6d9d02d15642af,auto-7202408d73d7,janus@8a1e7a1,janus,8a1e7a1,tempest@da3fd8a,tempest,da3fd8a,bridge,official,1,0,rating,a,a,1.0,core_destroyed,45,,125,180,9,17,254,0,5,7,ok,,3.39,n-62-12-2,29004605,2026-08-02T16:57:29+0200
ce86cd95d7e9f692,auto-7202408d73d7,janus@8a1e7a1,janus,8a1e7a1,frontier_v1@9713344,frontier_v1,9713344,strait,official,1,0,rating,a,a,1.0,core_destroyed,42,,1,100,12,15,44,0,10,2,ok,,4.053,n-62-29-16,29004605,2026-08-02T16:58:11+0200
ce8a7a2f138087db,auto-7202408d73d7,janus@8a1e7a1,janus,8a1e7a1,prospect_rushonly@bf9b3e3,prospect_rushonly,bf9b3e3,fjord,official,1,0,rating,b,b,0.0,core_destroyed,34,,83,170,8,10,9,170,12,10,ok,,4.389,n-62-11-54,29004605,2026-08-02T16:57:08+0200
cea060ef7d75774f,auto-7202408d73d7,v233_f@9713344,v233_f,9713344,janus@8a1e7a1,janus,8a1e7a1,string,official,1,0,rating,a,a,1.0,core_destroyed,95,,91,440,4,8,74,230,10,2,ok,,4.354,n-62-29-18,29004605,2026-08-02T16:59:32+0200
ceb127e95d104853,auto-7202408d73d7,janus@8a1e7a1,janus,8a1e7a1,e_t4l7@9e77076,e_t4l7,9e77076,bridge,official,1,0,rating,a,a,1.0,core_destroyed,55,,161,250,9,19,10,150,6,19,ok,,2.97,n-62-29-20,29004605,2026-08-02T16:57:35+0200
cecee1db19cd7234,auto-7202408d73d7,undertow@fdc1e1f,undertow,fdc1e1f,janus@8a1e7a1,janus,8a1e7a1,bridge,official,1,0,rating,b,b,0.0,core_destroyed,103,,108,410,13,20,323,610,14,16,ok,,5.088,n-62-11-65,29004605,2026-08-02T16:59:10+0200
ceda8c6e693cede1,auto-7202408d73d7,janus@8a1e7a1,janus,8a1e7a1,v233_d@9713344,v233_d,9713344,atoll,official,1,0,rating,a,a,1.0,core_destroyed,62,,54,190,11,9,74,40,4,5,ok,,3.633,n-62-29-28,29004605,2026-08-02T16:58:27+0200
cee7e774c7e9d63e,auto-7202408d73d7,janus@8a1e7a1,janus,8a1e7a1,titanium_v1@9713344,titanium_v1,9713344,string,official,1,0,rating,a,a,1.0,core_destroyed,102,,389,880,12,11,527,0,1,1,ok,,4.027,n-62-31-22,29004605,2026-08-02T16:58:27+0200
cf0257f0786a1e91,auto-7202408d73d7,janus@8a1e7a1,janus,8a1e7a1,e_harc@6db8844,e_harc,6db8844,runestone,official,1,0,rating,a,a,1.0,core_destroyed,31,,3,50,11,13,34,0,9,7,ok,,3.568,n-62-28-33,29004605,2026-08-02T16:57:15+0200
cf066c8ebca7f51d,auto-7202408d73d7,janus@8a1e7a1,janus,8a1e7a1,e_t4l7@9e77076,e_t4l7,9e77076,longship,official,1,0,rating,a,a,1.0,core_destroyed,39,,20,80,12,12,3,130,6,22,ok,,3.293,n-62-29-13,29004605,2026-08-02T16:57:06+0200
cf0c8e50a8037a73,auto-7202408d73d7,e_harc@6db8844,e_harc,6db8844,janus@8a1e7a1,janus,8a1e7a1,atoll,official,1,0,rating,b,b,0.0,core_destroyed,43,,108,80,9,4,60,160,10,9,ok,,9.181,n-62-28-31,29004605,2026-08-02T16:58:09+0200
cf46f95c5bbefdeb,auto-7202408d73d7,janus@8a1e7a1,janus,8a1e7a1,autistimusprime@ecd4d24,autistimusprime,ecd4d24,longship,official,1,0,rating,a,a,1.0,core_destroyed,44,,19,90,13,10,56,80,8,16,ok,,3.86,n-62-31-22,29004605,2026-08-02T16:58:25+0200
cf827baf5610e52b,auto-7202408d73d7,prospect@bf9b3e3,prospect,bf9b3e3,janus@8a1e7a1,janus,8a1e7a1,jackpot,official,1,0,rating,b,b,0.0,core_destroyed,80,,248,330,14,7,271,350,6,8,ok,,4.818,n-62-11-56,29004605,2026-08-02T16:57:27+0200
cf8abf487a836302,auto-7202408d73d7,janus@8a1e7a1,janus,8a1e7a1,casemate_oracle@902be71,casemate_oracle,902be71,string,official,1,0,rating,a,a,1.0,core_destroyed,43,,57,100,11,5,261,0,5,1,ok,,4.027,n-62-11-66,29004605,2026-08-02T16:56:58+0200
cfa9c658bd0fc92c,auto-7202408d73d7,tempest_reinforcements@e1dc316,tempest_reinforcements,e1dc316,janus@8a1e7a1,janus,8a1e7a1,atoll,official,1,0,rating,a,a,1.0,core_destroyed,32,,20,70,11,6,244,100,6,6,ok,,3.806,n-62-21-65,29004605,2026-08-02T16:58:09+0200
cfad98469c001610,auto-7202408d73d7,v233_b@9713344,v233_b,9713344,janus@8a1e7a1,janus,8a1e7a1,quarry,official,1,0,rating,a,a,1.0,core_destroyed,54,,9,110,10,12,69,260,8,17,ok,,3.145,n-62-28-33,29004605,2026-08-02T16:59:38+0200
cfb8e630164f632d,auto-7202408d73d7,frontier_v1@9713344,frontier_v1,9713344,janus@8a1e7a1,janus,8a1e7a1,string,official,1,0,rating,b,b,0.0,core_destroyed,33,,27,0,8,3,58,70,11,4,ok,,3.616,n-62-29-18,29004605,2026-08-02T16:57:04+0200
cfc0d1cf387966eb,auto-7202408d73d7,e_condc@6db8844,e_condc,6db8844,janus@8a1e7a1,janus,8a1e7a1,vault,official,1,0,rating,b,b,0.0,core_destroyed,53,,86,110,8,4,141,220,10,10,ok,,3.689,n-62-21-99,29004605,2026-08-02T16:58:10+0200
cfe1fa567d2b6713,auto-7202408d73d7,mistral@ba943b9,mistral,ba943b9,janus@8a1e7a1,janus,8a1e7a1,string,official,1,0,rating,b,b,0.0,core_destroyed,30,,236,0,4,0,114,70,9,3,ok,,3.032,n-62-31-19,29004605,2026-08-02T16:58:12+0200
cfe7944cc134fcdc,auto-7202408d73d7,janus@8a1e7a1,janus,8a1e7a1,prospect_rushonly@bf9b3e3,prospect_rushonly,bf9b3e3,strait,official,1,0,rating,a,a,1.0,core_destroyed,47,,13,100,9,6,48,150,9,13,ok,,4.246,n-62-11-53,29004605,2026-08-02T16:57:07+0200
d0777e3f49d94a4b,auto-7202408d73d7,tempest_reinforcements@e1dc316,tempest_reinforcements,e1dc316,janus@8a1e7a1,janus,8a1e7a1,crossfire,official,1,0,rating,b,b,0.0,core_destroyed,33,,20,70,12,4,43,110,8,11,ok,,4.541,n-62-21-65,29004605,2026-08-02T16:59:04+0200
d08f93dd4f43d60e,auto-7202408d73d7,prospect@bf9b3e3,prospect,bf9b3e3,janus@8a1e7a1,janus,8a1e7a1,string,official,1,0,rating,a,a,1.0,titanium_collected,1000,,8936,6820,8,16,2378,40,1,1,ok,,7.38,n-62-11-57,29004605,2026-08-02T16:57:14+0200
d094fdb9c3101113,auto-7202408d73d7,vanguard@818f3b4,vanguard,818f3b4,janus@8a1e7a1,janus,8a1e7a1,sprint,official,1,0,rating,b,b,0.0,core_destroyed,38,,39,0,7,4,20,120,11,10,ok,,3.571,n-62-29-5,29004605,2026-08-02T16:58:25+0200
d09ea9afeb9038a0,auto-7202408d73d7,jonbot@9713344,jonbot,9713344,janus@8a1e7a1,janus,8a1e7a1,longship,official,1,0,rating,b,b,0.0,core_destroyed,33,,255,0,5,0,28,90,11,9,ok,,3.38,n-62-29-8,29004605,2026-08-02T16:57:36+0200
d09eef9db4b671fd,auto-7202408d73d7,janus@8a1e7a1,janus,8a1e7a1,v233_d@9713344,v233_d,9713344,sprint,official,1,0,rating,a,a,1.0,core_destroyed,32,,73,100,8,14,84,110,5,7,ok,,3.019,n-62-29-9,29004605,2026-08-02T16:58:58+0200
d0bb7d75271387b7,auto-7202408d73d7,tempest_reinforcements@025dd51,tempest_reinforcements,025dd51,janus@8a1e7a1,janus,8a1e7a1,pinch,official,1,0,rating,b,b,0.0,core_destroyed,45,,41,90,9,8,9,90,11,5,ok,,3.942,n-62-12-66,29004605,2026-08-02T16:58:14+0200
d0d278fc2c1440b9,auto-7202408d73d7,janus@8a1e7a1,janus,8a1e7a1,reaver@9713344,reaver,9713344,sweden,official,1,0,rating,a,a,1.0,core_destroyed,98,,214,570,15,22,118,90,7,5,ok,,4.843,n-62-11-55,29004605,2026-08-02T16:57:40+0200
d0e55e5bceb9d757,auto-7202408d73d7,vanguard_oracle@75591b7,vanguard_oracle,75591b7,janus@8a1e7a1,janus,8a1e7a1,strait,official,1,0,rating,b,b,0.0,core_destroyed,45,,27,140,11,8,18,90,12,9,ok,,4.688,n-62-11-50,29004605,2026-08-02T16:59:10+0200
d0e6b278fb82f4b0,auto-7202408d73d7,janus@8a1e7a1,janus,8a1e7a1,vanguard_oracle@902be71,vanguard_oracle,902be71,twins,official,1,0,rating,b,b,0.0,core_destroyed,26,,203,20,6,3,60,80,11,9,ok,,3.113,n-62-11-56,29004605,2026-08-02T16:59:43+0200
d0f80bff887f7ead,auto-7202408d73d7,e_final@9e77076,e_final,9e77076,janus@8a1e7a1,janus,8a1e7a1,sprint,official,1,0,rating,b,b,0.0,core_destroyed,31,,20,10,6,8,8,50,11,9,ok,,3.3,n-62-28-28,29004605,2026-08-02T16:57:29+0200
d10663a1ea059268,auto-7202408d73d7,v233_f@9713344,v233_f,9713344,janus@8a1e7a1,janus,8a1e7a1,strait,official,1,0,rating,b,b,0.0,core_destroyed,46,,3,190,9,12,16,150,11,16,ok,,3.972,n-62-29-18,29004605,2026-08-02T16:59:24+0200
d10b6a91e5c8a086,auto-7202408d73d7,janus@8a1e7a1,janus,8a1e7a1,lockin@9713344,lockin,9713344,quarry,official,1,0,rating,a,a,1.0,core_destroyed,45,,18,170,11,21,237,0,8,0,ok,,6.391,n-62-30-25,29004605,2026-08-02T16:57:01+0200
d10f1974babbdce3,auto-7202408d73d7,vg_v2@9713344,vg_v2,9713344,janus@8a1e7a1,janus,8a1e7a1,duel,official,1,0,rating,b,b,0.0,core_destroyed,49,,74,100,11,5,152,250,8,20,ok,,3.308,n-62-21-91,29004605,2026-08-02T16:59:43+0200
d11b9480a9ed1e70,auto-7202408d73d7,janus@8a1e7a1,janus,8a1e7a1,v233_g@9713344,v233_g,9713344,bridge,official,1,0,rating,b,b,0.0,core_destroyed,50,,13,70,9,21,69,210,10,16,ok,,3.104,n-62-29-24,29004605,2026-08-02T16:59:10+0200
d11cad0d984387de,auto-7202408d73d7,tempest_reinforcements@025dd51,tempest_reinforcements,025dd51,janus@8a1e7a1,janus,8a1e7a1,twins,official,1,0,rating,a,a,1.0,core_destroyed,31,,32,60,10,5,36,50,10,6,ok,,4.195,n-62-12-67,29004605,2026-08-02T16:58:03+0200
d170649b9f4c437b,auto-7202408d73d7,janus@8a1e7a1,janus,8a1e7a1,v233_d@9713344,v233_d,9713344,duel,official,1,0,rating,a,a,1.0,core_destroyed,48,,33,240,11,16,77,0,2,4,ok,,3.176,n-62-29-28,29004605,2026-08-02T16:59:14+0200
d171d7b3d25267e5,auto-7202408d73d7,janus@8a1e7a1,janus,8a1e7a1,tempest_reinforcements@edf93ad,tempest_reinforcements,edf93ad,strait,official,1,0,rating,a,a,1.0,core_destroyed,45,,77,130,11,12,16,0,9,4,ok,,4.5,n-62-21-69,29004605,2026-08-02T16:57:08+0200
d1766c9ac302aae1,auto-7202408d73d7,undertow@9713344,undertow,9713344,janus@8a1e7a1,janus,8a1e7a1,showdown,official,1,0,rating,b,b,0.0,core_destroyed,25,,44,0,6,8,38,0,10,8,ok,,2.947,n-62-11-60,29004605,2026-08-02T16:58:27+0200
d1767934b03b0225,auto-7202408d73d7,janus@8a1e7a1,janus,8a1e7a1,vigil@18b749d,vigil,18b749d,strait,official,1,0,rating,b,b,0.0,core_destroyed,42,,280,80,5,6,10,70,11,15,ok,,3.476,n-62-21-13,29004605,2026-08-02T16:59:19+0200
d17deea9daadfff4,auto-7202408d73d7,vg_v3@9713344,vg_v3,9713344,janus@8a1e7a1,janus,8a1e7a1,sweden,official,1,0,rating,b,b,0.0,core_destroyed,74,,115,60,4,5,118,390,14,22,ok,,3.758,n-62-12-5,29004605,2026-08-02T16:58:52+0200
d191db08b1107f29,auto-7202408d73d7,frontier_v1@9713344,frontier_v1,9713344,janus@8a1e7a1,janus,8a1e7a1,strait,official,1,0,rating,b,b,0.0,core_destroyed,34,,25,0,10,2,52,90,9,16,ok,,3.42,n-62-29-16,29004605,2026-08-02T16:58:15+0200
d1a1aff000839e37,auto-7202408d73d7,tempest_reinforcements@025dd51,tempest_reinforcements,025dd51,janus@8a1e7a1,janus,8a1e7a1,sweden,official,1,0,rating,b,b,0.0,core_destroyed,95,,50,260,15,11,205,540,12,22,ok,,5.327,n-62-12-67,29004605,2026-08-02T16:57:55+0200
d1c0a3903f2dc4dc,auto-7202408d73d7,janus@8a1e7a1,janus,8a1e7a1,baiter@9713344,baiter,9713344,bridge,official,1,0,rating,a,a,1.0,core_destroyed,118,,263,730,16,19,64,420,7,15,ok,,7.537,n-62-31-23,29004605,2026-08-02T16:57:44+0200
d1cd07bd5d7bccf4,auto-7202408d73d7,janus@8a1e7a1,janus,8a1e7a1,frontier_v2@9713344,frontier_v2,9713344,twins,official,1,0,rating,a,a,1.0,core_destroyed,42,,13,150,12,14,79,0,7,3,ok,,3.388,n-62-29-27,29004605,2026-08-02T16:57:20+0200
d1db5a6d427a1b9a,auto-7202408d73d7,nemesis@9713344,nemesis,9713344,janus@8a1e7a1,janus,8a1e7a1,showdown,official,1,0,rating,b,b,0.0,core_destroyed,27,,83,0,5,4,17,30,8,14,ok,,3.195,n-62-31-13,29004605,2026-08-02T16:57:53+0200
d1e4956afbda7376,auto-7202408d73d7,frontier_v2@9713344,frontier_v2,9713344,janus@8a1e7a1,janus,8a1e7a1,duel,official,1,0,rating,b,b,0.0,core_destroyed,49,,53,0,7,3,89,200,12,11,ok,,3.56,n-62-29-18,29004605,2026-08-02T16:58:10+0200
d1e5f1abe0c44300,auto-7202408d73d7,vigil@bf9b3e3,vigil,bf9b3e3,janus@8a1e7a1,janus,8a1e7a1,showdown,official,1,0,rating,a,a,1.0,core_destroyed,36,,21,0,7,8,34,0,6,4,ok,,3.882,n-62-21-15,29004605,2026-08-02T16:59:14+0200
d204eb5d43d96554,auto-7202408d73d7,v233_c@9713344,v233_c,9713344,janus@8a1e7a1,janus,8a1e7a1,longship,official,1,0,rating,b,b,0.0,core_destroyed,38,,89,70,7,6,2,110,12,11,ok,,3.522,n-62-29-20,29004605,2026-08-02T16:59:37+0200
d226f7663a327baa,auto-7202408d73d7,janus@8a1e7a1,janus,8a1e7a1,undertow@fdc1e1f,undertow,fdc1e1f,sweden,official,1,0,rating,a,a,1.0,core_destroyed,133,,818,830,8,22,730,950,10,25,ok,,4.604,n-62-11-66,29004605,2026-08-02T16:59:40+0200
d2732c0402b57ca9,auto-7202408d73d7,autistimusprime@ecd4d24,autistimusprime,ecd4d24,janus@8a1e7a1,janus,8a1e7a1,sprint,official,1,0,rating,a,a,1.0,core_destroyed,29,,58,0,6,1,5,40,10,7,ok,,3.947,n-62-31-21,29004605,2026-08-02T16:57:46+0200
d2891f40246459ef,auto-7202408d73d7,janus@8a1e7a1,janus,8a1e7a1,jonbot@9713344,jonbot,9713344,hive,official,1,0,rating,a,a,1.0,core_destroyed,48,,32,150,11,19,297,0,5,0,ok,,3.114,n-62-29-8,29004605,2026-08-02T16:57:18+0200
d2e064dafecd55e0,auto-7202408d73d7,undertow_1ac7ac4@da3fd8a,undertow_1ac7ac4,da3fd8a,janus@8a1e7a1,janus,8a1e7a1,sprint,official,1,0,rating,b,b,0.0,core_destroyed,36,,62,0,7,2,42,170,9,19,ok,,3.431,n-62-21-92,29004605,2026-08-02T16:59:18+0200
d2e1d35452e54559,auto-7202408d73d7,tempest_reinforcements@edf93ad,tempest_reinforcements,edf93ad,janus@8a1e7a1,janus,8a1e7a1,skerry,official,1,0,rating,b,b,0.0,core_destroyed,67,,33,150,14,4,314,290,7,6,ok,,4.779,n-62-21-68,29004605,2026-08-02T16:58:34+0200
d2f474e47fc27c76,auto-7202408d73d7,frontier_v1@9713344,frontier_v1,9713344,janus@8a1e7a1,janus,8a1e7a1,runestone,official,1,0,rating,b,b,0.0,core_destroyed,26,,8,0,8,4,13,40,11,12,ok,,3.842,n-62-29-16,29004605,2026-08-02T16:57:46+0200
d2fc877957e34b90,auto-7202408d73d7,siege_v2@9713344,siege_v2,9713344,janus@8a1e7a1,janus,8a1e7a1,atoll,official,1,0,rating,b,b,0.0,core_destroyed,40,,259,0,5,2,131,150,9,9,ok,,2.779,n-62-12-5,29004605,2026-08-02T16:57:00+0200
d32c5a1476b94f99,auto-7202408d73d7,janus@8a1e7a1,janus,8a1e7a1,v233_b@9713344,v233_b,9713344,longship,official,1,0,rating,a,a,1.0,core_destroyed,68,,46,240,12,20,113,70,6,9,ok,,3.43,n-62-28-33,29004605,2026-08-02T16:59:21+0200
d33270e8aaa77e51,auto-7202408d73d7,nemesis@9713344,nemesis,9713344,janus@8a1e7a1,janus,8a1e7a1,fjord,official,1,0,rating,b,b,0.0,core_destroyed,61,,89,240,4,13,65,380,13,17,ok,,4.889,n-62-31-7,29004605,2026-08-02T16:58:28+0200
d3750d7f715ac4cc,auto-7202408d73d7,uw_v1@9713344,uw_v1,9713344,janus@8a1e7a1,janus,8a1e7a1,quarry,official,1,0,rating,b,b,0.0,core_destroyed,88,,121,210,0,10,73,620,10,34,ok,,3.947,n-62-21-97,29004605,2026-08-02T16:59:41+0200
d3a52da91f699f8e,auto-7202408d73d7,janus@8a1e7a1,janus,8a1e7a1,e9cand@9e77076,e9cand,9e77076,longship,official,1,0,rating,a,a,1.0,core_destroyed,55,,14,160,12,13,41,0,11,1,ok,,4.309,n-62-21-104,29004605,2026-08-02T16:57:48+0200
d3a57ab2036fdebf,auto-7202408d73d7,turtle@9713344,turtle,9713344,janus@8a1e7a1,janus,8a1e7a1,runestone,official,1,0,rating,b,b,0.0,core_destroyed,32,,113,50,6,10,23,50,11,14,ok,,3.556,n-62-31-23,29004605,2026-08-02T16:58:13+0200
d3a669e99e333f72,auto-7202408d73d7,baiter@9713344,baiter,9713344,janus@8a1e7a1,janus,8a1e7a1,fjord,official,1,0,rating,b,b,0.0,core_destroyed,37,,124,150,5,8,12,200,12,12,ok,,4.206,n-62-31-23,29004605,2026-08-02T16:58:18+0200
d3aa0cc41d69d416,auto-7202408d73d7,jonbot@da3fd8a,jonbot,da3fd8a,janus@8a1e7a1,janus,8a1e7a1,string,official,1,0,rating,b,b,0.0,core_destroyed,61,,361,190,4,16,133,140,9,4,ok,,3.171,n-62-29-32,29004605,2026-08-02T16:57:31+0200
d3e42adc3f9aa55d,auto-7202408d73d7,janus@8a1e7a1,janus,8a1e7a1,frontier_v1@9713344,frontier_v1,9713344,longship,official,1,0,rating,a,a,1.0,core_destroyed,32,,20,60,12,12,25,0,9,3,ok,,4.158,n-62-29-16,29004605,2026-08-02T16:57:17+0200
d3fe2181576dd945,auto-7202408d73d7,janus@8a1e7a1,janus,8a1e7a1,tempest_sentinel@fdc1e1f,tempest_sentinel,fdc1e1f,vase,official,1,0,rating,a,a,1.0,core_destroyed,36,,88,40,8,7,73,0,6,5,ok,,2.909,n-62-31-4,29004605,2026-08-02T16:58:53+0200
d40b5bbfd8e691e9,auto-7202408d73d7,riptide@9713344,riptide,9713344,janus@8a1e7a1,janus,8a1e7a1,jackpot,official,1,0,rating,b,b,0.0,core_destroyed,47,,128,0,7,0,56,190,10,8,ok,,4.675,n-62-21-91,29004605,2026-08-02T16:58:31+0200
d4123faed5bdee83,auto-7202408d73d7,janus@8a1e7a1,janus,8a1e7a1,tempest_reinforcements@51ad530,tempest_reinforcements,51ad530,atoll,official,1,0,rating,b,b,0.0,core_destroyed,36,,166,120,8,6,38,80,8,5,ok,,4.333,n-62-21-59,29004605,2026-08-02T16:57:17+0200
d41460b2d9379dc3,auto-7202408d73d7,v233_a@9713344,v233_a,9713344,janus@8a1e7a1,janus,8a1e7a1,sprint,official,1,0,rating,b,b,0.0,core_destroyed,29,,71,30,5,5,40,90,9,14,ok,,2.668,n-62-28-28,29004605,2026-08-02T16:58:32+0200
d41faeb66367d5ab,auto-7202408d73d7,janus@8a1e7a1,janus,8a1e7a1,vigil@1b5f3d1,vigil,1b5f3d1,hive,official,1,0,rating,a,a,1.0,core_destroyed,46,,6,90,13,7,10,90,10,12,ok,,4.093,n-62-31-22,29004605,2026-08-02T16:59:35+0200
d43bfe111b0648c7,auto-7202408d73d7,casemate_oracle@902be71,casemate_oracle,902be71,janus@8a1e7a1,janus,8a1e7a1,atoll,official,1,0,rating,b,b,0.0,core_destroyed,46,,49,0,5,16,62,180,8,7,ok,,4.571,n-62-11-64,29004605,2026-08-02T16:58:03+0200
d44f40e1de64f0f9,auto-7202408d73d7,vanguard@9932bec,vanguard,9932bec,janus@8a1e7a1,janus,8a1e7a1,vase,official,1,0,rating,b,b,0.0,core_destroyed,64,,77,100,11,6,246,120,7,13,ok,,3.533,n-62-30-25,29004605,2026-08-02T16:59:21+0200
d45409705b702105,auto-7202408d73d7,janus@8a1e7a1,janus,8a1e7a1,tempest_blindfire@fdc1e1f,tempest_blindfire,fdc1e1f,longship,official,1,0,rating,a,a,1.0,core_destroyed,35,,20,70,9,12,88,0,10,3,ok,,4.748,n-62-21-4,29004605,2026-08-02T16:56:59+0200
d45c4f10ee820915,auto-7202408d73d7,janus@8a1e7a1,janus,8a1e7a1,claude_challenger_1@fdc1e1f,claude_challenger_1,fdc1e1f,sweden,official,1,0,rating,a,a,1.0,core_destroyed,68,,166,340,10,22,670,0,0,0,ok,,3.081,n-62-21-92,29004605,2026-08-02T16:57:15+0200
d471ea89d9219f1a,auto-7202408d73d7,janus@8a1e7a1,janus,8a1e7a1,prospect@bf9b3e3,prospect,bf9b3e3,vault,official,1,0,rating,b,b,0.0,core_destroyed,43,,240,160,9,6,243,170,9,6,ok,,3.674,n-62-11-57,29004605,2026-08-02T16:57:44+0200
d47c20d243a7b69c,auto-7202408d73d7,janus@8a1e7a1,janus,8a1e7a1,vanguard_oracle@fdc1e1f,vanguard_oracle,fdc1e1f,fjord,official,1,0,rating,a,a,1.0,core_destroyed,49,,60,290,13,20,109,200,11,5,ok,,4.244,n-62-11-57,29004605,2026-08-02T16:59:41+0200
d4ac2eb024d35650,auto-7202408d73d7,janus@8a1e7a1,janus,8a1e7a1,tempest_reinforcements@87724ec,tempest_reinforcements,87724ec,sprint,official,1,0,rating,a,a,1.0,core_destroyed,38,,8,70,7,6,20,10,7,3,ok,,4.16,n-62-21-64,29004605,2026-08-02T16:58:57+0200
d4bf59273ab8f7e1,auto-7202408d73d7,janus@8a1e7a1,janus,8a1e7a1,undertow@9713344,undertow,9713344,quarry,official,1,0,rating,a,a,1.0,core_destroyed,78,,108,500,11,34,92,430,6,23,ok,,4.152,n-62-11-60,29004605,2026-08-02T16:58:10+0200
d4c3f8a6bc4f83e3,auto-7202408d73d7,janus@8a1e7a1,janus,8a1e7a1,v233_b@9713344,v233_b,9713344,vase,official,1,0,rating,a,a,1.0,core_destroyed,60,,290,110,6,9,255,0,6,1,ok,,2.519,n-62-28-34,29004605,2026-08-02T16:59:30+0200
d4d9b466d5bb1d23,auto-7202408d73d7,janus@8a1e7a1,janus,8a1e7a1,uw_v2@9713344,uw_v2,9713344,sweden,official,1,0,rating,b,b,0.0,core_destroyed,65,,79,310,11,20,93,270,8,26,ok,,3.851,n-62-28-31,29004605,2026-08-02T16:59:09+0200
d4fd9dfd30097364,auto-7202408d73d7,janus@8a1e7a1,janus,8a1e7a1,tempest_reinforcements@51ad530,tempest_reinforcements,51ad530,fjord,official,1,0,rating,a,a,1.0,core_destroyed,50,,15,210,12,6,22,70,11,2,ok,,5.079,n-62-21-59,29004605,2026-08-02T16:58:08+0200
d502a47d47ccd68b,auto-7202408d73d7,janus@8a1e7a1,janus,8a1e7a1,casemate_oracle@902be71,casemate_oracle,902be71,runestone,official,1,0,rating,a,a,1.0,core_destroyed,37,,10,60,10,13,142,0,5,15,ok,,4.674,n-62-11-65,29004605,2026-08-02T16:57:50+0200
d52a52965fb33f22,auto-7202408d73d7,jonbot@da3fd8a,jonbot,da3fd8a,janus@8a1e7a1,janus,8a1e7a1,hive,official,1,0,rating,b,b,0.0,core_destroyed,43,,190,80,6,20,59,90,10,15,ok,,2.989,n-62-29-31,29004605,2026-08-02T16:57:37+0200
d532dc229d12195d,auto-7202408d73d7,janus@8a1e7a1,janus,8a1e7a1,jonbot@9713344,jonbot,9713344,aurora,official,1,0,rating,a,a,1.0,core_destroyed,37,,11,70,12,9,267,0,5,0,ok,,3.145,n-62-29-29,29004605,2026-08-02T16:57:53+0200
d535f1690e0e47cb,auto-7202408d73d7,e_t4l7@9e77076,e_t4l7,9e77076,janus@8a1e7a1,janus,8a1e7a1,jackpot,official,1,0,rating,b,b,0.0,core_destroyed,50,,27,180,6,29,128,210,7,8,ok,,3.217,n-62-29-13,29004605,2026-08-02T16:57:02+0200
d5370aaaac43674d,auto-7202408d73d7,e9cand@9e77076,e9cand,9e77076,janus@8a1e7a1,janus,8a1e7a1,atoll,official,1,0,rating,b,b,0.0,core_destroyed,51,,21,0,9,7,33,200,9,12,ok,,3.687,n-62-21-103,29004605,2026-08-02T16:58:09+0200
d5395ddbe87c5d32,auto-7202408d73d7,uw_v2@9713344,uw_v2,9713344,janus@8a1e7a1,janus,8a1e7a1,skerry,official,1,0,rating,b,b,0.0,core_destroyed,96,,112,460,7,24,348,720,10,33,ok,,7.045,n-62-28-31,29004605,2026-08-02T16:58:27+0200
d54099b43b004ad0,auto-7202408d73d7,janus@8a1e7a1,janus,8a1e7a1,jonbot@da3fd8a,jonbot,da3fd8a,bridge,official,1,0,rating,a,a,1.0,titanium_collected,1000,,9347,7340,9,19,2608,0,5,10,ok,,8.506,n-62-29-31,29004605,2026-08-02T16:57:03+0200
d54ca50dc8616368,auto-7202408d73d7,janus@8a1e7a1,janus,8a1e7a1,v233_c@9713344,v233_c,9713344,fjord,official,1,0,rating,a,a,1.0,core_destroyed,49,,32,290,13,19,92,40,4,5,ok,,3.644,n-62-29-20,29004605,2026-08-02T16:59:11+0200
d54eaaff997fc815,auto-7202408d73d7,janus@8a1e7a1,janus,8a1e7a1,vigil@bf9b3e3,vigil,bf9b3e3,showdown,official,1,0,rating,b,b,0.0,core_destroyed,40,,228,0,3,5,68,0,7,11,ok,,2.815,n-62-21-15,29004605,2026-08-02T16:59:10+0200
d5622768a200d297,auto-7202408d73d7,janus@8a1e7a1,janus,8a1e7a1,titanium_v1@9713344,titanium_v1,9713344,sweden,official,1,0,rating,a,a,1.0,core_destroyed,66,,136,330,12,22,393,0,3,3,ok,,3.192,n-62-31-22,29004605,2026-08-02T16:58:34+0200
d563cc2bc261a1bd,auto-7202408d73d7,tempest_reinforcements@38f9c23,tempest_reinforcements,38f9c23,janus@8a1e7a1,janus,8a1e7a1,duel,official,1,0,rating,a,a,1.0,core_destroyed,77,,239,470,11,23,377,390,6,13,ok,,4.761,n-62-21-55,29004605,2026-08-02T16:57:50+0200
d58f11abb357bcee,auto-7202408d73d7,claude_challenger_2@fdc1e1f,claude_challenger_2,fdc1e1f,janus@8a1e7a1,janus,8a1e7a1,atoll,official,1,0,rating,b,b,0.0,core_destroyed,39,,187,80,9,4,41,140,11,10,ok,,4.6,n-62-21-92,29004605,2026-08-02T16:57:55+0200
d59923267904f870,auto-7202408d73d7,mistral@ba943b9,mistral,ba943b9,janus@8a1e7a1,janus,8a1e7a1,fjord,official,1,0,rating,b,b,0.0,core_destroyed,33,,284,0,4,0,27,170,12,11,ok,,5.641,n-62-31-16,29004605,2026-08-02T16:58:10+0200
d5995238a4de46d5,auto-7202408d73d7,casemate@902be71,casemate,902be71,janus@8a1e7a1,janus,8a1e7a1,showdown,official,1,0,rating,b,b,0.0,core_destroyed,39,,4,0,6,10,11,90,11,16,ok,,3.519,n-62-11-61,29004605,2026-08-02T16:58:00+0200
d5d6b49bd2645028,auto-7202408d73d7,janus@8a1e7a1,janus,8a1e7a1,v233_e@9713344,v233_e,9713344,crossfire,official,1,0,rating,a,a,1.0,core_destroyed,31,,38,100,10,9,107,120,6,11,ok,,3.011,n-62-29-31,29004605,2026-08-02T16:59:28+0200
d5ff946281719c2b,auto-7202408d73d7,baiter@9713344,baiter,9713344,janus@8a1e7a1,janus,8a1e7a1,duel,official,1,0,rating,b,b,0.0,core_destroyed,39,,75,30,8,3,37,160,11,14,ok,,4.237,n-62-31-23,29004605,2026-08-02T16:58:09+0200
d62d953023be96d3,auto-7202408d73d7,prospect@bf9b3e3,prospect,bf9b3e3,janus@8a1e7a1,janus,8a1e7a1,vault,official,1,0,rating,b,b,0.0,core_destroyed,43,,240,160,9,6,243,170,9,6,ok,,3.655,n-62-11-57,29004605,2026-08-02T16:57:48+0200
d631f830d8dd1b84,auto-7202408d73d7,janus@8a1e7a1,janus,8a1e7a1,v233_d@9713344,v233_d,9713344,crossfire,official,1,0,rating,a,a,1.0,core_destroyed,32,,26,110,11,9,111,0,4,5,ok,,3.117,n-62-29-28,29004605,2026-08-02T16:59:07+0200
d63a84de06c9b37b,auto-7202408d73d7,janus@8a1e7a1,janus,8a1e7a1,vg_v3@9713344,vg_v3,9713344,atoll,official,1,0,rating,a,a,1.0,core_destroyed,57,,57,230,12,13,122,0,8,5,ok,,3.853,n-62-21-90,29004605,2026-08-02T16:59:17+0200
d65ef6f427b819bf,auto-7202408d73d7,janus@8a1e7a1,janus,8a1e7a1,v233_b@9713344,v233_b,9713344,jackpot,official,1,0,rating,a,a,1.0,core_destroyed,53,,111,230,9,8,104,0,3,2,ok,,3.405,n-62-28-33,29004605,2026-08-02T16:59:14+0200
d67feb4b7fd89efd,auto-7202408d73d7,turtle@9713344,turtle,9713344,janus@8a1e7a1,janus,8a1e7a1,duel,official,1,0,rating,b,b,0.0,core_destroyed,38,,79,130,9,9,101,180,9,12,ok,,3.248,n-62-31-21,29004605,2026-08-02T16:58:36+0200
d6886195238f84a6,auto-7202408d73d7,uw_v2@9713344,uw_v2,9713344,janus@8a1e7a1,janus,8a1e7a1,sprint,official,1,0,rating,b,b,0.0,core_destroyed,63,,116,0,7,7,243,520,9,30,ok,,4.364,n-62-28-31,29004605,2026-08-02T16:58:37+0200
d6b6085c7bc1dae9,auto-7202408d73d7,janus@8a1e7a1,janus,8a1e7a1,vg_v6@9713344,vg_v6,9713344,strait,official,1,0,rating,a,a,1.0,titanium_collected,1000,,21510,20150,9,106,7705,6510,16,38,ok,,22.197,n-62-21-8,29004605,2026-08-02T16:59:11+0200
d6cb576b5ccf86d4,auto-7202408d73d7,vg_v3@9713344,vg_v3,9713344,janus@8a1e7a1,janus,8a1e7a1,hive,official,1,0,rating,b,b,0.0,core_destroyed,78,,96,170,5,11,117,350,9,33,ok,,4.235,n-62-12-6,29004605,2026-08-02T16:58:43+0200
d6cce50d3dd7654c,auto-7202408d73d7,frontier_v1@9713344,frontier_v1,9713344,janus@8a1e7a1,janus,8a1e7a1,fjord,official,1,0,rating,b,b,0.0,core_destroyed,42,,0,0,11,1,53,230,13,12,ok,,4.089,n-62-29-14,29004605,2026-08-02T16:58:04+0200
d6ec2d10ca4cfee7,auto-7202408d73d7,janus@8a1e7a1,janus,8a1e7a1,tempest_picket@fdc1e1f,tempest_picket,fdc1e1f,aurora,official,1,0,rating,a,a,1.0,core_destroyed,37,,11,70,12,9,251,70,6,7,ok,,4.75,n-62-13-9,29004605,2026-08-02T16:58:47+0200
d6ed0202c7319136,auto-7202408d73d7,janus@8a1e7a1,janus,8a1e7a1,frontier_v2@9713344,frontier_v2,9713344,aurora,official,1,0,rating,a,a,1.0,core_destroyed,35,,34,70,12,9,132,0,7,3,ok,,3.425,n-62-29-18,29004605,2026-08-02T16:57:45+0200
d7023a1a73ff9530,auto-7202408d73d7,janus@8a1e7a1,janus,8a1e7a1,tempest_reinforcements@51ad530,tempest_reinforcements,51ad530,vase,official,1,0,rating,b,b,0.0,core_destroyed,82,,131,160,5,6,70,100,12,12,ok,,5.143,n-62-21-61,29004605,2026-08-02T16:57:11+0200
d7165e09583f136b,auto-7202408d73d7,vigil@bf9b3e3,vigil,bf9b3e3,janus@8a1e7a1,janus,8a1e7a1,quarry,official,1,0,rating,b,b,0.0,core_destroyed,67,,15,120,11,7,38,250,11,10,ok,,5.432,n-62-21-15,29004605,2026-08-02T16:58:58+0200
d73cae2989c367d0,auto-7202408d73d7,casemate@902be71,casemate,902be71,janus@8a1e7a1,janus,8a1e7a1,duel,official,1,0,rating,b,b,0.0,core_destroyed,331,,100,0,4,23,2499,2820,6,30,ok,,5.582,n-62-11-60,29004605,2026-08-02T16:58:16+0200
d73cc4c830d3f7b4,auto-7202408d73d7,janus@8a1e7a1,janus,8a1e7a1,tempest_outer@fdc1e1f,tempest_outer,fdc1e1f,longship,official,1,0,rating,a,a,1.0,core_destroyed,35,,20,70,9,12,88,0,10,3,ok,,6.413,n-62-13-8,29004605,2026-08-02T16:58:02+0200
d745be6047ee568b,auto-7202408d73d7,janus@8a1e7a1,janus,8a1e7a1,lockin@9713344,lockin,9713344,sweden,official,1,0,rating,a,a,1.0,core_destroyed,68,,166,340,10,22,670,0,0,0,ok,,3.07,n-62-30-25,29004605,2026-08-02T16:58:02+0200
d76c15a0ec7fda46,auto-7202408d73d7,siege_v1@9713344,siege_v1,9713344,janus@8a1e7a1,janus,8a1e7a1,quarry,official,1,0,rating,b,b,0.0,core_destroyed,48,,218,0,6,3,200,210,8,17,ok,,2.942,n-62-21-90,29004605,2026-08-02T16:58:04+0200
d777985a2691d5e3,auto-7202408d73d7,janus@8a1e7a1,janus,8a1e7a1,undertow_oracle@75591b7,undertow_oracle,75591b7,sweden,official,1,0,rating,a,a,1.0,core_destroyed,93,,44,530,12,20,120,480,12,19,ok,,6.295,n-62-31-11,29004605,2026-08-02T16:58:41+0200
d793058e984cfeee,auto-7202408d73d7,janus@8a1e7a1,janus,8a1e7a1,e_harc@6db8844,e_harc,6db8844,duel,official,1,0,rating,a,a,1.0,core_destroyed,71,,102,480,11,21,52,100,5,5,ok,,3.52,n-62-28-31,29004605,2026-08-02T16:58:51+0200
d7afdebb76a9327b,auto-7202408d73d7,janus@8a1e7a1,janus,8a1e7a1,undertow_1ac7ac4@da3fd8a,undertow_1ac7ac4,da3fd8a,jackpot,official,1,0,rating,b,b,0.0,core_destroyed,162,,132,920,19,28,974,1040,10,21,ok,,7.891,n-62-21-92,29004605,2026-08-02T16:58:17+0200
d7e8c24b6ec25244,auto-7202408d73d7,janus@8a1e7a1,janus,8a1e7a1,v233_d@9713344,v233_d,9713344,fjord,official,1,0,rating,a,a,1.0,core_destroyed,47,,3,260,13,18,105,30,4,5,ok,,3.663,n-62-29-28,29004605,2026-08-02T16:59:22+0200
d817bfcf1d45959a,auto-7202408d73d7,autistimusprime@ecd4d24,autistimusprime,ecd4d24,janus@8a1e7a1,janus,8a1e7a1,duel,official,1,0,rating,b,b,0.0,core_destroyed,35,,85,60,6,2,25,130,11,11,ok,,3.398,n-62-31-22,29004605,2026-08-02T16:57:42+0200
d817fedeed691b76,auto-7202408d73d7,janus@8a1e7a1,janus,8a1e7a1,vanguard_oracle@75591b7,vanguard_oracle,75591b7,bridge,official,1,0,rating,b,b,0.0,core_destroyed,82,,60,40,8,12,59,170,14,7,ok,,4.54,n-62-31-7,29004605,2026-08-02T16:58:46+0200
d82c602a888cf65d,auto-7202408d73d7,janus@8a1e7a1,janus,8a1e7a1,vanguard@c407e79,vanguard,c407e79,longship,official,1,0,rating,a,a,1.0,core_destroyed,31,,20,60,12,12,71,100,10,8,ok,,3.872,n-62-31-16,29004605,2026-08-02T16:59:20+0200
d8313f965321f77a,auto-7202408d73d7,janus@8a1e7a1,janus,8a1e7a1,vg_v2@9713344,vg_v2,9713344,quarry,official,1,0,rating,a,a,1.0,core_destroyed,65,,14,370,12,28,42,70,8,19,ok,,3.894,n-62-21-89,29004605,2026-08-02T16:59:02+0200
d850dc3ede92c2b8,auto-7202408d73d7,janus@8a1e7a1,janus,8a1e7a1,baiter@9713344,baiter,9713344,string,official,1,0,rating,a,a,1.0,core_destroyed,51,,104,370,10,12,100,0,1,1,ok,,3.845,n-62-31-24,29004605,2026-08-02T16:58:15+0200
d8536221f4838eb8,auto-7202408d73d7,janus@8a1e7a1,janus,8a1e7a1,e_final@9e77076,e_final,9e77076,runestone,official,1,0,rating,a,a,1.0,core_destroyed,39,,10,70,11,13,40,0,8,2,ok,,3.472,n-62-28-28,29004605,2026-08-02T16:57:05+0200
d85b9b88060cd53c,auto-7202408d73d7,janus@8a1e7a1,janus,8a1e7a1,jonbot@da3fd8a,jonbot,da3fd8a,vase,official,1,0,rating,a,a,1.0,core_destroyed,36,,76,50,7,7,272,0,5,5,ok,,3.069,n-62-29-32,29004605,2026-08-02T16:57:51+0200
d88b4b96effaeefe,auto-7202408d73d7,janus@8a1e7a1,janus,8a1e7a1,tempest_reinforcements@edf93ad,tempest_reinforcements,edf93ad,hive,official,1,0,rating,a,a,1.0,core_destroyed,46,,4,90,14,7,25,90,7,11,ok,,5.048,n-62-21-68,29004605,2026-08-02T16:57:20+0200
d89a9110e9c86cbd,auto-7202408d73d7,v233_a@9713344,v233_a,9713344,janus@8a1e7a1,janus,8a1e7a1,strait,official,1,0,rating,b,b,0.0,core_destroyed,44,,115,80,3,7,27,140,9,17,ok,,2.846,n-62-28-28,29004605,2026-08-02T16:58:53+0200
d8b2465d18bb5c21,auto-7202408d73d7,tempest_reinforcements@51ad530,tempest_reinforcements,51ad530,janus@8a1e7a1,janus,8a1e7a1,aurora,official,1,0,rating,b,b,0.0,core_destroyed,44,,27,80,9,7,17,90,12,8,ok,,5.11,n-62-21-59,29004605,2026-08-02T16:57:31+0200
d8b39e926f7ba175,auto-7202408d73d7,janus@8a1e7a1,janus,8a1e7a1,tempest_reinforcements@65ddc55,tempest_reinforcements,65ddc55,vault,official,1,0,rating,b,b,0.0,core_destroyed,49,,246,190,9,6,9,190,10,12,ok,,4.495,n-62-21-63,29004605,2026-08-02T16:57:27+0200
d8d930d11c718c14,auto-7202408d73d7,v233_c@9713344,v233_c,9713344,janus@8a1e7a1,janus,8a1e7a1,crossfire,official,1,0,rating,b,b,0.0,core_destroyed,33,,96,60,6,4,6,110,11,12,ok,,3.136,n-62-29-20,29004605,2026-08-02T16:58:59+0200
d8e875c22f68015a,auto-7202408d73d7,v233_b@9713344,v233_b,9713344,janus@8a1e7a1,janus,8a1e7a1,longship,official,1,0,rating,b,b,0.0,core_destroyed,38,,89,70,7,6,2,110,12,11,ok,,3.398,n-62-28-33,29004605,2026-08-02T16:59:25+0200
d8ed9323afb763fd,auto-7202408d73d7,jonbot@9713344,jonbot,9713344,janus@8a1e7a1,janus,8a1e7a1,atoll,official,1,0,rating,b,b,0.0,core_destroyed,38,,265,0,5,0,172,140,9,7,ok,,2.742,n-62-29-29,29004605,2026-08-02T16:57:50+0200
d9053fc3df742be0,auto-7202408d73d7,janus@8a1e7a1,janus,8a1e7a1,vigil@18b749d,vigil,18b749d,skerry,official,1,0,rating,b,b,0.0,core_destroyed,35,,124,130,9,6,19,130,9,11,ok,,3.896,n-62-21-13,29004605,2026-08-02T16:59:02+0200
d920864224837c69,auto-7202408d73d7,tempest_reinforcements@e1dc316,tempest_reinforcements,e1dc316,janus@8a1e7a1,janus,8a1e7a1,sprint,official,1,0,rating,b,b,0.0,core_destroyed,26,,21,40,9,5,3,40,10,9,ok,,3.915,n-62-21-66,29004605,2026-08-02T16:58:38+0200
d93c5b4b11ddf037,auto-7202408d73d7,gobbleglitch@e808e1d,gobbleglitch,e808e1d,janus@8a1e7a1,janus,8a1e7a1,pinch,official,1,0,rating,a,a,1.0,core_destroyed,26,,54,0,10,2,77,40,10,6,ok,,3.488,n-62-29-28,29004605,2026-08-02T16:57:54+0200
d962590f31ea4cda,auto-7202408d73d7,tempest@da3fd8a,tempest,da3fd8a,janus@8a1e7a1,janus,8a1e7a1,string,official,1,0,rating,a,a,1.0,core_destroyed,163,,179,0,4,1,83,400,7,2,ok,,4.313,n-62-12-3,29004605,2026-08-02T16:58:03+0200
d972347f9be02486,auto-7202408d73d7,janus@8a1e7a1,janus,8a1e7a1,tempest_reinforcements@025dd51,tempest_reinforcements,025dd51,skerry,official,1,0,rating,b,b,0.0,core_destroyed,33,,217,120,8,7,14,70,11,5,ok,,3.872,n-62-12-67,29004605,2026-08-02T16:57:15+0200
d997bcb2a25ac6da,auto-7202408d73d7,tempest@da3fd8a,tempest,da3fd8a,janus@8a1e7a1,janus,8a1e7a1,vase,official,1,0,rating,a,a,1.0,core_destroyed,37,,87,0,7,6,59,0,6,5,ok,,3.913,n-62-12-4,29004605,2026-08-02T16:57:03+0200
d9aa36e903de70b7,auto-7202408d73d7,uw_v2@9713344,uw_v2,9713344,janus@8a1e7a1,janus,8a1e7a1,sweden,official,1,0,rating,b,b,0.0,core_destroyed,163,,85,1020,13,23,350,1050,18,22,ok,,7.872,n-62-28-31,29004605,2026-08-02T16:59:17+0200
d9fb53abbc806925,auto-7202408d73d7,siege_v2@9713344,siege_v2,9713344,janus@8a1e7a1,janus,8a1e7a1,duel,official,1,0,rating,b,b,0.0,core_destroyed,27,,126,0,6,4,45,90,10,11,ok,,2.82,n-62-12-5,29004605,2026-08-02T16:57:26+0200
d9fcfae3a93f2cf3,auto-7202408d73d7,janus@8a1e7a1,janus,8a1e7a1,v233_b@9713344,v233_b,9713344,sprint,official,1,0,rating,a,a,1.0,core_destroyed,33,,41,100,9,14,88,90,2,4,ok,,2.592,n-62-28-34,29004605,2026-08-02T16:58:38+0200
da14a9c9e125ac96,auto-7202408d73d7,v233_b@9713344,v233_b,9713344,janus@8a1e7a1,janus,8a1e7a1,strait,official,1,0,rating,b,b,0.0,core_destroyed,44,,114,80,4,7,31,140,9,17,ok,,3.032,n-62-28-34,29004605,2026-08-02T16:58:54+0200
da1bcaf244c1389f,auto-7202408d73d7,janus@8a1e7a1,janus,8a1e7a1,vigil@18b749d,vigil,18b749d,hive,official,1,0,rating,a,a,1.0,core_destroyed,46,,6,90,13,7,10,90,10,12,ok,,5.009,n-62-31-5,29004605,2026-08-02T16:59:27+0200
da27638fa3ca65b6,auto-7202408d73d7,janus@8a1e7a1,janus,8a1e7a1,mistral_fast@26b5aa1,mistral_fast,26b5aa1,pinch,official,1,0,rating,b,b,0.0,core_destroyed,26,,143,40,9,6,36,0,11,1,ok,,4.322,n-62-31-15,29004605,2026-08-02T16:57:07+0200
da3343cf93b910c7,auto-7202408d73d7,vg_v1@9713344,vg_v1,9713344,janus@8a1e7a1,janus,8a1e7a1,skerry,official,1,0,rating,b,b,0.0,core_destroyed,41,,81,0,6,3,103,200,10,15,ok,,3.18,n-62-11-55,29004605,2026-08-02T16:59:12+0200
da40a509535dda84,auto-7202408d73d7,janus@8a1e7a1,janus,8a1e7a1,tempest_reinforcements@65ddc55,tempest_reinforcements,65ddc55,longship,official,1,0,rating,a,a,1.0,core_destroyed,39,,28,80,12,11,9,70,10,11,ok,,4.477,n-62-21-62,29004605,2026-08-02T16:57:10+0200
da41ed7a41ff9035,auto-7202408d73d7,janus@8a1e7a1,janus,8a1e7a1,tempest_picket@fdc1e1f,tempest_picket,fdc1e1f,hive,official,1,0,rating,a,a,1.0,core_destroyed,47,,77,140,11,15,33,0,11,3,ok,,3.7,n-62-12-65,29004605,2026-08-02T16:57:29+0200
da4b8c93b810d999,auto-7202408d73d7,janus@8a1e7a1,janus,8a1e7a1,turtle@9713344,turtle,9713344,skerry,official,1,0,rating,a,a,1.0,core_destroyed,65,,221,390,11,15,77,80,7,9,ok,,4.19,n-62-31-23,29004605,2026-08-02T16:58:24+0200
da5b05b0f7464f40,auto-7202408d73d7,tempest_reinforcements@51ad530,tempest_reinforcements,51ad530,janus@8a1e7a1,janus,8a1e7a1,fjord,official,1,0,rating,a,a,1.0,core_destroyed,28,,21,50,11,5,37,90,11,5,ok,,4.53,n-62-21-59,29004605,2026-08-02T16:58:13+0200
da5da0248675f26c,auto-7202408d73d7,v233_e@9713344,v233_e,9713344,janus@8a1e7a1,janus,8a1e7a1,twins,official,1,0,rating,b,b,0.0,core_destroyed,56,,112,330,6,17,161,280,8,18,ok,,3.218,n-62-29-14,29004605,2026-08-02T16:58:40+0200
da717376c7862716,auto-7202408d73d7,janus@8a1e7a1,janus,8a1e7a1,undertow@da3fd8a,undertow,da3fd8a,quarry,official,1,0,rating,b,b,0.0,core_destroyed,61,,230,320,9,25,64,270,10,24,ok,,3.532,n-62-11-64,29004605,2026-08-02T16:58:20+0200
da7e2fed2f1fbb48,auto-7202408d73d7,v233_a@9713344,v233_a,9713344,janus@8a1e7a1,janus,8a1e7a1,crossfire,official,1,0,rating,b,b,0.0,core_destroyed,28,,104,50,6,5,44,90,10,11,ok,,2.99,n-62-28-35,29004605,2026-08-02T16:58:50+0200
da81231ed1bc93e1,auto-7202408d73d7,janus@8a1e7a1,janus,8a1e7a1,v233_f@9713344,v233_f,9713344,sprint,official,1,0,rating,a,a,1.0,core_destroyed,32,,53,100,8,14,93,120,4,11,ok,,2.531,n-62-29-18,29004605,2026-08-02T16:59:13+0200
da844081cc3b67f5,auto-7202408d73d7,tempest_picket@fdc1e1f,tempest_picket,fdc1e1f,janus@8a1e7a1,janus,8a1e7a1,strait,official,1,0,rating,b,b,0.0,core_destroyed,34,,206,0,5,3,46,90,10,13,ok,,2.812,n-62-12-64,29004605,2026-08-02T16:57:24+0200
da8c4619d12ce59d,auto-7202408d73d7,janus@8a1e7a1,janus,8a1e7a1,tempest_reinforcements@edf93ad,tempest_reinforcements,edf93ad,sprint,official,1,0,rating,a,a,1.0,core_destroyed,50,,36,100,5,8,14,30,9,2,ok,,4.87,n-62-21-69,29004605,2026-08-02T16:56:59+0200
daaa63f418682019,auto-7202408d73d7,janus@8a1e7a1,janus,8a1e7a1,vg_v5@9713344,vg_v5,9713344,jackpot,official,1,0,rating,a,a,1.0,core_destroyed,58,,76,250,10,8,93,0,2,1,ok,,3.684,n-62-12-3,29004605,2026-08-02T16:59:28+0200
dac2eb01a49bff80,auto-7202408d73d7,e_final@9e77076,e_final,9e77076,janus@8a1e7a1,janus,8a1e7a1,showdown,official,1,0,rating,b,b,0.0,core_destroyed,29,,3,0,7,10,39,0,9,6,ok,,2.972,n-62-28-28,29004605,2026-08-02T16:57:15+0200
dacb9bed64246acf,auto-7202408d73d7,janus@8a1e7a1,janus,8a1e7a1,reaver@9713344,reaver,9713344,pinch,official,1,0,rating,a,a,1.0,core_destroyed,37,,29,130,10,15,92,100,4,13,ok,,3.321,n-62-11-59,29004605,2026-08-02T16:57:48+0200
dad65470f22a7d51,auto-7202408d73d7,vanguard@da3fd8a,vanguard,da3fd8a,janus@8a1e7a1,janus,8a1e7a1,vase,official,1,0,rating,b,b,0.0,core_destroyed,63,,90,120,10,6,79,100,9,7,ok,,3.526,n-62-31-15,29004605,2026-08-02T16:59:44+0200
db0ea4377ee8a169,auto-7202408d73d7,janus@8a1e7a1,janus,8a1e7a1,lockin@9713344,lockin,9713344,atoll,official,1,0,rating,a,a,1.0,core_destroyed,48,,225,190,7,15,139,0,8,4,ok,,4.395,n-62-30-23,29004605,2026-08-02T16:56:59+0200
db39b449a5fb7aad,auto-7202408d73d7,janus@8a1e7a1,janus,8a1e7a1,reaver@9713344,reaver,9713344,bridge,official,1,0,rating,a,a,1.0,titanium_collected,1000,,9742,7340,7,19,9663,7310,8,20,ok,,12.816,n-62-11-53,29004605,2026-08-02T16:58:21+0200
db3c6f6d3b2f1b05,auto-7202408d73d7,janus@8a1e7a1,janus,8a1e7a1,claude_challenger_3@fdc1e1f,claude_challenger_3,fdc1e1f,longship,official,1,0,rating,a,a,1.0,core_destroyed,47,,84,130,9,13,159,0,10,2,ok,,5.4,n-62-31-11,29004605,2026-08-02T16:57:51+0200
db3f7bb9a5c08724,auto-7202408d73d7,reaver@9713344,reaver,9713344,janus@8a1e7a1,janus,8a1e7a1,twins,official,1,0,rating,b,b,0.0,core_destroyed,37,,75,70,7,7,8,110,10,15,ok,,3.399,n-62-11-55,29004605,2026-08-02T16:58:00+0200
db76ae647219f297,auto-7202408d73d7,janus@8a1e7a1,janus,8a1e7a1,opponent_luc@e83a42c,opponent_luc,e83a42c,fjord,official,1,0,rating,a,a,1.0,core_destroyed,34,,10,170,13,11,25,140,12,6,ok,,5.779,n-62-11-50,29004605,2026-08-02T16:58:37+0200
db79dd3f48458352,auto-7202408d73d7,jonbot_190003d@da3fd8a,jonbot_190003d,da3fd8a,janus@8a1e7a1,janus,8a1e7a1,string,official,1,0,rating,b,b,0.0,core_destroyed,84,,216,0,4,8,249,200,8,4,ok,,3.297,n-62-29-5,29004605,2026-08-02T16:57:43+0200
db8c3556bb44f4db,auto-7202408d73d7,v233_d@9713344,v233_d,9713344,janus@8a1e7a1,janus,8a1e7a1,jackpot,official,1,0,rating,b,b,0.0,core_destroyed,58,,86,0,6,1,112,250,9,8,ok,,3.629,n-62-29-28,29004605,2026-08-02T16:59:41+0200
dbc2b3c0ecb56663,auto-7202408d73d7,siege_v1@9713344,siege_v1,9713344,janus@8a1e7a1,janus,8a1e7a1,fjord,official,1,0,rating,b,b,0.0,core_destroyed,31,,183,0,6,3,13,150,12,9,ok,,3.34,n-62-21-90,29004605,2026-08-02T16:57:29+0200
dbe117cba4a0e4a6,auto-7202408d73d7,e_t4l7@9e77076,e_t4l7,9e77076,janus@8a1e7a1,janus,8a1e7a1,strait,official,1,0,rating,b,b,0.0,core_destroyed,42,,119,160,7,9,18,130,10,19,ok,,3.168,n-62-29-13,29004605,2026-08-02T16:57:53+0200
dbe16eeb1d26cb38,auto-7202408d73d7,janus@8a1e7a1,janus,8a1e7a1,v233_i@902be71,v233_i,902be71,crossfire,official,1,0,rating,a,a,1.0,core_destroyed,45,,10,170,13,13,107,170,8,3,ok,,3.722,n-62-29-29,29004605,2026-08-02T16:59:28+0200
dbfdf7212b97c79a,auto-7202408d73d7,vanguard_oracle@fdc1e1f,vanguard_oracle,fdc1e1f,janus@8a1e7a1,janus,8a1e7a1,atoll,official,1,0,rating,b,b,0.0,core_destroyed,46,,29,170,13,3,47,100,9,6,ok,,4.784,n-62-11-57,29004605,2026-08-02T16:58:49+0200
dc05f2be59b808da,auto-7202408d73d7,vigil@bf9b3e3,vigil,bf9b3e3,janus@8a1e7a1,janus,8a1e7a1,duel,official,1,0,rating,a,a,1.0,core_destroyed,60,,47,260,10,11,199,220,6,12,ok,,3.42,n-62-31-21,29004605,2026-08-02T16:59:28+0200
dc067c5a0a7cba59,auto-7202408d73d7,vanguard_oracle@75591b7,vanguard_oracle,75591b7,janus@8a1e7a1,janus,8a1e7a1,quarry,official,1,0,rating,a,a,1.0,core_destroyed,52,,70,180,12,12,324,210,6,15,ok,,4.374,n-62-11-50,29004605,2026-08-02T16:58:29+0200
dc1f6f461e305acc,auto-7202408d73d7,frontier_v1@9713344,frontier_v1,9713344,janus@8a1e7a1,janus,8a1e7a1,skerry,official,1,0,rating,b,b,0.0,core_destroyed,38,,39,0,10,1,89,180,10,10,ok,,3.838,n-62-29-16,29004605,2026-08-02T16:58:00+0200
dc270e793f78720a,auto-7202408d73d7,gobbleglitch@e808e1d,gobbleglitch,e808e1d,janus@8a1e7a1,janus,8a1e7a1,duel,official,1,0,rating,b,b,0.0,core_destroyed,35,,85,60,6,2,25,130,11,11,ok,,3.309,n-62-29-28,29004605,2026-08-02T16:57:01+0200
dc4c1b9d37be5400,auto-7202408d73d7,janus@8a1e7a1,janus,8a1e7a1,tempest_reinforcements@65ddc55,tempest_reinforcements,65ddc55,hive,official,1,0,rating,a,a,1.0,core_destroyed,46,,42,90,13,7,12,90,7,12,ok,,4.579,n-62-21-61,29004605,2026-08-02T16:58:24+0200
dc866941eec98962,auto-7202408d73d7,frontier_v2@9713344,frontier_v2,9713344,janus@8a1e7a1,janus,8a1e7a1,showdown,official,1,0,rating,b,b,0.0,core_destroyed,21,,191,0,6,2,60,0,7,10,ok,,2.469,n-62-29-24,29004605,2026-08-02T16:57:47+0200
dc8c71b970c2f36a,auto-7202408d73d7,janus@8a1e7a1,janus,8a1e7a1,tempest_sentinel@fdc1e1f,tempest_sentinel,fdc1e1f,showdown,official,1,0,rating,a,a,1.0,core_destroyed,31,,39,0,7,8,4,0,5,7,ok,,3.485,n-62-21-71,29004605,2026-08-02T16:58:11+0200
dcb504c4be7e6ece,auto-7202408d73d7,prospect_rushonly@bf9b3e3,prospect_rushonly,bf9b3e3,janus@8a1e7a1,janus,8a1e7a1,aurora,official,1,0,rating,b,b,0.0,core_destroyed,38,,74,70,7,5,8,110,11,9,ok,,4.328,n-62-11-57,29004605,2026-08-02T16:58:05+0200
dcf09a2b9bfbf57a,auto-7202408d73d7,tempest_reinforcements@3d5ab38,tempest_reinforcements,3d5ab38,janus@8a1e7a1,janus,8a1e7a1,string,official,1,0,rating,b,b,0.0,core_destroyed,96,,16,30,9,8,150,230,3,5,ok,,4.162,n-62-21-57,29004605,2026-08-02T16:58:02+0200
dcf21b19580e21ae,auto-7202408d73d7,janus@8a1e7a1,janus,8a1e7a1,vanguard_oracle@902be71,vanguard_oracle,902be71,hive,official,1,0,rating,a,a,1.0,core_destroyed,52,,28,130,11,15,68,110,10,4,ok,,4.54,n-62-11-51,29004605,2026-08-02T16:59:29+0200
dcf4dece81e328be,auto-7202408d73d7,prospect_rushonly@bf9b3e3,prospect_rushonly,bf9b3e3,janus@8a1e7a1,janus,8a1e7a1,sweden,official,1,0,rating,a,a,1.0,core_destroyed,73,,13,440,16,17,68,270,9,15,ok,,4.825,n-62-11-53,29004605,2026-08-02T16:57:29+0200
dd122347dd076556,auto-7202408d73d7,casemate@902be71,casemate,902be71,janus@8a1e7a1,janus,8a1e7a1,hive,official,1,0,rating,b,b,0.0,core_destroyed,54,,1,0,6,31,7,110,11,18,ok,,3.449,n-62-11-60,29004605,2026-08-02T16:58:39+0200
dd1677b46b12a7ce,auto-7202408d73d7,janus@8a1e7a1,janus,8a1e7a1,tempest_ferry@26b5aa1,tempest_ferry,26b5aa1,vault,official,1,0,rating,b,b,0.0,core_destroyed,39,,264,130,8,5,51,150,14,6,ok,,4.318,n-62-21-15,29004605,2026-08-02T16:57:31+0200
dd217d0bd0299958,auto-7202408d73d7,janus@8a1e7a1,janus,8a1e7a1,autistimusprime@ecd4d24,autistimusprime,ecd4d24,showdown,official,1,0,rating,b,b,0.0,core_destroyed,21,,135,0,8,6,58,0,10,1,ok,,3.895,n-62-31-21,29004605,2026-08-02T16:57:25+0200
dd259f80de6fbd5a,auto-7202408d73d7,tempest_ferry@26b5aa1,tempest_ferry,26b5aa1,janus@8a1e7a1,janus,8a1e7a1,strait,official,1,0,rating,b,b,0.0,core_destroyed,36,,165,0,7,3,60,100,9,13,ok,,3.34,n-62-21-2,29004605,2026-08-02T16:58:18+0200
dd65bd080a7af782,auto-7202408d73d7,janus@8a1e7a1,janus,8a1e7a1,v233_c@9713344,v233_c,9713344,pinch,official,1,0,rating,a,a,1.0,core_destroyed,41,,41,140,12,11,120,180,6,14,ok,,3.175,n-62-29-20,29004605,2026-08-02T16:59:40+0200
dd79efe44015c823,auto-7202408d73d7,tempest_reinforcements@e1dc316,tempest_reinforcements,e1dc316,janus@8a1e7a1,janus,8a1e7a1,fjord,official,1,0,rating,a,a,1.0,core_destroyed,28,,27,50,10,5,51,90,11,5,ok,,4.689,n-62-21-66,29004605,2026-08-02T16:57:06+0200
dd8442da09cf9209,auto-7202408d73d7,tempest_frontier@fdc1e1f,tempest_frontier,fdc1e1f,janus@8a1e7a1,janus,8a1e7a1,fjord,official,1,0,rating,b,b,0.0,core_destroyed,34,,203,0,7,2,2,170,12,10,ok,,4.076,n-62-21-23,29004605,2026-08-02T16:57:03+0200
ddd8d4172b6e8bc1,auto-7202408d73d7,vg_v2@9713344,vg_v2,9713344,janus@8a1e7a1,janus,8a1e7a1,skerry,official,1,0,rating,b,b,0.0,core_destroyed,40,,114,0,7,4,99,200,10,14,ok,,3.323,n-62-21-89,29004605,2026-08-02T16:59:26+0200
ddec2bfd45def9f6,auto-7202408d73d7,opponent_luc@e83a42c,opponent_luc,e83a42c,janus@8a1e7a1,janus,8a1e7a1,vase,official,1,0,rating,b,b,0.0,core_destroyed,41,,600,0,0,0,60,60,8,15,ok,,2.447,n-62-11-52,29004605,2026-08-02T16:57:22+0200
ddedfc164529ce12,auto-7202408d73d7,v233_d@9713344,v233_d,9713344,janus@8a1e7a1,janus,8a1e7a1,sprint,official,1,0,rating,b,b,0.0,core_destroyed,33,,91,60,6,6,33,120,8,16,ok,,2.737,n-62-29-9,29004605,2026-08-02T16:59:01+0200
de155168eed8967a,auto-7202408d73d7,janus@8a1e7a1,janus,8a1e7a1,v233_e@9713344,v233_e,9713344,showdown,official,1,0,rating,a,a,1.0,core_destroyed,32,,26,0,10,8,28,0,2,7,ok,,2.985,n-62-29-13,29004605,2026-08-02T16:58:49+0200
de29639a992cafdf,auto-7202408d73d7,janus@8a1e7a1,janus,8a1e7a1,turtle@9713344,turtle,9713344,twins,official,1,0,rating,a,a,1.0,titanium_collected,1000,,17459,15600,8,61,10439,7960,4,34,ok,,12.211,n-62-31-23,29004605,2026-08-02T16:59:22+0200
de45e21df1ea4db4,auto-7202408d73d7,janus@8a1e7a1,janus,8a1e7a1,vanguard@818f3b4,vanguard,818f3b4,sweden,official,1,0,rating,b,b,0.0,core_destroyed,74,,97,360,2,16,58,280,11,14,ok,,4.337,n-62-29-5,29004605,2026-08-02T16:58:46+0200
de4c6c8aba2389de,auto-7202408d73d7,janus@8a1e7a1,janus,8a1e7a1,tempest_outer@fdc1e1f,tempest_outer,fdc1e1f,aurora,official,1,0,rating,a,a,1.0,core_destroyed,37,,11,70,11,9,262,70,6,7,ok,,3.346,n-62-13-6,29004605,2026-08-02T16:57:59+0200
de6314698e66b8b3,auto-7202408d73d7,vanguard_oracle@75591b7,vanguard_oracle,75591b7,janus@8a1e7a1,janus,8a1e7a1,bridge,official,1,0,rating,b,b,0.0,titanium_collected,1000,,2620,2450,16,11,6071,5070,16,20,ok,,20.51,n-62-31-7,29004605,2026-08-02T16:59:06+0200
de70a75e65bc8706,auto-7202408d73d7,tempest_reinforcements@38f9c23,tempest_reinforcements,38f9c23,janus@8a1e7a1,janus,8a1e7a1,fjord,official,1,0,rating,a,a,1.0,core_destroyed,38,,5,190,12,11,59,150,11,6,ok,,5.005,n-62-21-55,29004605,2026-08-02T16:58:00+0200
de7595c043419932,auto-7202408d73d7,janus@8a1e7a1,janus,8a1e7a1,tempest_reinforcements@87724ec,tempest_reinforcements,87724ec,atoll,official,1,0,rating,b,b,0.0,core_destroyed,33,,153,110,8,6,4,70,9,6,ok,,5.052,n-62-21-63,29004605,2026-08-02T16:57:37+0200
de7f6408bc2317ab,auto-7202408d73d7,janus@8a1e7a1,janus,8a1e7a1,riptide@9713344,riptide,9713344,longship,official,1,0,rating,a,a,1.0,core_destroyed,49,,10,100,13,12,98,0,4,7,ok,,4.749,n-62-21-91,29004605,2026-08-02T16:58:36+0200
deab358d35198746,auto-7202408d73d7,vanguard_oracle@902be71,vanguard_oracle,902be71,janus@8a1e7a1,janus,8a1e7a1,pinch,official,1,0,rating,b,b,0.0,core_destroyed,39,,57,120,8,9,68,80,9,8,ok,,3.646,n-62-11-56,29004605,2026-08-02T16:58:30+0200
dead995c06b32712,auto-7202408d73d7,tempest_reinforcements@025dd51,tempest_reinforcements,025dd51,janus@8a1e7a1,janus,8a1e7a1,fjord,official,1,0,rating,a,a,1.0,core_destroyed,28,,21,50,11,5,37,90,11,5,ok,,3.834,n-62-12-66,29004605,2026-08-02T16:57:35+0200
deb1386eb815adb1,auto-7202408d73d7,janus@8a1e7a1,janus,8a1e7a1,mistral@ba943b9,mistral,ba943b9,string,official,1,0,rating,a,a,1.0,core_destroyed,60,,79,140,11,5,256,0,5,0,ok,,3.628,n-62-31-19,29004605,2026-08-02T16:58:09+0200
deb590bcfe2a6d02,auto-7202408d73d7,e9cand@9e77076,e9cand,9e77076,janus@8a1e7a1,janus,8a1e7a1,pinch,official,1,0,rating,b,b,0.0,core_destroyed,36,,40,0,8,11,60,100,8,14,ok,,3.268,n-62-21-104,29004605,2026-08-02T16:58:00+0200
dec8f7b43853876c,auto-7202408d73d7,janus@8a1e7a1,janus,8a1e7a1,tempest_reinforcements@e1dc316,tempest_reinforcements,e1dc316,runestone,official,1,0,rating,a,a,1.0,core_destroyed,28,,14,40,12,6,16,0,11,4,ok,,4.577,n-62-21-66,29004605,2026-08-02T16:58:06+0200
dede47087d749044,auto-7202408d73d7,janus@8a1e7a1,janus,8a1e7a1,vanguard@c407e79,vanguard,c407e79,aurora,official,1,0,rating,a,a,1.0,core_destroyed,48,,19,100,13,9,13,150,13,7,ok,,4.843,n-62-30-25,29004605,2026-08-02T16:59:43+0200
df0073c301287a62,auto-7202408d73d7,vg_v4@9713344,vg_v4,9713344,janus@8a1e7a1,janus,8a1e7a1,string,official,1,0,rating,b,b,0.0,core_destroyed,86,,96,0,4,2,278,560,8,18,ok,,4.255,n-62-12-1,29004605,2026-08-02T16:58:53+0200
df12f6f49e92df2d,auto-7202408d73d7,janus@8a1e7a1,janus,8a1e7a1,uw_v1@9713344,uw_v1,9713344,runestone,official,1,0,rating,a,a,1.0,core_destroyed,32,,13,50,12,13,116,0,3,5,ok,,3.218,n-62-21-97,29004605,2026-08-02T16:59:45+0200
df1e09fa39c041d4,auto-7202408d73d7,janus@8a1e7a1,janus,8a1e7a1,undertow@fdc1e1f,undertow,fdc1e1f,crossfire,official,1,0,rating,a,a,1.0,core_destroyed,41,,52,150,10,13,58,160,9,7,ok,,3.778,n-62-11-65,29004605,2026-08-02T16:59:14+0200
df24ff00a6977570,auto-7202408d73d7,vigil@bf9b3e3,vigil,bf9b3e3,janus@8a1e7a1,janus,8a1e7a1,strait,official,1,0,rating,a,a,1.0,titanium_collected,47,,7,90,11,8,8,80,13,6,ok,,4.357,n-62-21-15,29004605,2026-08-02T16:59:39+0200
df3d5fa1311dfabd,auto-7202408d73d7,janus@8a1e7a1,janus,8a1e7a1,lockin@9713344,lockin,9713344,duel,official,1,0,rating,a,a,1.0,core_destroyed,36,,73,110,9,11,227,70,8,3,ok,,3.682,n-62-30-23,29004605,2026-08-02T16:57:35+0200
df41b2732691a8e5,auto-7202408d73d7,janus@8a1e7a1,janus,8a1e7a1,claude_challenger_3@fdc1e1f,claude_challenger_3,fdc1e1f,quarry,official,1,0,rating,a,a,1.0,core_destroyed,47,,50,190,11,21,184,0,10,0,ok,,5.679,n-62-31-11,29004605,2026-08-02T16:58:12+0200
df502b90d8dc1606,auto-7202408d73d7,janus@8a1e7a1,janus,8a1e7a1,e9cand@9e77076,e9cand,9e77076,string,official,1,0,rating,a,a,1.0,core_destroyed,53,,137,350,12,11,252,0,5,0,ok,,3.894,n-62-21-97,29004605,2026-08-02T16:57:28+0200
df6160315f59353f,auto-7202408d73d7,janus@8a1e7a1,janus,8a1e7a1,vigil@18b749d,vigil,18b749d,jackpot,official,1,0,rating,b,b,0.0,core_destroyed,40,,70,150,9,7,20,80,13,7,ok,,4.457,n-62-31-5,29004605,2026-08-02T16:59:36+0200
df8fcda1b8b12db2,auto-7202408d73d7,vg_v1@9713344,vg_v1,9713344,janus@8a1e7a1,janus,8a1e7a1,duel,official,1,0,rating,b,b,0.0,core_destroyed,40,,117,40,5,2,34,160,11,11,ok,,2.805,n-62-11-54,29004605,2026-08-02T16:59:23+0200
df92c7fd23f0f61b,auto-7202408d73d7,janus@8a1e7a1,janus,8a1e7a1,vg_v4@9713344,vg_v4,9713344,vase,official,1,0,rating,a,a,1.0,core_destroyed,60,,290,110,6,9,375,0,6,1,ok,,2.909,n-62-12-1,29004605,2026-08-02T16:59:16+0200
dfb516442eaed08e,auto-7202408d73d7,janus@8a1e7a1,janus,8a1e7a1,e_final@9e77076,e_final,9e77076,showdown,official,1,0,rating,b,b,0.0,core_destroyed,32,,77,0,8,6,21,0,6,1,ok,,3.127,n-62-28-28,29004605,2026-08-02T16:57:12+0200
dfbc2469fa70fd43,auto-7202408d73d7,frontier_v2@9713344,frontier_v2,9713344,janus@8a1e7a1,janus,8a1e7a1,hive,official,1,0,rating,b,b,0.0,core_destroyed,42,,103,0,7,4,10,90,10,18,ok,,3.11,n-62-29-24,29004605,2026-08-02T16:57:09+0200
dfdd334cfed7aacd,auto-7202408d73d7,casemate@902be71,casemate,902be71,janus@8a1e7a1,janus,8a1e7a1,longship,official,1,0,rating,b,b,0.0,core_destroyed,36,,29,0,6,28,13,100,11,10,ok,,3.471,n-62-11-61,29004605,2026-08-02T16:57:10+0200
dfeee400698f68cd,auto-7202408d73d7,jonbot_190003d@da3fd8a,jonbot_190003d,da3fd8a,janus@8a1e7a1,janus,8a1e7a1,pinch,official,1,0,rating,a,a,1.0,titanium_collected,1000,,4444,2250,7,10,2089,40,6,23,ok,,8.011,n-62-29-34,29004605,2026-08-02T16:58:08+0200
e005d436482a87a3,auto-7202408d73d7,janus@8a1e7a1,janus,8a1e7a1,mistral@ba943b9,mistral,ba943b9,runestone,official,1,0,rating,a,a,1.0,core_destroyed,29,,3,40,12,12,276,0,5,0,ok,,6.029,n-62-31-19,29004605,2026-08-02T16:57:21+0200
e01d6cb3e2d748be,auto-7202408d73d7,jonbot_190003d@da3fd8a,jonbot_190003d,da3fd8a,janus@8a1e7a1,janus,8a1e7a1,duel,official,1,0,rating,b,b,0.0,core_destroyed,64,,57,0,9,3,17,160,9,9,ok,,3.873,n-62-29-34,29004605,2026-08-02T16:57:25+0200
e021faf84a115683,auto-7202408d73d7,janus@8a1e7a1,janus,8a1e7a1,undertow_oracle@75591b7,undertow_oracle,75591b7,quarry,official,1,0,rating,b,b,0.0,core_destroyed,74,,121,460,12,32,70,400,10,24,ok,,4.949,n-62-31-10,29004605,2026-08-02T16:58:59+0200
e023a4e467976707,auto-7202408d73d7,janus@8a1e7a1,janus,8a1e7a1,vanguard_oracle@75591b7,vanguard_oracle,75591b7,aurora,official,1,0,rating,a,a,1.0,core_destroyed,39,,11,80,13,9,89,130,10,8,ok,,4.799,n-62-31-7,29004605,2026-08-02T16:58:36+0200
e0397a93d86a3557,auto-7202408d73d7,v233_g@9713344,v233_g,9713344,janus@8a1e7a1,janus,8a1e7a1,skerry,official,1,0,rating,b,b,0.0,core_destroyed,43,,62,260,10,9,88,170,11,7,ok,,3.557,n-62-29-27,29004605,2026-08-02T16:59:15+0200
e05eceb16a438b64,auto-7202408d73d7,janus@8a1e7a1,janus,8a1e7a1,vanguard@818f3b4,vanguard,818f3b4,twins,official,1,0,rating,b,b,0.0,core_destroyed,41,,53,80,12,8,58,220,10,11,ok,,3.877,n-62-29-5,29004605,2026-08-02T16:58:55+0200
e079e9ecce29eaba,auto-7202408d73d7,vg_v5@9713344,vg_v5,9713344,janus@8a1e7a1,janus,8a1e7a1,crossfire,official,1,0,rating,b,b,0.0,core_destroyed,31,,80,40,2,6,8,100,11,11,ok,,3.395,n-62-12-3,29004605,2026-08-02T16:58:34+0200
e07c2e77e3c11e0b,auto-7202408d73d7,siege_v2@9713344,siege_v2,9713344,janus@8a1e7a1,janus,8a1e7a1,jackpot,official,1,0,rating,b,b,0.0,core_destroyed,39,,196,0,6,3,60,150,9,8,ok,,3.39,n-62-12-5,29004605,2026-08-02T16:57:45+0200
e07ff4b803352baa,auto-7202408d73d7,gobbleglitch@e808e1d,gobbleglitch,e808e1d,janus@8a1e7a1,janus,8a1e7a1,skerry,official,1,0,rating,a,a,1.0,core_destroyed,28,,80,50,11,4,217,90,8,5,ok,,3.148,n-62-29-28,29004605,2026-08-02T16:58:21+0200
e0c487b3828f5f3e,auto-7202408d73d7,janus@8a1e7a1,janus,8a1e7a1,v233_f@9713344,v233_f,9713344,vault,official,1,0,rating,a,a,1.0,core_destroyed,54,,153,190,10,6,68,240,7,13,ok,,3.781,n-62-29-24,29004605,2026-08-02T16:58:48+0200
e0cd87c1e8998884,auto-7202408d73d7,janus@8a1e7a1,janus,8a1e7a1,siege_v2@9713344,siege_v2,9713344,quarry,official,1,0,rating,a,a,1.0,core_destroyed,44,,30,160,11,20,161,0,5,4,ok,,4.108,n-62-12-1,29004605,2026-08-02T16:56:58+0200
e0e78314a0179335,auto-7202408d73d7,casemate@902be71,casemate,902be71,janus@8a1e7a1,janus,8a1e7a1,atoll,official,1,0,rating,b,b,0.0,core_destroyed,269,,64,0,5,19,1249,1290,10,15,ok,,6.137,n-62-11-60,29004605,2026-08-02T16:57:42+0200
e0f8e29535bf33f9,auto-7202408d73d7,janus@8a1e7a1,janus,8a1e7a1,vanguard@da3fd8a,vanguard,da3fd8a,longship,official,1,0,rating,a,a,1.0,core_destroyed,38,,10,70,11,12,120,170,10,15,ok,,3.757,n-62-31-8,29004605,2026-08-02T16:59:23+0200
e101edd3f7583f45,auto-7202408d73d7,vanguard_oracle@fdc1e1f,vanguard_oracle,fdc1e1f,janus@8a1e7a1,janus,8a1e7a1,quarry,official,1,0,rating,b,b,0.0,core_destroyed,66,,60,240,12,11,5,130,12,13,ok,,5.526,n-62-11-52,29004605,2026-08-02T16:58:50+0200
e10e275a9830a2b9,auto-7202408d73d7,tempest_reinforcements@38f9c23,tempest_reinforcements,38f9c23,janus@8a1e7a1,janus,8a1e7a1,aurora,official,1,0,rating,a,a,1.0,core_destroyed,33,,10,60,11,8,45,60,10,7,ok,,4.826,n-62-21-55,29004605,2026-08-02T16:57:14+0200
e135754209b1abbf,auto-7202408d73d7,janus@8a1e7a1,janus,8a1e7a1,siege_v2@9713344,siege_v2,9713344,twins,official,1,0,rating,a,a,1.0,core_destroyed,44,,43,160,12,14,218,0,6,3,ok,,3.925,n-62-12-1,29004605,2026-08-02T16:57:58+0200
e149da470db49f1a,auto-7202408d73d7,janus@8a1e7a1,janus,8a1e7a1,reaver@9713344,reaver,9713344,quarry,official,1,0,rating,a,a,1.0,core_destroyed,60,,60,320,11,23,108,40,4,12,ok,,3.764,n-62-11-59,29004605,2026-08-02T16:57:55+0200
e187ded96db9a410,auto-7202408d73d7,janus@8a1e7a1,janus,8a1e7a1,mistral_fast@26b5aa1,mistral_fast,26b5aa1,hive,official,1,0,rating,b,b,0.0,core_destroyed,45,,71,120,12,14,69,0,11,1,ok,,4.586,n-62-31-8,29004605,2026-08-02T16:58:01+0200
e1a5314680f8af0b,auto-7202408d73d7,vigil@bf9b3e3,vigil,bf9b3e3,janus@8a1e7a1,janus,8a1e7a1,bridge,official,1,0,rating,a,a,1.0,titanium_collected,1000,,6953,4850,8,16,4273,2470,8,13,ok,,11.466,n-62-31-21,29004605,2026-08-02T16:59:14+0200
e1dc57694a5d9ed3,auto-7202408d73d7,janus@8a1e7a1,janus,8a1e7a1,vg_v3@9713344,vg_v3,9713344,fjord,official,1,0,rating,a,a,1.0,core_destroyed,39,,10,150,13,8,65,0,4,3,ok,,3.732,n-62-12-6,29004605,2026-08-02T16:58:30+0200
e204077f67ae6423,auto-7202408d73d7,janus@8a1e7a1,janus,8a1e7a1,prospect@bf9b3e3,prospect,bf9b3e3,atoll,official,1,0,rating,b,b,0.0,core_destroyed,44,,125,160,8,6,79,160,6,6,ok,,3.809,n-62-11-52,29004605,2026-08-02T16:57:36+0200
e20d8b98d83cb5e2,auto-7202408d73d7,uw_v2@9713344,uw_v2,9713344,janus@8a1e7a1,janus,8a1e7a1,fjord,official,1,0,rating,b,b,0.0,core_destroyed,72,,97,460,3,15,153,460,11,21,ok,,3.818,n-62-21-99,29004605,2026-08-02T16:58:38+0200
e212cfe9546afea9,auto-7202408d73d7,janus@8a1e7a1,janus,8a1e7a1,siege_v1@9713344,siege_v1,9713344,vault,official,1,0,rating,a,a,1.0,core_destroyed,50,,307,200,7,7,275,0,6,2,ok,,2.725,n-62-12-6,29004605,2026-08-02T16:57:59+0200
e23b92147f716a59,auto-7202408d73d7,janus@8a1e7a1,janus,8a1e7a1,tempest_oracle_ferry@fdc1e1f,tempest_oracle_ferry,fdc1e1f,vault,official,1,0,rating,b,b,0.0,core_destroyed,37,,313,130,7,5,27,140,13,16,ok,,3.708,n-62-13-6,29004605,2026-08-02T16:57:43+0200
e254ae22eaabbe4e,auto-7202408d73d7,janus@8a1e7a1,janus,8a1e7a1,v233_e@9713344,v233_e,9713344,skerry,official,1,0,rating,a,a,1.0,core_destroyed,46,,62,230,12,8,110,280,8,11,ok,,3.774,n-62-29-13,29004605,2026-08-02T16:58:56+0200
e26031ebe7a62b4c,auto-7202408d73d7,uw_v2@9713344,uw_v2,9713344,janus@8a1e7a1,janus,8a1e7a1,jackpot,official,1,0,rating,a,a,1.0,core_destroyed,302,,1717,2080,11,22,114,1470,23,7,ok,,12.596,n-62-21-99,29004605,2026-08-02T16:59:08+0200
e2646c909600513a,auto-7202408d73d7,vanguard@c407e79,vanguard,c407e79,janus@8a1e7a1,janus,8a1e7a1,atoll,official,1,0,rating,b,b,0.0,core_destroyed,46,,108,150,8,3,16,150,13,6,ok,,4.333,n-62-30-25,29004605,2026-08-02T16:59:38+0200
e2751190c040ccfb,auto-7202408d73d7,vanguard@818f3b4,vanguard,818f3b4,janus@8a1e7a1,janus,8a1e7a1,strait,official,1,0,rating,b,b,0.0,core_destroyed,33,,58,120,10,8,61,80,9,10,ok,,3.521,n-62-29-5,29004605,2026-08-02T16:58:33+0200
e2dcd3335a7164aa,auto-7202408d73d7,vigil@bf9b3e3,vigil,bf9b3e3,janus@8a1e7a1,janus,8a1e7a1,skerry,official,1,0,rating,a,a,1.0,core_destroyed,37,,33,150,12,10,81,110,9,4,ok,,4.188,n-62-21-15,29004605,2026-08-02T16:59:22+0200
e2ef1adead39293e,auto-7202408d73d7,janus@8a1e7a1,janus,8a1e7a1,undertow_oracle@75591b7,undertow_oracle,75591b7,aurora,official,1,0,rating,a,a,1.0,core_destroyed,58,,7,140,14,12,56,300,11,33,ok,,4.768,n-62-31-9,29004605,2026-08-02T16:59:16+0200
e2f18abaa48c8644,auto-7202408d73d7,baiter@9713344,baiter,9713344,janus@8a1e7a1,janus,8a1e7a1,runestone,official,1,0,rating,b,b,0.0,core_destroyed,29,,68,40,6,9,3,40,11,14,ok,,4.385,n-62-31-24,29004605,2026-08-02T16:57:34+0200
e2f574c95414e4d1,auto-7202408d73d7,tempest_reinforcements@87724ec,tempest_reinforcements,87724ec,janus@8a1e7a1,janus,8a1e7a1,strait,official,1,0,rating,b,b,0.0,core_destroyed,36,,25,0,8,3,22,100,10,10,ok,,6.137,n-62-21-64,29004605,2026-08-02T16:59:13+0200
e30d30cea07237f6,auto-7202408d73d7,siege_v2@9713344,siege_v2,9713344,janus@8a1e7a1,janus,8a1e7a1,fjord,official,1,0,rating,b,b,0.0,core_destroyed,31,,136,0,6,4,13,150,12,9,ok,,3.102,n-62-12-5,29004605,2026-08-02T16:57:32+0200
e310c5cd8b868bfb,auto-7202408d73d7,tempest_reinforcements@65ddc55,tempest_reinforcements,65ddc55,janus@8a1e7a1,janus,8a1e7a1,fjord,official,1,0,rating,a,a,1.0,core_destroyed,28,,17,50,9,5,31,90,11,5,ok,,4.144,n-62-21-61,29004605,2026-08-02T16:58:19+0200
e32a16b408a8bd93,auto-7202408d73d7,tempest_reinforcements@e1dc316,tempest_reinforcements,e1dc316,janus@8a1e7a1,janus,8a1e7a1,showdown,official,1,0,rating,a,a,1.0,core_destroyed,20,,31,0,10,5,103,0,9,5,ok,,3.751,n-62-21-66,29004605,2026-08-02T16:58:19+0200
e33f867558f6aa1c,auto-7202408d73d7,janus@8a1e7a1,janus,8a1e7a1,tempest_reinforcements@e1dc316,tempest_reinforcements,e1dc316,atoll,official,1,0,rating,a,a,1.0,core_destroyed,52,,28,210,10,7,22,80,6,4,ok,,5.491,n-62-21-65,29004605,2026-08-02T16:58:05+0200
e34a1ff1e36be73a,auto-7202408d73d7,janus@8a1e7a1,janus,8a1e7a1,vanguard_oracle@75591b7,vanguard_oracle,75591b7,runestone,official,1,0,rating,a,a,1.0,core_destroyed,31,,9,50,12,8,103,90,9,10,ok,,3.926,n-62-11-50,29004605,2026-08-02T16:58:33+0200
e3675c83b13b022c,auto-7202408d73d7,janus@8a1e7a1,janus,8a1e7a1,v233_b@9713344,v233_b,9713344,skerry,official,1,0,rating,a,a,1.0,core_destroyed,50,,61,250,13,9,55,0,4,4,ok,,3.762,n-62-28-34,29004605,2026-08-02T16:58:32+0200
e36880711093adb2,auto-7202408d73d7,siege_v1@9713344,siege_v1,9713344,janus@8a1e7a1,janus,8a1e7a1,sweden,official,1,0,rating,b,b,0.0,core_destroyed,65,,211,0,6,4,235,320,11,22,ok,,3.478,n-62-12-6,29004605,2026-08-02T16:57:42+0200
e37f74426b94ea0b,auto-7202408d73d7,janus@8a1e7a1,janus,8a1e7a1,tempest_ferry@26b5aa1,tempest_ferry,26b5aa1,string,official,1,0,rating,a,a,1.0,core_destroyed,54,,58,40,5,5,226,280,6,9,ok,,3.654,n-62-21-15,29004605,2026-08-02T16:56:58+0200
e3981ff06173e6ff,auto-7202408d73d7,janus@8a1e7a1,janus,8a1e7a1,attack_wave_v1@9713344,attack_wave_v1,9713344,strait,official,1,0,rating,a,a,1.0,core_destroyed,42,,1,100,12,15,161,0,6,4,ok,,3.414,n-62-31-5,29004605,2026-08-02T16:57:33+0200
e3a1cf1eeb57b357,auto-7202408d73d7,janus@8a1e7a1,janus,8a1e7a1,tempest_reinforcements@87724ec,tempest_reinforcements,87724ec,strait,official,1,0,rating,b,b,0.0,core_destroyed,33,,243,40,6,5,5,0,11,5,ok,,5.29,n-62-21-64,29004605,2026-08-02T16:59:06+0200
e3b162dbb50027a4,auto-7202408d73d7,vg_v5@9713344,vg_v5,9713344,janus@8a1e7a1,janus,8a1e7a1,sprint,official,1,0,rating,b,b,0.0,core_destroyed,32,,78,40,4,4,42,120,9,15,ok,,3.367,n-62-12-4,29004605,2026-08-02T16:58:43+0200
e3d600929e9b8f2f,auto-7202408d73d7,reaver@9713344,reaver,9713344,janus@8a1e7a1,janus,8a1e7a1,aurora,official,1,0,rating,b,b,0.0,core_destroyed,51,,107,100,6,7,10,180,13,13,ok,,4.545,n-62-11-53,29004605,2026-08-02T16:58:08+0200
e3d73a06e369ed0f,auto-7202408d73d7,janus@8a1e7a1,janus,8a1e7a1,tempest_frontier@fdc1e1f,tempest_frontier,fdc1e1f,crossfire,official,1,0,rating,a,a,1.0,core_destroyed,27,,16,80,11,9,225,0,5,2,ok,,3.514,n-62-21-15,29004605,2026-08-02T16:58:02+0200
e3e1672c0d98da31,auto-7202408d73d7,janus@8a1e7a1,janus,8a1e7a1,v233_i@902be71,v233_i,902be71,duel,official,1,0,rating,a,a,1.0,core_destroyed,38,,18,150,10,12,84,160,8,6,ok,,3.273,n-62-29-29,29004605,2026-08-02T16:59:35+0200
e40aa568d2caaea2,auto-7202408d73d7,janus@8a1e7a1,janus,8a1e7a1,prospect@bf9b3e3,prospect,bf9b3e3,longship,official,1,0,rating,b,b,0.0,titanium_collected,35,,7,60,11,8,13,90,10,8,ok,,4.48,n-62-11-56,29004605,2026-08-02T16:57:32+0200
e42bc4d6472f0e3b,auto-7202408d73d7,janus@8a1e7a1,janus,8a1e7a1,jonbot_190003d@da3fd8a,jonbot_190003d,da3fd8a,sweden,official,1,0,rating,a,a,1.0,core_destroyed,100,,295,580,11,22,119,0,6,7,ok,,5.556,n-62-29-5,29004605,2026-08-02T16:57:48+0200
e43159c9211b4771,auto-7202408d73d7,frontier_v1@9713344,frontier_v1,9713344,janus@8a1e7a1,janus,8a1e7a1,quarry,official,1,0,rating,b,b,0.0,core_destroyed,52,,18,0,11,2,170,220,8,21,ok,,3.742,n-62-29-16,29004605,2026-08-02T16:57:38+0200
e43df068e3222d06,auto-7202408d73d7,janus@8a1e7a1,janus,8a1e7a1,tempest_ferry@26b5aa1,tempest_ferry,26b5aa1,runestone,official,1,0,rating,a,a,1.0,core_destroyed,26,,13,40,12,10,204,0,6,4,ok,,3.736,n-62-21-2,29004605,2026-08-02T16:57:42+0200
e43eff0399cf4e5e,auto-7202408d73d7,janus@8a1e7a1,janus,8a1e7a1,titanium_v1@9713344,titanium_v1,9713344,quarry,official,1,0,rating,a,a,1.0,core_destroyed,44,,30,160,11,20,343,0,4,3,ok,,2.865,n-62-31-5,29004605,2026-08-02T16:58:55+0200
e4431f169a41ec1a,auto-7202408d73d7,janus@8a1e7a1,janus,8a1e7a1,frontier_v2@9713344,frontier_v2,9713344,runestone,official,1,0,rating,a,a,1.0,core_destroyed,26,,13,40,12,10,60,0,7,4,ok,,3.177,n-62-29-24,29004605,2026-08-02T16:57:38+0200
e449f084a0d81f05,auto-7202408d73d7,prospect@bf9b3e3,prospect,bf9b3e3,janus@8a1e7a1,janus,8a1e7a1,pinch,official,1,0,rating,b,b,0.0,core_destroyed,32,,147,80,6,9,30,90,10,12,ok,,3.681,n-62-11-56,29004605,2026-08-02T16:57:44+0200
e44fb37da1ef2b95,auto-7202408d73d7,uw_v1@9713344,uw_v1,9713344,janus@8a1e7a1,janus,8a1e7a1,hive,official,1,0,rating,b,b,0.0,core_destroyed,80,,92,180,5,13,190,360,8,33,ok,,3.714,n-62-21-97,29004605,2026-08-02T16:58:35+0200
e459a6757946a7e9,auto-7202408d73d7,janus@8a1e7a1,janus,8a1e7a1,uw_v1@9713344,uw_v1,9713344,string,official,1,0,rating,a,a,1.0,titanium_collected,1000,,9687,9860,15,11,4023,2470,7,8,ok,,11.487,n-62-21-98,29004605,2026-08-02T16:58:40+0200
e47cf0f4cbda291e,auto-7202408d73d7,casemate_oracle@902be71,casemate_oracle,902be71,janus@8a1e7a1,janus,8a1e7a1,vase,official,1,0,rating,b,b,0.0,core_destroyed,41,,299,0,5,2,119,60,9,7,ok,,3.425,n-62-11-66,29004605,2026-08-02T16:57:30+0200
e48316e53daca090,auto-7202408d73d7,tempest_blindfire@fdc1e1f,tempest_blindfire,fdc1e1f,janus@8a1e7a1,janus,8a1e7a1,pinch,official,1,0,rating,b,b,0.0,core_destroyed,28,,91,0,8,3,47,60,8,12,ok,,3.768,n-62-21-4,29004605,2026-08-02T16:57:12+0200
e49c8bd615b1d6ea,auto-7202408d73d7,undertow@da3fd8a,undertow,da3fd8a,janus@8a1e7a1,janus,8a1e7a1,quarry,official,1,0,rating,a,a,1.0,core_destroyed,58,,181,280,9,28,417,300,6,19,ok,,3.05,n-62-11-64,29004605,2026-08-02T16:58:23+0200
e4da177ebfa5dc73,auto-7202408d73d7,undertow_1ac7ac4@da3fd8a,undertow_1ac7ac4,da3fd8a,janus@8a1e7a1,janus,8a1e7a1,quarry,official,1,0,rating,a,a,1.0,core_destroyed,58,,181,280,9,28,417,300,6,19,ok,,3.101,n-62-21-92,29004605,2026-08-02T16:58:48+0200
e4dfdf9052e09d75,auto-7202408d73d7,janus@8a1e7a1,janus,8a1e7a1,vigil@18b749d,vigil,18b749d,vault,official,1,0,rating,b,b,0.0,core_destroyed,30,,336,90,3,6,20,110,12,10,ok,,2.804,n-62-31-22,29004605,2026-08-02T16:58:34+0200
e4fa74760b0fe3da,auto-7202408d73d7,vanguard@818f3b4,vanguard,818f3b4,janus@8a1e7a1,janus,8a1e7a1,sweden,official,1,0,rating,a,a,1.0,core_destroyed,58,,75,290,13,19,96,260,8,17,ok,,3.95,n-62-29-5,29004605,2026-08-02T16:58:51+0200
e50fa4143a6c43fe,auto-7202408d73d7,janus@8a1e7a1,janus,8a1e7a1,riptide@9713344,riptide,9713344,skerry,official,1,0,rating,a,a,1.0,core_destroyed,57,,182,340,9,22,93,0,5,6,ok,,3.926,n-62-21-89,29004605,2026-08-02T16:57:05+0200
e51204bc3ca639ed,auto-7202408d73d7,tempest_reinforcements@51ad530,tempest_reinforcements,51ad530,janus@8a1e7a1,janus,8a1e7a1,sprint,official,1,0,rating,b,b,0.0,core_destroyed,27,,8,40,10,4,18,50,9,16,ok,,4.522,n-62-21-60,29004605,2026-08-02T16:58:03+0200
e519f10c92dbc1e5,auto-7202408d73d7,janus@8a1e7a1,janus,8a1e7a1,undertow@9713344,undertow,9713344,atoll,official,1,0,rating,a,a,1.0,core_destroyed,72,,50,310,11,11,69,320,6,19,ok,,5.003,n-62-31-24,29004605,2026-08-02T16:58:10+0200
e524d53659233516,auto-7202408d73d7,e_condc@6db8844,e_condc,6db8844,janus@8a1e7a1,janus,8a1e7a1,jackpot,official,1,0,rating,b,b,0.0,core_destroyed,47,,652,160,1,8,80,190,11,8,ok,,2.81,n-62-21-98,29004605,2026-08-02T16:57:50+0200
e52678f035512486,auto-7202408d73d7,janus@8a1e7a1,janus,8a1e7a1,vg_v1@9713344,vg_v1,9713344,skerry,official,1,0,rating,a,a,1.0,core_destroyed,42,,128,220,10,15,74,0,5,4,ok,,3.132,n-62-11-55,29004605,2026-08-02T16:59:09+0200
e53411aec9062ef8,auto-7202408d73d7,janus@8a1e7a1,janus,8a1e7a1,e9cand@9e77076,e9cand,9e77076,fjord,official,1,0,rating,a,a,1.0,core_destroyed,49,,34,280,12,19,64,0,10,2,ok,,4.057,n-62-21-104,29004605,2026-08-02T16:57:23+0200
e5369004fbdf63fc,auto-7202408d73d7,janus@8a1e7a1,janus,8a1e7a1,e_harc@6db8844,e_harc,6db8844,sweden,official,1,0,rating,a,a,1.0,core_destroyed,106,,106,630,18,22,130,500,8,32,ok,,4.949,n-62-28-33,29004605,2026-08-02T16:57:58+0200
e538ee54c640d928,auto-7202408d73d7,janus@8a1e7a1,janus,8a1e7a1,tempest_reinforcements@38f9c23,tempest_reinforcements,38f9c23,runestone,official,1,0,rating,b,b,0.0,core_destroyed,29,,7,40,11,5,9,40,10,10,ok,,4.4,n-62-21-54,29004605,2026-08-02T16:57:08+0200
e547ce6eda548ae7,auto-7202408d73d7,janus@8a1e7a1,janus,8a1e7a1,tempest_reinforcements@e1dc316,tempest_reinforcements,e1dc316,bridge,official,1,0,rating,b,b,0.0,titanium_collected,1000,,4935,2470,4,9,4288,9320,49,24,ok,,31.837,n-62-21-65,29004605,2026-08-02T16:58:51+0200
e54ebe8ed47d5311,auto-7202408d73d7,janus@8a1e7a1,janus,8a1e7a1,mistral@ba943b9,mistral,ba943b9,fjord,official,1,0,rating,a,a,1.0,core_destroyed,34,,21,130,13,8,304,0,4,0,ok,,6.227,n-62-31-16,29004605,2026-08-02T16:58:04+0200
e554f0e5b30a66f4,auto-7202408d73d7,janus@8a1e7a1,janus,8a1e7a1,casemate@902be71,casemate,902be71,bridge,official,1,0,rating,a,a,1.0,core_destroyed,48,,136,200,8,18,280,0,4,10,ok,,3.063,n-62-11-60,29004605,2026-08-02T16:57:54+0200
e5643c047b391456,auto-7202408d73d7,janus@8a1e7a1,janus,8a1e7a1,vg_v1@9713344,vg_v1,9713344,aurora,official,1,0,rating,a,a,1.0,core_destroyed,44,,10,90,13,11,98,80,3,8,ok,,3.738,n-62-11-54,29004605,2026-08-02T16:58:58+0200
e56f66a1cb03dd7b,auto-7202408d73d7,e9cand@9e77076,e9cand,9e77076,janus@8a1e7a1,janus,8a1e7a1,fjord,official,1,0,rating,b,b,0.0,core_destroyed,38,,77,0,9,1,38,200,12,11,ok,,4.18,n-62-21-104,29004605,2026-08-02T16:57:27+0200
e5b94fe83f1312f6,auto-7202408d73d7,siege_v2@9713344,siege_v2,9713344,janus@8a1e7a1,janus,8a1e7a1,vault,official,1,0,rating,b,b,0.0,core_destroyed,45,,223,0,6,3,287,180,8,6,ok,,3.443,n-62-12-2,29004605,2026-08-02T16:57:02+0200
e5cb86d9157c73a9,auto-7202408d73d7,janus@8a1e7a1,janus,8a1e7a1,prospect@bf9b3e3,prospect,bf9b3e3,pinch,official,1,0,rating,b,b,0.0,core_destroyed,32,,147,80,6,9,30,90,10,12,ok,,3.673,n-62-11-56,29004605,2026-08-02T16:57:40+0200
e5cc90eb93c54289,auto-7202408d73d7,e_final@9e77076,e_final,9e77076,janus@8a1e7a1,janus,8a1e7a1,longship,official,1,0,rating,b,b,0.0,core_destroyed,57,,92,120,8,9,20,210,13,15,ok,,4.056,n-62-28-30,29004605,2026-08-02T16:58:06+0200
e5db33f9520bae66,auto-7202408d73d7,undertow@da3fd8a,undertow,da3fd8a,janus@8a1e7a1,janus,8a1e7a1,sprint,official,1,0,rating,b,b,0.0,core_destroyed,36,,62,0,7,2,42,170,9,19,ok,,3.511,n-62-11-64,29004605,2026-08-02T16:58:54+0200
e5e513ec359846b8,auto-7202408d73d7,titanium_v1@9713344,titanium_v1,9713344,janus@8a1e7a1,janus,8a1e7a1,aurora,official,1,0,rating,b,b,0.0,core_destroyed,35,,316,0,4,3,12,100,12,11,ok,,3.153,n-62-31-4,29004605,2026-08-02T16:59:16+0200
e62d732410b75ed7,auto-7202408d73d7,janus@8a1e7a1,janus,8a1e7a1,jonbot@9713344,jonbot,9713344,vault,official,1,0,rating,a,a,1.0,core_destroyed,47,,282,180,8,7,287,0,5,0,ok,,2.933,n-62-29-9,29004605,2026-08-02T16:57:56+0200
e65acfcbdb7ba2e0,auto-7202408d73d7,tempest_outer@fdc1e1f,tempest_outer,fdc1e1f,janus@8a1e7a1,janus,8a1e7a1,quarry,official,1,0,rating,b,b,0.0,titanium_collected,1000,,2664,0,3,1,20349,18600,9,43,ok,,11.605,n-62-13-8,29004605,2026-08-02T16:58:37+0200
e66e515c92949073,auto-7202408d73d7,janus@8a1e7a1,janus,8a1e7a1,e_post2@4a95297,e_post2,4a95297,bridge,official,1,0,rating,a,a,1.0,core_destroyed,61,,207,300,9,19,79,0,9,6,ok,,3.277,n-62-28-34,29004605,2026-08-02T16:57:28+0200
e68b48bf5332b4e4,auto-7202408d73d7,janus@8a1e7a1,janus,8a1e7a1,claude_challenger_1@fdc1e1f,claude_challenger_1,fdc1e1f,skerry,official,1,0,rating,a,a,1.0,core_destroyed,39,,153,180,9,10,144,150,11,5,ok,,4.976,n-62-11-68,29004605,2026-08-02T16:58:22+0200
e68e45b185dac3fb,auto-7202408d73d7,siege_v2@9713344,siege_v2,9713344,janus@8a1e7a1,janus,8a1e7a1,sweden,official,1,0,rating,b,b,0.0,core_destroyed,65,,211,0,6,4,235,320,9,22,ok,,3.754,n-62-12-1,29004605,2026-08-02T16:57:54+0200
e6a0e14e7ceb381e,auto-7202408d73d7,v233_b@9713344,v233_b,9713344,janus@8a1e7a1,janus,8a1e7a1,twins,official,1,0,rating,b,b,0.0,core_destroyed,35,,63,40,6,6,30,110,10,14,ok,,2.878,n-62-28-34,29004605,2026-08-02T16:59:27+0200
e6ae487b815eaeef,auto-7202408d73d7,lockin@9713344,lockin,9713344,janus@8a1e7a1,janus,8a1e7a1,skerry,official,1,0,rating,b,b,0.0,core_destroyed,39,,93,160,11,7,125,150,10,8,ok,,5.803,n-62-30-25,29004605,2026-08-02T16:57:36+0200
e6d43d02ec103140,auto-7202408d73d7,undertow_oracle@75591b7,undertow_oracle,75591b7,janus@8a1e7a1,janus,8a1e7a1,sweden,official,1,0,rating,a,a,1.0,titanium_collected,1000,,10899,9680,10,24,5420,7330,15,22,ok,,31.603,n-62-31-11,29004605,2026-08-02T16:59:13+0200
e6de4aa20a78da8f,auto-7202408d73d7,vg_v3@9713344,vg_v3,9713344,janus@8a1e7a1,janus,8a1e7a1,aurora,official,1,0,rating,b,b,0.0,core_destroyed,45,,61,90,8,9,8,150,13,12,ok,,4.024,n-62-21-90,29004605,2026-08-02T16:59:29+0200
e6e0aa82b38d2d51,auto-7202408d73d7,janus@8a1e7a1,janus,8a1e7a1,reaver@9713344,reaver,9713344,longship,official,1,0,rating,a,a,1.0,core_destroyed,58,,10,180,13,19,101,0,6,7,ok,,3.766,n-62-11-59,29004605,2026-08-02T16:57:40+0200
e6f31979cf7f5ab3,auto-7202408d73d7,janus@8a1e7a1,janus,8a1e7a1,undertow@da3fd8a,undertow,da3fd8a,jackpot,official,1,0,rating,b,b,0.0,core_destroyed,162,,132,920,19,28,974,1040,10,21,ok,,6.585,n-62-11-61,29004605,2026-08-02T16:59:17+0200
e6f6498366b72d70,auto-7202408d73d7,janus@8a1e7a1,janus,8a1e7a1,claude_challenger_3@fdc1e1f,claude_challenger_3,fdc1e1f,jackpot,official,1,0,rating,a,a,1.0,core_destroyed,50,,122,210,7,8,620,0,0,0,ok,,2.888,n-62-31-11,29004605,2026-08-02T16:57:42+0200
e70c9c95c673f510,auto-7202408d73d7,vg_v6@9713344,vg_v6,9713344,janus@8a1e7a1,janus,8a1e7a1,twins,official,1,0,rating,b,b,0.0,core_destroyed,37,,75,70,7,7,8,110,10,15,ok,,3.462,n-62-21-8,29004605,2026-08-02T16:59:43+0200
e726d1d51d3dbb97,auto-7202408d73d7,mistral_fast@26b5aa1,mistral_fast,26b5aa1,janus@8a1e7a1,janus,8a1e7a1,runestone,official,1,0,rating,b,b,0.0,core_destroyed,27,,235,0,6,0,3,40,10,13,ok,,3.569,n-62-31-15,29004605,2026-08-02T16:57:27+0200
e731140239f4e711,auto-7202408d73d7,janus@8a1e7a1,janus,8a1e7a1,claude_challenger_3@fdc1e1f,claude_challenger_3,fdc1e1f,vault,official,1,0,rating,a,a,1.0,core_destroyed,48,,327,190,7,7,37,0,10,3,ok,,5.26,n-62-21-103,29004605,2026-08-02T16:57:55+0200
e73a5fde6eb37929,auto-7202408d73d7,tempest_ferry@26b5aa1,tempest_ferry,26b5aa1,janus@8a1e7a1,janus,8a1e7a1,string,official,1,0,rating,a,a,1.0,core_destroyed,59,,57,0,10,1,82,40,7,1,ok,,4.244,n-62-21-15,29004605,2026-08-02T16:57:02+0200
e73a7a0bfab8507a,auto-7202408d73d7,janus@8a1e7a1,janus,8a1e7a1,tempest_blindfire@fdc1e1f,tempest_blindfire,fdc1e1f,vault,official,1,0,rating,b,b,0.0,core_destroyed,41,,260,140,9,4,60,160,14,6,ok,,4.524,n-62-21-8,29004605,2026-08-02T16:57:14+0200
e74759d90c27e556,auto-7202408d73d7,janus@8a1e7a1,janus,8a1e7a1,autistimusprime@ecd4d24,autistimusprime,ecd4d24,duel,official,1,0,rating,a,a,1.0,core_destroyed,47,,39,230,11,14,58,70,4,4,ok,,3.624,n-62-31-22,29004605,2026-08-02T16:57:39+0200
e74a5fd2e029829a,auto-7202408d73d7,undertow@9713344,undertow,9713344,janus@8a1e7a1,janus,8a1e7a1,sweden,official,1,0,rating,a,a,1.0,core_destroyed,138,,351,560,13,18,87,860,11,19,ok,,7.147,n-62-11-60,29004605,2026-08-02T16:59:17+0200
e758dd144726fcc5,auto-7202408d73d7,undertow_1ac7ac4@da3fd8a,undertow_1ac7ac4,da3fd8a,janus@8a1e7a1,janus,8a1e7a1,duel,official,1,0,rating,a,a,1.0,core_destroyed,41,,94,130,8,8,77,170,9,15,ok,,3.306,n-62-11-68,29004605,2026-08-02T16:59:32+0200
e76d844bb36e1034,auto-7202408d73d7,janus@8a1e7a1,janus,8a1e7a1,undertow_1ac7ac4@da3fd8a,undertow_1ac7ac4,da3fd8a,showdown,official,1,0,rating,a,a,1.0,core_destroyed,29,,36,0,9,8,23,0,7,3,ok,,3.519,n-62-21-92,29004605,2026-08-02T16:58:59+0200
e77e64e2a607b533,auto-7202408d73d7,frontier_v2@9713344,frontier_v2,9713344,janus@8a1e7a1,janus,8a1e7a1,string,official,1,0,rating,b,b,0.0,core_destroyed,50,,186,0,3,1,83,120,11,4,ok,,3.352,n-62-29-27,29004605,2026-08-02T16:57:10+0200
e791d60accd930c0,auto-7202408d73d7,janus@8a1e7a1,janus,8a1e7a1,undertow_oracle@75591b7,undertow_oracle,75591b7,strait,official,1,0,rating,a,a,1.0,core_destroyed,67,,19,150,12,10,59,370,13,32,ok,,5.393,n-62-31-10,29004605,2026-08-02T16:59:44+0200
e7a6c745450defcb,auto-7202408d73d7,e_condc@6db8844,e_condc,6db8844,janus@8a1e7a1,janus,8a1e7a1,runestone,official,1,0,rating,b,b,0.0,core_destroyed,30,,66,50,7,17,3,40,11,14,ok,,3.558,n-62-21-99,29004605,2026-08-02T16:57:02+0200
e7a97da50f39af6f,auto-7202408d73d7,tempest_picket@fdc1e1f,tempest_picket,fdc1e1f,janus@8a1e7a1,janus,8a1e7a1,crossfire,official,1,0,rating,b,b,0.0,core_destroyed,22,,127,0,8,2,13,60,10,8,ok,,3.023,n-62-12-65,29004605,2026-08-02T16:57:12+0200
e7b8e22200b29fa0,auto-7202408d73d7,janus@8a1e7a1,janus,8a1e7a1,tempest_reinforcements@65ddc55,tempest_reinforcements,65ddc55,duel,official,1,0,rating,b,b,0.0,core_destroyed,36,,39,130,9,9,16,70,7,4,ok,,4.513,n-62-21-61,29004605,2026-08-02T16:58:07+0200
e7ccb7a7c4633362,auto-7202408d73d7,janus@8a1e7a1,janus,8a1e7a1,vg_v1@9713344,vg_v1,9713344,pinch,official,1,0,rating,a,a,1.0,core_destroyed,48,,60,220,10,19,118,170,4,13,ok,,2.789,n-62-11-55,29004605,2026-08-02T16:58:41+0200
e7fb96cbf1a6ca5b,auto-7202408d73d7,janus@8a1e7a1,janus,8a1e7a1,opponent_luc@e83a42c,opponent_luc,e83a42c,crossfire,official,1,0,rating,a,a,1.0,core_destroyed,49,,10,190,15,12,23,0,6,4,ok,,5.776,n-62-11-50,29004605,2026-08-02T16:58:17+0200
e816b270f0839978,auto-7202408d73d7,vanguard@da3fd8a,vanguard,da3fd8a,janus@8a1e7a1,janus,8a1e7a1,quarry,official,1,0,rating,b,b,0.0,core_destroyed,58,,18,120,12,11,62,310,11,18,ok,,4.172,n-62-31-8,29004605,2026-08-02T16:59:43+0200
e875054ccc2280b3,auto-7202408d73d7,janus@8a1e7a1,janus,8a1e7a1,mistral_fast@26b5aa1,mistral_fast,26b5aa1,showdown,official,1,0,rating,a,a,1.0,core_destroyed,27,,7,0,8,5,27,0,8,0,ok,,4.49,n-62-31-15,29004605,2026-08-02T16:57:32+0200
e884144f4bc09350,auto-7202408d73d7,opponent_luc@e83a42c,opponent_luc,e83a42c,janus@8a1e7a1,janus,8a1e7a1,skerry,official,1,0,rating,b,b,0.0,core_destroyed,39,,261,160,9,5,125,150,10,8,ok,,5.172,n-62-11-51,29004605,2026-08-02T16:58:10+0200
e89135d2df26ba9d,auto-7202408d73d7,vanguard_oracle@fdc1e1f,vanguard_oracle,fdc1e1f,janus@8a1e7a1,janus,8a1e7a1,fjord,official,1,0,rating,b,b,0.0,core_destroyed,35,,108,140,8,5,12,180,12,11,ok,,3.452,n-62-11-57,29004605,2026-08-02T16:59:45+0200
e89705c246f7d32d,auto-7202408d73d7,janus@8a1e7a1,janus,8a1e7a1,frontier_v2@9713344,frontier_v2,9713344,longship,official,1,0,rating,a,a,1.0,core_destroyed,32,,20,60,12,12,83,0,7,4,ok,,3.323,n-62-29-24,29004605,2026-08-02T16:57:19+0200
e8bfe9631993d5aa,auto-7202408d73d7,undertow_oracle@75591b7,undertow_oracle,75591b7,janus@8a1e7a1,janus,8a1e7a1,aurora,official,1,0,rating,a,a,1.0,core_destroyed,57,,58,320,9,21,7,210,13,11,ok,,4.438,n-62-31-9,29004605,2026-08-02T16:59:21+0200
e8d45d5e3d3085f8,auto-7202408d73d7,baiter@9713344,baiter,9713344,janus@8a1e7a1,janus,8a1e7a1,longship,official,1,0,rating,b,b,0.0,core_destroyed,41,,126,80,5,7,20,130,12,12,ok,,5.178,n-62-31-24,29004605,2026-08-02T16:57:05+0200
e91d3fb8aa2643af,auto-7202408d73d7,tempest_frontier@fdc1e1f,tempest_frontier,fdc1e1f,janus@8a1e7a1,janus,8a1e7a1,runestone,official,1,0,rating,b,b,0.0,core_destroyed,27,,214,40,6,5,3,40,10,13,ok,,3.481,n-62-21-23,29004605,2026-08-02T16:57:54+0200
e921c19040f72827,auto-7202408d73d7,jonbot_190003d@da3fd8a,jonbot_190003d,da3fd8a,janus@8a1e7a1,janus,8a1e7a1,vase,official,1,0,rating,b,b,0.0,core_destroyed,36,,164,0,8,5,96,50,7,7,ok,,3.193,n-62-29-5,29004605,2026-08-02T16:58:06+0200
e934233816f182dd,auto-7202408d73d7,janus@8a1e7a1,janus,8a1e7a1,v233_b@9713344,v233_b,9713344,duel,official,1,0,rating,a,a,1.0,core_destroyed,48,,23,240,12,16,69,0,1,3,ok,,3.186,n-62-28-33,29004605,2026-08-02T16:58:52+0200
e93aeb1b9fded3c3,auto-7202408d73d7,janus@8a1e7a1,janus,8a1e7a1,tempest_reinforcements@edf93ad,tempest_reinforcements,edf93ad,longship,official,1,0,rating,a,a,1.0,core_destroyed,39,,28,80,12,11,18,70,10,11,ok,,4.635,n-62-21-68,29004605,2026-08-02T16:57:44+0200
e93e6e53b2e7bd42,auto-7202408d73d7,janus@8a1e7a1,janus,8a1e7a1,tempest_reinforcements@025dd51,tempest_reinforcements,025dd51,showdown,official,1,0,rating,b,b,0.0,core_destroyed,108,,229,0,3,1,80,230,4,23,ok,,3.303,n-62-12-67,29004605,2026-08-02T16:57:07+0200
e942605db3cc8aeb,auto-7202408d73d7,janus@8a1e7a1,janus,8a1e7a1,tempest_reinforcements@e1dc316,tempest_reinforcements,e1dc316,aurora,official,1,0,rating,a,a,1.0,core_destroyed,41,,9,80,12,6,3,80,10,8,ok,,4.644,n-62-21-65,29004605,2026-08-02T16:58:14+0200
e950ec8eab2d342f,auto-7202408d73d7,janus@8a1e7a1,janus,8a1e7a1,tempest_reinforcements@51ad530,tempest_reinforcements,51ad530,jackpot,official,1,0,rating,b,b,0.0,core_destroyed,158,,83,230,6,1,77,620,22,9,ok,,8.507,n-62-21-59,29004605,2026-08-02T16:58:32+0200
e95b8d10603d132c,auto-7202408d73d7,siege_v1@9713344,siege_v1,9713344,janus@8a1e7a1,janus,8a1e7a1,aurora,official,1,0,rating,b,b,0.0,core_destroyed,35,,188,0,6,3,12,100,12,11,ok,,3.465,n-62-21-90,29004605,2026-08-02T16:57:02+0200
e96e21c6b8249a5e,auto-7202408d73d7,mistral@ba943b9,mistral,ba943b9,janus@8a1e7a1,janus,8a1e7a1,vault,official,1,0,rating,a,a,1.0,core_destroyed,38,,34,0,13,1,287,140,8,5,ok,,5.01,n-62-31-8,29004605,2026-08-02T16:57:12+0200
e985c5f8b8dd0764,auto-7202408d73d7,v233_e@9713344,v233_e,9713344,janus@8a1e7a1,janus,8a1e7a1,atoll,official,1,0,rating,b,b,0.0,core_destroyed,44,,121,180,5,10,58,170,11,7,ok,,3.581,n-62-29-31,29004605,2026-08-02T16:58:37+0200
e987ddc47db3ea49,auto-7202408d73d7,baiter@9713344,baiter,9713344,janus@8a1e7a1,janus,8a1e7a1,jackpot,official,1,0,rating,b,b,0.0,core_destroyed,57,,102,0,4,0,80,250,10,8,ok,,4.594,n-62-31-23,29004605,2026-08-02T16:58:37+0200
e98bd23402315674,auto-7202408d73d7,jonbot@da3fd8a,jonbot,da3fd8a,janus@8a1e7a1,janus,8a1e7a1,skerry,official,1,0,rating,b,b,0.0,core_destroyed,51,,102,0,5,6,61,210,8,10,ok,,3.529,n-62-29-32,29004605,2026-08-02T16:57:09+0200
e994edcb5018ede5,auto-7202408d73d7,janus@8a1e7a1,janus,8a1e7a1,nemesis@9713344,nemesis,9713344,hive,official,1,0,rating,a,a,1.0,titanium_collected,1000,,16967,17150,10,72,1573,0,8,15,ok,,13.902,n-62-31-7,29004605,2026-08-02T16:58:42+0200
e9c43ccd857a6b60,auto-7202408d73d7,janus@8a1e7a1,janus,8a1e7a1,vg_v3@9713344,vg_v3,9713344,vault,official,1,0,rating,a,a,1.0,titanium_collected,1000,,11133,9520,10,94,5051,2490,7,14,ok,,8.917,n-62-12-5,29004605,2026-08-02T16:59:16+0200
e9e4f3e618cb46e3,auto-7202408d73d7,vigil@18b749d,vigil,18b749d,janus@8a1e7a1,janus,8a1e7a1,quarry,official,1,0,rating,b,b,0.0,core_destroyed,59,,18,100,8,14,139,210,8,10,ok,,4.599,n-62-21-13,29004605,2026-08-02T16:58:40+0200
e9e9a9e7421a6f6f,auto-7202408d73d7,janus@8a1e7a1,janus,8a1e7a1,v233_d@9713344,v233_d,9713344,runestone,official,1,0,rating,a,a,1.0,core_destroyed,36,,20,60,12,13,125,0,7,8,ok,,3.704,n-62-29-9,29004605,2026-08-02T16:58:35+0200
e9f7f5784e136216,auto-7202408d73d7,janus@8a1e7a1,janus,8a1e7a1,frontier_v1@9713344,frontier_v1,9713344,pinch,official,1,0,rating,a,a,1.0,core_destroyed,34,,11,110,11,15,25,0,9,3,ok,,3.85,n-62-29-16,29004605,2026-08-02T16:57:25+0200
ea0c03f2ab7a0027,auto-7202408d73d7,vg_v4@9713344,vg_v4,9713344,janus@8a1e7a1,janus,8a1e7a1,jackpot,official,1,0,rating,b,b,0.0,core_destroyed,57,,102,0,4,0,80,250,10,8,ok,,4.656,n-62-12-2,29004605,2026-08-02T16:59:01+0200
ea115860bce6197a,auto-7202408d73d7,tempest_fast@eb1f0f3,tempest_fast,eb1f0f3,janus@8a1e7a1,janus,8a1e7a1,aurora,official,1,0,rating,b,b,0.0,core_destroyed,38,,247,0,6,3,10,110,11,11,ok,,3.787,n-62-21-8,29004605,2026-08-02T16:57:35+0200
ea125ef6a3b9d83e,auto-7202408d73d7,janus@8a1e7a1,janus,8a1e7a1,undertow@9713344,undertow,9713344,duel,official,1,0,rating,a,a,1.0,core_destroyed,51,,13,260,10,18,89,170,6,5,ok,,3.979,n-62-31-24,29004605,2026-08-02T16:58:46+0200
ea14ff3d7b22f810,auto-7202408d73d7,janus@8a1e7a1,janus,8a1e7a1,undertow_1ac7ac4@da3fd8a,undertow_1ac7ac4,da3fd8a,twins,official,1,0,rating,a,a,1.0,core_destroyed,55,,18,200,13,13,79,290,5,24,ok,,3.937,n-62-31-9,29004605,2026-08-02T16:58:27+0200
ea20a9d079550380,auto-7202408d73d7,janus@8a1e7a1,janus,8a1e7a1,v233_b@9713344,v233_b,9713344,bridge,official,1,0,rating,b,b,0.0,core_destroyed,202,,88,800,13,9,353,1110,12,19,ok,,7.311,n-62-28-33,29004605,2026-08-02T16:58:30+0200
ea3a2697dfab3df4,auto-7202408d73d7,v233_c@9713344,v233_c,9713344,janus@8a1e7a1,janus,8a1e7a1,pinch,official,1,0,rating,b,b,0.0,core_destroyed,48,,45,120,4,10,21,160,11,13,ok,,3.095,n-62-29-20,29004605,2026-08-02T16:59:44+0200
ea3dc3c97f7bec9c,auto-7202408d73d7,v233_b@9713344,v233_b,9713344,janus@8a1e7a1,janus,8a1e7a1,pinch,official,1,0,rating,b,b,0.0,core_destroyed,45,,47,40,7,8,18,140,11,13,ok,,2.991,n-62-28-33,29004605,2026-08-02T16:59:31+0200
ea42e252f9b93e63,auto-7202408d73d7,janus@8a1e7a1,janus,8a1e7a1,tempest_blindfire@fdc1e1f,tempest_blindfire,fdc1e1f,vase,official,1,0,rating,b,b,0.0,core_destroyed,32,,92,40,8,6,119,0,7,6,ok,,3.428,n-62-21-8,29004605,2026-08-02T16:57:06+0200
ea465f181b90e0eb,auto-7202408d73d7,janus@8a1e7a1,janus,8a1e7a1,lockin@9713344,lockin,9713344,vault,official,1,0,rating,a,a,1.0,core_destroyed,48,,327,190,7,7,91,0,9,3,ok,,5.666,n-62-31-16,29004605,2026-08-02T16:57:00+0200
ea4eeca878cb4a5d,auto-7202408d73d7,tempest_reinforcements@e1dc316,tempest_reinforcements,e1dc316,janus@8a1e7a1,janus,8a1e7a1,jackpot,official,1,0,rating,a,a,1.0,core_destroyed,149,,70,350,17,10,162,690,5,7,ok,,7.646,n-62-21-66,29004605,2026-08-02T16:57:33+0200
ea5a8b91eb1ef0d6,auto-7202408d73d7,janus@8a1e7a1,janus,8a1e7a1,undertow_oracle@fdc1e1f,undertow_oracle,fdc1e1f,longship,official,1,0,rating,a,a,1.0,core_destroyed,76,,20,250,14,19,76,400,10,18,ok,,4.871,n-62-21-103,29004605,2026-08-02T16:58:50+0200
ea61488785fb7f64,auto-7202408d73d7,undertow_oracle@fdc1e1f,undertow_oracle,fdc1e1f,janus@8a1e7a1,janus,8a1e7a1,showdown,official,1,0,rating,b,b,0.0,core_destroyed,32,,24,0,7,11,53,60,7,16,ok,,2.881,n-62-21-103,29004605,2026-08-02T16:59:26+0200
ea853601d4e6b7a8,auto-7202408d73d7,siege_v1@9713344,siege_v1,9713344,janus@8a1e7a1,janus,8a1e7a1,showdown,official,1,0,rating,b,b,0.0,core_destroyed,24,,246,0,4,1,51,20,8,13,ok,,2.855,n-62-12-6,29004605,2026-08-02T16:57:08+0200
ea8f170924a5308a,auto-7202408d73d7,janus@8a1e7a1,janus,8a1e7a1,prospect@bf9b3e3,prospect,bf9b3e3,sprint,official,1,0,rating,b,b,0.0,core_destroyed,28,,28,40,11,3,12,70,9,8,ok,,3.489,n-62-11-56,29004605,2026-08-02T16:58:21+0200
ea9a2c700bf6e007,auto-7202408d73d7,janus@8a1e7a1,janus,8a1e7a1,tempest_frontier@fdc1e1f,tempest_frontier,fdc1e1f,sweden,official,1,0,rating,a,a,1.0,core_destroyed,105,,175,620,16,21,355,0,7,6,ok,,5.877,n-62-21-24,29004605,2026-08-02T16:57:16+0200
eaa5bc65b353cc2f,auto-7202408d73d7,tempest_frontier@fdc1e1f,tempest_frontier,fdc1e1f,janus@8a1e7a1,janus,8a1e7a1,strait,official,1,0,rating,b,b,0.0,core_destroyed,34,,206,0,5,3,46,90,10,13,ok,,3.262,n-62-21-24,29004605,2026-08-02T16:57:02+0200
eadb0b13959b7fcd,auto-7202408d73d7,janus@8a1e7a1,janus,8a1e7a1,riptide@9713344,riptide,9713344,strait,official,1,0,rating,a,a,1.0,core_destroyed,142,,300,1050,12,57,78,600,9,18,ok,,6.869,n-62-21-89,29004605,2026-08-02T16:57:23+0200
eb12082be7013cec,auto-7202408d73d7,janus@8a1e7a1,janus,8a1e7a1,e_harc@6db8844,e_harc,6db8844,pinch,official,1,0,rating,a,a,1.0,core_destroyed,43,,37,180,10,15,67,80,9,5,ok,,3.488,n-62-28-33,29004605,2026-08-02T16:56:58+0200
eb2e14db3c5264e1,auto-7202408d73d7,frontier_v2@9713344,frontier_v2,9713344,janus@8a1e7a1,janus,8a1e7a1,vault,official,1,0,rating,b,b,0.0,core_destroyed,46,,133,0,8,3,309,190,8,6,ok,,2.808,n-62-29-27,29004605,2026-08-02T16:57:36+0200
eb3e137bc483a247,auto-7202408d73d7,janus@8a1e7a1,janus,8a1e7a1,e_final@9e77076,e_final,9e77076,hive,official,1,0,rating,a,a,1.0,core_destroyed,54,,14,170,13,15,9,0,6,4,ok,,4.056,n-62-28-30,29004605,2026-08-02T16:57:42+0200
eb42677720e54c37,auto-7202408d73d7,gobbleglitch@e808e1d,gobbleglitch,e808e1d,janus@8a1e7a1,janus,8a1e7a1,bridge,official,1,0,rating,a,a,1.0,core_destroyed,216,,612,500,7,9,1329,1450,11,14,ok,,4.477,n-62-29-27,29004605,2026-08-02T16:57:58+0200
eb46cbfdfe828e35,auto-7202408d73d7,janus@8a1e7a1,janus,8a1e7a1,vigil@18b749d,vigil,18b749d,aurora,official,1,0,rating,a,a,1.0,core_destroyed,60,,20,130,11,5,20,90,12,8,ok,,5.452,n-62-31-5,29004605,2026-08-02T16:58:44+0200
eb4a90dab30cd6cc,auto-7202408d73d7,gobbleglitch@e808e1d,gobbleglitch,e808e1d,janus@8a1e7a1,janus,8a1e7a1,runestone,official,1,0,rating,b,b,0.0,core_destroyed,30,,60,40,9,5,3,40,11,14,ok,,3.65,n-62-29-28,29004605,2026-08-02T16:58:08+0200
eb6bf18770457a68,auto-7202408d73d7,janus@8a1e7a1,janus,8a1e7a1,e_harc@6db8844,e_harc,6db8844,atoll,official,1,0,rating,a,a,1.0,core_destroyed,49,,58,190,10,12,61,0,7,4,ok,,16.064,n-62-28-31,29004605,2026-08-02T16:57:59+0200
eb7053e232a1490b,auto-7202408d73d7,e_harc@6db8844,e_harc,6db8844,janus@8a1e7a1,janus,8a1e7a1,quarry,official,1,0,rating,b,b,0.0,core_destroyed,341,,63,40,6,2,3152,4030,11,65,ok,,5.667,n-62-28-33,29004605,2026-08-02T16:57:11+0200
eb8d8d627db07373,auto-7202408d73d7,janus@8a1e7a1,janus,8a1e7a1,tempest_reinforcements@38f9c23,tempest_reinforcements,38f9c23,quarry,official,1,0,rating,b,b,0.0,core_destroyed,44,,68,50,11,9,27,70,10,15,ok,,4.476,n-62-21-54,29004605,2026-08-02T16:56:59+0200
eb98d6374be06954,auto-7202408d73d7,vg_v7@9713344,vg_v7,9713344,janus@8a1e7a1,janus,8a1e7a1,aurora,official,1,0,rating,b,b,0.0,core_destroyed,45,,106,90,10,9,21,150,12,12,ok,,4.543,n-62-21-12,29004605,2026-08-02T16:58:39+0200
ebd4209b0bf21157,auto-7202408d73d7,vg_v6@9713344,vg_v6,9713344,janus@8a1e7a1,janus,8a1e7a1,duel,official,1,0,rating,b,b,0.0,core_destroyed,39,,77,20,7,2,53,160,10,14,ok,,3.722,n-62-21-4,29004605,2026-08-02T16:59:10+0200
ec0b4df6f9735f71,auto-7202408d73d7,janus@8a1e7a1,janus,8a1e7a1,tempest_picket@fdc1e1f,tempest_picket,fdc1e1f,atoll,official,1,0,rating,b,b,0.0,core_destroyed,30,,139,90,10,6,23,60,12,6,ok,,5.927,n-62-13-9,29004605,2026-08-02T16:58:36+0200
ec16e8462eef6bac,auto-7202408d73d7,prospect_rushonly@bf9b3e3,prospect_rushonly,bf9b3e3,janus@8a1e7a1,janus,8a1e7a1,crossfire,official,1,0,rating,b,b,0.0,core_destroyed,38,,77,80,6,10,9,80,9,6,ok,,3.319,n-62-11-57,29004605,2026-08-02T16:58:26+0200
ec1ba2f08c81b37c,auto-7202408d73d7,janus@8a1e7a1,janus,8a1e7a1,vg_v4@9713344,vg_v4,9713344,atoll,official,1,0,rating,a,a,1.0,core_destroyed,57,,57,230,12,13,122,0,8,5,ok,,3.604,n-62-12-5,29004605,2026-08-02T16:59:22+0200
ec1cf4b7df61d3c3,auto-7202408d73d7,gobbleglitch@e808e1d,gobbleglitch,e808e1d,janus@8a1e7a1,janus,8a1e7a1,aurora,official,1,0,rating,a,a,1.0,core_destroyed,40,,68,70,11,5,43,120,12,8,ok,,3.852,n-62-29-27,29004605,2026-08-02T16:57:50+0200
ec20e4207cc815fb,auto-7202408d73d7,undertow@9713344,undertow,9713344,janus@8a1e7a1,janus,8a1e7a1,hive,official,1,0,rating,b,b,0.0,core_destroyed,47,,110,180,5,17,23,130,10,19,ok,,4.096,n-62-31-24,29004605,2026-08-02T16:59:09+0200
ec2d7e0687e9cbef,auto-7202408d73d7,reaver@9713344,reaver,9713344,janus@8a1e7a1,janus,8a1e7a1,vase,official,1,0,rating,b,b,0.0,core_destroyed,48,,128,0,5,3,70,80,8,14,ok,,3.334,n-62-11-55,29004605,2026-08-02T16:58:06+0200
ec550759ed12203d,auto-7202408d73d7,janus@8a1e7a1,janus,8a1e7a1,tempest_reinforcements@87724ec,tempest_reinforcements,87724ec,crossfire,official,1,0,rating,a,a,1.0,core_destroyed,31,,50,100,9,10,92,60,7,5,ok,,4.691,n-62-21-63,29004605,2026-08-02T16:58:16+0200
ec5b3dc0b3bb1ef7,auto-7202408d73d7,janus@8a1e7a1,janus,8a1e7a1,vanguard@da3fd8a,vanguard,da3fd8a,sweden,official,1,0,rating,b,b,0.0,core_destroyed,81,,100,430,14,18,303,440,11,22,ok,,4.775,n-62-31-15,29004605,2026-08-02T16:59:21+0200
ec610fc4c47ee82c,auto-7202408d73d7,janus@8a1e7a1,janus,8a1e7a1,e_condc@6db8844,e_condc,6db8844,runestone,official,1,0,rating,a,a,1.0,core_destroyed,29,,3,40,12,12,74,40,7,17,ok,,3.909,n-62-21-99,29004605,2026-08-02T16:56:58+0200
ec8fbfdb8c57f66d,auto-7202408d73d7,janus@8a1e7a1,janus,8a1e7a1,tempest_reinforcements@e1dc316,tempest_reinforcements,e1dc316,duel,official,1,0,rating,a,a,1.0,core_destroyed,54,,43,230,8,10,18,80,7,3,ok,,4.942,n-62-21-65,29004605,2026-08-02T16:59:10+0200
eca03965db16234f,auto-7202408d73d7,tempest_frontier@fdc1e1f,tempest_frontier,fdc1e1f,janus@8a1e7a1,janus,8a1e7a1,sweden,official,1,0,rating,b,b,0.0,core_destroyed,72,,420,130,5,9,330,370,9,22,ok,,3.6,n-62-21-24,29004605,2026-08-02T16:57:19+0200
ecae6785b65d3a81,auto-7202408d73d7,janus@8a1e7a1,janus,8a1e7a1,e_condc@6db8844,e_condc,6db8844,skerry,official,1,0,rating,a,a,1.0,core_destroyed,48,,85,260,11,10,87,190,8,11,ok,,3.708,n-62-21-99,29004605,2026-08-02T16:57:13+0200
ecde40c33d004582,auto-7202408d73d7,tempest_fast@eb1f0f3,tempest_fast,eb1f0f3,janus@8a1e7a1,janus,8a1e7a1,sweden,official,1,0,rating,b,b,0.0,core_destroyed,72,,458,130,4,9,330,370,9,22,ok,,3.555,n-62-21-13,29004605,2026-08-02T16:57:03+0200
ecdeab6d83d50c2e,auto-7202408d73d7,janus@8a1e7a1,janus,8a1e7a1,e9cand@9e77076,e9cand,9e77076,runestone,official,1,0,rating,a,a,1.0,core_destroyed,41,,10,70,11,13,52,0,10,4,ok,,3.887,n-62-21-104,29004605,2026-08-02T16:58:12+0200
ecf0da5c5e0a98c6,auto-7202408d73d7,janus@8a1e7a1,janus,8a1e7a1,turtle@9713344,turtle,9713344,jackpot,official,1,0,rating,a,a,1.0,core_destroyed,62,,64,270,14,8,102,0,0,1,ok,,3.838,n-62-31-21,29004605,2026-08-02T16:58:57+0200
ecfdd387578a49ae,auto-7202408d73d7,janus@8a1e7a1,janus,8a1e7a1,claude_challenger_1@fdc1e1f,claude_challenger_1,fdc1e1f,fjord,official,1,0,rating,a,a,1.0,core_destroyed,36,,18,130,13,8,247,140,9,4,ok,,6.055,n-62-11-68,29004605,2026-08-02T16:57:00+0200
ed0ede8eeb8739d3,auto-7202408d73d7,janus@8a1e7a1,janus,8a1e7a1,claude_challenger_3@fdc1e1f,claude_challenger_3,fdc1e1f,vase,official,1,0,rating,a,a,1.0,core_destroyed,37,,74,50,7,7,590,0,0,0,ok,,2.308,n-62-21-103,29004605,2026-08-02T16:57:47+0200
ed64379511a21876,auto-7202408d73d7,claude_challenger_3@fdc1e1f,claude_challenger_3,fdc1e1f,janus@8a1e7a1,janus,8a1e7a1,vase,official,1,0,rating,b,b,0.0,core_destroyed,41,,600,0,0,0,60,60,8,15,ok,,2.52,n-62-21-103,29004605,2026-08-02T16:57:50+0200
ed8039f1d7a78a44,auto-7202408d73d7,janus@8a1e7a1,janus,8a1e7a1,jonbot@da3fd8a,jonbot,da3fd8a,sprint,official,1,0,rating,a,a,1.0,core_destroyed,69,,10,150,10,10,94,50,6,7,ok,,4.222,n-62-29-32,29004605,2026-08-02T16:57:13+0200
ed9029496de0e054,auto-7202408d73d7,autistimusprime@ecd4d24,autistimusprime,ecd4d24,janus@8a1e7a1,janus,8a1e7a1,aurora,official,1,0,rating,a,a,1.0,core_destroyed,40,,68,70,11,5,43,120,12,8,ok,,4.074,n-62-31-22,29004605,2026-08-02T16:57:16+0200
ed960fd02197183c,auto-7202408d73d7,janus@8a1e7a1,janus,8a1e7a1,v233_i@902be71,v233_i,902be71,jackpot,official,1,0,rating,b,b,0.0,core_destroyed,55,,62,230,13,7,60,190,13,7,ok,,4.25,n-62-29-8,29004605,2026-08-02T16:59:02+0200
edcc4607cfc60ec8,auto-7202408d73d7,janus@8a1e7a1,janus,8a1e7a1,siege_v2@9713344,siege_v2,9713344,vault,official,1,0,rating,a,a,1.0,core_destroyed,47,,182,180,8,7,265,0,5,2,ok,,3.628,n-62-12-2,29004605,2026-08-02T16:56:58+0200
ede3867c0fb65e02,auto-7202408d73d7,frontier_v2@9713344,frontier_v2,9713344,janus@8a1e7a1,janus,8a1e7a1,pinch,official,1,0,rating,b,b,0.0,core_destroyed,33,,8,0,8,4,32,90,10,15,ok,,2.942,n-62-29-24,29004605,2026-08-02T16:57:29+0200
edecba3f17ff2012,auto-7202408d73d7,jonbot@9713344,jonbot,9713344,janus@8a1e7a1,janus,8a1e7a1,pinch,official,1,0,rating,b,b,0.0,core_destroyed,34,,253,0,5,0,21,100,10,15,ok,,2.892,n-62-29-8,29004605,2026-08-02T16:57:43+0200
edecfec4f6e11082,auto-7202408d73d7,janus@8a1e7a1,janus,8a1e7a1,undertow_oracle@fdc1e1f,undertow_oracle,fdc1e1f,pinch,official,1,0,rating,a,a,1.0,core_destroyed,49,,80,170,11,9,59,90,9,5,ok,,4.298,n-62-21-103,29004605,2026-08-02T16:58:58+0200
edf28809901c6316,auto-7202408d73d7,janus@8a1e7a1,janus,8a1e7a1,jonbot_190003d@da3fd8a,jonbot_190003d,da3fd8a,aurora,official,1,0,rating,a,a,1.0,core_destroyed,37,,11,70,11,9,175,80,6,14,ok,,3.661,n-62-29-34,29004605,2026-08-02T16:56:58+0200
edfbc90388cd8dc1,auto-7202408d73d7,janus@8a1e7a1,janus,8a1e7a1,vg_v2@9713344,vg_v2,9713344,longship,official,1,0,rating,a,a,1.0,core_destroyed,57,,12,180,13,19,104,0,6,8,ok,,4.0,n-62-21-89,29004605,2026-08-02T16:58:47+0200
ee30813e490ad3f6,auto-7202408d73d7,janus@8a1e7a1,janus,8a1e7a1,tempest_reinforcements@38f9c23,tempest_reinforcements,38f9c23,crossfire,official,1,0,rating,b,b,0.0,core_destroyed,34,,12,70,10,8,8,40,10,4,ok,,4.855,n-62-21-55,29004605,2026-08-02T16:57:36+0200
ee54cacb0a9316ff,auto-7202408d73d7,opponent_luc@e83a42c,opponent_luc,e83a42c,janus@8a1e7a1,janus,8a1e7a1,bridge,official,1,0,rating,b,b,0.0,core_destroyed,52,,630,0,0,0,198,250,10,17,ok,,2.296,n-62-11-50,29004605,2026-08-02T16:58:11+0200
ee6bb9221354522a,auto-7202408d73d7,janus@8a1e7a1,janus,8a1e7a1,gobbleglitch@e808e1d,gobbleglitch,e808e1d,duel,official,1,0,rating,a,a,1.0,core_destroyed,47,,39,230,11,14,58,70,4,4,ok,,3.787,n-62-29-28,29004605,2026-08-02T16:56:58+0200
ee74124354155002,auto-7202408d73d7,janus@8a1e7a1,janus,8a1e7a1,undertow_1ac7ac4@da3fd8a,undertow_1ac7ac4,da3fd8a,vault,official,1,0,rating,b,b,0.0,core_destroyed,44,,250,160,9,6,51,190,12,7,ok,,4.007,n-62-31-9,29004605,2026-08-02T16:58:58+0200
ee75f8f2606ff0d7,auto-7202408d73d7,janus@8a1e7a1,janus,8a1e7a1,vg_v3@9713344,vg_v3,9713344,sprint,official,1,0,rating,a,a,1.0,core_destroyed,30,,3,80,11,15,14,100,4,6,ok,,2.895,n-62-12-6,29004605,2026-08-02T16:59:38+0200
ee8d66c02c01af19,auto-7202408d73d7,janus@8a1e7a1,janus,8a1e7a1,prospect_rushonly@bf9b3e3,prospect_rushonly,bf9b3e3,longship,official,1,0,rating,b,b,0.0,titanium_collected,35,,7,60,11,8,13,90,10,8,ok,,4.24,n-62-11-54,29004605,2026-08-02T16:57:36+0200
ee8dbeb7f3df80d2,auto-7202408d73d7,reaver@9713344,reaver,9713344,janus@8a1e7a1,janus,8a1e7a1,pinch,official,1,0,rating,b,b,0.0,core_destroyed,44,,76,40,5,9,30,170,10,19,ok,,3.332,n-62-11-59,29004605,2026-08-02T16:57:51+0200
eea6cd7875f771bf,auto-7202408d73d7,janus@8a1e7a1,janus,8a1e7a1,undertow_oracle@fdc1e1f,undertow_oracle,fdc1e1f,atoll,official,1,0,rating,b,b,0.0,core_destroyed,41,,141,150,8,10,59,180,8,15,ok,,3.64,n-62-31-11,29004605,2026-08-02T16:59:42+0200
eea94f2295c6b96f,auto-7202408d73d7,vigil@18b749d,vigil,18b749d,janus@8a1e7a1,janus,8a1e7a1,runestone,official,1,0,rating,a,a,1.0,core_destroyed,27,,9,40,12,8,9,40,11,6,ok,,4.245,n-62-21-13,29004605,2026-08-02T16:58:49+0200
eebda177f05d7a90,auto-7202408d73d7,janus@8a1e7a1,janus,8a1e7a1,vg_v3@9713344,vg_v3,9713344,longship,official,1,0,rating,a,a,1.0,core_destroyed,57,,12,180,13,19,80,0,6,7,ok,,3.804,n-62-12-6,29004605,2026-08-02T16:58:56+0200
eed1ac91bbe62d41,auto-7202408d73d7,janus@8a1e7a1,janus,8a1e7a1,tempest_fast@eb1f0f3,tempest_fast,eb1f0f3,runestone,official,1,0,rating,a,a,1.0,core_destroyed,32,,14,50,8,13,141,0,9,4,ok,,4.176,n-62-21-12,29004605,2026-08-02T16:57:33+0200
eee805230beea6e4,auto-7202408d73d7,undertow@fdc1e1f,undertow,fdc1e1f,janus@8a1e7a1,janus,8a1e7a1,string,official,1,0,rating,a,a,1.0,core_destroyed,60,,141,230,8,6,110,90,7,0,ok,,4.001,n-62-11-66,29004605,2026-08-02T16:59:35+0200
eef9a3d937781520,auto-7202408d73d7,e_final@9e77076,e_final,9e77076,janus@8a1e7a1,janus,8a1e7a1,fjord,official,1,0,rating,b,b,0.0,core_destroyed,31,,15,50,9,11,17,150,13,9,ok,,3.584,n-62-28-30,29004605,2026-08-02T16:57:38+0200
ef02678abb16d4b1,auto-7202408d73d7,janus@8a1e7a1,janus,8a1e7a1,attack_wave_v1@9713344,attack_wave_v1,9713344,vase,official,1,0,rating,a,a,1.0,core_destroyed,42,,151,70,8,7,241,0,6,2,ok,,3.297,n-62-31-5,29004605,2026-08-02T16:58:04+0200
ef02e03d1c73195f,auto-7202408d73d7,mistral_fast@26b5aa1,mistral_fast,26b5aa1,janus@8a1e7a1,janus,8a1e7a1,bridge,official,1,0,rating,b,b,0.0,core_destroyed,70,,394,0,4,0,407,360,8,15,ok,,2.901,n-62-31-8,29004605,2026-08-02T16:57:34+0200
ef066d2b5d900f9e,auto-7202408d73d7,janus@8a1e7a1,janus,8a1e7a1,titanium_v1@9713344,titanium_v1,9713344,duel,official,1,0,rating,a,a,1.0,core_destroyed,29,,77,100,9,6,272,0,4,4,ok,,2.556,n-62-31-5,29004605,2026-08-02T16:58:17+0200
ef11ec886dbe043e,auto-7202408d73d7,janus@8a1e7a1,janus,8a1e7a1,vg_v2@9713344,vg_v2,9713344,sweden,official,1,0,rating,a,a,1.0,core_destroyed,106,,332,630,13,22,98,200,6,8,ok,,5.572,n-62-21-90,29004605,2026-08-02T16:58:39+0200
ef32887706286985,auto-7202408d73d7,undertow@fdc1e1f,undertow,fdc1e1f,janus@8a1e7a1,janus,8a1e7a1,pinch,official,1,0,rating,b,b,0.0,core_destroyed,48,,24,160,12,15,24,160,13,11,ok,,4.693,n-62-11-66,29004605,2026-08-02T16:58:26+0200
ef362826a46251c0,auto-7202408d73d7,v233_e@9713344,v233_e,9713344,janus@8a1e7a1,janus,8a1e7a1,sweden,official,1,0,rating,b,b,0.0,core_destroyed,116,,76,910,10,24,285,700,14,22,ok,,5.35,n-62-29-13,29004605,2026-08-02T16:59:42+0200
ef4c8e5d11de52ab,auto-7202408d73d7,tempest_reinforcements@edf93ad,tempest_reinforcements,edf93ad,janus@8a1e7a1,janus,8a1e7a1,pinch,official,1,0,rating,b,b,0.0,core_destroyed,45,,41,90,9,8,9,90,11,5,ok,,4.815,n-62-21-68,29004605,2026-08-02T16:57:58+0200
ef7e16acd8a74991,auto-7202408d73d7,janus@8a1e7a1,janus,8a1e7a1,tempest_reinforcements@38f9c23,tempest_reinforcements,38f9c23,atoll,official,1,0,rating,b,b,0.0,core_destroyed,30,,246,90,6,6,13,100,11,10,ok,,3.958,n-62-21-55,29004605,2026-08-02T16:56:59+0200
ef9146383ce7ce03,auto-7202408d73d7,janus@8a1e7a1,janus,8a1e7a1,gobbleglitch@e808e1d,gobbleglitch,e808e1d,longship,official,1,0,rating,a,a,1.0,core_destroyed,44,,19,90,13,10,58,80,7,16,ok,,3.769,n-62-29-28,29004605,2026-08-02T16:57:43+0200
efaf28b7325b222b,auto-7202408d73d7,janus@8a1e7a1,janus,8a1e7a1,claude_challenger_1@fdc1e1f,claude_challenger_1,fdc1e1f,quarry,official,1,0,rating,a,a,1.0,core_destroyed,47,,50,190,11,21,184,0,10,0,ok,,6.674,n-62-11-68,29004605,2026-08-02T16:57:55+0200
efebde80a9855584,auto-7202408d73d7,tempest_ferry@26b5aa1,tempest_ferry,26b5aa1,janus@8a1e7a1,janus,8a1e7a1,pinch,official,1,0,rating,b,b,0.0,core_destroyed,28,,91,0,8,3,47,60,8,12,ok,,3.671,n-62-21-2,29004605,2026-08-02T16:57:30+0200
f00079469030a6c5,auto-7202408d73d7,vg_v4@9713344,vg_v4,9713344,janus@8a1e7a1,janus,8a1e7a1,runestone,official,1,0,rating,b,b,0.0,core_destroyed,29,,68,40,6,9,3,40,11,14,ok,,3.536,n-62-12-2,29004605,2026-08-02T16:59:33+0200
f000da72fd26761c,auto-7202408d73d7,janus@8a1e7a1,janus,8a1e7a1,vg_v4@9713344,vg_v4,9713344,pinch,official,1,0,rating,a,a,1.0,core_destroyed,37,,13,120,11,15,113,100,3,14,ok,,3.468,n-62-12-2,29004605,2026-08-02T16:59:14+0200
f04800799d2c2518,auto-7202408d73d7,janus@8a1e7a1,janus,8a1e7a1,titanium_v1@9713344,titanium_v1,9713344,atoll,official,1,0,rating,a,a,1.0,core_destroyed,36,,123,130,9,14,329,0,4,3,ok,,2.677,n-62-31-4,29004605,2026-08-02T16:59:06+0200
f05dcc5efb2aa4bd,auto-7202408d73d7,janus@8a1e7a1,janus,8a1e7a1,v233_g@9713344,v233_g,9713344,aurora,official,1,0,rating,a,a,1.0,core_destroyed,95,,115,400,9,28,76,450,7,16,ok,,4.382,n-62-29-24,29004605,2026-08-02T16:59:03+0200
f0ac00679bc95474,auto-7202408d73d7,titanium_v1@9713344,titanium_v1,9713344,janus@8a1e7a1,janus,8a1e7a1,atoll,official,1,0,rating,b,b,0.0,core_destroyed,34,,321,0,4,3,70,120,11,7,ok,,2.87,n-62-31-4,29004605,2026-08-02T16:59:09+0200
f0c16c5e6709d4db,auto-7202408d73d7,janus@8a1e7a1,janus,8a1e7a1,jonbot@9713344,jonbot,9713344,skerry,official,1,0,rating,a,a,1.0,core_destroyed,39,,179,190,9,10,267,0,5,0,ok,,3.542,n-62-29-9,29004605,2026-08-02T16:56:58+0200
f0c27829fd4e64cd,auto-7202408d73d7,janus@8a1e7a1,janus,8a1e7a1,tempest_blindfire@fdc1e1f,tempest_blindfire,fdc1e1f,twins,official,1,0,rating,b,b,0.0,core_destroyed,28,,124,40,9,3,54,50,11,7,ok,,4.48,n-62-21-8,29004605,2026-08-02T16:56:59+0200
f0d57de84d358ade,auto-7202408d73d7,janus@8a1e7a1,janus,8a1e7a1,tempest_picket@fdc1e1f,tempest_picket,fdc1e1f,string,official,1,0,rating,a,a,1.0,core_destroyed,60,,109,140,8,5,338,240,7,5,ok,,3.081,n-62-12-64,29004605,2026-08-02T16:57:28+0200
f0e21cf77bf2e8c6,auto-7202408d73d7,tempest_ferry@26b5aa1,tempest_ferry,26b5aa1,janus@8a1e7a1,janus,8a1e7a1,sweden,official,1,0,rating,b,b,0.0,core_destroyed,72,,420,130,5,9,330,370,9,22,ok,,3.618,n-62-21-15,29004605,2026-08-02T16:57:11+0200
f0fbc1c14cd269b7,auto-7202408d73d7,janus@8a1e7a1,janus,8a1e7a1,siege_v2@9713344,siege_v2,9713344,sweden,official,1,0,rating,a,a,1.0,core_destroyed,66,,136,330,12,22,211,0,5,4,ok,,4.266,n-62-12-1,29004605,2026-08-02T16:57:50+0200
f117c8e35873bbee,auto-7202408d73d7,janus@8a1e7a1,janus,8a1e7a1,undertow@9713344,undertow,9713344,string,official,1,0,rating,b,b,0.0,core_destroyed,197,,328,1090,8,8,1644,1690,8,21,ok,,5.582,n-62-11-60,29004605,2026-08-02T16:58:55+0200
f1355cddf818a606,auto-7202408d73d7,claude_challenger_2@fdc1e1f,claude_challenger_2,fdc1e1f,janus@8a1e7a1,janus,8a1e7a1,vase,official,1,0,rating,b,b,0.0,core_destroyed,41,,600,0,0,0,60,60,8,15,ok,,2.812,n-62-31-10,29004605,2026-08-02T16:57:44+0200
f137acc3d94e61b0,auto-7202408d73d7,janus@8a1e7a1,janus,8a1e7a1,prospect_rushonly@bf9b3e3,prospect_rushonly,bf9b3e3,showdown,official,1,0,rating,a,a,1.0,core_destroyed,25,,10,0,9,5,152,0,5,5,ok,,3.189,n-62-11-54,29004605,2026-08-02T16:58:09+0200
f13b9bc755940944,auto-7202408d73d7,janus@8a1e7a1,janus,8a1e7a1,e_post2@4a95297,e_post2,4a95297,runestone,official,1,0,rating,a,a,1.0,core_destroyed,41,,10,70,11,13,52,0,10,4,ok,,4.069,n-62-28-35,29004605,2026-08-02T16:57:24+0200
f142a85ea7c9c8f2,auto-7202408d73d7,janus@8a1e7a1,janus,8a1e7a1,v233_g@9713344,v233_g,9713344,quarry,official,1,0,rating,a,a,1.0,core_destroyed,51,,32,230,11,22,70,220,6,22,ok,,3.367,n-62-29-27,29004605,2026-08-02T16:58:51+0200
f14ac31ff35b70ed,auto-7202408d73d7,tempest_picket@fdc1e1f,tempest_picket,fdc1e1f,janus@8a1e7a1,janus,8a1e7a1,sprint,official,1,0,rating,a,a,1.0,core_destroyed,26,,41,0,10,3,23,50,10,14,ok,,3.783,n-62-12-64,29004605,2026-08-02T16:57:18+0200
f14ca5dff5c3d564,auto-7202408d73d7,nemesis@9713344,nemesis,9713344,janus@8a1e7a1,janus,8a1e7a1,hive,official,1,0,rating,b,b,0.0,core_destroyed,44,,81,110,8,16,39,110,10,18,ok,,3.992,n-62-31-7,29004605,2026-08-02T16:58:46+0200
f16dcc00253827d6,auto-7202408d73d7,vanguard@9932bec,vanguard,9932bec,janus@8a1e7a1,janus,8a1e7a1,duel,official,1,0,rating,a,a,1.0,core_destroyed,41,,38,140,5,6,9,160,12,6,ok,,4.163,n-62-30-23,29004605,2026-08-02T16:58:34+0200
f1da3354b8df3f7e,auto-7202408d73d7,undertow@da3fd8a,undertow,da3fd8a,janus@8a1e7a1,janus,8a1e7a1,atoll,official,1,0,rating,b,b,0.0,core_destroyed,46,,29,200,7,20,68,180,12,10,ok,,3.711,n-62-11-61,29004605,2026-08-02T16:58:23+0200
f1ed0492b5f2517a,auto-7202408d73d7,tempest_ferry@26b5aa1,tempest_ferry,26b5aa1,janus@8a1e7a1,janus,8a1e7a1,aurora,official,1,0,rating,b,b,0.0,core_destroyed,39,,123,0,9,3,4,110,10,8,ok,,4.492,n-62-21-13,29004605,2026-08-02T16:57:44+0200
f1f0e532c415ac57,auto-7202408d73d7,vanguard@818f3b4,vanguard,818f3b4,janus@8a1e7a1,janus,8a1e7a1,atoll,official,1,0,rating,a,a,1.0,core_destroyed,40,,78,140,10,4,132,140,7,6,ok,,3.714,n-62-29-32,29004605,2026-08-02T16:59:21+0200
f1f3ed51dd270850,auto-7202408d73d7,janus@8a1e7a1,janus,8a1e7a1,tempest_ferry@26b5aa1,tempest_ferry,26b5aa1,vase,official,1,0,rating,b,b,0.0,core_destroyed,32,,92,40,8,6,119,0,7,6,ok,,3.333,n-62-21-15,29004605,2026-08-02T16:57:23+0200
f20bb1f31fa56baa,auto-7202408d73d7,tempest_reinforcements@3d5ab38,tempest_reinforcements,3d5ab38,janus@8a1e7a1,janus,8a1e7a1,crossfire,official,1,0,rating,b,b,0.0,core_destroyed,33,,17,70,10,5,7,110,9,11,ok,,4.362,n-62-21-56,29004605,2026-08-02T16:57:36+0200
f212f5f1839e0987,auto-7202408d73d7,janus@8a1e7a1,janus,8a1e7a1,tempest_reinforcements@e1dc316,tempest_reinforcements,e1dc316,sweden,official,1,0,rating,b,b,0.0,core_destroyed,123,,299,930,12,26,29,140,15,11,ok,,6.638,n-62-21-67,29004605,2026-08-02T16:57:21+0200
f229f6db4fd7a80a,auto-7202408d73d7,e_harc@6db8844,e_harc,6db8844,janus@8a1e7a1,janus,8a1e7a1,bridge,official,1,0,rating,b,b,0.0,core_destroyed,64,,29,0,10,11,255,320,9,17,ok,,4.487,n-62-28-31,29004605,2026-08-02T16:58:39+0200
f2378a1ccfa123f4,auto-7202408d73d7,janus@8a1e7a1,janus,8a1e7a1,undertow_oracle@fdc1e1f,undertow_oracle,fdc1e1f,jackpot,official,1,0,rating,a,a,1.0,core_destroyed,58,,89,250,13,8,73,250,10,20,ok,,4.287,n-62-21-103,29004605,2026-08-02T16:58:35+0200
f254613fd47765ac,auto-7202408d73d7,jonbot@9713344,jonbot,9713344,janus@8a1e7a1,janus,8a1e7a1,skerry,official,1,0,rating,b,b,0.0,core_destroyed,39,,267,0,5,0,91,180,10,14,ok,,3.191,n-62-29-9,29004605,2026-08-02T16:57:01+0200
f255f360800d6e0a,auto-7202408d73d7,e_condc@6db8844,e_condc,6db8844,janus@8a1e7a1,janus,8a1e7a1,pinch,official,1,0,rating,b,b,0.0,core_destroyed,32,,55,40,6,23,37,80,10,13,ok,,3.154,n-62-21-98,29004605,2026-08-02T16:58:05+0200
f266b0953f56abc2,auto-7202408d73d7,tempest_reinforcements@65ddc55,tempest_reinforcements,65ddc55,janus@8a1e7a1,janus,8a1e7a1,showdown,official,1,0,rating,a,a,1.0,core_destroyed,20,,16,0,10,5,103,0,9,5,ok,,3.748,n-62-21-62,29004605,2026-08-02T16:57:48+0200
f2843bd436209178,auto-7202408d73d7,claude_challenger_2@fdc1e1f,claude_challenger_2,fdc1e1f,janus@8a1e7a1,janus,8a1e7a1,bridge,official,1,0,rating,b,b,0.0,core_destroyed,52,,630,0,0,0,198,250,10,17,ok,,2.339,n-62-21-92,29004605,2026-08-02T16:58:14+0200
f28f2fa7ab1e9060,auto-7202408d73d7,tempest_reinforcements@87724ec,tempest_reinforcements,87724ec,janus@8a1e7a1,janus,8a1e7a1,pinch,official,1,0,rating,a,a,1.0,core_destroyed,24,,28,0,7,4,81,40,9,4,ok,,4.851,n-62-21-64,29004605,2026-08-02T16:57:53+0200
f2af4e8cb5e66bcd,auto-7202408d73d7,vanguard@c407e79,vanguard,c407e79,janus@8a1e7a1,janus,8a1e7a1,jackpot,official,1,0,rating,b,b,0.0,core_destroyed,52,,126,190,11,6,86,210,13,8,ok,,4.438,n-62-31-16,29004605,2026-08-02T16:59:16+0200
f2b4246242163c24,auto-7202408d73d7,autistimusprime@ecd4d24,autistimusprime,ecd4d24,janus@8a1e7a1,janus,8a1e7a1,bridge,official,1,0,rating,a,a,1.0,core_destroyed,216,,612,500,10,9,1329,1450,11,14,ok,,4.666,n-62-31-22,29004605,2026-08-02T16:57:24+0200
f2b695b485fcedb7,auto-7202408d73d7,tempest_reinforcements@87724ec,tempest_reinforcements,87724ec,janus@8a1e7a1,janus,8a1e7a1,showdown,official,1,0,rating,a,a,1.0,core_destroyed,19,,9,0,11,8,253,0,2,5,ok,,3.153,n-62-21-64,29004605,2026-08-02T16:58:38+0200
f2cc18fb1cb3bcf2,auto-7202408d73d7,vg_v6@9713344,vg_v6,9713344,janus@8a1e7a1,janus,8a1e7a1,string,official,1,0,rating,b,b,0.0,core_destroyed,86,,96,0,4,2,278,560,8,18,ok,,4.313,n-62-21-8,29004605,2026-08-02T16:59:23+0200
f2d6ba4af9cb8fce,auto-7202408d73d7,undertow@da3fd8a,undertow,da3fd8a,janus@8a1e7a1,janus,8a1e7a1,longship,official,1,0,rating,b,b,0.0,core_destroyed,42,,105,160,8,18,2,130,12,12,ok,,3.46,n-62-11-61,29004605,2026-08-02T16:59:29+0200
f2ef75bda404336f,auto-7202408d73d7,janus@8a1e7a1,janus,8a1e7a1,undertow@fdc1e1f,undertow,fdc1e1f,pinch,official,1,0,rating,a,a,1.0,core_destroyed,44,,23,190,12,15,25,170,13,15,ok,,4.248,n-62-11-66,29004605,2026-08-02T16:58:21+0200
f2ff0ccc94f4d51d,auto-7202408d73d7,casemate@902be71,casemate,902be71,janus@8a1e7a1,janus,8a1e7a1,pinch,official,1,0,rating,b,b,0.0,core_destroyed,52,,10,0,6,19,22,150,11,21,ok,,3.368,n-62-11-61,29004605,2026-08-02T16:57:17+0200
f30f246c007a5620,auto-7202408d73d7,janus@8a1e7a1,janus,8a1e7a1,undertow_1ac7ac4@da3fd8a,undertow_1ac7ac4,da3fd8a,skerry,official,1,0,rating,b,b,0.0,core_destroyed,56,,347,310,7,9,70,360,10,18,ok,,4.638,n-62-21-92,29004605,2026-08-02T16:59:06+0200
f3196259c400f4de,auto-7202408d73d7,janus@8a1e7a1,janus,8a1e7a1,undertow_1ac7ac4@da3fd8a,undertow_1ac7ac4,da3fd8a,fjord,official,1,0,rating,a,a,1.0,core_destroyed,48,,27,260,13,19,80,310,7,7,ok,,4.235,n-62-11-68,29004605,2026-08-02T16:59:37+0200
f325a40f23c84bc2,auto-7202408d73d7,vg_v2@9713344,vg_v2,9713344,janus@8a1e7a1,janus,8a1e7a1,twins,official,1,0,rating,b,b,0.0,core_destroyed,37,,75,70,7,7,8,110,10,15,ok,,3.405,n-62-21-90,29004605,2026-08-02T16:58:53+0200
f3296b27663104be,auto-7202408d73d7,janus@8a1e7a1,janus,8a1e7a1,e_post2@4a95297,e_post2,4a95297,skerry,official,1,0,rating,a,a,1.0,core_destroyed,46,,142,230,10,10,76,0,11,0,ok,,4.044,n-62-28-35,29004605,2026-08-02T16:57:39+0200
f32d5e9f55c2ead5,auto-7202408d73d7,tempest_reinforcements@3d5ab38,tempest_reinforcements,3d5ab38,janus@8a1e7a1,janus,8a1e7a1,jackpot,official,1,0,rating,a,a,1.0,core_destroyed,59,,10,130,12,7,112,250,7,7,ok,,4.556,n-62-21-56,29004605,2026-08-02T16:58:15+0200
f33cda39a326cfdf,auto-7202408d73d7,janus@8a1e7a1,janus,8a1e7a1,vigil@bf9b3e3,vigil,bf9b3e3,vase,official,1,0,rating,b,b,0.0,core_destroyed,31,,103,10,6,5,52,40,8,12,ok,,3.08,n-62-31-23,29004605,2026-08-02T16:58:45+0200
f34a22aaff20b792,auto-7202408d73d7,tempest_sentinel@fdc1e1f,tempest_sentinel,fdc1e1f,janus@8a1e7a1,janus,8a1e7a1,showdown,official,1,0,rating,b,b,0.0,core_destroyed,46,,38,0,8,5,76,0,7,7,ok,,3.499,n-62-21-71,29004605,2026-08-02T16:58:15+0200
f34d15d9f53067fb,auto-7202408d73d7,siege_v2@9713344,siege_v2,9713344,janus@8a1e7a1,janus,8a1e7a1,aurora,official,1,0,rating,b,b,0.0,core_destroyed,40,,208,0,4,3,30,130,12,11,ok,,3.331,n-62-12-5,29004605,2026-08-02T16:57:07+0200
f35ea6d975906ad1,auto-7202408d73d7,janus@8a1e7a1,janus,8a1e7a1,claude_challenger_3@fdc1e1f,claude_challenger_3,fdc1e1f,sweden,official,1,0,rating,a,a,1.0,core_destroyed,68,,166,340,10,22,670,0,0,0,ok,,3.03,n-62-21-103,29004605,2026-08-02T16:57:33+0200
f38348f8ab91d19f,auto-7202408d73d7,janus@8a1e7a1,janus,8a1e7a1,undertow@9713344,undertow,9713344,fjord,official,1,0,rating,a,a,1.0,core_destroyed,56,,14,320,13,21,129,350,6,6,ok,,4.424,n-62-31-24,29004605,2026-08-02T16:58:54+0200
f389dee307d025e1,auto-7202408d73d7,janus@8a1e7a1,janus,8a1e7a1,vg_v3@9713344,vg_v3,9713344,twins,official,1,0,rating,a,a,1.0,core_destroyed,117,,74,740,14,35,108,460,1,23,ok,,4.971,n-62-12-5,29004605,2026-08-02T16:58:57+0200
f38e2facd551f7d9,auto-7202408d73d7,janus@8a1e7a1,janus,8a1e7a1,claude_challenger_2@fdc1e1f,claude_challenger_2,fdc1e1f,jackpot,official,1,0,rating,a,a,1.0,core_destroyed,50,,122,210,7,8,620,0,0,0,ok,,2.549,n-62-31-9,29004605,2026-08-02T16:57:25+0200
f3c3bf73b2eaafb2,auto-7202408d73d7,janus@8a1e7a1,janus,8a1e7a1,vanguard_oracle@902be71,vanguard_oracle,902be71,sprint,official,1,0,rating,a,a,1.0,core_destroyed,28,,65,60,8,13,60,20,7,6,ok,,2.72,n-62-11-56,29004605,2026-08-02T16:59:07+0200
f3e042537032cbb5,auto-7202408d73d7,vanguard@da3fd8a,vanguard,da3fd8a,janus@8a1e7a1,janus,8a1e7a1,skerry,official,1,0,rating,b,b,0.0,core_destroyed,49,,38,280,9,8,35,200,12,9,ok,,4.873,n-62-31-15,29004605,2026-08-02T16:58:46+0200
f3e1fdc0f59232ac,auto-7202408d73d7,e_post2@4a95297,e_post2,4a95297,janus@8a1e7a1,janus,8a1e7a1,vault,official,1,0,rating,b,b,0.0,core_destroyed,49,,93,0,12,2,277,200,9,6,ok,,3.976,n-62-29-20,29004605,2026-08-02T16:57:18+0200
f409b9795c88851c,auto-7202408d73d7,janus@8a1e7a1,janus,8a1e7a1,e9cand@9e77076,e9cand,9e77076,bridge,official,1,0,rating,a,a,1.0,core_destroyed,63,,98,320,10,26,120,0,9,9,ok,,4.034,n-62-21-104,29004605,2026-08-02T16:56:58+0200
f410f1f1e2065464,auto-7202408d73d7,janus@8a1e7a1,janus,8a1e7a1,vg_v7@9713344,vg_v7,9713344,hive,official,1,0,rating,a,a,1.0,core_destroyed,69,,0,300,12,25,90,0,2,7,ok,,4.465,n-62-21-12,29004605,2026-08-02T16:59:20+0200
f4153615f7840103,auto-7202408d73d7,janus@8a1e7a1,janus,8a1e7a1,tempest_reinforcements@edf93ad,tempest_reinforcements,edf93ad,jackpot,official,1,0,rating,a,a,1.0,core_destroyed,61,,107,270,6,8,40,130,16,5,ok,,6.295,n-62-21-68,29004605,2026-08-02T16:57:32+0200
f427a0e14a50ed55,auto-7202408d73d7,vanguard@c407e79,vanguard,c407e79,janus@8a1e7a1,janus,8a1e7a1,crossfire,official,1,0,rating,b,b,0.0,core_destroyed,34,,95,140,10,7,20,120,12,7,ok,,4.185,n-62-31-16,29004605,2026-08-02T16:58:38+0200
f42e938dd89ea24c,auto-7202408d73d7,janus@8a1e7a1,janus,8a1e7a1,prospect_rushonly@bf9b3e3,prospect_rushonly,bf9b3e3,skerry,official,1,0,rating,b,b,0.0,core_destroyed,48,,128,250,6,9,67,240,9,11,ok,,3.805,n-62-11-54,29004605,2026-08-02T16:58:17+0200
f436fb48fff819d5,auto-7202408d73d7,mistral_fast@26b5aa1,mistral_fast,26b5aa1,janus@8a1e7a1,janus,8a1e7a1,aurora,official,1,0,rating,b,b,0.0,core_destroyed,37,,296,0,5,0,10,110,12,11,ok,,3.649,n-62-31-8,29004605,2026-08-02T16:57:27+0200
f453c770a394cebd,auto-7202408d73d7,janus@8a1e7a1,janus,8a1e7a1,mistral@ba943b9,mistral,ba943b9,vault,official,1,0,rating,b,b,0.0,core_destroyed,39,,246,130,9,5,34,0,13,1,ok,,5.444,n-62-31-8,29004605,2026-08-02T16:57:06+0200
f486833908901e8c,auto-7202408d73d7,janus@8a1e7a1,janus,8a1e7a1,vanguard@9932bec,vanguard,9932bec,skerry,official,1,0,rating,b,b,0.0,core_destroyed,55,,145,310,9,11,59,340,10,10,ok,,5.163,n-62-30-25,29004605,2026-08-02T16:58:25+0200
f4900bcb5478e392,auto-7202408d73d7,janus@8a1e7a1,janus,8a1e7a1,v233_g@9713344,v233_g,9713344,skerry,official,1,0,rating,a,a,1.0,core_destroyed,58,,41,290,13,12,81,310,6,8,ok,,4.238,n-62-29-27,29004605,2026-08-02T16:59:11+0200
f4969cff10aafa86,auto-7202408d73d7,janus@8a1e7a1,janus,8a1e7a1,undertow@fdc1e1f,undertow,fdc1e1f,skerry,official,1,0,rating,b,b,0.0,core_destroyed,56,,347,310,7,9,70,360,10,18,ok,,4.681,n-62-11-66,29004605,2026-08-02T16:58:53+0200
f4d681be94e9bfb1,auto-7202408d73d7,tempest_reinforcements@edf93ad,tempest_reinforcements,edf93ad,janus@8a1e7a1,janus,8a1e7a1,twins,official,1,0,rating,a,a,1.0,core_destroyed,31,,32,60,10,5,36,50,10,6,ok,,4.533,n-62-21-69,29004605,2026-08-02T16:57:42+0200
f4db4a935709b4c9,auto-7202408d73d7,janus@8a1e7a1,janus,8a1e7a1,lockin@9713344,lockin,9713344,sprint,official,1,0,rating,a,a,1.0,core_destroyed,26,,51,70,8,15,313,0,5,0,ok,,3.335,n-62-30-25,29004605,2026-08-02T16:57:39+0200
f4e43af9dc577ac0,auto-7202408d73d7,janus@8a1e7a1,janus,8a1e7a1,vanguard@da3fd8a,vanguard,da3fd8a,twins,official,1,0,rating,b,b,0.0,core_destroyed,144,,159,1000,15,48,80,580,10,15,ok,,6.739,n-62-31-15,29004605,2026-08-02T16:59:33+0200
f4e95dc90171a507,auto-7202408d73d7,janus@8a1e7a1,janus,8a1e7a1,tempest_reinforcements@3d5ab38,tempest_reinforcements,3d5ab38,sweden,official,1,0,rating,b,b,0.0,core_destroyed,48,,85,190,6,27,20,0,10,6,ok,,3.701,n-62-21-57,29004605,2026-08-02T16:58:06+0200
f4f0654cf9c5f1bc,auto-7202408d73d7,janus@8a1e7a1,janus,8a1e7a1,tempest_oracle_ferry@fdc1e1f,tempest_oracle_ferry,fdc1e1f,sweden,official,1,0,rating,a,a,1.0,core_destroyed,84,,188,460,13,22,289,0,5,3,ok,,4.357,n-62-13-6,29004605,2026-08-02T16:57:22+0200
f4fe7a7b7e25d810,auto-7202408d73d7,tempest_reinforcements@65ddc55,tempest_reinforcements,65ddc55,janus@8a1e7a1,janus,8a1e7a1,strait,official,1,0,rating,b,b,0.0,core_destroyed,49,,20,100,10,10,7,160,12,11,ok,,4.785,n-62-21-62,29004605,2026-08-02T16:58:15+0200
f500174b207a5823,auto-7202408d73d7,claude_challenger_1@fdc1e1f,claude_challenger_1,fdc1e1f,janus@8a1e7a1,janus,8a1e7a1,hive,official,1,0,rating,b,b,0.0,core_destroyed,43,,126,0,9,1,30,110,10,18,ok,,5.828,n-62-11-68,29004605,2026-08-02T16:57:19+0200
f501551ec05fdfed,auto-7202408d73d7,undertow@da3fd8a,undertow,da3fd8a,janus@8a1e7a1,janus,8a1e7a1,runestone,official,1,0,rating,b,b,0.0,core_destroyed,30,,95,80,6,13,3,40,11,14,ok,,3.396,n-62-11-64,29004605,2026-08-02T16:58:31+0200
f526da6a189d29b2,auto-7202408d73d7,janus@8a1e7a1,janus,8a1e7a1,undertow_1ac7ac4@da3fd8a,undertow_1ac7ac4,da3fd8a,duel,official,1,0,rating,a,a,1.0,core_destroyed,48,,26,200,11,15,114,160,5,6,ok,,3.76,n-62-11-68,29004605,2026-08-02T16:59:29+0200
f5427b7c101314a3,auto-7202408d73d7,e_condc@6db8844,e_condc,6db8844,janus@8a1e7a1,janus,8a1e7a1,sprint,official,1,0,rating,b,b,0.0,core_destroyed,39,,60,60,6,13,10,20,9,18,ok,,3.231,n-62-21-99,29004605,2026-08-02T16:57:24+0200
f5485682c1c5c6a5,auto-7202408d73d7,janus@8a1e7a1,janus,8a1e7a1,autistimusprime@ecd4d24,autistimusprime,ecd4d24,quarry,official,1,0,rating,b,b,0.0,core_destroyed,36,,62,80,11,10,13,50,9,11,ok,,4.759,n-62-31-21,29004605,2026-08-02T16:57:08+0200
f5592d14d8f18084,auto-7202408d73d7,tempest_outer@fdc1e1f,tempest_outer,fdc1e1f,janus@8a1e7a1,janus,8a1e7a1,twins,official,1,0,rating,b,b,0.0,core_destroyed,31,,226,0,6,3,50,90,9,14,ok,,4.872,n-62-13-9,29004605,2026-08-02T16:58:07+0200
f569e99086ccfd72,auto-7202408d73d7,janus@8a1e7a1,janus,8a1e7a1,undertow_1ac7ac4@da3fd8a,undertow_1ac7ac4,da3fd8a,longship,official,1,0,rating,a,a,1.0,core_destroyed,54,,12,160,12,14,109,240,3,15,ok,,4.357,n-62-21-92,29004605,2026-08-02T16:58:27+0200
f574601c47015455,auto-7202408d73d7,janus@8a1e7a1,janus,8a1e7a1,tempest@da3fd8a,tempest,da3fd8a,jackpot,official,1,0,rating,a,a,1.0,core_destroyed,51,,60,210,12,8,205,60,7,5,ok,,4.941,n-62-12-2,29004605,2026-08-02T16:58:20+0200
f57bedeb19f47530,auto-7202408d73d7,vg_v4@9713344,vg_v4,9713344,janus@8a1e7a1,janus,8a1e7a1,aurora,official,1,0,rating,b,b,0.0,core_destroyed,45,,76,90,9,9,60,150,11,12,ok,,3.573,n-62-12-5,29004605,2026-08-02T16:59:34+0200
f58f19ad13aba853,auto-7202408d73d7,janus@8a1e7a1,janus,8a1e7a1,undertow@9713344,undertow,9713344,strait,official,1,0,rating,a,a,1.0,core_destroyed,64,,18,220,14,12,83,340,6,18,ok,,4.151,n-62-11-60,29004605,2026-08-02T16:58:45+0200
f5a280050bed3eaa,auto-7202408d73d7,attack_wave_v1@9713344,attack_wave_v1,9713344,janus@8a1e7a1,janus,8a1e7a1,vase,official,1,0,rating,b,b,0.0,core_destroyed,47,,296,0,6,1,86,80,7,7,ok,,3.525,n-62-31-5,29004605,2026-08-02T16:58:07+0200
f5a41f871cda2ed6,auto-7202408d73d7,janus@8a1e7a1,janus,8a1e7a1,uw_v1@9713344,uw_v1,9713344,sprint,official,1,0,rating,a,a,1.0,core_destroyed,41,,24,140,9,22,92,60,6,6,ok,,3.158,n-62-21-98,29004605,2026-08-02T16:58:15+0200
f5aa8a63c49757c0,auto-7202408d73d7,tempest_fast@eb1f0f3,tempest_fast,eb1f0f3,janus@8a1e7a1,janus,8a1e7a1,twins,official,1,0,rating,b,b,0.0,core_destroyed,31,,226,0,6,3,50,90,9,14,ok,,3.245,n-62-21-13,29004605,2026-08-02T16:57:11+0200
f5acf18a4389d216,auto-7202408d73d7,undertow_1ac7ac4@da3fd8a,undertow_1ac7ac4,da3fd8a,janus@8a1e7a1,janus,8a1e7a1,vase,official,1,0,rating,b,b,0.0,titanium_collected,1000,,4818,2450,10,7,10805,9130,15,32,ok,,19.678,n-62-31-9,29004605,2026-08-02T16:58:54+0200
f5ea2164d11ce7f8,auto-7202408d73d7,janus@8a1e7a1,janus,8a1e7a1,jonbot_190003d@da3fd8a,jonbot_190003d,da3fd8a,vault,official,1,0,rating,b,b,0.0,core_destroyed,66,,239,170,7,4,39,150,11,9,ok,,3.625,n-62-29-5,29004605,2026-08-02T16:58:10+0200
f5eaeba3822b1d6e,auto-7202408d73d7,vg_v6@9713344,vg_v6,9713344,janus@8a1e7a1,janus,8a1e7a1,fjord,official,1,0,rating,b,b,0.0,core_destroyed,38,,111,150,7,9,15,200,12,12,ok,,4.155,n-62-21-4,29004605,2026-08-02T16:59:18+0200
f5ef5d167e0d726b,auto-7202408d73d7,e_post2@4a95297,e_post2,4a95297,janus@8a1e7a1,janus,8a1e7a1,longship,official,1,0,rating,b,b,0.0,core_destroyed,48,,105,0,9,1,28,160,12,12,ok,,4.325,n-62-28-35,29004605,2026-08-02T16:57:03+0200
f62692ac5e6aec73,auto-7202408d73d7,janus@8a1e7a1,janus,8a1e7a1,uw_v2@9713344,uw_v2,9713344,skerry,official,1,0,rating,b,b,0.0,core_destroyed,47,,370,250,4,9,115,300,8,15,ok,,6.065,n-62-28-31,29004605,2026-08-02T16:58:20+0200
f62d6348a36fba98,auto-7202408d73d7,casemate_oracle@902be71,casemate_oracle,902be71,janus@8a1e7a1,janus,8a1e7a1,sprint,official,1,0,rating,b,b,0.0,core_destroyed,80,,32,0,7,8,167,330,7,29,ok,,3.409,n-62-11-65,29004605,2026-08-02T16:58:21+0200
f63cff70f24ff23f,auto-7202408d73d7,v233_c@9713344,v233_c,9713344,janus@8a1e7a1,janus,8a1e7a1,hive,official,1,0,rating,a,a,1.0,core_destroyed,46,,44,90,8,19,242,90,8,11,ok,,3.588,n-62-29-20,29004605,2026-08-02T16:59:22+0200
f656d2d336d778ec,auto-7202408d73d7,janus@8a1e7a1,janus,8a1e7a1,vanguard@9932bec,vanguard,9932bec,pinch,official,1,0,rating,a,a,1.0,core_destroyed,41,,31,80,9,7,38,130,12,8,ok,,3.804,n-62-30-23,29004605,2026-08-02T16:59:11+0200
f65810df642370f3,auto-7202408d73d7,janus@8a1e7a1,janus,8a1e7a1,lockin@9713344,lockin,9713344,showdown,official,1,0,rating,a,a,1.0,core_destroyed,22,,54,0,7,11,550,0,0,0,ok,,1.804,n-62-30-25,29004605,2026-08-02T16:57:22+0200
f6590ed338d31cb9,auto-7202408d73d7,vanguard_oracle@902be71,vanguard_oracle,902be71,janus@8a1e7a1,janus,8a1e7a1,skerry,official,1,0,rating,b,b,0.0,core_destroyed,41,,59,180,15,5,124,160,9,7,ok,,4.602,n-62-11-56,29004605,2026-08-02T16:59:04+0200
f65fad4a3d2d1663,auto-7202408d73d7,janus@8a1e7a1,janus,8a1e7a1,undertow_oracle@fdc1e1f,undertow_oracle,fdc1e1f,runestone,official,1,0,rating,a,a,1.0,core_destroyed,36,,20,60,11,13,123,110,7,16,ok,,3.603,n-62-21-103,29004605,2026-08-02T16:59:15+0200
f66028cecb197e9f,auto-7202408d73d7,janus@8a1e7a1,janus,8a1e7a1,tempest_reinforcements@3d5ab38,tempest_reinforcements,3d5ab38,quarry,official,1,0,rating,a,a,1.0,core_destroyed,52,,59,200,11,25,16,0,10,5,ok,,4.443,n-62-21-57,29004605,2026-08-02T16:57:06+0200
f66a7716d9cd3cef,auto-7202408d73d7,janus@8a1e7a1,janus,8a1e7a1,gobbleglitch@e808e1d,gobbleglitch,e808e1d,pinch,official,1,0,rating,b,b,0.0,core_destroyed,24,,106,40,10,5,47,0,10,1,ok,,3.344,n-62-29-28,29004605,2026-08-02T16:57:50+0200
f67d7945bcfb2dac,auto-7202408d73d7,janus@8a1e7a1,janus,8a1e7a1,tempest_oracle_ferry@fdc1e1f,tempest_oracle_ferry,fdc1e1f,crossfire,official,1,0,rating,a,a,1.0,core_destroyed,24,,30,70,11,8,226,40,4,4,ok,,3.269,n-62-21-24,29004605,2026-08-02T16:58:12+0200
f687a4eb3206b15f,auto-7202408d73d7,tempest_reinforcements@65ddc55,tempest_reinforcements,65ddc55,janus@8a1e7a1,janus,8a1e7a1,bridge,official,1,0,rating,b,b,0.0,core_destroyed,73,,60,0,12,7,248,190,5,13,ok,,4.177,n-62-21-61,29004605,2026-08-02T16:57:53+0200
f693f047e3aa2d10,auto-7202408d73d7,janus@8a1e7a1,janus,8a1e7a1,undertow_oracle@75591b7,undertow_oracle,75591b7,skerry,official,1,0,rating,a,a,1.0,core_destroyed,47,,38,250,10,10,19,280,12,17,ok,,5.367,n-62-31-10,29004605,2026-08-02T16:59:25+0200
f6a7ec105b18c80b,auto-7202408d73d7,casemate@902be71,casemate,902be71,janus@8a1e7a1,janus,8a1e7a1,runestone,official,1,0,rating,b,b,0.0,core_destroyed,35,,5,0,7,19,9,60,12,12,ok,,3.62,n-62-11-61,29004605,2026-08-02T16:57:53+0200
f6be1911183fcb5a,auto-7202408d73d7,tempest_reinforcements@025dd51,tempest_reinforcements,025dd51,janus@8a1e7a1,janus,8a1e7a1,vault,official,1,0,rating,a,a,1.0,core_destroyed,40,,41,90,11,6,338,150,7,5,ok,,3.497,n-62-12-67,29004605,2026-08-02T16:58:20+0200
f6c6792830f93101,auto-7202408d73d7,janus@8a1e7a1,janus,8a1e7a1,e_t4l7@9e77076,e_t4l7,9e77076,pinch,official,1,0,rating,a,a,1.0,core_destroyed,47,,63,230,9,22,111,230,7,17,ok,,3.043,n-62-29-13,29004605,2026-08-02T16:57:12+0200
f7156ab077bab2a9,auto-7202408d73d7,janus@8a1e7a1,janus,8a1e7a1,v233_a@9713344,v233_a,9713344,string,official,1,0,rating,a,a,1.0,core_destroyed,49,,100,350,10,12,84,0,1,1,ok,,3.126,n-62-28-28,29004605,2026-08-02T16:58:56+0200
f72de806cd69a45e,auto-7202408d73d7,janus@8a1e7a1,janus,8a1e7a1,undertow@9713344,undertow,9713344,skerry,official,1,0,rating,b,b,0.0,core_destroyed,45,,324,230,7,13,111,290,12,16,ok,,3.605,n-62-11-60,29004605,2026-08-02T16:58:31+0200
f73a6e01b1a644c0,auto-7202408d73d7,tempest_blindfire@fdc1e1f,tempest_blindfire,fdc1e1f,janus@8a1e7a1,janus,8a1e7a1,runestone,official,1,0,rating,b,b,0.0,core_destroyed,27,,214,40,6,5,3,40,10,13,ok,,3.612,n-62-21-4,29004605,2026-08-02T16:57:28+0200
f73d40f15fca66ba,auto-7202408d73d7,prospect@bf9b3e3,prospect,bf9b3e3,janus@8a1e7a1,janus,8a1e7a1,skerry,official,1,0,rating,b,b,0.0,core_destroyed,48,,128,250,6,9,67,240,9,11,ok,,3.708,n-62-11-56,29004605,2026-08-02T16:58:17+0200
f74fef3b47d4e597,auto-7202408d73d7,janus@8a1e7a1,janus,8a1e7a1,riptide@9713344,riptide,9713344,hive,official,1,0,rating,a,a,1.0,core_destroyed,67,,52,290,11,25,67,0,2,7,ok,,4.994,n-62-21-91,29004605,2026-08-02T16:58:10+0200
f7508de3996938d2,auto-7202408d73d7,undertow@fdc1e1f,undertow,fdc1e1f,janus@8a1e7a1,janus,8a1e7a1,quarry,official,1,0,rating,a,a,1.0,core_destroyed,58,,181,280,9,28,417,300,6,19,ok,,2.996,n-62-11-66,29004605,2026-08-02T16:58:33+0200
f777d7151b7bee26,auto-7202408d73d7,tempest_reinforcements@e1dc316,tempest_reinforcements,e1dc316,janus@8a1e7a1,janus,8a1e7a1,runestone,official,1,0,rating,b,b,0.0,core_destroyed,31,,22,50,10,8,9,50,12,7,ok,,4.484,n-62-21-66,29004605,2026-08-02T16:58:11+0200
f778b26a57d0016a,auto-7202408d73d7,tempest_picket@fdc1e1f,tempest_picket,fdc1e1f,janus@8a1e7a1,janus,8a1e7a1,string,official,1,0,rating,b,b,0.0,core_destroyed,57,,59,0,9,0,59,40,10,2,ok,,3.638,n-62-12-64,29004605,2026-08-02T16:57:31+0200
f77b9a1bea65cc5a,auto-7202408d73d7,v233_g@9713344,v233_g,9713344,janus@8a1e7a1,janus,8a1e7a1,showdown,official,1,0,rating,b,b,0.0,core_destroyed,25,,90,0,5,8,52,0,10,7,ok,,2.942,n-62-29-27,29004605,2026-08-02T16:59:07+0200
f77c55f1212fc587,auto-7202408d73d7,janus@8a1e7a1,janus,8a1e7a1,v233_c@9713344,v233_c,9713344,twins,official,1,0,rating,b,b,0.0,titanium_collected,1000,,5607,5390,7,22,9440,9760,14,32,ok,,16.783,n-62-29-16,29004605,2026-08-02T16:59:38+0200
f79215a437ad9293,auto-7202408d73d7,undertow_oracle@75591b7,undertow_oracle,75591b7,janus@8a1e7a1,janus,8a1e7a1,longship,official,1,0,rating,b,b,0.0,core_destroyed,41,,101,170,8,18,20,130,12,12,ok,,4.42,n-62-31-10,29004605,2026-08-02T16:58:44+0200
f795ea9a1b41b1f0,auto-7202408d73d7,frontier_v1@9713344,frontier_v1,9713344,janus@8a1e7a1,janus,8a1e7a1,atoll,official,1,0,rating,b,b,0.0,core_destroyed,46,,0,0,10,3,163,180,9,12,ok,,3.216,n-62-29-14,29004605,2026-08-02T16:57:28+0200
f7a0a8b38e293a5e,auto-7202408d73d7,claude_challenger_1@fdc1e1f,claude_challenger_1,fdc1e1f,janus@8a1e7a1,janus,8a1e7a1,aurora,official,1,0,rating,b,b,0.0,core_destroyed,37,,12,0,12,1,10,110,13,11,ok,,6.978,n-62-11-66,29004605,2026-08-02T16:58:11+0200
f7ba296109621c5d,auto-7202408d73d7,autistimusprime@ecd4d24,autistimusprime,ecd4d24,janus@8a1e7a1,janus,8a1e7a1,fjord,official,1,0,rating,b,b,0.0,core_destroyed,35,,100,60,8,3,19,180,12,10,ok,,3.694,n-62-31-22,29004605,2026-08-02T16:57:50+0200
f7caeeaa78979f1c,auto-7202408d73d7,janus@8a1e7a1,janus,8a1e7a1,mistral@ba943b9,mistral,ba943b9,showdown,official,1,0,rating,a,a,1.0,core_destroyed,27,,7,0,8,5,27,0,8,0,ok,,4.815,n-62-31-19,29004605,2026-08-02T16:57:32+0200
f7d16bdeb8b59e94,auto-7202408d73d7,vg_v4@9713344,vg_v4,9713344,janus@8a1e7a1,janus,8a1e7a1,hive,official,1,0,rating,b,b,0.0,core_destroyed,78,,96,170,5,11,117,350,9,33,ok,,4.403,n-62-12-2,29004605,2026-08-02T16:58:52+0200
f7eb1fece36a044c,auto-7202408d73d7,janus@8a1e7a1,janus,8a1e7a1,mistral@ba943b9,mistral,ba943b9,bridge,official,1,0,rating,a,a,1.0,core_destroyed,45,,125,180,9,17,290,0,5,0,ok,,3.307,n-62-31-16,29004605,2026-08-02T16:57:35+0200
f81341adb569f02e,auto-7202408d73d7,v233_g@9713344,v233_g,9713344,janus@8a1e7a1,janus,8a1e7a1,atoll,official,1,0,rating,b,b,0.0,core_destroyed,42,,116,200,9,15,51,160,12,10,ok,,3.473,n-62-29-24,29004605,2026-08-02T16:58:59+0200
f817e0572383d992,auto-7202408d73d7,janus@8a1e7a1,janus,8a1e7a1,jonbot@da3fd8a,jonbot,da3fd8a,sweden,official,1,0,rating,a,a,1.0,core_destroyed,101,,401,590,7,22,218,0,8,15,ok,,4.413,n-62-29-32,29004605,2026-08-02T16:57:35+0200
f83b11b881a2c240,auto-7202408d73d7,vanguard@9932bec,vanguard,9932bec,janus@8a1e7a1,janus,8a1e7a1,crossfire,official,1,0,rating,b,b,0.0,core_destroyed,32,,121,120,8,8,30,110,12,7,ok,,3.66,n-62-30-23,29004605,2026-08-02T16:58:27+0200
f848fdd0745dadd3,auto-7202408d73d7,tempest_ferry@26b5aa1,tempest_ferry,26b5aa1,janus@8a1e7a1,janus,8a1e7a1,crossfire,official,1,0,rating,b,b,0.0,core_destroyed,22,,147,0,8,2,13,60,10,8,ok,,3.574,n-62-21-13,29004605,2026-08-02T16:57:59+0200
f852bf59ebadae4a,auto-7202408d73d7,tempest@da3fd8a,tempest,da3fd8a,janus@8a1e7a1,janus,8a1e7a1,sweden,official,1,0,rating,b,b,0.0,core_destroyed,72,,458,130,4,9,330,370,9,22,ok,,4.06,n-62-12-3,29004605,2026-08-02T16:58:12+0200
f85da696e629137c,auto-7202408d73d7,reaver@9713344,reaver,9713344,janus@8a1e7a1,janus,8a1e7a1,showdown,official,1,0,rating,b,b,0.0,core_destroyed,28,,78,0,5,5,24,40,8,15,ok,,3.034,n-62-11-59,29004605,2026-08-02T16:58:12+0200
f8601d55e02cceb7,auto-7202408d73d7,janus@8a1e7a1,janus,8a1e7a1,e_condc@6db8844,e_condc,6db8844,sweden,official,1,0,rating,a,a,1.0,core_destroyed,90,,275,510,14,22,156,190,7,23,ok,,4.368,n-62-21-99,29004605,2026-08-02T16:57:43+0200
f8a6b3fb5ccb31c4,auto-7202408d73d7,casemate@902be71,casemate,902be71,janus@8a1e7a1,janus,8a1e7a1,string,official,1,0,rating,b,b,0.0,core_destroyed,42,,172,0,5,12,124,100,11,4,ok,,2.763,n-62-11-61,29004605,2026-08-02T16:58:39+0200
f8b4033ecf7603d5,auto-7202408d73d7,janus@8a1e7a1,janus,8a1e7a1,casemate@902be71,casemate,902be71,jackpot,official,1,0,rating,a,a,1.0,core_destroyed,93,,158,430,14,15,13,0,4,36,ok,,4.182,n-62-11-61,29004605,2026-08-02T16:56:58+0200
f8be7f6e8aa9a70e,auto-7202408d73d7,janus@8a1e7a1,janus,8a1e7a1,v233_g@9713344,v233_g,9713344,twins,official,1,0,rating,a,a,1.0,titanium_collected,1000,,18092,17080,10,87,6670,5060,8,30,ok,,8.899,n-62-29-29,29004605,2026-08-02T16:58:44+0200
f8c74889d2c5ff05,auto-7202408d73d7,janus@8a1e7a1,janus,8a1e7a1,e_post2@4a95297,e_post2,4a95297,hive,official,1,0,rating,a,a,1.0,core_destroyed,62,,37,250,11,24,78,0,9,2,ok,,3.841,n-62-28-34,29004605,2026-08-02T16:58:00+0200
f8eb63af3683c178,auto-7202408d73d7,janus@8a1e7a1,janus,8a1e7a1,mistral_fast@26b5aa1,mistral_fast,26b5aa1,jackpot,official,1,0,rating,a,a,1.0,core_destroyed,50,,122,210,12,8,286,0,5,0,ok,,3.662,n-62-31-8,29004605,2026-08-02T16:58:09+0200
f8f8f6eefc215a31,auto-7202408d73d7,janus@8a1e7a1,janus,8a1e7a1,e9cand@9e77076,e9cand,9e77076,pinch,official,1,0,rating,a,a,1.0,core_destroyed,40,,28,160,10,18,87,0,8,8,ok,,3.651,n-62-21-104,29004605,2026-08-02T16:57:56+0200
f917782d2a089781,auto-7202408d73d7,janus@8a1e7a1,janus,8a1e7a1,turtle@9713344,turtle,9713344,fjord,official,1,0,rating,a,a,1.0,core_destroyed,106,,262,840,12,38,82,0,4,3,ok,,4.188,n-62-31-21,29004605,2026-08-02T16:58:41+0200
f93c8b2115a58c14,auto-7202408d73d7,prospect_rushonly@bf9b3e3,prospect_rushonly,bf9b3e3,janus@8a1e7a1,janus,8a1e7a1,pinch,official,1,0,rating,b,b,0.0,core_destroyed,32,,147,80,6,9,30,90,10,12,ok,,3.573,n-62-11-54,29004605,2026-08-02T16:57:48+0200
f95f9ce27258d857,auto-7202408d73d7,janus@8a1e7a1,janus,8a1e7a1,tempest_reinforcements@edf93ad,tempest_reinforcements,edf93ad,pinch,official,1,0,rating,b,b,0.0,core_destroyed,22,,274,30,4,4,10,30,11,8,ok,,3.114,n-62-21-68,29004605,2026-08-02T16:57:53+0200
f977369af7a35d80,auto-7202408d73d7,janus@8a1e7a1,janus,8a1e7a1,tempest_reinforcements@025dd51,tempest_reinforcements,025dd51,hive,official,1,0,rating,a,a,1.0,core_destroyed,46,,4,90,14,7,25,90,7,11,ok,,4.173,n-62-12-66,29004605,2026-08-02T16:57:40+0200
f97ca2151a229c09,auto-7202408d73d7,janus@8a1e7a1,janus,8a1e7a1,turtle@9713344,turtle,9713344,vase,official,1,0,rating,a,a,1.0,core_destroyed,44,,101,70,9,7,107,0,3,3,ok,,3.465,n-62-31-23,29004605,2026-08-02T16:59:30+0200
f97e35ef4d9cb00c,auto-7202408d73d7,tempest_reinforcements@025dd51,tempest_reinforcements,025dd51,janus@8a1e7a1,janus,8a1e7a1,bridge,official,1,0,rating,b,b,0.0,core_destroyed,73,,60,0,12,7,248,190,5,13,ok,,3.486,n-62-12-66,29004605,2026-08-02T16:57:11+0200
f983b34b93d5a38a,auto-7202408d73d7,janus@8a1e7a1,janus,8a1e7a1,tempest_reinforcements@51ad530,tempest_reinforcements,51ad530,bridge,official,1,0,rating,b,b,0.0,core_destroyed,184,,78,50,6,2,90,510,16,27,ok,,6.135,n-62-21-59,29004605,2026-08-02T16:57:38+0200
f98f82ec899e3a07,auto-7202408d73d7,e9cand@9e77076,e9cand,9e77076,janus@8a1e7a1,janus,8a1e7a1,sweden,official,1,0,rating,b,b,0.0,core_destroyed,63,,708,280,1,13,104,300,11,22,ok,,3.23,n-62-21-97,29004605,2026-08-02T16:57:42+0200
f992c8f6ba42620f,auto-7202408d73d7,janus@8a1e7a1,janus,8a1e7a1,tempest_sentinel@fdc1e1f,tempest_sentinel,fdc1e1f,hive,official,1,0,rating,a,a,1.0,core_destroyed,47,,22,140,10,18,23,0,9,3,ok,,3.974,n-62-21-71,29004605,2026-08-02T16:57:22+0200
f9a1d83c1402ddd5,auto-7202408d73d7,janus@8a1e7a1,janus,8a1e7a1,e_harc@6db8844,e_harc,6db8844,vase,official,1,0,rating,a,a,1.0,core_destroyed,120,,261,260,10,16,85,0,6,0,ok,,4.262,n-62-28-34,29004605,2026-08-02T16:56:58+0200
f9a9cfa7612d24c4,auto-7202408d73d7,janus@8a1e7a1,janus,8a1e7a1,tempest_reinforcements@87724ec,tempest_reinforcements,87724ec,vault,official,1,0,rating,b,b,0.0,core_destroyed,41,,252,150,9,6,32,160,9,15,ok,,8.019,n-62-21-65,29004605,2026-08-02T16:57:51+0200
f9b6e0e76d01a8d0,auto-7202408d73d7,casemate_oracle@902be71,casemate_oracle,902be71,janus@8a1e7a1,janus,8a1e7a1,string,official,1,0,rating,b,b,0.0,core_destroyed,39,,27,0,6,6,72,90,8,4,ok,,3.904,n-62-11-66,29004605,2026-08-02T16:57:03+0200
f9b7264c800be6ec,auto-7202408d73d7,janus@8a1e7a1,janus,8a1e7a1,tempest_outer@fdc1e1f,tempest_outer,fdc1e1f,fjord,official,1,0,rating,a,a,1.0,core_destroyed,33,,30,130,12,6,251,70,6,4,ok,,5.786,n-62-13-8,29004605,2026-08-02T16:57:24+0200
f9dd97f66bfb859b,auto-7202408d73d7,janus@8a1e7a1,janus,8a1e7a1,reaver@9713344,reaver,9713344,skerry,official,1,0,rating,a,a,1.0,core_destroyed,57,,58,350,11,22,102,0,2,3,ok,,3.977,n-62-11-55,29004605,2026-08-02T16:56:58+0200
f9dd9e63b2dee475,auto-7202408d73d7,v233_d@9713344,v233_d,9713344,janus@8a1e7a1,janus,8a1e7a1,strait,official,1,0,rating,b,b,0.0,core_destroyed,44,,116,80,5,7,37,140,9,17,ok,,3.437,n-62-29-9,29004605,2026-08-02T16:59:15+0200
f9e69358869cf034,auto-7202408d73d7,janus@8a1e7a1,janus,8a1e7a1,mistral@ba943b9,mistral,ba943b9,sweden,official,1,0,rating,a,a,1.0,core_destroyed,65,,125,320,13,22,384,0,4,0,ok,,5.082,n-62-31-19,29004605,2026-08-02T16:58:17+0200
f9ed6d8b47debdd2,auto-7202408d73d7,undertow_1ac7ac4@da3fd8a,undertow_1ac7ac4,da3fd8a,janus@8a1e7a1,janus,8a1e7a1,crossfire,official,1,0,rating,b,b,0.0,core_destroyed,34,,107,70,3,5,16,120,11,11,ok,,3.381,n-62-11-68,29004605,2026-08-02T16:59:25+0200
fa114e1cf799a758,auto-7202408d73d7,tempest_fast@eb1f0f3,tempest_fast,eb1f0f3,janus@8a1e7a1,janus,8a1e7a1,showdown,official,1,0,rating,a,a,1.0,core_destroyed,19,,9,0,11,6,101,0,7,5,ok,,3.73,n-62-21-12,29004605,2026-08-02T16:57:45+0200
fa1d8be7b2877303,auto-7202408d73d7,riptide@9713344,riptide,9713344,janus@8a1e7a1,janus,8a1e7a1,quarry,official,1,0,rating,b,b,0.0,core_destroyed,67,,44,110,3,9,93,400,9,24,ok,,4.091,n-62-21-91,29004605,2026-08-02T16:58:57+0200
fa3262d3ada1ce53,auto-7202408d73d7,tempest@da3fd8a,tempest,da3fd8a,janus@8a1e7a1,janus,8a1e7a1,showdown,official,1,0,rating,a,a,1.0,core_destroyed,19,,9,0,11,6,101,0,7,5,ok,,3.417,n-62-12-3,29004605,2026-08-02T16:57:30+0200
fa33a31bda660bf7,auto-7202408d73d7,janus@8a1e7a1,janus,8a1e7a1,claude_challenger_2@fdc1e1f,claude_challenger_2,fdc1e1f,runestone,official,1,0,rating,a,a,1.0,core_destroyed,35,,10,60,11,13,32,60,9,7,ok,,5.181,n-62-31-9,29004605,2026-08-02T16:58:02+0200
fa422fb4900d0a36,auto-7202408d73d7,janus@8a1e7a1,janus,8a1e7a1,tempest_reinforcements@65ddc55,tempest_reinforcements,65ddc55,strait,official,1,0,rating,a,a,1.0,core_destroyed,45,,77,130,11,12,10,0,9,4,ok,,4.466,n-62-21-62,29004605,2026-08-02T16:58:10+0200
fa54727dbe803de5,auto-7202408d73d7,janus@8a1e7a1,janus,8a1e7a1,uw_v1@9713344,uw_v1,9713344,sweden,official,1,0,rating,b,b,0.0,titanium_collected,1000,,9710,7330,7,22,10876,9240,10,23,ok,,22.666,n-62-21-98,29004605,2026-08-02T16:59:08+0200
fa742fabe2d67bce,auto-7202408d73d7,claude_challenger_3@fdc1e1f,claude_challenger_3,fdc1e1f,janus@8a1e7a1,janus,8a1e7a1,twins,official,1,0,rating,b,b,0.0,core_destroyed,44,,213,150,6,20,51,140,10,19,ok,,4.849,n-62-21-103,29004605,2026-08-02T16:57:45+0200
fa8b9201749edade,auto-7202408d73d7,claude_challenger_1@fdc1e1f,claude_challenger_1,fdc1e1f,janus@8a1e7a1,janus,8a1e7a1,sweden,official,1,0,rating,b,b,0.0,core_destroyed,64,,660,0,0,0,204,380,9,26,ok,,2.759,n-62-21-92,29004605,2026-08-02T16:57:18+0200
faa848ffc1b5158b,auto-7202408d73d7,janus@8a1e7a1,janus,8a1e7a1,tempest_sentinel@fdc1e1f,tempest_sentinel,fdc1e1f,strait,official,1,0,rating,a,a,1.0,core_destroyed,45,,40,90,10,13,60,90,8,6,ok,,3.688,n-62-31-4,29004605,2026-08-02T16:58:20+0200
fac27a235556bcd0,auto-7202408d73d7,tempest_reinforcements@87724ec,tempest_reinforcements,87724ec,janus@8a1e7a1,janus,8a1e7a1,crossfire,official,1,0,rating,b,b,0.0,core_destroyed,26,,10,0,9,2,8,50,10,6,ok,,5.011,n-62-21-63,29004605,2026-08-02T16:58:21+0200
fad4bea25cf90695,auto-7202408d73d7,frontier_v1@9713344,frontier_v1,9713344,janus@8a1e7a1,janus,8a1e7a1,sweden,official,1,0,rating,b,b,0.0,core_destroyed,61,,38,0,11,1,132,290,13,22,ok,,4.375,n-62-29-18,29004605,2026-08-02T16:57:13+0200
fafaa385fae2f207,auto-7202408d73d7,vg_v1@9713344,vg_v1,9713344,janus@8a1e7a1,janus,8a1e7a1,crossfire,official,1,0,rating,b,b,0.0,core_destroyed,39,,98,80,4,5,17,140,11,14,ok,,3.072,n-62-11-54,29004605,2026-08-02T16:59:18+0200
fafda1fcf0454597,auto-7202408d73d7,tempest_reinforcements@38f9c23,tempest_reinforcements,38f9c23,janus@8a1e7a1,janus,8a1e7a1,hive,official,1,0,rating,b,b,0.0,core_destroyed,42,,8,90,9,11,58,80,11,7,ok,,4.779,n-62-21-55,29004605,2026-08-02T16:58:10+0200
fb06cf5c9dd20fda,auto-7202408d73d7,janus@8a1e7a1,janus,8a1e7a1,casemate@902be71,casemate,902be71,sweden,official,1,0,rating,a,a,1.0,core_destroyed,111,,186,660,12,22,51,0,3,33,ok,,5.436,n-62-11-64,29004605,2026-08-02T16:57:00+0200
fb1d28f0435527d4,auto-7202408d73d7,janus@8a1e7a1,janus,8a1e7a1,mistral_fast@26b5aa1,mistral_fast,26b5aa1,crossfire,official,1,0,rating,a,a,1.0,core_destroyed,28,,40,90,11,9,294,0,4,0,ok,,3.06,n-62-31-8,29004605,2026-08-02T16:57:37+0200
fb1e49ea6b055d9d,auto-7202408d73d7,v233_i@902be71,v233_i,902be71,janus@8a1e7a1,janus,8a1e7a1,vase,official,1,0,rating,b,b,0.0,core_destroyed,40,,119,40,10,6,103,60,7,13,ok,,3.348,n-62-29-32,29004605,2026-08-02T16:59:03+0200
fb2268fe8fa533ca,auto-7202408d73d7,e_post2@4a95297,e_post2,4a95297,janus@8a1e7a1,janus,8a1e7a1,atoll,official,1,0,rating,b,b,0.0,core_destroyed,38,,100,0,10,1,60,140,11,8,ok,,3.697,n-62-28-34,29004605,2026-08-02T16:57:16+0200
fb297715fb23bcb4,auto-7202408d73d7,jonbot@da3fd8a,jonbot,da3fd8a,janus@8a1e7a1,janus,8a1e7a1,crossfire,official,1,0,rating,b,b,0.0,core_destroyed,39,,54,0,9,9,12,140,7,14,ok,,3.594,n-62-29-31,29004605,2026-08-02T16:57:13+0200
fb455c562355e3a7,auto-7202408d73d7,janus@8a1e7a1,janus,8a1e7a1,vg_v2@9713344,vg_v2,9713344,jackpot,official,1,0,rating,a,a,1.0,core_destroyed,61,,80,270,12,8,104,0,1,1,ok,,4.549,n-62-21-89,29004605,2026-08-02T16:58:38+0200
fb62135132554931,auto-7202408d73d7,janus@8a1e7a1,janus,8a1e7a1,titanium_v1@9713344,titanium_v1,9713344,crossfire,official,1,0,rating,a,a,1.0,core_destroyed,23,,13,60,11,8,250,0,4,4,ok,,3.137,n-62-31-5,29004605,2026-08-02T16:58:10+0200
fb6686fd748f7e90,auto-7202408d73d7,janus@8a1e7a1,janus,8a1e7a1,v233_i@902be71,v233_i,902be71,hive,official,1,0,rating,a,a,1.0,core_destroyed,46,,11,130,11,18,99,130,5,21,ok,,3.554,n-62-29-8,29004605,2026-08-02T16:58:54+0200
fb6c050ad48624bb,auto-7202408d73d7,janus@8a1e7a1,janus,8a1e7a1,vanguard@c407e79,vanguard,c407e79,sweden,official,1,0,rating,b,b,0.0,core_destroyed,67,,127,330,9,19,78,340,8,26,ok,,3.999,n-62-31-19,29004605,2026-08-02T16:59:18+0200
fb7bb4f441b1939d,auto-7202408d73d7,vg_v6@9713344,vg_v6,9713344,janus@8a1e7a1,janus,8a1e7a1,sprint,official,1,0,rating,b,b,0.0,core_destroyed,32,,78,40,4,4,42,120,9,15,ok,,3.187,n-62-21-8,29004605,2026-08-02T16:58:49+0200
fb7f58c00c4f5577,auto-7202408d73d7,janus@8a1e7a1,janus,8a1e7a1,frontier_v1@9713344,frontier_v1,9713344,crossfire,official,1,0,rating,a,a,1.0,core_destroyed,27,,60,80,9,9,5,0,9,3,ok,,3.059,n-62-29-14,29004605,2026-08-02T16:57:46+0200
fb865bbff9865471,auto-7202408d73d7,janus@8a1e7a1,janus,8a1e7a1,vanguard_oracle@75591b7,vanguard_oracle,75591b7,sprint,official,1,0,rating,a,a,1.0,core_destroyed,40,,16,0,12,4,64,0,6,1,ok,,3.73,n-62-11-50,29004605,2026-08-02T16:58:57+0200
fbbfafa4ac18de1e,auto-7202408d73d7,undertow@9713344,undertow,9713344,janus@8a1e7a1,janus,8a1e7a1,runestone,official,1,0,rating,b,b,0.0,core_destroyed,30,,81,80,6,15,3,40,11,14,ok,,3.525,n-62-11-60,29004605,2026-08-02T16:58:21+0200
fbeb4ee4af727e49,auto-7202408d73d7,janus@8a1e7a1,janus,8a1e7a1,tempest_reinforcements@3d5ab38,tempest_reinforcements,3d5ab38,vault,official,1,0,rating,b,b,0.0,core_destroyed,48,,268,180,9,6,28,190,10,12,ok,,4.441,n-62-21-59,29004605,2026-08-02T16:57:08+0200
fbfad4fa7405cfb4,auto-7202408d73d7,janus@8a1e7a1,janus,8a1e7a1,tempest@da3fd8a,tempest,da3fd8a,longship,official,1,0,rating,a,a,1.0,core_destroyed,35,,20,70,9,12,88,0,10,3,ok,,5.538,n-62-12-2,29004605,2026-08-02T16:58:30+0200
fc23c598ddbaa65a,auto-7202408d73d7,claude_challenger_2@fdc1e1f,claude_challenger_2,fdc1e1f,janus@8a1e7a1,janus,8a1e7a1,skerry,official,1,0,rating,b,b,0.0,core_destroyed,39,,154,160,11,5,125,150,10,8,ok,,4.787,n-62-31-9,29004605,2026-08-02T16:58:20+0200
fc2f6dd76d5e89f2,auto-7202408d73d7,v233_b@9713344,v233_b,9713344,janus@8a1e7a1,janus,8a1e7a1,hive,official,1,0,rating,a,a,1.0,core_destroyed,46,,44,90,8,19,242,90,8,11,ok,,3.385,n-62-28-33,29004605,2026-08-02T16:59:10+0200
fc4db9130ebc6f8b,auto-7202408d73d7,siege_v2@9713344,siege_v2,9713344,janus@8a1e7a1,janus,8a1e7a1,bridge,official,1,0,rating,b,b,0.0,core_destroyed,45,,208,0,6,3,112,170,9,15,ok,,3.015,n-62-12-5,29004605,2026-08-02T16:57:13+0200
fc7795595fb329f1,auto-7202408d73d7,tempest_reinforcements@38f9c23,tempest_reinforcements,38f9c23,janus@8a1e7a1,janus,8a1e7a1,longship,official,1,0,rating,a,a,1.0,core_destroyed,31,,20,60,11,12,140,50,9,4,ok,,4.024,n-62-21-55,29004605,2026-08-02T16:58:45+0200
fc9466be810e5f0a,auto-7202408d73d7,undertow_oracle@75591b7,undertow_oracle,75591b7,janus@8a1e7a1,janus,8a1e7a1,hive,official,1,0,rating,b,b,0.0,core_destroyed,51,,108,160,6,26,28,160,10,18,ok,,3.962,n-62-31-10,29004605,2026-08-02T16:58:19+0200
fc9a116d4bf681b4,auto-7202408d73d7,janus@8a1e7a1,janus,8a1e7a1,undertow_1ac7ac4@da3fd8a,undertow_1ac7ac4,da3fd8a,bridge,official,1,0,rating,b,b,0.0,core_destroyed,46,,124,180,8,15,58,70,9,15,ok,,3.322,n-62-11-68,29004605,2026-08-02T16:59:12+0200
fccf4ae1a132f475,auto-7202408d73d7,vanguard@da3fd8a,vanguard,da3fd8a,janus@8a1e7a1,janus,8a1e7a1,duel,official,1,0,rating,b,b,0.0,core_destroyed,56,,79,330,10,13,226,270,9,11,ok,,3.546,n-62-31-8,29004605,2026-08-02T16:58:53+0200
fceee5ed2e68952a,auto-7202408d73d7,claude_challenger_2@fdc1e1f,claude_challenger_2,fdc1e1f,janus@8a1e7a1,janus,8a1e7a1,longship,official,1,0,rating,b,b,0.0,core_destroyed,42,,133,80,9,6,34,80,11,14,ok,,4.744,n-62-31-9,29004605,2026-08-02T16:57:38+0200
fcf56047c0cc1ddb,auto-7202408d73d7,tempest_reinforcements@e1dc316,tempest_reinforcements,e1dc316,janus@8a1e7a1,janus,8a1e7a1,pinch,official,1,0,rating,b,b,0.0,core_destroyed,41,,22,80,9,7,9,80,10,5,ok,,5.061,n-62-21-66,29004605,2026-08-02T16:57:51+0200
fcfd7b24241d9f91,auto-7202408d73d7,undertow_oracle@fdc1e1f,undertow_oracle,fdc1e1f,janus@8a1e7a1,janus,8a1e7a1,sweden,official,1,0,rating,a,a,1.0,titanium_collected,1000,,9279,9680,10,24,4611,7330,15,22,ok,,32.78,n-62-21-104,29004605,2026-08-02T16:59:22+0200
fd07fee6a7438ef4,auto-7202408d73d7,frontier_v2@9713344,frontier_v2,9713344,janus@8a1e7a1,janus,8a1e7a1,aurora,official,1,0,rating,b,b,0.0,core_destroyed,35,,132,0,7,3,12,100,12,11,ok,,3.416,n-62-29-18,29004605,2026-08-02T16:57:49+0200
fd1f4764e078a4b9,auto-7202408d73d7,janus@8a1e7a1,janus,8a1e7a1,e_final@9e77076,e_final,9e77076,string,official,1,0,rating,a,a,1.0,core_destroyed,54,,68,350,12,11,56,0,5,4,ok,,3.478,n-62-28-28,29004605,2026-08-02T16:57:40+0200
fd3c46851aa919b9,auto-7202408d73d7,vanguard@da3fd8a,vanguard,da3fd8a,janus@8a1e7a1,janus,8a1e7a1,fjord,official,1,0,rating,b,b,0.0,core_destroyed,37,,77,210,7,8,12,200,12,12,ok,,3.994,n-62-31-8,29004605,2026-08-02T16:59:02+0200
fd49e18e166978df,auto-7202408d73d7,claude_challenger_3@fdc1e1f,claude_challenger_3,fdc1e1f,janus@8a1e7a1,janus,8a1e7a1,fjord,official,1,0,rating,b,b,0.0,core_destroyed,31,,91,60,10,5,12,150,12,10,ok,,5.368,n-62-31-11,29004605,2026-08-02T16:57:28+0200
fd6288221db8a807,auto-7202408d73d7,janus@8a1e7a1,janus,8a1e7a1,vanguard@818f3b4,vanguard,818f3b4,hive,official,1,0,rating,b,b,0.0,core_destroyed,60,,144,140,10,14,62,130,14,5,ok,,4.636,n-62-29-34,29004605,2026-08-02T16:58:38+0200
fd77c8503627d0cb,auto-7202408d73d7,janus@8a1e7a1,janus,8a1e7a1,claude_challenger_2@fdc1e1f,claude_challenger_2,fdc1e1f,quarry,official,1,0,rating,a,a,1.0,core_destroyed,47,,50,190,11,21,184,0,10,0,ok,,5.011,n-62-31-9,29004605,2026-08-02T16:57:52+0200
fd9aca08d4e24485,auto-7202408d73d7,claude_challenger_1@fdc1e1f,claude_challenger_1,fdc1e1f,janus@8a1e7a1,janus,8a1e7a1,vase,official,1,0,rating,b,b,0.0,core_destroyed,41,,600,0,0,0,60,60,8,15,ok,,2.439,n-62-21-92,29004605,2026-08-02T16:57:34+0200
fdb43dab3daf187b,auto-7202408d73d7,undertow@9713344,undertow,9713344,janus@8a1e7a1,janus,8a1e7a1,jackpot,official,1,0,rating,a,a,1.0,core_destroyed,115,,425,660,11,21,158,530,14,7,ok,,6.405,n-62-31-24,29004605,2026-08-02T16:59:26+0200
fdb943285e5f3070,auto-7202408d73d7,janus@8a1e7a1,janus,8a1e7a1,vg_v5@9713344,vg_v5,9713344,skerry,official,1,0,rating,a,a,1.0,core_destroyed,57,,182,340,9,22,93,0,5,6,ok,,4.098,n-62-12-4,29004605,2026-08-02T16:58:32+0200
fdba0fdf1594abd2,auto-7202408d73d7,janus@8a1e7a1,janus,8a1e7a1,vg_v5@9713344,vg_v5,9713344,duel,official,1,0,rating,a,a,1.0,core_destroyed,49,,15,240,12,16,76,0,6,5,ok,,3.508,n-62-12-3,29004605,2026-08-02T16:58:38+0200
fdc66d76ffb83e2c,auto-7202408d73d7,vigil@18b749d,vigil,18b749d,janus@8a1e7a1,janus,8a1e7a1,aurora,official,1,0,rating,a,a,1.0,core_destroyed,33,,10,60,11,8,45,60,10,7,ok,,4.157,n-62-31-5,29004605,2026-08-02T16:58:48+0200
fdd14f5011224855,auto-7202408d73d7,claude_challenger_3@fdc1e1f,claude_challenger_3,fdc1e1f,janus@8a1e7a1,janus,8a1e7a1,vault,official,1,0,rating,b,b,0.0,core_destroyed,61,,422,220,7,3,192,260,10,13,ok,,5.266,n-62-21-103,29004605,2026-08-02T16:58:01+0200
fdff31952cf03133,auto-7202408d73d7,janus@8a1e7a1,janus,8a1e7a1,vg_v3@9713344,vg_v3,9713344,pinch,official,1,0,rating,a,a,1.0,core_destroyed,37,,13,120,11,15,113,100,3,14,ok,,3.199,n-62-12-6,29004605,2026-08-02T16:59:04+0200
fe0a57a8f8629ea3,auto-7202408d73d7,tempest_reinforcements@e1dc316,tempest_reinforcements,e1dc316,janus@8a1e7a1,janus,8a1e7a1,bridge,official,1,0,rating,b,b,0.0,core_destroyed,73,,59,0,13,7,248,190,5,13,ok,,3.937,n-62-21-65,29004605,2026-08-02T16:58:55+0200
fe46a8e137587ae1,auto-7202408d73d7,janus@8a1e7a1,janus,8a1e7a1,tempest_oracle_ferry@fdc1e1f,tempest_oracle_ferry,fdc1e1f,showdown,official,1,0,rating,b,b,0.0,core_destroyed,28,,60,0,7,4,69,0,7,8,ok,,3.783,n-62-13-7,29004605,2026-08-02T16:58:00+0200
fe658184d8f2078d,auto-7202408d73d7,janus@8a1e7a1,janus,8a1e7a1,tempest_outer@fdc1e1f,tempest_outer,fdc1e1f,hive,official,1,0,rating,a,a,1.0,core_destroyed,47,,77,140,11,15,63,0,10,3,ok,,6.86,n-62-13-8,29004605,2026-08-02T16:57:37+0200
fe6e5639d5ebe24d,auto-7202408d73d7,janus@8a1e7a1,janus,8a1e7a1,vg_v2@9713344,vg_v2,9713344,pinch,official,1,0,rating,a,a,1.0,core_destroyed,37,,13,120,11,15,106,150,5,15,ok,,3.421,n-62-21-89,29004605,2026-08-02T16:58:54+0200
fe71a9a430e572e9,auto-7202408d73d7,janus@8a1e7a1,janus,8a1e7a1,vanguard@9932bec,vanguard,9932bec,strait,official,1,0,rating,a,a,1.0,core_destroyed,49,,97,100,10,9,120,260,10,13,ok,,3.978,n-62-30-25,29004605,2026-08-02T16:58:42+0200
fe989b4b925ad66d,auto-7202408d73d7,janus@8a1e7a1,janus,8a1e7a1,vanguard_oracle@902be71,vanguard_oracle,902be71,duel,official,1,0,rating,b,b,0.0,core_destroyed,36,,13,130,11,7,100,80,6,5,ok,,3.748,n-62-11-51,29004605,2026-08-02T16:59:11+0200
feca83bcd544b370,auto-7202408d73d7,janus@8a1e7a1,janus,8a1e7a1,vg_v3@9713344,vg_v3,9713344,runestone,official,1,0,rating,a,a,1.0,core_destroyed,35,,8,60,12,13,112,0,5,9,ok,,3.346,n-62-12-6,29004605,2026-08-02T16:59:19+0200
fef4056be06875d5,auto-7202408d73d7,janus@8a1e7a1,janus,8a1e7a1,gobbleglitch@e808e1d,gobbleglitch,e808e1d,crossfire,official,1,0,rating,a,a,1.0,core_destroyed,270,,1452,2040,14,28,59,0,3,0,ok,,6.3,n-62-29-27,29004605,2026-08-02T16:58:05+0200
fef7f1ed14679dac,auto-7202408d73d7,v233_d@9713344,v233_d,9713344,janus@8a1e7a1,janus,8a1e7a1,pinch,official,1,0,rating,b,b,0.0,core_destroyed,50,,87,140,3,10,18,170,11,13,ok,,3.801,n-62-29-9,29004605,2026-08-02T16:58:23+0200
fefa038957800c5d,auto-7202408d73d7,janus@8a1e7a1,janus,8a1e7a1,tempest_reinforcements@edf93ad,tempest_reinforcements,edf93ad,vase,official,1,0,rating,b,b,0.0,core_destroyed,82,,131,160,5,6,70,100,12,12,ok,,4.989,n-62-21-69,29004605,2026-08-02T16:57:47+0200
fefcaa98d9fe0662,auto-7202408d73d7,janus@8a1e7a1,janus,8a1e7a1,lockin@9713344,lockin,9713344,vase,official,1,0,rating,a,a,1.0,core_destroyed,37,,74,50,7,7,590,0,0,0,ok,,2.296,n-62-30-25,29004605,2026-08-02T16:58:19+0200
ff0793bb829c48da,auto-7202408d73d7,janus@8a1e7a1,janus,8a1e7a1,v233_c@9713344,v233_c,9713344,bridge,official,1,0,rating,b,b,0.0,core_destroyed,202,,88,800,13,9,353,1110,12,19,ok,,7.794,n-62-29-20,29004605,2026-08-02T16:58:38+0200
ff254e8f6115c72c,auto-7202408d73d7,janus@8a1e7a1,janus,8a1e7a1,vigil@18b749d,vigil,18b749d,bridge,official,1,0,rating,b,b,0.0,core_destroyed,39,,74,30,7,8,20,50,11,10,ok,,3.622,n-62-31-5,29004605,2026-08-02T16:58:52+0200
ff323a501da9cb03,auto-7202408d73d7,gobbleglitch@e808e1d,gobbleglitch,e808e1d,janus@8a1e7a1,janus,8a1e7a1,longship,official,1,0,rating,b,b,0.0,titanium_collected,44,,77,60,8,3,17,90,13,6,ok,,3.728,n-62-29-28,29004605,2026-08-02T16:57:47+0200
ff4f438d45b97063,auto-7202408d73d7,janus@8a1e7a1,janus,8a1e7a1,vg_v7@9713344,vg_v7,9713344,skerry,official,1,0,rating,a,a,1.0,core_destroyed,55,,171,310,9,21,83,0,7,5,ok,,3.827,n-62-31-4,29004605,2026-08-02T16:58:50+0200
ff779c842be1f9a3,auto-7202408d73d7,v233_e@9713344,v233_e,9713344,janus@8a1e7a1,janus,8a1e7a1,quarry,official,1,0,rating,a,a,1.0,core_destroyed,54,,38,120,10,12,135,260,9,17,ok,,3.547,n-62-29-13,29004605,2026-08-02T16:58:39+0200
ff85aa572ed76152,auto-7202408d73d7,tempest_reinforcements@38f9c23,tempest_reinforcements,38f9c23,janus@8a1e7a1,janus,8a1e7a1,bridge,official,1,0,rating,a,a,1.0,titanium_collected,1000,,7037,4850,15,15,4600,2470,3,13,ok,,12.439,n-62-21-55,29004605,2026-08-02T16:57:31+0200
ff8d68e43aa96d3b,auto-7202408d73d7,janus@8a1e7a1,janus,8a1e7a1,vigil@18b749d,vigil,18b749d,showdown,official,1,0,rating,a,a,1.0,core_destroyed,26,,59,0,7,5,107,0,7,5,ok,,3.212,n-62-21-13,29004605,2026-08-02T16:58:53+0200
ff9395a45c80b8bf,auto-7202408d73d7,vg_v1@9713344,vg_v1,9713344,janus@8a1e7a1,janus,8a1e7a1,jackpot,official,1,0,rating,b,b,0.0,core_destroyed,52,,222,0,4,0,70,210,10,8,ok,,3.949,n-62-11-55,29004605,2026-08-02T16:58:31+0200
ff9a4c6025474440,auto-7202408d73d7,nemesis@9713344,nemesis,9713344,janus@8a1e7a1,janus,8a1e7a1,runestone,official,1,0,rating,b,b,0.0,core_destroyed,29,,87,40,7,9,3,40,11,14,ok,,4.011,n-62-31-13,29004605,2026-08-02T16:57:46+0200
ff9a585846ff0166,auto-7202408d73d7,janus@8a1e7a1,janus,8a1e7a1,frontier_v2@9713344,frontier_v2,9713344,showdown,official,1,0,rating,a,a,1.0,core_destroyed,21,,36,0,8,11,191,0,6,2,ok,,2.619,n-62-29-24,29004605,2026-08-02T16:57:45+0200
ffa9b0d4c25235b4,auto-7202408d73d7,jonbot_190003d@da3fd8a,jonbot_190003d,da3fd8a,janus@8a1e7a1,janus,8a1e7a1,sweden,official,1,0,rating,b,b,0.0,core_destroyed,82,,315,0,4,13,369,450,11,22,ok,,4.239,n-62-29-5,29004605,2026-08-02T16:57:53+0200
ffdc2e98e834ea60,auto-7202408d73d7,janus@8a1e7a1,janus,8a1e7a1,e_t4l7@9e77076,e_t4l7,9e77076,strait,official,1,0,rating,a,a,1.0,core_destroyed,44,,22,120,11,15,42,170,5,27,ok,,3.114,n-62-29-13,29004605,2026-08-02T16:57:50+0200
ffe881ee86344c4a,auto-7202408d73d7,e_harc@6db8844,e_harc,6db8844,janus@8a1e7a1,janus,8a1e7a1,jackpot,official,1,0,rating,b,b,0.0,core_destroyed,47,,652,160,1,8,80,190,11,8,ok,,2.628,n-62-28-31,29004605,2026-08-02T16:59:24+0200
ffec492b7c0a5d0e,auto-7202408d73d7,tempest_oracle_ferry@fdc1e1f,tempest_oracle_ferry,fdc1e1f,janus@8a1e7a1,janus,8a1e7a1,strait,official,1,0,rating,b,b,0.0,core_destroyed,34,,125,0,8,3,66,90,8,11,ok,,3.505,n-62-13-6,29004605,2026-08-02T16:57:10+0200
ffec8c80e2d9b08d,auto-7202408d73d7,janus@8a1e7a1,janus,8a1e7a1,v233_b@9713344,v233_b,9713344,hive,official,1,0,rating,b,b,0.0,core_destroyed,51,,87,150,11,14,60,0,4,9,ok,,3.616,n-62-28-33,29004605,2026-08-02T16:59:07+0200
