match_id,tournament_id,bot_a,bot_a_name,bot_a_commit,bot_b,bot_b_name,bot_b_commit,map,map_set,seed,tle,kind,engine_winner,winner,score_a,win_condition,turns,resign_message,a_titanium,a_titanium_collected,a_units,a_buildings,b_titanium,b_titanium_collected,b_units,b_buildings,status,error,duration_s,host,lsf_job,finished_at
003b273770d2a5a7,auto-10d581bed771,tempest_reinforcements@65ddc55,tempest_reinforcements,65ddc55,tempest_fast@eb1f0f3,tempest_fast,eb1f0f3,twins,official,1,0,rating,b,b,0.0,core_destroyed,31,,9,40,9,3,33,60,12,7,ok,,4.343,n-62-12-3,29004097,2026-08-02T12:47:14+0200
004ed6cc840b08d1,auto-10d581bed771,tempest_reinforcements@65ddc55,tempest_reinforcements,65ddc55,vg_v5@9713344,vg_v5,9713344,vase,official,1,0,rating,a,a,1.0,core_destroyed,46,,10,0,9,6,102,0,4,2,ok,,3.505,n-62-11-57,29004097,2026-08-02T12:47:50+0200
005ac204b2d524fb,auto-10d581bed771,vanguard_oracle@fdc1e1f,vanguard_oracle,fdc1e1f,tempest_reinforcements@65ddc55,tempest_reinforcements,65ddc55,vault,official,1,0,rating,a,a,1.0,core_destroyed,44,,49,190,13,7,19,160,12,10,ok,,4.338,n-62-30-23,29004097,2026-08-02T12:48:42+0200
006c661c3bfcb030,auto-10d581bed771,tempest_reinforcements@65ddc55,tempest_reinforcements,65ddc55,frontier_v2@9713344,frontier_v2,9713344,skerry,official,1,0,rating,a,a,1.0,core_destroyed,35,,10,70,11,5,135,0,7,3,ok,,3.452,n-62-29-26,29004097,2026-08-02T12:47:10+0200
007d4c2eaa81b14a,auto-10d581bed771,v233_i@902be71,v233_i,902be71,tempest_reinforcements@65ddc55,tempest_reinforcements,65ddc55,strait,official,1,0,rating,b,b,0.0,core_destroyed,130,,100,600,10,12,10,0,12,5,ok,,5.427,n-62-29-24,29004097,2026-08-02T12:48:18+0200
007e920e68f85871,auto-10d581bed771,vg_v6@9713344,vg_v6,9713344,tempest_reinforcements@65ddc55,tempest_reinforcements,65ddc55,vase,official,1,0,rating,b,b,0.0,core_destroyed,34,,409,0,3,3,10,0,11,6,ok,,2.866,n-62-11-58,29004097,2026-08-02T12:48:01+0200
008306c6effbfbaf,auto-10d581bed771,v233_a@9713344,v233_a,9713344,tempest_reinforcements@65ddc55,tempest_reinforcements,65ddc55,sweden,official,1,0,rating,b,b,0.0,core_destroyed,46,,4,50,5,21,10,0,10,6,ok,,3.114,n-62-11-64,29004097,2026-08-02T12:49:28+0200
0095a5e36504d8f5,auto-10d581bed771,tempest_reinforcements@65ddc55,tempest_reinforcements,65ddc55,v233_f@9713344,v233_f,9713344,duel,official,1,0,rating,b,b,0.0,core_destroyed,40,,18,90,11,4,79,180,8,11,ok,,4.136,n-62-21-97,29004097,2026-08-02T12:47:45+0200
00a9f6548bf7c88e,auto-10d581bed771,vanguard@9932bec,vanguard,9932bec,tempest_reinforcements@65ddc55,tempest_reinforcements,65ddc55,aurora,official,1,0,rating,b,b,0.0,core_destroyed,72,,111,420,7,15,20,150,12,11,ok,,5.316,n-62-29-33,29004097,2026-08-02T12:48:09+0200
00b5aa887827d0c3,auto-10d581bed771,opponent_luc@e83a42c,opponent_luc,e83a42c,tempest_reinforcements@65ddc55,tempest_reinforcements,65ddc55,sweden,official,1,0,rating,b,b,0.0,core_destroyed,42,,600,0,0,0,10,0,10,6,ok,,2.27,n-62-11-57,29004097,2026-08-02T12:46:17+0200
00ba4bc0982d300b,auto-10d581bed771,tempest_reinforcements@65ddc55,tempest_reinforcements,65ddc55,vg_v3@9713344,vg_v3,9713344,vault,official,1,0,rating,a,a,1.0,core_destroyed,64,,30,250,11,21,351,200,7,12,ok,,3.786,n-62-31-18,29004097,2026-08-02T12:49:28+0200
00cbc2fd8b7bb86c,auto-10d581bed771,tempest_reinforcements@65ddc55,tempest_reinforcements,65ddc55,titanium_v1@9713344,titanium_v1,9713344,sprint,official,1,0,rating,a,a,1.0,core_destroyed,34,,10,60,10,7,277,0,4,4,ok,,2.96,n-62-21-59,29004097,2026-08-02T12:46:51+0200
00f78e22ba12d36b,auto-10d581bed771,tempest_reinforcements@65ddc55,tempest_reinforcements,65ddc55,vg_v2@9713344,vg_v2,9713344,bridge,official,1,0,rating,b,b,0.0,titanium_stored,1000,,97,2490,44,16,4674,2490,5,12,ok,,28.22,n-62-31-17,29004097,2026-08-02T12:48:12+0200
016595b503407b0f,auto-10d581bed771,siege_v1@9713344,siege_v1,9713344,tempest_reinforcements@65ddc55,tempest_reinforcements,65ddc55,vault,official,1,0,rating,b,b,0.0,core_destroyed,52,,243,0,6,3,30,210,11,21,ok,,3.262,n-62-11-50,29004097,2026-08-02T12:46:58+0200
0188492af3334e6f,auto-10d581bed771,tempest_reinforcements@65ddc55,tempest_reinforcements,65ddc55,undertow@da3fd8a,undertow,da3fd8a,jackpot,official,1,0,rating,a,a,1.0,core_destroyed,93,,40,340,12,24,103,510,7,18,ok,,5.303,n-62-21-65,29004097,2026-08-02T12:46:33+0200
01ad06369264ba9c,auto-10d581bed771,tempest_reinforcements@65ddc55,tempest_reinforcements,65ddc55,v233_a@9713344,v233_a,9713344,fjord,official,1,0,rating,a,a,1.0,core_destroyed,38,,10,80,11,5,67,0,5,4,ok,,3.219,n-62-11-63,29004097,2026-08-02T12:49:12+0200
01dd2c2b822229ef,auto-10d581bed771,vanguard_oracle@fdc1e1f,vanguard_oracle,fdc1e1f,tempest_reinforcements@65ddc55,tempest_reinforcements,65ddc55,bridge,official,1,0,rating,b,b,0.0,core_destroyed,303,,81,0,5,2,10,0,14,8,ok,,5.747,n-62-28-29,29004097,2026-08-02T12:49:01+0200
01eb34eafde59b2d,auto-10d581bed771,tempest_reinforcements@65ddc55,tempest_reinforcements,65ddc55,undertow_oracle@75591b7,undertow_oracle,75591b7,showdown,official,1,0,rating,a,a,1.0,core_destroyed,121,,10,0,10,8,59,0,12,0,ok,,6.478,n-62-31-24,29004097,2026-08-02T12:47:24+0200
01f1ab9acc7c73c5,auto-10d581bed771,jonbot@da3fd8a,jonbot,da3fd8a,tempest_reinforcements@65ddc55,tempest_reinforcements,65ddc55,strait,official,1,0,rating,a,a,1.0,core_destroyed,68,,76,0,8,13,27,0,11,4,ok,,4.449,n-62-29-16,29004097,2026-08-02T12:46:36+0200
02010bae46e7ffc8,auto-10d581bed771,tempest_reinforcements@65ddc55,tempest_reinforcements,65ddc55,tempest_reinforcements@025dd51,tempest_reinforcements,025dd51,string,official,1,0,rating,b,b,0.0,core_destroyed,373,,87,170,3,0,49,1340,17,11,ok,,11.405,n-62-13-7,29004097,2026-08-02T12:46:37+0200
022476d696b235e9,auto-10d581bed771,tempest_reinforcements@65ddc55,tempest_reinforcements,65ddc55,tempest_reinforcements@51ad530,tempest_reinforcements,51ad530,runestone,official,1,0,rating,a,a,1.0,core_destroyed,38,,20,70,9,13,16,50,11,7,ok,,4.307,n-62-13-6,29004097,2026-08-02T12:47:30+0200
022e52a852d5f360,auto-10d581bed771,tempest_reinforcements@65ddc55,tempest_reinforcements,65ddc55,tempest_reinforcements@51ad530,tempest_reinforcements,51ad530,twins,official,1,0,rating,a,a,1.0,core_destroyed,37,,18,70,10,6,14,0,11,4,ok,,5.856,n-62-13-8,29004097,2026-08-02T12:47:41+0200
0234b07b59c1aea7,auto-10d581bed771,tempest_reinforcements@65ddc55,tempest_reinforcements,65ddc55,nemesis@9713344,nemesis,9713344,duel,official,1,0,rating,a,a,1.0,core_destroyed,62,,11,300,12,14,100,0,7,15,ok,,3.939,n-62-31-13,29004097,2026-08-02T12:47:18+0200
0236d9403bfe1dc3,auto-10d581bed771,tempest_reinforcements@65ddc55,tempest_reinforcements,65ddc55,uw_v2@9713344,uw_v2,9713344,vault,official,1,0,rating,b,b,0.0,core_destroyed,49,,5,170,12,10,94,220,10,16,ok,,4.422,n-62-11-63,29004097,2026-08-02T12:47:41+0200
0247a905835bef01,auto-10d581bed771,vanguard_oracle@75591b7,vanguard_oracle,75591b7,tempest_reinforcements@65ddc55,tempest_reinforcements,65ddc55,strait,official,1,0,rating,b,b,0.0,core_destroyed,100,,139,410,13,8,30,150,13,12,ok,,5.058,n-62-29-30,29004097,2026-08-02T12:49:07+0200
025e0c1eadb0f3cb,auto-10d581bed771,tempest_reinforcements@025dd51,tempest_reinforcements,025dd51,tempest_reinforcements@65ddc55,tempest_reinforcements,65ddc55,aurora,official,1,0,rating,a,a,1.0,core_destroyed,40,,36,80,11,8,20,70,11,9,ok,,5.215,n-62-21-23,29004097,2026-08-02T12:47:25+0200
026fb0535078364c,auto-10d581bed771,tempest_reinforcements@65ddc55,tempest_reinforcements,65ddc55,e_harc@6db8844,e_harc,6db8844,aurora,official,1,0,rating,a,a,1.0,core_destroyed,71,,10,150,11,8,116,150,9,4,ok,,4.104,n-62-28-29,29004097,2026-08-02T12:46:30+0200
02724caed231be5f,auto-10d581bed771,tempest_reinforcements@65ddc55,tempest_reinforcements,65ddc55,vanguard@da3fd8a,vanguard,da3fd8a,showdown,official,1,0,rating,b,b,0.0,core_destroyed,38,,0,0,10,7,56,0,7,7,ok,,2.972,n-62-29-29,29004097,2026-08-02T12:48:22+0200
027672976506412d,auto-10d581bed771,tempest_reinforcements@65ddc55,tempest_reinforcements,65ddc55,e_harc@6db8844,e_harc,6db8844,runestone,official,1,0,rating,a,a,1.0,core_destroyed,39,,10,0,11,5,42,20,9,10,ok,,3.656,n-62-29-18,29004097,2026-08-02T12:46:29+0200
02dc1739287301e0,auto-10d581bed771,tempest_reinforcements@51ad530,tempest_reinforcements,51ad530,tempest_reinforcements@65ddc55,tempest_reinforcements,65ddc55,sweden,official,1,0,rating,b,b,0.0,core_destroyed,66,,29,100,13,8,9,0,8,6,ok,,7.214,n-62-13-8,29004097,2026-08-02T12:47:35+0200
02def389d9ffd5d6,auto-10d581bed771,claude_challenger_3@fdc1e1f,claude_challenger_3,fdc1e1f,tempest_reinforcements@65ddc55,tempest_reinforcements,65ddc55,aurora,official,1,0,rating,b,b,0.0,core_destroyed,44,,32,0,12,1,20,90,11,11,ok,,6.508,n-62-21-92,29004097,2026-08-02T12:47:39+0200
02f74d94a9192a39,auto-10d581bed771,tempest_reinforcements@65ddc55,tempest_reinforcements,65ddc55,undertow_oracle@fdc1e1f,undertow_oracle,fdc1e1f,fjord,official,1,0,rating,a,a,1.0,core_destroyed,33,,20,70,11,5,95,120,5,7,ok,,3.071,n-62-31-21,29004097,2026-08-02T12:48:21+0200
0311374057a495b4,auto-10d581bed771,tempest_reinforcements@65ddc55,tempest_reinforcements,65ddc55,tempest_reinforcements@025dd51,tempest_reinforcements,025dd51,skerry,official,1,0,rating,b,b,0.0,core_destroyed,38,,8,80,12,4,24,90,13,5,ok,,5.566,n-62-21-24,29004097,2026-08-02T12:47:54+0200
033938c3a3a79cae,auto-10d581bed771,tempest_reinforcements@65ddc55,tempest_reinforcements,65ddc55,lockin@9713344,lockin,9713344,longship,official,1,0,rating,a,a,1.0,core_destroyed,49,,10,100,12,12,6,100,13,6,ok,,6.706,n-62-30-23,29004097,2026-08-02T12:47:21+0200
0348d49452bf3816,auto-10d581bed771,tempest_reinforcements@65ddc55,tempest_reinforcements,65ddc55,vanguard@da3fd8a,vanguard,da3fd8a,bridge,official,1,0,rating,b,b,0.0,core_destroyed,73,,60,0,12,7,248,190,5,13,ok,,3.355,n-62-29-26,29004097,2026-08-02T12:48:26+0200
034c9c2f8d385ed1,auto-10d581bed771,tempest_reinforcements@51ad530,tempest_reinforcements,51ad530,tempest_reinforcements@65ddc55,tempest_reinforcements,65ddc55,quarry,official,1,0,rating,a,a,1.0,core_destroyed,48,,25,80,13,8,16,0,10,5,ok,,4.997,n-62-13-6,29004097,2026-08-02T12:47:25+0200
038ac440b221c527,auto-10d581bed771,mistral@ba943b9,mistral,ba943b9,tempest_reinforcements@65ddc55,tempest_reinforcements,65ddc55,string,official,1,0,rating,b,b,0.0,core_destroyed,45,,246,0,1,0,12,160,11,9,ok,,3.627,n-62-31-17,29004097,2026-08-02T12:47:24+0200
03b0574538eff73e,auto-10d581bed771,vg_v2@9713344,vg_v2,9713344,tempest_reinforcements@65ddc55,tempest_reinforcements,65ddc55,hive,official,1,0,rating,b,b,0.0,core_destroyed,61,,76,130,6,11,10,130,11,13,ok,,4.197,n-62-31-17,29004097,2026-08-02T12:49:11+0200
03d1df95580d9443,auto-10d581bed771,tempest_reinforcements@65ddc55,tempest_reinforcements,65ddc55,v233_i@902be71,v233_i,902be71,vault,official,1,0,rating,a,a,1.0,core_destroyed,45,,9,100,11,6,59,190,14,6,ok,,4.058,n-62-29-24,29004097,2026-08-02T12:48:58+0200
03dc5dd09984a84b,auto-10d581bed771,tempest_reinforcements@65ddc55,tempest_reinforcements,65ddc55,tempest_reinforcements@87724ec,tempest_reinforcements,87724ec,strait,official,1,0,rating,a,a,1.0,core_destroyed,54,,10,110,9,11,96,0,8,4,ok,,15.141,n-62-12-65,29004097,2026-08-02T12:47:40+0200
03dce0e0ce2166a2,auto-10d581bed771,tempest_reinforcements@65ddc55,tempest_reinforcements,65ddc55,nemesis@9713344,nemesis,9713344,runestone,official,1,0,rating,a,a,1.0,core_destroyed,37,,10,0,11,5,88,0,7,11,ok,,4.137,n-62-31-16,29004097,2026-08-02T12:46:41+0200
03f8d653e40aa6e9,auto-10d581bed771,opponent_luc@e83a42c,opponent_luc,e83a42c,tempest_reinforcements@65ddc55,tempest_reinforcements,65ddc55,crossfire,official,1,0,rating,b,b,0.0,core_destroyed,42,,304,90,5,4,10,90,12,6,ok,,4.858,n-62-31-20,29004097,2026-08-02T12:47:16+0200
0402054d93bedafa,auto-10d581bed771,tempest_ferry@26b5aa1,tempest_ferry,26b5aa1,tempest_reinforcements@65ddc55,tempest_reinforcements,65ddc55,quarry,official,1,0,rating,a,a,1.0,core_destroyed,51,,60,0,10,6,10,0,9,4,ok,,5.03,n-62-12-4,29004097,2026-08-02T12:46:29+0200
043e9dc945f19160,auto-10d581bed771,tempest_reinforcements@65ddc55,tempest_reinforcements,65ddc55,casemate@902be71,casemate,902be71,string,official,1,0,rating,a,a,1.0,titanium_collected,1000,,7433,9730,39,16,2210,0,0,12,ok,,27.099,n-62-11-61,29004097,2026-08-02T12:48:23+0200
045b1223151bbcab,auto-10d581bed771,tempest_oracle_ferry@fdc1e1f,tempest_oracle_ferry,fdc1e1f,tempest_reinforcements@65ddc55,tempest_reinforcements,65ddc55,pinch,official,1,0,rating,b,b,0.0,core_destroyed,26,,58,0,10,3,10,0,8,4,ok,,4.245,n-62-21-8,29004097,2026-08-02T12:46:35+0200
04697114b10bd3b7,auto-10d581bed771,e_post2@4a95297,e_post2,4a95297,tempest_reinforcements@65ddc55,tempest_reinforcements,65ddc55,string,official,1,0,rating,b,b,0.0,core_destroyed,99,,226,0,1,4,34,500,17,11,ok,,4.764,n-62-29-24,29004097,2026-08-02T12:47:36+0200
04771c9b4fb79973,auto-10d581bed771,uw_v1@9713344,uw_v1,9713344,tempest_reinforcements@65ddc55,tempest_reinforcements,65ddc55,jackpot,official,1,0,rating,b,b,0.0,core_destroyed,67,,107,100,2,7,15,150,13,7,ok,,4.406,n-62-31-23,29004097,2026-08-02T12:48:58+0200
047913498a007179,auto-10d581bed771,tempest_reinforcements@65ddc55,tempest_reinforcements,65ddc55,tempest_oracle_ferry@fdc1e1f,tempest_oracle_ferry,fdc1e1f,runestone,official,1,0,rating,b,b,0.0,core_destroyed,32,,20,0,10,4,23,0,13,5,ok,,4.971,n-62-21-8,29004097,2026-08-02T12:46:50+0200
048095f0125e546c,auto-10d581bed771,tempest_reinforcements@65ddc55,tempest_reinforcements,65ddc55,mistral@ba943b9,mistral,ba943b9,quarry,official,1,0,rating,a,a,1.0,core_destroyed,35,,10,0,10,6,227,0,7,0,ok,,6.674,n-62-31-17,29004097,2026-08-02T12:46:15+0200
048f9ed1f7c63d75,auto-10d581bed771,tempest_reinforcements@025dd51,tempest_reinforcements,025dd51,tempest_reinforcements@65ddc55,tempest_reinforcements,65ddc55,vault,official,1,0,rating,b,b,0.0,core_destroyed,62,,29,140,11,5,8,200,12,6,ok,,4.642,n-62-13-7,29004097,2026-08-02T12:47:19+0200
049edbc5a660b2e3,auto-10d581bed771,tempest_reinforcements@65ddc55,tempest_reinforcements,65ddc55,e_final@9e77076,e_final,9e77076,showdown,official,1,0,rating,a,a,1.0,core_destroyed,159,,10,0,9,8,8,0,5,0,ok,,3.946,n-62-21-99,29004097,2026-08-02T12:46:30+0200
04a244428e3e7547,auto-10d581bed771,reaver@9713344,reaver,9713344,tempest_reinforcements@65ddc55,tempest_reinforcements,65ddc55,string,official,1,0,rating,b,b,0.0,core_destroyed,71,,361,0,3,2,40,470,13,16,ok,,3.854,n-62-11-54,29004097,2026-08-02T12:46:17+0200
04a479acfae61af9,auto-10d581bed771,tempest_reinforcements@65ddc55,tempest_reinforcements,65ddc55,uw_v1@9713344,uw_v1,9713344,quarry,official,1,0,rating,a,a,1.0,core_destroyed,50,,10,80,11,8,79,30,7,14,ok,,3.767,n-62-11-60,29004097,2026-08-02T12:47:27+0200
04ccafb22b598881,auto-10d581bed771,tempest_reinforcements@65ddc55,tempest_reinforcements,65ddc55,vanguard@818f3b4,vanguard,818f3b4,quarry,official,1,0,rating,b,b,0.0,core_destroyed,44,,16,60,11,7,99,190,10,14,ok,,4.339,n-62-29-19,29004097,2026-08-02T12:47:41+0200
04f064e1f2b77103,auto-10d581bed771,v233_c@9713344,v233_c,9713344,tempest_reinforcements@65ddc55,tempest_reinforcements,65ddc55,fjord,official,1,0,rating,b,b,0.0,core_destroyed,45,,94,190,9,7,10,100,12,5,ok,,3.683,n-62-11-68,29004097,2026-08-02T12:49:16+0200
04f75870ad87169e,auto-10d581bed771,tempest_reinforcements@65ddc55,tempest_reinforcements,65ddc55,vg_v2@9713344,vg_v2,9713344,aurora,official,1,0,rating,a,a,1.0,core_destroyed,49,,10,100,12,8,126,100,6,8,ok,,4.13,n-62-31-14,29004097,2026-08-02T12:49:21+0200
051431b5fa3fecfe,auto-10d581bed771,undertow_oracle@75591b7,undertow_oracle,75591b7,tempest_reinforcements@65ddc55,tempest_reinforcements,65ddc55,sweden,official,1,0,rating,b,b,0.0,core_destroyed,47,,103,110,6,20,10,0,10,6,ok,,3.708,n-62-31-24,29004097,2026-08-02T12:48:29+0200
0544adff4471b355,auto-10d581bed771,tempest_picket@fdc1e1f,tempest_picket,fdc1e1f,tempest_reinforcements@65ddc55,tempest_reinforcements,65ddc55,bridge,official,1,0,rating,b,b,0.0,core_destroyed,71,,295,0,5,3,20,0,10,8,ok,,3.648,n-62-21-2,29004097,2026-08-02T12:47:18+0200
058d79791c951c79,auto-10d581bed771,tempest_reinforcements@e1dc316,tempest_reinforcements,e1dc316,tempest_reinforcements@65ddc55,tempest_reinforcements,65ddc55,pinch,official,1,0,rating,b,b,0.0,core_destroyed,39,,0,0,11,3,7,0,8,4,ok,,4.263,n-62-12-64,29004097,2026-08-02T12:47:38+0200
0596de5b1ced753f,auto-10d581bed771,tempest_reinforcements@65ddc55,tempest_reinforcements,65ddc55,siege_v2@9713344,siege_v2,9713344,sweden,official,1,0,rating,a,a,1.0,core_destroyed,355,,40,2700,36,45,931,0,3,3,ok,,8.976,n-62-11-52,29004097,2026-08-02T12:46:44+0200
05b509399176c08b,auto-10d581bed771,vg_v1@9713344,vg_v1,9713344,tempest_reinforcements@65ddc55,tempest_reinforcements,65ddc55,fjord,official,1,0,rating,b,b,0.0,core_destroyed,34,,112,70,6,6,10,70,11,5,ok,,3.851,n-62-30-24,29004097,2026-08-02T12:48:10+0200
05b5130a87419a3c,auto-10d581bed771,frontier_v1@9713344,frontier_v1,9713344,tempest_reinforcements@65ddc55,tempest_reinforcements,65ddc55,jackpot,official,1,0,rating,b,b,0.0,core_destroyed,47,,13,0,7,2,10,100,12,7,ok,,4.096,n-62-29-21,29004097,2026-08-02T12:46:25+0200
05b710c0d7a75a69,auto-10d581bed771,tempest_reinforcements@65ddc55,tempest_reinforcements,65ddc55,claude_challenger_2@fdc1e1f,claude_challenger_2,fdc1e1f,strait,official,1,0,rating,a,a,1.0,core_destroyed,41,,10,0,11,4,13,0,10,4,ok,,5.867,n-62-21-92,29004097,2026-08-02T12:46:23+0200
05db022ce960ebdd,auto-10d581bed771,tempest_reinforcements@51ad530,tempest_reinforcements,51ad530,tempest_reinforcements@65ddc55,tempest_reinforcements,65ddc55,sprint,official,1,0,rating,a,a,1.0,core_destroyed,42,,70,120,7,7,0,40,10,5,ok,,6.81,n-62-13-8,29004097,2026-08-02T12:46:37+0200
05e9ab6ab076161a,auto-10d581bed771,vg_v5@9713344,vg_v5,9713344,tempest_reinforcements@65ddc55,tempest_reinforcements,65ddc55,twins,official,1,0,rating,b,b,0.0,core_destroyed,54,,35,0,4,4,10,0,10,5,ok,,3.499,n-62-31-15,29004097,2026-08-02T12:49:34+0200
05f8f91084fcf055,auto-10d581bed771,tempest_reinforcements@65ddc55,tempest_reinforcements,65ddc55,e9cand@9e77076,e9cand,9e77076,strait,official,1,0,rating,a,a,1.0,core_destroyed,107,,20,250,16,14,132,90,9,15,ok,,5.388,n-62-21-103,29004097,2026-08-02T12:46:55+0200
0601fa61d395bdf1,auto-10d581bed771,tempest_reinforcements@65ddc55,tempest_reinforcements,65ddc55,v233_b@9713344,v233_b,9713344,vault,official,1,0,rating,a,a,1.0,core_destroyed,65,,22,250,11,22,147,150,6,11,ok,,3.987,n-62-11-68,29004097,2026-08-02T12:47:55+0200
060c029b18b318e4,auto-10d581bed771,vanguard_oracle@902be71,vanguard_oracle,902be71,tempest_reinforcements@65ddc55,tempest_reinforcements,65ddc55,longship,official,1,0,rating,b,b,0.0,core_destroyed,56,,117,230,10,8,30,120,11,14,ok,,4.522,n-62-29-32,29004097,2026-08-02T12:48:25+0200
06292071fccf81a3,auto-10d581bed771,tempest_reinforcements@65ddc55,tempest_reinforcements,65ddc55,vg_v2@9713344,vg_v2,9713344,longship,official,1,0,rating,a,a,1.0,core_destroyed,53,,10,110,12,12,97,40,8,8,ok,,3.971,n-62-31-17,29004097,2026-08-02T12:49:26+0200
062aa9ee03d4a2d9,auto-10d581bed771,vanguard_oracle@fdc1e1f,vanguard_oracle,fdc1e1f,tempest_reinforcements@65ddc55,tempest_reinforcements,65ddc55,strait,official,1,0,rating,b,b,0.0,core_destroyed,100,,139,410,13,8,30,150,13,12,ok,,5.222,n-62-30-23,29004097,2026-08-02T12:48:00+0200
064fdd0b218cfff5,auto-10d581bed771,autistimusprime@ecd4d24,autistimusprime,ecd4d24,tempest_reinforcements@65ddc55,tempest_reinforcements,65ddc55,hive,official,1,0,rating,a,a,1.0,core_destroyed,58,,30,0,13,1,9,120,12,12,ok,,5.392,n-62-31-24,29004097,2026-08-02T12:47:27+0200
0653d83e4196832c,auto-10d581bed771,tempest_reinforcements@65ddc55,tempest_reinforcements,65ddc55,titanium_v1@9713344,titanium_v1,9713344,strait,official,1,0,rating,a,a,1.0,core_destroyed,42,,19,80,10,11,336,0,4,3,ok,,2.973,n-62-21-59,29004097,2026-08-02T12:46:58+0200
06571eaebb0a01a9,auto-10d581bed771,tempest_reinforcements@65ddc55,tempest_reinforcements,65ddc55,tempest_picket@fdc1e1f,tempest_picket,fdc1e1f,skerry,official,1,0,rating,a,a,1.0,core_destroyed,40,,23,90,11,5,212,0,7,1,ok,,4.578,n-62-21-15,29004097,2026-08-02T12:47:30+0200
0670171b0b4fdf89,auto-10d581bed771,turtle@9713344,turtle,9713344,tempest_reinforcements@65ddc55,tempest_reinforcements,65ddc55,skerry,official,1,0,rating,b,b,0.0,core_destroyed,48,,67,0,4,6,20,110,12,5,ok,,4.463,n-62-21-61,29004097,2026-08-02T12:47:13+0200
06885139c79bfbee,auto-10d581bed771,tempest_reinforcements@65ddc55,tempest_reinforcements,65ddc55,vanguard@818f3b4,vanguard,818f3b4,showdown,official,1,0,rating,a,a,1.0,core_destroyed,27,,7,0,10,6,60,0,7,0,ok,,3.606,n-62-29-19,29004097,2026-08-02T12:47:58+0200
069a3f80cc534299,auto-10d581bed771,vanguard@9932bec,vanguard,9932bec,tempest_reinforcements@65ddc55,tempest_reinforcements,65ddc55,longship,official,1,0,rating,b,b,0.0,core_destroyed,59,,109,240,11,8,10,120,11,14,ok,,4.564,n-62-29-33,29004097,2026-08-02T12:49:11+0200
06a44eab67ab122d,auto-10d581bed771,tempest_reinforcements@65ddc55,tempest_reinforcements,65ddc55,nemesis@9713344,nemesis,9713344,vault,official,1,0,rating,a,a,1.0,core_destroyed,53,,10,120,11,6,102,120,4,15,ok,,4.413,n-62-31-20,29004097,2026-08-02T12:46:31+0200
06a6fd65e45f0b0c,auto-10d581bed771,tempest_reinforcements@65ddc55,tempest_reinforcements,65ddc55,tempest_reinforcements@edf93ad,tempest_reinforcements,edf93ad,vase,official,1,0,rating,a,a,1.0,core_destroyed,89,,17,0,8,5,0,0,10,5,ok,,5.331,n-62-21-55,29004097,2026-08-02T12:48:08+0200
06bf12f4f6d7613e,auto-10d581bed771,uw_v2@9713344,uw_v2,9713344,tempest_reinforcements@65ddc55,tempest_reinforcements,65ddc55,vault,official,1,0,rating,b,b,0.0,core_destroyed,163,,142,550,0,13,88,1110,23,26,ok,,8.999,n-62-11-63,29004097,2026-08-02T12:47:50+0200
06c8d850689c90b6,auto-10d581bed771,vanguard@818f3b4,vanguard,818f3b4,tempest_reinforcements@65ddc55,tempest_reinforcements,65ddc55,sprint,official,1,0,rating,b,b,0.0,core_destroyed,28,,34,0,10,4,20,30,10,6,ok,,3.423,n-62-29-19,29004097,2026-08-02T12:48:17+0200
06dc7a981e2c3622,auto-10d581bed771,tempest_reinforcements@65ddc55,tempest_reinforcements,65ddc55,tempest_sentinel@fdc1e1f,tempest_sentinel,fdc1e1f,runestone,official,1,0,rating,a,a,1.0,core_destroyed,34,,10,0,11,5,58,0,7,4,ok,,3.748,n-62-21-56,29004097,2026-08-02T12:46:29+0200
06e9528d542125df,auto-10d581bed771,riptide@9713344,riptide,9713344,tempest_reinforcements@65ddc55,tempest_reinforcements,65ddc55,quarry,official,1,0,rating,b,b,0.0,core_destroyed,69,,87,160,6,14,10,0,11,6,ok,,3.84,n-62-11-55,29004097,2026-08-02T12:46:59+0200
06ed21a6c59d91f8,auto-10d581bed771,v233_d@9713344,v233_d,9713344,tempest_reinforcements@65ddc55,tempest_reinforcements,65ddc55,aurora,official,1,0,rating,b,b,0.0,core_destroyed,52,,97,100,7,9,20,110,10,11,ok,,3.451,n-62-31-9,29004097,2026-08-02T12:48:48+0200
0738091f861ca510,auto-10d581bed771,tempest_reinforcements@65ddc55,tempest_reinforcements,65ddc55,e_t4l7@9e77076,e_t4l7,9e77076,string,official,1,0,rating,a,a,1.0,core_destroyed,127,,85,710,15,16,51,240,2,4,ok,,4.045,n-62-29-17,29004097,2026-08-02T12:47:37+0200
076017722894e5a5,auto-10d581bed771,nemesis@9713344,nemesis,9713344,tempest_reinforcements@65ddc55,tempest_reinforcements,65ddc55,vault,official,1,0,rating,b,b,0.0,core_destroyed,57,,79,0,7,9,20,240,11,21,ok,,4.692,n-62-31-20,29004097,2026-08-02T12:46:36+0200
078ee4e0f6a5e05c,auto-10d581bed771,tempest_reinforcements@65ddc55,tempest_reinforcements,65ddc55,claude_challenger_2@fdc1e1f,claude_challenger_2,fdc1e1f,crossfire,official,1,0,rating,a,a,1.0,core_destroyed,32,,30,70,10,6,190,0,7,4,ok,,3.876,n-62-11-66,29004097,2026-08-02T12:47:45+0200
07ab48e5e8dc11e5,auto-10d581bed771,tempest_picket@fdc1e1f,tempest_picket,fdc1e1f,tempest_reinforcements@65ddc55,tempest_reinforcements,65ddc55,pinch,official,1,0,rating,b,b,0.0,core_destroyed,26,,62,0,10,3,9,0,9,4,ok,,4.474,n-62-21-15,29004097,2026-08-02T12:46:56+0200
07ac504cbaee175d,auto-10d581bed771,tempest_reinforcements@65ddc55,tempest_reinforcements,65ddc55,e_t4l7@9e77076,e_t4l7,9e77076,vase,official,1,0,rating,a,a,1.0,core_destroyed,52,,20,0,10,6,16,0,6,12,ok,,3.329,n-62-29-19,29004097,2026-08-02T12:46:52+0200
07c342db15857c9d,auto-10d581bed771,tempest_reinforcements@65ddc55,tempest_reinforcements,65ddc55,uw_v2@9713344,uw_v2,9713344,longship,official,1,0,rating,a,a,1.0,core_destroyed,58,,10,120,11,12,80,240,6,12,ok,,4.174,n-62-11-61,29004097,2026-08-02T12:49:20+0200
07ca27a3bb15a7d3,auto-10d581bed771,attack_wave_v1@9713344,attack_wave_v1,9713344,tempest_reinforcements@65ddc55,tempest_reinforcements,65ddc55,showdown,official,1,0,rating,b,b,0.0,core_destroyed,19,,185,0,5,2,10,0,10,8,ok,,3.551,n-62-31-22,29004097,2026-08-02T12:46:32+0200
07cef06e31c38cce,auto-10d581bed771,vanguard@818f3b4,vanguard,818f3b4,tempest_reinforcements@65ddc55,tempest_reinforcements,65ddc55,pinch,official,1,0,rating,b,b,0.0,core_destroyed,27,,71,0,4,3,20,50,10,8,ok,,2.893,n-62-29-17,29004097,2026-08-02T12:48:57+0200
080c7fc87b34331a,auto-10d581bed771,tempest_reinforcements@65ddc55,tempest_reinforcements,65ddc55,v233_f@9713344,v233_f,9713344,aurora,official,1,0,rating,a,a,1.0,core_destroyed,55,,10,110,12,8,65,300,8,15,ok,,4.581,n-62-21-104,29004097,2026-08-02T12:48:53+0200
08486e3939f09f74,auto-10d581bed771,claude_challenger_3@fdc1e1f,claude_challenger_3,fdc1e1f,tempest_reinforcements@65ddc55,tempest_reinforcements,65ddc55,longship,official,1,0,rating,b,b,0.0,core_destroyed,47,,42,90,12,6,10,90,11,14,ok,,5.707,n-62-31-9,29004097,2026-08-02T12:47:08+0200
0848a1ac8103a195,auto-10d581bed771,tempest_reinforcements@65ddc55,tempest_reinforcements,65ddc55,vanguard_oracle@fdc1e1f,vanguard_oracle,fdc1e1f,duel,official,1,0,rating,a,a,1.0,core_destroyed,32,,18,70,9,5,68,70,10,2,ok,,3.77,n-62-29-34,29004097,2026-08-02T12:47:45+0200
08641354fe16ee4e,auto-10d581bed771,v233_d@9713344,v233_d,9713344,tempest_reinforcements@65ddc55,tempest_reinforcements,65ddc55,longship,official,1,0,rating,b,b,0.0,core_destroyed,53,,50,110,11,10,10,100,11,14,ok,,4.703,n-62-31-10,29004097,2026-08-02T12:48:09+0200
0865260c6ab2dd04,auto-10d581bed771,e_harc@6db8844,e_harc,6db8844,tempest_reinforcements@65ddc55,tempest_reinforcements,65ddc55,jackpot,official,1,0,rating,b,b,0.0,core_destroyed,44,,557,90,1,19,20,90,12,7,ok,,2.616,n-62-28-29,29004097,2026-08-02T12:47:28+0200
0865459c0613eade,auto-10d581bed771,claude_challenger_1@fdc1e1f,claude_challenger_1,fdc1e1f,tempest_reinforcements@65ddc55,tempest_reinforcements,65ddc55,strait,official,1,0,rating,b,b,0.0,core_destroyed,47,,40,20,9,4,10,0,11,5,ok,,6.718,n-62-11-66,29004097,2026-08-02T12:46:23+0200
086f0b6ba21f0ee6,auto-10d581bed771,vg_v7@9713344,vg_v7,9713344,tempest_reinforcements@65ddc55,tempest_reinforcements,65ddc55,duel,official,1,0,rating,b,b,0.0,core_destroyed,46,,95,100,7,4,11,100,11,5,ok,,3.705,n-62-11-58,29004097,2026-08-02T12:49:40+0200
0888d9cf63e26e17,auto-10d581bed771,claude_challenger_3@fdc1e1f,claude_challenger_3,fdc1e1f,tempest_reinforcements@65ddc55,tempest_reinforcements,65ddc55,fjord,official,1,0,rating,b,b,0.0,core_destroyed,26,,58,40,9,5,10,50,11,5,ok,,4.663,n-62-31-9,29004097,2026-08-02T12:46:40+0200
08cbbfb6233e599d,auto-10d581bed771,tempest_reinforcements@65ddc55,tempest_reinforcements,65ddc55,e_post2@4a95297,e_post2,4a95297,sprint,official,1,0,rating,a,a,1.0,core_destroyed,94,,10,0,10,9,69,0,5,1,ok,,3.814,n-62-29-24,29004097,2026-08-02T12:47:10+0200
090a40dd6e068004,auto-10d581bed771,riptide@9713344,riptide,9713344,tempest_reinforcements@65ddc55,tempest_reinforcements,65ddc55,sprint,official,1,0,rating,b,b,0.0,core_destroyed,31,,85,20,6,5,20,60,9,11,ok,,2.971,n-62-11-55,29004097,2026-08-02T12:47:29+0200
0910e135934ea93e,auto-10d581bed771,tempest_reinforcements@65ddc55,tempest_reinforcements,65ddc55,v233_f@9713344,v233_f,9713344,vault,official,1,0,rating,a,a,1.0,core_destroyed,51,,10,110,11,6,80,220,6,6,ok,,4.207,n-62-21-98,29004097,2026-08-02T12:49:26+0200
091fe9017469bf0e,auto-10d581bed771,tempest_reinforcements@65ddc55,tempest_reinforcements,65ddc55,opponent_luc@e83a42c,opponent_luc,e83a42c,crossfire,official,1,0,rating,a,a,1.0,core_destroyed,32,,30,70,11,6,194,0,6,4,ok,,4.683,n-62-31-20,29004097,2026-08-02T12:47:11+0200
09201f0391b40251,auto-10d581bed771,tempest_reinforcements@87724ec,tempest_reinforcements,87724ec,tempest_reinforcements@65ddc55,tempest_reinforcements,65ddc55,vault,official,1,0,rating,b,b,0.0,core_destroyed,62,,20,0,11,2,14,260,10,16,ok,,7.527,n-62-12-65,29004097,2026-08-02T12:48:49+0200
09262e682aa10393,auto-10d581bed771,tempest@da3fd8a,tempest,da3fd8a,tempest_reinforcements@65ddc55,tempest_reinforcements,65ddc55,duel,official,1,0,rating,a,a,1.0,core_destroyed,25,,74,0,9,2,9,50,10,4,ok,,4.285,n-62-11-56,29004097,2026-08-02T12:46:38+0200
0927ae6b4d7406ea,auto-10d581bed771,undertow_1ac7ac4@da3fd8a,undertow_1ac7ac4,da3fd8a,tempest_reinforcements@65ddc55,tempest_reinforcements,65ddc55,pinch,official,1,0,rating,b,b,0.0,core_destroyed,30,,61,0,8,4,10,50,10,8,ok,,3.599,n-62-21-69,29004097,2026-08-02T12:47:12+0200
095522ee6300bcd3,auto-10d581bed771,siege_v2@9713344,siege_v2,9713344,tempest_reinforcements@65ddc55,tempest_reinforcements,65ddc55,atoll,official,1,0,rating,b,b,0.0,core_destroyed,33,,239,0,4,2,10,70,11,6,ok,,3.048,n-62-11-50,29004097,2026-08-02T12:47:05+0200
095ed393beb0f35d,auto-10d581bed771,tempest_sentinel@fdc1e1f,tempest_sentinel,fdc1e1f,tempest_reinforcements@65ddc55,tempest_reinforcements,65ddc55,crossfire,official,1,0,rating,b,b,0.0,core_destroyed,33,,59,0,7,2,9,70,9,6,ok,,3.582,n-62-21-54,29004097,2026-08-02T12:46:55+0200
096fe3c1afc6adf5,auto-10d581bed771,vanguard_oracle@fdc1e1f,vanguard_oracle,fdc1e1f,tempest_reinforcements@65ddc55,tempest_reinforcements,65ddc55,string,official,1,0,rating,a,a,1.0,core_destroyed,58,,83,110,4,7,27,130,14,6,ok,,3.86,n-62-30-23,29004097,2026-08-02T12:48:10+0200
0985673d3eb63231,auto-10d581bed771,tempest_reinforcements@65ddc55,tempest_reinforcements,65ddc55,v233_g@9713344,v233_g,9713344,showdown,official,1,0,rating,b,b,0.0,core_destroyed,38,,0,0,10,7,56,0,7,7,ok,,3.376,n-62-29-18,29004097,2026-08-02T12:47:37+0200
09afa8f42e34c8e1,auto-10d581bed771,baiter@9713344,baiter,9713344,tempest_reinforcements@65ddc55,tempest_reinforcements,65ddc55,twins,official,1,0,rating,b,b,0.0,core_destroyed,54,,35,0,4,4,10,0,10,5,ok,,4.44,n-62-11-60,29004097,2026-08-02T12:46:17+0200
09ba4ea17155d918,auto-10d581bed771,tempest_reinforcements@65ddc55,tempest_reinforcements,65ddc55,tempest_ferry@26b5aa1,tempest_ferry,26b5aa1,string,official,1,0,rating,a,a,1.0,core_destroyed,65,,70,350,13,14,417,230,1,6,ok,,4.425,n-62-12-4,29004097,2026-08-02T12:47:21+0200
09cfc4faf58aa597,auto-10d581bed771,tempest_reinforcements@65ddc55,tempest_reinforcements,65ddc55,turtle@9713344,turtle,9713344,hive,official,1,0,rating,a,a,1.0,core_destroyed,51,,10,100,11,11,99,0,5,12,ok,,4.099,n-62-21-60,29004097,2026-08-02T12:47:36+0200
09e04eda807a0810,auto-10d581bed771,tempest_reinforcements@65ddc55,tempest_reinforcements,65ddc55,tempest_oracle_ferry@fdc1e1f,tempest_oracle_ferry,fdc1e1f,showdown,official,1,0,rating,b,b,0.0,core_destroyed,25,,10,0,9,6,60,0,8,8,ok,,3.719,n-62-21-8,29004097,2026-08-02T12:46:58+0200
09e7015f38f917e1,auto-10d581bed771,v233_g@9713344,v233_g,9713344,tempest_reinforcements@65ddc55,tempest_reinforcements,65ddc55,sprint,official,1,0,rating,b,b,0.0,titanium_collected,37,,58,0,6,6,10,70,10,6,ok,,3.193,n-62-29-18,29004097,2026-08-02T12:47:56+0200
09e89373de55440a,auto-10d581bed771,vanguard@9932bec,vanguard,9932bec,tempest_reinforcements@65ddc55,tempest_reinforcements,65ddc55,twins,official,1,0,rating,b,b,0.0,core_destroyed,43,,91,160,8,10,10,0,11,5,ok,,3.368,n-62-29-15,29004097,2026-08-02T12:49:19+0200
09ea96e0976327c1,auto-10d581bed771,tempest_reinforcements@65ddc55,tempest_reinforcements,65ddc55,undertow@fdc1e1f,undertow,fdc1e1f,pinch,official,1,0,rating,a,a,1.0,core_destroyed,27,,20,50,10,9,34,0,8,3,ok,,3.716,n-62-21-67,29004097,2026-08-02T12:47:00+0200
0a0812882440abc2,auto-10d581bed771,tempest_reinforcements@65ddc55,tempest_reinforcements,65ddc55,v233_b@9713344,v233_b,9713344,jackpot,official,1,0,rating,b,b,0.0,core_destroyed,102,,38,420,15,7,73,0,4,4,ok,,4.399,n-62-11-66,29004097,2026-08-02T12:47:34+0200
0a14814f5258bfab,auto-10d581bed771,frontier_v2@9713344,frontier_v2,9713344,tempest_reinforcements@65ddc55,tempest_reinforcements,65ddc55,vault,official,1,0,rating,b,b,0.0,core_destroyed,52,,103,0,8,4,30,210,11,21,ok,,3.677,n-62-29-29,29004097,2026-08-02T12:46:59+0200
0a394a669ebcb786,auto-10d581bed771,tempest_reinforcements@65ddc55,tempest_reinforcements,65ddc55,lockin@9713344,lockin,9713344,jackpot,official,1,0,rating,a,a,1.0,core_destroyed,36,,20,70,11,7,590,0,0,0,ok,,2.516,n-62-30-23,29004097,2026-08-02T12:47:12+0200
0a78d4dcf9e197e4,auto-10d581bed771,tempest_reinforcements@65ddc55,tempest_reinforcements,65ddc55,vanguard_oracle@902be71,vanguard_oracle,902be71,twins,official,1,0,rating,b,b,0.0,core_destroyed,31,,7,30,9,3,59,110,10,9,ok,,3.769,n-62-28-29,29004097,2026-08-02T12:48:14+0200
0a83b73938916330,auto-10d581bed771,tempest_reinforcements@65ddc55,tempest_reinforcements,65ddc55,vg_v2@9713344,vg_v2,9713344,vase,official,1,0,rating,a,a,1.0,core_destroyed,46,,10,0,9,6,102,0,4,2,ok,,3.464,n-62-31-5,29004097,2026-08-02T12:49:16+0200
0a85866e7e2b81f5,auto-10d581bed771,tempest_reinforcements@65ddc55,tempest_reinforcements,65ddc55,frontier_v1@9713344,frontier_v1,9713344,pinch,official,1,0,rating,a,a,1.0,core_destroyed,26,,10,0,10,4,9,0,8,3,ok,,3.416,n-62-29-21,29004097,2026-08-02T12:46:37+0200
0a93f01d1e55b930,auto-10d581bed771,mistral_fast@26b5aa1,mistral_fast,26b5aa1,tempest_reinforcements@65ddc55,tempest_reinforcements,65ddc55,string,official,1,0,rating,b,b,0.0,core_destroyed,45,,246,0,1,0,12,160,11,9,ok,,3.499,n-62-31-18,29004097,2026-08-02T12:47:13+0200
0aa451086a5a6477,auto-10d581bed771,vg_v1@9713344,vg_v1,9713344,tempest_reinforcements@65ddc55,tempest_reinforcements,65ddc55,hive,official,1,0,rating,b,b,0.0,core_destroyed,68,,85,150,4,8,30,150,11,13,ok,,4.298,n-62-30-24,29004097,2026-08-02T12:48:19+0200
0aaa6027c4b24e5f,auto-10d581bed771,tempest_reinforcements@65ddc55,tempest_reinforcements,65ddc55,tempest_reinforcements@edf93ad,tempest_reinforcements,edf93ad,showdown,official,1,0,rating,a,a,1.0,core_destroyed,52,,16,0,6,6,13,0,10,7,ok,,5.123,n-62-21-55,29004097,2026-08-02T12:46:37+0200
0aab99f901819294,auto-10d581bed771,tempest_reinforcements@65ddc55,tempest_reinforcements,65ddc55,v233_c@9713344,v233_c,9713344,skerry,official,1,0,rating,a,a,1.0,core_destroyed,42,,8,80,11,4,41,0,6,4,ok,,3.518,n-62-21-92,29004097,2026-08-02T12:48:28+0200
0ac572b8dee56890,auto-10d581bed771,claude_challenger_3@fdc1e1f,claude_challenger_3,fdc1e1f,tempest_reinforcements@65ddc55,tempest_reinforcements,65ddc55,sweden,official,1,0,rating,b,b,0.0,core_destroyed,42,,600,0,0,0,10,0,10,6,ok,,3.063,n-62-31-10,29004097,2026-08-02T12:47:07+0200
0ac6025778b6e433,auto-10d581bed771,tempest_reinforcements@65ddc55,tempest_reinforcements,65ddc55,attack_wave_v1@9713344,attack_wave_v1,9713344,pinch,official,1,0,rating,a,a,1.0,core_destroyed,22,,10,30,10,9,154,0,5,3,ok,,3.376,n-62-31-5,29004097,2026-08-02T12:47:26+0200
0af1c2ef0353f533,auto-10d581bed771,tempest_reinforcements@65ddc55,tempest_reinforcements,65ddc55,casemate_oracle@902be71,casemate_oracle,902be71,twins,official,1,0,rating,a,a,1.0,core_destroyed,33,,10,60,10,8,268,0,5,3,ok,,4.179,n-62-11-64,29004097,2026-08-02T12:47:04+0200
0af5414c3c330100,auto-10d581bed771,undertow@9713344,undertow,9713344,tempest_reinforcements@65ddc55,tempest_reinforcements,65ddc55,bridge,official,1,0,rating,b,b,0.0,core_destroyed,260,,134,0,6,7,84,1490,24,23,ok,,8.761,n-62-21-62,29004097,2026-08-02T12:48:00+0200
0b0a40d84012ab0a,auto-10d581bed771,e9cand@9e77076,e9cand,9e77076,tempest_reinforcements@65ddc55,tempest_reinforcements,65ddc55,sweden,official,1,0,rating,b,b,0.0,core_destroyed,98,,1005,570,2,16,10,0,12,6,ok,,3.285,n-62-21-103,29004097,2026-08-02T12:47:17+0200
0b0e2925a8bdffcc,auto-10d581bed771,tempest_reinforcements@65ddc55,tempest_reinforcements,65ddc55,jonbot@9713344,jonbot,9713344,jackpot,official,1,0,rating,a,a,1.0,core_destroyed,39,,10,80,11,7,259,0,5,0,ok,,3.328,n-62-29-5,29004097,2026-08-02T12:46:32+0200
0b29e941f2068e7b,auto-10d581bed771,siege_v1@9713344,siege_v1,9713344,tempest_reinforcements@65ddc55,tempest_reinforcements,65ddc55,twins,official,1,0,rating,b,b,0.0,core_destroyed,36,,244,0,6,2,20,0,10,5,ok,,2.973,n-62-11-50,29004097,2026-08-02T12:46:45+0200
0b354dd247296158,auto-10d581bed771,tempest_reinforcements@65ddc55,tempest_reinforcements,65ddc55,baiter@9713344,baiter,9713344,bridge,official,1,0,rating,a,a,1.0,core_destroyed,106,,29,190,16,13,79,130,2,11,ok,,5.863,n-62-31-4,29004097,2026-08-02T12:46:59+0200
0b43d9b80c6a8083,auto-10d581bed771,vanguard@818f3b4,vanguard,818f3b4,tempest_reinforcements@65ddc55,tempest_reinforcements,65ddc55,twins,official,1,0,rating,b,b,0.0,core_destroyed,42,,94,160,8,10,10,0,11,5,ok,,3.56,n-62-29-19,29004097,2026-08-02T12:48:56+0200
0b66ee43c282611d,auto-10d581bed771,tempest_reinforcements@65ddc55,tempest_reinforcements,65ddc55,v233_b@9713344,v233_b,9713344,quarry,official,1,0,rating,a,a,1.0,core_destroyed,48,,30,80,11,8,69,20,6,13,ok,,3.582,n-62-11-66,29004097,2026-08-02T12:47:56+0200
0b8f2dfb5d231111,auto-10d581bed771,undertow@fdc1e1f,undertow,fdc1e1f,tempest_reinforcements@65ddc55,tempest_reinforcements,65ddc55,twins,official,1,0,rating,b,b,0.0,core_destroyed,65,,96,140,9,8,10,0,12,5,ok,,4.742,n-62-21-68,29004097,2026-08-02T12:47:04+0200
0bb2cee3a478dd71,auto-10d581bed771,casemate@902be71,casemate,902be71,tempest_reinforcements@65ddc55,tempest_reinforcements,65ddc55,sweden,official,1,0,rating,b,b,0.0,core_destroyed,64,,44,0,5,28,20,0,11,6,ok,,3.871,n-62-11-62,29004097,2026-08-02T12:46:43+0200
0bbbcb8d9daef426,auto-10d581bed771,vanguard_oracle@75591b7,vanguard_oracle,75591b7,tempest_reinforcements@65ddc55,tempest_reinforcements,65ddc55,twins,official,1,0,rating,b,b,0.0,core_destroyed,101,,91,0,7,0,10,0,11,5,ok,,4.297,n-62-29-16,29004097,2026-08-02T12:48:11+0200
0bcdd4207810bf09,auto-10d581bed771,tempest_reinforcements@65ddc55,tempest_reinforcements,65ddc55,tempest_fast@eb1f0f3,tempest_fast,eb1f0f3,quarry,official,1,0,rating,a,a,1.0,core_destroyed,39,,10,0,9,5,103,0,10,5,ok,,4.896,n-62-12-3,29004097,2026-08-02T12:46:13+0200
0bdbd62518d8adcb,auto-10d581bed771,tempest_reinforcements@65ddc55,tempest_reinforcements,65ddc55,vg_v1@9713344,vg_v1,9713344,fjord,official,1,0,rating,a,a,1.0,core_destroyed,39,,10,80,11,5,106,0,6,3,ok,,3.912,n-62-30-24,29004097,2026-08-02T12:48:06+0200
0bde6dcf44d53371,auto-10d581bed771,jonbot@da3fd8a,jonbot,da3fd8a,tempest_reinforcements@65ddc55,tempest_reinforcements,65ddc55,twins,official,1,0,rating,b,b,0.0,core_destroyed,212,,156,70,10,10,52,750,15,28,ok,,11.151,n-62-29-16,29004097,2026-08-02T12:47:21+0200
0be091c71ad3e4c8,auto-10d581bed771,undertow@9713344,undertow,9713344,tempest_reinforcements@65ddc55,tempest_reinforcements,65ddc55,aurora,official,1,0,rating,b,b,0.0,core_destroyed,89,,89,640,7,39,11,330,12,31,ok,,6.033,n-62-21-62,29004097,2026-08-02T12:47:42+0200
0befc168abcdb861,auto-10d581bed771,tempest_picket@fdc1e1f,tempest_picket,fdc1e1f,tempest_reinforcements@65ddc55,tempest_reinforcements,65ddc55,vault,official,1,0,rating,b,b,0.0,core_destroyed,54,,169,0,7,2,8,160,12,12,ok,,4.492,n-62-21-23,29004097,2026-08-02T12:47:03+0200
0c4dfdc689ac0883,auto-10d581bed771,tempest_reinforcements@65ddc55,tempest_reinforcements,65ddc55,tempest_sentinel@fdc1e1f,tempest_sentinel,fdc1e1f,pinch,official,1,0,rating,a,a,1.0,core_destroyed,66,,8,0,9,4,58,0,9,3,ok,,4.787,n-62-21-56,29004097,2026-08-02T12:46:13+0200
0c5de467e8b37d79,auto-10d581bed771,e_post2@4a95297,e_post2,4a95297,tempest_reinforcements@65ddc55,tempest_reinforcements,65ddc55,bridge,official,1,0,rating,b,b,0.0,core_destroyed,102,,64,0,7,2,20,270,14,16,ok,,4.831,n-62-29-20,29004097,2026-08-02T12:47:23+0200
0c665b35530093db,auto-10d581bed771,tempest_reinforcements@65ddc55,tempest_reinforcements,65ddc55,frontier_v2@9713344,frontier_v2,9713344,crossfire,official,1,0,rating,a,a,1.0,core_destroyed,35,,10,70,11,6,72,0,7,3,ok,,3.434,n-62-29-22,29004097,2026-08-02T12:47:19+0200
0c8c7fb831e5e39f,auto-10d581bed771,attack_wave_v1@9713344,attack_wave_v1,9713344,tempest_reinforcements@65ddc55,tempest_reinforcements,65ddc55,sprint,official,1,0,rating,b,b,0.0,core_destroyed,34,,139,0,6,4,11,100,10,10,ok,,3.759,n-62-31-22,29004097,2026-08-02T12:46:48+0200
0caa5f33a42d6d32,auto-10d581bed771,tempest_reinforcements@65ddc55,tempest_reinforcements,65ddc55,undertow_1ac7ac4@da3fd8a,undertow_1ac7ac4,da3fd8a,sweden,official,1,0,rating,a,a,1.0,core_destroyed,232,,71,1380,27,44,869,1340,4,19,ok,,11.554,n-62-31-5,29004097,2026-08-02T12:48:07+0200
0cf65ad6add3f2fa,auto-10d581bed771,tempest_reinforcements@65ddc55,tempest_reinforcements,65ddc55,claude_challenger_2@fdc1e1f,claude_challenger_2,fdc1e1f,runestone,official,1,0,rating,a,a,1.0,core_destroyed,42,,10,0,11,5,3,70,12,7,ok,,6.16,n-62-11-68,29004097,2026-08-02T12:47:32+0200
0cf8182908f851ba,auto-10d581bed771,casemate@902be71,casemate,902be71,tempest_reinforcements@65ddc55,tempest_reinforcements,65ddc55,jackpot,official,1,0,rating,b,b,0.0,core_destroyed,121,,203,0,2,9,54,640,17,24,ok,,5.442,n-62-11-61,29004097,2026-08-02T12:46:27+0200
0d1207deb7913aff,auto-10d581bed771,tempest_reinforcements@65ddc55,tempest_reinforcements,65ddc55,tempest_sentinel@fdc1e1f,tempest_sentinel,fdc1e1f,crossfire,official,1,0,rating,a,a,1.0,core_destroyed,35,,10,50,8,5,57,70,7,5,ok,,3.706,n-62-21-54,29004097,2026-08-02T12:46:52+0200
0d1bb58eb5c81c31,auto-10d581bed771,tempest_reinforcements@e1dc316,tempest_reinforcements,e1dc316,tempest_reinforcements@65ddc55,tempest_reinforcements,65ddc55,atoll,official,1,0,rating,b,b,0.0,core_destroyed,46,,10,100,14,5,8,100,11,6,ok,,3.908,n-62-12-65,29004097,2026-08-02T12:48:57+0200
0d26368938bb7ab0,auto-10d581bed771,tempest_reinforcements@65ddc55,tempest_reinforcements,65ddc55,undertow@9713344,undertow,9713344,jackpot,official,1,0,rating,a,a,1.0,core_destroyed,91,,20,330,13,23,69,490,7,19,ok,,5.397,n-62-21-63,29004097,2026-08-02T12:46:24+0200
0d5d2c1609265376,auto-10d581bed771,claude_challenger_2@fdc1e1f,claude_challenger_2,fdc1e1f,tempest_reinforcements@65ddc55,tempest_reinforcements,65ddc55,sprint,official,1,0,rating,b,b,0.0,core_destroyed,34,,192,0,7,4,10,60,10,7,ok,,4.22,n-62-21-92,29004097,2026-08-02T12:46:17+0200
0d655a1e6e2dab79,auto-10d581bed771,tempest_reinforcements@65ddc55,tempest_reinforcements,65ddc55,tempest_reinforcements@87724ec,tempest_reinforcements,87724ec,vault,official,1,0,rating,a,a,1.0,core_destroyed,53,,20,120,10,6,16,210,13,10,ok,,6.726,n-62-12-65,29004097,2026-08-02T12:48:42+0200
0d6f3297cd6a6acb,auto-10d581bed771,tempest_reinforcements@65ddc55,tempest_reinforcements,65ddc55,v233_e@9713344,v233_e,9713344,vase,official,1,0,rating,a,a,1.0,core_destroyed,45,,10,0,9,6,116,0,3,2,ok,,3.137,n-62-21-104,29004097,2026-08-02T12:48:25+0200
0d77ea0d767bcb0f,auto-10d581bed771,tempest_reinforcements@65ddc55,tempest_reinforcements,65ddc55,tempest_oracle_ferry@fdc1e1f,tempest_oracle_ferry,fdc1e1f,strait,official,1,0,rating,a,a,1.0,core_destroyed,56,,28,120,10,11,267,0,5,4,ok,,4.301,n-62-21-8,29004097,2026-08-02T12:47:24+0200
0d817cb9707d0947,auto-10d581bed771,casemate_oracle@902be71,casemate_oracle,902be71,tempest_reinforcements@65ddc55,tempest_reinforcements,65ddc55,runestone,official,1,0,rating,b,b,0.0,core_destroyed,35,,140,0,5,22,10,0,11,5,ok,,4.16,n-62-11-63,29004097,2026-08-02T12:47:40+0200
0dfca2a742efa500,auto-10d581bed771,tempest_reinforcements@65ddc55,tempest_reinforcements,65ddc55,undertow@fdc1e1f,undertow,fdc1e1f,quarry,official,1,0,rating,a,a,1.0,core_destroyed,51,,10,80,11,8,120,180,8,19,ok,,4.155,n-62-21-67,29004097,2026-08-02T12:47:09+0200
0e067914a34ca106,auto-10d581bed771,tempest_reinforcements@65ddc55,tempest_reinforcements,65ddc55,vg_v2@9713344,vg_v2,9713344,sprint,official,1,0,rating,a,a,1.0,core_destroyed,42,,10,80,10,7,94,160,4,7,ok,,3.768,n-62-31-5,29004097,2026-08-02T12:48:06+0200
0e13143db459b9ba,auto-10d581bed771,riptide@9713344,riptide,9713344,tempest_reinforcements@65ddc55,tempest_reinforcements,65ddc55,skerry,official,1,0,rating,b,b,0.0,core_destroyed,52,,92,0,6,4,20,120,13,5,ok,,4.178,n-62-11-55,29004097,2026-08-02T12:47:23+0200
0e1d68de42f9296d,auto-10d581bed771,vanguard@9932bec,vanguard,9932bec,tempest_reinforcements@65ddc55,tempest_reinforcements,65ddc55,runestone,official,1,0,rating,b,b,0.0,core_destroyed,37,,86,120,9,14,10,0,11,5,ok,,3.523,n-62-29-15,29004097,2026-08-02T12:48:00+0200
0e760fffa582f207,auto-10d581bed771,tempest_reinforcements@65ddc55,tempest_reinforcements,65ddc55,undertow_1ac7ac4@da3fd8a,undertow_1ac7ac4,da3fd8a,quarry,official,1,0,rating,a,a,1.0,core_destroyed,51,,10,80,11,8,128,180,8,18,ok,,4.124,n-62-21-69,29004097,2026-08-02T12:47:16+0200
0e9b27edfc655fa1,auto-10d581bed771,tempest_reinforcements@65ddc55,tempest_reinforcements,65ddc55,v233_g@9713344,v233_g,9713344,longship,official,1,0,rating,a,a,1.0,core_destroyed,54,,10,110,12,12,125,220,8,16,ok,,4.14,n-62-21-99,29004097,2026-08-02T12:48:29+0200
0ea464353ccd7f3c,auto-10d581bed771,frontier_v2@9713344,frontier_v2,9713344,tempest_reinforcements@65ddc55,tempest_reinforcements,65ddc55,skerry,official,1,0,rating,b,b,0.0,core_destroyed,34,,88,0,7,4,20,80,11,5,ok,,3.366,n-62-29-26,29004097,2026-08-02T12:47:14+0200
0eb3720cb219fc4f,auto-10d581bed771,vanguard@da3fd8a,vanguard,da3fd8a,tempest_reinforcements@65ddc55,tempest_reinforcements,65ddc55,aurora,official,1,0,rating,b,b,0.0,core_destroyed,60,,101,390,8,22,19,130,13,11,ok,,4.546,n-62-29-26,29004097,2026-08-02T12:48:22+0200
0ebfb3dbd50bd171,auto-10d581bed771,tempest_reinforcements@87724ec,tempest_reinforcements,87724ec,tempest_reinforcements@65ddc55,tempest_reinforcements,65ddc55,longship,official,1,0,rating,b,b,0.0,core_destroyed,49,,18,100,10,11,9,100,9,12,ok,,8.225,n-62-13-9,29004097,2026-08-02T12:48:09+0200
0ecc477e5a8e6a9d,auto-10d581bed771,tempest_reinforcements@65ddc55,tempest_reinforcements,65ddc55,uw_v2@9713344,uw_v2,9713344,runestone,official,1,0,rating,a,a,1.0,core_destroyed,43,,0,0,11,5,77,150,5,13,ok,,3.65,n-62-11-62,29004097,2026-08-02T12:47:45+0200
0f047f7ea1bb3c17,auto-10d581bed771,tempest_reinforcements@65ddc55,tempest_reinforcements,65ddc55,v233_c@9713344,v233_c,9713344,jackpot,official,1,0,rating,b,b,0.0,core_destroyed,102,,38,420,15,7,73,0,4,4,ok,,4.562,n-62-21-92,29004097,2026-08-02T12:47:44+0200
0f2542ee0396e7f7,auto-10d581bed771,tempest_reinforcements@65ddc55,tempest_reinforcements,65ddc55,vg_v7@9713344,vg_v7,9713344,atoll,official,1,0,rating,a,a,1.0,core_destroyed,49,,10,110,11,6,108,0,7,7,ok,,3.567,n-62-11-58,29004097,2026-08-02T12:48:13+0200
0f47dbf95c007604,auto-10d581bed771,tempest_reinforcements@65ddc55,tempest_reinforcements,65ddc55,v233_a@9713344,v233_a,9713344,string,official,1,0,rating,a,a,1.0,titanium_collected,1000,,5694,9740,46,16,2460,0,2,2,ok,,31.201,n-62-11-64,29004097,2026-08-02T12:48:54+0200
0f4fced1ffd61b35,auto-10d581bed771,tempest_reinforcements@65ddc55,tempest_reinforcements,65ddc55,vg_v3@9713344,vg_v3,9713344,hive,official,1,0,rating,a,a,1.0,core_destroyed,57,,10,120,12,11,98,0,5,7,ok,,4.179,n-62-31-7,29004097,2026-08-02T12:48:58+0200
0f591309f6c7cd77,auto-10d581bed771,tempest_reinforcements@65ddc55,tempest_reinforcements,65ddc55,vanguard_oracle@902be71,vanguard_oracle,902be71,atoll,official,1,0,rating,b,b,0.0,core_destroyed,39,,1,80,10,5,68,150,10,7,ok,,4.086,n-62-29-16,29004097,2026-08-02T12:48:33+0200
0f5a963d89ab1c70,auto-10d581bed771,undertow_oracle@75591b7,undertow_oracle,75591b7,tempest_reinforcements@65ddc55,tempest_reinforcements,65ddc55,twins,official,1,0,rating,b,b,0.0,core_destroyed,51,,0,0,8,8,10,0,10,5,ok,,4.145,n-62-31-24,29004097,2026-08-02T12:48:37+0200
0f5ddbca3a440b88,auto-10d581bed771,lockin@9713344,lockin,9713344,tempest_reinforcements@65ddc55,tempest_reinforcements,65ddc55,string,official,1,0,rating,b,b,0.0,core_destroyed,27,,560,0,0,0,10,50,11,7,ok,,2.88,n-62-30-24,29004097,2026-08-02T12:47:20+0200
0f5ffc607fd4fa47,auto-10d581bed771,tempest_reinforcements@65ddc55,tempest_reinforcements,65ddc55,tempest_ferry@26b5aa1,tempest_ferry,26b5aa1,fjord,official,1,0,rating,a,a,1.0,core_destroyed,27,,10,50,10,5,209,50,5,4,ok,,3.167,n-62-12-5,29004097,2026-08-02T12:46:58+0200
0f618c58dc579c43,auto-10d581bed771,tempest_reinforcements@65ddc55,tempest_reinforcements,65ddc55,tempest@da3fd8a,tempest,da3fd8a,duel,official,1,0,rating,b,b,0.0,core_destroyed,22,,13,40,8,4,26,40,12,5,ok,,4.454,n-62-11-56,29004097,2026-08-02T12:46:34+0200
0f6f2d489d98aece,auto-10d581bed771,tempest_reinforcements@65ddc55,tempest_reinforcements,65ddc55,casemate_oracle@902be71,casemate_oracle,902be71,aurora,official,1,0,rating,a,a,1.0,core_destroyed,76,,30,170,13,8,171,0,4,15,ok,,6.876,n-62-11-62,29004097,2026-08-02T12:48:02+0200
0f77e6c42e10cf82,auto-10d581bed771,tempest_reinforcements@65ddc55,tempest_reinforcements,65ddc55,jonbot_190003d@da3fd8a,jonbot_190003d,da3fd8a,twins,official,1,0,rating,a,a,1.0,core_destroyed,38,,10,70,9,8,134,70,7,10,ok,,3.606,n-62-29-34,29004097,2026-08-02T12:47:04+0200
0f7924bafe79fa05,auto-10d581bed771,tempest_reinforcements@65ddc55,tempest_reinforcements,65ddc55,vanguard@9932bec,vanguard,9932bec,runestone,official,1,0,rating,a,a,1.0,core_destroyed,37,,10,0,11,5,127,120,8,10,ok,,3.48,n-62-29-15,29004097,2026-08-02T12:47:56+0200
0fa02edcf8c860bf,auto-10d581bed771,e_harc@6db8844,e_harc,6db8844,tempest_reinforcements@65ddc55,tempest_reinforcements,65ddc55,runestone,official,1,0,rating,a,a,1.0,titanium_collected,1000,,412,120,13,10,12,0,11,5,ok,,8.887,n-62-29-18,29004097,2026-08-02T12:46:38+0200
0fc22c2a52877675,auto-10d581bed771,tempest_reinforcements@65ddc55,tempest_reinforcements,65ddc55,vg_v2@9713344,vg_v2,9713344,jackpot,official,1,0,rating,a,a,1.0,core_destroyed,174,,34,1060,21,28,86,0,4,2,ok,,6.153,n-62-31-17,29004097,2026-08-02T12:49:18+0200
0fd43775336094f1,auto-10d581bed771,tempest_reinforcements@65ddc55,tempest_reinforcements,65ddc55,vg_v5@9713344,vg_v5,9713344,longship,official,1,0,rating,a,a,1.0,core_destroyed,53,,10,110,12,12,100,40,8,7,ok,,3.782,n-62-31-20,29004097,2026-08-02T12:49:57+0200
0ff9c7655f7d3385,auto-10d581bed771,tempest_outer@fdc1e1f,tempest_outer,fdc1e1f,tempest_reinforcements@65ddc55,tempest_reinforcements,65ddc55,pinch,official,1,0,rating,b,b,0.0,core_destroyed,26,,103,0,9,3,9,0,9,4,ok,,3.916,n-62-21-13,29004097,2026-08-02T12:46:44+0200
0ff9f1d359be3e11,auto-10d581bed771,tempest_outer@fdc1e1f,tempest_outer,fdc1e1f,tempest_reinforcements@65ddc55,tempest_reinforcements,65ddc55,duel,official,1,0,rating,a,a,1.0,core_destroyed,25,,53,0,10,2,9,50,10,4,ok,,3.666,n-62-21-12,29004097,2026-08-02T12:47:31+0200
101690bc608d6a57,auto-10d581bed771,tempest_reinforcements@65ddc55,tempest_reinforcements,65ddc55,frontier_v2@9713344,frontier_v2,9713344,hive,official,1,0,rating,a,a,1.0,core_destroyed,43,,10,80,11,11,103,0,7,4,ok,,3.447,n-62-29-26,29004097,2026-08-02T12:46:19+0200
101a66748f80ffab,auto-10d581bed771,tempest_reinforcements@65ddc55,tempest_reinforcements,65ddc55,turtle@9713344,turtle,9713344,skerry,official,1,0,rating,a,a,1.0,core_destroyed,82,,35,470,15,16,103,180,3,12,ok,,5.368,n-62-21-61,29004097,2026-08-02T12:47:09+0200
101c2f49700e6c3f,auto-10d581bed771,tempest_reinforcements@65ddc55,tempest_reinforcements,65ddc55,v233_a@9713344,v233_a,9713344,showdown,official,1,0,rating,a,a,1.0,core_destroyed,38,,10,0,10,8,104,0,6,4,ok,,3.057,n-62-11-64,29004097,2026-08-02T12:47:59+0200
102d033b13ed4071,auto-10d581bed771,vanguard@da3fd8a,vanguard,da3fd8a,tempest_reinforcements@65ddc55,tempest_reinforcements,65ddc55,string,official,1,0,rating,a,a,1.0,core_destroyed,62,,215,220,4,6,60,140,13,6,ok,,3.499,n-62-29-29,29004097,2026-08-02T12:48:54+0200
10383e47989bad4b,auto-10d581bed771,attack_wave_v1@9713344,attack_wave_v1,9713344,tempest_reinforcements@65ddc55,tempest_reinforcements,65ddc55,duel,official,1,0,rating,b,b,0.0,core_destroyed,32,,146,0,4,4,30,70,10,5,ok,,3.593,n-62-31-5,29004097,2026-08-02T12:46:51+0200
1058f77561b599ee,auto-10d581bed771,tempest_reinforcements@65ddc55,tempest_reinforcements,65ddc55,jonbot@da3fd8a,jonbot,da3fd8a,showdown,official,1,0,rating,a,a,1.0,core_destroyed,235,,10,0,6,7,37,0,11,14,ok,,6.026,n-62-29-33,29004097,2026-08-02T12:47:37+0200
105b97c84f703739,auto-10d581bed771,nemesis@9713344,nemesis,9713344,tempest_reinforcements@65ddc55,tempest_reinforcements,65ddc55,pinch,official,1,0,rating,b,b,0.0,core_destroyed,37,,116,0,5,3,10,70,10,8,ok,,3.928,n-62-31-16,29004097,2026-08-02T12:46:27+0200
10676548bee4caff,auto-10d581bed771,tempest_reinforcements@65ddc55,tempest_reinforcements,65ddc55,attack_wave_v1@9713344,attack_wave_v1,9713344,bridge,official,1,0,rating,a,a,1.0,core_destroyed,260,,54,1850,28,31,745,0,6,2,ok,,8.947,n-62-31-5,29004097,2026-08-02T12:46:33+0200
10981f33f779ba34,auto-10d581bed771,tempest_reinforcements@65ddc55,tempest_reinforcements,65ddc55,tempest_fast@eb1f0f3,tempest_fast,eb1f0f3,vault,official,1,0,rating,a,a,1.0,core_destroyed,42,,12,90,11,6,397,160,4,5,ok,,3.586,n-62-12-5,29004097,2026-08-02T12:46:11+0200
109a874e19a7f9fe,auto-10d581bed771,uw_v2@9713344,uw_v2,9713344,tempest_reinforcements@65ddc55,tempest_reinforcements,65ddc55,showdown,official,1,0,rating,b,b,0.0,core_destroyed,137,,109,190,7,9,10,0,10,8,ok,,4.207,n-62-11-62,29004097,2026-08-02T12:47:58+0200
10b163fe101caed5,auto-10d581bed771,tempest_reinforcements@65ddc55,tempest_reinforcements,65ddc55,baiter@9713344,baiter,9713344,sprint,official,1,0,rating,a,a,1.0,core_destroyed,34,,10,60,10,7,117,90,3,6,ok,,3.906,n-62-31-23,29004097,2026-08-02T12:47:17+0200
10bc3bb7d7dd1635,auto-10d581bed771,tempest_reinforcements@65ddc55,tempest_reinforcements,65ddc55,vanguard_oracle@75591b7,vanguard_oracle,75591b7,bridge,official,1,0,rating,a,a,1.0,core_destroyed,114,,10,0,13,8,101,30,4,5,ok,,4.052,n-62-29-5,29004097,2026-08-02T12:48:33+0200
10d77faf6b7b957b,auto-10d581bed771,vg_v7@9713344,vg_v7,9713344,tempest_reinforcements@65ddc55,tempest_reinforcements,65ddc55,sprint,official,1,0,rating,b,b,0.0,core_destroyed,30,,24,30,7,6,10,50,9,11,ok,,3.31,n-62-31-22,29004097,2026-08-02T12:49:03+0200
10df6e714ecc1586,auto-10d581bed771,tempest_reinforcements@65ddc55,tempest_reinforcements,65ddc55,tempest_ferry@26b5aa1,tempest_ferry,26b5aa1,crossfire,official,1,0,rating,b,b,0.0,core_destroyed,30,,9,60,9,4,58,60,7,5,ok,,3.52,n-62-12-5,29004097,2026-08-02T12:46:44+0200
10f9ce5111965e2c,auto-10d581bed771,tempest_reinforcements@65ddc55,tempest_reinforcements,65ddc55,tempest_frontier@fdc1e1f,tempest_frontier,fdc1e1f,strait,official,1,0,rating,a,a,1.0,core_destroyed,46,,11,90,11,11,315,90,5,8,ok,,4.24,n-62-21-18,29004097,2026-08-02T12:47:29+0200
111bc56c929950a7,auto-10d581bed771,undertow@9713344,undertow,9713344,tempest_reinforcements@65ddc55,tempest_reinforcements,65ddc55,duel,official,1,0,rating,b,b,0.0,core_destroyed,47,,102,210,6,10,10,100,11,5,ok,,3.848,n-62-21-62,29004097,2026-08-02T12:48:16+0200
111e95e820f4c7f2,auto-10d581bed771,vanguard@da3fd8a,vanguard,da3fd8a,tempest_reinforcements@65ddc55,tempest_reinforcements,65ddc55,vase,official,1,0,rating,b,b,0.0,core_destroyed,55,,117,90,4,6,10,0,11,6,ok,,3.464,n-62-29-5,29004097,2026-08-02T12:48:04+0200
1131545114c36df6,auto-10d581bed771,tempest_reinforcements@65ddc55,tempest_reinforcements,65ddc55,vanguard@da3fd8a,vanguard,da3fd8a,jackpot,official,1,0,rating,a,a,1.0,core_destroyed,61,,20,140,12,7,99,250,7,7,ok,,4.19,n-62-29-29,29004097,2026-08-02T12:47:43+0200
114448ea24aef29c,auto-10d581bed771,tempest_blindfire@fdc1e1f,tempest_blindfire,fdc1e1f,tempest_reinforcements@65ddc55,tempest_reinforcements,65ddc55,vault,official,1,0,rating,b,b,0.0,core_destroyed,54,,169,0,7,2,8,160,12,12,ok,,4.291,n-62-21-89,29004097,2026-08-02T12:47:30+0200
1156871c46f3c367,auto-10d581bed771,v233_d@9713344,v233_d,9713344,tempest_reinforcements@65ddc55,tempest_reinforcements,65ddc55,crossfire,official,1,0,rating,b,b,0.0,core_destroyed,42,,91,90,6,6,10,90,10,6,ok,,2.679,n-62-31-9,29004097,2026-08-02T12:49:43+0200
11599876e9d84cae,auto-10d581bed771,tempest_reinforcements@65ddc55,tempest_reinforcements,65ddc55,lockin@9713344,lockin,9713344,sweden,official,1,0,rating,a,a,1.0,core_destroyed,249,,17,1560,25,56,1120,0,0,0,ok,,7.086,n-62-30-24,29004097,2026-08-02T12:47:27+0200
116e1f92ff9728f0,auto-10d581bed771,v233_d@9713344,v233_d,9713344,tempest_reinforcements@65ddc55,tempest_reinforcements,65ddc55,atoll,official,1,0,rating,b,b,0.0,core_destroyed,53,,97,110,4,6,10,120,10,6,ok,,3.33,n-62-31-9,29004097,2026-08-02T12:48:40+0200
1171081ffe9795bc,auto-10d581bed771,undertow@fdc1e1f,undertow,fdc1e1f,tempest_reinforcements@65ddc55,tempest_reinforcements,65ddc55,crossfire,official,1,0,rating,a,a,1.0,core_destroyed,34,,28,70,11,6,8,70,9,5,ok,,3.982,n-62-21-66,29004097,2026-08-02T12:48:03+0200
1197aeda7759c04a,auto-10d581bed771,tempest_reinforcements@65ddc55,tempest_reinforcements,65ddc55,vg_v4@9713344,vg_v4,9713344,skerry,official,1,0,rating,a,a,1.0,core_destroyed,51,,16,110,12,5,72,0,6,5,ok,,4.228,n-62-31-16,29004097,2026-08-02T12:48:14+0200
11ace34f4cfd313b,auto-10d581bed771,undertow@da3fd8a,undertow,da3fd8a,tempest_reinforcements@65ddc55,tempest_reinforcements,65ddc55,runestone,official,1,0,rating,b,b,0.0,core_destroyed,41,,109,140,7,13,10,0,11,5,ok,,4.113,n-62-21-65,29004097,2026-08-02T12:47:16+0200
11d608cc5550fdc8,auto-10d581bed771,tempest_reinforcements@65ddc55,tempest_reinforcements,65ddc55,riptide@9713344,riptide,9713344,sweden,official,1,0,rating,a,a,1.0,core_destroyed,321,,47,2280,32,54,163,770,5,10,ok,,14.915,n-62-11-58,29004097,2026-08-02T12:46:45+0200
11e595f658baf318,auto-10d581bed771,tempest_reinforcements@87724ec,tempest_reinforcements,87724ec,tempest_reinforcements@65ddc55,tempest_reinforcements,65ddc55,quarry,official,1,0,rating,b,b,0.0,core_destroyed,158,,15,180,15,4,8,0,10,3,ok,,13.178,n-62-13-9,29004097,2026-08-02T12:48:44+0200
11efb7852e19331e,auto-10d581bed771,vg_v5@9713344,vg_v5,9713344,tempest_reinforcements@65ddc55,tempest_reinforcements,65ddc55,atoll,official,1,0,rating,b,b,0.0,core_destroyed,44,,111,50,7,6,30,100,12,6,ok,,4.019,n-62-31-20,29004097,2026-08-02T12:48:03+0200
12109aa81974a8db,auto-10d581bed771,undertow_oracle@75591b7,undertow_oracle,75591b7,tempest_reinforcements@65ddc55,tempest_reinforcements,65ddc55,string,official,1,0,rating,b,b,0.0,core_destroyed,66,,95,10,1,8,20,160,12,7,ok,,4.189,n-62-31-24,29004097,2026-08-02T12:48:10+0200
121521ea03c23879,auto-10d581bed771,tempest_reinforcements@65ddc55,tempest_reinforcements,65ddc55,vanguard@9932bec,vanguard,9932bec,aurora,official,1,0,rating,a,a,1.0,core_destroyed,53,,10,110,11,8,101,220,9,8,ok,,4.591,n-62-29-33,29004097,2026-08-02T12:48:03+0200
12183200f10acd65,auto-10d581bed771,tempest_reinforcements@65ddc55,tempest_reinforcements,65ddc55,reaver@9713344,reaver,9713344,skerry,official,1,0,rating,a,a,1.0,core_destroyed,51,,10,110,13,5,90,0,7,3,ok,,4.288,n-62-11-53,29004097,2026-08-02T12:47:15+0200
1218c75f83b7eca7,auto-10d581bed771,tempest_reinforcements@65ddc55,tempest_reinforcements,65ddc55,riptide@9713344,riptide,9713344,hive,official,1,0,rating,a,a,1.0,core_destroyed,59,,10,120,12,11,64,0,3,7,ok,,4.453,n-62-11-55,29004097,2026-08-02T12:46:21+0200
121d498fc851a180,auto-10d581bed771,tempest_reinforcements@025dd51,tempest_reinforcements,025dd51,tempest_reinforcements@65ddc55,tempest_reinforcements,65ddc55,string,official,1,0,rating,b,b,0.0,core_destroyed,111,,16,30,10,5,7,30,3,4,ok,,4.881,n-62-13-7,29004097,2026-08-02T12:46:42+0200
122288ea59641a4d,auto-10d581bed771,tempest_blindfire@fdc1e1f,tempest_blindfire,fdc1e1f,tempest_reinforcements@65ddc55,tempest_reinforcements,65ddc55,sweden,official,1,0,rating,b,b,0.0,core_destroyed,42,,290,0,4,7,10,0,10,6,ok,,3.09,n-62-21-89,29004097,2026-08-02T12:47:07+0200
122c623cd6a9ded9,auto-10d581bed771,tempest@da3fd8a,tempest,da3fd8a,tempest_reinforcements@65ddc55,tempest_reinforcements,65ddc55,bridge,official,1,0,rating,b,b,0.0,core_destroyed,42,,290,0,4,7,10,0,10,8,ok,,3.227,n-62-11-56,29004097,2026-08-02T12:46:19+0200
122c99f01b28195a,auto-10d581bed771,tempest_reinforcements@65ddc55,tempest_reinforcements,65ddc55,undertow_oracle@75591b7,undertow_oracle,75591b7,strait,official,1,0,rating,a,a,1.0,core_destroyed,45,,10,90,11,11,72,220,9,19,ok,,4.516,n-62-31-24,29004097,2026-08-02T12:47:54+0200
12347560ef4665bb,auto-10d581bed771,lockin@9713344,lockin,9713344,tempest_reinforcements@65ddc55,tempest_reinforcements,65ddc55,twins,official,1,0,rating,b,b,0.0,core_destroyed,75,,26,160,9,5,10,0,10,9,ok,,7.768,n-62-30-24,29004097,2026-08-02T12:47:45+0200
1256cc5ab09e94d7,auto-10d581bed771,tempest_reinforcements@65ddc55,tempest_reinforcements,65ddc55,tempest_fast@eb1f0f3,tempest_fast,eb1f0f3,runestone,official,1,0,rating,b,b,0.0,core_destroyed,38,,10,0,10,4,59,0,10,5,ok,,4.127,n-62-12-3,29004097,2026-08-02T12:46:21+0200
125812315be5fc0a,auto-10d581bed771,frontier_v1@9713344,frontier_v1,9713344,tempest_reinforcements@65ddc55,tempest_reinforcements,65ddc55,bridge,official,1,0,rating,b,b,0.0,core_destroyed,62,,157,0,6,3,10,0,13,8,ok,,3.734,n-62-29-19,29004097,2026-08-02T12:47:48+0200
125c453cfa8bb7ec,auto-10d581bed771,tempest_reinforcements@65ddc55,tempest_reinforcements,65ddc55,e_condc@6db8844,e_condc,6db8844,string,official,1,0,rating,a,a,1.0,core_destroyed,76,,42,340,14,15,72,0,4,3,ok,,4.384,n-62-21-97,29004097,2026-08-02T12:47:25+0200
12854cee69667fcb,auto-10d581bed771,tempest_reinforcements@87724ec,tempest_reinforcements,87724ec,tempest_reinforcements@65ddc55,tempest_reinforcements,65ddc55,crossfire,official,1,0,rating,b,b,0.0,core_destroyed,36,,10,0,10,2,28,80,10,6,ok,,7.306,n-62-13-9,29004097,2026-08-02T12:46:46+0200
12898f93feae7aea,auto-10d581bed771,tempest_reinforcements@65ddc55,tempest_reinforcements,65ddc55,nemesis@9713344,nemesis,9713344,longship,official,1,0,rating,a,a,1.0,core_destroyed,48,,30,100,11,12,77,20,8,12,ok,,4.675,n-62-31-16,29004097,2026-08-02T12:46:13+0200
1293133057a6d158,auto-10d581bed771,e_post2@4a95297,e_post2,4a95297,tempest_reinforcements@65ddc55,tempest_reinforcements,65ddc55,strait,official,1,0,rating,b,b,0.0,core_destroyed,79,,66,0,10,0,10,0,11,5,ok,,4.269,n-62-29-24,29004097,2026-08-02T12:47:28+0200
12ba6768484e001c,auto-10d581bed771,tempest_reinforcements@65ddc55,tempest_reinforcements,65ddc55,e_t4l7@9e77076,e_t4l7,9e77076,aurora,official,1,0,rating,a,a,1.0,core_destroyed,52,,30,110,11,8,69,210,5,22,ok,,3.531,n-62-29-15,29004097,2026-08-02T12:46:45+0200
12dbedb61d690d71,auto-10d581bed771,mistral_fast@26b5aa1,mistral_fast,26b5aa1,tempest_reinforcements@65ddc55,tempest_reinforcements,65ddc55,runestone,official,1,0,rating,b,b,0.0,core_destroyed,32,,266,0,5,0,18,0,11,5,ok,,3.682,n-62-31-18,29004097,2026-08-02T12:46:33+0200
12eff6c00c25c729,auto-10d581bed771,frontier_v2@9713344,frontier_v2,9713344,tempest_reinforcements@65ddc55,tempest_reinforcements,65ddc55,pinch,official,1,0,rating,b,b,0.0,core_destroyed,42,,107,0,6,4,0,80,11,8,ok,,3.57,n-62-29-26,29004097,2026-08-02T12:46:45+0200
12fa93795bbc251f,auto-10d581bed771,tempest_reinforcements@65ddc55,tempest_reinforcements,65ddc55,vanguard@818f3b4,vanguard,818f3b4,atoll,official,1,0,rating,a,a,1.0,core_destroyed,40,,30,90,11,6,142,160,9,6,ok,,3.978,n-62-29-17,29004097,2026-08-02T12:47:40+0200
12fc0b59e54fd320,auto-10d581bed771,tempest_reinforcements@65ddc55,tempest_reinforcements,65ddc55,tempest_frontier@fdc1e1f,tempest_frontier,fdc1e1f,runestone,official,1,0,rating,b,b,0.0,core_destroyed,38,,10,0,10,4,56,0,11,5,ok,,5.438,n-62-21-18,29004097,2026-08-02T12:46:49+0200
1308527d256e11c8,auto-10d581bed771,tempest_reinforcements@65ddc55,tempest_reinforcements,65ddc55,vanguard_oracle@fdc1e1f,vanguard_oracle,fdc1e1f,runestone,official,1,0,rating,a,a,1.0,core_destroyed,37,,10,0,11,5,127,120,8,10,ok,,3.444,n-62-29-34,29004097,2026-08-02T12:48:48+0200
130ac066905a56c9,auto-10d581bed771,tempest_reinforcements@65ddc55,tempest_reinforcements,65ddc55,siege_v1@9713344,siege_v1,9713344,jackpot,official,1,0,rating,a,a,1.0,core_destroyed,39,,10,80,11,7,242,0,5,2,ok,,3.151,n-62-11-59,29004097,2026-08-02T12:46:32+0200
13106ff5da04310c,auto-10d581bed771,turtle@9713344,turtle,9713344,tempest_reinforcements@65ddc55,tempest_reinforcements,65ddc55,runestone,official,1,0,rating,b,b,0.0,core_destroyed,53,,61,100,9,12,10,0,11,5,ok,,4.316,n-62-21-61,29004097,2026-08-02T12:46:55+0200
131f94b8b235353d,auto-10d581bed771,vg_v6@9713344,vg_v6,9713344,tempest_reinforcements@65ddc55,tempest_reinforcements,65ddc55,sprint,official,1,0,rating,b,b,0.0,core_destroyed,30,,24,30,7,6,10,50,9,11,ok,,2.576,n-62-11-54,29004097,2026-08-02T12:48:34+0200
1324c17e44026c2a,auto-10d581bed771,tempest_reinforcements@51ad530,tempest_reinforcements,51ad530,tempest_reinforcements@65ddc55,tempest_reinforcements,65ddc55,fjord,official,1,0,rating,a,a,1.0,core_destroyed,28,,15,50,11,5,16,50,11,4,ok,,4.007,n-62-13-6,29004097,2026-08-02T12:46:36+0200
134d746e6ae54e35,auto-10d581bed771,tempest_reinforcements@65ddc55,tempest_reinforcements,65ddc55,jonbot@9713344,jonbot,9713344,pinch,official,1,0,rating,a,a,1.0,core_destroyed,28,,20,0,10,4,242,0,5,0,ok,,2.893,n-62-29-5,29004097,2026-08-02T12:46:46+0200
136a3fcd67d64039,auto-10d581bed771,lockin@9713344,lockin,9713344,tempest_reinforcements@65ddc55,tempest_reinforcements,65ddc55,fjord,official,1,0,rating,b,b,0.0,core_destroyed,27,,83,50,8,4,10,50,11,5,ok,,4.864,n-62-30-23,29004097,2026-08-02T12:46:56+0200
1385fdd34f15a664,auto-10d581bed771,jonbot_190003d@da3fd8a,jonbot_190003d,da3fd8a,tempest_reinforcements@65ddc55,tempest_reinforcements,65ddc55,aurora,official,1,0,rating,b,b,0.0,core_destroyed,59,,52,0,10,6,10,90,7,10,ok,,4.401,n-62-29-16,29004097,2026-08-02T12:47:53+0200
13889ba6b7963515,auto-10d581bed771,tempest_reinforcements@65ddc55,tempest_reinforcements,65ddc55,v233_f@9713344,v233_f,9713344,sprint,official,1,0,rating,b,b,0.0,titanium_collected,31,,3,50,10,6,53,100,7,8,ok,,3.713,n-62-21-98,29004097,2026-08-02T12:47:47+0200
138a27a98eaebb07,auto-10d581bed771,tempest_reinforcements@65ddc55,tempest_reinforcements,65ddc55,e9cand@9e77076,e9cand,9e77076,string,official,1,0,rating,a,a,1.0,core_destroyed,49,,57,190,11,10,245,0,2,0,ok,,3.896,n-62-21-103,29004097,2026-08-02T12:47:04+0200
138aec1344260552,auto-10d581bed771,siege_v2@9713344,siege_v2,9713344,tempest_reinforcements@65ddc55,tempest_reinforcements,65ddc55,jackpot,official,1,0,rating,b,b,0.0,core_destroyed,42,,252,0,6,2,10,90,12,7,ok,,3.139,n-62-11-51,29004097,2026-08-02T12:46:41+0200
138d8a043bb8e591,auto-10d581bed771,lockin@9713344,lockin,9713344,tempest_reinforcements@65ddc55,tempest_reinforcements,65ddc55,atoll,official,1,0,rating,b,b,0.0,core_destroyed,40,,236,60,5,4,30,90,12,6,ok,,4.44,n-62-29-34,29004097,2026-08-02T12:47:32+0200
13c873cae9b995aa,auto-10d581bed771,claude_challenger_1@fdc1e1f,claude_challenger_1,fdc1e1f,tempest_reinforcements@65ddc55,tempest_reinforcements,65ddc55,pinch,official,1,0,rating,b,b,0.0,core_destroyed,47,,143,0,7,1,10,0,10,4,ok,,5.602,n-62-11-65,29004097,2026-08-02T12:47:07+0200
13ceff7e0902599f,auto-10d581bed771,vg_v2@9713344,vg_v2,9713344,tempest_reinforcements@65ddc55,tempest_reinforcements,65ddc55,twins,official,1,0,rating,b,b,0.0,core_destroyed,53,,94,0,5,4,10,0,10,5,ok,,3.546,n-62-31-5,29004097,2026-08-02T12:49:12+0200
141ea3ad1a37771e,auto-10d581bed771,vanguard@c407e79,vanguard,c407e79,tempest_reinforcements@65ddc55,tempest_reinforcements,65ddc55,vase,official,1,0,rating,b,b,0.0,core_destroyed,55,,112,50,6,8,10,0,11,6,ok,,3.805,n-62-29-26,29004097,2026-08-02T12:47:55+0200
144c4b69dd36288b,auto-10d581bed771,tempest_reinforcements@65ddc55,tempest_reinforcements,65ddc55,riptide@9713344,riptide,9713344,showdown,official,1,0,rating,a,a,1.0,core_destroyed,38,,10,0,10,8,84,0,8,4,ok,,3.618,n-62-11-55,29004097,2026-08-02T12:47:11+0200
144ca014724eb2fa,auto-10d581bed771,e9cand@9e77076,e9cand,9e77076,tempest_reinforcements@65ddc55,tempest_reinforcements,65ddc55,sprint,official,1,0,rating,a,a,1.0,harvesters,1000,,500,0,9,12,12,0,10,9,ok,,9.362,n-62-21-103,29004097,2026-08-02T12:46:49+0200
144f373f9825b0f3,auto-10d581bed771,undertow_oracle@75591b7,undertow_oracle,75591b7,tempest_reinforcements@65ddc55,tempest_reinforcements,65ddc55,atoll,official,1,0,rating,b,b,0.0,core_destroyed,49,,58,210,12,8,9,110,11,6,ok,,4.627,n-62-31-5,29004097,2026-08-02T12:48:48+0200
146915205fc445f1,auto-10d581bed771,tempest_reinforcements@65ddc55,tempest_reinforcements,65ddc55,tempest_reinforcements@51ad530,tempest_reinforcements,51ad530,string,official,1,0,rating,b,b,0.0,core_destroyed,373,,87,170,3,0,49,1340,17,11,ok,,19.943,n-62-13-8,29004097,2026-08-02T12:47:11+0200
146b0070fa2bb2ff,auto-10d581bed771,tempest_reinforcements@65ddc55,tempest_reinforcements,65ddc55,e_t4l7@9e77076,e_t4l7,9e77076,skerry,official,1,0,rating,a,a,1.0,core_destroyed,67,,10,240,13,9,79,360,3,11,ok,,3.982,n-62-29-17,29004097,2026-08-02T12:47:09+0200
148aa76c040049ca,auto-10d581bed771,undertow@fdc1e1f,undertow,fdc1e1f,tempest_reinforcements@65ddc55,tempest_reinforcements,65ddc55,hive,official,1,0,rating,b,b,0.0,core_destroyed,67,,19,140,12,5,7,110,10,12,ok,,5.599,n-62-21-67,29004097,2026-08-02T12:46:36+0200
149f9ce50420491d,auto-10d581bed771,tempest_reinforcements@87724ec,tempest_reinforcements,87724ec,tempest_reinforcements@65ddc55,tempest_reinforcements,65ddc55,twins,official,1,0,rating,b,b,0.0,core_destroyed,84,,10,0,11,3,20,0,8,4,ok,,7.032,n-62-12-65,29004097,2026-08-02T12:48:28+0200
14ca4ed52aa3f5aa,auto-10d581bed771,tempest_reinforcements@65ddc55,tempest_reinforcements,65ddc55,claude_challenger_3@fdc1e1f,claude_challenger_3,fdc1e1f,vault,official,1,0,rating,a,a,1.0,core_destroyed,42,,12,90,11,6,17,0,11,3,ok,,6.583,n-62-31-10,29004097,2026-08-02T12:47:34+0200
14d206d904f34bb9,auto-10d581bed771,tempest_reinforcements@65ddc55,tempest_reinforcements,65ddc55,vg_v4@9713344,vg_v4,9713344,showdown,official,1,0,rating,a,a,1.0,core_destroyed,38,,10,0,10,8,84,0,8,4,ok,,3.696,n-62-31-16,29004097,2026-08-02T12:48:06+0200
14d8da0de3671835,auto-10d581bed771,nemesis@9713344,nemesis,9713344,tempest_reinforcements@65ddc55,tempest_reinforcements,65ddc55,atoll,official,1,0,rating,b,b,0.0,core_destroyed,46,,86,100,8,13,10,100,12,6,ok,,4.428,n-62-31-13,29004097,2026-08-02T12:46:34+0200
14e1d9c25a531703,auto-10d581bed771,tempest_reinforcements@65ddc55,tempest_reinforcements,65ddc55,vg_v2@9713344,vg_v2,9713344,strait,official,1,0,rating,a,a,1.0,core_destroyed,72,,20,160,13,11,100,310,7,16,ok,,4.461,n-62-31-5,29004097,2026-08-02T12:48:14+0200
14fe995b9f594080,auto-10d581bed771,undertow@fdc1e1f,undertow,fdc1e1f,tempest_reinforcements@65ddc55,tempest_reinforcements,65ddc55,bridge,official,1,0,rating,b,b,0.0,core_destroyed,260,,72,0,7,7,88,1490,24,23,ok,,9.213,n-62-21-66,29004097,2026-08-02T12:47:55+0200
15207c7d9c6a3c77,auto-10d581bed771,tempest_reinforcements@65ddc55,tempest_reinforcements,65ddc55,e_post2@4a95297,e_post2,4a95297,runestone,official,1,0,rating,a,a,1.0,core_destroyed,122,,10,0,11,5,5,0,10,3,ok,,4.047,n-62-29-24,29004097,2026-08-02T12:46:37+0200
1522b19a0a539ec6,auto-10d581bed771,e_post2@4a95297,e_post2,4a95297,tempest_reinforcements@65ddc55,tempest_reinforcements,65ddc55,sweden,official,1,0,rating,b,b,0.0,core_destroyed,98,,1005,570,2,16,10,0,12,6,ok,,2.953,n-62-29-24,29004097,2026-08-02T12:47:43+0200
152f34c09ceaeb52,auto-10d581bed771,tempest_outer@fdc1e1f,tempest_outer,fdc1e1f,tempest_reinforcements@65ddc55,tempest_reinforcements,65ddc55,vase,official,1,0,rating,b,b,0.0,core_destroyed,34,,212,0,4,4,8,0,10,6,ok,,3.135,n-62-21-2,29004097,2026-08-02T12:46:42+0200
15510ab1ba3daa38,auto-10d581bed771,undertow@fdc1e1f,undertow,fdc1e1f,tempest_reinforcements@65ddc55,tempest_reinforcements,65ddc55,atoll,official,1,0,rating,b,b,0.0,core_destroyed,67,,75,300,4,6,10,150,12,6,ok,,4.871,n-62-21-66,29004097,2026-08-02T12:47:26+0200
1562d838cbb96925,auto-10d581bed771,mistral@ba943b9,mistral,ba943b9,tempest_reinforcements@65ddc55,tempest_reinforcements,65ddc55,atoll,official,1,0,rating,a,a,1.0,core_destroyed,29,,38,0,12,1,9,50,11,4,ok,,5.666,n-62-31-14,29004097,2026-08-02T12:46:19+0200
1570b0aa85f6b718,auto-10d581bed771,tempest_blindfire@fdc1e1f,tempest_blindfire,fdc1e1f,tempest_reinforcements@65ddc55,tempest_reinforcements,65ddc55,aurora,official,1,0,rating,b,b,0.0,core_destroyed,46,,100,0,11,3,10,90,9,11,ok,,4.424,n-62-21-91,29004097,2026-08-02T12:46:16+0200
15a1106e2c0bf740,auto-10d581bed771,tempest_reinforcements@65ddc55,tempest_reinforcements,65ddc55,undertow_1ac7ac4@da3fd8a,undertow_1ac7ac4,da3fd8a,crossfire,official,1,0,rating,a,a,1.0,core_destroyed,43,,7,90,10,6,56,170,9,7,ok,,4.855,n-62-21-69,29004097,2026-08-02T12:46:13+0200
15cb75be629426c5,auto-10d581bed771,tempest_reinforcements@65ddc55,tempest_reinforcements,65ddc55,titanium_v1@9713344,titanium_v1,9713344,aurora,official,1,0,rating,a,a,1.0,core_destroyed,40,,30,80,11,8,297,0,4,4,ok,,3.177,n-62-21-57,29004097,2026-08-02T12:46:35+0200
15cf21828ccbb14d,auto-10d581bed771,v233_g@9713344,v233_g,9713344,tempest_reinforcements@65ddc55,tempest_reinforcements,65ddc55,longship,official,1,0,rating,b,b,0.0,core_destroyed,53,,124,360,14,16,10,100,11,14,ok,,4.424,n-62-21-99,29004097,2026-08-02T12:48:33+0200
15dcb48a10d0af3b,auto-10d581bed771,tempest_reinforcements@65ddc55,tempest_reinforcements,65ddc55,tempest_frontier@fdc1e1f,tempest_frontier,fdc1e1f,twins,official,1,0,rating,a,a,1.0,core_destroyed,31,,20,60,10,5,77,50,10,6,ok,,4.64,n-62-21-4,29004097,2026-08-02T12:46:13+0200
15dcdc943a66b8fe,auto-10d581bed771,vanguard_oracle@902be71,vanguard_oracle,902be71,tempest_reinforcements@65ddc55,tempest_reinforcements,65ddc55,fjord,official,1,0,rating,b,b,0.0,core_destroyed,28,,18,60,13,4,26,60,11,5,ok,,4.926,n-62-29-32,29004097,2026-08-02T12:47:50+0200
15e77a2efa8d2ed4,auto-10d581bed771,tempest_reinforcements@65ddc55,tempest_reinforcements,65ddc55,tempest_reinforcements@87724ec,tempest_reinforcements,87724ec,twins,official,1,0,rating,a,a,1.0,core_destroyed,39,,10,40,6,4,23,0,10,4,ok,,4.083,n-62-12-65,29004097,2026-08-02T12:48:21+0200
15fbd91e8d3d021d,auto-10d581bed771,vanguard@da3fd8a,vanguard,da3fd8a,tempest_reinforcements@65ddc55,tempest_reinforcements,65ddc55,longship,official,1,0,rating,b,b,0.0,core_destroyed,55,,70,300,12,16,10,110,11,14,ok,,4.008,n-62-29-29,29004097,2026-08-02T12:47:56+0200
1614f7b7f9f5155a,auto-10d581bed771,tempest_reinforcements@65ddc55,tempest_reinforcements,65ddc55,tempest@da3fd8a,tempest,da3fd8a,twins,official,1,0,rating,b,b,0.0,core_destroyed,31,,9,40,9,3,33,60,12,7,ok,,5.113,n-62-21-90,29004097,2026-08-02T12:47:14+0200
162f018668b83187,auto-10d581bed771,v233_a@9713344,v233_a,9713344,tempest_reinforcements@65ddc55,tempest_reinforcements,65ddc55,bridge,official,1,0,rating,b,b,0.0,titanium_collected,1000,,4848,2470,4,12,217,4820,47,21,ok,,25.467,n-62-11-63,29004097,2026-08-02T12:48:55+0200
1671af615c9d8919,auto-10d581bed771,tempest_reinforcements@65ddc55,tempest_reinforcements,65ddc55,siege_v2@9713344,siege_v2,9713344,quarry,official,1,0,rating,a,a,1.0,core_destroyed,35,,10,0,11,6,131,0,6,4,ok,,3.129,n-62-11-51,29004097,2026-08-02T12:46:57+0200
16bb84ea493d372c,auto-10d581bed771,tempest_reinforcements@65ddc55,tempest_reinforcements,65ddc55,vanguard@c407e79,vanguard,c407e79,quarry,official,1,0,rating,a,a,1.0,core_destroyed,47,,7,70,11,8,88,260,11,17,ok,,4.235,n-62-29-22,29004097,2026-08-02T12:47:58+0200
16d97fbf006145e4,auto-10d581bed771,tempest_reinforcements@65ddc55,tempest_reinforcements,65ddc55,e_post2@4a95297,e_post2,4a95297,duel,official,1,0,rating,a,a,1.0,core_destroyed,45,,10,100,10,5,70,90,8,14,ok,,3.45,n-62-29-20,29004097,2026-08-02T12:47:34+0200
16f2c208694786d1,auto-10d581bed771,vg_v7@9713344,vg_v7,9713344,tempest_reinforcements@65ddc55,tempest_reinforcements,65ddc55,skerry,official,1,0,rating,b,b,0.0,core_destroyed,62,,81,0,6,3,30,150,13,5,ok,,4.854,n-62-31-22,29004097,2026-08-02T12:48:56+0200
1706d5c43ed44372,auto-10d581bed771,tempest_fast@eb1f0f3,tempest_fast,eb1f0f3,tempest_reinforcements@65ddc55,tempest_reinforcements,65ddc55,string,official,1,0,rating,b,b,0.0,core_destroyed,89,,307,0,5,1,70,420,12,16,ok,,3.62,n-62-12-3,29004097,2026-08-02T12:47:02+0200
170c5707a0ae2aff,auto-10d581bed771,tempest_reinforcements@65ddc55,tempest_reinforcements,65ddc55,tempest_oracle_ferry@fdc1e1f,tempest_oracle_ferry,fdc1e1f,vault,official,1,0,rating,b,b,0.0,core_destroyed,39,,8,80,11,4,43,150,13,12,ok,,5.005,n-62-21-12,29004097,2026-08-02T12:46:43+0200
170f407cb6380c23,auto-10d581bed771,tempest_reinforcements@65ddc55,tempest_reinforcements,65ddc55,v233_g@9713344,v233_g,9713344,twins,official,1,0,rating,a,a,1.0,core_destroyed,69,,10,150,11,9,110,430,4,14,ok,,4.026,n-62-29-18,29004097,2026-08-02T12:48:24+0200
174d29b7003250b9,auto-10d581bed771,tempest_reinforcements@65ddc55,tempest_reinforcements,65ddc55,v233_e@9713344,v233_e,9713344,runestone,official,1,0,rating,a,a,1.0,core_destroyed,49,,10,0,11,5,123,180,12,14,ok,,4.144,n-62-21-103,29004097,2026-08-02T12:49:01+0200
176249a4116ab773,auto-10d581bed771,tempest_reinforcements@65ddc55,tempest_reinforcements,65ddc55,undertow@da3fd8a,undertow,da3fd8a,atoll,official,1,0,rating,a,a,1.0,core_destroyed,44,,26,100,11,6,50,180,12,15,ok,,4.844,n-62-21-64,29004097,2026-08-02T12:47:09+0200
178ed1c70ab0ec62,auto-10d581bed771,tempest_reinforcements@65ddc55,tempest_reinforcements,65ddc55,v233_g@9713344,v233_g,9713344,atoll,official,1,0,rating,a,a,1.0,core_destroyed,39,,10,80,11,6,114,160,6,9,ok,,3.526,n-62-21-98,29004097,2026-08-02T12:49:35+0200
17c91ac1829b6c0f,auto-10d581bed771,tempest_reinforcements@65ddc55,tempest_reinforcements,65ddc55,e_post2@4a95297,e_post2,4a95297,bridge,official,1,0,rating,a,a,1.0,titanium_collected,1000,,4243,9270,49,24,2294,0,7,14,ok,,32.089,n-62-29-20,29004097,2026-08-02T12:47:18+0200
17d53ef87419f33f,auto-10d581bed771,tempest_reinforcements@65ddc55,tempest_reinforcements,65ddc55,e_harc@6db8844,e_harc,6db8844,bridge,official,1,0,rating,a,a,1.0,core_destroyed,215,,28,1290,26,24,245,0,3,5,ok,,7.542,n-62-28-29,29004097,2026-08-02T12:46:42+0200
17de0ca723dfc66f,auto-10d581bed771,e_final@9e77076,e_final,9e77076,tempest_reinforcements@65ddc55,tempest_reinforcements,65ddc55,twins,official,1,0,rating,a,a,1.0,titanium_collected,1000,,2735,2470,9,10,12,0,10,5,ok,,9.859,n-62-21-99,29004097,2026-08-02T12:47:30+0200
17de37555cf5fe35,auto-10d581bed771,vanguard@da3fd8a,vanguard,da3fd8a,tempest_reinforcements@65ddc55,tempest_reinforcements,65ddc55,atoll,official,1,0,rating,b,b,0.0,core_destroyed,36,,79,140,9,9,30,80,11,6,ok,,3.528,n-62-29-26,29004097,2026-08-02T12:48:13+0200
17e69216b9d23e3e,auto-10d581bed771,tempest_reinforcements@51ad530,tempest_reinforcements,51ad530,tempest_reinforcements@65ddc55,tempest_reinforcements,65ddc55,twins,official,1,0,rating,a,a,1.0,core_destroyed,33,,9,60,12,6,4,0,11,4,ok,,6.54,n-62-13-8,29004097,2026-08-02T12:47:48+0200
17f24e26af6f70dc,auto-10d581bed771,frontier_v2@9713344,frontier_v2,9713344,tempest_reinforcements@65ddc55,tempest_reinforcements,65ddc55,duel,official,1,0,rating,b,b,0.0,core_destroyed,30,,1,0,8,4,10,60,10,5,ok,,3.205,n-62-29-22,29004097,2026-08-02T12:47:29+0200
17f4264fd906174c,auto-10d581bed771,vanguard@c407e79,vanguard,c407e79,tempest_reinforcements@65ddc55,tempest_reinforcements,65ddc55,sprint,official,1,0,rating,b,b,0.0,core_destroyed,109,,34,0,9,3,10,30,10,6,ok,,3.542,n-62-29-22,29004097,2026-08-02T12:48:34+0200
181f8a65f3ef7ef4,auto-10d581bed771,turtle@9713344,turtle,9713344,tempest_reinforcements@65ddc55,tempest_reinforcements,65ddc55,vase,official,1,0,rating,b,b,0.0,core_destroyed,55,,123,0,3,2,10,0,11,6,ok,,4.309,n-62-21-62,29004097,2026-08-02T12:47:02+0200
183a29ff2c149a90,auto-10d581bed771,tempest_blindfire@fdc1e1f,tempest_blindfire,fdc1e1f,tempest_reinforcements@65ddc55,tempest_reinforcements,65ddc55,twins,official,1,0,rating,a,a,1.0,core_destroyed,42,,58,0,10,4,10,0,7,4,ok,,4.097,n-62-21-89,29004097,2026-08-02T12:47:16+0200
183b6eb0d752a2fb,auto-10d581bed771,tempest_reinforcements@65ddc55,tempest_reinforcements,65ddc55,vanguard_oracle@75591b7,vanguard_oracle,75591b7,vault,official,1,0,rating,a,a,1.0,core_destroyed,46,,10,100,11,6,110,180,8,6,ok,,4.325,n-62-29-16,29004097,2026-08-02T12:48:24+0200
185673421dc14a5a,auto-10d581bed771,tempest_reinforcements@65ddc55,tempest_reinforcements,65ddc55,jonbot@da3fd8a,jonbot,da3fd8a,sprint,official,1,0,rating,a,a,1.0,core_destroyed,37,,18,70,9,6,80,130,8,13,ok,,3.704,n-62-29-16,29004097,2026-08-02T12:46:22+0200
1870cbbca65d9a0e,auto-10d581bed771,uw_v1@9713344,uw_v1,9713344,tempest_reinforcements@65ddc55,tempest_reinforcements,65ddc55,fjord,official,1,0,rating,b,b,0.0,core_destroyed,31,,72,70,6,7,10,60,11,5,ok,,3.717,n-62-31-23,29004097,2026-08-02T12:48:34+0200
18762e7d834f0d54,auto-10d581bed771,tempest_reinforcements@65ddc55,tempest_reinforcements,65ddc55,claude_challenger_3@fdc1e1f,claude_challenger_3,fdc1e1f,strait,official,1,0,rating,a,a,1.0,core_destroyed,41,,10,0,11,4,13,0,10,4,ok,,6.575,n-62-31-10,29004097,2026-08-02T12:46:43+0200
187d50581dddf272,auto-10d581bed771,tempest_reinforcements@65ddc55,tempest_reinforcements,65ddc55,vanguard_oracle@fdc1e1f,vanguard_oracle,fdc1e1f,aurora,official,1,0,rating,a,a,1.0,core_destroyed,50,,10,100,12,8,115,180,7,8,ok,,4.311,n-62-28-29,29004097,2026-08-02T12:48:47+0200
18930be9b281cc8a,auto-10d581bed771,titanium_v1@9713344,titanium_v1,9713344,tempest_reinforcements@65ddc55,tempest_reinforcements,65ddc55,skerry,official,1,0,rating,b,b,0.0,core_destroyed,34,,282,0,4,4,20,80,11,5,ok,,3.204,n-62-21-59,29004097,2026-08-02T12:46:48+0200
189452233699c9b5,auto-10d581bed771,vanguard_oracle@75591b7,vanguard_oracle,75591b7,tempest_reinforcements@65ddc55,tempest_reinforcements,65ddc55,bridge,official,1,0,rating,b,b,0.0,core_destroyed,303,,81,0,5,2,10,0,14,8,ok,,5.571,n-62-29-5,29004097,2026-08-02T12:48:39+0200
18a0f158a1e5fbc6,auto-10d581bed771,jonbot@9713344,jonbot,9713344,tempest_reinforcements@65ddc55,tempest_reinforcements,65ddc55,jackpot,official,1,0,rating,b,b,0.0,core_destroyed,40,,269,0,5,0,20,80,11,7,ok,,2.945,n-62-29-5,29004097,2026-08-02T12:46:35+0200
18a10ac8455e2189,auto-10d581bed771,tempest_reinforcements@65ddc55,tempest_reinforcements,65ddc55,vanguard@c407e79,vanguard,c407e79,twins,official,1,0,rating,a,a,1.0,core_destroyed,52,,20,110,11,9,135,210,8,14,ok,,4.115,n-62-29-26,29004097,2026-08-02T12:47:43+0200
18a369d70227b589,auto-10d581bed771,tempest_reinforcements@65ddc55,tempest_reinforcements,65ddc55,mistral@ba943b9,mistral,ba943b9,skerry,official,1,0,rating,a,a,1.0,core_destroyed,34,,10,70,11,5,304,0,4,0,ok,,5.794,n-62-31-17,29004097,2026-08-02T12:46:51+0200
18a39fcd35b16caa,auto-10d581bed771,claude_challenger_2@fdc1e1f,claude_challenger_2,fdc1e1f,tempest_reinforcements@65ddc55,tempest_reinforcements,65ddc55,duel,official,1,0,rating,b,b,0.0,core_destroyed,30,,248,60,7,3,10,60,10,5,ok,,4.554,n-62-11-68,29004097,2026-08-02T12:46:18+0200
18ac6cb56dd8164b,auto-10d581bed771,vg_v7@9713344,vg_v7,9713344,tempest_reinforcements@65ddc55,tempest_reinforcements,65ddc55,hive,official,1,0,rating,b,b,0.0,core_destroyed,61,,115,130,8,13,10,130,11,13,ok,,4.075,n-62-11-58,29004097,2026-08-02T12:49:56+0200
18b8e7fe080b4e9a,auto-10d581bed771,tempest_sentinel@fdc1e1f,tempest_sentinel,fdc1e1f,tempest_reinforcements@65ddc55,tempest_reinforcements,65ddc55,bridge,official,1,0,rating,b,b,0.0,core_destroyed,42,,290,0,4,7,10,0,10,8,ok,,2.919,n-62-21-54,29004097,2026-08-02T12:46:48+0200
18e16d5ba7ca74d1,auto-10d581bed771,tempest_reinforcements@65ddc55,tempest_reinforcements,65ddc55,tempest_frontier@fdc1e1f,tempest_frontier,fdc1e1f,crossfire,official,1,0,rating,b,b,0.0,core_destroyed,36,,16,70,8,5,45,70,9,5,ok,,4.619,n-62-12-7,29004097,2026-08-02T12:47:01+0200
18f68af485f0b416,auto-10d581bed771,tempest_outer@fdc1e1f,tempest_outer,fdc1e1f,tempest_reinforcements@65ddc55,tempest_reinforcements,65ddc55,string,official,1,0,rating,b,b,0.0,core_destroyed,89,,307,0,5,1,70,420,12,16,ok,,4.372,n-62-21-2,29004097,2026-08-02T12:46:17+0200
1906c987fd6ac15c,auto-10d581bed771,tempest_reinforcements@65ddc55,tempest_reinforcements,65ddc55,riptide@9713344,riptide,9713344,fjord,official,1,0,rating,a,a,1.0,core_destroyed,40,,20,80,11,5,115,0,5,3,ok,,4.11,n-62-11-55,29004097,2026-08-02T12:46:12+0200
191104dd211749f5,auto-10d581bed771,vanguard@818f3b4,vanguard,818f3b4,tempest_reinforcements@65ddc55,tempest_reinforcements,65ddc55,strait,official,1,0,rating,b,b,0.0,core_destroyed,74,,66,320,12,8,10,0,12,5,ok,,4.399,n-62-29-19,29004097,2026-08-02T12:48:26+0200
1915a80d7281f98f,auto-10d581bed771,tempest_reinforcements@65ddc55,tempest_reinforcements,65ddc55,undertow_oracle@fdc1e1f,undertow_oracle,fdc1e1f,twins,official,1,0,rating,a,a,1.0,core_destroyed,48,,20,100,11,9,105,260,6,33,ok,,4.057,n-62-31-4,29004097,2026-08-02T12:49:12+0200
19265101ecf5821d,auto-10d581bed771,tempest_reinforcements@65ddc55,tempest_reinforcements,65ddc55,undertow@da3fd8a,undertow,da3fd8a,fjord,official,1,0,rating,a,a,1.0,core_destroyed,43,,10,90,11,5,90,270,5,7,ok,,4.174,n-62-21-65,29004097,2026-08-02T12:46:12+0200
192d7c89df6f5480,auto-10d581bed771,tempest_reinforcements@65ddc55,tempest_reinforcements,65ddc55,vanguard@9932bec,vanguard,9932bec,string,official,1,0,rating,a,a,1.0,core_destroyed,123,,81,720,18,11,86,230,6,8,ok,,5.471,n-62-29-15,29004097,2026-08-02T12:48:38+0200
1944aec0d53cd413,auto-10d581bed771,tempest_reinforcements@65ddc55,tempest_reinforcements,65ddc55,e_condc@6db8844,e_condc,6db8844,showdown,official,1,0,rating,a,a,1.0,core_destroyed,325,,10,0,10,8,9,0,5,8,ok,,4.683,n-62-21-97,29004097,2026-08-02T12:46:30+0200
194959bbd2e796a9,auto-10d581bed771,tempest_reinforcements@65ddc55,tempest_reinforcements,65ddc55,tempest_frontier@fdc1e1f,tempest_frontier,fdc1e1f,fjord,official,1,0,rating,a,a,1.0,core_destroyed,27,,10,50,11,5,233,50,5,4,ok,,3.586,n-62-12-7,29004097,2026-08-02T12:47:19+0200
194cb72c8bf456a6,auto-10d581bed771,tempest_reinforcements@65ddc55,tempest_reinforcements,65ddc55,v233_i@902be71,v233_i,902be71,duel,official,1,0,rating,a,a,1.0,core_destroyed,41,,9,90,9,5,59,180,11,5,ok,,3.809,n-62-29-20,29004097,2026-08-02T12:48:06+0200
196a49e12d179b63,auto-10d581bed771,tempest_reinforcements@025dd51,tempest_reinforcements,025dd51,tempest_reinforcements@65ddc55,tempest_reinforcements,65ddc55,showdown,official,1,0,rating,b,b,0.0,core_destroyed,40,,40,0,8,5,16,0,6,8,ok,,4.777,n-62-21-24,29004097,2026-08-02T12:47:49+0200
1974735dfa20db40,auto-10d581bed771,tempest_reinforcements@65ddc55,tempest_reinforcements,65ddc55,vg_v5@9713344,vg_v5,9713344,quarry,official,1,0,rating,a,a,1.0,core_destroyed,50,,11,80,11,8,14,20,8,15,ok,,4.049,n-62-31-15,29004097,2026-08-02T12:47:58+0200
19794f6285944420,auto-10d581bed771,tempest_reinforcements@65ddc55,tempest_reinforcements,65ddc55,v233_d@9713344,v233_d,9713344,aurora,official,1,0,rating,a,a,1.0,core_destroyed,72,,30,160,12,8,122,150,5,9,ok,,3.874,n-62-31-9,29004097,2026-08-02T12:48:44+0200
19a016f95668e975,auto-10d581bed771,tempest_reinforcements@65ddc55,tempest_reinforcements,65ddc55,v233_b@9713344,v233_b,9713344,aurora,official,1,0,rating,a,a,1.0,core_destroyed,44,,30,90,11,8,107,80,8,8,ok,,3.803,n-62-11-65,29004097,2026-08-02T12:48:01+0200
19a39bde328e36e0,auto-10d581bed771,vg_v4@9713344,vg_v4,9713344,tempest_reinforcements@65ddc55,tempest_reinforcements,65ddc55,strait,official,1,0,rating,b,b,0.0,core_destroyed,74,,58,160,5,11,10,0,11,5,ok,,4.126,n-62-31-16,29004097,2026-08-02T12:48:34+0200
19b12f966dbc3eff,auto-10d581bed771,undertow_1ac7ac4@da3fd8a,undertow_1ac7ac4,da3fd8a,tempest_reinforcements@65ddc55,tempest_reinforcements,65ddc55,jackpot,official,1,0,rating,b,b,0.0,core_destroyed,78,,115,180,4,6,9,310,15,18,ok,,5.361,n-62-21-69,29004097,2026-08-02T12:46:55+0200
19b826cd4b1265d0,auto-10d581bed771,tempest_reinforcements@65ddc55,tempest_reinforcements,65ddc55,claude_challenger_1@fdc1e1f,claude_challenger_1,fdc1e1f,crossfire,official,1,0,rating,a,a,1.0,core_destroyed,32,,30,70,10,6,190,0,7,4,ok,,3.655,n-62-11-64,29004097,2026-08-02T12:48:15+0200
19bf4910159a0d5c,auto-10d581bed771,tempest_reinforcements@65ddc55,tempest_reinforcements,65ddc55,v233_f@9713344,v233_f,9713344,twins,official,1,0,rating,a,a,1.0,core_destroyed,69,,10,150,11,9,110,430,4,14,ok,,4.444,n-62-21-98,29004097,2026-08-02T12:49:11+0200
19c065ec00818790,auto-10d581bed771,v233_e@9713344,v233_e,9713344,tempest_reinforcements@65ddc55,tempest_reinforcements,65ddc55,showdown,official,1,0,rating,a,a,1.0,titanium_collected,1000,,3456,2790,10,37,10,0,9,8,ok,,11.43,n-62-21-103,29004097,2026-08-02T12:49:21+0200
19c6e2f629e41eb3,auto-10d581bed771,nemesis@9713344,nemesis,9713344,tempest_reinforcements@65ddc55,tempest_reinforcements,65ddc55,showdown,official,1,0,rating,b,b,0.0,core_destroyed,23,,90,0,5,3,10,0,10,8,ok,,3.713,n-62-31-16,29004097,2026-08-02T12:46:53+0200
19fb8206c28b92ee,auto-10d581bed771,baiter@9713344,baiter,9713344,tempest_reinforcements@65ddc55,tempest_reinforcements,65ddc55,pinch,official,1,0,rating,b,b,0.0,core_destroyed,27,,75,0,4,3,20,50,10,8,ok,,4.515,n-62-31-23,29004097,2026-08-02T12:46:30+0200
1a1f4003a7860958,auto-10d581bed771,tempest_reinforcements@65ddc55,tempest_reinforcements,65ddc55,casemate@902be71,casemate,902be71,vase,official,1,0,rating,a,a,1.0,core_destroyed,46,,10,0,10,6,253,0,5,13,ok,,3.623,n-62-11-62,29004097,2026-08-02T12:46:55+0200
1a27a3b40c1afd8d,auto-10d581bed771,frontier_v1@9713344,frontier_v1,9713344,tempest_reinforcements@65ddc55,tempest_reinforcements,65ddc55,crossfire,official,1,0,rating,b,b,0.0,core_destroyed,36,,19,0,8,2,30,80,11,6,ok,,3.76,n-62-29-19,29004097,2026-08-02T12:47:55+0200
1a2d749bb6a8c906,auto-10d581bed771,tempest_reinforcements@65ddc55,tempest_reinforcements,65ddc55,casemate@902be71,casemate,902be71,twins,official,1,0,rating,a,a,1.0,core_destroyed,37,,10,70,10,9,21,0,5,23,ok,,3.998,n-62-11-62,29004097,2026-08-02T12:46:47+0200
1a3ec1b0b3ba157d,auto-10d581bed771,undertow@9713344,undertow,9713344,tempest_reinforcements@65ddc55,tempest_reinforcements,65ddc55,skerry,official,1,0,rating,b,b,0.0,core_destroyed,52,,54,230,10,15,20,120,13,5,ok,,4.757,n-62-21-63,29004097,2026-08-02T12:47:27+0200
1a649a7ce0f6ca49,auto-10d581bed771,tempest_reinforcements@65ddc55,tempest_reinforcements,65ddc55,vg_v7@9713344,vg_v7,9713344,twins,official,1,0,rating,a,a,1.0,core_destroyed,48,,20,100,10,9,93,100,3,10,ok,,3.877,n-62-31-24,29004097,2026-08-02T12:48:32+0200
1a698177815fa42e,auto-10d581bed771,mistral@ba943b9,mistral,ba943b9,tempest_reinforcements@65ddc55,tempest_reinforcements,65ddc55,showdown,official,1,0,rating,a,a,1.0,core_destroyed,22,,36,0,11,1,11,0,8,6,ok,,5.031,n-62-31-17,29004097,2026-08-02T12:46:45+0200
1a6d9ad7aec98770,auto-10d581bed771,tempest_reinforcements@65ddc55,tempest_reinforcements,65ddc55,vanguard_oracle@902be71,vanguard_oracle,902be71,jackpot,official,1,0,rating,a,a,1.0,core_destroyed,279,,30,1910,28,40,646,1180,3,3,ok,,10.579,n-62-29-32,29004097,2026-08-02T12:48:10+0200
1a71196c36009fc9,auto-10d581bed771,tempest_reinforcements@65ddc55,tempest_reinforcements,65ddc55,undertow_oracle@fdc1e1f,undertow_oracle,fdc1e1f,jackpot,official,1,0,rating,a,a,1.0,core_destroyed,68,,15,150,13,7,88,230,6,20,ok,,3.601,n-62-31-21,29004097,2026-08-02T12:48:36+0200
1a9b0881275b179c,auto-10d581bed771,tempest_reinforcements@65ddc55,tempest_reinforcements,65ddc55,tempest_fast@eb1f0f3,tempest_fast,eb1f0f3,sprint,official,1,0,rating,b,b,0.0,core_destroyed,25,,10,40,7,5,69,40,9,6,ok,,3.381,n-62-12-3,29004097,2026-08-02T12:46:43+0200
1ab70a3a8f0db626,auto-10d581bed771,jonbot@9713344,jonbot,9713344,tempest_reinforcements@65ddc55,tempest_reinforcements,65ddc55,longship,official,1,0,rating,b,b,0.0,core_destroyed,51,,224,0,6,0,10,100,10,14,ok,,3.695,n-62-29-5,29004097,2026-08-02T12:46:43+0200
1ac44c96edf991fd,auto-10d581bed771,tempest_reinforcements@65ddc55,tempest_reinforcements,65ddc55,v233_d@9713344,v233_d,9713344,runestone,official,1,0,rating,a,a,1.0,core_destroyed,50,,10,0,11,5,120,0,9,9,ok,,4.201,n-62-31-10,29004097,2026-08-02T12:48:31+0200
1aec0f6acd3568db,auto-10d581bed771,tempest_reinforcements@65ddc55,tempest_reinforcements,65ddc55,opponent_luc@e83a42c,opponent_luc,e83a42c,string,official,1,0,rating,a,a,1.0,core_destroyed,28,,30,70,9,10,570,0,0,0,ok,,2.093,n-62-31-15,29004097,2026-08-02T12:47:59+0200
1af56ef723e5c1f2,auto-10d581bed771,e_post2@4a95297,e_post2,4a95297,tempest_reinforcements@65ddc55,tempest_reinforcements,65ddc55,longship,official,1,0,rating,b,b,0.0,core_destroyed,69,,43,0,10,3,10,150,12,14,ok,,4.154,n-62-29-24,29004097,2026-08-02T12:46:16+0200
1afd2eef07c3f9f4,auto-10d581bed771,tempest_reinforcements@65ddc55,tempest_reinforcements,65ddc55,claude_challenger_1@fdc1e1f,claude_challenger_1,fdc1e1f,showdown,official,1,0,rating,a,a,1.0,core_destroyed,19,,10,0,10,8,540,0,0,0,ok,,2.164,n-62-11-65,29004097,2026-08-02T12:47:36+0200
1afdd13b253313c5,auto-10d581bed771,reaver@9713344,reaver,9713344,tempest_reinforcements@65ddc55,tempest_reinforcements,65ddc55,longship,official,1,0,rating,b,b,0.0,core_destroyed,64,,83,140,8,11,37,140,11,14,ok,,4.391,n-62-11-53,29004097,2026-08-02T12:46:39+0200
1b22997014076eb8,auto-10d581bed771,tempest_sentinel@fdc1e1f,tempest_sentinel,fdc1e1f,tempest_reinforcements@65ddc55,tempest_reinforcements,65ddc55,jackpot,official,1,0,rating,b,b,0.0,core_destroyed,43,,91,0,7,2,8,90,12,7,ok,,3.793,n-62-21-54,29004097,2026-08-02T12:47:27+0200
1b2363fb8ddce00c,auto-10d581bed771,undertow@fdc1e1f,undertow,fdc1e1f,tempest_reinforcements@65ddc55,tempest_reinforcements,65ddc55,pinch,official,1,0,rating,b,b,0.0,core_destroyed,30,,5,0,10,3,9,50,10,8,ok,,3.94,n-62-21-67,29004097,2026-08-02T12:47:04+0200
1b2c9db58a871927,auto-10d581bed771,vanguard@818f3b4,vanguard,818f3b4,tempest_reinforcements@65ddc55,tempest_reinforcements,65ddc55,quarry,official,1,0,rating,b,b,0.0,core_destroyed,70,,143,390,12,15,10,0,11,6,ok,,4.77,n-62-29-19,29004097,2026-08-02T12:47:46+0200
1b34f41e6302cd43,auto-10d581bed771,vg_v6@9713344,vg_v6,9713344,tempest_reinforcements@65ddc55,tempest_reinforcements,65ddc55,twins,official,1,0,rating,b,b,0.0,core_destroyed,54,,35,0,4,4,10,0,10,5,ok,,3.79,n-62-11-58,29004097,2026-08-02T12:47:54+0200
1b538d8f3ca73781,auto-10d581bed771,tempest_fast@eb1f0f3,tempest_fast,eb1f0f3,tempest_reinforcements@65ddc55,tempest_reinforcements,65ddc55,fjord,official,1,0,rating,b,b,0.0,core_destroyed,28,,192,0,7,2,30,60,9,5,ok,,3.584,n-62-12-6,29004097,2026-08-02T12:46:58+0200
1b6fef90e93cbefd,auto-10d581bed771,tempest@da3fd8a,tempest,da3fd8a,tempest_reinforcements@65ddc55,tempest_reinforcements,65ddc55,longship,official,1,0,rating,b,b,0.0,core_destroyed,49,,195,100,7,9,9,100,10,13,ok,,6.029,n-62-11-56,29004097,2026-08-02T12:47:24+0200
1ba1450e47a6abdd,auto-10d581bed771,v233_a@9713344,v233_a,9713344,tempest_reinforcements@65ddc55,tempest_reinforcements,65ddc55,vault,official,1,0,rating,b,b,0.0,core_destroyed,69,,93,0,6,4,36,300,12,21,ok,,4.344,n-62-11-65,29004097,2026-08-02T12:47:50+0200
1bde9738ee7a16cc,auto-10d581bed771,tempest_reinforcements@65ddc55,tempest_reinforcements,65ddc55,jonbot@9713344,jonbot,9713344,duel,official,1,0,rating,a,a,1.0,core_destroyed,35,,10,80,11,5,250,0,5,0,ok,,3.582,n-62-29-5,29004097,2026-08-02T12:46:11+0200
1bea9a5068dc6394,auto-10d581bed771,tempest_reinforcements@65ddc55,tempest_reinforcements,65ddc55,vanguard_oracle@fdc1e1f,vanguard_oracle,fdc1e1f,bridge,official,1,0,rating,a,a,1.0,core_destroyed,114,,10,0,13,8,101,30,4,5,ok,,4.106,n-62-28-29,29004097,2026-08-02T12:48:55+0200
1bf29edf0e3901a4,auto-10d581bed771,claude_challenger_3@fdc1e1f,claude_challenger_3,fdc1e1f,tempest_reinforcements@65ddc55,tempest_reinforcements,65ddc55,quarry,official,1,0,rating,b,b,0.0,core_destroyed,54,,31,0,12,4,10,0,11,6,ok,,6.077,n-62-31-9,29004097,2026-08-02T12:47:29+0200
1c07274f0cc3ee78,auto-10d581bed771,undertow@9713344,undertow,9713344,tempest_reinforcements@65ddc55,tempest_reinforcements,65ddc55,sweden,official,1,0,rating,b,b,0.0,core_destroyed,48,,62,110,6,25,20,0,10,6,ok,,3.654,n-62-21-64,29004097,2026-08-02T12:46:34+0200
1c14025a384fd72b,auto-10d581bed771,tempest_reinforcements@65ddc55,tempest_reinforcements,65ddc55,undertow_oracle@fdc1e1f,undertow_oracle,fdc1e1f,atoll,official,1,0,rating,a,a,1.0,core_destroyed,46,,10,100,11,6,101,190,8,21,ok,,4.15,n-62-31-24,29004097,2026-08-02T12:49:03+0200
1c227e5a97b311c8,auto-10d581bed771,tempest_reinforcements@65ddc55,tempest_reinforcements,65ddc55,turtle@9713344,turtle,9713344,strait,official,1,0,rating,a,a,1.0,core_destroyed,71,,0,150,12,11,103,300,9,16,ok,,4.683,n-62-21-61,29004097,2026-08-02T12:47:26+0200
1c2a6a60adf05412,auto-10d581bed771,e_final@9e77076,e_final,9e77076,tempest_reinforcements@65ddc55,tempest_reinforcements,65ddc55,pinch,official,1,0,rating,b,b,0.0,core_destroyed,26,,35,0,8,0,8,40,10,7,ok,,3.625,n-62-21-98,29004097,2026-08-02T12:47:37+0200
1c3491ed0e8c9b52,auto-10d581bed771,reaver@9713344,reaver,9713344,tempest_reinforcements@65ddc55,tempest_reinforcements,65ddc55,crossfire,official,1,0,rating,b,b,0.0,core_destroyed,44,,68,90,6,6,30,100,10,6,ok,,3.149,n-62-11-57,29004097,2026-08-02T12:47:57+0200
1c3f6e25299d4794,auto-10d581bed771,tempest_reinforcements@65ddc55,tempest_reinforcements,65ddc55,vanguard@c407e79,vanguard,c407e79,runestone,official,1,0,rating,a,a,1.0,core_destroyed,37,,10,0,11,5,127,120,8,10,ok,,3.605,n-62-29-22,29004097,2026-08-02T12:48:06+0200
1c5099ad69fa0058,auto-10d581bed771,tempest_reinforcements@65ddc55,tempest_reinforcements,65ddc55,v233_f@9713344,v233_f,9713344,hive,official,1,0,rating,a,a,1.0,core_destroyed,49,,10,100,11,11,103,170,9,18,ok,,4.046,n-62-21-97,29004097,2026-08-02T12:48:02+0200
1c5bc5b468f23ddf,auto-10d581bed771,tempest_reinforcements@65ddc55,tempest_reinforcements,65ddc55,siege_v2@9713344,siege_v2,9713344,longship,official,1,0,rating,a,a,1.0,core_destroyed,51,,17,100,11,12,228,0,5,3,ok,,3.27,n-62-11-51,29004097,2026-08-02T12:46:44+0200
1ca491f0d84b4b8a,auto-10d581bed771,tempest_reinforcements@51ad530,tempest_reinforcements,51ad530,tempest_reinforcements@65ddc55,tempest_reinforcements,65ddc55,duel,official,1,0,rating,b,b,0.0,core_destroyed,32,,16,70,12,4,26,70,7,5,ok,,4.444,n-62-13-6,29004097,2026-08-02T12:46:27+0200
1ceba94c7baaa67e,auto-10d581bed771,vg_v2@9713344,vg_v2,9713344,tempest_reinforcements@65ddc55,tempest_reinforcements,65ddc55,duel,official,1,0,rating,b,b,0.0,core_destroyed,46,,117,100,6,4,11,100,11,5,ok,,3.743,n-62-31-17,29004097,2026-08-02T12:48:55+0200
1d0de604b93f94f6,auto-10d581bed771,tempest_reinforcements@65ddc55,tempest_reinforcements,65ddc55,jonbot@da3fd8a,jonbot,da3fd8a,sweden,official,1,0,rating,b,b,0.0,core_destroyed,324,,100,2060,21,51,550,0,7,15,ok,,13.106,n-62-29-16,29004097,2026-08-02T12:47:01+0200
1d12c976d46f0101,auto-10d581bed771,casemate@902be71,casemate,902be71,tempest_reinforcements@65ddc55,tempest_reinforcements,65ddc55,sprint,official,1,0,rating,b,b,0.0,core_destroyed,56,,17,0,5,18,30,210,13,11,ok,,3.823,n-62-11-61,29004097,2026-08-02T12:47:30+0200
1d15396c3005a841,auto-10d581bed771,vg_v4@9713344,vg_v4,9713344,tempest_reinforcements@65ddc55,tempest_reinforcements,65ddc55,sprint,official,1,0,rating,b,b,0.0,core_destroyed,33,,89,20,5,6,10,60,9,11,ok,,2.985,n-62-31-16,29004097,2026-08-02T12:48:25+0200
1d3da09078e743a9,auto-10d581bed771,vg_v1@9713344,vg_v1,9713344,tempest_reinforcements@65ddc55,tempest_reinforcements,65ddc55,string,official,1,0,rating,b,b,0.0,core_destroyed,71,,361,0,3,2,40,470,13,16,ok,,3.732,n-62-31-14,29004097,2026-08-02T12:48:18+0200
1d864ce9773278e1,auto-10d581bed771,undertow_1ac7ac4@da3fd8a,undertow_1ac7ac4,da3fd8a,tempest_reinforcements@65ddc55,tempest_reinforcements,65ddc55,vase,official,1,0,rating,b,b,0.0,core_destroyed,34,,204,0,6,0,10,0,11,6,ok,,3.337,n-62-31-5,29004097,2026-08-02T12:48:28+0200
1d9e9aaf63164d7d,auto-10d581bed771,riptide@9713344,riptide,9713344,tempest_reinforcements@65ddc55,tempest_reinforcements,65ddc55,jackpot,official,1,0,rating,b,b,0.0,core_destroyed,54,,96,0,5,0,26,180,11,13,ok,,3.888,n-62-11-55,29004097,2026-08-02T12:46:34+0200
1daeb542cb4daeea,auto-10d581bed771,uw_v2@9713344,uw_v2,9713344,tempest_reinforcements@65ddc55,tempest_reinforcements,65ddc55,sprint,official,1,0,rating,b,b,0.0,core_destroyed,57,,88,100,9,9,10,80,10,7,ok,,3.241,n-62-11-62,29004097,2026-08-02T12:48:12+0200
1db930479a6c7398,auto-10d581bed771,tempest_reinforcements@65ddc55,tempest_reinforcements,65ddc55,tempest_sentinel@fdc1e1f,tempest_sentinel,fdc1e1f,skerry,official,1,0,rating,a,a,1.0,core_destroyed,39,,10,80,9,5,227,0,7,1,ok,,3.999,n-62-21-56,29004097,2026-08-02T12:46:45+0200
1df7f0bd61ba511f,auto-10d581bed771,frontier_v2@9713344,frontier_v2,9713344,tempest_reinforcements@65ddc55,tempest_reinforcements,65ddc55,showdown,official,1,0,rating,b,b,0.0,core_destroyed,19,,181,0,6,2,3,0,10,8,ok,,2.986,n-62-29-26,29004097,2026-08-02T12:47:06+0200
1dfb74176b6441d1,auto-10d581bed771,tempest_reinforcements@65ddc55,tempest_reinforcements,65ddc55,mistral_fast@26b5aa1,mistral_fast,26b5aa1,sprint,official,1,0,rating,b,b,0.0,core_destroyed,24,,16,0,10,3,106,0,8,1,ok,,3.742,n-62-31-18,29004097,2026-08-02T12:46:54+0200
1dffb657e2b7c7e4,auto-10d581bed771,e_harc@6db8844,e_harc,6db8844,tempest_reinforcements@65ddc55,tempest_reinforcements,65ddc55,quarry,official,1,0,rating,b,b,0.0,core_destroyed,83,,131,150,10,7,10,0,11,6,ok,,4.221,n-62-29-18,29004097,2026-08-02T12:46:25+0200
1e34d30d2c5f453b,auto-10d581bed771,tempest_reinforcements@65ddc55,tempest_reinforcements,65ddc55,v233_e@9713344,v233_e,9713344,showdown,official,1,0,rating,a,a,1.0,core_destroyed,34,,10,0,9,8,93,0,4,7,ok,,3.047,n-62-21-103,29004097,2026-08-02T12:49:09+0200
1e85e483abfe315a,auto-10d581bed771,tempest_reinforcements@65ddc55,tempest_reinforcements,65ddc55,v233_b@9713344,v233_b,9713344,bridge,official,1,0,rating,b,b,0.0,core_destroyed,181,,80,780,20,19,304,460,10,14,ok,,6.588,n-62-11-65,29004097,2026-08-02T12:48:12+0200
1e922ef9b5cd978f,auto-10d581bed771,titanium_v1@9713344,titanium_v1,9713344,tempest_reinforcements@65ddc55,tempest_reinforcements,65ddc55,hive,official,1,0,rating,b,b,0.0,core_destroyed,42,,297,0,4,4,10,80,10,13,ok,,2.998,n-62-21-57,29004097,2026-08-02T12:47:16+0200
1eb27a5ca15e516d,auto-10d581bed771,siege_v1@9713344,siege_v1,9713344,tempest_reinforcements@65ddc55,tempest_reinforcements,65ddc55,skerry,official,1,0,rating,b,b,0.0,core_destroyed,34,,193,0,6,3,20,80,11,5,ok,,3.123,n-62-11-59,29004097,2026-08-02T12:47:16+0200
1eb35ab569701e2a,auto-10d581bed771,tempest_reinforcements@65ddc55,tempest_reinforcements,65ddc55,casemate_oracle@902be71,casemate_oracle,902be71,runestone,official,1,0,rating,a,a,1.0,core_destroyed,54,,10,0,11,5,117,0,5,32,ok,,4.758,n-62-11-63,29004097,2026-08-02T12:47:36+0200
1ed52b00b76e0e69,auto-10d581bed771,undertow@9713344,undertow,9713344,tempest_reinforcements@65ddc55,tempest_reinforcements,65ddc55,quarry,official,1,0,rating,b,b,0.0,core_destroyed,93,,116,500,9,20,8,0,11,6,ok,,5.356,n-62-21-63,29004097,2026-08-02T12:46:57+0200
1ed6bb780cfa8a6d,auto-10d581bed771,tempest_reinforcements@65ddc55,tempest_reinforcements,65ddc55,jonbot@da3fd8a,jonbot,da3fd8a,jackpot,official,1,0,rating,a,a,1.0,core_destroyed,47,,10,100,11,7,328,90,2,6,ok,,4.011,n-62-29-33,29004097,2026-08-02T12:46:49+0200
1ee2210ec0ce7e1b,auto-10d581bed771,undertow_oracle@fdc1e1f,undertow_oracle,fdc1e1f,tempest_reinforcements@65ddc55,tempest_reinforcements,65ddc55,hive,official,1,0,rating,a,a,1.0,core_destroyed,64,,73,360,11,34,18,120,12,11,ok,,3.896,n-62-31-21,29004097,2026-08-02T12:48:32+0200
1f069cf5f9a42684,auto-10d581bed771,opponent_luc@e83a42c,opponent_luc,e83a42c,tempest_reinforcements@65ddc55,tempest_reinforcements,65ddc55,strait,official,1,0,rating,b,b,0.0,core_destroyed,46,,173,70,7,9,10,0,11,5,ok,,5.84,n-62-31-15,29004097,2026-08-02T12:47:56+0200
1f180b6a61f3bc99,auto-10d581bed771,tempest_reinforcements@65ddc55,tempest_reinforcements,65ddc55,v233_b@9713344,v233_b,9713344,sweden,official,1,0,rating,b,b,0.0,core_destroyed,111,,51,460,14,21,246,220,8,9,ok,,4.887,n-62-11-68,29004097,2026-08-02T12:47:35+0200
1f60416726407140,auto-10d581bed771,tempest_reinforcements@65ddc55,tempest_reinforcements,65ddc55,undertow_1ac7ac4@da3fd8a,undertow_1ac7ac4,da3fd8a,pinch,official,1,0,rating,a,a,1.0,core_destroyed,28,,20,50,10,9,107,0,6,3,ok,,3.564,n-62-21-69,29004097,2026-08-02T12:47:08+0200
1f68849367cfa7f4,auto-10d581bed771,tempest_reinforcements@65ddc55,tempest_reinforcements,65ddc55,e_post2@4a95297,e_post2,4a95297,string,official,1,0,rating,a,a,1.0,core_destroyed,41,,25,140,10,10,295,0,2,0,ok,,2.998,n-62-29-24,29004097,2026-08-02T12:47:31+0200
1f72cab6e7f616e1,auto-10d581bed771,tempest_reinforcements@65ddc55,tempest_reinforcements,65ddc55,autistimusprime@ecd4d24,autistimusprime,ecd4d24,skerry,official,1,0,rating,a,a,1.0,core_destroyed,38,,10,80,11,5,111,70,9,3,ok,,3.464,n-62-31-21,29004097,2026-08-02T12:46:41+0200
1f739fc531e1ade7,auto-10d581bed771,tempest_reinforcements@65ddc55,tempest_reinforcements,65ddc55,tempest_sentinel@fdc1e1f,tempest_sentinel,fdc1e1f,duel,official,1,0,rating,a,a,1.0,core_destroyed,32,,20,30,8,4,58,60,8,4,ok,,3.799,n-62-21-54,29004097,2026-08-02T12:46:59+0200
1f8796431cb10806,auto-10d581bed771,tempest_reinforcements@65ddc55,tempest_reinforcements,65ddc55,mistral@ba943b9,mistral,ba943b9,duel,official,1,0,rating,b,b,0.0,core_destroyed,22,,17,40,9,3,60,0,10,1,ok,,4.258,n-62-31-14,29004097,2026-08-02T12:47:02+0200
1faf770739e4b673,auto-10d581bed771,e9cand@9e77076,e9cand,9e77076,tempest_reinforcements@65ddc55,tempest_reinforcements,65ddc55,aurora,official,1,0,rating,b,b,0.0,core_destroyed,50,,90,0,9,2,10,100,11,11,ok,,4.411,n-62-31-10,29004097,2026-08-02T12:47:59+0200
1fb0ebea0385c060,auto-10d581bed771,tempest_reinforcements@65ddc55,tempest_reinforcements,65ddc55,v233_i@902be71,v233_i,902be71,pinch,official,1,0,rating,a,a,1.0,core_destroyed,29,,10,50,10,9,83,0,2,4,ok,,2.853,n-62-29-20,29004097,2026-08-02T12:48:48+0200
1fdabfab9c583ecc,auto-10d581bed771,tempest_reinforcements@65ddc55,tempest_reinforcements,65ddc55,titanium_v1@9713344,titanium_v1,9713344,vase,official,1,0,rating,a,a,1.0,core_destroyed,46,,10,0,10,6,418,0,4,1,ok,,3.009,n-62-21-60,29004097,2026-08-02T12:46:18+0200
1ff5a3fa2d6dfb7c,auto-10d581bed771,tempest_ferry@26b5aa1,tempest_ferry,26b5aa1,tempest_reinforcements@65ddc55,tempest_reinforcements,65ddc55,string,official,1,0,rating,b,b,0.0,core_destroyed,89,,307,0,5,1,70,420,12,16,ok,,4.34,n-62-12-4,29004097,2026-08-02T12:47:25+0200
20066db2ec6ca1a8,auto-10d581bed771,undertow_1ac7ac4@da3fd8a,undertow_1ac7ac4,da3fd8a,tempest_reinforcements@65ddc55,tempest_reinforcements,65ddc55,crossfire,official,1,0,rating,a,a,1.0,core_destroyed,34,,28,70,11,6,8,70,9,5,ok,,4.446,n-62-21-69,29004097,2026-08-02T12:46:18+0200
2012d63592534c2b,auto-10d581bed771,jonbot_190003d@da3fd8a,jonbot_190003d,da3fd8a,tempest_reinforcements@65ddc55,tempest_reinforcements,65ddc55,showdown,official,1,0,rating,b,b,0.0,core_destroyed,26,,59,0,9,9,10,0,10,7,ok,,3.733,n-62-29-34,29004097,2026-08-02T12:46:17+0200
203eb23b1ea5e481,auto-10d581bed771,tempest_reinforcements@65ddc55,tempest_reinforcements,65ddc55,frontier_v1@9713344,frontier_v1,9713344,bridge,official,1,0,rating,a,a,1.0,titanium_collected,1000,,731,4670,49,17,2406,0,4,3,ok,,22.895,n-62-29-19,29004097,2026-08-02T12:47:44+0200
2048926d025fad3e,auto-10d581bed771,undertow@da3fd8a,undertow,da3fd8a,tempest_reinforcements@65ddc55,tempest_reinforcements,65ddc55,vault,official,1,0,rating,a,a,1.0,core_destroyed,66,,59,300,13,7,18,280,13,15,ok,,6.358,n-62-21-66,29004097,2026-08-02T12:47:16+0200
20652aa7f4069395,auto-10d581bed771,tempest_reinforcements@65ddc55,tempest_reinforcements,65ddc55,uw_v2@9713344,uw_v2,9713344,showdown,official,1,0,rating,a,a,1.0,core_destroyed,90,,10,0,10,8,100,0,3,0,ok,,3.766,n-62-11-62,29004097,2026-08-02T12:47:53+0200
20afaf77798a518b,auto-10d581bed771,frontier_v2@9713344,frontier_v2,9713344,tempest_reinforcements@65ddc55,tempest_reinforcements,65ddc55,sprint,official,1,0,rating,b,b,0.0,core_destroyed,34,,48,0,8,4,23,100,10,9,ok,,3.437,n-62-29-26,29004097,2026-08-02T12:47:21+0200
210e4525bc38f62c,auto-10d581bed771,tempest_reinforcements@65ddc55,tempest_reinforcements,65ddc55,v233_i@902be71,v233_i,902be71,twins,official,1,0,rating,a,a,1.0,core_destroyed,42,,10,80,10,8,75,160,7,15,ok,,3.169,n-62-29-24,29004097,2026-08-02T12:48:42+0200
211b5730a84e3f6a,auto-10d581bed771,tempest_reinforcements@65ddc55,tempest_reinforcements,65ddc55,tempest_blindfire@fdc1e1f,tempest_blindfire,fdc1e1f,runestone,official,1,0,rating,b,b,0.0,core_destroyed,38,,10,0,10,4,59,0,10,5,ok,,4.656,n-62-21-89,29004097,2026-08-02T12:46:13+0200
2136944f751a84b8,auto-10d581bed771,tempest_frontier@fdc1e1f,tempest_frontier,fdc1e1f,tempest_reinforcements@65ddc55,tempest_reinforcements,65ddc55,crossfire,official,1,0,rating,a,a,1.0,core_destroyed,32,,44,0,11,3,17,60,10,4,ok,,4.653,n-62-12-7,29004097,2026-08-02T12:47:06+0200
213bf3b40ad63ac6,auto-10d581bed771,tempest_reinforcements@65ddc55,tempest_reinforcements,65ddc55,casemate_oracle@902be71,casemate_oracle,902be71,hive,official,1,0,rating,a,a,1.0,core_destroyed,43,,10,80,11,11,243,0,4,21,ok,,5.683,n-62-11-63,29004097,2026-08-02T12:46:14+0200
213e56d65fb88a1f,auto-10d581bed771,e_harc@6db8844,e_harc,6db8844,tempest_reinforcements@65ddc55,tempest_reinforcements,65ddc55,atoll,official,1,0,rating,b,b,0.0,core_destroyed,58,,104,120,8,4,10,130,12,6,ok,,4.184,n-62-28-29,29004097,2026-08-02T12:46:26+0200
2147d7832470e440,auto-10d581bed771,autistimusprime@ecd4d24,autistimusprime,ecd4d24,tempest_reinforcements@65ddc55,tempest_reinforcements,65ddc55,longship,official,1,0,rating,b,b,0.0,core_destroyed,64,,100,140,11,6,20,180,11,21,ok,,4.631,n-62-31-24,29004097,2026-08-02T12:47:45+0200
219295c9ce24c64c,auto-10d581bed771,tempest_ferry@26b5aa1,tempest_ferry,26b5aa1,tempest_reinforcements@65ddc55,tempest_reinforcements,65ddc55,bridge,official,1,0,rating,b,b,0.0,core_destroyed,42,,290,0,4,7,10,0,10,8,ok,,2.62,n-62-12-5,29004097,2026-08-02T12:46:40+0200
219d42603c7042a9,auto-10d581bed771,tempest_reinforcements@65ddc55,tempest_reinforcements,65ddc55,baiter@9713344,baiter,9713344,string,official,1,0,rating,a,a,1.0,core_destroyed,102,,112,670,20,15,116,0,1,0,ok,,5.767,n-62-31-23,29004097,2026-08-02T12:47:37+0200
21b0e1d9d0eb001c,auto-10d581bed771,undertow_1ac7ac4@da3fd8a,undertow_1ac7ac4,da3fd8a,tempest_reinforcements@65ddc55,tempest_reinforcements,65ddc55,bridge,official,1,0,rating,b,b,0.0,core_destroyed,260,,134,0,6,7,84,1490,24,23,ok,,8.597,n-62-21-68,29004097,2026-08-02T12:48:02+0200
21b8e1035b875f4d,auto-10d581bed771,vanguard@9932bec,vanguard,9932bec,tempest_reinforcements@65ddc55,tempest_reinforcements,65ddc55,skerry,official,1,0,rating,b,b,0.0,core_destroyed,42,,106,180,9,6,20,100,12,5,ok,,3.867,n-62-29-15,29004097,2026-08-02T12:48:17+0200
21d1538ce6754057,auto-10d581bed771,tempest_reinforcements@025dd51,tempest_reinforcements,025dd51,tempest_reinforcements@65ddc55,tempest_reinforcements,65ddc55,duel,official,1,0,rating,b,b,0.0,core_destroyed,32,,16,70,12,4,26,70,7,5,ok,,5.167,n-62-21-24,29004097,2026-08-02T12:46:19+0200
21d2aee955294003,auto-10d581bed771,tempest_reinforcements@65ddc55,tempest_reinforcements,65ddc55,undertow@fdc1e1f,undertow,fdc1e1f,sprint,official,1,0,rating,b,b,0.0,core_destroyed,32,,18,30,10,6,66,20,10,9,ok,,4.232,n-62-21-68,29004097,2026-08-02T12:46:13+0200
21edeaeabd608685,auto-10d581bed771,tempest_reinforcements@65ddc55,tempest_reinforcements,65ddc55,v233_c@9713344,v233_c,9713344,bridge,official,1,0,rating,b,b,0.0,core_destroyed,181,,80,780,20,19,304,460,10,14,ok,,6.592,n-62-11-68,29004097,2026-08-02T12:48:22+0200
21f50aa2f9879b81,auto-10d581bed771,mistral_fast@26b5aa1,mistral_fast,26b5aa1,tempest_reinforcements@65ddc55,tempest_reinforcements,65ddc55,jackpot,official,1,0,rating,b,b,0.0,core_destroyed,37,,314,0,4,0,20,80,11,7,ok,,3.344,n-62-31-7,29004097,2026-08-02T12:47:28+0200
21fef25fe105640b,auto-10d581bed771,vg_v5@9713344,vg_v5,9713344,tempest_reinforcements@65ddc55,tempest_reinforcements,65ddc55,strait,official,1,0,rating,b,b,0.0,core_destroyed,74,,58,160,5,11,10,0,11,5,ok,,4.049,n-62-31-15,29004097,2026-08-02T12:48:42+0200
2201c59d84d435d7,auto-10d581bed771,tempest@da3fd8a,tempest,da3fd8a,tempest_reinforcements@65ddc55,tempest_reinforcements,65ddc55,sweden,official,1,0,rating,b,b,0.0,core_destroyed,42,,290,0,4,7,10,0,10,6,ok,,4.161,n-62-21-90,29004097,2026-08-02T12:47:09+0200
2209ae59e113b3b4,auto-10d581bed771,tempest_reinforcements@65ddc55,tempest_reinforcements,65ddc55,tempest_blindfire@fdc1e1f,tempest_blindfire,fdc1e1f,duel,official,1,0,rating,b,b,0.0,core_destroyed,22,,13,40,8,4,26,40,12,5,ok,,3.925,n-62-21-91,29004097,2026-08-02T12:46:38+0200
226f529c577c0928,auto-10d581bed771,frontier_v1@9713344,frontier_v1,9713344,tempest_reinforcements@65ddc55,tempest_reinforcements,65ddc55,atoll,official,1,0,rating,b,b,0.0,core_destroyed,42,,50,0,8,2,10,90,12,6,ok,,4.058,n-62-29-19,29004097,2026-08-02T12:47:12+0200
227f81c4b655ec3b,auto-10d581bed771,tempest_reinforcements@65ddc55,tempest_reinforcements,65ddc55,tempest@da3fd8a,tempest,da3fd8a,jackpot,official,1,0,rating,a,a,1.0,core_destroyed,69,,30,170,6,8,373,150,6,6,ok,,5.558,n-62-11-56,29004097,2026-08-02T12:47:07+0200
22830652f7d78502,auto-10d581bed771,tempest_reinforcements@65ddc55,tempest_reinforcements,65ddc55,vanguard_oracle@75591b7,vanguard_oracle,75591b7,string,official,1,0,rating,a,a,1.0,core_destroyed,110,,71,490,19,10,107,150,3,5,ok,,6.82,n-62-29-16,29004097,2026-08-02T12:47:47+0200
2292c68c28285842,auto-10d581bed771,tempest_reinforcements@65ddc55,tempest_reinforcements,65ddc55,uw_v2@9713344,uw_v2,9713344,hive,official,1,0,rating,a,a,1.0,core_destroyed,90,,18,330,16,12,54,240,5,28,ok,,5.139,n-62-11-61,29004097,2026-08-02T12:48:59+0200
229c65cab2ffee60,auto-10d581bed771,tempest_reinforcements@65ddc55,tempest_reinforcements,65ddc55,tempest_oracle_ferry@fdc1e1f,tempest_oracle_ferry,fdc1e1f,quarry,official,1,0,rating,a,a,1.0,core_destroyed,35,,10,0,10,5,76,80,10,10,ok,,4.403,n-62-21-8,29004097,2026-08-02T12:46:40+0200
22a5743e09fc69b1,auto-10d581bed771,lockin@9713344,lockin,9713344,tempest_reinforcements@65ddc55,tempest_reinforcements,65ddc55,vault,official,1,0,rating,b,b,0.0,core_destroyed,48,,110,140,12,6,22,190,11,18,ok,,6.7,n-62-30-24,29004097,2026-08-02T12:48:04+0200
22cf3284d2f1b96b,auto-10d581bed771,tempest_reinforcements@65ddc55,tempest_reinforcements,65ddc55,v233_c@9713344,v233_c,9713344,sprint,official,1,0,rating,a,a,1.0,core_destroyed,29,,9,50,10,7,59,100,8,7,ok,,3.465,n-62-21-92,29004097,2026-08-02T12:48:36+0200
22ecb33927ee5ba1,auto-10d581bed771,v233_c@9713344,v233_c,9713344,tempest_reinforcements@65ddc55,tempest_reinforcements,65ddc55,string,official,1,0,rating,b,b,0.0,core_destroyed,71,,241,0,3,2,40,470,13,16,ok,,3.361,n-62-31-9,29004097,2026-08-02T12:48:05+0200
22f26a62ee9f95c4,auto-10d581bed771,tempest_ferry@26b5aa1,tempest_ferry,26b5aa1,tempest_reinforcements@65ddc55,tempest_reinforcements,65ddc55,vault,official,1,0,rating,b,b,0.0,core_destroyed,54,,124,0,8,2,8,160,12,12,ok,,4.743,n-62-12-7,29004097,2026-08-02T12:46:26+0200
22f2b6aa4f0a0bab,auto-10d581bed771,tempest_reinforcements@65ddc55,tempest_reinforcements,65ddc55,nemesis@9713344,nemesis,9713344,quarry,official,1,0,rating,a,a,1.0,core_destroyed,43,,10,0,11,6,5,30,5,16,ok,,4.318,n-62-31-16,29004097,2026-08-02T12:46:31+0200
22fc6f27899b7012,auto-10d581bed771,titanium_v1@9713344,titanium_v1,9713344,tempest_reinforcements@65ddc55,tempest_reinforcements,65ddc55,fjord,official,1,0,rating,b,b,0.0,core_destroyed,29,,311,0,4,3,10,60,11,5,ok,,3.131,n-62-21-57,29004097,2026-08-02T12:47:10+0200
233f6f70cbfa265f,auto-10d581bed771,claude_challenger_1@fdc1e1f,claude_challenger_1,fdc1e1f,tempest_reinforcements@65ddc55,tempest_reinforcements,65ddc55,string,official,1,0,rating,b,b,0.0,core_destroyed,27,,560,0,0,0,10,50,11,7,ok,,2.803,n-62-11-66,29004097,2026-08-02T12:46:28+0200
2345ad2f8f3b7b00,auto-10d581bed771,undertow_oracle@75591b7,undertow_oracle,75591b7,tempest_reinforcements@65ddc55,tempest_reinforcements,65ddc55,quarry,official,1,0,rating,a,a,1.0,titanium_collected,1000,,7614,7280,13,36,10,0,11,6,ok,,27.914,n-62-31-22,29004097,2026-08-02T12:49:44+0200
234a47887e9bb932,auto-10d581bed771,v233_c@9713344,v233_c,9713344,tempest_reinforcements@65ddc55,tempest_reinforcements,65ddc55,skerry,official,1,0,rating,b,b,0.0,core_destroyed,49,,75,70,7,4,10,110,13,5,ok,,3.819,n-62-21-92,29004097,2026-08-02T12:48:32+0200
234ad82faa103395,auto-10d581bed771,tempest_reinforcements@65ddc55,tempest_reinforcements,65ddc55,tempest_fast@eb1f0f3,tempest_fast,eb1f0f3,jackpot,official,1,0,rating,a,a,1.0,core_destroyed,69,,30,170,6,8,373,150,6,6,ok,,4.25,n-62-12-6,29004097,2026-08-02T12:47:10+0200
23554539b940ebc9,auto-10d581bed771,tempest_reinforcements@65ddc55,tempest_reinforcements,65ddc55,frontier_v1@9713344,frontier_v1,9713344,hive,official,1,0,rating,a,a,1.0,core_destroyed,49,,3,100,12,11,9,0,12,1,ok,,4.446,n-62-29-21,29004097,2026-08-02T12:46:12+0200
235d5541dd1b0372,auto-10d581bed771,tempest_reinforcements@65ddc55,tempest_reinforcements,65ddc55,vanguard_oracle@fdc1e1f,vanguard_oracle,fdc1e1f,pinch,official,1,0,rating,a,a,1.0,core_destroyed,25,,10,40,10,9,113,0,7,3,ok,,3.082,n-62-29-34,29004097,2026-08-02T12:48:33+0200
23775efdb1954899,auto-10d581bed771,tempest_reinforcements@65ddc55,tempest_reinforcements,65ddc55,e_post2@4a95297,e_post2,4a95297,vault,official,1,0,rating,a,a,1.0,core_destroyed,49,,10,110,12,6,48,0,10,1,ok,,4.303,n-62-29-15,29004097,2026-08-02T12:46:29+0200
23961e5bdd9d7073,auto-10d581bed771,tempest_reinforcements@65ddc55,tempest_reinforcements,65ddc55,vanguard@c407e79,vanguard,c407e79,atoll,official,1,0,rating,a,a,1.0,core_destroyed,40,,26,90,11,6,87,160,10,6,ok,,4.053,n-62-29-21,29004097,2026-08-02T12:48:00+0200
239c632824d1b6d7,auto-10d581bed771,tempest_reinforcements@65ddc55,tempest_reinforcements,65ddc55,v233_i@902be71,v233_i,902be71,longship,official,1,0,rating,a,a,1.0,core_destroyed,56,,30,120,12,12,83,230,11,13,ok,,4.378,n-62-29-20,29004097,2026-08-02T12:48:41+0200
23a6a0fed5554506,auto-10d581bed771,tempest_reinforcements@65ddc55,tempest_reinforcements,65ddc55,v233_g@9713344,v233_g,9713344,strait,official,1,0,rating,a,a,1.0,core_destroyed,64,,30,140,12,11,133,280,5,28,ok,,3.711,n-62-29-18,29004097,2026-08-02T12:48:00+0200
240536a297dd0811,auto-10d581bed771,tempest_reinforcements@65ddc55,tempest_reinforcements,65ddc55,v233_a@9713344,v233_a,9713344,aurora,official,1,0,rating,a,a,1.0,core_destroyed,45,,10,90,12,8,78,90,8,8,ok,,3.547,n-62-11-63,29004097,2026-08-02T12:48:01+0200
2410ca7ab76ec052,auto-10d581bed771,v233_a@9713344,v233_a,9713344,tempest_reinforcements@65ddc55,tempest_reinforcements,65ddc55,strait,official,1,0,rating,b,b,0.0,core_destroyed,176,,88,410,6,10,20,0,12,5,ok,,4.392,n-62-11-64,29004097,2026-08-02T12:48:23+0200
242ff18fe72ad1e6,auto-10d581bed771,tempest_reinforcements@65ddc55,tempest_reinforcements,65ddc55,v233_f@9713344,v233_f,9713344,showdown,official,1,0,rating,a,a,1.0,core_destroyed,30,,10,0,9,8,80,0,5,7,ok,,2.727,n-62-21-97,29004097,2026-08-02T12:48:51+0200
2431cba3cabe3dfe,auto-10d581bed771,autistimusprime@ecd4d24,autistimusprime,ecd4d24,tempest_reinforcements@65ddc55,tempest_reinforcements,65ddc55,fjord,official,1,0,rating,b,b,0.0,core_destroyed,27,,59,40,9,3,10,50,11,5,ok,,4.223,n-62-31-24,29004097,2026-08-02T12:47:16+0200
243d7f4c125eec00,auto-10d581bed771,claude_challenger_1@fdc1e1f,claude_challenger_1,fdc1e1f,tempest_reinforcements@65ddc55,tempest_reinforcements,65ddc55,aurora,official,1,0,rating,b,b,0.0,core_destroyed,44,,32,0,12,1,20,90,11,11,ok,,6.058,n-62-11-64,29004097,2026-08-02T12:48:07+0200
2444a3451362004a,auto-10d581bed771,v233_b@9713344,v233_b,9713344,tempest_reinforcements@65ddc55,tempest_reinforcements,65ddc55,jackpot,official,1,0,rating,b,b,0.0,core_destroyed,59,,69,0,2,4,10,130,12,7,ok,,3.594,n-62-11-66,29004097,2026-08-02T12:47:38+0200
24486dafe03f2296,auto-10d581bed771,tempest_reinforcements@65ddc55,tempest_reinforcements,65ddc55,tempest_blindfire@fdc1e1f,tempest_blindfire,fdc1e1f,vault,official,1,0,rating,a,a,1.0,core_destroyed,42,,12,90,11,6,397,160,4,5,ok,,3.418,n-62-21-89,29004097,2026-08-02T12:47:25+0200
244f24375fea2035,auto-10d581bed771,vanguard_oracle@75591b7,vanguard_oracle,75591b7,tempest_reinforcements@65ddc55,tempest_reinforcements,65ddc55,sprint,official,1,0,rating,b,b,0.0,core_destroyed,28,,34,0,10,4,20,30,10,6,ok,,3.19,n-62-29-30,29004097,2026-08-02T12:48:57+0200
2462014d10f6b6e1,auto-10d581bed771,tempest_reinforcements@65ddc55,tempest_reinforcements,65ddc55,casemate@902be71,casemate,902be71,strait,official,1,0,rating,a,a,1.0,core_destroyed,71,,10,150,11,11,4,0,7,9,ok,,3.942,n-62-11-61,29004097,2026-08-02T12:47:34+0200
246fba28bd2cefa8,auto-10d581bed771,vg_v2@9713344,vg_v2,9713344,tempest_reinforcements@65ddc55,tempest_reinforcements,65ddc55,atoll,official,1,0,rating,b,b,0.0,core_destroyed,45,,80,90,6,7,10,100,12,6,ok,,4.064,n-62-31-14,29004097,2026-08-02T12:49:16+0200
2470387b32f9ebb2,auto-10d581bed771,tempest_reinforcements@65ddc55,tempest_reinforcements,65ddc55,casemate_oracle@902be71,casemate_oracle,902be71,longship,official,1,0,rating,a,a,1.0,core_destroyed,60,,30,130,12,12,280,0,3,11,ok,,5.758,n-62-11-63,29004097,2026-08-02T12:46:35+0200
24adf6fb3f25826a,auto-10d581bed771,tempest_reinforcements@65ddc55,tempest_reinforcements,65ddc55,undertow@da3fd8a,undertow,da3fd8a,vase,official,1,0,rating,a,a,1.0,core_destroyed,118,,17,0,12,6,105,220,9,8,ok,,5.534,n-62-21-66,29004097,2026-08-02T12:47:01+0200
24d8a72b84d41bb7,auto-10d581bed771,tempest_reinforcements@65ddc55,tempest_reinforcements,65ddc55,undertow@da3fd8a,undertow,da3fd8a,quarry,official,1,0,rating,a,a,1.0,core_destroyed,51,,10,80,11,8,120,180,8,19,ok,,4.206,n-62-21-65,29004097,2026-08-02T12:47:01+0200
24ed8cec899219c0,auto-10d581bed771,v233_i@902be71,v233_i,902be71,tempest_reinforcements@65ddc55,tempest_reinforcements,65ddc55,fjord,official,1,0,rating,b,b,0.0,core_destroyed,36,,90,80,6,4,30,80,11,5,ok,,3.605,n-62-29-20,29004097,2026-08-02T12:48:18+0200
24f5a0a429c42175,auto-10d581bed771,tempest_sentinel@fdc1e1f,tempest_sentinel,fdc1e1f,tempest_reinforcements@65ddc55,tempest_reinforcements,65ddc55,runestone,official,1,0,rating,b,b,0.0,core_destroyed,34,,58,50,7,6,8,0,11,5,ok,,3.729,n-62-21-56,29004097,2026-08-02T12:46:33+0200
257ed49bbd6abc4e,auto-10d581bed771,tempest_reinforcements@65ddc55,tempest_reinforcements,65ddc55,undertow_oracle@75591b7,undertow_oracle,75591b7,aurora,official,1,0,rating,a,a,1.0,core_destroyed,49,,10,100,11,8,89,90,8,11,ok,,4.436,n-62-31-5,29004097,2026-08-02T12:48:52+0200
25844c9abbc4ba21,auto-10d581bed771,tempest_reinforcements@65ddc55,tempest_reinforcements,65ddc55,v233_b@9713344,v233_b,9713344,runestone,official,1,0,rating,a,a,1.0,core_destroyed,49,,10,0,11,5,108,0,8,9,ok,,3.676,n-62-11-66,29004097,2026-08-02T12:48:05+0200
2595c36985501880,auto-10d581bed771,undertow_oracle@fdc1e1f,undertow_oracle,fdc1e1f,tempest_reinforcements@65ddc55,tempest_reinforcements,65ddc55,aurora,official,1,0,rating,b,b,0.0,core_destroyed,47,,104,250,7,33,10,90,12,11,ok,,3.651,n-62-31-21,29004097,2026-08-02T12:47:30+0200
2596fb4282b5b273,auto-10d581bed771,claude_challenger_3@fdc1e1f,claude_challenger_3,fdc1e1f,tempest_reinforcements@65ddc55,tempest_reinforcements,65ddc55,sprint,official,1,0,rating,b,b,0.0,core_destroyed,34,,192,0,7,4,10,60,10,7,ok,,4.936,n-62-31-10,29004097,2026-08-02T12:46:36+0200
25ac4858c39e0494,auto-10d581bed771,tempest_reinforcements@65ddc55,tempest_reinforcements,65ddc55,vanguard@818f3b4,vanguard,818f3b4,vault,official,1,0,rating,a,a,1.0,core_destroyed,44,,26,100,11,6,96,180,11,6,ok,,4.948,n-62-29-33,29004097,2026-08-02T12:47:43+0200
25b0fb34d234f161,auto-10d581bed771,titanium_v1@9713344,titanium_v1,9713344,tempest_reinforcements@65ddc55,tempest_reinforcements,65ddc55,crossfire,official,1,0,rating,b,b,0.0,core_destroyed,31,,311,0,4,3,10,60,10,6,ok,,3.059,n-62-21-57,29004097,2026-08-02T12:46:57+0200
25b1fd8bda48ffef,auto-10d581bed771,vanguard_oracle@75591b7,vanguard_oracle,75591b7,tempest_reinforcements@65ddc55,tempest_reinforcements,65ddc55,atoll,official,1,0,rating,a,a,1.0,core_destroyed,34,,60,140,10,7,8,70,11,5,ok,,3.831,n-62-29-5,29004097,2026-08-02T12:48:20+0200
25c7d77a91070d45,auto-10d581bed771,mistral_fast@26b5aa1,mistral_fast,26b5aa1,tempest_reinforcements@65ddc55,tempest_reinforcements,65ddc55,fjord,official,1,0,rating,b,b,0.0,core_destroyed,25,,245,0,6,0,10,50,11,5,ok,,3.424,n-62-31-7,29004097,2026-08-02T12:47:13+0200
25d0c0fc88b3641b,auto-10d581bed771,mistral_fast@26b5aa1,mistral_fast,26b5aa1,tempest_reinforcements@65ddc55,tempest_reinforcements,65ddc55,quarry,official,1,0,rating,a,a,1.0,core_destroyed,50,,148,0,8,1,10,0,9,4,ok,,4.253,n-62-31-18,29004097,2026-08-02T12:46:25+0200
25e31a970c90e97d,auto-10d581bed771,tempest_frontier@fdc1e1f,tempest_frontier,fdc1e1f,tempest_reinforcements@65ddc55,tempest_reinforcements,65ddc55,sprint,official,1,0,rating,a,a,1.0,core_destroyed,20,,10,0,12,4,24,10,9,4,ok,,4.922,n-62-21-18,29004097,2026-08-02T12:47:25+0200
25ef0b82afe4932e,auto-10d581bed771,tempest_reinforcements@65ddc55,tempest_reinforcements,65ddc55,e_harc@6db8844,e_harc,6db8844,twins,official,1,0,rating,a,a,1.0,core_destroyed,62,,10,130,12,9,68,150,7,20,ok,,3.999,n-62-29-18,29004097,2026-08-02T12:47:52+0200
2606d770832da9e8,auto-10d581bed771,tempest_reinforcements@65ddc55,tempest_reinforcements,65ddc55,tempest_picket@fdc1e1f,tempest_picket,fdc1e1f,sprint,official,1,0,rating,b,b,0.0,core_destroyed,25,,9,40,9,5,60,40,8,7,ok,,4.112,n-62-21-15,29004097,2026-08-02T12:47:38+0200
2609df90a265adc4,auto-10d581bed771,tempest_reinforcements@65ddc55,tempest_reinforcements,65ddc55,e_condc@6db8844,e_condc,6db8844,aurora,official,1,0,rating,a,a,1.0,core_destroyed,71,,10,150,11,8,106,150,9,4,ok,,4.736,n-62-21-104,29004097,2026-08-02T12:46:13+0200
26249f688ab47633,auto-10d581bed771,e_t4l7@9e77076,e_t4l7,9e77076,tempest_reinforcements@65ddc55,tempest_reinforcements,65ddc55,quarry,official,1,0,rating,b,b,0.0,core_destroyed,79,,104,280,8,13,10,0,11,6,ok,,4.147,n-62-29-17,29004097,2026-08-02T12:46:46+0200
262a564c154ee354,auto-10d581bed771,tempest_reinforcements@65ddc55,tempest_reinforcements,65ddc55,tempest_reinforcements@e1dc316,tempest_reinforcements,e1dc316,sweden,official,1,0,rating,b,b,0.0,core_destroyed,62,,0,90,13,8,14,20,9,8,ok,,4.674,n-62-12-66,29004097,2026-08-02T12:47:41+0200
2638514e12aad84b,auto-10d581bed771,tempest_reinforcements@65ddc55,tempest_reinforcements,65ddc55,casemate@902be71,casemate,902be71,atoll,official,1,0,rating,a,a,1.0,core_destroyed,86,,0,330,15,12,11,0,4,26,ok,,5.516,n-62-11-60,29004097,2026-08-02T12:46:41+0200
2651c1dfce33e71a,auto-10d581bed771,tempest_reinforcements@65ddc55,tempest_reinforcements,65ddc55,tempest_frontier@fdc1e1f,tempest_frontier,fdc1e1f,pinch,official,1,0,rating,b,b,0.0,core_destroyed,29,,9,0,10,3,53,0,11,4,ok,,5.102,n-62-21-18,29004097,2026-08-02T12:46:26+0200
2668186fe097f221,auto-10d581bed771,tempest@da3fd8a,tempest,da3fd8a,tempest_reinforcements@65ddc55,tempest_reinforcements,65ddc55,quarry,official,1,0,rating,a,a,1.0,core_destroyed,57,,144,0,7,6,10,0,9,5,ok,,6.102,n-62-11-56,29004097,2026-08-02T12:47:45+0200
2687a095ea9f9e44,auto-10d581bed771,tempest_reinforcements@65ddc55,tempest_reinforcements,65ddc55,reaver@9713344,reaver,9713344,atoll,official,1,0,rating,a,a,1.0,core_destroyed,62,,21,140,12,6,99,0,6,8,ok,,3.87,n-62-11-57,29004097,2026-08-02T12:47:02+0200
269ec2b887623a10,auto-10d581bed771,tempest_reinforcements@65ddc55,tempest_reinforcements,65ddc55,vg_v2@9713344,vg_v2,9713344,duel,official,1,0,rating,a,a,1.0,core_destroyed,55,,10,130,11,5,101,60,1,5,ok,,3.608,n-62-31-17,29004097,2026-08-02T12:48:51+0200
26bf9d7b3d13a9ef,auto-10d581bed771,undertow@fdc1e1f,undertow,fdc1e1f,tempest_reinforcements@65ddc55,tempest_reinforcements,65ddc55,string,official,1,0,rating,b,b,0.0,core_destroyed,66,,95,10,1,8,20,160,12,7,ok,,3.987,n-62-21-68,29004097,2026-08-02T12:46:37+0200
26c3bb58571655c7,auto-10d581bed771,tempest_reinforcements@65ddc55,tempest_reinforcements,65ddc55,siege_v2@9713344,siege_v2,9713344,pinch,official,1,0,rating,a,a,1.0,core_destroyed,22,,10,30,10,9,158,0,5,3,ok,,2.901,n-62-11-51,29004097,2026-08-02T12:46:51+0200
26cdceac229b6704,auto-10d581bed771,tempest_reinforcements@65ddc55,tempest_reinforcements,65ddc55,opponent_luc@e83a42c,opponent_luc,e83a42c,showdown,official,1,0,rating,a,a,1.0,core_destroyed,19,,10,0,10,8,540,0,0,0,ok,,2.526,n-62-31-15,29004097,2026-08-02T12:47:09+0200
26cfc140c31f2114,auto-10d581bed771,tempest_blindfire@fdc1e1f,tempest_blindfire,fdc1e1f,tempest_reinforcements@65ddc55,tempest_reinforcements,65ddc55,longship,official,1,0,rating,b,b,0.0,core_destroyed,49,,195,100,7,9,9,100,10,13,ok,,4.119,n-62-21-91,29004097,2026-08-02T12:47:15+0200
26d1efd3dca43412,auto-10d581bed771,tempest_reinforcements@65ddc55,tempest_reinforcements,65ddc55,vg_v2@9713344,vg_v2,9713344,quarry,official,1,0,rating,a,a,1.0,core_destroyed,57,,10,100,11,8,76,100,6,16,ok,,3.748,n-62-31-17,29004097,2026-08-02T12:49:40+0200
26dacc6de90976b8,auto-10d581bed771,tempest_reinforcements@65ddc55,tempest_reinforcements,65ddc55,vanguard@9932bec,vanguard,9932bec,skerry,official,1,0,rating,a,a,1.0,core_destroyed,57,,39,230,13,9,110,340,5,9,ok,,4.535,n-62-29-15,29004097,2026-08-02T12:48:13+0200
26ec4b99e20187ae,auto-10d581bed771,undertow_oracle@75591b7,undertow_oracle,75591b7,tempest_reinforcements@65ddc55,tempest_reinforcements,65ddc55,jackpot,official,1,0,rating,b,b,0.0,core_destroyed,95,,85,460,4,21,3,430,16,18,ok,,5.56,n-62-31-22,29004097,2026-08-02T12:48:52+0200
27129a397a5929b7,auto-10d581bed771,tempest_picket@fdc1e1f,tempest_picket,fdc1e1f,tempest_reinforcements@65ddc55,tempest_reinforcements,65ddc55,aurora,official,1,0,rating,b,b,0.0,core_destroyed,46,,58,0,12,3,10,90,9,11,ok,,4.672,n-62-21-2,29004097,2026-08-02T12:47:09+0200
2733933f83317393,auto-10d581bed771,tempest_reinforcements@65ddc55,tempest_reinforcements,65ddc55,tempest_frontier@fdc1e1f,tempest_frontier,fdc1e1f,sprint,official,1,0,rating,b,b,0.0,core_destroyed,25,,9,40,9,5,60,40,8,7,ok,,4.857,n-62-21-18,29004097,2026-08-02T12:47:20+0200
2740edabfe959114,auto-10d581bed771,undertow_oracle@75591b7,undertow_oracle,75591b7,tempest_reinforcements@65ddc55,tempest_reinforcements,65ddc55,skerry,official,1,0,rating,b,b,0.0,core_destroyed,41,,17,180,11,10,9,90,12,5,ok,,5.161,n-62-31-24,29004097,2026-08-02T12:47:41+0200
2745de2e84e939a6,auto-10d581bed771,tempest_reinforcements@65ddc55,tempest_reinforcements,65ddc55,mistral_fast@26b5aa1,mistral_fast,26b5aa1,aurora,official,1,0,rating,a,a,1.0,core_destroyed,40,,30,80,11,8,324,0,4,0,ok,,3.702,n-62-31-7,29004097,2026-08-02T12:46:35+0200
27578025bcf63346,auto-10d581bed771,tempest_reinforcements@edf93ad,tempest_reinforcements,edf93ad,tempest_reinforcements@65ddc55,tempest_reinforcements,65ddc55,crossfire,official,1,0,rating,b,b,0.0,core_destroyed,35,,8,70,12,5,7,70,6,6,ok,,4.079,n-62-12-67,29004097,2026-08-02T12:46:46+0200
275fc52446089316,auto-10d581bed771,tempest_reinforcements@65ddc55,tempest_reinforcements,65ddc55,vg_v1@9713344,vg_v1,9713344,sweden,official,1,0,rating,a,a,1.0,core_destroyed,612,,120,5200,46,54,1555,1040,4,6,ok,,20.629,n-62-31-14,29004097,2026-08-02T12:48:39+0200
27681291d6346b77,auto-10d581bed771,tempest_reinforcements@65ddc55,tempest_reinforcements,65ddc55,vanguard_oracle@902be71,vanguard_oracle,902be71,duel,official,1,0,rating,b,b,0.0,core_destroyed,23,,19,50,9,3,59,50,12,3,ok,,3.674,n-62-29-16,29004097,2026-08-02T12:49:24+0200
27684e59c9230dc7,auto-10d581bed771,casemate_oracle@902be71,casemate_oracle,902be71,tempest_reinforcements@65ddc55,tempest_reinforcements,65ddc55,sweden,official,1,0,rating,b,b,0.0,core_destroyed,44,,235,0,4,18,20,0,10,6,ok,,4.252,n-62-11-64,29004097,2026-08-02T12:47:00+0200
2769d53152be290b,auto-10d581bed771,tempest_reinforcements@65ddc55,tempest_reinforcements,65ddc55,e_final@9e77076,e_final,9e77076,pinch,official,1,0,rating,a,a,1.0,core_destroyed,29,,9,0,10,4,29,0,9,0,ok,,3.711,n-62-21-98,29004097,2026-08-02T12:47:33+0200
2779f43029e0a90c,auto-10d581bed771,tempest_reinforcements@65ddc55,tempest_reinforcements,65ddc55,vanguard_oracle@902be71,vanguard_oracle,902be71,runestone,official,1,0,rating,a,a,1.0,core_destroyed,37,,10,0,11,5,127,120,8,10,ok,,3.837,n-62-29-32,29004097,2026-08-02T12:48:45+0200
2780fcf76c8e8004,auto-10d581bed771,tempest_reinforcements@65ddc55,tempest_reinforcements,65ddc55,turtle@9713344,turtle,9713344,sweden,official,1,0,rating,a,a,1.0,titanium_collected,1000,,3095,9090,49,54,3138,1210,1,8,ok,,29.449,n-62-21-62,29004097,2026-08-02T12:46:38+0200
278185f289a85f4f,auto-10d581bed771,tempest@da3fd8a,tempest,da3fd8a,tempest_reinforcements@65ddc55,tempest_reinforcements,65ddc55,runestone,official,1,0,rating,b,b,0.0,core_destroyed,34,,237,50,5,6,8,0,11,5,ok,,4.979,n-62-11-56,29004097,2026-08-02T12:47:57+0200
279a0088cc33c2d6,auto-10d581bed771,tempest_reinforcements@65ddc55,tempest_reinforcements,65ddc55,uw_v2@9713344,uw_v2,9713344,atoll,official,1,0,rating,a,a,1.0,core_destroyed,47,,10,100,11,6,118,200,8,11,ok,,3.996,n-62-11-61,29004097,2026-08-02T12:47:38+0200
27fc5a72c0fc3429,auto-10d581bed771,tempest_reinforcements@65ddc55,tempest_reinforcements,65ddc55,claude_challenger_2@fdc1e1f,claude_challenger_2,fdc1e1f,fjord,official,1,0,rating,a,a,1.0,core_destroyed,33,,30,110,10,8,116,130,10,6,ok,,5.404,n-62-11-68,29004097,2026-08-02T12:46:24+0200
2824eb9da0e8c1cd,auto-10d581bed771,tempest_reinforcements@65ddc55,tempest_reinforcements,65ddc55,e_final@9e77076,e_final,9e77076,twins,official,1,0,rating,a,a,1.0,core_destroyed,46,,10,90,11,9,15,80,8,19,ok,,4.01,n-62-21-99,29004097,2026-08-02T12:47:20+0200
2825f8cce1aeaaf7,auto-10d581bed771,tempest_reinforcements@edf93ad,tempest_reinforcements,edf93ad,tempest_reinforcements@65ddc55,tempest_reinforcements,65ddc55,skerry,official,1,0,rating,a,a,1.0,core_destroyed,37,,41,80,12,5,20,80,11,4,ok,,5.733,n-62-21-55,29004097,2026-08-02T12:46:54+0200
282e3b7bbd08f5ce,auto-10d581bed771,vg_v3@9713344,vg_v3,9713344,tempest_reinforcements@65ddc55,tempest_reinforcements,65ddc55,duel,official,1,0,rating,b,b,0.0,core_destroyed,46,,117,100,6,4,11,100,11,5,ok,,3.911,n-62-31-7,29004097,2026-08-02T12:48:46+0200
2852386358f2ae82,auto-10d581bed771,tempest_reinforcements@65ddc55,tempest_reinforcements,65ddc55,mistral@ba943b9,mistral,ba943b9,hive,official,1,0,rating,a,a,1.0,core_destroyed,43,,9,80,11,11,280,0,5,0,ok,,7.84,n-62-31-14,29004097,2026-08-02T12:47:26+0200
28662bcffd10a601,auto-10d581bed771,tempest_reinforcements@65ddc55,tempest_reinforcements,65ddc55,tempest@da3fd8a,tempest,da3fd8a,longship,official,1,0,rating,b,b,0.0,core_destroyed,34,,1,60,11,11,58,0,10,4,ok,,5.329,n-62-11-56,29004097,2026-08-02T12:47:17+0200
287d14f68955d172,auto-10d581bed771,tempest_reinforcements@edf93ad,tempest_reinforcements,edf93ad,tempest_reinforcements@65ddc55,tempest_reinforcements,65ddc55,quarry,official,1,0,rating,a,a,1.0,core_destroyed,48,,25,80,13,8,16,0,10,5,ok,,6.355,n-62-21-55,29004097,2026-08-02T12:46:21+0200
287e2f404e1155a4,auto-10d581bed771,tempest_reinforcements@65ddc55,tempest_reinforcements,65ddc55,casemate@902be71,casemate,902be71,bridge,official,1,0,rating,a,a,1.0,core_destroyed,180,,21,930,23,26,538,0,4,9,ok,,6.183,n-62-11-60,29004097,2026-08-02T12:47:24+0200
288b186b004fdaf9,auto-10d581bed771,tempest_reinforcements@65ddc55,tempest_reinforcements,65ddc55,casemate_oracle@902be71,casemate_oracle,902be71,jackpot,official,1,0,rating,a,a,1.0,core_destroyed,54,,10,150,10,13,311,0,3,6,ok,,3.52,n-62-11-63,29004097,2026-08-02T12:46:24+0200
289056ef14a7e330,auto-10d581bed771,tempest_outer@fdc1e1f,tempest_outer,fdc1e1f,tempest_reinforcements@65ddc55,tempest_reinforcements,65ddc55,runestone,official,1,0,rating,b,b,0.0,core_destroyed,34,,237,50,5,6,8,0,11,5,ok,,3.533,n-62-21-13,29004097,2026-08-02T12:47:01+0200
28a0a284fcd34657,auto-10d581bed771,tempest_reinforcements@65ddc55,tempest_reinforcements,65ddc55,uw_v2@9713344,uw_v2,9713344,sweden,official,1,0,rating,b,b,0.0,core_destroyed,102,,13,400,15,16,235,660,9,25,ok,,4.687,n-62-11-62,29004097,2026-08-02T12:48:35+0200
29051a1d5104f475,auto-10d581bed771,tempest_frontier@fdc1e1f,tempest_frontier,fdc1e1f,tempest_reinforcements@65ddc55,tempest_reinforcements,65ddc55,skerry,official,1,0,rating,b,b,0.0,core_destroyed,39,,201,0,7,2,10,90,10,5,ok,,4.964,n-62-21-18,29004097,2026-08-02T12:47:15+0200
29158374302bab7f,auto-10d581bed771,tempest_reinforcements@edf93ad,tempest_reinforcements,edf93ad,tempest_reinforcements@65ddc55,tempest_reinforcements,65ddc55,hive,official,1,0,rating,b,b,0.0,core_destroyed,64,,20,130,12,6,16,100,10,4,ok,,4.737,n-62-12-67,29004097,2026-08-02T12:47:12+0200
293b521277dcd762,auto-10d581bed771,attack_wave_v1@9713344,attack_wave_v1,9713344,tempest_reinforcements@65ddc55,tempest_reinforcements,65ddc55,strait,official,1,0,rating,b,b,0.0,core_destroyed,52,,191,0,6,4,20,0,11,5,ok,,3.895,n-62-31-22,29004097,2026-08-02T12:46:56+0200
294a335b6ffddb99,auto-10d581bed771,tempest_reinforcements@65ddc55,tempest_reinforcements,65ddc55,v233_c@9713344,v233_c,9713344,aurora,official,1,0,rating,a,a,1.0,core_destroyed,44,,30,90,11,8,107,80,8,8,ok,,3.754,n-62-11-68,29004097,2026-08-02T12:48:11+0200
29b5da905cfdb3e4,auto-10d581bed771,tempest_reinforcements@65ddc55,tempest_reinforcements,65ddc55,vg_v6@9713344,vg_v6,9713344,sweden,official,1,0,rating,a,a,1.0,core_destroyed,503,,52,4100,45,54,1135,990,2,3,ok,,15.092,n-62-11-54,29004097,2026-08-02T12:49:05+0200
29c5dcc9471777af,auto-10d581bed771,tempest_blindfire@fdc1e1f,tempest_blindfire,fdc1e1f,tempest_reinforcements@65ddc55,tempest_reinforcements,65ddc55,sprint,official,1,0,rating,a,a,1.0,core_destroyed,29,,41,0,10,4,21,40,7,4,ok,,4.202,n-62-21-89,29004097,2026-08-02T12:46:42+0200
29ff742fa56d6207,auto-10d581bed771,vanguard_oracle@902be71,vanguard_oracle,902be71,tempest_reinforcements@65ddc55,tempest_reinforcements,65ddc55,aurora,official,1,0,rating,b,b,0.0,core_destroyed,49,,127,200,8,8,20,100,11,11,ok,,4.505,n-62-29-16,29004097,2026-08-02T12:48:47+0200
29ff88e4e0a82ff6,auto-10d581bed771,siege_v1@9713344,siege_v1,9713344,tempest_reinforcements@65ddc55,tempest_reinforcements,65ddc55,runestone,official,1,0,rating,b,b,0.0,core_destroyed,32,,229,0,6,2,20,0,11,5,ok,,3.188,n-62-11-59,29004097,2026-08-02T12:47:03+0200
2a3c6ed252b50dec,auto-10d581bed771,tempest_reinforcements@65ddc55,tempest_reinforcements,65ddc55,tempest_frontier@fdc1e1f,tempest_frontier,fdc1e1f,sweden,official,1,0,rating,b,b,0.0,core_destroyed,125,,21,570,17,16,389,0,4,7,ok,,6.243,n-62-21-18,29004097,2026-08-02T12:47:52+0200
2a432dc0637dd854,auto-10d581bed771,vg_v3@9713344,vg_v3,9713344,tempest_reinforcements@65ddc55,tempest_reinforcements,65ddc55,skerry,official,1,0,rating,b,b,0.0,core_destroyed,52,,92,0,6,4,20,120,13,5,ok,,4.293,n-62-31-18,29004097,2026-08-02T12:48:10+0200
2abb86cb1e337d51,auto-10d581bed771,vg_v6@9713344,vg_v6,9713344,tempest_reinforcements@65ddc55,tempest_reinforcements,65ddc55,jackpot,official,1,0,rating,b,b,0.0,core_destroyed,61,,87,0,4,1,25,220,11,17,ok,,3.141,n-62-11-57,29004097,2026-08-02T12:49:47+0200
2ad475ab5a1be29e,auto-10d581bed771,tempest_reinforcements@65ddc55,tempest_reinforcements,65ddc55,tempest_reinforcements@51ad530,tempest_reinforcements,51ad530,fjord,official,1,0,rating,a,a,1.0,core_destroyed,28,,17,50,10,5,18,50,12,4,ok,,4.255,n-62-13-6,29004097,2026-08-02T12:46:31+0200
2ad781873a717a12,auto-10d581bed771,v233_e@9713344,v233_e,9713344,tempest_reinforcements@65ddc55,tempest_reinforcements,65ddc55,fjord,official,1,0,rating,b,b,0.0,core_destroyed,49,,64,210,9,8,12,110,12,5,ok,,4.445,n-62-21-103,29004097,2026-08-02T12:47:50+0200
2adc0af401180b38,auto-10d581bed771,undertow_oracle@75591b7,undertow_oracle,75591b7,tempest_reinforcements@65ddc55,tempest_reinforcements,65ddc55,strait,official,1,0,rating,b,b,0.0,core_destroyed,73,,113,130,9,14,10,0,11,5,ok,,4.905,n-62-31-24,29004097,2026-08-02T12:48:00+0200
2af9245b1bef67c6,auto-10d581bed771,tempest_reinforcements@65ddc55,tempest_reinforcements,65ddc55,tempest_reinforcements@edf93ad,tempest_reinforcements,edf93ad,string,official,1,0,rating,b,b,0.0,core_destroyed,439,,30,170,1,1,39,1670,24,11,ok,,18.154,n-62-21-55,29004097,2026-08-02T12:47:34+0200
2af9ebfacb87a281,auto-10d581bed771,e_t4l7@9e77076,e_t4l7,9e77076,tempest_reinforcements@65ddc55,tempest_reinforcements,65ddc55,bridge,official,1,0,rating,b,b,0.0,core_destroyed,53,,41,80,6,15,10,0,10,8,ok,,2.988,n-62-29-15,29004097,2026-08-02T12:47:03+0200
2b3d34cb153ad90b,auto-10d581bed771,tempest_reinforcements@65ddc55,tempest_reinforcements,65ddc55,vg_v4@9713344,vg_v4,9713344,sprint,official,1,0,rating,a,a,1.0,core_destroyed,34,,10,60,10,7,117,90,3,6,ok,,2.982,n-62-31-16,29004097,2026-08-02T12:48:22+0200
2b4288fb8dc0109c,auto-10d581bed771,tempest_reinforcements@65ddc55,tempest_reinforcements,65ddc55,jonbot_190003d@da3fd8a,jonbot_190003d,da3fd8a,jackpot,official,1,0,rating,a,a,1.0,core_destroyed,53,,20,120,11,7,257,100,6,6,ok,,4.506,n-62-29-32,29004097,2026-08-02T12:47:00+0200
2b45bbc0a8794422,auto-10d581bed771,tempest_reinforcements@65ddc55,tempest_reinforcements,65ddc55,lockin@9713344,lockin,9713344,crossfire,official,1,0,rating,a,a,1.0,core_destroyed,38,,10,80,11,6,253,0,6,2,ok,,4.562,n-62-30-23,29004097,2026-08-02T12:46:32+0200
2b4d771c10934731,auto-10d581bed771,tempest_reinforcements@65ddc55,tempest_reinforcements,65ddc55,tempest_outer@fdc1e1f,tempest_outer,fdc1e1f,skerry,official,1,0,rating,a,a,1.0,core_destroyed,39,,10,80,9,5,227,0,7,1,ok,,4.034,n-62-21-13,29004097,2026-08-02T12:47:14+0200
2b50e470e7fcb234,auto-10d581bed771,vanguard_oracle@902be71,vanguard_oracle,902be71,tempest_reinforcements@65ddc55,tempest_reinforcements,65ddc55,showdown,official,1,0,rating,a,a,1.0,core_destroyed,43,,56,0,6,1,9,0,8,7,ok,,3.735,n-62-29-32,29004097,2026-08-02T12:49:00+0200
2b51bd3e35e84ac5,auto-10d581bed771,tempest@da3fd8a,tempest,da3fd8a,tempest_reinforcements@65ddc55,tempest_reinforcements,65ddc55,skerry,official,1,0,rating,b,b,0.0,core_destroyed,38,,231,0,6,2,20,90,9,5,ok,,6.136,n-62-21-90,29004097,2026-08-02T12:46:30+0200
2b7d0a5559e22e7a,auto-10d581bed771,tempest_reinforcements@025dd51,tempest_reinforcements,025dd51,tempest_reinforcements@65ddc55,tempest_reinforcements,65ddc55,hive,official,1,0,rating,b,b,0.0,core_destroyed,64,,20,130,12,6,16,100,10,4,ok,,6.214,n-62-21-24,29004097,2026-08-02T12:46:43+0200
2b855b0c0c9564d0,auto-10d581bed771,tempest_reinforcements@65ddc55,tempest_reinforcements,65ddc55,mistral@ba943b9,mistral,ba943b9,string,official,1,0,rating,a,a,1.0,core_destroyed,31,,20,100,9,10,240,0,3,0,ok,,3.304,n-62-31-17,29004097,2026-08-02T12:47:20+0200
2b8d971a585f2b27,auto-10d581bed771,tempest_reinforcements@65ddc55,tempest_reinforcements,65ddc55,tempest_blindfire@fdc1e1f,tempest_blindfire,fdc1e1f,atoll,official,1,0,rating,b,b,0.0,core_destroyed,32,,19,60,9,5,77,70,11,6,ok,,4.198,n-62-21-90,29004097,2026-08-02T12:47:42+0200
2bbc93ca00779e8c,auto-10d581bed771,tempest_reinforcements@65ddc55,tempest_reinforcements,65ddc55,siege_v2@9713344,siege_v2,9713344,sprint,official,1,0,rating,a,a,1.0,core_destroyed,37,,10,70,11,6,200,0,5,3,ok,,3.221,n-62-11-52,29004097,2026-08-02T12:46:18+0200
2bdb2ee319c4f98a,auto-10d581bed771,e_condc@6db8844,e_condc,6db8844,tempest_reinforcements@65ddc55,tempest_reinforcements,65ddc55,string,official,1,0,rating,b,b,0.0,core_destroyed,228,,57,0,1,0,112,1460,27,16,ok,,7.892,n-62-21-97,29004097,2026-08-02T12:47:33+0200
2beb96972df2f632,auto-10d581bed771,e_harc@6db8844,e_harc,6db8844,tempest_reinforcements@65ddc55,tempest_reinforcements,65ddc55,vault,official,1,0,rating,b,b,0.0,core_destroyed,75,,90,130,9,8,10,320,13,21,ok,,4.826,n-62-29-20,29004097,2026-08-02T12:46:28+0200
2c029cdf1f08d48f,auto-10d581bed771,tempest_reinforcements@65ddc55,tempest_reinforcements,65ddc55,v233_e@9713344,v233_e,9713344,aurora,official,1,0,rating,a,a,1.0,core_destroyed,48,,30,100,11,8,114,190,8,13,ok,,3.949,n-62-31-11,29004097,2026-08-02T12:49:01+0200
2c0aefddfd8e92dd,auto-10d581bed771,vg_v1@9713344,vg_v1,9713344,tempest_reinforcements@65ddc55,tempest_reinforcements,65ddc55,aurora,official,1,0,rating,b,b,0.0,core_destroyed,67,,106,140,4,7,20,150,13,11,ok,,4.243,n-62-30-23,29004097,2026-08-02T12:48:58+0200
2c139824ef9cd4b7,auto-10d581bed771,claude_challenger_3@fdc1e1f,claude_challenger_3,fdc1e1f,tempest_reinforcements@65ddc55,tempest_reinforcements,65ddc55,twins,official,1,0,rating,b,b,0.0,core_destroyed,75,,37,310,8,10,10,0,10,9,ok,,8.19,n-62-31-10,29004097,2026-08-02T12:47:21+0200
2c13f0a51c10eda5,auto-10d581bed771,tempest_reinforcements@65ddc55,tempest_reinforcements,65ddc55,v233_a@9713344,v233_a,9713344,hive,official,1,0,rating,a,a,1.0,core_destroyed,49,,10,100,12,11,92,0,6,7,ok,,3.407,n-62-11-63,29004097,2026-08-02T12:49:18+0200
2c482781a45edd03,auto-10d581bed771,e9cand@9e77076,e9cand,9e77076,tempest_reinforcements@65ddc55,tempest_reinforcements,65ddc55,quarry,official,1,0,rating,b,b,0.0,core_destroyed,74,,56,0,9,3,10,0,11,6,ok,,4.385,n-62-31-11,29004097,2026-08-02T12:48:07+0200
2c4cad3348f92144,auto-10d581bed771,tempest_blindfire@fdc1e1f,tempest_blindfire,fdc1e1f,tempest_reinforcements@65ddc55,tempest_reinforcements,65ddc55,fjord,official,1,0,rating,b,b,0.0,core_destroyed,28,,192,0,7,2,30,60,9,5,ok,,3.747,n-62-21-91,29004097,2026-08-02T12:46:50+0200
2c59f099d20802bf,auto-10d581bed771,attack_wave_v1@9713344,attack_wave_v1,9713344,tempest_reinforcements@65ddc55,tempest_reinforcements,65ddc55,crossfire,official,1,0,rating,b,b,0.0,core_destroyed,35,,146,0,6,4,10,70,11,6,ok,,3.592,n-62-31-5,29004097,2026-08-02T12:46:44+0200
2c6317eaf5fc72ec,auto-10d581bed771,tempest_sentinel@fdc1e1f,tempest_sentinel,fdc1e1f,tempest_reinforcements@65ddc55,tempest_reinforcements,65ddc55,pinch,official,1,0,rating,b,b,0.0,core_destroyed,26,,57,0,7,3,10,0,10,4,ok,,3.507,n-62-21-56,29004097,2026-08-02T12:46:17+0200
2c6f3de3bbc0ead8,auto-10d581bed771,tempest_blindfire@fdc1e1f,tempest_blindfire,fdc1e1f,tempest_reinforcements@65ddc55,tempest_reinforcements,65ddc55,quarry,official,1,0,rating,a,a,1.0,core_destroyed,57,,144,0,7,6,10,0,9,5,ok,,4.22,n-62-21-91,29004097,2026-08-02T12:47:32+0200
2c90982110d6c599,auto-10d581bed771,tempest_reinforcements@65ddc55,tempest_reinforcements,65ddc55,tempest_reinforcements@025dd51,tempest_reinforcements,025dd51,crossfire,official,1,0,rating,b,b,0.0,core_destroyed,31,,8,60,11,5,0,60,10,6,ok,,4.864,n-62-21-23,29004097,2026-08-02T12:47:42+0200
2cb6d18291f991cf,auto-10d581bed771,tempest_reinforcements@65ddc55,tempest_reinforcements,65ddc55,undertow@da3fd8a,undertow,da3fd8a,twins,official,1,0,rating,a,a,1.0,core_destroyed,48,,19,100,11,8,69,250,12,13,ok,,4.963,n-62-21-66,29004097,2026-08-02T12:46:50+0200
2cc1583932353886,auto-10d581bed771,tempest_reinforcements@51ad530,tempest_reinforcements,51ad530,tempest_reinforcements@65ddc55,tempest_reinforcements,65ddc55,vase,official,1,0,rating,b,b,0.0,core_destroyed,112,,10,0,12,4,16,0,7,6,ok,,6.719,n-62-13-8,29004097,2026-08-02T12:48:02+0200
2cc9d4780a67d491,auto-10d581bed771,tempest_reinforcements@65ddc55,tempest_reinforcements,65ddc55,vanguard@818f3b4,vanguard,818f3b4,string,official,1,0,rating,a,a,1.0,core_destroyed,120,,118,550,18,10,87,170,4,4,ok,,5.695,n-62-29-19,29004097,2026-08-02T12:48:32+0200
2cda3f02270a19ea,auto-10d581bed771,tempest_reinforcements@65ddc55,tempest_reinforcements,65ddc55,tempest_reinforcements@025dd51,tempest_reinforcements,025dd51,twins,official,1,0,rating,a,a,1.0,core_destroyed,37,,18,70,10,6,14,0,11,4,ok,,3.996,n-62-13-7,29004097,2026-08-02T12:46:56+0200
2cf5fa82db9db863,auto-10d581bed771,tempest_fast@eb1f0f3,tempest_fast,eb1f0f3,tempest_reinforcements@65ddc55,tempest_reinforcements,65ddc55,sweden,official,1,0,rating,b,b,0.0,core_destroyed,42,,290,0,4,7,10,0,10,6,ok,,2.722,n-62-12-3,29004097,2026-08-02T12:47:10+0200
2cf7ebea12ce191c,auto-10d581bed771,vanguard@da3fd8a,vanguard,da3fd8a,tempest_reinforcements@65ddc55,tempest_reinforcements,65ddc55,pinch,official,1,0,rating,b,b,0.0,core_destroyed,25,,73,0,6,3,10,40,10,8,ok,,2.869,n-62-29-29,29004097,2026-08-02T12:48:03+0200
2cf9084e69704695,auto-10d581bed771,tempest_reinforcements@65ddc55,tempest_reinforcements,65ddc55,tempest_frontier@fdc1e1f,tempest_frontier,fdc1e1f,skerry,official,1,0,rating,a,a,1.0,core_destroyed,40,,23,90,11,5,212,0,7,1,ok,,5.384,n-62-21-18,29004097,2026-08-02T12:47:10+0200
2d04605cfd4d4bba,auto-10d581bed771,vg_v3@9713344,vg_v3,9713344,tempest_reinforcements@65ddc55,tempest_reinforcements,65ddc55,quarry,official,1,0,rating,b,b,0.0,core_destroyed,69,,87,160,6,14,10,0,11,6,ok,,3.656,n-62-31-7,29004097,2026-08-02T12:49:36+0200
2d3b3a8a5830556e,auto-10d581bed771,tempest_reinforcements@65ddc55,tempest_reinforcements,65ddc55,undertow@fdc1e1f,undertow,fdc1e1f,longship,official,1,0,rating,a,a,1.0,core_destroyed,49,,9,100,11,12,59,190,11,14,ok,,4.918,n-62-21-67,29004097,2026-08-02T12:46:52+0200
2d53808ef4b26e1c,auto-10d581bed771,tempest_frontier@fdc1e1f,tempest_frontier,fdc1e1f,tempest_reinforcements@65ddc55,tempest_reinforcements,65ddc55,aurora,official,1,0,rating,b,b,0.0,core_destroyed,46,,58,0,12,3,10,90,9,11,ok,,5.047,n-62-12-7,29004097,2026-08-02T12:46:46+0200
2d63ff077becf8f2,auto-10d581bed771,tempest_reinforcements@65ddc55,tempest_reinforcements,65ddc55,e_final@9e77076,e_final,9e77076,quarry,official,1,0,rating,a,a,1.0,core_destroyed,40,,14,0,11,6,81,60,7,8,ok,,4.328,n-62-21-99,29004097,2026-08-02T12:46:13+0200
2d81d5777a95a944,auto-10d581bed771,claude_challenger_3@fdc1e1f,claude_challenger_3,fdc1e1f,tempest_reinforcements@65ddc55,tempest_reinforcements,65ddc55,vault,official,1,0,rating,b,b,0.0,core_destroyed,47,,264,200,10,6,2,180,11,18,ok,,5.918,n-62-31-10,29004097,2026-08-02T12:47:40+0200
2d854f28d6c9e4fc,auto-10d581bed771,vanguard@c407e79,vanguard,c407e79,tempest_reinforcements@65ddc55,tempest_reinforcements,65ddc55,longship,official,1,0,rating,b,b,0.0,core_destroyed,57,,107,240,12,9,10,120,11,14,ok,,4.345,n-62-29-22,29004097,2026-08-02T12:47:47+0200
2d8a1714396bdfd7,auto-10d581bed771,tempest_reinforcements@65ddc55,tempest_reinforcements,65ddc55,undertow_oracle@75591b7,undertow_oracle,75591b7,skerry,official,1,0,rating,a,a,1.0,core_destroyed,48,,30,190,10,9,68,290,12,12,ok,,5.457,n-62-31-24,29004097,2026-08-02T12:47:36+0200
2d962d50965c26de,auto-10d581bed771,casemate_oracle@902be71,casemate_oracle,902be71,tempest_reinforcements@65ddc55,tempest_reinforcements,65ddc55,duel,official,1,0,rating,a,a,1.0,core_destroyed,37,,15,0,8,6,10,90,8,4,ok,,3.52,n-62-11-62,29004097,2026-08-02T12:48:29+0200
2d994367a0d13072,auto-10d581bed771,mistral@ba943b9,mistral,ba943b9,tempest_reinforcements@65ddc55,tempest_reinforcements,65ddc55,aurora,official,1,0,rating,b,b,0.0,core_destroyed,44,,198,0,9,0,20,90,11,11,ok,,8.468,n-62-31-14,29004097,2026-08-02T12:46:38+0200
2da0fe7bad8adb29,auto-10d581bed771,tempest_reinforcements@65ddc55,tempest_reinforcements,65ddc55,jonbot_190003d@da3fd8a,jonbot_190003d,da3fd8a,sprint,official,1,0,rating,a,a,1.0,core_destroyed,55,,10,0,7,3,181,220,9,13,ok,,3.951,n-62-29-34,29004097,2026-08-02T12:46:31+0200
2dbb5b26d83a7e9f,auto-10d581bed771,tempest_reinforcements@65ddc55,tempest_reinforcements,65ddc55,e_post2@4a95297,e_post2,4a95297,quarry,official,1,0,rating,a,a,1.0,core_destroyed,41,,10,0,11,6,94,0,8,6,ok,,3.873,n-62-29-24,29004097,2026-08-02T12:46:28+0200
2df40f326890f8a9,auto-10d581bed771,claude_challenger_1@fdc1e1f,claude_challenger_1,fdc1e1f,tempest_reinforcements@65ddc55,tempest_reinforcements,65ddc55,jackpot,official,1,0,rating,b,b,0.0,core_destroyed,37,,590,0,0,0,20,80,11,7,ok,,2.687,n-62-11-65,29004097,2026-08-02T12:46:40+0200
2df80104b415ad77,auto-10d581bed771,turtle@9713344,turtle,9713344,tempest_reinforcements@65ddc55,tempest_reinforcements,65ddc55,longship,official,1,0,rating,b,b,0.0,core_destroyed,100,,388,390,9,15,56,400,11,29,ok,,4.91,n-62-21-61,29004097,2026-08-02T12:46:28+0200
2df8a3dbb92f054e,auto-10d581bed771,tempest_reinforcements@65ddc55,tempest_reinforcements,65ddc55,tempest@da3fd8a,tempest,da3fd8a,bridge,official,1,0,rating,a,a,1.0,core_destroyed,180,,120,930,21,28,828,240,4,8,ok,,7.144,n-62-11-56,29004097,2026-08-02T12:46:15+0200
2e1a2ccb589bfece,auto-10d581bed771,v233_g@9713344,v233_g,9713344,tempest_reinforcements@65ddc55,tempest_reinforcements,65ddc55,jackpot,official,1,0,rating,b,b,0.0,core_destroyed,45,,112,170,6,12,20,100,12,7,ok,,3.75,n-62-21-99,29004097,2026-08-02T12:48:24+0200
2e3111662194e655,auto-10d581bed771,tempest_reinforcements@edf93ad,tempest_reinforcements,edf93ad,tempest_reinforcements@65ddc55,tempest_reinforcements,65ddc55,aurora,official,1,0,rating,a,a,1.0,core_destroyed,40,,36,80,11,8,20,70,11,9,ok,,4.549,n-62-12-67,29004097,2026-08-02T12:46:27+0200
2e870004fdcf631a,auto-10d581bed771,tempest_reinforcements@65ddc55,tempest_reinforcements,65ddc55,jonbot@9713344,jonbot,9713344,bridge,official,1,0,rating,a,a,1.0,core_destroyed,78,,10,0,12,8,328,0,4,0,ok,,3.186,n-62-29-29,29004097,2026-08-02T12:47:16+0200
2e9eeccbd7870ff7,auto-10d581bed771,tempest_reinforcements@65ddc55,tempest_reinforcements,65ddc55,vanguard_oracle@75591b7,vanguard_oracle,75591b7,vase,official,1,0,rating,a,a,1.0,core_destroyed,86,,10,0,11,3,57,0,8,3,ok,,4.614,n-62-29-16,29004097,2026-08-02T12:48:15+0200
2ece72213cf82d7c,auto-10d581bed771,tempest_reinforcements@65ddc55,tempest_reinforcements,65ddc55,vg_v2@9713344,vg_v2,9713344,fjord,official,1,0,rating,a,a,1.0,core_destroyed,40,,20,80,11,5,115,0,5,3,ok,,3.465,n-62-31-17,29004097,2026-08-02T12:48:59+0200
2ecfedf1404714a8,auto-10d581bed771,tempest_reinforcements@65ddc55,tempest_reinforcements,65ddc55,baiter@9713344,baiter,9713344,strait,official,1,0,rating,a,a,1.0,core_destroyed,72,,20,160,13,11,100,310,7,16,ok,,5.249,n-62-31-23,29004097,2026-08-02T12:47:26+0200
2ed7808c8e9bbcb2,auto-10d581bed771,vg_v1@9713344,vg_v1,9713344,tempest_reinforcements@65ddc55,tempest_reinforcements,65ddc55,atoll,official,1,0,rating,b,b,0.0,core_destroyed,45,,83,90,4,7,10,100,12,6,ok,,3.76,n-62-30-23,29004097,2026-08-02T12:48:50+0200
2edd94742cfe25df,auto-10d581bed771,v233_g@9713344,v233_g,9713344,tempest_reinforcements@65ddc55,tempest_reinforcements,65ddc55,skerry,official,1,0,rating,b,b,0.0,core_destroyed,59,,127,380,11,9,10,210,13,9,ok,,4.582,n-62-29-18,29004097,2026-08-02T12:47:50+0200
2eedc00b4532ecfc,auto-10d581bed771,tempest_reinforcements@65ddc55,tempest_reinforcements,65ddc55,vanguard_oracle@75591b7,vanguard_oracle,75591b7,sweden,official,1,0,rating,b,b,0.0,core_destroyed,92,,16,0,11,7,159,370,10,13,ok,,4.806,n-62-29-16,29004097,2026-08-02T12:47:57+0200
2eee45d77c58c40c,auto-10d581bed771,vg_v6@9713344,vg_v6,9713344,tempest_reinforcements@65ddc55,tempest_reinforcements,65ddc55,skerry,official,1,0,rating,b,b,0.0,core_destroyed,52,,92,0,6,4,20,120,13,5,ok,,3.671,n-62-11-54,29004097,2026-08-02T12:48:29+0200
2efcd0441d69319e,auto-10d581bed771,tempest_reinforcements@e1dc316,tempest_reinforcements,e1dc316,tempest_reinforcements@65ddc55,tempest_reinforcements,65ddc55,crossfire,official,1,0,rating,b,b,0.0,core_destroyed,36,,15,70,12,5,26,80,6,6,ok,,4.335,n-62-12-64,29004097,2026-08-02T12:46:39+0200
2efcf91642dd4559,auto-10d581bed771,tempest_reinforcements@65ddc55,tempest_reinforcements,65ddc55,claude_challenger_3@fdc1e1f,claude_challenger_3,fdc1e1f,runestone,official,1,0,rating,a,a,1.0,core_destroyed,42,,10,0,11,5,3,70,12,7,ok,,5.448,n-62-31-9,29004097,2026-08-02T12:47:34+0200
2f0026a0ca7c5c0b,auto-10d581bed771,undertow@fdc1e1f,undertow,fdc1e1f,tempest_reinforcements@65ddc55,tempest_reinforcements,65ddc55,showdown,official,1,0,rating,b,b,0.0,core_destroyed,101,,54,0,6,11,6,0,10,8,ok,,4.363,n-62-21-67,29004097,2026-08-02T12:47:32+0200
2f461da90e8276a7,auto-10d581bed771,tempest_reinforcements@65ddc55,tempest_reinforcements,65ddc55,autistimusprime@ecd4d24,autistimusprime,ecd4d24,duel,official,1,0,rating,b,b,0.0,core_destroyed,31,,9,70,10,4,25,60,11,4,ok,,4.504,n-62-31-24,29004097,2026-08-02T12:47:03+0200
2f4f586e8c86cbe3,auto-10d581bed771,tempest_reinforcements@65ddc55,tempest_reinforcements,65ddc55,titanium_v1@9713344,titanium_v1,9713344,bridge,official,1,0,rating,a,a,1.0,core_destroyed,260,,52,1850,28,31,883,0,3,3,ok,,8.524,n-62-21-57,29004097,2026-08-02T12:46:47+0200
2f57ce4a16f006f4,auto-10d581bed771,vg_v4@9713344,vg_v4,9713344,tempest_reinforcements@65ddc55,tempest_reinforcements,65ddc55,atoll,official,1,0,rating,b,b,0.0,core_destroyed,44,,111,50,7,6,30,100,12,6,ok,,4.239,n-62-31-13,29004097,2026-08-02T12:47:53+0200
2f58dbccd73e7cee,auto-10d581bed771,tempest_reinforcements@65ddc55,tempest_reinforcements,65ddc55,jonbot@da3fd8a,jonbot,da3fd8a,skerry,official,1,0,rating,a,a,1.0,core_destroyed,54,,25,200,9,9,250,110,7,10,ok,,5.532,n-62-29-16,29004097,2026-08-02T12:46:14+0200
2f5db8045329848d,auto-10d581bed771,tempest_reinforcements@65ddc55,tempest_reinforcements,65ddc55,tempest_reinforcements@e1dc316,tempest_reinforcements,e1dc316,sprint,official,1,0,rating,a,a,1.0,core_destroyed,53,,9,40,8,5,2,110,16,4,ok,,5.35,n-62-12-66,29004097,2026-08-02T12:46:43+0200
2f63e38226557e84,auto-10d581bed771,claude_challenger_2@fdc1e1f,claude_challenger_2,fdc1e1f,tempest_reinforcements@65ddc55,tempest_reinforcements,65ddc55,string,official,1,0,rating,b,b,0.0,core_destroyed,27,,560,0,0,0,10,50,11,7,ok,,2.461,n-62-21-92,29004097,2026-08-02T12:46:34+0200
2f8f728b81c15aca,auto-10d581bed771,tempest_reinforcements@65ddc55,tempest_reinforcements,65ddc55,vanguard@9932bec,vanguard,9932bec,vault,official,1,0,rating,a,a,1.0,core_destroyed,44,,26,100,11,6,96,180,11,6,ok,,4.519,n-62-29-21,29004097,2026-08-02T12:47:51+0200
2fa0238c1d21f8ab,auto-10d581bed771,tempest_reinforcements@65ddc55,tempest_reinforcements,65ddc55,v233_g@9713344,v233_g,9713344,sweden,official,1,0,rating,b,b,0.0,core_destroyed,93,,27,260,12,14,317,530,14,22,ok,,4.295,n-62-29-18,29004097,2026-08-02T12:48:17+0200
2fb2e69626b49c04,auto-10d581bed771,tempest_reinforcements@65ddc55,tempest_reinforcements,65ddc55,tempest_picket@fdc1e1f,tempest_picket,fdc1e1f,quarry,official,1,0,rating,a,a,1.0,core_destroyed,39,,10,0,9,5,62,0,11,5,ok,,4.991,n-62-21-15,29004097,2026-08-02T12:47:01+0200
2fe587fa9d906d97,auto-10d581bed771,tempest_reinforcements@65ddc55,tempest_reinforcements,65ddc55,jonbot_190003d@da3fd8a,jonbot_190003d,da3fd8a,longship,official,1,0,rating,a,a,1.0,core_destroyed,60,,16,70,10,10,100,0,7,7,ok,,4.295,n-62-29-32,29004097,2026-08-02T12:47:13+0200
2fe952bd906f5f8a,auto-10d581bed771,turtle@9713344,turtle,9713344,tempest_reinforcements@65ddc55,tempest_reinforcements,65ddc55,fjord,official,1,0,rating,b,b,0.0,core_destroyed,31,,85,130,5,11,10,60,11,5,ok,,3.204,n-62-21-60,29004097,2026-08-02T12:47:31+0200
302117cac7bec5e8,auto-10d581bed771,tempest_reinforcements@65ddc55,tempest_reinforcements,65ddc55,e_condc@6db8844,e_condc,6db8844,sprint,official,1,0,rating,b,b,0.0,titanium_collected,1000,,12,0,10,9,514,70,9,14,ok,,9.362,n-62-21-97,29004097,2026-08-02T12:46:58+0200
3021c531edc48107,auto-10d581bed771,tempest_reinforcements@65ddc55,tempest_reinforcements,65ddc55,frontier_v2@9713344,frontier_v2,9713344,aurora,official,1,0,rating,a,a,1.0,core_destroyed,40,,30,80,11,8,103,0,7,4,ok,,3.367,n-62-29-22,29004097,2026-08-02T12:47:01+0200
303d309b443f2737,auto-10d581bed771,tempest_reinforcements@65ddc55,tempest_reinforcements,65ddc55,e9cand@9e77076,e9cand,9e77076,fjord,official,1,0,rating,a,a,1.0,core_destroyed,54,,10,120,12,5,50,0,10,2,ok,,4.59,n-62-31-11,29004097,2026-08-02T12:47:15+0200
3048db06139159b8,auto-10d581bed771,vg_v3@9713344,vg_v3,9713344,tempest_reinforcements@65ddc55,tempest_reinforcements,65ddc55,vault,official,1,0,rating,b,b,0.0,core_destroyed,61,,85,0,6,4,31,260,11,21,ok,,3.925,n-62-31-18,29004097,2026-08-02T12:49:33+0200
306b1e6748f11940,auto-10d581bed771,tempest_reinforcements@87724ec,tempest_reinforcements,87724ec,tempest_reinforcements@65ddc55,tempest_reinforcements,65ddc55,duel,official,1,0,rating,a,a,1.0,core_destroyed,22,,0,0,12,2,10,40,10,4,ok,,6.787,n-62-13-9,29004097,2026-08-02T12:47:00+0200
307048142251f5db,auto-10d581bed771,vanguard_oracle@75591b7,vanguard_oracle,75591b7,tempest_reinforcements@65ddc55,tempest_reinforcements,65ddc55,longship,official,1,0,rating,b,b,0.0,core_destroyed,56,,117,230,10,8,30,120,11,14,ok,,4.109,n-62-29-30,29004097,2026-08-02T12:48:13+0200
3083cea1d8106edb,auto-10d581bed771,v233_a@9713344,v233_a,9713344,tempest_reinforcements@65ddc55,tempest_reinforcements,65ddc55,runestone,official,1,0,rating,b,b,0.0,core_destroyed,35,,75,60,6,9,10,0,11,5,ok,,2.967,n-62-11-64,29004097,2026-08-02T12:47:55+0200
30910af8aaab9190,auto-10d581bed771,tempest_reinforcements@65ddc55,tempest_reinforcements,65ddc55,tempest_blindfire@fdc1e1f,tempest_blindfire,fdc1e1f,jackpot,official,1,0,rating,a,a,1.0,core_destroyed,69,,30,170,6,8,373,150,6,6,ok,,4.191,n-62-21-91,29004097,2026-08-02T12:47:03+0200
30f12d1f7611a210,auto-10d581bed771,tempest_reinforcements@65ddc55,tempest_reinforcements,65ddc55,undertow@da3fd8a,undertow,da3fd8a,bridge,official,1,0,rating,a,a,1.0,core_destroyed,207,,35,1330,23,24,318,440,6,8,ok,,8.863,n-62-21-64,29004097,2026-08-02T12:47:34+0200
30fb5eba822d2b85,auto-10d581bed771,tempest_reinforcements@65ddc55,tempest_reinforcements,65ddc55,vanguard_oracle@75591b7,vanguard_oracle,75591b7,quarry,official,1,0,rating,a,a,1.0,core_destroyed,39,,10,0,11,6,114,120,8,12,ok,,3.345,n-62-29-30,29004097,2026-08-02T12:48:23+0200
31014a523d169f7e,auto-10d581bed771,tempest_reinforcements@65ddc55,tempest_reinforcements,65ddc55,vg_v6@9713344,vg_v6,9713344,crossfire,official,1,0,rating,a,a,1.0,core_destroyed,37,,24,140,10,10,82,0,5,6,ok,,3.116,n-62-11-57,29004097,2026-08-02T12:49:15+0200
3115b29f5a019b7d,auto-10d581bed771,tempest_sentinel@fdc1e1f,tempest_sentinel,fdc1e1f,tempest_reinforcements@65ddc55,tempest_reinforcements,65ddc55,longship,official,1,0,rating,b,b,0.0,core_destroyed,50,,60,100,7,9,8,50,9,13,ok,,3.729,n-62-21-54,29004097,2026-08-02T12:47:36+0200
311810dc3a81689e,auto-10d581bed771,casemate@902be71,casemate,902be71,tempest_reinforcements@65ddc55,tempest_reinforcements,65ddc55,aurora,official,1,0,rating,b,b,0.0,core_destroyed,48,,29,0,4,34,20,90,11,11,ok,,4.214,n-62-11-60,29004097,2026-08-02T12:47:18+0200
31202cc4c358c2e0,auto-10d581bed771,tempest_reinforcements@65ddc55,tempest_reinforcements,65ddc55,tempest_reinforcements@87724ec,tempest_reinforcements,87724ec,jackpot,official,1,0,rating,a,a,1.0,core_destroyed,49,,35,110,11,7,90,100,5,5,ok,,6.563,n-62-13-9,29004097,2026-08-02T12:47:46+0200
316d5c69d09f5dd6,auto-10d581bed771,tempest@da3fd8a,tempest,da3fd8a,tempest_reinforcements@65ddc55,tempest_reinforcements,65ddc55,crossfire,official,1,0,rating,a,a,1.0,core_destroyed,32,,44,0,11,3,17,60,10,4,ok,,5.009,n-62-11-56,29004097,2026-08-02T12:46:29+0200
3174a3fc8285107f,auto-10d581bed771,claude_challenger_2@fdc1e1f,claude_challenger_2,fdc1e1f,tempest_reinforcements@65ddc55,tempest_reinforcements,65ddc55,showdown,official,1,0,rating,b,b,0.0,core_destroyed,19,,540,0,0,0,10,0,10,8,ok,,2.14,n-62-11-68,29004097,2026-08-02T12:47:41+0200
317e9233a6279680,auto-10d581bed771,tempest_reinforcements@edf93ad,tempest_reinforcements,edf93ad,tempest_reinforcements@65ddc55,tempest_reinforcements,65ddc55,pinch,official,1,0,rating,b,b,0.0,core_destroyed,40,,10,0,9,3,16,0,8,4,ok,,3.781,n-62-12-67,29004097,2026-08-02T12:47:38+0200
31866e0d8afac1d5,auto-10d581bed771,tempest_oracle_ferry@fdc1e1f,tempest_oracle_ferry,fdc1e1f,tempest_reinforcements@65ddc55,tempest_reinforcements,65ddc55,runestone,official,1,0,rating,b,b,0.0,core_destroyed,34,,138,50,8,7,8,0,10,5,ok,,4.094,n-62-21-8,29004097,2026-08-02T12:46:54+0200
31a559d5568fcb0f,auto-10d581bed771,tempest_reinforcements@65ddc55,tempest_reinforcements,65ddc55,claude_challenger_3@fdc1e1f,claude_challenger_3,fdc1e1f,pinch,official,1,0,rating,a,a,1.0,core_destroyed,41,,10,0,11,4,174,0,6,1,ok,,4.353,n-62-31-9,29004097,2026-08-02T12:47:13+0200
31a8f34d5557fac5,auto-10d581bed771,tempest_reinforcements@65ddc55,tempest_reinforcements,65ddc55,nemesis@9713344,nemesis,9713344,twins,official,1,0,rating,a,a,1.0,core_destroyed,44,,20,90,10,9,122,90,8,10,ok,,4.551,n-62-31-20,29004097,2026-08-02T12:46:13+0200
31b85c4ca44dc315,auto-10d581bed771,tempest_reinforcements@65ddc55,tempest_reinforcements,65ddc55,uw_v1@9713344,uw_v1,9713344,showdown,official,1,0,rating,a,a,1.0,core_destroyed,52,,18,0,9,8,125,0,2,3,ok,,3.277,n-62-11-60,29004097,2026-08-02T12:47:43+0200
31c8689fe95995f3,auto-10d581bed771,tempest_reinforcements@65ddc55,tempest_reinforcements,65ddc55,attack_wave_v1@9713344,attack_wave_v1,9713344,runestone,official,1,0,rating,a,a,1.0,core_destroyed,33,,10,0,11,5,136,0,6,4,ok,,3.885,n-62-31-22,29004097,2026-08-02T12:46:20+0200
320149447d694453,auto-10d581bed771,tempest_reinforcements@65ddc55,tempest_reinforcements,65ddc55,undertow_oracle@fdc1e1f,undertow_oracle,fdc1e1f,sweden,official,1,0,rating,a,a,1.0,titanium_collected,1000,,3778,7140,49,44,4351,2250,5,12,ok,,42.247,n-62-31-4,29004097,2026-08-02T12:49:04+0200
32146d60d9167b72,auto-10d581bed771,v233_b@9713344,v233_b,9713344,tempest_reinforcements@65ddc55,tempest_reinforcements,65ddc55,sprint,official,1,0,rating,b,b,0.0,core_destroyed,34,,67,20,5,6,10,60,9,11,ok,,2.654,n-62-11-66,29004097,2026-08-02T12:48:29+0200
323dc6faf1b37beb,auto-10d581bed771,v233_e@9713344,v233_e,9713344,tempest_reinforcements@65ddc55,tempest_reinforcements,65ddc55,longship,official,1,0,rating,b,b,0.0,core_destroyed,58,,71,240,10,13,19,120,10,14,ok,,4.158,n-62-21-103,29004097,2026-08-02T12:48:41+0200
326692fbb37798ff,auto-10d581bed771,tempest_oracle_ferry@fdc1e1f,tempest_oracle_ferry,fdc1e1f,tempest_reinforcements@65ddc55,tempest_reinforcements,65ddc55,skerry,official,1,0,rating,b,b,0.0,core_destroyed,38,,161,0,8,2,20,90,9,5,ok,,4.313,n-62-21-8,29004097,2026-08-02T12:47:11+0200
3267ac068c105b53,auto-10d581bed771,tempest_reinforcements@65ddc55,tempest_reinforcements,65ddc55,siege_v1@9713344,siege_v1,9713344,fjord,official,1,0,rating,a,a,1.0,core_destroyed,37,,20,80,12,5,249,0,5,2,ok,,3.489,n-62-11-59,29004097,2026-08-02T12:46:19+0200
32740b458828042a,auto-10d581bed771,tempest_reinforcements@65ddc55,tempest_reinforcements,65ddc55,casemate@902be71,casemate,902be71,sweden,official,1,0,rating,a,a,1.0,titanium_collected,1000,,5181,7140,49,36,2176,0,3,34,ok,,30.372,n-62-11-62,29004097,2026-08-02T12:46:38+0200
329554fd233116ef,auto-10d581bed771,tempest_reinforcements@65ddc55,tempest_reinforcements,65ddc55,vanguard_oracle@fdc1e1f,vanguard_oracle,fdc1e1f,quarry,official,1,0,rating,a,a,1.0,core_destroyed,39,,10,0,11,6,114,120,8,12,ok,,3.366,n-62-29-34,29004097,2026-08-02T12:48:40+0200
329afaa2e45d9743,auto-10d581bed771,tempest_reinforcements@65ddc55,tempest_reinforcements,65ddc55,siege_v1@9713344,siege_v1,9713344,crossfire,official,1,0,rating,a,a,1.0,core_destroyed,37,,10,80,11,6,245,0,5,2,ok,,3.418,n-62-11-58,29004097,2026-08-02T12:47:48+0200
32aa540ca74e2ae6,auto-10d581bed771,tempest_reinforcements@65ddc55,tempest_reinforcements,65ddc55,e_condc@6db8844,e_condc,6db8844,crossfire,official,1,0,rating,a,a,1.0,core_destroyed,45,,10,100,10,6,39,0,8,9,ok,,3.848,n-62-21-104,29004097,2026-08-02T12:46:36+0200
32d2193807619c50,auto-10d581bed771,tempest_reinforcements@65ddc55,tempest_reinforcements,65ddc55,v233_b@9713344,v233_b,9713344,atoll,official,1,0,rating,a,a,1.0,core_destroyed,51,,10,110,11,6,88,50,6,10,ok,,3.807,n-62-11-65,29004097,2026-08-02T12:47:54+0200
33055bd7c25b665b,auto-10d581bed771,tempest_reinforcements@65ddc55,tempest_reinforcements,65ddc55,tempest@da3fd8a,tempest,da3fd8a,vault,official,1,0,rating,a,a,1.0,core_destroyed,42,,12,90,11,6,397,160,4,5,ok,,5.213,n-62-21-90,29004097,2026-08-02T12:47:32+0200
331d9fe299cb6c83,auto-10d581bed771,frontier_v1@9713344,frontier_v1,9713344,tempest_reinforcements@65ddc55,tempest_reinforcements,65ddc55,aurora,official,1,0,rating,b,b,0.0,core_destroyed,44,,54,0,11,1,20,90,11,11,ok,,4.089,n-62-29-19,29004097,2026-08-02T12:47:21+0200
332643d174ca6d49,auto-10d581bed771,jonbot@9713344,jonbot,9713344,tempest_reinforcements@65ddc55,tempest_reinforcements,65ddc55,hive,official,1,0,rating,b,b,0.0,core_destroyed,48,,280,0,5,0,30,100,10,13,ok,,3.194,n-62-29-5,29004097,2026-08-02T12:46:29+0200
3332191a4aa88d09,auto-10d581bed771,opponent_luc@e83a42c,opponent_luc,e83a42c,tempest_reinforcements@65ddc55,tempest_reinforcements,65ddc55,runestone,official,1,0,rating,b,b,0.0,core_destroyed,32,,79,50,10,6,20,0,11,5,ok,,6.301,n-62-31-15,29004097,2026-08-02T12:47:06+0200
333b9fde850e9fa4,auto-10d581bed771,tempest_reinforcements@65ddc55,tempest_reinforcements,65ddc55,tempest_reinforcements@025dd51,tempest_reinforcements,025dd51,duel,official,1,0,rating,b,b,0.0,core_destroyed,31,,10,70,10,4,5,60,9,5,ok,,5.54,n-62-21-24,29004097,2026-08-02T12:46:14+0200
333ee3d0dae19f24,auto-10d581bed771,vanguard@818f3b4,vanguard,818f3b4,tempest_reinforcements@65ddc55,tempest_reinforcements,65ddc55,runestone,official,1,0,rating,b,b,0.0,core_destroyed,37,,114,120,9,10,10,0,11,5,ok,,3.767,n-62-29-19,29004097,2026-08-02T12:47:54+0200
335e967e6ea025de,auto-10d581bed771,vg_v4@9713344,vg_v4,9713344,tempest_reinforcements@65ddc55,tempest_reinforcements,65ddc55,runestone,official,1,0,rating,b,b,0.0,core_destroyed,38,,95,60,6,9,10,0,11,5,ok,,3.705,n-62-31-16,29004097,2026-08-02T12:48:02+0200
337c9721bfa7b7ae,auto-10d581bed771,vanguard_oracle@902be71,vanguard_oracle,902be71,tempest_reinforcements@65ddc55,tempest_reinforcements,65ddc55,vase,official,1,0,rating,b,b,0.0,core_destroyed,55,,69,60,7,8,59,90,9,7,ok,,3.652,n-62-28-29,29004097,2026-08-02T12:48:25+0200
337eeaf39385c59e,auto-10d581bed771,v233_e@9713344,v233_e,9713344,tempest_reinforcements@65ddc55,tempest_reinforcements,65ddc55,quarry,official,1,0,rating,b,b,0.0,core_destroyed,82,,116,320,9,19,10,0,12,6,ok,,4.53,n-62-21-103,29004097,2026-08-02T12:48:57+0200
3385b2bdb3748fba,auto-10d581bed771,v233_f@9713344,v233_f,9713344,tempest_reinforcements@65ddc55,tempest_reinforcements,65ddc55,hive,official,1,0,rating,b,b,0.0,core_destroyed,65,,77,200,9,12,10,140,11,13,ok,,4.401,n-62-21-97,29004097,2026-08-02T12:48:06+0200
33a5ecf5c603931f,auto-10d581bed771,tempest_reinforcements@65ddc55,tempest_reinforcements,65ddc55,frontier_v2@9713344,frontier_v2,9713344,sweden,official,1,0,rating,a,a,1.0,core_destroyed,384,,66,3290,38,17,1009,0,7,3,ok,,11.609,n-62-29-29,29004097,2026-08-02T12:46:35+0200
33a72d3160c3210d,auto-10d581bed771,tempest_fast@eb1f0f3,tempest_fast,eb1f0f3,tempest_reinforcements@65ddc55,tempest_reinforcements,65ddc55,runestone,official,1,0,rating,b,b,0.0,core_destroyed,34,,237,50,5,6,8,0,11,5,ok,,3.086,n-62-12-3,29004097,2026-08-02T12:46:25+0200
33c3442f53feacff,auto-10d581bed771,tempest_reinforcements@65ddc55,tempest_reinforcements,65ddc55,tempest_reinforcements@edf93ad,tempest_reinforcements,edf93ad,fjord,official,1,0,rating,a,a,1.0,core_destroyed,28,,17,50,10,5,18,50,12,4,ok,,3.929,n-62-12-67,29004097,2026-08-02T12:46:58+0200
34099fefe71e61be,auto-10d581bed771,tempest_reinforcements@65ddc55,tempest_reinforcements,65ddc55,v233_c@9713344,v233_c,9713344,quarry,official,1,0,rating,a,a,1.0,core_destroyed,54,,11,90,11,8,67,140,7,21,ok,,3.63,n-62-21-92,29004097,2026-08-02T12:48:07+0200
340d991664eb6e1c,auto-10d581bed771,tempest_reinforcements@65ddc55,tempest_reinforcements,65ddc55,tempest_outer@fdc1e1f,tempest_outer,fdc1e1f,vault,official,1,0,rating,a,a,1.0,core_destroyed,42,,12,90,11,6,397,160,4,5,ok,,3.663,n-62-21-2,29004097,2026-08-02T12:46:46+0200
34467c6be8863f5b,auto-10d581bed771,tempest_reinforcements@65ddc55,tempest_reinforcements,65ddc55,e_harc@6db8844,e_harc,6db8844,duel,official,1,0,rating,a,a,1.0,core_destroyed,49,,10,110,11,5,96,100,6,17,ok,,3.898,n-62-28-29,29004097,2026-08-02T12:46:59+0200
34686618b57ae949,auto-10d581bed771,tempest_reinforcements@65ddc55,tempest_reinforcements,65ddc55,tempest_fast@eb1f0f3,tempest_fast,eb1f0f3,bridge,official,1,0,rating,a,a,1.0,core_destroyed,180,,120,930,21,28,828,240,4,8,ok,,6.05,n-62-12-6,29004097,2026-08-02T12:46:32+0200
34703b03d8b600af,auto-10d581bed771,vg_v7@9713344,vg_v7,9713344,tempest_reinforcements@65ddc55,tempest_reinforcements,65ddc55,atoll,official,1,0,rating,b,b,0.0,core_destroyed,44,,99,50,8,6,30,100,12,6,ok,,4.037,n-62-11-58,29004097,2026-08-02T12:48:17+0200
347a7b1ae0e12da0,auto-10d581bed771,frontier_v2@9713344,frontier_v2,9713344,tempest_reinforcements@65ddc55,tempest_reinforcements,65ddc55,quarry,official,1,0,rating,b,b,0.0,core_destroyed,54,,179,0,7,3,10,0,11,6,ok,,3.647,n-62-29-26,29004097,2026-08-02T12:46:53+0200
34978d1e300fac98,auto-10d581bed771,tempest_reinforcements@65ddc55,tempest_reinforcements,65ddc55,vg_v2@9713344,vg_v2,9713344,string,official,1,0,rating,a,a,1.0,core_destroyed,90,,65,580,19,15,81,0,2,1,ok,,4.814,n-62-31-5,29004097,2026-08-02T12:48:24+0200
34a10f0d7fd0adb2,auto-10d581bed771,tempest_reinforcements@65ddc55,tempest_reinforcements,65ddc55,e_condc@6db8844,e_condc,6db8844,quarry,official,1,0,rating,a,a,1.0,core_destroyed,44,,20,0,11,6,10,0,4,26,ok,,3.572,n-62-21-104,29004097,2026-08-02T12:47:37+0200
34a6426529361fe7,auto-10d581bed771,tempest_reinforcements@65ddc55,tempest_reinforcements,65ddc55,tempest_blindfire@fdc1e1f,tempest_blindfire,fdc1e1f,strait,official,1,0,rating,a,a,1.0,core_destroyed,42,,10,80,11,11,334,80,4,8,ok,,3.338,n-62-21-89,29004097,2026-08-02T12:46:45+0200
34f3a0343d1ac9a9,auto-10d581bed771,tempest_reinforcements@65ddc55,tempest_reinforcements,65ddc55,tempest_reinforcements@edf93ad,tempest_reinforcements,edf93ad,atoll,official,1,0,rating,a,a,1.0,core_destroyed,39,,7,80,11,6,2,80,12,5,ok,,4.972,n-62-12-67,29004097,2026-08-02T12:46:13+0200
34fa395a5a9617ec,auto-10d581bed771,tempest_fast@eb1f0f3,tempest_fast,eb1f0f3,tempest_reinforcements@65ddc55,tempest_reinforcements,65ddc55,sprint,official,1,0,rating,a,a,1.0,core_destroyed,29,,41,0,10,4,21,40,7,4,ok,,3.949,n-62-12-3,29004097,2026-08-02T12:46:47+0200
35031e9accd3e563,auto-10d581bed771,vg_v2@9713344,vg_v2,9713344,tempest_reinforcements@65ddc55,tempest_reinforcements,65ddc55,sprint,official,1,0,rating,b,b,0.0,core_destroyed,35,,82,60,6,6,20,70,9,11,ok,,3.202,n-62-31-5,29004097,2026-08-02T12:48:10+0200
350e20574c4dc707,auto-10d581bed771,tempest_reinforcements@65ddc55,tempest_reinforcements,65ddc55,v233_e@9713344,v233_e,9713344,longship,official,1,0,rating,a,a,1.0,core_destroyed,67,,14,180,10,15,79,280,9,14,ok,,4.452,n-62-21-103,29004097,2026-08-02T12:48:37+0200
3513c824b87e0d82,auto-10d581bed771,e_harc@6db8844,e_harc,6db8844,tempest_reinforcements@65ddc55,tempest_reinforcements,65ddc55,vase,official,1,0,rating,b,b,0.0,core_destroyed,30,,516,0,1,0,10,0,10,6,ok,,2.416,n-62-29-20,29004097,2026-08-02T12:46:15+0200
352c40a909db838b,auto-10d581bed771,tempest_reinforcements@65ddc55,tempest_reinforcements,65ddc55,mistral_fast@26b5aa1,mistral_fast,26b5aa1,crossfire,official,1,0,rating,b,b,0.0,core_destroyed,32,,16,60,10,5,112,0,7,1,ok,,4.232,n-62-31-7,29004097,2026-08-02T12:46:54+0200
352dd91b458133f6,auto-10d581bed771,v233_d@9713344,v233_d,9713344,tempest_reinforcements@65ddc55,tempest_reinforcements,65ddc55,bridge,official,1,0,rating,b,b,0.0,titanium_collected,1000,,4911,2470,4,12,211,4820,47,21,ok,,24.842,n-62-31-9,29004097,2026-08-02T12:49:37+0200
35337e36f8ab412f,auto-10d581bed771,tempest_reinforcements@65ddc55,tempest_reinforcements,65ddc55,mistral_fast@26b5aa1,mistral_fast,26b5aa1,jackpot,official,1,0,rating,a,a,1.0,core_destroyed,36,,20,70,11,7,282,0,5,0,ok,,3.415,n-62-31-7,29004097,2026-08-02T12:47:25+0200
357256fcad5632a0,auto-10d581bed771,tempest_reinforcements@65ddc55,tempest_reinforcements,65ddc55,v233_e@9713344,v233_e,9713344,bridge,official,1,0,rating,b,b,0.0,titanium_collected,1000,,72,1810,39,15,8878,7260,4,19,ok,,21.624,n-62-31-11,29004097,2026-08-02T12:49:27+0200
357f4a523636b7e7,auto-10d581bed771,tempest_reinforcements@65ddc55,tempest_reinforcements,65ddc55,vanguard_oracle@902be71,vanguard_oracle,902be71,fjord,official,1,0,rating,a,a,1.0,core_destroyed,34,,10,70,11,5,127,70,9,4,ok,,4.291,n-62-29-32,29004097,2026-08-02T12:47:45+0200
35a309b388fe8263,auto-10d581bed771,opponent_luc@e83a42c,opponent_luc,e83a42c,tempest_reinforcements@65ddc55,tempest_reinforcements,65ddc55,showdown,official,1,0,rating,b,b,0.0,core_destroyed,19,,540,0,0,0,10,0,10,8,ok,,2.555,n-62-31-15,29004097,2026-08-02T12:47:12+0200
35b96923ba7a43d6,auto-10d581bed771,tempest_reinforcements@65ddc55,tempest_reinforcements,65ddc55,autistimusprime@ecd4d24,autistimusprime,ecd4d24,aurora,official,1,0,rating,b,b,0.0,core_destroyed,93,,107,380,14,8,137,310,13,16,ok,,6.185,n-62-31-24,29004097,2026-08-02T12:46:33+0200
35b9db22b7525183,auto-10d581bed771,siege_v2@9713344,siege_v2,9713344,tempest_reinforcements@65ddc55,tempest_reinforcements,65ddc55,showdown,official,1,0,rating,b,b,0.0,core_destroyed,24,,205,0,5,2,20,0,10,8,ok,,2.778,n-62-11-51,29004097,2026-08-02T12:47:13+0200
35d993be082d5836,auto-10d581bed771,tempest_reinforcements@65ddc55,tempest_reinforcements,65ddc55,undertow@da3fd8a,undertow,da3fd8a,strait,official,1,0,rating,a,a,1.0,core_destroyed,55,,10,110,11,11,112,300,8,14,ok,,4.902,n-62-21-66,29004097,2026-08-02T12:46:13+0200
35f60533aa40398f,auto-10d581bed771,tempest_sentinel@fdc1e1f,tempest_sentinel,fdc1e1f,tempest_reinforcements@65ddc55,tempest_reinforcements,65ddc55,fjord,official,1,0,rating,b,b,0.0,core_destroyed,28,,109,0,7,2,30,60,9,5,ok,,3.531,n-62-21-54,29004097,2026-08-02T12:47:10+0200
361002fa2b45c22a,auto-10d581bed771,v233_i@902be71,v233_i,902be71,tempest_reinforcements@65ddc55,tempest_reinforcements,65ddc55,vase,official,1,0,rating,b,b,0.0,core_destroyed,55,,70,50,7,8,10,0,11,6,ok,,3.491,n-62-29-24,29004097,2026-08-02T12:48:54+0200
362cbf3e7a42ff77,auto-10d581bed771,v233_c@9713344,v233_c,9713344,tempest_reinforcements@65ddc55,tempest_reinforcements,65ddc55,bridge,official,1,0,rating,b,b,0.0,titanium_collected,1000,,2992,630,4,7,1349,4820,49,21,ok,,31.887,n-62-11-68,29004097,2026-08-02T12:48:54+0200
365eb971d04b4725,auto-10d581bed771,tempest_reinforcements@65ddc55,tempest_reinforcements,65ddc55,v233_d@9713344,v233_d,9713344,hive,official,1,0,rating,a,a,1.0,core_destroyed,56,,30,120,11,11,106,0,3,8,ok,,4.544,n-62-31-10,29004097,2026-08-02T12:47:44+0200
365ffa06300374ff,auto-10d581bed771,tempest_reinforcements@65ddc55,tempest_reinforcements,65ddc55,uw_v1@9713344,uw_v1,9713344,vase,official,1,0,rating,a,a,1.0,core_destroyed,82,,10,0,11,6,87,0,3,1,ok,,3.989,n-62-11-60,29004097,2026-08-02T12:48:44+0200
3707f124b8e2d7de,auto-10d581bed771,vanguard@9932bec,vanguard,9932bec,tempest_reinforcements@65ddc55,tempest_reinforcements,65ddc55,fjord,official,1,0,rating,b,b,0.0,core_destroyed,38,,100,80,4,6,10,80,11,5,ok,,3.915,n-62-29-33,29004097,2026-08-02T12:48:42+0200
3732893f5be010d8,auto-10d581bed771,tempest_reinforcements@65ddc55,tempest_reinforcements,65ddc55,e9cand@9e77076,e9cand,9e77076,duel,official,1,0,rating,a,a,1.0,core_destroyed,45,,10,100,10,5,70,90,8,14,ok,,3.847,n-62-31-11,29004097,2026-08-02T12:47:05+0200
37432faab137cf37,auto-10d581bed771,tempest_reinforcements@65ddc55,tempest_reinforcements,65ddc55,v233_g@9713344,v233_g,9713344,crossfire,official,1,0,rating,a,a,1.0,core_destroyed,39,,10,80,10,6,95,160,7,13,ok,,3.845,n-62-21-99,29004097,2026-08-02T12:47:47+0200
375de7ddd6779a78,auto-10d581bed771,claude_challenger_2@fdc1e1f,claude_challenger_2,fdc1e1f,tempest_reinforcements@65ddc55,tempest_reinforcements,65ddc55,runestone,official,1,0,rating,b,b,0.0,core_destroyed,32,,129,50,9,6,20,0,11,5,ok,,4.653,n-62-11-68,29004097,2026-08-02T12:47:37+0200
37645500c62cc7f4,auto-10d581bed771,vanguard@818f3b4,vanguard,818f3b4,tempest_reinforcements@65ddc55,tempest_reinforcements,65ddc55,vase,official,1,0,rating,b,b,0.0,core_destroyed,55,,88,20,6,5,10,0,11,6,ok,,3.56,n-62-29-19,29004097,2026-08-02T12:49:04+0200
377967c30486448c,auto-10d581bed771,vg_v6@9713344,vg_v6,9713344,tempest_reinforcements@65ddc55,tempest_reinforcements,65ddc55,hive,official,1,0,rating,b,b,0.0,core_destroyed,61,,61,130,7,11,10,130,11,13,ok,,3.583,n-62-11-57,29004097,2026-08-02T12:49:39+0200
3784d2d39d59178e,auto-10d581bed771,nemesis@9713344,nemesis,9713344,tempest_reinforcements@65ddc55,tempest_reinforcements,65ddc55,jackpot,official,1,0,rating,b,b,0.0,core_destroyed,91,,72,0,5,4,50,350,13,19,ok,,4.554,n-62-31-13,29004097,2026-08-02T12:47:47+0200
37890742aa0bb810,auto-10d581bed771,e_post2@4a95297,e_post2,4a95297,tempest_reinforcements@65ddc55,tempest_reinforcements,65ddc55,fjord,official,1,0,rating,b,b,0.0,core_destroyed,37,,100,0,7,1,12,80,11,5,ok,,3.968,n-62-29-20,29004097,2026-08-02T12:47:48+0200
378a9655e1611637,auto-10d581bed771,tempest_reinforcements@65ddc55,tempest_reinforcements,65ddc55,v233_d@9713344,v233_d,9713344,longship,official,1,0,rating,a,a,1.0,core_destroyed,49,,10,100,11,12,117,60,7,8,ok,,4.244,n-62-31-10,29004097,2026-08-02T12:48:04+0200
37910605a1f7b346,auto-10d581bed771,tempest_reinforcements@65ddc55,tempest_reinforcements,65ddc55,opponent_luc@e83a42c,opponent_luc,e83a42c,skerry,official,1,0,rating,a,a,1.0,core_destroyed,41,,10,150,12,9,117,170,11,7,ok,,6.546,n-62-31-15,29004097,2026-08-02T12:47:18+0200
37964bd799620c3c,auto-10d581bed771,tempest_reinforcements@025dd51,tempest_reinforcements,025dd51,tempest_reinforcements@65ddc55,tempest_reinforcements,65ddc55,runestone,official,1,0,rating,a,a,1.0,core_destroyed,36,,33,60,10,13,18,50,11,7,ok,,4.954,n-62-21-24,29004097,2026-08-02T12:47:38+0200
379a7169499d1071,auto-10d581bed771,tempest_reinforcements@65ddc55,tempest_reinforcements,65ddc55,tempest_reinforcements@e1dc316,tempest_reinforcements,e1dc316,quarry,official,1,0,rating,a,a,1.0,core_destroyed,61,,10,110,12,8,9,0,7,8,ok,,4.526,n-62-12-64,29004097,2026-08-02T12:47:43+0200
37c55f6009ffefc4,auto-10d581bed771,tempest_reinforcements@65ddc55,tempest_reinforcements,65ddc55,tempest_reinforcements@edf93ad,tempest_reinforcements,edf93ad,twins,official,1,0,rating,a,a,1.0,core_destroyed,37,,18,70,10,6,14,0,11,4,ok,,4.896,n-62-21-55,29004097,2026-08-02T12:47:57+0200
37cd722165353068,auto-10d581bed771,vg_v4@9713344,vg_v4,9713344,tempest_reinforcements@65ddc55,tempest_reinforcements,65ddc55,fjord,official,1,0,rating,b,b,0.0,core_destroyed,42,,84,170,3,8,10,90,11,5,ok,,3.739,n-62-31-13,29004097,2026-08-02T12:48:58+0200
37dbb12aa3b95c69,auto-10d581bed771,tempest_reinforcements@edf93ad,tempest_reinforcements,edf93ad,tempest_reinforcements@65ddc55,tempest_reinforcements,65ddc55,twins,official,1,0,rating,a,a,1.0,core_destroyed,33,,9,60,12,6,4,0,11,4,ok,,5.166,n-62-21-55,29004097,2026-08-02T12:48:03+0200
37ee6f644e649f3f,auto-10d581bed771,tempest_reinforcements@65ddc55,tempest_reinforcements,65ddc55,e9cand@9e77076,e9cand,9e77076,vault,official,1,0,rating,a,a,1.0,core_destroyed,49,,10,110,12,6,48,0,10,1,ok,,4.603,n-62-21-103,29004097,2026-08-02T12:47:38+0200
38088471c1476313,auto-10d581bed771,tempest_reinforcements@65ddc55,tempest_reinforcements,65ddc55,opponent_luc@e83a42c,opponent_luc,e83a42c,sprint,official,1,0,rating,a,a,1.0,core_destroyed,27,,20,40,9,7,216,0,7,3,ok,,3.677,n-62-31-15,29004097,2026-08-02T12:47:30+0200
381dcbadfa2f8abc,auto-10d581bed771,undertow_oracle@fdc1e1f,undertow_oracle,fdc1e1f,tempest_reinforcements@65ddc55,tempest_reinforcements,65ddc55,showdown,official,1,0,rating,b,b,0.0,core_destroyed,97,,43,0,6,11,10,0,10,8,ok,,4.604,n-62-31-4,29004097,2026-08-02T12:47:44+0200
38203609f64739f4,auto-10d581bed771,riptide@9713344,riptide,9713344,tempest_reinforcements@65ddc55,tempest_reinforcements,65ddc55,showdown,official,1,0,rating,b,b,0.0,core_destroyed,41,,92,0,5,5,8,0,10,8,ok,,3.477,n-62-11-55,29004097,2026-08-02T12:47:15+0200
387c00ecdca6f35c,auto-10d581bed771,mistral_fast@26b5aa1,mistral_fast,26b5aa1,tempest_reinforcements@65ddc55,tempest_reinforcements,65ddc55,bridge,official,1,0,rating,a,a,1.0,core_destroyed,48,,207,0,6,1,20,0,11,6,ok,,3.619,n-62-31-7,29004097,2026-08-02T12:46:49+0200
388601abf83e4952,auto-10d581bed771,tempest_frontier@fdc1e1f,tempest_frontier,fdc1e1f,tempest_reinforcements@65ddc55,tempest_reinforcements,65ddc55,sweden,official,1,0,rating,b,b,0.0,core_destroyed,42,,254,0,5,7,10,0,10,6,ok,,3.643,n-62-21-18,29004097,2026-08-02T12:47:56+0200
389dcc60b8adef17,auto-10d581bed771,tempest_reinforcements@65ddc55,tempest_reinforcements,65ddc55,tempest_reinforcements@51ad530,tempest_reinforcements,51ad530,bridge,official,1,0,rating,b,b,0.0,core_destroyed,129,,14,0,13,5,60,40,6,10,ok,,4.929,n-62-13-7,29004097,2026-08-02T12:47:43+0200
38c17122a7e48c7d,auto-10d581bed771,tempest_reinforcements@edf93ad,tempest_reinforcements,edf93ad,tempest_reinforcements@65ddc55,tempest_reinforcements,65ddc55,showdown,official,1,0,rating,b,b,0.0,core_destroyed,40,,40,0,8,5,16,0,6,8,ok,,5.044,n-62-21-55,29004097,2026-08-02T12:46:42+0200
38cbdb9a06813583,auto-10d581bed771,tempest_reinforcements@65ddc55,tempest_reinforcements,65ddc55,frontier_v2@9713344,frontier_v2,9713344,longship,official,1,0,rating,a,a,1.0,core_destroyed,43,,10,80,11,12,103,0,7,4,ok,,3.445,n-62-29-26,29004097,2026-08-02T12:46:33+0200
3933a93546d9846e,auto-10d581bed771,e_t4l7@9e77076,e_t4l7,9e77076,tempest_reinforcements@65ddc55,tempest_reinforcements,65ddc55,skerry,official,1,0,rating,b,b,0.0,core_destroyed,57,,114,350,5,13,10,130,12,5,ok,,4.015,n-62-29-17,29004097,2026-08-02T12:47:14+0200
395512defe7c4b8b,auto-10d581bed771,tempest_reinforcements@65ddc55,tempest_reinforcements,65ddc55,vanguard@c407e79,vanguard,c407e79,skerry,official,1,0,rating,a,a,1.0,core_destroyed,63,,1,330,14,14,62,390,7,9,ok,,4.774,n-62-29-22,29004097,2026-08-02T12:48:22+0200
395dd9d09b44b963,auto-10d581bed771,casemate_oracle@902be71,casemate_oracle,902be71,tempest_reinforcements@65ddc55,tempest_reinforcements,65ddc55,skerry,official,1,0,rating,b,b,0.0,core_destroyed,43,,156,0,5,22,31,100,12,5,ok,,4.01,n-62-11-63,29004097,2026-08-02T12:47:57+0200
3978a19d9a97af9d,auto-10d581bed771,uw_v2@9713344,uw_v2,9713344,tempest_reinforcements@65ddc55,tempest_reinforcements,65ddc55,twins,official,1,0,rating,b,b,0.0,core_destroyed,61,,76,130,9,9,10,0,11,5,ok,,3.939,n-62-11-62,29004097,2026-08-02T12:48:51+0200
3988f55df020fee0,auto-10d581bed771,tempest_reinforcements@65ddc55,tempest_reinforcements,65ddc55,claude_challenger_3@fdc1e1f,claude_challenger_3,fdc1e1f,sprint,official,1,0,rating,a,a,1.0,core_destroyed,27,,20,50,9,9,313,0,6,0,ok,,4.365,n-62-31-10,29004097,2026-08-02T12:46:31+0200
398a63a274c2990f,auto-10d581bed771,tempest_reinforcements@65ddc55,tempest_reinforcements,65ddc55,jonbot@da3fd8a,jonbot,da3fd8a,strait,official,1,0,rating,a,a,1.0,core_destroyed,75,,25,210,9,18,286,160,7,14,ok,,4.452,n-62-29-16,29004097,2026-08-02T12:46:31+0200
399479414bbf09d5,auto-10d581bed771,tempest_reinforcements@65ddc55,tempest_reinforcements,65ddc55,tempest_picket@fdc1e1f,tempest_picket,fdc1e1f,showdown,official,1,0,rating,a,a,1.0,core_destroyed,28,,16,0,8,7,66,0,7,4,ok,,4.164,n-62-21-15,29004097,2026-08-02T12:47:20+0200
39c599b501784745,auto-10d581bed771,v233_g@9713344,v233_g,9713344,tempest_reinforcements@65ddc55,tempest_reinforcements,65ddc55,strait,official,1,0,rating,b,b,0.0,core_destroyed,257,,598,980,4,19,10,0,11,5,ok,,5.778,n-62-29-18,29004097,2026-08-02T12:48:06+0200
39c9439ba0364938,auto-10d581bed771,vg_v4@9713344,vg_v4,9713344,tempest_reinforcements@65ddc55,tempest_reinforcements,65ddc55,vault,official,1,0,rating,b,b,0.0,core_destroyed,61,,85,0,6,4,31,260,11,21,ok,,4.152,n-62-31-20,29004097,2026-08-02T12:47:55+0200
39cfc4ad317dba7a,auto-10d581bed771,e_condc@6db8844,e_condc,6db8844,tempest_reinforcements@65ddc55,tempest_reinforcements,65ddc55,aurora,official,1,0,rating,b,b,0.0,core_destroyed,88,,99,370,7,31,20,190,13,11,ok,,5.13,n-62-21-104,29004097,2026-08-02T12:46:18+0200
39fa7bd15edf77ec,auto-10d581bed771,tempest_reinforcements@65ddc55,tempest_reinforcements,65ddc55,claude_challenger_1@fdc1e1f,claude_challenger_1,fdc1e1f,vase,official,1,0,rating,a,a,1.0,core_destroyed,46,,10,0,10,6,610,0,0,0,ok,,2.68,n-62-11-66,29004097,2026-08-02T12:46:54+0200
3a025543487fbe72,auto-10d581bed771,tempest_reinforcements@65ddc55,tempest_reinforcements,65ddc55,vg_v5@9713344,vg_v5,9713344,hive,official,1,0,rating,a,a,1.0,core_destroyed,57,,10,120,12,11,98,0,5,7,ok,,3.97,n-62-31-20,29004097,2026-08-02T12:49:39+0200
3a05040b8909455d,auto-10d581bed771,tempest_reinforcements@65ddc55,tempest_reinforcements,65ddc55,tempest_reinforcements@51ad530,tempest_reinforcements,51ad530,vase,official,1,0,rating,a,a,1.0,core_destroyed,90,,8,0,7,5,40,0,9,5,ok,,7.115,n-62-13-8,29004097,2026-08-02T12:47:55+0200
3a14c80d3d33fcd6,auto-10d581bed771,v233_a@9713344,v233_a,9713344,tempest_reinforcements@65ddc55,tempest_reinforcements,65ddc55,duel,official,1,0,rating,b,b,0.0,core_destroyed,38,,97,80,3,4,10,80,10,5,ok,,3.279,n-62-11-63,29004097,2026-08-02T12:49:08+0200
3a21776fd9ec9b67,auto-10d581bed771,tempest_reinforcements@65ddc55,tempest_reinforcements,65ddc55,attack_wave_v1@9713344,attack_wave_v1,9713344,hive,official,1,0,rating,a,a,1.0,core_destroyed,43,,10,80,11,11,250,0,6,2,ok,,3.71,n-62-31-5,29004097,2026-08-02T12:47:03+0200
3a269472d8b34699,auto-10d581bed771,tempest_reinforcements@65ddc55,tempest_reinforcements,65ddc55,v233_a@9713344,v233_a,9713344,longship,official,1,0,rating,a,a,1.0,core_destroyed,53,,0,110,12,12,77,0,8,6,ok,,3.776,n-62-11-64,29004097,2026-08-02T12:47:31+0200
3a31a9e46e6971cd,auto-10d581bed771,v233_g@9713344,v233_g,9713344,tempest_reinforcements@65ddc55,tempest_reinforcements,65ddc55,fjord,official,1,0,rating,b,b,0.0,core_destroyed,42,,81,170,8,7,10,90,12,5,ok,,3.755,n-62-21-99,29004097,2026-08-02T12:48:07+0200
3a3912e95c3e04a7,auto-10d581bed771,v233_g@9713344,v233_g,9713344,tempest_reinforcements@65ddc55,tempest_reinforcements,65ddc55,showdown,official,1,0,rating,a,a,1.0,core_destroyed,84,,66,0,5,7,10,0,10,5,ok,,3.267,n-62-29-18,29004097,2026-08-02T12:47:40+0200
3a43243d6a89db8e,auto-10d581bed771,tempest_reinforcements@65ddc55,tempest_reinforcements,65ddc55,undertow@da3fd8a,undertow,da3fd8a,string,official,1,0,rating,a,a,1.0,core_destroyed,82,,38,480,15,11,105,250,3,10,ok,,5.342,n-62-21-66,29004097,2026-08-02T12:46:24+0200
3a4aa0077f428f9f,auto-10d581bed771,uw_v2@9713344,uw_v2,9713344,tempest_reinforcements@65ddc55,tempest_reinforcements,65ddc55,hive,official,1,0,rating,b,b,0.0,core_destroyed,69,,98,150,5,7,10,150,11,13,ok,,4.079,n-62-11-61,29004097,2026-08-02T12:49:03+0200
3a5e0b3305157926,auto-10d581bed771,frontier_v1@9713344,frontier_v1,9713344,tempest_reinforcements@65ddc55,tempest_reinforcements,65ddc55,sprint,official,1,0,rating,b,b,0.0,core_destroyed,33,,46,0,8,2,20,60,10,9,ok,,3.376,n-62-29-21,29004097,2026-08-02T12:47:18+0200
3a62c9ec200ada0b,auto-10d581bed771,undertow@da3fd8a,undertow,da3fd8a,tempest_reinforcements@65ddc55,tempest_reinforcements,65ddc55,skerry,official,1,0,rating,b,b,0.0,core_destroyed,52,,68,230,12,8,18,120,13,5,ok,,5.069,n-62-21-65,29004097,2026-08-02T12:47:36+0200
3a6f4fa1569d1c79,auto-10d581bed771,undertow_oracle@fdc1e1f,undertow_oracle,fdc1e1f,tempest_reinforcements@65ddc55,tempest_reinforcements,65ddc55,atoll,official,1,0,rating,b,b,0.0,core_destroyed,49,,58,210,12,8,9,110,11,6,ok,,5.098,n-62-31-24,29004097,2026-08-02T12:49:08+0200
3ad23905815d9a4b,auto-10d581bed771,tempest_reinforcements@65ddc55,tempest_reinforcements,65ddc55,frontier_v1@9713344,frontier_v1,9713344,string,official,1,0,rating,a,a,1.0,core_destroyed,59,,10,210,15,10,95,0,3,2,ok,,4.614,n-62-29-22,29004097,2026-08-02T12:46:12+0200
3adfa05b374e0f41,auto-10d581bed771,tempest_fast@eb1f0f3,tempest_fast,eb1f0f3,tempest_reinforcements@65ddc55,tempest_reinforcements,65ddc55,crossfire,official,1,0,rating,a,a,1.0,core_destroyed,32,,44,0,11,3,17,60,10,4,ok,,3.962,n-62-12-6,29004097,2026-08-02T12:46:43+0200
3af7aa031013df87,auto-10d581bed771,tempest_reinforcements@65ddc55,tempest_reinforcements,65ddc55,tempest_ferry@26b5aa1,tempest_ferry,26b5aa1,vault,official,1,0,rating,a,a,1.0,core_destroyed,42,,9,90,11,5,256,160,8,5,ok,,4.548,n-62-12-7,29004097,2026-08-02T12:46:21+0200
3afef5f03e764467,auto-10d581bed771,tempest_picket@fdc1e1f,tempest_picket,fdc1e1f,tempest_reinforcements@65ddc55,tempest_reinforcements,65ddc55,fjord,official,1,0,rating,b,b,0.0,core_destroyed,26,,188,0,7,2,10,50,11,5,ok,,4.047,n-62-21-15,29004097,2026-08-02T12:46:17+0200
3b07eb3f23ab5453,auto-10d581bed771,tempest_reinforcements@65ddc55,tempest_reinforcements,65ddc55,v233_f@9713344,v233_f,9713344,quarry,official,1,0,rating,a,a,1.0,core_destroyed,59,,10,100,11,8,100,270,4,16,ok,,3.873,n-62-21-97,29004097,2026-08-02T12:48:35+0200
3b1711093cbed174,auto-10d581bed771,tempest_sentinel@fdc1e1f,tempest_sentinel,fdc1e1f,tempest_reinforcements@65ddc55,tempest_reinforcements,65ddc55,showdown,official,1,0,rating,b,b,0.0,core_destroyed,31,,13,0,8,5,7,0,8,7,ok,,3.813,n-62-21-56,29004097,2026-08-02T12:46:41+0200
3b37642a1cca62cb,auto-10d581bed771,tempest_reinforcements@65ddc55,tempest_reinforcements,65ddc55,opponent_luc@e83a42c,opponent_luc,e83a42c,sweden,official,1,0,rating,a,a,1.0,core_destroyed,249,,17,1560,25,56,1120,0,0,0,ok,,6.218,n-62-11-57,29004097,2026-08-02T12:46:14+0200
3b4254d8d5e2b14b,auto-10d581bed771,tempest_reinforcements@65ddc55,tempest_reinforcements,65ddc55,vg_v4@9713344,vg_v4,9713344,crossfire,official,1,0,rating,a,a,1.0,core_destroyed,37,,24,140,10,10,82,0,5,6,ok,,3.472,n-62-31-13,29004097,2026-08-02T12:48:39+0200
3b7402801c1ea5ac,auto-10d581bed771,e_post2@4a95297,e_post2,4a95297,tempest_reinforcements@65ddc55,tempest_reinforcements,65ddc55,vault,official,1,0,rating,b,b,0.0,core_destroyed,55,,96,0,11,1,1,220,12,20,ok,,4.436,n-62-29-15,29004097,2026-08-02T12:46:33+0200
3b8c1410c3f1bbee,auto-10d581bed771,mistral@ba943b9,mistral,ba943b9,tempest_reinforcements@65ddc55,tempest_reinforcements,65ddc55,vault,official,1,0,rating,a,a,1.0,core_destroyed,51,,111,0,10,1,7,160,12,11,ok,,6.416,n-62-31-7,29004097,2026-08-02T12:46:22+0200
3b8c1db8c6b7a0a3,auto-10d581bed771,tempest_frontier@fdc1e1f,tempest_frontier,fdc1e1f,tempest_reinforcements@65ddc55,tempest_reinforcements,65ddc55,jackpot,official,1,0,rating,b,b,0.0,core_destroyed,43,,258,0,6,2,10,90,12,7,ok,,3.858,n-62-12-7,29004097,2026-08-02T12:47:41+0200
3b91a2984e3fc735,auto-10d581bed771,undertow@fdc1e1f,undertow,fdc1e1f,tempest_reinforcements@65ddc55,tempest_reinforcements,65ddc55,strait,official,1,0,rating,b,b,0.0,core_destroyed,77,,139,340,11,13,10,0,12,5,ok,,5.252,n-62-21-68,29004097,2026-08-02T12:46:27+0200
3ba762de9ff769c4,auto-10d581bed771,v233_a@9713344,v233_a,9713344,tempest_reinforcements@65ddc55,tempest_reinforcements,65ddc55,twins,official,1,0,rating,b,b,0.0,core_destroyed,47,,86,0,4,5,10,0,10,5,ok,,3.276,n-62-11-65,29004097,2026-08-02T12:47:35+0200
3babcaa0d2f4d4a1,auto-10d581bed771,tempest_reinforcements@65ddc55,tempest_reinforcements,65ddc55,uw_v2@9713344,uw_v2,9713344,string,official,1,0,rating,a,a,1.0,core_destroyed,158,,71,1310,26,16,243,50,3,4,ok,,5.992,n-62-11-62,29004097,2026-08-02T12:48:25+0200
3bb4c89320a48639,auto-10d581bed771,tempest_reinforcements@65ddc55,tempest_reinforcements,65ddc55,tempest_oracle_ferry@fdc1e1f,tempest_oracle_ferry,fdc1e1f,hive,official,1,0,rating,a,a,1.0,core_destroyed,57,,9,120,9,11,142,0,6,3,ok,,4.402,n-62-21-4,29004097,2026-08-02T12:47:32+0200
3bf8ad403ff65590,auto-10d581bed771,tempest_reinforcements@65ddc55,tempest_reinforcements,65ddc55,tempest_fast@eb1f0f3,tempest_fast,eb1f0f3,sweden,official,1,0,rating,b,b,0.0,core_destroyed,125,,21,570,17,16,389,0,4,7,ok,,4.632,n-62-12-3,29004097,2026-08-02T12:47:07+0200
3c295870f9184fe6,auto-10d581bed771,tempest_ferry@26b5aa1,tempest_ferry,26b5aa1,tempest_reinforcements@65ddc55,tempest_reinforcements,65ddc55,vase,official,1,0,rating,b,b,0.0,core_destroyed,34,,212,0,4,4,8,0,10,6,ok,,3.695,n-62-12-7,29004097,2026-08-02T12:46:16+0200
3c38b18f195feeb1,auto-10d581bed771,undertow@fdc1e1f,undertow,fdc1e1f,tempest_reinforcements@65ddc55,tempest_reinforcements,65ddc55,duel,official,1,0,rating,a,a,1.0,core_destroyed,35,,58,150,9,10,7,70,10,4,ok,,4.35,n-62-21-67,29004097,2026-08-02T12:46:17+0200
3c5663aa5a534184,auto-10d581bed771,tempest_reinforcements@65ddc55,tempest_reinforcements,65ddc55,v233_d@9713344,v233_d,9713344,duel,official,1,0,rating,a,a,1.0,core_destroyed,61,,9,140,11,5,59,0,3,4,ok,,3.073,n-62-31-9,29004097,2026-08-02T12:49:46+0200
3c8627e92ec361e6,auto-10d581bed771,tempest_reinforcements@65ddc55,tempest_reinforcements,65ddc55,opponent_luc@e83a42c,opponent_luc,e83a42c,hive,official,1,0,rating,a,a,1.0,core_destroyed,46,,10,90,10,15,155,90,11,4,ok,,6.318,n-62-31-20,29004097,2026-08-02T12:47:42+0200
3c9d090a3eaf4382,auto-10d581bed771,tempest_reinforcements@65ddc55,tempest_reinforcements,65ddc55,tempest_picket@fdc1e1f,tempest_picket,fdc1e1f,sweden,official,1,0,rating,b,b,0.0,core_destroyed,125,,21,570,17,16,351,0,5,7,ok,,5.472,n-62-21-23,29004097,2026-08-02T12:46:33+0200
3c9d0b62305f4970,auto-10d581bed771,tempest_reinforcements@65ddc55,tempest_reinforcements,65ddc55,v233_e@9713344,v233_e,9713344,quarry,official,1,0,rating,a,a,1.0,core_destroyed,80,,30,160,13,8,115,310,3,15,ok,,4.391,n-62-21-103,29004097,2026-08-02T12:48:52+0200
3cad8a9cd3aeca47,auto-10d581bed771,tempest_reinforcements@65ddc55,tempest_reinforcements,65ddc55,tempest_sentinel@fdc1e1f,tempest_sentinel,fdc1e1f,twins,official,1,0,rating,a,a,1.0,core_destroyed,37,,9,70,8,6,39,70,9,6,ok,,4.046,n-62-21-56,29004097,2026-08-02T12:47:28+0200
3cbfee7a95b8dceb,auto-10d581bed771,tempest_reinforcements@65ddc55,tempest_reinforcements,65ddc55,tempest_reinforcements@51ad530,tempest_reinforcements,51ad530,skerry,official,1,0,rating,b,b,0.0,core_destroyed,38,,8,80,12,4,24,90,13,5,ok,,7.542,n-62-13-8,29004097,2026-08-02T12:46:16+0200
3ced22c6371ee32d,auto-10d581bed771,e9cand@9e77076,e9cand,9e77076,tempest_reinforcements@65ddc55,tempest_reinforcements,65ddc55,hive,official,1,0,rating,b,b,0.0,core_destroyed,64,,100,0,8,1,30,140,11,13,ok,,4.551,n-62-31-11,29004097,2026-08-02T12:47:29+0200
3d38ef3c1b5f8d7b,auto-10d581bed771,e_final@9e77076,e_final,9e77076,tempest_reinforcements@65ddc55,tempest_reinforcements,65ddc55,atoll,official,1,0,rating,b,b,0.0,core_destroyed,48,,40,0,9,0,26,110,11,6,ok,,4.21,n-62-21-98,29004097,2026-08-02T12:46:17+0200
3d730099117a2dbb,auto-10d581bed771,tempest_reinforcements@65ddc55,tempest_reinforcements,65ddc55,v233_c@9713344,v233_c,9713344,pinch,official,1,0,rating,a,a,1.0,core_destroyed,26,,10,40,10,9,76,0,3,5,ok,,3.119,n-62-21-92,29004097,2026-08-02T12:48:00+0200
3d7562796998bb03,auto-10d581bed771,tempest_reinforcements@65ddc55,tempest_reinforcements,65ddc55,siege_v1@9713344,siege_v1,9713344,sprint,official,1,0,rating,a,a,1.0,core_destroyed,42,,16,80,10,7,252,0,3,2,ok,,3.465,n-62-11-50,29004097,2026-08-02T12:46:11+0200
3da2b9fc7fa5c74e,auto-10d581bed771,autistimusprime@ecd4d24,autistimusprime,ecd4d24,tempest_reinforcements@65ddc55,tempest_reinforcements,65ddc55,quarry,official,1,0,rating,b,b,0.0,core_destroyed,60,,57,0,12,0,20,0,11,6,ok,,4.035,n-62-31-21,29004097,2026-08-02T12:46:23+0200
3dbe45db0ce7c917,auto-10d581bed771,v233_a@9713344,v233_a,9713344,tempest_reinforcements@65ddc55,tempest_reinforcements,65ddc55,pinch,official,1,0,rating,b,b,0.0,core_destroyed,29,,72,0,6,3,10,50,10,8,ok,,3.062,n-62-11-64,29004097,2026-08-02T12:47:41+0200
3dc0be09e1e3aab3,auto-10d581bed771,tempest_reinforcements@65ddc55,tempest_reinforcements,65ddc55,tempest_reinforcements@025dd51,tempest_reinforcements,025dd51,jackpot,official,1,0,rating,a,a,1.0,core_destroyed,56,,17,120,10,6,46,120,11,6,ok,,5.728,n-62-21-24,29004097,2026-08-02T12:46:49+0200
3dc4d10256aef7b3,auto-10d581bed771,tempest_fast@eb1f0f3,tempest_fast,eb1f0f3,tempest_reinforcements@65ddc55,tempest_reinforcements,65ddc55,quarry,official,1,0,rating,a,a,1.0,core_destroyed,57,,144,0,7,6,10,0,9,5,ok,,4.039,n-62-12-3,29004097,2026-08-02T12:46:17+0200
3ded222055d48391,auto-10d581bed771,mistral@ba943b9,mistral,ba943b9,tempest_reinforcements@65ddc55,tempest_reinforcements,65ddc55,sprint,official,1,0,rating,a,a,1.0,core_destroyed,20,,47,0,10,1,20,10,8,4,ok,,4.273,n-62-31-17,29004097,2026-08-02T12:47:06+0200
3e239b245fbfb5e5,auto-10d581bed771,reaver@9713344,reaver,9713344,tempest_reinforcements@65ddc55,tempest_reinforcements,65ddc55,twins,official,1,0,rating,b,b,0.0,core_destroyed,54,,35,0,4,4,10,0,10,5,ok,,3.457,n-62-11-54,29004097,2026-08-02T12:46:37+0200
3e84a1006c58b1b1,auto-10d581bed771,tempest_reinforcements@65ddc55,tempest_reinforcements,65ddc55,e_post2@4a95297,e_post2,4a95297,strait,official,1,0,rating,a,a,1.0,core_destroyed,107,,20,250,16,14,132,90,9,15,ok,,4.827,n-62-29-24,29004097,2026-08-02T12:47:23+0200
3e8692d7c2a09e17,auto-10d581bed771,tempest_fast@eb1f0f3,tempest_fast,eb1f0f3,tempest_reinforcements@65ddc55,tempest_reinforcements,65ddc55,showdown,official,1,0,rating,a,a,1.0,core_destroyed,21,,21,0,12,6,7,0,10,5,ok,,3.713,n-62-12-3,29004097,2026-08-02T12:46:32+0200
3e9b2bc88d44292e,auto-10d581bed771,undertow_oracle@fdc1e1f,undertow_oracle,fdc1e1f,tempest_reinforcements@65ddc55,tempest_reinforcements,65ddc55,skerry,official,1,0,rating,b,b,0.0,core_destroyed,41,,17,180,11,10,9,90,12,5,ok,,4.895,n-62-31-4,29004097,2026-08-02T12:47:55+0200
3e9cd2cd6bb5809b,auto-10d581bed771,tempest_reinforcements@65ddc55,tempest_reinforcements,65ddc55,siege_v1@9713344,siege_v1,9713344,atoll,official,1,0,rating,a,a,1.0,core_destroyed,40,,30,90,12,6,255,0,6,2,ok,,4.096,n-62-11-58,29004097,2026-08-02T12:47:21+0200
3ea0a0d82c55117a,auto-10d581bed771,tempest_reinforcements@65ddc55,tempest_reinforcements,65ddc55,attack_wave_v1@9713344,attack_wave_v1,9713344,crossfire,official,1,0,rating,a,a,1.0,core_destroyed,31,,10,60,10,6,132,0,6,4,ok,,3.506,n-62-31-5,29004097,2026-08-02T12:46:40+0200
3ea68827237544fb,auto-10d581bed771,vg_v2@9713344,vg_v2,9713344,tempest_reinforcements@65ddc55,tempest_reinforcements,65ddc55,crossfire,official,1,0,rating,b,b,0.0,core_destroyed,39,,83,80,5,6,10,80,10,6,ok,,3.575,n-62-31-17,29004097,2026-08-02T12:48:47+0200
3ec2c333611b6827,auto-10d581bed771,mistral_fast@26b5aa1,mistral_fast,26b5aa1,tempest_reinforcements@65ddc55,tempest_reinforcements,65ddc55,sweden,official,1,0,rating,b,b,0.0,core_destroyed,42,,324,0,4,0,10,0,10,6,ok,,3.226,n-62-31-18,29004097,2026-08-02T12:47:22+0200
3f16ac9d95726da4,auto-10d581bed771,tempest_reinforcements@65ddc55,tempest_reinforcements,65ddc55,undertow_oracle@75591b7,undertow_oracle,75591b7,hive,official,1,0,rating,b,b,0.0,core_destroyed,59,,7,120,12,10,78,290,10,27,ok,,5.06,n-62-31-22,29004097,2026-08-02T12:48:36+0200
3f2839677a9a0929,auto-10d581bed771,tempest_reinforcements@65ddc55,tempest_reinforcements,65ddc55,undertow_oracle@fdc1e1f,undertow_oracle,fdc1e1f,strait,official,1,0,rating,a,a,1.0,core_destroyed,45,,10,90,11,11,72,220,9,19,ok,,3.923,n-62-31-4,29004097,2026-08-02T12:48:07+0200
3f375e29b737a915,auto-10d581bed771,tempest_reinforcements@65ddc55,tempest_reinforcements,65ddc55,e_harc@6db8844,e_harc,6db8844,showdown,official,1,0,rating,a,a,1.0,core_destroyed,325,,10,0,10,8,9,0,5,8,ok,,4.483,n-62-29-18,29004097,2026-08-02T12:46:42+0200
3f475fe6102679f8,auto-10d581bed771,tempest_reinforcements@65ddc55,tempest_reinforcements,65ddc55,siege_v1@9713344,siege_v1,9713344,pinch,official,1,0,rating,a,a,1.0,core_destroyed,22,,10,30,10,9,200,0,5,2,ok,,2.964,n-62-11-59,29004097,2026-08-02T12:46:46+0200
3f7aacb96d43cf71,auto-10d581bed771,tempest_reinforcements@65ddc55,tempest_reinforcements,65ddc55,claude_challenger_1@fdc1e1f,claude_challenger_1,fdc1e1f,atoll,official,1,0,rating,a,a,1.0,core_destroyed,37,,10,80,12,6,21,0,7,4,ok,,4.849,n-62-11-64,29004097,2026-08-02T12:47:49+0200
3f818d951451196d,auto-10d581bed771,undertow_oracle@fdc1e1f,undertow_oracle,fdc1e1f,tempest_reinforcements@65ddc55,tempest_reinforcements,65ddc55,vault,official,1,0,rating,b,b,0.0,core_destroyed,66,,36,300,16,6,15,280,13,17,ok,,6.746,n-62-31-4,29004097,2026-08-02T12:49:38+0200
3fab6460581783d0,auto-10d581bed771,tempest_reinforcements@e1dc316,tempest_reinforcements,e1dc316,tempest_reinforcements@65ddc55,tempest_reinforcements,65ddc55,longship,official,1,0,rating,a,a,1.0,core_destroyed,45,,24,90,12,12,9,90,10,10,ok,,4.591,n-62-12-64,29004097,2026-08-02T12:47:29+0200
3fb50768b529bca3,auto-10d581bed771,tempest_reinforcements@65ddc55,tempest_reinforcements,65ddc55,tempest_outer@fdc1e1f,tempest_outer,fdc1e1f,vase,official,1,0,rating,a,a,1.0,core_destroyed,29,,10,0,10,6,270,0,3,5,ok,,2.963,n-62-21-2,29004097,2026-08-02T12:46:38+0200
3fb85d6e96d9d2c5,auto-10d581bed771,tempest_reinforcements@65ddc55,tempest_reinforcements,65ddc55,undertow_1ac7ac4@da3fd8a,undertow_1ac7ac4,da3fd8a,longship,official,1,0,rating,b,b,0.0,core_destroyed,46,,8,90,11,11,59,180,10,15,ok,,4.701,n-62-21-69,29004097,2026-08-02T12:47:00+0200
3fc7395eb43089ac,auto-10d581bed771,vg_v5@9713344,vg_v5,9713344,tempest_reinforcements@65ddc55,tempest_reinforcements,65ddc55,showdown,official,1,0,rating,b,b,0.0,core_destroyed,41,,92,0,5,5,8,0,10,8,ok,,3.493,n-62-31-15,29004097,2026-08-02T12:48:18+0200
401071bf1fd27450,auto-10d581bed771,tempest_reinforcements@87724ec,tempest_reinforcements,87724ec,tempest_reinforcements@65ddc55,tempest_reinforcements,65ddc55,aurora,official,1,0,rating,b,b,0.0,core_destroyed,46,,8,0,10,3,9,90,9,11,ok,,8.317,n-62-13-8,29004097,2026-08-02T12:48:48+0200
4038fe1058608912,auto-10d581bed771,tempest_reinforcements@65ddc55,tempest_reinforcements,65ddc55,v233_b@9713344,v233_b,9713344,pinch,official,1,0,rating,a,a,1.0,core_destroyed,26,,10,40,10,9,76,0,3,5,ok,,3.237,n-62-11-66,29004097,2026-08-02T12:47:49+0200
404de80fd66c5d26,auto-10d581bed771,tempest_reinforcements@65ddc55,tempest_reinforcements,65ddc55,casemate@902be71,casemate,902be71,skerry,official,1,0,rating,a,a,1.0,core_destroyed,70,,12,320,13,12,42,0,5,34,ok,,4.637,n-62-11-61,29004097,2026-08-02T12:47:17+0200
405f037922fc6d52,auto-10d581bed771,attack_wave_v1@9713344,attack_wave_v1,9713344,tempest_reinforcements@65ddc55,tempest_reinforcements,65ddc55,jackpot,official,1,0,rating,b,b,0.0,core_destroyed,38,,196,0,6,3,10,80,11,7,ok,,3.507,n-62-31-5,29004097,2026-08-02T12:47:14+0200
406876660f18a037,auto-10d581bed771,undertow@da3fd8a,undertow,da3fd8a,tempest_reinforcements@65ddc55,tempest_reinforcements,65ddc55,jackpot,official,1,0,rating,b,b,0.0,core_destroyed,76,,99,170,6,6,36,290,14,18,ok,,5.321,n-62-21-65,29004097,2026-08-02T12:46:38+0200
407efad28afaa0af,auto-10d581bed771,vg_v6@9713344,vg_v6,9713344,tempest_reinforcements@65ddc55,tempest_reinforcements,65ddc55,quarry,official,1,0,rating,b,b,0.0,core_destroyed,69,,87,160,6,14,10,0,11,6,ok,,3.345,n-62-11-54,29004097,2026-08-02T12:48:08+0200
408cbab854c3d3dd,auto-10d581bed771,jonbot@9713344,jonbot,9713344,tempest_reinforcements@65ddc55,tempest_reinforcements,65ddc55,atoll,official,1,0,rating,b,b,0.0,core_destroyed,39,,259,0,5,0,10,80,11,6,ok,,3.267,n-62-29-29,29004097,2026-08-02T12:47:06+0200
40a8bf941e6c30a6,auto-10d581bed771,tempest_reinforcements@65ddc55,tempest_reinforcements,65ddc55,vanguard_oracle@902be71,vanguard_oracle,902be71,pinch,official,1,0,rating,a,a,1.0,core_destroyed,25,,10,40,10,9,113,0,7,3,ok,,3.381,n-62-29-32,29004097,2026-08-02T12:48:28+0200
40fb99fb1c42c4c9,auto-10d581bed771,undertow@9713344,undertow,9713344,tempest_reinforcements@65ddc55,tempest_reinforcements,65ddc55,string,official,1,0,rating,b,b,0.0,core_destroyed,66,,95,10,1,8,20,160,12,7,ok,,4.175,n-62-21-64,29004097,2026-08-02T12:46:19+0200
411e37cfe6eb0372,auto-10d581bed771,tempest_reinforcements@65ddc55,tempest_reinforcements,65ddc55,v233_a@9713344,v233_a,9713344,duel,official,1,0,rating,a,a,1.0,core_destroyed,42,,20,100,10,5,109,0,1,3,ok,,2.905,n-62-11-63,29004097,2026-08-02T12:49:05+0200
412802cba6aa0fd7,auto-10d581bed771,tempest_reinforcements@65ddc55,tempest_reinforcements,65ddc55,frontier_v2@9713344,frontier_v2,9713344,vault,official,1,0,rating,a,a,1.0,core_destroyed,42,,12,90,11,6,155,0,7,3,ok,,3.387,n-62-29-29,29004097,2026-08-02T12:46:55+0200
412e0110e23f7dac,auto-10d581bed771,tempest_reinforcements@65ddc55,tempest_reinforcements,65ddc55,vg_v3@9713344,vg_v3,9713344,skerry,official,1,0,rating,a,a,1.0,core_destroyed,51,,16,110,12,5,72,0,6,5,ok,,4.214,n-62-31-18,29004097,2026-08-02T12:48:05+0200
413ae0ad3435bea9,auto-10d581bed771,tempest@da3fd8a,tempest,da3fd8a,tempest_reinforcements@65ddc55,tempest_reinforcements,65ddc55,sprint,official,1,0,rating,a,a,1.0,core_destroyed,29,,41,0,10,4,21,40,7,4,ok,,4.271,n-62-21-90,29004097,2026-08-02T12:46:39+0200
415294af2f47ced3,auto-10d581bed771,tempest_reinforcements@65ddc55,tempest_reinforcements,65ddc55,e_post2@4a95297,e_post2,4a95297,skerry,official,1,0,rating,a,a,1.0,core_destroyed,44,,30,100,11,5,99,0,9,0,ok,,3.828,n-62-29-24,29004097,2026-08-02T12:47:02+0200
415d10bb29643500,auto-10d581bed771,tempest_reinforcements@65ddc55,tempest_reinforcements,65ddc55,vanguard@9932bec,vanguard,9932bec,strait,official,1,0,rating,a,a,1.0,core_destroyed,66,,10,140,12,11,94,300,3,26,ok,,3.722,n-62-29-15,29004097,2026-08-02T12:48:28+0200
415e440e6deab301,auto-10d581bed771,tempest_reinforcements@65ddc55,tempest_reinforcements,65ddc55,tempest_reinforcements@edf93ad,tempest_reinforcements,edf93ad,runestone,official,1,0,rating,a,a,1.0,core_destroyed,38,,20,70,9,13,16,50,11,7,ok,,5.062,n-62-21-55,29004097,2026-08-02T12:46:26+0200
415f01d093b34447,auto-10d581bed771,tempest_reinforcements@65ddc55,tempest_reinforcements,65ddc55,vg_v6@9713344,vg_v6,9713344,vase,official,1,0,rating,a,a,1.0,core_destroyed,46,,10,0,9,6,102,0,4,2,ok,,3.578,n-62-11-58,29004097,2026-08-02T12:47:58+0200
419d4002f9e3c2e6,auto-10d581bed771,tempest_reinforcements@65ddc55,tempest_reinforcements,65ddc55,tempest_oracle_ferry@fdc1e1f,tempest_oracle_ferry,fdc1e1f,sweden,official,1,0,rating,a,a,1.0,core_destroyed,206,,56,1180,27,16,635,0,1,3,ok,,8.849,n-62-21-12,29004097,2026-08-02T12:46:17+0200
41a07ba110a2cc70,auto-10d581bed771,tempest_reinforcements@65ddc55,tempest_reinforcements,65ddc55,baiter@9713344,baiter,9713344,fjord,official,1,0,rating,a,a,1.0,core_destroyed,40,,20,80,11,5,115,0,5,3,ok,,4.081,n-62-31-4,29004097,2026-08-02T12:47:53+0200
41b80d5e7a36de7c,auto-10d581bed771,vanguard_oracle@fdc1e1f,vanguard_oracle,fdc1e1f,tempest_reinforcements@65ddc55,tempest_reinforcements,65ddc55,showdown,official,1,0,rating,a,a,1.0,core_destroyed,43,,56,0,6,1,9,0,8,7,ok,,3.357,n-62-29-34,29004097,2026-08-02T12:49:02+0200
41baaa145171192c,auto-10d581bed771,claude_challenger_3@fdc1e1f,claude_challenger_3,fdc1e1f,tempest_reinforcements@65ddc55,tempest_reinforcements,65ddc55,duel,official,1,0,rating,b,b,0.0,core_destroyed,30,,242,60,7,4,10,60,10,5,ok,,3.735,n-62-31-9,29004097,2026-08-02T12:46:30+0200
41e008bebe44e564,auto-10d581bed771,tempest_reinforcements@65ddc55,tempest_reinforcements,65ddc55,claude_challenger_1@fdc1e1f,claude_challenger_1,fdc1e1f,duel,official,1,0,rating,a,a,1.0,core_destroyed,25,,10,50,10,5,222,50,6,4,ok,,3.265,n-62-11-64,29004097,2026-08-02T12:48:25+0200
41ecebbbc8156e2c,auto-10d581bed771,e_final@9e77076,e_final,9e77076,tempest_reinforcements@65ddc55,tempest_reinforcements,65ddc55,fjord,official,1,0,rating,b,b,0.0,core_destroyed,28,,62,40,9,3,28,60,11,5,ok,,3.884,n-62-21-98,29004097,2026-08-02T12:47:04+0200
41f12c9b914eacb0,auto-10d581bed771,tempest_reinforcements@edf93ad,tempest_reinforcements,edf93ad,tempest_reinforcements@65ddc55,tempest_reinforcements,65ddc55,duel,official,1,0,rating,b,b,0.0,core_destroyed,32,,16,70,12,4,26,70,7,5,ok,,3.999,n-62-12-67,29004097,2026-08-02T12:46:54+0200
42000ef5b9374105,auto-10d581bed771,uw_v2@9713344,uw_v2,9713344,tempest_reinforcements@65ddc55,tempest_reinforcements,65ddc55,crossfire,official,1,0,rating,b,b,0.0,core_destroyed,46,,73,150,4,6,10,100,10,6,ok,,3.664,n-62-11-61,29004097,2026-08-02T12:48:37+0200
420e75e7b895adbe,auto-10d581bed771,tempest_reinforcements@025dd51,tempest_reinforcements,025dd51,tempest_reinforcements@65ddc55,tempest_reinforcements,65ddc55,fjord,official,1,0,rating,a,a,1.0,core_destroyed,28,,15,50,11,5,16,50,11,4,ok,,5.229,n-62-21-24,29004097,2026-08-02T12:46:30+0200
42101b676f5dd1e6,auto-10d581bed771,tempest_reinforcements@65ddc55,tempest_reinforcements,65ddc55,turtle@9713344,turtle,9713344,jackpot,official,1,0,rating,a,a,1.0,core_destroyed,118,,27,510,18,24,101,0,1,0,ok,,6.095,n-62-21-61,29004097,2026-08-02T12:46:14+0200
421a034d65faa5d8,auto-10d581bed771,tempest_reinforcements@65ddc55,tempest_reinforcements,65ddc55,vg_v6@9713344,vg_v6,9713344,string,official,1,0,rating,a,a,1.0,core_destroyed,102,,112,670,20,15,116,0,1,0,ok,,4.491,n-62-11-54,29004097,2026-08-02T12:48:46+0200
4243b15710fd47f3,auto-10d581bed771,tempest_reinforcements@65ddc55,tempest_reinforcements,65ddc55,turtle@9713344,turtle,9713344,crossfire,official,1,0,rating,a,a,1.0,core_destroyed,43,,10,90,10,6,85,0,5,10,ok,,3.53,n-62-21-60,29004097,2026-08-02T12:47:11+0200
424ce64d08c01687,auto-10d581bed771,vg_v1@9713344,vg_v1,9713344,tempest_reinforcements@65ddc55,tempest_reinforcements,65ddc55,pinch,official,1,0,rating,b,b,0.0,core_destroyed,27,,79,0,3,3,20,50,10,8,ok,,3.713,n-62-30-24,29004097,2026-08-02T12:48:44+0200
42546c330d6e719b,auto-10d581bed771,tempest_reinforcements@65ddc55,tempest_reinforcements,65ddc55,tempest_reinforcements@e1dc316,tempest_reinforcements,e1dc316,string,official,1,0,rating,a,a,1.0,core_destroyed,105,,9,30,7,6,59,30,7,5,ok,,4.66,n-62-12-66,29004097,2026-08-02T12:47:03+0200
42684a703fb0f7a5,auto-10d581bed771,tempest_reinforcements@65ddc55,tempest_reinforcements,65ddc55,e_harc@6db8844,e_harc,6db8844,skerry,official,1,0,rating,a,a,1.0,core_destroyed,47,,10,100,11,5,105,90,8,11,ok,,3.578,n-62-29-18,29004097,2026-08-02T12:46:55+0200
426d2772a73eb926,auto-10d581bed771,uw_v1@9713344,uw_v1,9713344,tempest_reinforcements@65ddc55,tempest_reinforcements,65ddc55,runestone,official,1,0,rating,b,b,0.0,core_destroyed,41,,59,70,7,9,10,0,11,5,ok,,3.195,n-62-11-60,29004097,2026-08-02T12:47:39+0200
42b9e15c882bb00b,auto-10d581bed771,e_condc@6db8844,e_condc,6db8844,tempest_reinforcements@65ddc55,tempest_reinforcements,65ddc55,skerry,official,1,0,rating,b,b,0.0,core_destroyed,56,,59,110,9,2,20,130,11,5,ok,,4.367,n-62-21-97,29004097,2026-08-02T12:46:49+0200
42be0f97adb5050c,auto-10d581bed771,undertow_oracle@fdc1e1f,undertow_oracle,fdc1e1f,tempest_reinforcements@65ddc55,tempest_reinforcements,65ddc55,longship,official,1,0,rating,b,b,0.0,core_destroyed,58,,78,240,10,11,10,120,11,14,ok,,3.954,n-62-31-21,29004097,2026-08-02T12:48:48+0200
42d5f2fa844f3f82,auto-10d581bed771,tempest_reinforcements@65ddc55,tempest_reinforcements,65ddc55,frontier_v1@9713344,frontier_v1,9713344,strait,official,1,0,rating,a,a,1.0,core_destroyed,42,,19,80,10,11,44,0,11,1,ok,,3.869,n-62-29-21,29004097,2026-08-02T12:47:23+0200
42f0579222cd8b57,auto-10d581bed771,tempest_reinforcements@65ddc55,tempest_reinforcements,65ddc55,nemesis@9713344,nemesis,9713344,sweden,official,1,0,rating,a,a,1.0,core_destroyed,385,,94,2920,33,56,403,0,1,5,ok,,14.87,n-62-31-16,29004097,2026-08-02T12:47:49+0200
42f078cd25768311,auto-10d581bed771,tempest_reinforcements@65ddc55,tempest_reinforcements,65ddc55,vg_v3@9713344,vg_v3,9713344,showdown,official,1,0,rating,a,a,1.0,core_destroyed,38,,10,0,10,8,84,0,8,4,ok,,3.735,n-62-31-18,29004097,2026-08-02T12:47:57+0200
43140723ddd3dfed,auto-10d581bed771,undertow@fdc1e1f,undertow,fdc1e1f,tempest_reinforcements@65ddc55,tempest_reinforcements,65ddc55,fjord,official,1,0,rating,b,b,0.0,core_destroyed,42,,124,90,6,6,10,90,12,5,ok,,3.916,n-62-21-67,29004097,2026-08-02T12:46:25+0200
431ab0b1189cb752,auto-10d581bed771,tempest_reinforcements@65ddc55,tempest_reinforcements,65ddc55,tempest_sentinel@fdc1e1f,tempest_sentinel,fdc1e1f,bridge,official,1,0,rating,a,a,1.0,core_destroyed,180,,120,930,21,28,828,240,4,8,ok,,6.457,n-62-21-54,29004097,2026-08-02T12:46:45+0200
43384ddca11e8fa3,auto-10d581bed771,tempest_reinforcements@65ddc55,tempest_reinforcements,65ddc55,attack_wave_v1@9713344,attack_wave_v1,9713344,sprint,official,1,0,rating,a,a,1.0,core_destroyed,37,,10,70,10,7,196,0,4,3,ok,,3.832,n-62-31-22,29004097,2026-08-02T12:46:44+0200
433e538c2b003582,auto-10d581bed771,tempest_reinforcements@65ddc55,tempest_reinforcements,65ddc55,tempest_ferry@26b5aa1,tempest_ferry,26b5aa1,showdown,official,1,0,rating,a,a,1.0,core_destroyed,28,,16,0,8,7,50,0,7,4,ok,,4.15,n-62-12-4,29004097,2026-08-02T12:46:43+0200
4363508d82b67106,auto-10d581bed771,tempest_reinforcements@65ddc55,tempest_reinforcements,65ddc55,undertow@9713344,undertow,9713344,vase,official,1,0,rating,a,a,1.0,core_destroyed,118,,11,0,12,6,93,220,8,8,ok,,5.507,n-62-21-64,29004097,2026-08-02T12:46:49+0200
4364433543003f8e,auto-10d581bed771,tempest_reinforcements@65ddc55,tempest_reinforcements,65ddc55,tempest_reinforcements@edf93ad,tempest_reinforcements,edf93ad,hive,official,1,0,rating,a,a,1.0,core_destroyed,51,,10,100,11,7,19,100,9,6,ok,,4.529,n-62-12-67,29004097,2026-08-02T12:47:07+0200
436536e5cc0caff8,auto-10d581bed771,vanguard@9932bec,vanguard,9932bec,tempest_reinforcements@65ddc55,tempest_reinforcements,65ddc55,quarry,official,1,0,rating,b,b,0.0,core_destroyed,62,,121,400,9,18,10,0,11,6,ok,,4.06,n-62-29-15,29004097,2026-08-02T12:47:53+0200
43674b48c924493f,auto-10d581bed771,v233_f@9713344,v233_f,9713344,tempest_reinforcements@65ddc55,tempest_reinforcements,65ddc55,crossfire,official,1,0,rating,b,b,0.0,core_destroyed,39,,111,160,7,7,10,80,10,6,ok,,3.534,n-62-21-97,29004097,2026-08-02T12:47:40+0200
439c34973e3033b4,auto-10d581bed771,tempest_reinforcements@65ddc55,tempest_reinforcements,65ddc55,undertow@9713344,undertow,9713344,hive,official,1,0,rating,a,a,1.0,core_destroyed,54,,10,110,11,11,59,130,8,13,ok,,4.943,n-62-21-63,29004097,2026-08-02T12:46:13+0200
439e48f6e262b249,auto-10d581bed771,tempest_reinforcements@65ddc55,tempest_reinforcements,65ddc55,e_harc@6db8844,e_harc,6db8844,string,official,1,0,rating,a,a,1.0,core_destroyed,40,,31,140,10,10,404,0,2,0,ok,,2.565,n-62-29-18,29004097,2026-08-02T12:47:30+0200
43bc1b8f8d0dcb2c,auto-10d581bed771,tempest_reinforcements@65ddc55,tempest_reinforcements,65ddc55,undertow@da3fd8a,undertow,da3fd8a,runestone,official,1,0,rating,a,a,1.0,core_destroyed,49,,10,0,11,5,58,180,13,12,ok,,5.26,n-62-21-65,29004097,2026-08-02T12:47:12+0200
43c442a9e4637d5e,auto-10d581bed771,mistral@ba943b9,mistral,ba943b9,tempest_reinforcements@65ddc55,tempest_reinforcements,65ddc55,crossfire,official,1,0,rating,b,b,0.0,core_destroyed,32,,95,0,9,0,16,60,10,5,ok,,5.006,n-62-31-14,29004097,2026-08-02T12:46:58+0200
43d5ceaf7f7dae88,auto-10d581bed771,tempest_reinforcements@65ddc55,tempest_reinforcements,65ddc55,v233_f@9713344,v233_f,9713344,skerry,official,1,0,rating,a,a,1.0,core_destroyed,55,,10,190,12,9,105,360,5,11,ok,,5.013,n-62-21-98,29004097,2026-08-02T12:47:38+0200
43fa8f92f10ad4dd,auto-10d581bed771,tempest_reinforcements@51ad530,tempest_reinforcements,51ad530,tempest_reinforcements@65ddc55,tempest_reinforcements,65ddc55,pinch,official,1,0,rating,b,b,0.0,core_destroyed,40,,10,0,9,3,16,0,8,4,ok,,4.386,n-62-13-6,29004097,2026-08-02T12:47:15+0200
44019f7ca284cefb,auto-10d581bed771,tempest_reinforcements@65ddc55,tempest_reinforcements,65ddc55,tempest_reinforcements@e1dc316,tempest_reinforcements,e1dc316,aurora,official,1,0,rating,a,a,1.0,core_destroyed,47,,9,90,9,8,6,90,14,7,ok,,5.624,n-62-12-64,29004097,2026-08-02T12:46:13+0200
4439e72701e47a70,auto-10d581bed771,tempest_reinforcements@65ddc55,tempest_reinforcements,65ddc55,jonbot@9713344,jonbot,9713344,longship,official,1,0,rating,a,a,1.0,core_destroyed,47,,10,90,11,12,275,0,5,0,ok,,3.335,n-62-29-5,29004097,2026-08-02T12:46:39+0200
446bfbcd3e88207d,auto-10d581bed771,tempest_reinforcements@65ddc55,tempest_reinforcements,65ddc55,siege_v1@9713344,siege_v1,9713344,string,official,1,0,rating,a,a,1.0,core_destroyed,89,,121,600,16,16,377,0,2,0,ok,,3.689,n-62-11-50,29004097,2026-08-02T12:46:25+0200
4491d908653ccffa,auto-10d581bed771,tempest_reinforcements@65ddc55,tempest_reinforcements,65ddc55,baiter@9713344,baiter,9713344,showdown,official,1,0,rating,a,a,1.0,core_destroyed,38,,10,0,10,8,84,0,8,4,ok,,4.765,n-62-31-23,29004097,2026-08-02T12:46:56+0200
44a5aacd93432950,auto-10d581bed771,vanguard_oracle@902be71,vanguard_oracle,902be71,tempest_reinforcements@65ddc55,tempest_reinforcements,65ddc55,runestone,official,1,0,rating,b,b,0.0,core_destroyed,37,,114,120,9,10,10,0,11,5,ok,,3.725,n-62-29-32,29004097,2026-08-02T12:48:48+0200
44c1de37c4103dde,auto-10d581bed771,tempest_reinforcements@65ddc55,tempest_reinforcements,65ddc55,v233_d@9713344,v233_d,9713344,sweden,official,1,0,rating,b,b,0.0,core_destroyed,95,,0,340,14,15,246,180,7,9,ok,,4.669,n-62-31-11,29004097,2026-08-02T12:48:22+0200
44c8cf458530f9c9,auto-10d581bed771,tempest_reinforcements@65ddc55,tempest_reinforcements,65ddc55,uw_v1@9713344,uw_v1,9713344,hive,official,1,0,rating,a,a,1.0,core_destroyed,52,,30,110,11,11,129,0,5,4,ok,,4.108,n-62-31-23,29004097,2026-08-02T12:48:38+0200
44dec224a14d35e3,auto-10d581bed771,tempest_reinforcements@65ddc55,tempest_reinforcements,65ddc55,e_condc@6db8844,e_condc,6db8844,vault,official,1,0,rating,a,a,1.0,core_destroyed,69,,10,160,11,8,66,150,7,6,ok,,3.776,n-62-21-97,29004097,2026-08-02T12:48:25+0200
44f9d0163d839bd2,auto-10d581bed771,tempest_reinforcements@65ddc55,tempest_reinforcements,65ddc55,vg_v5@9713344,vg_v5,9713344,aurora,official,1,0,rating,a,a,1.0,core_destroyed,49,,10,100,12,8,126,100,6,8,ok,,4.16,n-62-31-20,29004097,2026-08-02T12:48:07+0200
4521e4ef68a7f04a,auto-10d581bed771,tempest_reinforcements@65ddc55,tempest_reinforcements,65ddc55,tempest_outer@fdc1e1f,tempest_outer,fdc1e1f,showdown,official,1,0,rating,a,a,1.0,core_destroyed,28,,16,0,8,7,50,0,7,4,ok,,3.824,n-62-21-13,29004097,2026-08-02T12:47:05+0200
452efa6aebb26105,auto-10d581bed771,claude_challenger_2@fdc1e1f,claude_challenger_2,fdc1e1f,tempest_reinforcements@65ddc55,tempest_reinforcements,65ddc55,fjord,official,1,0,rating,b,b,0.0,core_destroyed,26,,65,40,9,4,10,50,11,5,ok,,5.444,n-62-11-68,29004097,2026-08-02T12:46:30+0200
453a1baefabcaf0d,auto-10d581bed771,tempest_reinforcements@65ddc55,tempest_reinforcements,65ddc55,claude_challenger_2@fdc1e1f,claude_challenger_2,fdc1e1f,string,official,1,0,rating,a,a,1.0,core_destroyed,28,,30,70,9,10,570,0,0,0,ok,,2.177,n-62-21-92,29004097,2026-08-02T12:46:32+0200
454e6fbd2b2d4ca5,auto-10d581bed771,tempest_reinforcements@65ddc55,tempest_reinforcements,65ddc55,vanguard@c407e79,vanguard,c407e79,bridge,official,1,0,rating,b,b,0.0,core_destroyed,147,,56,150,15,12,279,30,5,7,ok,,4.423,n-62-29-21,29004097,2026-08-02T12:48:18+0200
455a083a61774ae3,auto-10d581bed771,tempest_reinforcements@87724ec,tempest_reinforcements,87724ec,tempest_reinforcements@65ddc55,tempest_reinforcements,65ddc55,bridge,official,1,0,rating,b,b,0.0,core_destroyed,52,,112,0,7,6,20,0,10,8,ok,,6.216,n-62-13-9,29004097,2026-08-02T12:46:29+0200
4560541b393c0de1,auto-10d581bed771,tempest_reinforcements@65ddc55,tempest_reinforcements,65ddc55,baiter@9713344,baiter,9713344,vase,official,1,0,rating,a,a,1.0,core_destroyed,46,,10,0,9,6,102,0,4,2,ok,,4.146,n-62-11-60,29004097,2026-08-02T12:46:22+0200
45856ac5efa92f10,auto-10d581bed771,tempest_reinforcements@65ddc55,tempest_reinforcements,65ddc55,vanguard@da3fd8a,vanguard,da3fd8a,sprint,official,1,0,rating,a,a,1.0,core_destroyed,31,,17,60,10,6,108,50,6,7,ok,,2.873,n-62-29-29,29004097,2026-08-02T12:48:36+0200
458c67c628645b3d,auto-10d581bed771,tempest_reinforcements@65ddc55,tempest_reinforcements,65ddc55,opponent_luc@e83a42c,opponent_luc,e83a42c,runestone,official,1,0,rating,a,a,1.0,core_destroyed,32,,20,0,11,5,18,50,11,7,ok,,6.208,n-62-31-15,29004097,2026-08-02T12:47:00+0200
45bc1415f50ae19f,auto-10d581bed771,tempest_reinforcements@65ddc55,tempest_reinforcements,65ddc55,siege_v1@9713344,siege_v1,9713344,skerry,official,1,0,rating,a,a,1.0,core_destroyed,37,,10,80,12,5,199,0,6,3,ok,,3.387,n-62-11-59,29004097,2026-08-02T12:47:13+0200
45e112d5580afe7e,auto-10d581bed771,tempest_reinforcements@65ddc55,tempest_reinforcements,65ddc55,v233_e@9713344,v233_e,9713344,jackpot,official,1,0,rating,b,b,0.0,core_destroyed,105,,59,240,14,6,124,310,6,9,ok,,4.722,n-62-21-103,29004097,2026-08-02T12:48:04+0200
460fca87b1bc00a5,auto-10d581bed771,tempest_reinforcements@65ddc55,tempest_reinforcements,65ddc55,mistral@ba943b9,mistral,ba943b9,runestone,official,1,0,rating,b,b,0.0,core_destroyed,35,,18,50,10,11,65,0,11,1,ok,,6.877,n-62-31-17,29004097,2026-08-02T12:46:29+0200
4622ff19974aee61,auto-10d581bed771,jonbot@da3fd8a,jonbot,da3fd8a,tempest_reinforcements@65ddc55,tempest_reinforcements,65ddc55,aurora,official,1,0,rating,b,b,0.0,core_destroyed,53,,97,70,9,13,9,110,9,11,ok,,4.274,n-62-29-30,29004097,2026-08-02T12:47:17+0200
462c007bfc7eb6a7,auto-10d581bed771,attack_wave_v1@9713344,attack_wave_v1,9713344,tempest_reinforcements@65ddc55,tempest_reinforcements,65ddc55,atoll,official,1,0,rating,b,b,0.0,core_destroyed,37,,249,0,5,2,10,80,11,6,ok,,3.664,n-62-31-5,29004097,2026-08-02T12:46:16+0200
463d5555525a11f3,auto-10d581bed771,tempest_reinforcements@65ddc55,tempest_reinforcements,65ddc55,jonbot@da3fd8a,jonbot,da3fd8a,aurora,official,1,0,rating,a,a,1.0,core_destroyed,54,,10,170,11,15,284,170,6,20,ok,,5.348,n-62-29-30,29004097,2026-08-02T12:47:12+0200
469a99b833dffbb7,auto-10d581bed771,tempest_oracle_ferry@fdc1e1f,tempest_oracle_ferry,fdc1e1f,tempest_reinforcements@65ddc55,tempest_reinforcements,65ddc55,showdown,official,1,0,rating,a,a,1.0,core_destroyed,20,,23,0,11,8,22,0,10,5,ok,,4.173,n-62-21-8,29004097,2026-08-02T12:47:02+0200
46bdc382bca8cb11,auto-10d581bed771,tempest_reinforcements@65ddc55,tempest_reinforcements,65ddc55,mistral@ba943b9,mistral,ba943b9,sprint,official,1,0,rating,b,b,0.0,core_destroyed,24,,16,0,10,3,106,0,8,1,ok,,3.908,n-62-31-17,29004097,2026-08-02T12:47:01+0200
46c609cee7a2e253,auto-10d581bed771,v233_i@902be71,v233_i,902be71,tempest_reinforcements@65ddc55,tempest_reinforcements,65ddc55,atoll,official,1,0,rating,b,b,0.0,core_destroyed,45,,71,190,11,6,9,100,11,6,ok,,3.798,n-62-29-18,29004097,2026-08-02T12:48:51+0200
46ca49417333fb61,auto-10d581bed771,casemate@902be71,casemate,902be71,tempest_reinforcements@65ddc55,tempest_reinforcements,65ddc55,skerry,official,1,0,rating,b,b,0.0,core_destroyed,45,,23,0,5,36,35,100,12,5,ok,,4.242,n-62-11-61,29004097,2026-08-02T12:47:22+0200
46df303b74bfbea1,auto-10d581bed771,tempest_reinforcements@65ddc55,tempest_reinforcements,65ddc55,v233_b@9713344,v233_b,9713344,skerry,official,1,0,rating,a,a,1.0,core_destroyed,42,,8,80,11,4,41,0,6,4,ok,,3.56,n-62-11-66,29004097,2026-08-02T12:48:19+0200
46ea65ee59474f40,auto-10d581bed771,siege_v2@9713344,siege_v2,9713344,tempest_reinforcements@65ddc55,tempest_reinforcements,65ddc55,aurora,official,1,0,rating,b,b,0.0,core_destroyed,50,,228,0,5,3,10,100,12,11,ok,,3.289,n-62-11-50,29004097,2026-08-02T12:47:11+0200
46f6f9e50e877852,auto-10d581bed771,vanguard_oracle@75591b7,vanguard_oracle,75591b7,tempest_reinforcements@65ddc55,tempest_reinforcements,65ddc55,fjord,official,1,0,rating,b,b,0.0,core_destroyed,28,,69,60,10,4,26,60,11,5,ok,,3.357,n-62-29-5,29004097,2026-08-02T12:49:01+0200
4700f6d57125447e,auto-10d581bed771,tempest_reinforcements@65ddc55,tempest_reinforcements,65ddc55,tempest_reinforcements@87724ec,tempest_reinforcements,87724ec,vase,official,1,0,rating,b,b,0.0,core_destroyed,86,,8,0,10,5,95,170,6,7,ok,,3.306,n-62-12-65,29004097,2026-08-02T12:48:31+0200
47190f5a3c465279,auto-10d581bed771,jonbot@9713344,jonbot,9713344,tempest_reinforcements@65ddc55,tempest_reinforcements,65ddc55,twins,official,1,0,rating,b,b,0.0,core_destroyed,35,,269,0,4,0,10,0,10,5,ok,,3.156,n-62-29-30,29004097,2026-08-02T12:46:43+0200
472b8ad13f3a0266,auto-10d581bed771,tempest_reinforcements@65ddc55,tempest_reinforcements,65ddc55,e_final@9e77076,e_final,9e77076,skerry,official,1,0,rating,a,a,1.0,core_destroyed,40,,30,90,11,5,83,0,7,5,ok,,3.674,n-62-21-99,29004097,2026-08-02T12:46:37+0200
47374681b3dedf0b,auto-10d581bed771,jonbot@9713344,jonbot,9713344,tempest_reinforcements@65ddc55,tempest_reinforcements,65ddc55,vase,official,1,0,rating,b,b,0.0,core_destroyed,85,,325,0,2,0,10,0,12,6,ok,,3.372,n-62-29-30,29004097,2026-08-02T12:46:52+0200
473cc93464304bc1,auto-10d581bed771,tempest_reinforcements@65ddc55,tempest_reinforcements,65ddc55,autistimusprime@ecd4d24,autistimusprime,ecd4d24,longship,official,1,0,rating,a,a,1.0,core_destroyed,45,,10,90,11,12,85,90,9,14,ok,,4.448,n-62-31-24,29004097,2026-08-02T12:47:41+0200
473e860d99906a15,auto-10d581bed771,tempest_reinforcements@65ddc55,tempest_reinforcements,65ddc55,vg_v4@9713344,vg_v4,9713344,twins,official,1,0,rating,a,a,1.0,core_destroyed,48,,20,100,10,9,93,100,3,10,ok,,3.525,n-62-31-16,29004097,2026-08-02T12:49:24+0200
47476ecfb41b30bd,auto-10d581bed771,vanguard@9932bec,vanguard,9932bec,tempest_reinforcements@65ddc55,tempest_reinforcements,65ddc55,sprint,official,1,0,rating,b,b,0.0,core_destroyed,109,,34,0,9,3,10,30,10,6,ok,,3.488,n-62-29-15,29004097,2026-08-02T12:48:24+0200
4763a3d37d55c3f3,auto-10d581bed771,tempest_reinforcements@65ddc55,tempest_reinforcements,65ddc55,tempest_sentinel@fdc1e1f,tempest_sentinel,fdc1e1f,sprint,official,1,0,rating,a,a,1.0,core_destroyed,69,,20,0,7,9,35,260,11,10,ok,,4.438,n-62-21-56,29004097,2026-08-02T12:46:53+0200
47673dab9683e656,auto-10d581bed771,vg_v6@9713344,vg_v6,9713344,tempest_reinforcements@65ddc55,tempest_reinforcements,65ddc55,runestone,official,1,0,rating,b,b,0.0,core_destroyed,38,,76,60,5,9,10,0,11,5,ok,,2.97,n-62-11-54,29004097,2026-08-02T12:48:15+0200
476cdd7ea7f91841,auto-10d581bed771,tempest_reinforcements@65ddc55,tempest_reinforcements,65ddc55,tempest_reinforcements@87724ec,tempest_reinforcements,87724ec,string,official,1,0,rating,a,a,1.0,core_destroyed,87,,105,380,16,8,65,50,3,7,ok,,4.055,n-62-12-65,29004097,2026-08-02T12:47:58+0200
476e41344a672352,auto-10d581bed771,tempest_reinforcements@65ddc55,tempest_reinforcements,65ddc55,casemate@902be71,casemate,902be71,duel,official,1,0,rating,a,a,1.0,core_destroyed,47,,10,110,11,5,35,0,5,12,ok,,3.468,n-62-11-60,29004097,2026-08-02T12:47:39+0200
4779adf0c6e5896c,auto-10d581bed771,vanguard@9932bec,vanguard,9932bec,tempest_reinforcements@65ddc55,tempest_reinforcements,65ddc55,duel,official,1,0,rating,b,b,0.0,core_destroyed,52,,82,230,9,8,28,120,10,5,ok,,3.989,n-62-29-33,29004097,2026-08-02T12:48:34+0200
4787a642a4dcbcfb,auto-10d581bed771,e_harc@6db8844,e_harc,6db8844,tempest_reinforcements@65ddc55,tempest_reinforcements,65ddc55,string,official,1,0,rating,b,b,0.0,core_destroyed,80,,73,0,2,3,20,190,15,7,ok,,4.267,n-62-29-18,29004097,2026-08-02T12:47:34+0200
47b7f81cb24ecf07,auto-10d581bed771,tempest_reinforcements@65ddc55,tempest_reinforcements,65ddc55,undertow@9713344,undertow,9713344,strait,official,1,0,rating,a,a,1.0,core_destroyed,62,,10,130,11,11,139,360,9,14,ok,,4.387,n-62-21-63,29004097,2026-08-02T12:47:39+0200
47ebca0b0f8e1777,auto-10d581bed771,tempest_reinforcements@65ddc55,tempest_reinforcements,65ddc55,vanguard_oracle@fdc1e1f,vanguard_oracle,fdc1e1f,fjord,official,1,0,rating,a,a,1.0,core_destroyed,36,,20,70,11,5,111,80,6,4,ok,,3.851,n-62-29-34,29004097,2026-08-02T12:47:54+0200
48005c4a0e57039e,auto-10d581bed771,e_t4l7@9e77076,e_t4l7,9e77076,tempest_reinforcements@65ddc55,tempest_reinforcements,65ddc55,strait,official,1,0,rating,a,a,1.0,titanium_collected,1000,,2826,2750,7,33,12,0,11,5,ok,,8.997,n-62-29-17,29004097,2026-08-02T12:47:33+0200
480690077adcdcab,auto-10d581bed771,baiter@9713344,baiter,9713344,tempest_reinforcements@65ddc55,tempest_reinforcements,65ddc55,runestone,official,1,0,rating,b,b,0.0,core_destroyed,38,,95,60,6,9,10,0,11,5,ok,,4.793,n-62-31-23,29004097,2026-08-02T12:46:51+0200
4826f0827f5a9ccb,auto-10d581bed771,tempest_blindfire@fdc1e1f,tempest_blindfire,fdc1e1f,tempest_reinforcements@65ddc55,tempest_reinforcements,65ddc55,jackpot,official,1,0,rating,b,b,0.0,core_destroyed,43,,274,0,6,2,10,90,12,7,ok,,3.653,n-62-21-91,29004097,2026-08-02T12:47:07+0200
482d210d77ae5d48,auto-10d581bed771,tempest_reinforcements@65ddc55,tempest_reinforcements,65ddc55,e_harc@6db8844,e_harc,6db8844,atoll,official,1,0,rating,a,a,1.0,core_destroyed,51,,2,110,11,8,15,0,9,5,ok,,4.119,n-62-28-29,29004097,2026-08-02T12:46:21+0200
4831386d5d772506,auto-10d581bed771,reaver@9713344,reaver,9713344,tempest_reinforcements@65ddc55,tempest_reinforcements,65ddc55,vault,official,1,0,rating,b,b,0.0,core_destroyed,61,,85,0,6,4,31,260,11,21,ok,,3.848,n-62-11-54,29004097,2026-08-02T12:46:52+0200
48369be13f0be4a1,auto-10d581bed771,e_condc@6db8844,e_condc,6db8844,tempest_reinforcements@65ddc55,tempest_reinforcements,65ddc55,twins,official,1,0,rating,b,b,0.0,core_destroyed,142,,34,0,7,2,10,0,10,5,ok,,3.823,n-62-21-97,29004097,2026-08-02T12:48:11+0200
4853f6b554555ba9,auto-10d581bed771,e_t4l7@9e77076,e_t4l7,9e77076,tempest_reinforcements@65ddc55,tempest_reinforcements,65ddc55,crossfire,official,1,0,rating,b,b,0.0,core_destroyed,56,,108,230,5,15,30,130,11,6,ok,,3.541,n-62-29-15,29004097,2026-08-02T12:47:10+0200
48703cae42e74695,auto-10d581bed771,tempest_reinforcements@65ddc55,tempest_reinforcements,65ddc55,siege_v1@9713344,siege_v1,9713344,strait,official,1,0,rating,a,a,1.0,core_destroyed,42,,19,80,10,11,254,0,6,2,ok,,2.96,n-62-11-50,29004097,2026-08-02T12:46:18+0200
4883b6498ee85874,auto-10d581bed771,tempest_reinforcements@65ddc55,tempest_reinforcements,65ddc55,uw_v1@9713344,uw_v1,9713344,atoll,official,1,0,rating,a,a,1.0,core_destroyed,45,,14,100,11,6,105,0,7,3,ok,,4.146,n-62-31-23,29004097,2026-08-02T12:47:28+0200
489e0ea13a96cd95,auto-10d581bed771,tempest_picket@fdc1e1f,tempest_picket,fdc1e1f,tempest_reinforcements@65ddc55,tempest_reinforcements,65ddc55,quarry,official,1,0,rating,a,a,1.0,core_destroyed,59,,57,0,8,6,7,0,9,5,ok,,5.267,n-62-21-15,29004097,2026-08-02T12:47:07+0200
48a68378d53ecbdb,auto-10d581bed771,v233_e@9713344,v233_e,9713344,tempest_reinforcements@65ddc55,tempest_reinforcements,65ddc55,runestone,official,1,0,rating,b,b,0.0,core_destroyed,70,,118,280,9,12,10,0,11,5,ok,,4.268,n-62-21-103,29004097,2026-08-02T12:49:06+0200
48af2b6b75cac1a3,auto-10d581bed771,tempest_reinforcements@65ddc55,tempest_reinforcements,65ddc55,vg_v6@9713344,vg_v6,9713344,hive,official,1,0,rating,a,a,1.0,core_destroyed,57,,10,120,12,11,98,0,5,7,ok,,3.57,n-62-11-57,29004097,2026-08-02T12:49:35+0200
48b2b023d9bf3de3,auto-10d581bed771,vanguard@9932bec,vanguard,9932bec,tempest_reinforcements@65ddc55,tempest_reinforcements,65ddc55,pinch,official,1,0,rating,b,b,0.0,core_destroyed,27,,71,0,4,3,20,50,10,8,ok,,3.21,n-62-29-15,29004097,2026-08-02T12:47:44+0200
48eaeb569ada38e8,auto-10d581bed771,tempest_reinforcements@65ddc55,tempest_reinforcements,65ddc55,tempest_frontier@fdc1e1f,tempest_frontier,fdc1e1f,jackpot,official,1,0,rating,a,a,1.0,core_destroyed,80,,11,180,13,7,281,180,6,6,ok,,4.909,n-62-12-7,29004097,2026-08-02T12:47:37+0200
48eb5207eb1b8d6a,auto-10d581bed771,tempest_reinforcements@65ddc55,tempest_reinforcements,65ddc55,vg_v1@9713344,vg_v1,9713344,strait,official,1,0,rating,a,a,1.0,core_destroyed,56,,30,120,11,11,121,230,5,12,ok,,3.994,n-62-31-14,29004097,2026-08-02T12:48:04+0200
49076b91028093e5,auto-10d581bed771,vg_v3@9713344,vg_v3,9713344,tempest_reinforcements@65ddc55,tempest_reinforcements,65ddc55,fjord,official,1,0,rating,b,b,0.0,core_destroyed,42,,84,170,3,8,10,90,11,5,ok,,3.842,n-62-31-7,29004097,2026-08-02T12:48:54+0200
49127a94ec628a88,auto-10d581bed771,tempest_reinforcements@65ddc55,tempest_reinforcements,65ddc55,vanguard@c407e79,vanguard,c407e79,strait,official,1,0,rating,a,a,1.0,core_destroyed,66,,10,140,12,11,94,300,3,26,ok,,3.686,n-62-29-22,29004097,2026-08-02T12:48:38+0200
491923e328c58033,auto-10d581bed771,tempest_reinforcements@65ddc55,tempest_reinforcements,65ddc55,undertow@9713344,undertow,9713344,sprint,official,1,0,rating,b,b,0.0,core_destroyed,36,,23,40,10,6,98,20,7,6,ok,,3.748,n-62-21-63,29004097,2026-08-02T12:47:31+0200
492452a9f64c2f97,auto-10d581bed771,tempest_reinforcements@65ddc55,tempest_reinforcements,65ddc55,claude_challenger_3@fdc1e1f,claude_challenger_3,fdc1e1f,crossfire,official,1,0,rating,a,a,1.0,core_destroyed,32,,30,70,10,6,190,0,7,4,ok,,5.419,n-62-31-9,29004097,2026-08-02T12:46:16+0200
4952ba3c62313c85,auto-10d581bed771,tempest_reinforcements@65ddc55,tempest_reinforcements,65ddc55,tempest_ferry@26b5aa1,tempest_ferry,26b5aa1,quarry,official,1,0,rating,a,a,1.0,core_destroyed,39,,10,0,9,5,36,0,12,5,ok,,5.311,n-62-12-4,29004097,2026-08-02T12:46:24+0200
4959dfdfba408eb8,auto-10d581bed771,tempest_reinforcements@65ddc55,tempest_reinforcements,65ddc55,v233_f@9713344,v233_f,9713344,longship,official,1,0,rating,a,a,1.0,core_destroyed,54,,10,110,12,12,82,220,8,17,ok,,4.3,n-62-21-97,29004097,2026-08-02T12:48:19+0200
498167607083302d,auto-10d581bed771,tempest_reinforcements@65ddc55,tempest_reinforcements,65ddc55,uw_v1@9713344,uw_v1,9713344,strait,official,1,0,rating,a,a,1.0,core_destroyed,51,,10,100,11,11,57,150,6,12,ok,,3.423,n-62-11-60,29004097,2026-08-02T12:48:05+0200
49a660a9adad1f78,auto-10d581bed771,tempest_reinforcements@65ddc55,tempest_reinforcements,65ddc55,tempest_sentinel@fdc1e1f,tempest_sentinel,fdc1e1f,sweden,official,1,0,rating,a,a,1.0,core_destroyed,191,,20,1070,25,18,560,0,3,6,ok,,7.481,n-62-21-56,29004097,2026-08-02T12:47:21+0200
49c8c1672b8c0aed,auto-10d581bed771,tempest_reinforcements@65ddc55,tempest_reinforcements,65ddc55,tempest_fast@eb1f0f3,tempest_fast,eb1f0f3,vase,official,1,0,rating,a,a,1.0,core_destroyed,29,,10,0,10,6,270,0,3,5,ok,,2.686,n-62-12-3,29004097,2026-08-02T12:47:22+0200
4a06449dbfb99458,auto-10d581bed771,mistral_fast@26b5aa1,mistral_fast,26b5aa1,tempest_reinforcements@65ddc55,tempest_reinforcements,65ddc55,hive,official,1,0,rating,b,b,0.0,core_destroyed,42,,324,0,4,0,10,80,10,13,ok,,3.585,n-62-31-7,29004097,2026-08-02T12:47:21+0200
4a1fd9731044387d,auto-10d581bed771,frontier_v2@9713344,frontier_v2,9713344,tempest_reinforcements@65ddc55,tempest_reinforcements,65ddc55,longship,official,1,0,rating,b,b,0.0,core_destroyed,163,,403,0,7,4,22,1060,22,40,ok,,5.417,n-62-29-26,29004097,2026-08-02T12:46:38+0200
4a2039ec8dca16ab,auto-10d581bed771,tempest_reinforcements@65ddc55,tempest_reinforcements,65ddc55,tempest@da3fd8a,tempest,da3fd8a,crossfire,official,1,0,rating,b,b,0.0,core_destroyed,36,,16,70,10,5,132,80,6,5,ok,,4.803,n-62-11-56,29004097,2026-08-02T12:46:24+0200
4a47dc6ac0e6b50f,auto-10d581bed771,vanguard_oracle@902be71,vanguard_oracle,902be71,tempest_reinforcements@65ddc55,tempest_reinforcements,65ddc55,crossfire,official,1,0,rating,a,a,1.0,core_destroyed,37,,83,130,8,7,9,80,12,5,ok,,4.305,n-62-29-16,29004097,2026-08-02T12:49:21+0200
4a47f3e3ec8bddc4,auto-10d581bed771,tempest_reinforcements@65ddc55,tempest_reinforcements,65ddc55,reaver@9713344,reaver,9713344,strait,official,1,0,rating,a,a,1.0,core_destroyed,72,,20,160,13,11,100,310,7,16,ok,,4.349,n-62-11-53,29004097,2026-08-02T12:47:31+0200
4a5eab88a830c0ec,auto-10d581bed771,tempest_ferry@26b5aa1,tempest_ferry,26b5aa1,tempest_reinforcements@65ddc55,tempest_reinforcements,65ddc55,sweden,official,1,0,rating,b,b,0.0,core_destroyed,42,,253,0,5,7,10,0,10,6,ok,,3.494,n-62-12-4,29004097,2026-08-02T12:47:34+0200
4a607918fea1a71a,auto-10d581bed771,undertow@da3fd8a,undertow,da3fd8a,tempest_reinforcements@65ddc55,tempest_reinforcements,65ddc55,crossfire,official,1,0,rating,a,a,1.0,core_destroyed,34,,28,70,11,6,8,70,9,5,ok,,4.332,n-62-21-64,29004097,2026-08-02T12:47:52+0200
4a6b3f011c27817a,auto-10d581bed771,tempest_reinforcements@65ddc55,tempest_reinforcements,65ddc55,tempest_reinforcements@51ad530,tempest_reinforcements,51ad530,strait,official,1,0,rating,a,a,1.0,core_destroyed,43,,7,80,11,9,5,0,10,4,ok,,6.714,n-62-13-8,29004097,2026-08-02T12:46:44+0200
4a8a6ae64610f107,auto-10d581bed771,v233_f@9713344,v233_f,9713344,tempest_reinforcements@65ddc55,tempest_reinforcements,65ddc55,runestone,official,1,0,rating,b,b,0.0,core_destroyed,40,,120,140,7,16,14,0,11,5,ok,,3.485,n-62-21-97,29004097,2026-08-02T12:48:48+0200
4a97d54b53d3aaf8,auto-10d581bed771,tempest_reinforcements@65ddc55,tempest_reinforcements,65ddc55,tempest_ferry@26b5aa1,tempest_ferry,26b5aa1,aurora,official,1,0,rating,a,a,1.0,core_destroyed,43,,10,80,10,8,254,80,5,7,ok,,3.404,n-62-12-5,29004097,2026-08-02T12:46:27+0200
4abfb802b4a98f84,auto-10d581bed771,tempest_reinforcements@65ddc55,tempest_reinforcements,65ddc55,frontier_v2@9713344,frontier_v2,9713344,showdown,official,1,0,rating,a,a,1.0,core_destroyed,30,,10,0,9,8,211,0,6,2,ok,,2.926,n-62-29-26,29004097,2026-08-02T12:47:03+0200
4ad8b17740208b31,auto-10d581bed771,tempest_reinforcements@65ddc55,tempest_reinforcements,65ddc55,jonbot@da3fd8a,jonbot,da3fd8a,vase,official,1,0,rating,a,a,1.0,core_destroyed,46,,10,0,10,6,310,0,4,5,ok,,3.2,n-62-29-16,29004097,2026-08-02T12:47:24+0200
4ae58d5513f64bc3,auto-10d581bed771,tempest_reinforcements@65ddc55,tempest_reinforcements,65ddc55,e9cand@9e77076,e9cand,9e77076,pinch,official,1,0,rating,a,a,1.0,core_destroyed,53,,10,0,11,4,118,0,8,2,ok,,4.332,n-62-31-11,29004097,2026-08-02T12:47:55+0200
4af06dc392d8f6a0,auto-10d581bed771,uw_v2@9713344,uw_v2,9713344,tempest_reinforcements@65ddc55,tempest_reinforcements,65ddc55,string,official,1,0,rating,b,b,0.0,core_destroyed,134,,85,30,1,2,52,800,19,16,ok,,4.865,n-62-11-62,29004097,2026-08-02T12:48:31+0200
4b01a6fb6c208a6f,auto-10d581bed771,mistral@ba943b9,mistral,ba943b9,tempest_reinforcements@65ddc55,tempest_reinforcements,65ddc55,sweden,official,1,0,rating,b,b,0.0,core_destroyed,42,,324,0,4,0,10,0,10,6,ok,,3.872,n-62-31-17,29004097,2026-08-02T12:47:36+0200
4b0b8f888b55c3fa,auto-10d581bed771,tempest_reinforcements@65ddc55,tempest_reinforcements,65ddc55,mistral@ba943b9,mistral,ba943b9,atoll,official,1,0,rating,b,b,0.0,core_destroyed,31,,10,60,9,5,60,0,11,1,ok,,5.407,n-62-31-14,29004097,2026-08-02T12:46:13+0200
4b4fb013617b23af,auto-10d581bed771,v233_c@9713344,v233_c,9713344,tempest_reinforcements@65ddc55,tempest_reinforcements,65ddc55,quarry,official,1,0,rating,b,b,0.0,core_destroyed,86,,75,340,5,15,10,0,11,6,ok,,3.771,n-62-21-92,29004097,2026-08-02T12:48:11+0200
4b6b0603111efae2,auto-10d581bed771,tempest_sentinel@fdc1e1f,tempest_sentinel,fdc1e1f,tempest_reinforcements@65ddc55,tempest_reinforcements,65ddc55,quarry,official,1,0,rating,b,b,0.0,core_destroyed,59,,314,0,5,5,10,0,11,6,ok,,3.963,n-62-21-56,29004097,2026-08-02T12:46:25+0200
4b887d66fe12440d,auto-10d581bed771,tempest_reinforcements@65ddc55,tempest_reinforcements,65ddc55,v233_a@9713344,v233_a,9713344,strait,official,1,0,rating,a,a,1.0,core_destroyed,61,,10,130,12,11,112,200,5,12,ok,,3.404,n-62-11-64,29004097,2026-08-02T12:48:18+0200
4b8c9009a3281e62,auto-10d581bed771,tempest_reinforcements@65ddc55,tempest_reinforcements,65ddc55,mistral@ba943b9,mistral,ba943b9,sweden,official,1,0,rating,b,b,0.0,core_destroyed,127,,33,580,17,16,418,0,5,1,ok,,7.572,n-62-31-17,29004097,2026-08-02T12:47:32+0200
4b987537dcf67ec4,auto-10d581bed771,siege_v2@9713344,siege_v2,9713344,tempest_reinforcements@65ddc55,tempest_reinforcements,65ddc55,fjord,official,1,0,rating,b,b,0.0,core_destroyed,27,,173,0,4,3,10,50,11,5,ok,,3.033,n-62-11-51,29004097,2026-08-02T12:46:28+0200
4bc772a1cc07c0ef,auto-10d581bed771,tempest_reinforcements@65ddc55,tempest_reinforcements,65ddc55,tempest_reinforcements@025dd51,tempest_reinforcements,025dd51,showdown,official,1,0,rating,a,a,1.0,core_destroyed,52,,16,0,6,6,13,0,10,7,ok,,5.105,n-62-21-24,29004097,2026-08-02T12:47:44+0200
4bce5ca8c736d793,auto-10d581bed771,tempest_reinforcements@65ddc55,tempest_reinforcements,65ddc55,siege_v2@9713344,siege_v2,9713344,skerry,official,1,0,rating,a,a,1.0,core_destroyed,37,,10,80,12,5,152,0,6,4,ok,,3.752,n-62-11-52,29004097,2026-08-02T12:46:12+0200
4bcec1bae0f3d36a,auto-10d581bed771,tempest_fast@eb1f0f3,tempest_fast,eb1f0f3,tempest_reinforcements@65ddc55,tempest_reinforcements,65ddc55,pinch,official,1,0,rating,b,b,0.0,core_destroyed,26,,103,0,9,3,9,0,9,4,ok,,3.49,n-62-12-6,29004097,2026-08-02T12:47:31+0200
4c13117d632dff00,auto-10d581bed771,tempest_reinforcements@65ddc55,tempest_reinforcements,65ddc55,uw_v1@9713344,uw_v1,9713344,twins,official,1,0,rating,a,a,1.0,core_destroyed,40,,20,80,10,9,83,70,5,6,ok,,3.515,n-62-11-60,29004097,2026-08-02T12:48:36+0200
4c26f73b65628c7b,auto-10d581bed771,tempest_reinforcements@65ddc55,tempest_reinforcements,65ddc55,vanguard_oracle@75591b7,vanguard_oracle,75591b7,sprint,official,1,0,rating,a,a,1.0,core_destroyed,133,,9,30,10,4,59,0,7,0,ok,,3.999,n-62-29-30,29004097,2026-08-02T12:48:54+0200
4c2a5af016681bac,auto-10d581bed771,tempest_reinforcements@65ddc55,tempest_reinforcements,65ddc55,undertow_oracle@fdc1e1f,undertow_oracle,fdc1e1f,duel,official,1,0,rating,b,b,0.0,core_destroyed,38,,8,80,11,4,85,160,10,11,ok,,3.523,n-62-31-21,29004097,2026-08-02T12:48:14+0200
4c344e6a9e26fbc4,auto-10d581bed771,vanguard@818f3b4,vanguard,818f3b4,tempest_reinforcements@65ddc55,tempest_reinforcements,65ddc55,bridge,official,1,0,rating,b,b,0.0,core_destroyed,47,,71,30,8,9,10,0,11,8,ok,,3.198,n-62-29-17,29004097,2026-08-02T12:48:02+0200
4c7872e72fc14d9e,auto-10d581bed771,vanguard_oracle@fdc1e1f,vanguard_oracle,fdc1e1f,tempest_reinforcements@65ddc55,tempest_reinforcements,65ddc55,vase,official,1,0,rating,b,b,0.0,core_destroyed,55,,69,60,7,8,59,90,9,7,ok,,3.394,n-62-30-23,29004097,2026-08-02T12:48:34+0200
4c82064ae3e79fd2,auto-10d581bed771,mistral_fast@26b5aa1,mistral_fast,26b5aa1,tempest_reinforcements@65ddc55,tempest_reinforcements,65ddc55,crossfire,official,1,0,rating,b,b,0.0,core_destroyed,32,,95,0,9,0,16,60,10,5,ok,,4.252,n-62-31-7,29004097,2026-08-02T12:46:58+0200
4c83a3f6a27e4580,auto-10d581bed771,jonbot@da3fd8a,jonbot,da3fd8a,tempest_reinforcements@65ddc55,tempest_reinforcements,65ddc55,runestone,official,1,0,rating,b,b,0.0,core_destroyed,49,,204,90,6,9,9,0,10,5,ok,,4.402,n-62-29-33,29004097,2026-08-02T12:47:31+0200
4c93358968d477b3,auto-10d581bed771,tempest_reinforcements@65ddc55,tempest_reinforcements,65ddc55,reaver@9713344,reaver,9713344,aurora,official,1,0,rating,a,a,1.0,core_destroyed,49,,10,100,12,8,66,100,8,8,ok,,4.139,n-62-11-57,29004097,2026-08-02T12:47:11+0200
4c9d2f59f603b675,auto-10d581bed771,tempest_reinforcements@65ddc55,tempest_reinforcements,65ddc55,jonbot_190003d@da3fd8a,jonbot_190003d,da3fd8a,showdown,official,1,0,rating,b,b,0.0,core_destroyed,72,,16,0,12,3,62,0,4,15,ok,,4.745,n-62-29-34,29004097,2026-08-02T12:46:13+0200
4cac8d91a9471cca,auto-10d581bed771,tempest_reinforcements@65ddc55,tempest_reinforcements,65ddc55,e_condc@6db8844,e_condc,6db8844,jackpot,official,1,0,rating,a,a,1.0,core_destroyed,98,,10,230,14,7,92,300,6,18,ok,,4.808,n-62-21-104,29004097,2026-08-02T12:47:13+0200
4cb1eb1bc1641585,auto-10d581bed771,vg_v1@9713344,vg_v1,9713344,tempest_reinforcements@65ddc55,tempest_reinforcements,65ddc55,skerry,official,1,0,rating,b,b,0.0,core_destroyed,39,,82,0,5,3,10,90,12,5,ok,,4.582,n-62-31-14,29004097,2026-08-02T12:47:53+0200
4cd5ffea6f0d6e5e,auto-10d581bed771,e_harc@6db8844,e_harc,6db8844,tempest_reinforcements@65ddc55,tempest_reinforcements,65ddc55,crossfire,official,1,0,rating,b,b,0.0,core_destroyed,72,,117,160,8,3,30,170,11,6,ok,,3.994,n-62-28-29,29004097,2026-08-02T12:46:55+0200
4d110a8f8ea762bd,auto-10d581bed771,tempest_reinforcements@65ddc55,tempest_reinforcements,65ddc55,undertow@fdc1e1f,undertow,fdc1e1f,showdown,official,1,0,rating,a,a,1.0,core_destroyed,50,,8,0,9,8,58,0,6,4,ok,,3.978,n-62-21-67,29004097,2026-08-02T12:47:28+0200
4d13a8fe1a823b81,auto-10d581bed771,tempest_sentinel@fdc1e1f,tempest_sentinel,fdc1e1f,tempest_reinforcements@65ddc55,tempest_reinforcements,65ddc55,vault,official,1,0,rating,b,b,0.0,core_destroyed,56,,44,0,8,2,29,230,11,14,ok,,4.454,n-62-21-57,29004097,2026-08-02T12:46:25+0200
4d2ea59ea02e67e3,auto-10d581bed771,tempest_reinforcements@65ddc55,tempest_reinforcements,65ddc55,frontier_v1@9713344,frontier_v1,9713344,aurora,official,1,0,rating,a,a,1.0,core_destroyed,40,,30,80,11,8,46,0,10,2,ok,,3.806,n-62-29-19,29004097,2026-08-02T12:47:16+0200
4d44578546d5a871,auto-10d581bed771,casemate@902be71,casemate,902be71,tempest_reinforcements@65ddc55,tempest_reinforcements,65ddc55,string,official,1,0,rating,b,b,0.0,core_destroyed,62,,66,0,5,25,77,330,10,16,ok,,2.576,n-62-11-61,29004097,2026-08-02T12:48:26+0200
4d65c0f130ba919e,auto-10d581bed771,v233_g@9713344,v233_g,9713344,tempest_reinforcements@65ddc55,tempest_reinforcements,65ddc55,runestone,official,1,0,rating,b,b,0.0,core_destroyed,40,,120,140,7,16,14,0,11,5,ok,,3.434,n-62-21-99,29004097,2026-08-02T12:48:57+0200
4d70008c6e5f250d,auto-10d581bed771,vg_v4@9713344,vg_v4,9713344,tempest_reinforcements@65ddc55,tempest_reinforcements,65ddc55,string,official,1,0,rating,b,b,0.0,core_destroyed,71,,361,0,3,2,40,470,13,16,ok,,3.706,n-62-31-16,29004097,2026-08-02T12:48:43+0200
4d8284477bf43d8d,auto-10d581bed771,v233_c@9713344,v233_c,9713344,tempest_reinforcements@65ddc55,tempest_reinforcements,65ddc55,runestone,official,1,0,rating,b,b,0.0,core_destroyed,40,,86,70,8,8,20,0,11,5,ok,,3.381,n-62-21-92,29004097,2026-08-02T12:48:18+0200
4d86de9c0fb77b6e,auto-10d581bed771,tempest_reinforcements@65ddc55,tempest_reinforcements,65ddc55,tempest_reinforcements@025dd51,tempest_reinforcements,025dd51,fjord,official,1,0,rating,a,a,1.0,core_destroyed,28,,17,50,10,5,18,50,12,4,ok,,5.033,n-62-21-24,29004097,2026-08-02T12:46:25+0200
4db565a95b1d7369,auto-10d581bed771,tempest_reinforcements@65ddc55,tempest_reinforcements,65ddc55,reaver@9713344,reaver,9713344,hive,official,1,0,rating,a,a,1.0,core_destroyed,59,,10,120,12,11,70,0,5,8,ok,,4.612,n-62-11-53,29004097,2026-08-02T12:46:13+0200
4dc92f5e82fa29f1,auto-10d581bed771,tempest_outer@fdc1e1f,tempest_outer,fdc1e1f,tempest_reinforcements@65ddc55,tempest_reinforcements,65ddc55,vault,official,1,0,rating,b,b,0.0,core_destroyed,54,,169,0,7,2,8,160,12,12,ok,,4.68,n-62-21-2,29004097,2026-08-02T12:46:51+0200
4ddae6d9caeab479,auto-10d581bed771,tempest_reinforcements@65ddc55,tempest_reinforcements,65ddc55,nemesis@9713344,nemesis,9713344,hive,official,1,0,rating,a,a,1.0,core_destroyed,48,,30,100,11,11,88,0,8,15,ok,,4.021,n-62-31-13,29004097,2026-08-02T12:47:34+0200
4ddc7ae3ff4aaeee,auto-10d581bed771,tempest_reinforcements@65ddc55,tempest_reinforcements,65ddc55,claude_challenger_3@fdc1e1f,claude_challenger_3,fdc1e1f,showdown,official,1,0,rating,a,a,1.0,core_destroyed,19,,10,0,10,8,540,0,0,0,ok,,2.168,n-62-31-9,29004097,2026-08-02T12:47:42+0200
4de6935c3e4b902d,auto-10d581bed771,tempest_reinforcements@65ddc55,tempest_reinforcements,65ddc55,tempest_outer@fdc1e1f,tempest_outer,fdc1e1f,runestone,official,1,0,rating,b,b,0.0,core_destroyed,38,,10,0,10,4,59,0,10,5,ok,,4.43,n-62-21-13,29004097,2026-08-02T12:46:58+0200
4dfdf8ed522f555b,auto-10d581bed771,tempest_reinforcements@65ddc55,tempest_reinforcements,65ddc55,v233_g@9713344,v233_g,9713344,pinch,official,1,0,rating,a,a,1.0,core_destroyed,29,,8,50,10,9,106,0,2,4,ok,,3.05,n-62-21-99,29004097,2026-08-02T12:48:36+0200
4e2d048e1880236d,auto-10d581bed771,tempest_reinforcements@65ddc55,tempest_reinforcements,65ddc55,tempest_oracle_ferry@fdc1e1f,tempest_oracle_ferry,fdc1e1f,string,official,1,0,rating,a,a,1.0,core_destroyed,53,,30,200,13,8,363,210,1,6,ok,,3.836,n-62-21-8,29004097,2026-08-02T12:47:33+0200
4e74809c7469803e,auto-10d581bed771,v233_b@9713344,v233_b,9713344,tempest_reinforcements@65ddc55,tempest_reinforcements,65ddc55,showdown,official,1,0,rating,b,b,0.0,core_destroyed,77,,99,50,5,11,10,0,10,8,ok,,3.289,n-62-11-66,29004097,2026-08-02T12:48:15+0200
4e9f59b9d4207af2,auto-10d581bed771,vg_v1@9713344,vg_v1,9713344,tempest_reinforcements@65ddc55,tempest_reinforcements,65ddc55,runestone,official,1,0,rating,b,b,0.0,core_destroyed,37,,111,60,5,7,10,0,11,5,ok,,3.572,n-62-30-24,29004097,2026-08-02T12:49:02+0200
4eadca2bca141ab3,auto-10d581bed771,undertow_1ac7ac4@da3fd8a,undertow_1ac7ac4,da3fd8a,tempest_reinforcements@65ddc55,tempest_reinforcements,65ddc55,runestone,official,1,0,rating,b,b,0.0,core_destroyed,41,,109,140,7,13,10,0,11,5,ok,,4.007,n-62-21-69,29004097,2026-08-02T12:47:30+0200
4ebbe26bac695070,auto-10d581bed771,v233_a@9713344,v233_a,9713344,tempest_reinforcements@65ddc55,tempest_reinforcements,65ddc55,skerry,official,1,0,rating,b,b,0.0,core_destroyed,54,,96,0,3,4,23,130,12,5,ok,,3.412,n-62-11-64,29004097,2026-08-02T12:48:10+0200
4f13c4279cebb5b9,auto-10d581bed771,tempest_reinforcements@65ddc55,tempest_reinforcements,65ddc55,v233_d@9713344,v233_d,9713344,quarry,official,1,0,rating,a,a,1.0,core_destroyed,62,,36,150,10,12,127,180,7,21,ok,,4.315,n-62-31-10,29004097,2026-08-02T12:48:21+0200
4f1ee0384e08889a,auto-10d581bed771,tempest_reinforcements@65ddc55,tempest_reinforcements,65ddc55,jonbot_190003d@da3fd8a,jonbot_190003d,da3fd8a,skerry,official,1,0,rating,a,a,1.0,core_destroyed,82,,71,430,12,15,221,0,8,3,ok,,5.84,n-62-29-34,29004097,2026-08-02T12:46:23+0200
4f35b45af90d58a0,auto-10d581bed771,vg_v3@9713344,vg_v3,9713344,tempest_reinforcements@65ddc55,tempest_reinforcements,65ddc55,twins,official,1,0,rating,b,b,0.0,core_destroyed,54,,35,0,4,4,10,0,10,5,ok,,3.545,n-62-31-18,29004097,2026-08-02T12:49:18+0200
4f367351e1e51ddb,auto-10d581bed771,tempest_reinforcements@65ddc55,tempest_reinforcements,65ddc55,claude_challenger_1@fdc1e1f,claude_challenger_1,fdc1e1f,strait,official,1,0,rating,a,a,1.0,core_destroyed,41,,10,0,11,4,13,0,10,4,ok,,6.927,n-62-11-66,29004097,2026-08-02T12:46:16+0200
4f3a47a46b74dd6a,auto-10d581bed771,tempest_reinforcements@65ddc55,tempest_reinforcements,65ddc55,vanguard_oracle@902be71,vanguard_oracle,902be71,skerry,official,1,0,rating,b,b,0.0,core_destroyed,39,,20,140,10,7,70,160,13,6,ok,,4.571,n-62-29-32,29004097,2026-08-02T12:49:04+0200
4f3eb14c0f68818f,auto-10d581bed771,v233_d@9713344,v233_d,9713344,tempest_reinforcements@65ddc55,tempest_reinforcements,65ddc55,duel,official,1,0,rating,b,b,0.0,core_destroyed,49,,95,100,6,4,19,110,10,5,ok,,3.208,n-62-31-9,29004097,2026-08-02T12:49:50+0200
4f47553e709818d1,auto-10d581bed771,tempest_reinforcements@65ddc55,tempest_reinforcements,65ddc55,vg_v7@9713344,vg_v7,9713344,vase,official,1,0,rating,a,a,1.0,core_destroyed,46,,10,0,9,6,102,0,4,2,ok,,3.66,n-62-31-24,29004097,2026-08-02T12:48:40+0200
4f5d3eaa01d40460,auto-10d581bed771,turtle@9713344,turtle,9713344,tempest_reinforcements@65ddc55,tempest_reinforcements,65ddc55,jackpot,official,1,0,rating,b,b,0.0,core_destroyed,64,,79,0,4,1,36,210,11,13,ok,,4.38,n-62-21-61,29004097,2026-08-02T12:46:19+0200
4f66d1ebd12929f7,auto-10d581bed771,tempest_reinforcements@65ddc55,tempest_reinforcements,65ddc55,uw_v2@9713344,uw_v2,9713344,vase,official,1,0,rating,a,a,1.0,core_destroyed,201,,109,370,18,7,151,0,2,2,ok,,6.213,n-62-11-63,29004097,2026-08-02T12:47:33+0200
4f7e8c6e44a66796,auto-10d581bed771,vg_v6@9713344,vg_v6,9713344,tempest_reinforcements@65ddc55,tempest_reinforcements,65ddc55,strait,official,1,0,rating,b,b,0.0,core_destroyed,74,,58,160,5,11,10,0,11,5,ok,,3.474,n-62-11-54,29004097,2026-08-02T12:48:42+0200
4fc02580a05e68a1,auto-10d581bed771,undertow@fdc1e1f,undertow,fdc1e1f,tempest_reinforcements@65ddc55,tempest_reinforcements,65ddc55,vault,official,1,0,rating,a,a,1.0,core_destroyed,66,,59,300,13,7,18,280,13,15,ok,,6.389,n-62-21-68,29004097,2026-08-02T12:47:24+0200
4fcb1e25bcc7a8a8,auto-10d581bed771,lockin@9713344,lockin,9713344,tempest_reinforcements@65ddc55,tempest_reinforcements,65ddc55,runestone,official,1,0,rating,b,b,0.0,core_destroyed,32,,60,0,11,1,20,0,11,5,ok,,5.771,n-62-30-24,29004097,2026-08-02T12:46:21+0200
4fd2a3f7d068c797,auto-10d581bed771,tempest_reinforcements@65ddc55,tempest_reinforcements,65ddc55,vg_v6@9713344,vg_v6,9713344,runestone,official,1,0,rating,a,a,1.0,core_destroyed,50,,10,0,11,5,115,0,7,8,ok,,3.474,n-62-11-54,29004097,2026-08-02T12:48:12+0200
4fd37635329429ab,auto-10d581bed771,tempest_reinforcements@65ddc55,tempest_reinforcements,65ddc55,uw_v1@9713344,uw_v1,9713344,aurora,official,1,0,rating,a,a,1.0,core_destroyed,68,,30,150,12,8,107,140,2,11,ok,,4.234,n-62-31-23,29004097,2026-08-02T12:47:37+0200
4fed442c66f11527,auto-10d581bed771,tempest_outer@fdc1e1f,tempest_outer,fdc1e1f,tempest_reinforcements@65ddc55,tempest_reinforcements,65ddc55,hive,official,1,0,rating,b,b,0.0,core_destroyed,42,,344,80,4,6,10,80,10,13,ok,,3.519,n-62-21-13,29004097,2026-08-02T12:46:17+0200
4ff1fee0e86dfebd,auto-10d581bed771,tempest_reinforcements@e1dc316,tempest_reinforcements,e1dc316,tempest_reinforcements@65ddc55,tempest_reinforcements,65ddc55,jackpot,official,1,0,rating,b,b,0.0,core_destroyed,49,,41,100,11,6,19,110,10,7,ok,,4.745,n-62-12-64,29004097,2026-08-02T12:47:20+0200
4ff85080b0848ec6,auto-10d581bed771,tempest_reinforcements@65ddc55,tempest_reinforcements,65ddc55,vanguard_oracle@fdc1e1f,vanguard_oracle,fdc1e1f,showdown,official,1,0,rating,a,a,1.0,core_destroyed,510,,10,0,11,8,56,0,5,0,ok,,6.592,n-62-29-34,29004097,2026-08-02T12:48:58+0200
50251d878c222ca6,auto-10d581bed771,tempest_reinforcements@65ddc55,tempest_reinforcements,65ddc55,frontier_v1@9713344,frontier_v1,9713344,vault,official,1,0,rating,a,a,1.0,core_destroyed,42,,12,90,11,6,52,0,10,2,ok,,3.85,n-62-29-22,29004097,2026-08-02T12:46:45+0200
50594a7da851a90d,auto-10d581bed771,tempest_reinforcements@65ddc55,tempest_reinforcements,65ddc55,undertow_oracle@fdc1e1f,undertow_oracle,fdc1e1f,bridge,official,1,0,rating,a,a,1.0,titanium_collected,1000,,3816,9260,49,24,4807,2440,3,11,ok,,25.548,n-62-31-21,29004097,2026-08-02T12:47:55+0200
5063b80228a2b08d,auto-10d581bed771,tempest_reinforcements@65ddc55,tempest_reinforcements,65ddc55,mistral_fast@26b5aa1,mistral_fast,26b5aa1,runestone,official,1,0,rating,b,b,0.0,core_destroyed,35,,18,50,10,11,65,0,11,1,ok,,4.498,n-62-31-18,29004097,2026-08-02T12:46:30+0200
5090db65d6a27c16,auto-10d581bed771,vanguard@da3fd8a,vanguard,da3fd8a,tempest_reinforcements@65ddc55,tempest_reinforcements,65ddc55,twins,official,1,0,rating,b,b,0.0,core_destroyed,61,,122,370,9,16,2,100,12,10,ok,,3.989,n-62-29-5,29004097,2026-08-02T12:47:57+0200
50b96b2d5bc8eb89,auto-10d581bed771,tempest_reinforcements@65ddc55,tempest_reinforcements,65ddc55,vg_v5@9713344,vg_v5,9713344,strait,official,1,0,rating,a,a,1.0,core_destroyed,72,,20,160,13,11,100,310,7,16,ok,,4.434,n-62-31-15,29004097,2026-08-02T12:48:38+0200
50c1df5d5fc70aaf,auto-10d581bed771,mistral@ba943b9,mistral,ba943b9,tempest_reinforcements@65ddc55,tempest_reinforcements,65ddc55,fjord,official,1,0,rating,b,b,0.0,core_destroyed,25,,245,0,6,0,10,50,11,5,ok,,4.95,n-62-31-14,29004097,2026-08-02T12:47:18+0200
50ca50fdc72f62a3,auto-10d581bed771,reaver@9713344,reaver,9713344,tempest_reinforcements@65ddc55,tempest_reinforcements,65ddc55,sweden,official,1,0,rating,b,b,0.0,core_destroyed,121,,122,230,6,9,28,280,10,31,ok,,4.713,n-62-11-54,29004097,2026-08-02T12:46:30+0200
50d8ea5bb131e56a,auto-10d581bed771,tempest_reinforcements@65ddc55,tempest_reinforcements,65ddc55,frontier_v1@9713344,frontier_v1,9713344,quarry,official,1,0,rating,a,a,1.0,core_destroyed,45,,11,70,11,8,54,0,11,1,ok,,4.045,n-62-29-21,29004097,2026-08-02T12:46:45+0200
50e5c41db2cd4d06,auto-10d581bed771,uw_v2@9713344,uw_v2,9713344,tempest_reinforcements@65ddc55,tempest_reinforcements,65ddc55,duel,official,1,0,rating,b,b,0.0,core_destroyed,47,,73,210,5,5,10,100,10,5,ok,,3.544,n-62-11-61,29004097,2026-08-02T12:48:45+0200
51086421c8e8076c,auto-10d581bed771,jonbot@9713344,jonbot,9713344,tempest_reinforcements@65ddc55,tempest_reinforcements,65ddc55,string,official,1,0,rating,b,b,0.0,core_destroyed,33,,265,0,3,0,10,70,11,7,ok,,3.088,n-62-29-30,29004097,2026-08-02T12:46:28+0200
510bdb252894bc21,auto-10d581bed771,vanguard_oracle@75591b7,vanguard_oracle,75591b7,tempest_reinforcements@65ddc55,tempest_reinforcements,65ddc55,quarry,official,1,0,rating,b,b,0.0,core_destroyed,67,,138,250,11,11,10,0,11,6,ok,,4.368,n-62-29-30,29004097,2026-08-02T12:48:27+0200
512f11f89009c733,auto-10d581bed771,v233_f@9713344,v233_f,9713344,tempest_reinforcements@65ddc55,tempest_reinforcements,65ddc55,fjord,official,1,0,rating,b,b,0.0,core_destroyed,42,,128,170,7,7,10,90,12,5,ok,,3.824,n-62-21-97,29004097,2026-08-02T12:47:58+0200
516e4704fc8776c3,auto-10d581bed771,e_post2@4a95297,e_post2,4a95297,tempest_reinforcements@65ddc55,tempest_reinforcements,65ddc55,quarry,official,1,0,rating,b,b,0.0,core_destroyed,74,,56,0,9,3,10,0,11,6,ok,,4.78,n-62-29-24,29004097,2026-08-02T12:46:33+0200
517f4bd674d9e43b,auto-10d581bed771,tempest_reinforcements@65ddc55,tempest_reinforcements,65ddc55,vg_v6@9713344,vg_v6,9713344,vault,official,1,0,rating,a,a,1.0,core_destroyed,64,,30,250,11,21,351,200,7,12,ok,,3.816,n-62-11-58,29004097,2026-08-02T12:48:05+0200
5181476ba16c0db0,auto-10d581bed771,tempest_reinforcements@65ddc55,tempest_reinforcements,65ddc55,tempest_reinforcements@025dd51,tempest_reinforcements,025dd51,longship,official,1,0,rating,b,b,0.0,core_destroyed,45,,9,90,11,11,30,90,11,11,ok,,5.617,n-62-21-24,29004097,2026-08-02T12:47:00+0200
519b313909bd9d49,auto-10d581bed771,tempest_reinforcements@65ddc55,tempest_reinforcements,65ddc55,vg_v5@9713344,vg_v5,9713344,duel,official,1,0,rating,a,a,1.0,core_destroyed,55,,10,130,11,5,101,60,1,5,ok,,3.543,n-62-31-20,29004097,2026-08-02T12:49:24+0200
519fefdfa20f58a5,auto-10d581bed771,tempest_reinforcements@65ddc55,tempest_reinforcements,65ddc55,opponent_luc@e83a42c,opponent_luc,e83a42c,jackpot,official,1,0,rating,a,a,1.0,core_destroyed,36,,20,70,11,7,590,0,0,0,ok,,2.944,n-62-31-15,29004097,2026-08-02T12:46:11+0200
51b5755702885770,auto-10d581bed771,tempest_reinforcements@65ddc55,tempest_reinforcements,65ddc55,vanguard@818f3b4,vanguard,818f3b4,fjord,official,1,0,rating,a,a,1.0,core_destroyed,41,,20,90,11,5,88,260,11,7,ok,,3.662,n-62-29-17,29004097,2026-08-02T12:48:22+0200
51b5a4169344af85,auto-10d581bed771,jonbot_190003d@da3fd8a,jonbot_190003d,da3fd8a,tempest_reinforcements@65ddc55,tempest_reinforcements,65ddc55,strait,official,1,0,rating,a,a,1.0,core_destroyed,132,,271,350,9,22,40,180,12,10,ok,,4.77,n-62-29-34,29004097,2026-08-02T12:46:44+0200
51b74eeae575032e,auto-10d581bed771,vg_v7@9713344,vg_v7,9713344,tempest_reinforcements@65ddc55,tempest_reinforcements,65ddc55,sweden,official,1,0,rating,b,b,0.0,core_destroyed,121,,122,230,6,9,28,280,10,31,ok,,5.081,n-62-31-24,29004097,2026-08-02T12:48:28+0200
51d223a3ad9fab47,auto-10d581bed771,tempest_reinforcements@65ddc55,tempest_reinforcements,65ddc55,claude_challenger_2@fdc1e1f,claude_challenger_2,fdc1e1f,aurora,official,1,0,rating,a,a,1.0,core_destroyed,40,,30,80,11,8,14,0,12,2,ok,,6.44,n-62-11-66,29004097,2026-08-02T12:47:30+0200
52161748c33ffc4a,auto-10d581bed771,mistral@ba943b9,mistral,ba943b9,tempest_reinforcements@65ddc55,tempest_reinforcements,65ddc55,duel,official,1,0,rating,a,a,1.0,core_destroyed,24,,84,0,9,1,17,40,10,4,ok,,4.478,n-62-31-14,29004097,2026-08-02T12:47:07+0200
521d900f9af355c0,auto-10d581bed771,tempest_reinforcements@65ddc55,tempest_reinforcements,65ddc55,v233_c@9713344,v233_c,9713344,longship,official,1,0,rating,a,a,1.0,core_destroyed,49,,10,100,11,12,109,60,7,8,ok,,3.713,n-62-21-92,29004097,2026-08-02T12:47:52+0200
5244c90ba07b6673,auto-10d581bed771,tempest_reinforcements@65ddc55,tempest_reinforcements,65ddc55,e_t4l7@9e77076,e_t4l7,9e77076,sweden,official,1,0,rating,b,b,0.0,titanium_collected,1000,,1954,9360,49,22,4496,9970,4,81,ok,,23.255,n-62-29-19,29004097,2026-08-02T12:46:31+0200
52569751ba97b89d,auto-10d581bed771,uw_v1@9713344,uw_v1,9713344,tempest_reinforcements@65ddc55,tempest_reinforcements,65ddc55,atoll,official,1,0,rating,b,b,0.0,core_destroyed,65,,98,80,4,4,10,150,13,6,ok,,4.469,n-62-31-23,29004097,2026-08-02T12:47:33+0200
526494cdc0fc62db,auto-10d581bed771,v233_f@9713344,v233_f,9713344,tempest_reinforcements@65ddc55,tempest_reinforcements,65ddc55,strait,official,1,0,rating,b,b,0.0,core_destroyed,257,,598,980,4,19,10,0,11,5,ok,,6.628,n-62-21-98,29004097,2026-08-02T12:48:02+0200
52681621cfdd9edb,auto-10d581bed771,claude_challenger_3@fdc1e1f,claude_challenger_3,fdc1e1f,tempest_reinforcements@65ddc55,tempest_reinforcements,65ddc55,jackpot,official,1,0,rating,b,b,0.0,core_destroyed,37,,590,0,0,0,20,80,11,7,ok,,2.427,n-62-31-9,29004097,2026-08-02T12:46:57+0200
526f6418e8dfd521,auto-10d581bed771,vg_v2@9713344,vg_v2,9713344,tempest_reinforcements@65ddc55,tempest_reinforcements,65ddc55,skerry,official,1,0,rating,b,b,0.0,core_destroyed,52,,92,0,6,4,20,120,13,5,ok,,4.432,n-62-31-5,29004097,2026-08-02T12:48:02+0200
5277370454635c9c,auto-10d581bed771,tempest_reinforcements@65ddc55,tempest_reinforcements,65ddc55,vg_v7@9713344,vg_v7,9713344,strait,official,1,0,rating,a,a,1.0,core_destroyed,72,,20,160,13,11,100,310,7,16,ok,,4.926,n-62-31-22,29004097,2026-08-02T12:49:08+0200
527ffb87c0a42c42,auto-10d581bed771,tempest_reinforcements@65ddc55,tempest_reinforcements,65ddc55,v233_a@9713344,v233_a,9713344,vase,official,1,0,rating,a,a,1.0,core_destroyed,43,,10,0,9,6,98,0,3,2,ok,,3.166,n-62-11-65,29004097,2026-08-02T12:47:38+0200
5298c01317e79eaa,auto-10d581bed771,tempest_reinforcements@51ad530,tempest_reinforcements,51ad530,tempest_reinforcements@65ddc55,tempest_reinforcements,65ddc55,aurora,official,1,0,rating,a,a,1.0,core_destroyed,40,,36,80,11,8,20,70,11,9,ok,,4.322,n-62-13-7,29004097,2026-08-02T12:47:37+0200
52a0d7a1dc9e5505,auto-10d581bed771,tempest_reinforcements@65ddc55,tempest_reinforcements,65ddc55,e_condc@6db8844,e_condc,6db8844,bridge,official,1,0,rating,a,a,1.0,core_destroyed,275,,40,1520,31,18,311,0,1,9,ok,,9.311,n-62-21-104,29004097,2026-08-02T12:46:28+0200
52bd46c57c1e8d40,auto-10d581bed771,tempest_reinforcements@65ddc55,tempest_reinforcements,65ddc55,claude_challenger_2@fdc1e1f,claude_challenger_2,fdc1e1f,skerry,official,1,0,rating,a,a,1.0,core_destroyed,34,,10,70,11,5,114,130,11,5,ok,,5.092,n-62-11-68,29004097,2026-08-02T12:47:47+0200
52e26a1ab76419b7,auto-10d581bed771,claude_challenger_1@fdc1e1f,claude_challenger_1,fdc1e1f,tempest_reinforcements@65ddc55,tempest_reinforcements,65ddc55,atoll,official,1,0,rating,b,b,0.0,core_destroyed,43,,107,90,9,4,10,90,12,6,ok,,5.393,n-62-11-64,29004097,2026-08-02T12:47:55+0200
52e4579918f30443,auto-10d581bed771,tempest_outer@fdc1e1f,tempest_outer,fdc1e1f,tempest_reinforcements@65ddc55,tempest_reinforcements,65ddc55,showdown,official,1,0,rating,a,a,1.0,core_destroyed,21,,21,0,12,6,7,0,10,5,ok,,4.264,n-62-21-13,29004097,2026-08-02T12:47:10+0200
52f0fa9e02d35efa,auto-10d581bed771,vg_v5@9713344,vg_v5,9713344,tempest_reinforcements@65ddc55,tempest_reinforcements,65ddc55,pinch,official,1,0,rating,b,b,0.0,core_destroyed,27,,75,0,4,3,20,50,10,8,ok,,3.741,n-62-31-15,29004097,2026-08-02T12:47:54+0200
52f57a4e160e4c0a,auto-10d581bed771,tempest_frontier@fdc1e1f,tempest_frontier,fdc1e1f,tempest_reinforcements@65ddc55,tempest_reinforcements,65ddc55,atoll,official,1,0,rating,a,a,1.0,core_destroyed,31,,24,0,13,3,7,50,10,4,ok,,5.085,n-62-12-7,29004097,2026-08-02T12:46:36+0200
52fb4276b0ac409c,auto-10d581bed771,tempest_reinforcements@65ddc55,tempest_reinforcements,65ddc55,undertow@9713344,undertow,9713344,runestone,official,1,0,rating,a,a,1.0,core_destroyed,51,,8,0,11,5,130,190,7,20,ok,,4.172,n-62-21-63,29004097,2026-08-02T12:47:02+0200
531050fa5cf9d918,auto-10d581bed771,tempest_reinforcements@87724ec,tempest_reinforcements,87724ec,tempest_reinforcements@65ddc55,tempest_reinforcements,65ddc55,showdown,official,1,0,rating,a,a,1.0,core_destroyed,19,,9,0,11,8,42,0,7,5,ok,,9.275,n-62-12-65,29004097,2026-08-02T12:46:29+0200
532837ff8480e60c,auto-10d581bed771,tempest_reinforcements@65ddc55,tempest_reinforcements,65ddc55,vg_v4@9713344,vg_v4,9713344,fjord,official,1,0,rating,a,a,1.0,core_destroyed,40,,20,80,11,5,115,0,5,3,ok,,3.412,n-62-31-13,29004097,2026-08-02T12:48:54+0200
533b1a414275ecfd,auto-10d581bed771,tempest_reinforcements@65ddc55,tempest_reinforcements,65ddc55,v233_b@9713344,v233_b,9713344,strait,official,1,0,rating,a,a,1.0,core_destroyed,58,,17,120,11,11,114,240,6,16,ok,,3.741,n-62-11-66,29004097,2026-08-02T12:48:33+0200
5347e1a716e36cfa,auto-10d581bed771,tempest_reinforcements@65ddc55,tempest_reinforcements,65ddc55,vanguard_oracle@902be71,vanguard_oracle,902be71,crossfire,official,1,0,rating,a,a,1.0,core_destroyed,34,,10,70,10,6,60,60,10,4,ok,,3.553,n-62-29-16,29004097,2026-08-02T12:49:16+0200
534de425ebf23073,auto-10d581bed771,tempest_reinforcements@65ddc55,tempest_reinforcements,65ddc55,tempest_ferry@26b5aa1,tempest_ferry,26b5aa1,strait,official,1,0,rating,a,a,1.0,core_destroyed,42,,10,80,11,11,334,80,4,8,ok,,3.701,n-62-12-4,29004097,2026-08-02T12:47:11+0200
538238ac0c6bb2b1,auto-10d581bed771,claude_challenger_3@fdc1e1f,claude_challenger_3,fdc1e1f,tempest_reinforcements@65ddc55,tempest_reinforcements,65ddc55,crossfire,official,1,0,rating,b,b,0.0,core_destroyed,72,,94,160,7,5,30,280,15,13,ok,,6.552,n-62-31-9,29004097,2026-08-02T12:46:22+0200
53b7cf2133c7c6f9,auto-10d581bed771,tempest_reinforcements@65ddc55,tempest_reinforcements,65ddc55,v233_d@9713344,v233_d,9713344,bridge,official,1,0,rating,a,a,1.0,titanium_collected,1000,,4155,6940,43,18,4407,2510,8,14,ok,,24.208,n-62-31-9,29004097,2026-08-02T12:49:12+0200
53c3be19d44afc9c,auto-10d581bed771,vanguard@9932bec,vanguard,9932bec,tempest_reinforcements@65ddc55,tempest_reinforcements,65ddc55,strait,official,1,0,rating,b,b,0.0,core_destroyed,77,,111,340,9,11,10,0,11,5,ok,,4.053,n-62-29-15,29004097,2026-08-02T12:48:32+0200
53d09ee8c8ffac32,auto-10d581bed771,tempest_reinforcements@65ddc55,tempest_reinforcements,65ddc55,e9cand@9e77076,e9cand,9e77076,skerry,official,1,0,rating,a,a,1.0,core_destroyed,44,,30,100,11,5,99,0,9,0,ok,,4.177,n-62-21-103,29004097,2026-08-02T12:46:31+0200
53e40faef4e9757b,auto-10d581bed771,tempest_reinforcements@65ddc55,tempest_reinforcements,65ddc55,tempest_reinforcements@025dd51,tempest_reinforcements,025dd51,pinch,official,1,0,rating,a,a,1.0,core_destroyed,42,,8,0,8,4,0,0,8,3,ok,,4.985,n-62-21-24,29004097,2026-08-02T12:47:11+0200
53f66926c9545709,auto-10d581bed771,tempest_reinforcements@65ddc55,tempest_reinforcements,65ddc55,e_harc@6db8844,e_harc,6db8844,fjord,official,1,0,rating,a,a,1.0,core_destroyed,41,,20,90,11,5,124,160,9,10,ok,,3.786,n-62-28-29,29004097,2026-08-02T12:47:07+0200
53f7fbaddad6ec22,auto-10d581bed771,tempest_reinforcements@65ddc55,tempest_reinforcements,65ddc55,v233_i@902be71,v233_i,902be71,runestone,official,1,0,rating,a,a,1.0,core_destroyed,37,,10,0,11,5,127,120,8,10,ok,,3.742,n-62-29-24,29004097,2026-08-02T12:47:40+0200
5414e6cfd026708f,auto-10d581bed771,vanguard@da3fd8a,vanguard,da3fd8a,tempest_reinforcements@65ddc55,tempest_reinforcements,65ddc55,sprint,official,1,0,rating,b,b,0.0,titanium_collected,37,,58,0,6,6,10,70,10,6,ok,,2.931,n-62-29-29,29004097,2026-08-02T12:48:39+0200
541b4eef6ec1e26c,auto-10d581bed771,tempest_reinforcements@65ddc55,tempest_reinforcements,65ddc55,e_t4l7@9e77076,e_t4l7,9e77076,twins,official,1,0,rating,a,a,1.0,core_destroyed,39,,12,90,10,10,44,140,5,16,ok,,3.428,n-62-29-19,29004097,2026-08-02T12:46:38+0200
543afc31e1b9867a,auto-10d581bed771,tempest_reinforcements@65ddc55,tempest_reinforcements,65ddc55,vg_v1@9713344,vg_v1,9713344,longship,official,1,0,rating,a,a,1.0,core_destroyed,50,,0,100,12,12,100,0,7,5,ok,,4.288,n-62-30-24,29004097,2026-08-02T12:48:32+0200
543c30c1956b8316,auto-10d581bed771,vanguard@da3fd8a,vanguard,da3fd8a,tempest_reinforcements@65ddc55,tempest_reinforcements,65ddc55,showdown,official,1,0,rating,a,a,1.0,core_destroyed,84,,66,0,5,7,10,0,10,5,ok,,2.969,n-62-29-29,29004097,2026-08-02T12:48:25+0200
54462b09947a403a,auto-10d581bed771,siege_v1@9713344,siege_v1,9713344,tempest_reinforcements@65ddc55,tempest_reinforcements,65ddc55,fjord,official,1,0,rating,b,b,0.0,core_destroyed,27,,219,0,4,2,10,50,11,5,ok,,3.167,n-62-11-59,29004097,2026-08-02T12:46:22+0200
5446a5461fd333ec,auto-10d581bed771,v233_f@9713344,v233_f,9713344,tempest_reinforcements@65ddc55,tempest_reinforcements,65ddc55,aurora,official,1,0,rating,b,b,0.0,core_destroyed,64,,74,450,10,22,20,130,12,11,ok,,4.541,n-62-21-104,29004097,2026-08-02T12:48:58+0200
544f311923e0844e,auto-10d581bed771,tempest_reinforcements@65ddc55,tempest_reinforcements,65ddc55,casemate_oracle@902be71,casemate_oracle,902be71,pinch,official,1,0,rating,a,a,1.0,core_destroyed,24,,20,40,9,9,99,0,8,7,ok,,4.324,n-62-11-63,29004097,2026-08-02T12:46:45+0200
5453c35e42848561,auto-10d581bed771,tempest_reinforcements@65ddc55,tempest_reinforcements,65ddc55,undertow@da3fd8a,undertow,da3fd8a,showdown,official,1,0,rating,a,a,1.0,core_destroyed,50,,8,0,9,8,58,0,6,4,ok,,4.096,n-62-21-65,29004097,2026-08-02T12:47:20+0200
54820e2cef84572d,auto-10d581bed771,tempest_reinforcements@65ddc55,tempest_reinforcements,65ddc55,vanguard@c407e79,vanguard,c407e79,string,official,1,0,rating,a,a,1.0,core_destroyed,106,,32,250,14,7,108,240,3,7,ok,,4.19,n-62-29-22,29004097,2026-08-02T12:48:46+0200
5484f807908aa224,auto-10d581bed771,tempest_reinforcements@65ddc55,tempest_reinforcements,65ddc55,v233_e@9713344,v233_e,9713344,sprint,official,1,0,rating,a,a,1.0,core_destroyed,36,,19,70,10,7,67,130,9,8,ok,,3.999,n-62-21-104,29004097,2026-08-02T12:47:37+0200
54a01e57c8dc755f,auto-10d581bed771,tempest_reinforcements@65ddc55,tempest_reinforcements,65ddc55,e9cand@9e77076,e9cand,9e77076,showdown,official,1,0,rating,b,b,0.0,titanium_collected,1000,,12,0,10,8,363,70,7,29,ok,,9.133,n-62-21-103,29004097,2026-08-02T12:46:18+0200
54b91ba6de502184,auto-10d581bed771,riptide@9713344,riptide,9713344,tempest_reinforcements@65ddc55,tempest_reinforcements,65ddc55,bridge,official,1,0,rating,b,b,0.0,titanium_collected,1000,,3549,1070,1,5,1068,4820,49,21,ok,,27.551,n-62-11-54,29004097,2026-08-02T12:47:45+0200
54d833d7426b7695,auto-10d581bed771,vanguard@c407e79,vanguard,c407e79,tempest_reinforcements@65ddc55,tempest_reinforcements,65ddc55,skerry,official,1,0,rating,b,b,0.0,core_destroyed,41,,106,180,10,6,10,90,12,5,ok,,3.852,n-62-29-22,29004097,2026-08-02T12:48:26+0200
54da7343fd3ad9ff,auto-10d581bed771,v233_d@9713344,v233_d,9713344,tempest_reinforcements@65ddc55,tempest_reinforcements,65ddc55,strait,official,1,0,rating,b,b,0.0,core_destroyed,89,,70,200,7,17,10,0,12,5,ok,,4.885,n-62-31-11,29004097,2026-08-02T12:47:41+0200
54f08c94c423a131,auto-10d581bed771,tempest_reinforcements@65ddc55,tempest_reinforcements,65ddc55,vg_v6@9713344,vg_v6,9713344,quarry,official,1,0,rating,a,a,1.0,core_destroyed,50,,11,80,11,8,14,20,8,15,ok,,3.402,n-62-11-54,29004097,2026-08-02T12:48:04+0200
54f13c7e43bd8e6f,auto-10d581bed771,lockin@9713344,lockin,9713344,tempest_reinforcements@65ddc55,tempest_reinforcements,65ddc55,jackpot,official,1,0,rating,b,b,0.0,core_destroyed,37,,590,0,0,0,20,80,11,7,ok,,2.466,n-62-30-23,29004097,2026-08-02T12:47:15+0200
55151d89f067d395,auto-10d581bed771,tempest_reinforcements@65ddc55,tempest_reinforcements,65ddc55,mistral_fast@26b5aa1,mistral_fast,26b5aa1,vault,official,1,0,rating,a,a,1.0,core_destroyed,42,,9,90,11,6,182,0,8,0,ok,,4.252,n-62-31-13,29004097,2026-08-02T12:46:19+0200
554735a27d0e68b1,auto-10d581bed771,tempest_reinforcements@87724ec,tempest_reinforcements,87724ec,tempest_reinforcements@65ddc55,tempest_reinforcements,65ddc55,skerry,official,1,0,rating,b,b,0.0,core_destroyed,39,,7,0,11,2,10,80,9,4,ok,,12.542,n-62-12-65,29004097,2026-08-02T12:46:56+0200
55526a70a708086a,auto-10d581bed771,tempest_reinforcements@65ddc55,tempest_reinforcements,65ddc55,tempest_fast@eb1f0f3,tempest_fast,eb1f0f3,aurora,official,1,0,rating,a,a,1.0,core_destroyed,43,,10,80,10,8,292,80,5,7,ok,,3.641,n-62-12-6,29004097,2026-08-02T12:46:21+0200
555723a656672f96,auto-10d581bed771,tempest_reinforcements@65ddc55,tempest_reinforcements,65ddc55,baiter@9713344,baiter,9713344,crossfire,official,1,0,rating,a,a,1.0,core_destroyed,37,,24,140,10,10,82,0,5,6,ok,,4.052,n-62-31-4,29004097,2026-08-02T12:47:36+0200
556cd83c0bebd070,auto-10d581bed771,v233_e@9713344,v233_e,9713344,tempest_reinforcements@65ddc55,tempest_reinforcements,65ddc55,skerry,official,1,0,rating,b,b,0.0,core_destroyed,42,,74,260,7,12,20,100,11,5,ok,,3.969,n-62-21-103,29004097,2026-08-02T12:49:29+0200
558ff8fabac24d54,auto-10d581bed771,tempest_reinforcements@65ddc55,tempest_reinforcements,65ddc55,v233_g@9713344,v233_g,9713344,quarry,official,1,0,rating,a,a,1.0,core_destroyed,59,,10,100,11,8,100,270,4,16,ok,,3.852,n-62-21-99,29004097,2026-08-02T12:48:44+0200
5590dfd4acccdf84,auto-10d581bed771,tempest_reinforcements@65ddc55,tempest_reinforcements,65ddc55,vanguard_oracle@fdc1e1f,vanguard_oracle,fdc1e1f,crossfire,official,1,0,rating,a,a,1.0,core_destroyed,34,,10,70,10,6,60,60,10,4,ok,,3.195,n-62-28-29,29004097,2026-08-02T12:49:05+0200
55993cba9090d0a5,auto-10d581bed771,turtle@9713344,turtle,9713344,tempest_reinforcements@65ddc55,tempest_reinforcements,65ddc55,bridge,official,1,0,rating,b,b,0.0,core_destroyed,112,,97,60,4,5,20,0,12,8,ok,,4.842,n-62-21-60,29004097,2026-08-02T12:47:08+0200
55a4129fbf907303,auto-10d581bed771,siege_v2@9713344,siege_v2,9713344,tempest_reinforcements@65ddc55,tempest_reinforcements,65ddc55,quarry,official,1,0,rating,b,b,0.0,core_destroyed,54,,228,0,6,3,10,0,11,6,ok,,3.2,n-62-11-51,29004097,2026-08-02T12:47:01+0200
55ad817fc8091c1a,auto-10d581bed771,vg_v7@9713344,vg_v7,9713344,tempest_reinforcements@65ddc55,tempest_reinforcements,65ddc55,pinch,official,1,0,rating,b,b,0.0,core_destroyed,27,,75,0,4,3,20,50,10,8,ok,,3.885,n-62-31-22,29004097,2026-08-02T12:48:19+0200
55b12437bf792074,auto-10d581bed771,tempest_reinforcements@65ddc55,tempest_reinforcements,65ddc55,v233_b@9713344,v233_b,9713344,vase,official,1,0,rating,a,a,1.0,core_destroyed,41,,10,0,9,6,86,0,4,2,ok,,3.085,n-62-11-68,29004097,2026-08-02T12:47:48+0200
55b6cae6cda4805d,auto-10d581bed771,tempest_reinforcements@65ddc55,tempest_reinforcements,65ddc55,vanguard@818f3b4,vanguard,818f3b4,crossfire,official,1,0,rating,a,a,1.0,core_destroyed,43,,12,90,10,6,127,180,11,6,ok,,3.902,n-62-29-17,29004097,2026-08-02T12:48:06+0200
55c659807d439578,auto-10d581bed771,tempest_reinforcements@65ddc55,tempest_reinforcements,65ddc55,tempest_reinforcements@e1dc316,tempest_reinforcements,e1dc316,vase,official,1,0,rating,a,a,1.0,core_destroyed,92,,16,0,9,5,29,0,10,7,ok,,4.566,n-62-12-66,29004097,2026-08-02T12:48:00+0200
55ccfeb98b80985b,auto-10d581bed771,tempest_reinforcements@65ddc55,tempest_reinforcements,65ddc55,frontier_v2@9713344,frontier_v2,9713344,string,official,1,0,rating,a,a,1.0,core_destroyed,82,,102,520,15,16,297,0,2,0,ok,,4.066,n-62-29-29,29004097,2026-08-02T12:46:19+0200
55e363d42533a663,auto-10d581bed771,jonbot@da3fd8a,jonbot,da3fd8a,tempest_reinforcements@65ddc55,tempest_reinforcements,65ddc55,fjord,official,1,0,rating,a,a,1.0,core_destroyed,57,,49,0,9,6,12,130,9,4,ok,,4.488,n-62-29-33,29004097,2026-08-02T12:46:36+0200
55e9a4724e6c7d1f,auto-10d581bed771,jonbot@da3fd8a,jonbot,da3fd8a,tempest_reinforcements@65ddc55,tempest_reinforcements,65ddc55,skerry,official,1,0,rating,b,b,0.0,core_destroyed,48,,198,0,5,6,20,110,8,5,ok,,4.254,n-62-29-16,29004097,2026-08-02T12:46:19+0200
55f9762886d302c5,auto-10d581bed771,baiter@9713344,baiter,9713344,tempest_reinforcements@65ddc55,tempest_reinforcements,65ddc55,quarry,official,1,0,rating,b,b,0.0,core_destroyed,69,,87,160,6,14,10,0,11,6,ok,,4.868,n-62-31-23,29004097,2026-08-02T12:46:40+0200
560c4ba68acb5b55,auto-10d581bed771,tempest_reinforcements@65ddc55,tempest_reinforcements,65ddc55,vg_v3@9713344,vg_v3,9713344,quarry,official,1,0,rating,a,a,1.0,core_destroyed,50,,11,80,11,8,14,20,8,15,ok,,3.693,n-62-31-7,29004097,2026-08-02T12:49:32+0200
560de130d04fed7f,auto-10d581bed771,tempest_reinforcements@65ddc55,tempest_reinforcements,65ddc55,vg_v7@9713344,vg_v7,9713344,fjord,official,1,0,rating,a,a,1.0,core_destroyed,40,,20,80,11,5,115,0,6,3,ok,,3.349,n-62-11-58,29004097,2026-08-02T12:49:44+0200
5650c72d4bb480bc,auto-10d581bed771,tempest_reinforcements@51ad530,tempest_reinforcements,51ad530,tempest_reinforcements@65ddc55,tempest_reinforcements,65ddc55,string,official,1,0,rating,b,b,0.0,core_destroyed,111,,16,30,10,5,7,30,3,4,ok,,7.895,n-62-13-8,29004097,2026-08-02T12:47:19+0200
56821327e92e80ab,auto-10d581bed771,tempest_reinforcements@65ddc55,tempest_reinforcements,65ddc55,claude_challenger_1@fdc1e1f,claude_challenger_1,fdc1e1f,sprint,official,1,0,rating,a,a,1.0,core_destroyed,27,,20,50,9,9,313,0,6,0,ok,,3.343,n-62-11-65,29004097,2026-08-02T12:47:54+0200
5695e239124cb3bd,auto-10d581bed771,v233_d@9713344,v233_d,9713344,tempest_reinforcements@65ddc55,tempest_reinforcements,65ddc55,runestone,official,1,0,rating,b,b,0.0,core_destroyed,42,,72,70,8,13,6,0,11,5,ok,,3.853,n-62-31-10,29004097,2026-08-02T12:48:35+0200
569939f03467aaab,auto-10d581bed771,tempest_reinforcements@65ddc55,tempest_reinforcements,65ddc55,v233_d@9713344,v233_d,9713344,vase,official,1,0,rating,a,a,1.0,core_destroyed,45,,10,0,9,6,116,0,3,2,ok,,3.258,n-62-31-11,29004097,2026-08-02T12:48:37+0200
56b0bda7dc5e3624,auto-10d581bed771,tempest_reinforcements@65ddc55,tempest_reinforcements,65ddc55,turtle@9713344,turtle,9713344,atoll,official,1,0,rating,a,a,1.0,core_destroyed,133,,51,870,18,22,268,170,4,11,ok,,6.44,n-62-21-60,29004097,2026-08-02T12:46:35+0200
56bc45867f565032,auto-10d581bed771,tempest_reinforcements@65ddc55,tempest_reinforcements,65ddc55,uw_v2@9713344,uw_v2,9713344,duel,official,1,0,rating,a,a,1.0,core_destroyed,49,,10,190,11,10,64,220,6,10,ok,,3.843,n-62-11-61,29004097,2026-08-02T12:48:41+0200
56bc79530f1b02ff,auto-10d581bed771,v233_c@9713344,v233_c,9713344,tempest_reinforcements@65ddc55,tempest_reinforcements,65ddc55,pinch,official,1,0,rating,b,b,0.0,core_destroyed,31,,53,0,5,5,20,60,10,8,ok,,3.081,n-62-21-92,29004097,2026-08-02T12:48:03+0200
56ce9c9301d7faf5,auto-10d581bed771,tempest_reinforcements@65ddc55,tempest_reinforcements,65ddc55,frontier_v1@9713344,frontier_v1,9713344,skerry,official,1,0,rating,a,a,1.0,core_destroyed,34,,10,70,11,5,29,0,9,3,ok,,3.695,n-62-29-21,29004097,2026-08-02T12:47:07+0200
56d55f51c07c5782,auto-10d581bed771,reaver@9713344,reaver,9713344,tempest_reinforcements@65ddc55,tempest_reinforcements,65ddc55,pinch,official,1,0,rating,b,b,0.0,core_destroyed,27,,75,0,4,3,20,50,10,8,ok,,3.545,n-62-11-53,29004097,2026-08-02T12:46:46+0200
56febce81b2c5cf4,auto-10d581bed771,frontier_v2@9713344,frontier_v2,9713344,tempest_reinforcements@65ddc55,tempest_reinforcements,65ddc55,twins,official,1,0,rating,b,b,0.0,core_destroyed,34,,132,0,7,3,10,0,10,5,ok,,3.152,n-62-29-29,29004097,2026-08-02T12:46:45+0200
570f326d8cd72de1,auto-10d581bed771,tempest_reinforcements@65ddc55,tempest_reinforcements,65ddc55,turtle@9713344,turtle,9713344,string,official,1,0,rating,a,a,1.0,core_destroyed,183,,136,1570,24,16,342,0,1,1,ok,,6.839,n-62-21-61,29004097,2026-08-02T12:47:37+0200
574d0dee60b83147,auto-10d581bed771,tempest_reinforcements@65ddc55,tempest_reinforcements,65ddc55,jonbot@9713344,jonbot,9713344,twins,official,1,0,rating,a,a,1.0,core_destroyed,41,,10,80,10,9,263,0,5,0,ok,,3.128,n-62-29-30,29004097,2026-08-02T12:46:40+0200
5765c25b78124ee1,auto-10d581bed771,vg_v3@9713344,vg_v3,9713344,tempest_reinforcements@65ddc55,tempest_reinforcements,65ddc55,sweden,official,1,0,rating,b,b,0.0,core_destroyed,121,,122,230,6,9,28,280,10,31,ok,,4.71,n-62-31-18,29004097,2026-08-02T12:49:10+0200
5794d1f1b96a9d86,auto-10d581bed771,e_t4l7@9e77076,e_t4l7,9e77076,tempest_reinforcements@65ddc55,tempest_reinforcements,65ddc55,runestone,official,1,0,rating,b,b,0.0,core_destroyed,32,,10,0,6,15,20,0,11,5,ok,,3.304,n-62-29-17,29004097,2026-08-02T12:46:53+0200
57b44a885918135d,auto-10d581bed771,undertow@9713344,undertow,9713344,tempest_reinforcements@65ddc55,tempest_reinforcements,65ddc55,pinch,official,1,0,rating,b,b,0.0,core_destroyed,30,,61,0,8,4,10,50,10,8,ok,,3.715,n-62-21-63,29004097,2026-08-02T12:46:47+0200
57b7451bd58e3077,auto-10d581bed771,vanguard_oracle@fdc1e1f,vanguard_oracle,fdc1e1f,tempest_reinforcements@65ddc55,tempest_reinforcements,65ddc55,duel,official,1,0,rating,b,b,0.0,core_destroyed,58,,87,130,5,3,15,130,11,5,ok,,4.227,n-62-29-34,29004097,2026-08-02T12:47:50+0200
57e63cfbed9f0be2,auto-10d581bed771,tempest_reinforcements@65ddc55,tempest_reinforcements,65ddc55,tempest@da3fd8a,tempest,da3fd8a,atoll,official,1,0,rating,b,b,0.0,core_destroyed,32,,19,60,9,5,77,70,11,6,ok,,4.256,n-62-11-52,29004097,2026-08-02T12:47:12+0200
57ec607abe63c2f3,auto-10d581bed771,e9cand@9e77076,e9cand,9e77076,tempest_reinforcements@65ddc55,tempest_reinforcements,65ddc55,longship,official,1,0,rating,b,b,0.0,core_destroyed,69,,43,0,10,3,10,150,12,14,ok,,4.608,n-62-31-11,29004097,2026-08-02T12:47:50+0200
57f7f4e7f4981686,auto-10d581bed771,jonbot_190003d@da3fd8a,jonbot_190003d,da3fd8a,tempest_reinforcements@65ddc55,tempest_reinforcements,65ddc55,twins,official,1,0,rating,b,b,0.0,core_destroyed,73,,365,160,4,7,16,0,8,5,ok,,3.72,n-62-29-34,29004097,2026-08-02T12:47:08+0200
58025eba187d89d8,auto-10d581bed771,tempest_reinforcements@65ddc55,tempest_reinforcements,65ddc55,tempest_reinforcements@e1dc316,tempest_reinforcements,e1dc316,longship,official,1,0,rating,b,b,0.0,core_destroyed,42,,8,80,12,10,21,80,11,10,ok,,4.81,n-62-12-64,29004097,2026-08-02T12:47:25+0200
5832517fcd9d47b1,auto-10d581bed771,tempest_reinforcements@65ddc55,tempest_reinforcements,65ddc55,uw_v1@9713344,uw_v1,9713344,pinch,official,1,0,rating,a,a,1.0,core_destroyed,31,,20,60,10,9,105,0,0,4,ok,,3.115,n-62-31-23,29004097,2026-08-02T12:49:09+0200
585c04193c2a9958,auto-10d581bed771,tempest_blindfire@fdc1e1f,tempest_blindfire,fdc1e1f,tempest_reinforcements@65ddc55,tempest_reinforcements,65ddc55,string,official,1,0,rating,b,b,0.0,core_destroyed,89,,291,0,4,1,82,420,11,16,ok,,3.882,n-62-21-89,29004097,2026-08-02T12:46:58+0200
58a247d5c47594b2,auto-10d581bed771,vg_v3@9713344,vg_v3,9713344,tempest_reinforcements@65ddc55,tempest_reinforcements,65ddc55,bridge,official,1,0,rating,b,b,0.0,titanium_collected,1000,,3554,1070,2,5,895,4820,49,21,ok,,31.079,n-62-31-7,29004097,2026-08-02T12:48:31+0200
58ab1a1c9e7291c8,auto-10d581bed771,tempest_reinforcements@65ddc55,tempest_reinforcements,65ddc55,tempest_outer@fdc1e1f,tempest_outer,fdc1e1f,atoll,official,1,0,rating,b,b,0.0,core_destroyed,32,,19,60,9,5,77,70,11,6,ok,,4.327,n-62-21-12,29004097,2026-08-02T12:46:52+0200
58ba453901302c61,auto-10d581bed771,tempest_reinforcements@65ddc55,tempest_reinforcements,65ddc55,jonbot@da3fd8a,jonbot,da3fd8a,atoll,official,1,0,rating,b,b,0.0,core_destroyed,56,,20,120,5,5,68,130,9,10,ok,,3.884,n-62-29-30,29004097,2026-08-02T12:47:03+0200
58c163b92c072118,auto-10d581bed771,e_harc@6db8844,e_harc,6db8844,tempest_reinforcements@65ddc55,tempest_reinforcements,65ddc55,longship,official,1,0,rating,b,b,0.0,core_destroyed,166,,79,390,8,7,10,390,11,14,ok,,4.732,n-62-28-29,29004097,2026-08-02T12:47:36+0200
58d25f664ea51f9c,auto-10d581bed771,undertow@da3fd8a,undertow,da3fd8a,tempest_reinforcements@65ddc55,tempest_reinforcements,65ddc55,showdown,official,1,0,rating,b,b,0.0,core_destroyed,101,,54,0,6,11,6,0,10,8,ok,,4.516,n-62-21-65,29004097,2026-08-02T12:47:25+0200
58e2226f3db4d18d,auto-10d581bed771,tempest_reinforcements@65ddc55,tempest_reinforcements,65ddc55,vg_v3@9713344,vg_v3,9713344,string,official,1,0,rating,a,a,1.0,core_destroyed,102,,112,670,20,15,116,0,1,0,ok,,5.153,n-62-31-18,29004097,2026-08-02T12:48:30+0200
58e7f2b2b6db4bb5,auto-10d581bed771,tempest_reinforcements@65ddc55,tempest_reinforcements,65ddc55,vg_v4@9713344,vg_v4,9713344,hive,official,1,0,rating,a,a,1.0,core_destroyed,57,,10,120,12,11,98,0,5,7,ok,,4.015,n-62-31-13,29004097,2026-08-02T12:49:02+0200
58e8ce478c6fd398,auto-10d581bed771,autistimusprime@ecd4d24,autistimusprime,ecd4d24,tempest_reinforcements@65ddc55,tempest_reinforcements,65ddc55,jackpot,official,1,0,rating,b,b,0.0,core_destroyed,53,,60,0,8,0,30,120,11,7,ok,,4.639,n-62-31-24,29004097,2026-08-02T12:47:36+0200
58f4e0d977ceeb9f,auto-10d581bed771,tempest_reinforcements@65ddc55,tempest_reinforcements,65ddc55,tempest_reinforcements@e1dc316,tempest_reinforcements,e1dc316,pinch,official,1,0,rating,a,a,1.0,core_destroyed,57,,9,0,6,4,9,0,12,3,ok,,4.283,n-62-12-64,29004097,2026-08-02T12:47:34+0200
58f5872a4607a12f,auto-10d581bed771,tempest_reinforcements@65ddc55,tempest_reinforcements,65ddc55,vanguard@9932bec,vanguard,9932bec,crossfire,official,1,0,rating,a,a,1.0,core_destroyed,43,,12,90,10,6,127,180,11,6,ok,,4.201,n-62-29-33,29004097,2026-08-02T12:48:21+0200
5923b139c3ed505a,auto-10d581bed771,tempest_reinforcements@65ddc55,tempest_reinforcements,65ddc55,tempest_outer@fdc1e1f,tempest_outer,fdc1e1f,crossfire,official,1,0,rating,b,b,0.0,core_destroyed,37,,9,80,10,5,151,80,6,5,ok,,3.653,n-62-21-12,29004097,2026-08-02T12:47:19+0200
592836484b82a367,auto-10d581bed771,jonbot@da3fd8a,jonbot,da3fd8a,tempest_reinforcements@65ddc55,tempest_reinforcements,65ddc55,sweden,official,1,0,rating,a,a,1.0,core_destroyed,79,,119,0,6,16,7,50,10,6,ok,,3.984,n-62-29-16,29004097,2026-08-02T12:47:05+0200
59e00a0116167396,auto-10d581bed771,tempest_reinforcements@65ddc55,tempest_reinforcements,65ddc55,siege_v2@9713344,siege_v2,9713344,hive,official,1,0,rating,a,a,1.0,core_destroyed,43,,10,80,11,11,295,0,6,1,ok,,3.155,n-62-11-51,29004097,2026-08-02T12:46:31+0200
59e5645734a649db,auto-10d581bed771,tempest_reinforcements@65ddc55,tempest_reinforcements,65ddc55,tempest_picket@fdc1e1f,tempest_picket,fdc1e1f,atoll,official,1,0,rating,b,b,0.0,core_destroyed,32,,19,60,9,5,77,70,11,6,ok,,4.385,n-62-21-2,29004097,2026-08-02T12:46:55+0200
59ee652e9f9d82d6,auto-10d581bed771,tempest_reinforcements@65ddc55,tempest_reinforcements,65ddc55,vanguard_oracle@fdc1e1f,vanguard_oracle,fdc1e1f,hive,official,1,0,rating,a,a,1.0,core_destroyed,48,,30,100,11,11,99,100,9,4,ok,,4.303,n-62-29-34,29004097,2026-08-02T12:48:02+0200
5a071e945ab01e39,auto-10d581bed771,tempest_reinforcements@65ddc55,tempest_reinforcements,65ddc55,jonbot@da3fd8a,jonbot,da3fd8a,string,official,1,0,rating,a,a,1.0,core_destroyed,108,,33,750,17,16,410,420,1,12,ok,,5.629,n-62-29-16,29004097,2026-08-02T12:46:42+0200
5a12c742129986d8,auto-10d581bed771,tempest_reinforcements@65ddc55,tempest_reinforcements,65ddc55,claude_challenger_1@fdc1e1f,claude_challenger_1,fdc1e1f,skerry,official,1,0,rating,a,a,1.0,core_destroyed,34,,10,70,11,5,114,130,11,5,ok,,5.426,n-62-11-65,29004097,2026-08-02T12:47:44+0200
5a2561ae5b91be8b,auto-10d581bed771,vanguard_oracle@902be71,vanguard_oracle,902be71,tempest_reinforcements@65ddc55,tempest_reinforcements,65ddc55,sweden,official,1,0,rating,b,b,0.0,core_destroyed,56,,127,80,8,11,20,0,11,6,ok,,3.839,n-62-28-29,29004097,2026-08-02T12:48:10+0200
5a37e8354f7936fc,auto-10d581bed771,tempest_reinforcements@65ddc55,tempest_reinforcements,65ddc55,vg_v2@9713344,vg_v2,9713344,skerry,official,1,0,rating,a,a,1.0,core_destroyed,51,,3,110,13,5,71,0,7,6,ok,,4.564,n-62-31-5,29004097,2026-08-02T12:47:58+0200
5a4a1f24a88bf254,auto-10d581bed771,tempest_reinforcements@65ddc55,tempest_reinforcements,65ddc55,undertow@fdc1e1f,undertow,fdc1e1f,twins,official,1,0,rating,a,a,1.0,core_destroyed,48,,19,100,11,8,69,250,12,13,ok,,4.837,n-62-21-68,29004097,2026-08-02T12:46:59+0200
5a5e94b0e7eb3ec7,auto-10d581bed771,tempest_reinforcements@65ddc55,tempest_reinforcements,65ddc55,siege_v2@9713344,siege_v2,9713344,showdown,official,1,0,rating,a,a,1.0,core_destroyed,19,,10,0,10,8,135,0,6,3,ok,,2.908,n-62-11-51,29004097,2026-08-02T12:47:10+0200
5a641866f6ebed37,auto-10d581bed771,tempest_reinforcements@65ddc55,tempest_reinforcements,65ddc55,tempest_ferry@26b5aa1,tempest_ferry,26b5aa1,sweden,official,1,0,rating,b,b,0.0,core_destroyed,125,,53,570,17,16,352,0,3,7,ok,,5.32,n-62-12-4,29004097,2026-08-02T12:47:31+0200
5a74eacca4aa7cac,auto-10d581bed771,tempest_reinforcements@65ddc55,tempest_reinforcements,65ddc55,e_post2@4a95297,e_post2,4a95297,aurora,official,1,0,rating,a,a,1.0,core_destroyed,53,,10,110,11,8,83,0,10,0,ok,,4.018,n-62-29-20,29004097,2026-08-02T12:46:41+0200
5a7c2cb50dcea09f,auto-10d581bed771,vanguard@da3fd8a,vanguard,da3fd8a,tempest_reinforcements@65ddc55,tempest_reinforcements,65ddc55,crossfire,official,1,0,rating,a,a,1.0,core_destroyed,35,,39,140,9,8,7,70,10,5,ok,,3.395,n-62-29-26,29004097,2026-08-02T12:48:36+0200
5a93ce5262c598e8,auto-10d581bed771,tempest_reinforcements@65ddc55,tempest_reinforcements,65ddc55,tempest@da3fd8a,tempest,da3fd8a,sprint,official,1,0,rating,b,b,0.0,core_destroyed,25,,10,40,7,5,69,40,9,6,ok,,4.195,n-62-21-90,29004097,2026-08-02T12:46:34+0200
5a99256834c8c6c7,auto-10d581bed771,vanguard@818f3b4,vanguard,818f3b4,tempest_reinforcements@65ddc55,tempest_reinforcements,65ddc55,duel,official,1,0,rating,b,b,0.0,core_destroyed,59,,66,270,8,5,9,130,10,5,ok,,3.664,n-62-29-17,29004097,2026-08-02T12:48:18+0200
5aa458b80c62a2c3,auto-10d581bed771,tempest_reinforcements@65ddc55,tempest_reinforcements,65ddc55,tempest_ferry@26b5aa1,tempest_ferry,26b5aa1,vase,official,1,0,rating,a,a,1.0,core_destroyed,29,,10,0,10,6,270,0,3,5,ok,,3.971,n-62-12-7,29004097,2026-08-02T12:46:13+0200
5ab431ea6c9a4bbc,auto-10d581bed771,tempest_reinforcements@51ad530,tempest_reinforcements,51ad530,tempest_reinforcements@65ddc55,tempest_reinforcements,65ddc55,jackpot,official,1,0,rating,b,b,0.0,core_destroyed,49,,27,100,11,6,19,110,10,7,ok,,4.48,n-62-13-6,29004097,2026-08-02T12:46:56+0200
5ae31bd9cf20c7ae,auto-10d581bed771,undertow_oracle@75591b7,undertow_oracle,75591b7,tempest_reinforcements@65ddc55,tempest_reinforcements,65ddc55,vase,official,1,0,rating,b,b,0.0,core_destroyed,34,,130,0,7,1,8,0,11,6,ok,,3.909,n-62-31-24,29004097,2026-08-02T12:48:46+0200
5ae5621ed76897bf,auto-10d581bed771,vanguard_oracle@fdc1e1f,vanguard_oracle,fdc1e1f,tempest_reinforcements@65ddc55,tempest_reinforcements,65ddc55,twins,official,1,0,rating,b,b,0.0,core_destroyed,52,,62,0,9,0,20,0,9,4,ok,,3.646,n-62-30-23,29004097,2026-08-02T12:48:27+0200
5af69fea2a7ef7c5,auto-10d581bed771,v233_f@9713344,v233_f,9713344,tempest_reinforcements@65ddc55,tempest_reinforcements,65ddc55,showdown,official,1,0,rating,b,b,0.0,core_destroyed,42,,93,0,4,8,10,0,10,8,ok,,3.229,n-62-21-97,29004097,2026-08-02T12:48:54+0200
5afe041345796acb,auto-10d581bed771,tempest_reinforcements@65ddc55,tempest_reinforcements,65ddc55,lockin@9713344,lockin,9713344,skerry,official,1,0,rating,a,a,1.0,core_destroyed,40,,30,150,12,9,54,160,12,6,ok,,6.637,n-62-30-24,29004097,2026-08-02T12:46:34+0200
5b01f1d04667aba7,auto-10d581bed771,vanguard_oracle@fdc1e1f,vanguard_oracle,fdc1e1f,tempest_reinforcements@65ddc55,tempest_reinforcements,65ddc55,sweden,official,1,0,rating,b,b,0.0,core_destroyed,56,,127,80,8,11,20,0,11,6,ok,,3.754,n-62-30-23,29004097,2026-08-02T12:48:18+0200
5b19b9de1c406017,auto-10d581bed771,undertow@9713344,undertow,9713344,tempest_reinforcements@65ddc55,tempest_reinforcements,65ddc55,twins,official,1,0,rating,b,b,0.0,core_destroyed,64,,10,130,8,22,20,0,12,5,ok,,4.752,n-62-21-64,29004097,2026-08-02T12:46:44+0200
5b32bcd84aed917f,auto-10d581bed771,tempest_ferry@26b5aa1,tempest_ferry,26b5aa1,tempest_reinforcements@65ddc55,tempest_reinforcements,65ddc55,duel,official,1,0,rating,a,a,1.0,core_destroyed,25,,74,0,9,2,9,50,10,4,ok,,3.347,n-62-12-5,29004097,2026-08-02T12:46:55+0200
5b57ccb03b1b1e6c,auto-10d581bed771,tempest_reinforcements@65ddc55,tempest_reinforcements,65ddc55,siege_v1@9713344,siege_v1,9713344,hive,official,1,0,rating,a,a,1.0,core_destroyed,43,,10,80,11,11,295,0,6,1,ok,,3.31,n-62-11-59,29004097,2026-08-02T12:46:25+0200
5b597c57cf9ae3cf,auto-10d581bed771,claude_challenger_3@fdc1e1f,claude_challenger_3,fdc1e1f,tempest_reinforcements@65ddc55,tempest_reinforcements,65ddc55,pinch,official,1,0,rating,b,b,0.0,core_destroyed,47,,143,0,7,1,10,0,10,4,ok,,4.557,n-62-31-9,29004097,2026-08-02T12:47:17+0200
5b5d0a8bafbfda51,auto-10d581bed771,nemesis@9713344,nemesis,9713344,tempest_reinforcements@65ddc55,tempest_reinforcements,65ddc55,bridge,official,1,0,rating,b,b,0.0,core_destroyed,387,,523,10,3,10,64,2450,33,23,ok,,12.663,n-62-31-13,29004097,2026-08-02T12:47:05+0200
5b6145e8bcde6949,auto-10d581bed771,vg_v5@9713344,vg_v5,9713344,tempest_reinforcements@65ddc55,tempest_reinforcements,65ddc55,quarry,official,1,0,rating,b,b,0.0,core_destroyed,69,,87,160,6,14,10,0,11,6,ok,,3.93,n-62-31-15,29004097,2026-08-02T12:48:03+0200
5b8d3be8f72a191d,auto-10d581bed771,tempest_reinforcements@65ddc55,tempest_reinforcements,65ddc55,v233_a@9713344,v233_a,9713344,pinch,official,1,0,rating,a,a,1.0,core_destroyed,26,,10,40,10,9,101,0,2,3,ok,,3.039,n-62-11-64,29004097,2026-08-02T12:47:38+0200
5bb464ebdb9582cd,auto-10d581bed771,tempest_reinforcements@65ddc55,tempest_reinforcements,65ddc55,vg_v3@9713344,vg_v3,9713344,pinch,official,1,0,rating,a,a,1.0,core_destroyed,29,,8,50,10,9,95,0,2,3,ok,,3.302,n-62-31-7,29004097,2026-08-02T12:49:25+0200
5bc222e112143df2,auto-10d581bed771,tempest_blindfire@fdc1e1f,tempest_blindfire,fdc1e1f,tempest_reinforcements@65ddc55,tempest_reinforcements,65ddc55,hive,official,1,0,rating,b,b,0.0,core_destroyed,42,,344,80,4,6,10,80,10,13,ok,,3.371,n-62-21-91,29004097,2026-08-02T12:46:58+0200
5c0d886b3bd6d146,auto-10d581bed771,e_harc@6db8844,e_harc,6db8844,tempest_reinforcements@65ddc55,tempest_reinforcements,65ddc55,skerry,official,1,0,rating,b,b,0.0,core_destroyed,41,,128,0,9,1,10,90,11,5,ok,,3.861,n-62-29-18,29004097,2026-08-02T12:46:59+0200
5c38a038fae44e2f,auto-10d581bed771,tempest_reinforcements@65ddc55,tempest_reinforcements,65ddc55,v233_g@9713344,v233_g,9713344,bridge,official,1,0,rating,b,b,0.0,core_destroyed,130,,38,320,17,13,310,330,7,13,ok,,5.8,n-62-21-99,29004097,2026-08-02T12:47:39+0200
5c417efc4569aa4e,auto-10d581bed771,v233_f@9713344,v233_f,9713344,tempest_reinforcements@65ddc55,tempest_reinforcements,65ddc55,pinch,official,1,0,rating,b,b,0.0,core_destroyed,28,,77,0,4,3,20,50,10,8,ok,,3.123,n-62-21-97,29004097,2026-08-02T12:48:31+0200
5c55efd4a8118407,auto-10d581bed771,tempest_reinforcements@e1dc316,tempest_reinforcements,e1dc316,tempest_reinforcements@65ddc55,tempest_reinforcements,65ddc55,aurora,official,1,0,rating,a,a,1.0,core_destroyed,40,,41,80,11,8,20,70,12,9,ok,,4.913,n-62-12-64,29004097,2026-08-02T12:46:19+0200
5c7f35095b6b4485,auto-10d581bed771,tempest_reinforcements@65ddc55,tempest_reinforcements,65ddc55,v233_e@9713344,v233_e,9713344,string,official,1,0,rating,a,a,1.0,core_destroyed,87,,80,540,16,16,83,70,2,2,ok,,4.829,n-62-21-104,29004097,2026-08-02T12:47:57+0200
5c7f8d86b15f5452,auto-10d581bed771,v233_b@9713344,v233_b,9713344,tempest_reinforcements@65ddc55,tempest_reinforcements,65ddc55,hive,official,1,0,rating,b,b,0.0,core_destroyed,56,,115,120,8,11,30,120,11,13,ok,,3.599,n-62-11-65,29004097,2026-08-02T12:49:12+0200
5c8bb218b0a59169,auto-10d581bed771,tempest_oracle_ferry@fdc1e1f,tempest_oracle_ferry,fdc1e1f,tempest_reinforcements@65ddc55,tempest_reinforcements,65ddc55,aurora,official,1,0,rating,a,a,1.0,core_destroyed,45,,33,0,13,4,10,90,10,10,ok,,5.127,n-62-21-4,29004097,2026-08-02T12:46:53+0200
5c9612bb77263c96,auto-10d581bed771,tempest_reinforcements@65ddc55,tempest_reinforcements,65ddc55,e_t4l7@9e77076,e_t4l7,9e77076,fjord,official,1,0,rating,a,a,1.0,core_destroyed,43,,10,90,11,5,83,150,6,8,ok,,3.366,n-62-29-15,29004097,2026-08-02T12:47:20+0200
5c98c5f362eabba9,auto-10d581bed771,vanguard@818f3b4,vanguard,818f3b4,tempest_reinforcements@65ddc55,tempest_reinforcements,65ddc55,string,official,1,0,rating,a,a,1.0,core_destroyed,58,,83,110,4,7,27,130,14,6,ok,,3.843,n-62-29-19,29004097,2026-08-02T12:48:36+0200
5ca8103027b35e06,auto-10d581bed771,tempest_reinforcements@65ddc55,tempest_reinforcements,65ddc55,e_t4l7@9e77076,e_t4l7,9e77076,quarry,official,1,0,rating,b,b,0.0,titanium_collected,1000,,12,0,11,6,534,240,10,6,ok,,11.334,n-62-29-17,29004097,2026-08-02T12:46:41+0200
5cc0d48744bd9e31,auto-10d581bed771,tempest_reinforcements@65ddc55,tempest_reinforcements,65ddc55,vanguard@9932bec,vanguard,9932bec,sweden,official,1,0,rating,b,b,0.0,titanium_collected,1000,,250,0,34,1,4490,3090,6,13,ok,,26.524,n-62-29-15,29004097,2026-08-02T12:49:08+0200
5cc1cf4a33860484,auto-10d581bed771,vanguard_oracle@902be71,vanguard_oracle,902be71,tempest_reinforcements@65ddc55,tempest_reinforcements,65ddc55,duel,official,1,0,rating,a,a,1.0,core_destroyed,29,,58,60,9,4,9,60,9,4,ok,,3.585,n-62-29-16,29004097,2026-08-02T12:49:28+0200
5cd3724ed41e71b2,auto-10d581bed771,vg_v4@9713344,vg_v4,9713344,tempest_reinforcements@65ddc55,tempest_reinforcements,65ddc55,aurora,official,1,0,rating,b,b,0.0,core_destroyed,55,,77,110,7,9,10,110,12,11,ok,,4.533,n-62-31-13,29004097,2026-08-02T12:48:02+0200
5cd9310fba2f3ace,auto-10d581bed771,uw_v2@9713344,uw_v2,9713344,tempest_reinforcements@65ddc55,tempest_reinforcements,65ddc55,skerry,official,1,0,rating,b,b,0.0,core_destroyed,58,,81,260,6,12,61,280,11,14,ok,,4.004,n-62-11-62,29004097,2026-08-02T12:48:06+0200
5cfb5bf39f7070d9,auto-10d581bed771,turtle@9713344,turtle,9713344,tempest_reinforcements@65ddc55,tempest_reinforcements,65ddc55,twins,official,1,0,rating,b,b,0.0,core_destroyed,54,,92,0,4,6,10,0,10,5,ok,,4.217,n-62-21-62,29004097,2026-08-02T12:46:53+0200
5d05ff57ef08a1ea,auto-10d581bed771,uw_v1@9713344,uw_v1,9713344,tempest_reinforcements@65ddc55,tempest_reinforcements,65ddc55,twins,official,1,0,rating,b,b,0.0,core_destroyed,56,,126,0,6,3,20,0,12,5,ok,,3.652,n-62-11-60,29004097,2026-08-02T12:48:40+0200
5d0aaeb75ec7ba89,auto-10d581bed771,tempest_reinforcements@65ddc55,tempest_reinforcements,65ddc55,vanguard@9932bec,vanguard,9932bec,bridge,official,1,0,rating,b,b,0.0,core_destroyed,78,,14,0,13,7,134,30,3,7,ok,,4.193,n-62-29-33,29004097,2026-08-02T12:48:13+0200
5d1f456ffff76172,auto-10d581bed771,e_harc@6db8844,e_harc,6db8844,tempest_reinforcements@65ddc55,tempest_reinforcements,65ddc55,sprint,official,1,0,rating,a,a,1.0,harvesters,1000,,1048,0,11,14,10,0,10,7,ok,,9.079,n-62-29-18,29004097,2026-08-02T12:47:16+0200
5d1f9b4aadc096d4,auto-10d581bed771,tempest_reinforcements@65ddc55,tempest_reinforcements,65ddc55,nemesis@9713344,nemesis,9713344,crossfire,official,1,0,rating,a,a,1.0,core_destroyed,52,,30,120,12,6,76,0,5,12,ok,,4.41,n-62-31-13,29004097,2026-08-02T12:47:09+0200
5d28345de275e690,auto-10d581bed771,tempest_reinforcements@65ddc55,tempest_reinforcements,65ddc55,undertow@fdc1e1f,undertow,fdc1e1f,aurora,official,1,0,rating,a,a,1.0,core_destroyed,54,,10,110,11,8,121,220,6,9,ok,,4.665,n-62-21-66,29004097,2026-08-02T12:47:31+0200
5d4e42f8352d0eb7,auto-10d581bed771,tempest_reinforcements@65ddc55,tempest_reinforcements,65ddc55,v233_g@9713344,v233_g,9713344,skerry,official,1,0,rating,a,a,1.0,core_destroyed,56,,30,200,12,9,114,360,4,11,ok,,4.395,n-62-29-18,29004097,2026-08-02T12:47:45+0200
5d6a3f9cc5e01da4,auto-10d581bed771,tempest_reinforcements@65ddc55,tempest_reinforcements,65ddc55,vanguard@9932bec,vanguard,9932bec,showdown,official,1,0,rating,a,a,1.0,core_destroyed,89,,5,0,10,8,59,0,7,6,ok,,4.307,n-62-29-15,29004097,2026-08-02T12:48:05+0200
5db5eed78bfccef2,auto-10d581bed771,tempest_reinforcements@65ddc55,tempest_reinforcements,65ddc55,e_t4l7@9e77076,e_t4l7,9e77076,atoll,official,1,0,rating,a,a,1.0,core_destroyed,54,,6,120,11,6,96,230,7,6,ok,,3.542,n-62-29-15,29004097,2026-08-02T12:46:37+0200
5dbb61324c813cd3,auto-10d581bed771,tempest_reinforcements@65ddc55,tempest_reinforcements,65ddc55,jonbot@da3fd8a,jonbot,da3fd8a,twins,official,1,0,rating,a,a,1.0,core_destroyed,61,,9,130,9,5,126,130,6,13,ok,,4.661,n-62-29-16,29004097,2026-08-02T12:47:10+0200
5dc1bcc4ab29c964,auto-10d581bed771,tempest_reinforcements@e1dc316,tempest_reinforcements,e1dc316,tempest_reinforcements@65ddc55,tempest_reinforcements,65ddc55,hive,official,1,0,rating,b,b,0.0,core_destroyed,77,,9,170,16,6,9,170,12,7,ok,,6.033,n-62-12-64,29004097,2026-08-02T12:47:09+0200
5dda5fe1b9452bdf,auto-10d581bed771,undertow_oracle@fdc1e1f,undertow_oracle,fdc1e1f,tempest_reinforcements@65ddc55,tempest_reinforcements,65ddc55,sweden,official,1,0,rating,b,b,0.0,core_destroyed,47,,103,110,6,20,10,0,10,6,ok,,3.595,n-62-31-4,29004097,2026-08-02T12:49:07+0200
5de363ddb515fd56,auto-10d581bed771,tempest_reinforcements@65ddc55,tempest_reinforcements,65ddc55,e_harc@6db8844,e_harc,6db8844,strait,official,1,0,rating,a,a,1.0,core_destroyed,152,,46,730,20,27,295,570,9,35,ok,,5.739,n-62-29-18,29004097,2026-08-02T12:47:22+0200
5dfe3ab2142d2d43,auto-10d581bed771,tempest_reinforcements@65ddc55,tempest_reinforcements,65ddc55,vanguard@818f3b4,vanguard,818f3b4,bridge,official,1,0,rating,a,a,1.0,core_destroyed,65,,8,0,11,8,105,130,4,10,ok,,3.832,n-62-29-17,29004097,2026-08-02T12:47:59+0200
5e06d02fa2dafd7b,auto-10d581bed771,tempest_reinforcements@65ddc55,tempest_reinforcements,65ddc55,lockin@9713344,lockin,9713344,twins,official,1,0,rating,a,a,1.0,core_destroyed,60,,20,0,11,8,25,0,9,4,ok,,6.768,n-62-30-24,29004097,2026-08-02T12:47:37+0200
5e14f986ba0d1f1b,auto-10d581bed771,tempest_reinforcements@65ddc55,tempest_reinforcements,65ddc55,undertow@9713344,undertow,9713344,skerry,official,1,0,rating,b,b,0.0,core_destroyed,59,,16,300,13,9,70,420,11,30,ok,,5.452,n-62-21-63,29004097,2026-08-02T12:47:22+0200
5e17ce19dddf02a2,auto-10d581bed771,tempest_reinforcements@65ddc55,tempest_reinforcements,65ddc55,e_post2@4a95297,e_post2,4a95297,longship,official,1,0,rating,a,a,1.0,core_destroyed,52,,20,110,11,12,98,0,10,2,ok,,4.357,n-62-29-24,29004097,2026-08-02T12:46:12+0200
5e1f5d2bded076ff,auto-10d581bed771,vg_v3@9713344,vg_v3,9713344,tempest_reinforcements@65ddc55,tempest_reinforcements,65ddc55,showdown,official,1,0,rating,b,b,0.0,core_destroyed,41,,92,0,5,5,8,0,10,8,ok,,3.655,n-62-31-18,29004097,2026-08-02T12:48:01+0200
5e20d4def81db0d0,auto-10d581bed771,attack_wave_v1@9713344,attack_wave_v1,9713344,tempest_reinforcements@65ddc55,tempest_reinforcements,65ddc55,bridge,official,1,0,rating,b,b,0.0,core_destroyed,41,,244,0,6,2,10,0,10,8,ok,,3.396,n-62-31-5,29004097,2026-08-02T12:46:37+0200
5e2de543c178d320,auto-10d581bed771,uw_v2@9713344,uw_v2,9713344,tempest_reinforcements@65ddc55,tempest_reinforcements,65ddc55,jackpot,official,1,0,rating,b,b,0.0,core_destroyed,199,,398,500,3,8,24,1130,28,20,ok,,8.515,n-62-11-61,29004097,2026-08-02T12:49:16+0200
5e45bb865c52c54e,auto-10d581bed771,vg_v2@9713344,vg_v2,9713344,tempest_reinforcements@65ddc55,tempest_reinforcements,65ddc55,strait,official,1,0,rating,b,b,0.0,core_destroyed,75,,98,210,5,22,10,0,11,5,ok,,3.974,n-62-31-5,29004097,2026-08-02T12:48:19+0200
5e7695900ef7ed97,auto-10d581bed771,undertow@9713344,undertow,9713344,tempest_reinforcements@65ddc55,tempest_reinforcements,65ddc55,atoll,official,1,0,rating,b,b,0.0,core_destroyed,67,,75,300,4,6,10,150,12,6,ok,,4.864,n-62-21-62,29004097,2026-08-02T12:47:31+0200
5e919ccd81e43fe8,auto-10d581bed771,tempest_reinforcements@65ddc55,tempest_reinforcements,65ddc55,vg_v7@9713344,vg_v7,9713344,sweden,official,1,0,rating,a,a,1.0,titanium_collected,1000,,5461,9090,49,54,2704,630,2,7,ok,,34.392,n-62-31-24,29004097,2026-08-02T12:48:22+0200
5e9ba3b4c59d58a3,auto-10d581bed771,tempest_reinforcements@65ddc55,tempest_reinforcements,65ddc55,autistimusprime@ecd4d24,autistimusprime,ecd4d24,vase,official,1,0,rating,a,a,1.0,core_destroyed,197,,14,230,14,7,59,0,2,0,ok,,6.007,n-62-31-4,29004097,2026-08-02T12:46:14+0200
5e9bb85d24d4073b,auto-10d581bed771,tempest_reinforcements@65ddc55,tempest_reinforcements,65ddc55,vg_v1@9713344,vg_v1,9713344,sprint,official,1,0,rating,a,a,1.0,core_destroyed,31,,20,60,10,7,108,60,5,5,ok,,3.201,n-62-31-14,29004097,2026-08-02T12:47:57+0200
5eae8e2cbadf8220,auto-10d581bed771,e_t4l7@9e77076,e_t4l7,9e77076,tempest_reinforcements@65ddc55,tempest_reinforcements,65ddc55,duel,official,1,0,rating,b,b,0.0,core_destroyed,45,,71,90,4,14,13,100,10,5,ok,,2.943,n-62-29-15,29004097,2026-08-02T12:47:17+0200
5ebee9ceb728e481,auto-10d581bed771,vg_v1@9713344,vg_v1,9713344,tempest_reinforcements@65ddc55,tempest_reinforcements,65ddc55,quarry,official,1,0,rating,b,b,0.0,core_destroyed,72,,124,130,6,9,20,110,12,13,ok,,4.671,n-62-30-24,29004097,2026-08-02T12:48:54+0200
5ec024b0e6cc3506,auto-10d581bed771,tempest_reinforcements@65ddc55,tempest_reinforcements,65ddc55,e_condc@6db8844,e_condc,6db8844,longship,official,1,0,rating,a,a,1.0,core_destroyed,57,,10,120,12,12,16,0,8,16,ok,,4.372,n-62-21-104,29004097,2026-08-02T12:47:21+0200
5ec0a385abbd9220,auto-10d581bed771,jonbot_190003d@da3fd8a,jonbot_190003d,da3fd8a,tempest_reinforcements@65ddc55,tempest_reinforcements,65ddc55,vault,official,1,0,rating,b,b,0.0,core_destroyed,57,,223,0,7,4,20,240,10,21,ok,,3.732,n-62-29-34,29004097,2026-08-02T12:47:22+0200
5ec20a42cee02ddd,auto-10d581bed771,siege_v1@9713344,siege_v1,9713344,tempest_reinforcements@65ddc55,tempest_reinforcements,65ddc55,sprint,official,1,0,rating,b,b,0.0,core_destroyed,28,,222,0,5,2,20,50,10,8,ok,,2.977,n-62-11-50,29004097,2026-08-02T12:46:14+0200
5ec97daafcf0ba3b,auto-10d581bed771,v233_g@9713344,v233_g,9713344,tempest_reinforcements@65ddc55,tempest_reinforcements,65ddc55,vase,official,1,0,rating,b,b,0.0,core_destroyed,55,,111,90,4,7,10,0,10,6,ok,,3.2,n-62-29-18,29004097,2026-08-02T12:48:35+0200
5ede76442457f79d,auto-10d581bed771,vanguard_oracle@902be71,vanguard_oracle,902be71,tempest_reinforcements@65ddc55,tempest_reinforcements,65ddc55,vault,official,1,0,rating,a,a,1.0,core_destroyed,44,,49,190,13,7,19,160,12,10,ok,,4.836,n-62-28-29,29004097,2026-08-02T12:48:34+0200
5f1b3559d584e734,auto-10d581bed771,vg_v1@9713344,vg_v1,9713344,tempest_reinforcements@65ddc55,tempest_reinforcements,65ddc55,crossfire,official,1,0,rating,b,b,0.0,core_destroyed,60,,112,130,2,5,20,140,11,6,ok,,5.429,n-62-30-24,29004097,2026-08-02T12:47:53+0200
5f34f453df7531e1,auto-10d581bed771,tempest_reinforcements@65ddc55,tempest_reinforcements,65ddc55,tempest_frontier@fdc1e1f,tempest_frontier,fdc1e1f,showdown,official,1,0,rating,a,a,1.0,core_destroyed,28,,16,0,8,7,66,0,7,4,ok,,4.819,n-62-21-18,29004097,2026-08-02T12:46:58+0200
5f440bc16051f571,auto-10d581bed771,vanguard_oracle@75591b7,vanguard_oracle,75591b7,tempest_reinforcements@65ddc55,tempest_reinforcements,65ddc55,showdown,official,1,0,rating,b,b,0.0,core_destroyed,42,,96,0,6,0,10,0,10,8,ok,,3.032,n-62-29-30,29004097,2026-08-02T12:48:41+0200
5f4ae4df4a4eb22c,auto-10d581bed771,tempest_reinforcements@65ddc55,tempest_reinforcements,65ddc55,vg_v5@9713344,vg_v5,9713344,skerry,official,1,0,rating,a,a,1.0,core_destroyed,51,,16,110,12,5,72,0,6,5,ok,,4.2,n-62-31-15,29004097,2026-08-02T12:48:22+0200
5f85f683d4a27bf6,auto-10d581bed771,reaver@9713344,reaver,9713344,tempest_reinforcements@65ddc55,tempest_reinforcements,65ddc55,jackpot,official,1,0,rating,b,b,0.0,core_destroyed,60,,119,0,4,1,20,200,11,16,ok,,3.997,n-62-11-53,29004097,2026-08-02T12:46:30+0200
5f8c9a96dfa0aab3,auto-10d581bed771,tempest_reinforcements@65ddc55,tempest_reinforcements,65ddc55,attack_wave_v1@9713344,attack_wave_v1,9713344,jackpot,official,1,0,rating,a,a,1.0,core_destroyed,37,,20,80,11,7,196,0,6,3,ok,,3.693,n-62-31-5,29004097,2026-08-02T12:47:11+0200
5fb721c6a165e877,auto-10d581bed771,tempest_reinforcements@65ddc55,tempest_reinforcements,65ddc55,nemesis@9713344,nemesis,9713344,sprint,official,1,0,rating,a,a,1.0,core_destroyed,38,,10,70,10,6,52,80,7,14,ok,,3.923,n-62-31-16,29004097,2026-08-02T12:47:08+0200
5fbc6adbdc73d1f5,auto-10d581bed771,tempest_reinforcements@65ddc55,tempest_reinforcements,65ddc55,casemate@902be71,casemate,902be71,jackpot,official,1,0,rating,a,a,1.0,core_destroyed,324,,32,1520,36,16,227,0,1,13,ok,,13.531,n-62-11-61,29004097,2026-08-02T12:46:22+0200
5fc2728ac447b9ee,auto-10d581bed771,undertow_1ac7ac4@da3fd8a,undertow_1ac7ac4,da3fd8a,tempest_reinforcements@65ddc55,tempest_reinforcements,65ddc55,twins,official,1,0,rating,b,b,0.0,core_destroyed,64,,10,130,8,22,20,0,12,5,ok,,4.09,n-62-31-5,29004097,2026-08-02T12:48:20+0200
6016a98d179db595,auto-10d581bed771,tempest_reinforcements@65ddc55,tempest_reinforcements,65ddc55,riptide@9713344,riptide,9713344,twins,official,1,0,rating,a,a,1.0,core_destroyed,48,,20,100,10,9,93,100,3,10,ok,,4.132,n-62-11-58,29004097,2026-08-02T12:46:55+0200
601b6cd6a70c59c1,auto-10d581bed771,e_t4l7@9e77076,e_t4l7,9e77076,tempest_reinforcements@65ddc55,tempest_reinforcements,65ddc55,pinch,official,1,0,rating,b,b,0.0,core_destroyed,25,,4,40,5,10,10,40,10,8,ok,,3.04,n-62-29-17,29004097,2026-08-02T12:46:30+0200
602e11669e09cd91,auto-10d581bed771,tempest_reinforcements@025dd51,tempest_reinforcements,025dd51,tempest_reinforcements@65ddc55,tempest_reinforcements,65ddc55,vase,official,1,0,rating,b,b,0.0,core_destroyed,112,,10,0,12,4,16,0,7,6,ok,,4.404,n-62-13-7,29004097,2026-08-02T12:47:09+0200
6031852887b1828d,auto-10d581bed771,tempest_sentinel@fdc1e1f,tempest_sentinel,fdc1e1f,tempest_reinforcements@65ddc55,tempest_reinforcements,65ddc55,sprint,official,1,0,rating,b,b,0.0,core_destroyed,37,,27,0,8,3,9,20,8,7,ok,,3.71,n-62-21-56,29004097,2026-08-02T12:46:57+0200
60327cfc364a81a7,auto-10d581bed771,tempest_reinforcements@65ddc55,tempest_reinforcements,65ddc55,e_final@9e77076,e_final,9e77076,string,official,1,0,rating,a,a,1.0,core_destroyed,69,,40,390,16,13,27,0,2,4,ok,,4.505,n-62-21-99,29004097,2026-08-02T12:47:03+0200
60654beddc3ed03b,auto-10d581bed771,v233_g@9713344,v233_g,9713344,tempest_reinforcements@65ddc55,tempest_reinforcements,65ddc55,pinch,official,1,0,rating,b,b,0.0,core_destroyed,25,,73,0,6,3,10,40,10,8,ok,,3.061,n-62-21-99,29004097,2026-08-02T12:48:40+0200
60667908315140ad,auto-10d581bed771,tempest_reinforcements@65ddc55,tempest_reinforcements,65ddc55,v233_i@902be71,v233_i,902be71,hive,official,1,0,rating,a,a,1.0,core_destroyed,59,,10,120,12,11,55,120,11,14,ok,,4.089,n-62-29-20,29004097,2026-08-02T12:48:22+0200
606b7d14d67928f3,auto-10d581bed771,tempest_reinforcements@e1dc316,tempest_reinforcements,e1dc316,tempest_reinforcements@65ddc55,tempest_reinforcements,65ddc55,showdown,official,1,0,rating,b,b,0.0,core_destroyed,28,,24,0,9,5,16,0,9,8,ok,,4.148,n-62-12-66,29004097,2026-08-02T12:46:27+0200
6089048c0e23f0b6,auto-10d581bed771,tempest_reinforcements@65ddc55,tempest_reinforcements,65ddc55,e_condc@6db8844,e_condc,6db8844,atoll,official,1,0,rating,a,a,1.0,core_destroyed,117,,6,510,14,32,7,0,6,4,ok,,4.815,n-62-21-103,29004097,2026-08-02T12:47:48+0200
60a0d5ce208d98f4,auto-10d581bed771,tempest_reinforcements@65ddc55,tempest_reinforcements,65ddc55,undertow_1ac7ac4@da3fd8a,undertow_1ac7ac4,da3fd8a,jackpot,official,1,0,rating,a,a,1.0,core_destroyed,93,,40,340,12,24,103,510,7,18,ok,,5.222,n-62-21-69,29004097,2026-08-02T12:46:49+0200
60ac0c653c3632e4,auto-10d581bed771,siege_v1@9713344,siege_v1,9713344,tempest_reinforcements@65ddc55,tempest_reinforcements,65ddc55,strait,official,1,0,rating,b,b,0.0,core_destroyed,54,,284,0,5,2,10,0,11,5,ok,,3.152,n-62-11-50,29004097,2026-08-02T12:46:21+0200
60d08ea8b02dcf4a,auto-10d581bed771,tempest_reinforcements@65ddc55,tempest_reinforcements,65ddc55,vanguard@c407e79,vanguard,c407e79,sprint,official,1,0,rating,a,a,1.0,core_destroyed,137,,9,30,10,4,59,0,7,0,ok,,3.859,n-62-29-22,29004097,2026-08-02T12:48:30+0200
60fd877320388f66,auto-10d581bed771,vanguard_oracle@902be71,vanguard_oracle,902be71,tempest_reinforcements@65ddc55,tempest_reinforcements,65ddc55,skerry,official,1,0,rating,b,b,0.0,core_destroyed,54,,96,240,9,5,20,130,12,5,ok,,4.551,n-62-29-32,29004097,2026-08-02T12:49:09+0200
611a48673572e019,auto-10d581bed771,tempest_reinforcements@65ddc55,tempest_reinforcements,65ddc55,riptide@9713344,riptide,9713344,aurora,official,1,0,rating,a,a,1.0,core_destroyed,49,,10,100,12,8,80,100,7,8,ok,,4.162,n-62-11-54,29004097,2026-08-02T12:47:05+0200
612c0ee78872b454,auto-10d581bed771,undertow@da3fd8a,undertow,da3fd8a,tempest_reinforcements@65ddc55,tempest_reinforcements,65ddc55,twins,official,1,0,rating,b,b,0.0,core_destroyed,65,,96,140,9,8,10,0,12,5,ok,,4.763,n-62-21-66,29004097,2026-08-02T12:46:55+0200
61389c3ff7503d43,auto-10d581bed771,tempest_fast@eb1f0f3,tempest_fast,eb1f0f3,tempest_reinforcements@65ddc55,tempest_reinforcements,65ddc55,vase,official,1,0,rating,b,b,0.0,core_destroyed,34,,212,0,4,4,8,0,10,6,ok,,2.846,n-62-12-3,29004097,2026-08-02T12:47:25+0200
6140c1c5e588bc0a,auto-10d581bed771,tempest_reinforcements@65ddc55,tempest_reinforcements,65ddc55,titanium_v1@9713344,titanium_v1,9713344,atoll,official,1,0,rating,a,a,1.0,core_destroyed,31,,10,60,11,6,309,0,4,3,ok,,3.222,n-62-21-57,29004097,2026-08-02T12:46:28+0200
6166c1d9da491611,auto-10d581bed771,tempest_reinforcements@e1dc316,tempest_reinforcements,e1dc316,tempest_reinforcements@65ddc55,tempest_reinforcements,65ddc55,sprint,official,1,0,rating,b,b,0.0,core_destroyed,51,,7,100,12,7,22,110,9,8,ok,,4.882,n-62-12-66,29004097,2026-08-02T12:46:48+0200
616d1618364f51a7,auto-10d581bed771,claude_challenger_1@fdc1e1f,claude_challenger_1,fdc1e1f,tempest_reinforcements@65ddc55,tempest_reinforcements,65ddc55,longship,official,1,0,rating,b,b,0.0,core_destroyed,47,,49,90,12,5,10,90,11,14,ok,,7.112,n-62-11-65,29004097,2026-08-02T12:46:55+0200
6175fa956b1c1e93,auto-10d581bed771,tempest_reinforcements@65ddc55,tempest_reinforcements,65ddc55,vanguard@c407e79,vanguard,c407e79,duel,official,1,0,rating,b,b,0.0,core_destroyed,41,,18,90,10,4,59,180,12,6,ok,,3.932,n-62-29-21,29004097,2026-08-02T12:48:34+0200
6184af89fa66f5e3,auto-10d581bed771,tempest_reinforcements@65ddc55,tempest_reinforcements,65ddc55,vanguard@818f3b4,vanguard,818f3b4,hive,official,1,0,rating,a,a,1.0,core_destroyed,52,,30,110,11,11,91,110,8,4,ok,,3.998,n-62-29-17,29004097,2026-08-02T12:48:30+0200
619a6b0129ff50c6,auto-10d581bed771,undertow@da3fd8a,undertow,da3fd8a,tempest_reinforcements@65ddc55,tempest_reinforcements,65ddc55,strait,official,1,0,rating,b,b,0.0,core_destroyed,77,,139,340,11,13,10,0,12,5,ok,,5.387,n-62-21-66,29004097,2026-08-02T12:46:19+0200
61a5158a6149d70d,auto-10d581bed771,tempest_reinforcements@65ddc55,tempest_reinforcements,65ddc55,vg_v1@9713344,vg_v1,9713344,pinch,official,1,0,rating,a,a,1.0,core_destroyed,27,,20,50,10,9,64,0,4,4,ok,,3.561,n-62-30-24,29004097,2026-08-02T12:48:41+0200
61b0e1b8a558e301,auto-10d581bed771,tempest_reinforcements@65ddc55,tempest_reinforcements,65ddc55,siege_v2@9713344,siege_v2,9713344,crossfire,official,1,0,rating,a,a,1.0,core_destroyed,35,,10,70,11,6,189,0,6,3,ok,,3.522,n-62-11-51,29004097,2026-08-02T12:46:11+0200
61b66ab0f41267c7,auto-10d581bed771,tempest_sentinel@fdc1e1f,tempest_sentinel,fdc1e1f,tempest_reinforcements@65ddc55,tempest_reinforcements,65ddc55,sweden,official,1,0,rating,b,b,0.0,core_destroyed,42,,290,0,4,7,10,0,10,6,ok,,3.046,n-62-21-56,29004097,2026-08-02T12:47:24+0200
61c60847e0a4fa7c,auto-10d581bed771,tempest_reinforcements@65ddc55,tempest_reinforcements,65ddc55,v233_b@9713344,v233_b,9713344,twins,official,1,0,rating,a,a,1.0,core_destroyed,38,,10,70,10,9,113,80,5,12,ok,,3.095,n-62-11-68,29004097,2026-08-02T12:47:41+0200
61c87b9e960ba936,auto-10d581bed771,vg_v1@9713344,vg_v1,9713344,tempest_reinforcements@65ddc55,tempest_reinforcements,65ddc55,showdown,official,1,0,rating,b,b,0.0,core_destroyed,69,,79,0,6,1,10,0,10,8,ok,,3.703,n-62-30-24,29004097,2026-08-02T12:49:09+0200
61d5e2b58cbdda8d,auto-10d581bed771,tempest_reinforcements@65ddc55,tempest_reinforcements,65ddc55,tempest_frontier@fdc1e1f,tempest_frontier,fdc1e1f,bridge,official,1,0,rating,a,a,1.0,core_destroyed,141,,69,710,19,24,509,0,3,3,ok,,5.424,n-62-12-7,29004097,2026-08-02T12:46:52+0200
61f7ebbef15b22d3,auto-10d581bed771,tempest_reinforcements@65ddc55,tempest_reinforcements,65ddc55,tempest_blindfire@fdc1e1f,tempest_blindfire,fdc1e1f,twins,official,1,0,rating,b,b,0.0,core_destroyed,31,,9,40,9,3,33,60,12,7,ok,,4.515,n-62-21-89,29004097,2026-08-02T12:47:11+0200
620ea90e329648df,auto-10d581bed771,undertow@da3fd8a,undertow,da3fd8a,tempest_reinforcements@65ddc55,tempest_reinforcements,65ddc55,quarry,official,1,0,rating,b,b,0.0,core_destroyed,93,,116,500,9,20,8,0,11,6,ok,,5.387,n-62-21-65,29004097,2026-08-02T12:47:06+0200
6219d9e3514e12b4,auto-10d581bed771,tempest_blindfire@fdc1e1f,tempest_blindfire,fdc1e1f,tempest_reinforcements@65ddc55,tempest_reinforcements,65ddc55,vase,official,1,0,rating,b,b,0.0,core_destroyed,34,,212,0,4,4,8,0,10,6,ok,,3.045,n-62-21-89,29004097,2026-08-02T12:47:22+0200
621b56b7beabc37b,auto-10d581bed771,tempest_reinforcements@65ddc55,tempest_reinforcements,65ddc55,vg_v7@9713344,vg_v7,9713344,skerry,official,1,0,rating,a,a,1.0,core_destroyed,51,,12,110,12,5,66,0,8,4,ok,,4.838,n-62-31-22,29004097,2026-08-02T12:48:51+0200
621d371cad217fa2,auto-10d581bed771,tempest_reinforcements@65ddc55,tempest_reinforcements,65ddc55,e_harc@6db8844,e_harc,6db8844,longship,official,1,0,rating,a,a,1.0,core_destroyed,49,,10,100,11,12,24,0,9,15,ok,,3.659,n-62-28-29,29004097,2026-08-02T12:47:32+0200
621faf697f102881,auto-10d581bed771,titanium_v1@9713344,titanium_v1,9713344,tempest_reinforcements@65ddc55,tempest_reinforcements,65ddc55,vase,official,1,0,rating,b,b,0.0,core_destroyed,36,,398,0,3,1,20,0,10,6,ok,,2.922,n-62-21-60,29004097,2026-08-02T12:46:21+0200
6228244c400d9a6f,auto-10d581bed771,tempest_reinforcements@65ddc55,tempest_reinforcements,65ddc55,vanguard@9932bec,vanguard,9932bec,twins,official,1,0,rating,a,a,1.0,core_destroyed,52,,20,110,11,9,135,210,8,14,ok,,3.639,n-62-29-15,29004097,2026-08-02T12:49:15+0200
6235b7666c1e346e,auto-10d581bed771,undertow@9713344,undertow,9713344,tempest_reinforcements@65ddc55,tempest_reinforcements,65ddc55,showdown,official,1,0,rating,b,b,0.0,core_destroyed,140,,86,0,6,3,20,0,11,8,ok,,5.227,n-62-21-63,29004097,2026-08-02T12:47:16+0200
624c892f911d2675,auto-10d581bed771,tempest_reinforcements@65ddc55,tempest_reinforcements,65ddc55,undertow@da3fd8a,undertow,da3fd8a,aurora,official,1,0,rating,a,a,1.0,core_destroyed,54,,10,110,11,8,121,220,6,9,ok,,4.638,n-62-21-64,29004097,2026-08-02T12:47:19+0200
62638a71337ddabb,auto-10d581bed771,e_harc@6db8844,e_harc,6db8844,tempest_reinforcements@65ddc55,tempest_reinforcements,65ddc55,aurora,official,1,0,rating,b,b,0.0,core_destroyed,62,,8,0,7,17,20,130,12,11,ok,,4.181,n-62-28-29,29004097,2026-08-02T12:46:34+0200
627c771eda7da526,auto-10d581bed771,v233_i@902be71,v233_i,902be71,tempest_reinforcements@65ddc55,tempest_reinforcements,65ddc55,duel,official,1,0,rating,b,b,0.0,core_destroyed,60,,109,270,5,5,28,140,10,5,ok,,3.854,n-62-29-20,29004097,2026-08-02T12:48:10+0200
62874105ab1a4c81,auto-10d581bed771,tempest_reinforcements@65ddc55,tempest_reinforcements,65ddc55,vanguard@da3fd8a,vanguard,da3fd8a,runestone,official,1,0,rating,a,a,1.0,core_destroyed,38,,10,0,11,5,98,120,9,12,ok,,3.245,n-62-29-29,29004097,2026-08-02T12:48:15+0200
6290ee1d7c774a4b,auto-10d581bed771,vg_v6@9713344,vg_v6,9713344,tempest_reinforcements@65ddc55,tempest_reinforcements,65ddc55,vault,official,1,0,rating,b,b,0.0,core_destroyed,61,,85,0,6,4,31,260,11,21,ok,,3.975,n-62-11-58,29004097,2026-08-02T12:48:09+0200
62996726ab97965f,auto-10d581bed771,tempest_reinforcements@65ddc55,tempest_reinforcements,65ddc55,jonbot_190003d@da3fd8a,jonbot_190003d,da3fd8a,pinch,official,1,0,rating,a,a,1.0,core_destroyed,26,,10,30,9,8,29,0,11,7,ok,,4.114,n-62-29-32,29004097,2026-08-02T12:47:22+0200
629f393a038e9725,auto-10d581bed771,tempest_reinforcements@65ddc55,tempest_reinforcements,65ddc55,uw_v2@9713344,uw_v2,9713344,quarry,official,1,0,rating,a,a,1.0,core_destroyed,89,,58,400,14,16,106,170,1,19,ok,,4.413,n-62-11-62,29004097,2026-08-02T12:47:37+0200
62b652ffeeeeae80,auto-10d581bed771,tempest@da3fd8a,tempest,da3fd8a,tempest_reinforcements@65ddc55,tempest_reinforcements,65ddc55,jackpot,official,1,0,rating,b,b,0.0,core_destroyed,43,,274,0,6,2,10,90,12,7,ok,,4.463,n-62-11-56,29004097,2026-08-02T12:47:12+0200
62be09da6e2a362a,auto-10d581bed771,e_final@9e77076,e_final,9e77076,tempest_reinforcements@65ddc55,tempest_reinforcements,65ddc55,sprint,official,1,0,rating,b,b,0.0,core_destroyed,32,,12,0,7,10,16,0,10,4,ok,,3.707,n-62-21-99,29004097,2026-08-02T12:46:50+0200
62c5ef57c5153844,auto-10d581bed771,tempest_reinforcements@65ddc55,tempest_reinforcements,65ddc55,reaver@9713344,reaver,9713344,vase,official,1,0,rating,a,a,1.0,core_destroyed,46,,10,0,9,6,102,0,4,2,ok,,3.429,n-62-11-54,29004097,2026-08-02T12:46:41+0200
62da0213e60ade0b,auto-10d581bed771,tempest_reinforcements@65ddc55,tempest_reinforcements,65ddc55,vanguard_oracle@75591b7,vanguard_oracle,75591b7,aurora,official,1,0,rating,a,a,1.0,core_destroyed,50,,10,100,12,8,115,180,7,8,ok,,4.15,n-62-29-5,29004097,2026-08-02T12:48:25+0200
62ebfe7e34aa73fc,auto-10d581bed771,tempest_reinforcements@65ddc55,tempest_reinforcements,65ddc55,casemate@902be71,casemate,902be71,quarry,official,1,0,rating,a,a,1.0,core_destroyed,89,,8,0,11,6,247,0,3,14,ok,,4.516,n-62-11-61,29004097,2026-08-02T12:46:50+0200
62f8eb491faf4492,auto-10d581bed771,vanguard_oracle@fdc1e1f,vanguard_oracle,fdc1e1f,tempest_reinforcements@65ddc55,tempest_reinforcements,65ddc55,pinch,official,1,0,rating,b,b,0.0,core_destroyed,24,,63,0,10,3,19,40,9,8,ok,,3.185,n-62-29-34,29004097,2026-08-02T12:48:36+0200
63078fd34dc23cbf,auto-10d581bed771,tempest_reinforcements@65ddc55,tempest_reinforcements,65ddc55,undertow@da3fd8a,undertow,da3fd8a,pinch,official,1,0,rating,a,a,1.0,core_destroyed,27,,20,50,10,9,34,0,8,3,ok,,3.866,n-62-21-65,29004097,2026-08-02T12:46:52+0200
630c9f4ff345739f,auto-10d581bed771,tempest_reinforcements@65ddc55,tempest_reinforcements,65ddc55,siege_v2@9713344,siege_v2,9713344,aurora,official,1,0,rating,a,a,1.0,core_destroyed,40,,30,80,11,8,208,0,6,3,ok,,3.203,n-62-11-50,29004097,2026-08-02T12:47:08+0200
6323dd3ab6de9e91,auto-10d581bed771,riptide@9713344,riptide,9713344,tempest_reinforcements@65ddc55,tempest_reinforcements,65ddc55,vault,official,1,0,rating,b,b,0.0,core_destroyed,61,,85,0,6,4,31,260,11,21,ok,,4.334,n-62-11-58,29004097,2026-08-02T12:47:16+0200
6348e6d6aa5adf68,auto-10d581bed771,tempest_reinforcements@65ddc55,tempest_reinforcements,65ddc55,mistral_fast@26b5aa1,mistral_fast,26b5aa1,string,official,1,0,rating,a,a,1.0,core_destroyed,31,,20,100,9,10,240,0,3,0,ok,,3.16,n-62-31-18,29004097,2026-08-02T12:47:10+0200
6355f4faf35474e3,auto-10d581bed771,vanguard_oracle@902be71,vanguard_oracle,902be71,tempest_reinforcements@65ddc55,tempest_reinforcements,65ddc55,bridge,official,1,0,rating,a,a,1.0,core_destroyed,681,,59,0,7,3,21,0,15,10,ok,,10.015,n-62-29-16,29004097,2026-08-02T12:49:12+0200
637cf3b9362bda44,auto-10d581bed771,tempest_reinforcements@65ddc55,tempest_reinforcements,65ddc55,tempest_reinforcements@87724ec,tempest_reinforcements,87724ec,fjord,official,1,0,rating,b,b,0.0,core_destroyed,34,,9,70,11,4,22,70,11,5,ok,,8.169,n-62-13-9,29004097,2026-08-02T12:47:08+0200
63b7ee94a5e44ad1,auto-10d581bed771,vg_v3@9713344,vg_v3,9713344,tempest_reinforcements@65ddc55,tempest_reinforcements,65ddc55,pinch,official,1,0,rating,b,b,0.0,core_destroyed,27,,75,0,4,3,20,50,10,8,ok,,3.316,n-62-31-7,29004097,2026-08-02T12:49:28+0200
63ca00f06aef8f27,auto-10d581bed771,tempest_reinforcements@65ddc55,tempest_reinforcements,65ddc55,e9cand@9e77076,e9cand,9e77076,quarry,official,1,0,rating,a,a,1.0,core_destroyed,41,,10,0,11,6,94,0,8,6,ok,,3.969,n-62-31-11,29004097,2026-08-02T12:48:03+0200
63d5e9ab677c354b,auto-10d581bed771,tempest_outer@fdc1e1f,tempest_outer,fdc1e1f,tempest_reinforcements@65ddc55,tempest_reinforcements,65ddc55,bridge,official,1,0,rating,b,b,0.0,core_destroyed,42,,290,0,4,7,10,0,10,8,ok,,2.921,n-62-21-12,29004097,2026-08-02T12:47:15+0200
63ea81368fc18e21,auto-10d581bed771,tempest_reinforcements@65ddc55,tempest_reinforcements,65ddc55,mistral@ba943b9,mistral,ba943b9,vase,official,1,0,rating,a,a,1.0,core_destroyed,46,,10,0,10,6,334,0,4,0,ok,,3.575,n-62-31-17,29004097,2026-08-02T12:47:50+0200
63effb5a2642c749,auto-10d581bed771,vanguard@da3fd8a,vanguard,da3fd8a,tempest_reinforcements@65ddc55,tempest_reinforcements,65ddc55,sweden,official,1,0,rating,b,b,0.0,core_destroyed,42,,99,130,6,26,10,0,10,6,ok,,3.11,n-62-29-5,29004097,2026-08-02T12:47:49+0200
63f09c5aa2da09c0,auto-10d581bed771,tempest_reinforcements@65ddc55,tempest_reinforcements,65ddc55,e_final@9e77076,e_final,9e77076,vase,official,1,0,rating,a,a,1.0,core_destroyed,136,,29,260,13,7,94,0,2,0,ok,,4.128,n-62-21-99,29004097,2026-08-02T12:47:34+0200
63f16973d62496ef,auto-10d581bed771,e9cand@9e77076,e9cand,9e77076,tempest_reinforcements@65ddc55,tempest_reinforcements,65ddc55,skerry,official,1,0,rating,b,b,0.0,core_destroyed,36,,89,0,10,0,20,80,11,5,ok,,4.076,n-62-21-103,29004097,2026-08-02T12:46:35+0200
640521d27b21795a,auto-10d581bed771,tempest_reinforcements@025dd51,tempest_reinforcements,025dd51,tempest_reinforcements@65ddc55,tempest_reinforcements,65ddc55,twins,official,1,0,rating,a,a,1.0,core_destroyed,33,,9,60,12,6,4,0,11,4,ok,,3.834,n-62-13-7,29004097,2026-08-02T12:47:00+0200
64061f58b83a5193,auto-10d581bed771,tempest_reinforcements@65ddc55,tempest_reinforcements,65ddc55,claude_challenger_2@fdc1e1f,claude_challenger_2,fdc1e1f,longship,official,1,0,rating,a,a,1.0,core_destroyed,45,,10,90,11,12,59,0,12,2,ok,,6.358,n-62-11-68,29004097,2026-08-02T12:46:55+0200
64141d5761892cd5,auto-10d581bed771,vanguard_oracle@fdc1e1f,vanguard_oracle,fdc1e1f,tempest_reinforcements@65ddc55,tempest_reinforcements,65ddc55,runestone,official,1,0,rating,b,b,0.0,core_destroyed,37,,114,120,9,10,10,0,11,5,ok,,3.507,n-62-29-34,29004097,2026-08-02T12:48:51+0200
642bb09875950a9d,auto-10d581bed771,vanguard_oracle@fdc1e1f,vanguard_oracle,fdc1e1f,tempest_reinforcements@65ddc55,tempest_reinforcements,65ddc55,skerry,official,1,0,rating,b,b,0.0,core_destroyed,54,,96,240,9,5,20,130,12,5,ok,,4.115,n-62-29-34,29004097,2026-08-02T12:49:10+0200
644652059f1f4e21,auto-10d581bed771,tempest_reinforcements@65ddc55,tempest_reinforcements,65ddc55,frontier_v1@9713344,frontier_v1,9713344,crossfire,official,1,0,rating,a,a,1.0,core_destroyed,33,,10,70,11,6,77,0,9,2,ok,,3.638,n-62-29-19,29004097,2026-08-02T12:47:51+0200
649755fb4a5c8a84,auto-10d581bed771,tempest_reinforcements@65ddc55,tempest_reinforcements,65ddc55,v233_d@9713344,v233_d,9713344,fjord,official,1,0,rating,a,a,1.0,core_destroyed,37,,20,80,11,5,84,50,5,4,ok,,3.911,n-62-31-10,29004097,2026-08-02T12:47:35+0200
64b5c4ba210c9f01,auto-10d581bed771,frontier_v2@9713344,frontier_v2,9713344,tempest_reinforcements@65ddc55,tempest_reinforcements,65ddc55,atoll,official,1,0,rating,b,b,0.0,core_destroyed,31,,54,0,8,3,10,60,11,6,ok,,3.518,n-62-29-22,29004097,2026-08-02T12:46:57+0200
64c5b646052613d3,auto-10d581bed771,tempest_reinforcements@65ddc55,tempest_reinforcements,65ddc55,tempest_reinforcements@e1dc316,tempest_reinforcements,e1dc316,twins,official,1,0,rating,a,a,1.0,core_destroyed,37,,11,70,7,8,14,0,11,4,ok,,4.031,n-62-12-66,29004097,2026-08-02T12:47:50+0200
64d6008b91517271,auto-10d581bed771,jonbot@da3fd8a,jonbot,da3fd8a,tempest_reinforcements@65ddc55,tempest_reinforcements,65ddc55,pinch,official,1,0,rating,b,b,0.0,core_destroyed,36,,50,0,7,10,19,70,6,7,ok,,3.626,n-62-29-33,29004097,2026-08-02T12:47:14+0200
64ee2b3d408f68d3,auto-10d581bed771,tempest_reinforcements@65ddc55,tempest_reinforcements,65ddc55,tempest_oracle_ferry@fdc1e1f,tempest_oracle_ferry,fdc1e1f,atoll,official,1,0,rating,b,b,0.0,core_destroyed,34,,8,70,11,5,37,70,11,6,ok,,4.739,n-62-21-4,29004097,2026-08-02T12:46:39+0200
650565a6477ac405,auto-10d581bed771,tempest_reinforcements@65ddc55,tempest_reinforcements,65ddc55,titanium_v1@9713344,titanium_v1,9713344,vault,official,1,0,rating,a,a,1.0,core_destroyed,42,,12,90,11,6,339,0,4,3,ok,,3.305,n-62-21-60,29004097,2026-08-02T12:46:25+0200
6508ac624fe87427,auto-10d581bed771,undertow@9713344,undertow,9713344,tempest_reinforcements@65ddc55,tempest_reinforcements,65ddc55,strait,official,1,0,rating,b,b,0.0,core_destroyed,77,,139,340,11,13,10,0,12,5,ok,,5.079,n-62-21-63,29004097,2026-08-02T12:47:44+0200
65132356beed7d5c,auto-10d581bed771,tempest_reinforcements@65ddc55,tempest_reinforcements,65ddc55,undertow_oracle@fdc1e1f,undertow_oracle,fdc1e1f,showdown,official,1,0,rating,a,a,1.0,core_destroyed,121,,10,0,10,8,59,0,12,0,ok,,5.684,n-62-31-4,29004097,2026-08-02T12:47:39+0200
6527f2430f48a4f2,auto-10d581bed771,siege_v1@9713344,siege_v1,9713344,tempest_reinforcements@65ddc55,tempest_reinforcements,65ddc55,crossfire,official,1,0,rating,b,b,0.0,core_destroyed,35,,239,0,6,2,10,70,11,6,ok,,3.11,n-62-11-58,29004097,2026-08-02T12:47:52+0200
6531e7af797a3faa,auto-10d581bed771,tempest_reinforcements@65ddc55,tempest_reinforcements,65ddc55,undertow@9713344,undertow,9713344,longship,official,1,0,rating,b,b,0.0,core_destroyed,46,,10,90,11,11,59,180,11,14,ok,,4.743,n-62-21-63,29004097,2026-08-02T12:46:35+0200
65325f3bf89b1258,auto-10d581bed771,tempest_reinforcements@65ddc55,tempest_reinforcements,65ddc55,e9cand@9e77076,e9cand,9e77076,hive,official,1,0,rating,a,a,1.0,core_destroyed,58,,10,120,12,11,91,0,11,0,ok,,4.793,n-62-31-11,29004097,2026-08-02T12:47:25+0200
6555419193357c62,auto-10d581bed771,vanguard_oracle@fdc1e1f,vanguard_oracle,fdc1e1f,tempest_reinforcements@65ddc55,tempest_reinforcements,65ddc55,sprint,official,1,0,rating,a,a,1.0,core_destroyed,43,,54,80,7,7,10,10,8,3,ok,,3.746,n-62-30-23,29004097,2026-08-02T12:47:50+0200
656f0689b97d2da6,auto-10d581bed771,tempest_reinforcements@65ddc55,tempest_reinforcements,65ddc55,v233_e@9713344,v233_e,9713344,hive,official,1,0,rating,a,a,1.0,core_destroyed,63,,10,170,9,15,84,130,5,10,ok,,4.546,n-62-21-103,29004097,2026-08-02T12:47:55+0200
65a3f83b7cabd4d1,auto-10d581bed771,tempest_reinforcements@65ddc55,tempest_reinforcements,65ddc55,casemate_oracle@902be71,casemate_oracle,902be71,vase,official,1,0,rating,a,a,1.0,core_destroyed,38,,8,0,10,6,305,0,4,2,ok,,3.423,n-62-11-64,29004097,2026-08-02T12:47:28+0200
65ae2a6f7ea59213,auto-10d581bed771,turtle@9713344,turtle,9713344,tempest_reinforcements@65ddc55,tempest_reinforcements,65ddc55,hive,official,1,0,rating,b,b,0.0,core_destroyed,170,,292,400,5,14,109,1150,20,27,ok,,7.038,n-62-21-60,29004097,2026-08-02T12:47:43+0200
65aec0a00f3f67bf,auto-10d581bed771,casemate_oracle@902be71,casemate_oracle,902be71,tempest_reinforcements@65ddc55,tempest_reinforcements,65ddc55,showdown,official,1,0,rating,a,a,1.0,core_destroyed,24,,86,0,8,1,16,0,10,5,ok,,3.488,n-62-11-63,29004097,2026-08-02T12:47:47+0200
65afbde48ac62ec8,auto-10d581bed771,tempest_reinforcements@65ddc55,tempest_reinforcements,65ddc55,mistral@ba943b9,mistral,ba943b9,longship,official,1,0,rating,b,b,0.0,core_destroyed,37,,19,70,10,10,65,0,10,1,ok,,6.554,n-62-31-14,29004097,2026-08-02T12:47:49+0200
65c45219eac82bbd,auto-10d581bed771,claude_challenger_1@fdc1e1f,claude_challenger_1,fdc1e1f,tempest_reinforcements@65ddc55,tempest_reinforcements,65ddc55,vase,official,1,0,rating,b,b,0.0,core_destroyed,27,,560,0,0,0,10,0,10,6,ok,,2.599,n-62-11-66,29004097,2026-08-02T12:46:57+0200
65c8af94dc1d98b5,auto-10d581bed771,tempest_reinforcements@65ddc55,tempest_reinforcements,65ddc55,lockin@9713344,lockin,9713344,atoll,official,1,0,rating,a,a,1.0,core_destroyed,32,,30,70,11,6,49,0,10,4,ok,,4.875,n-62-29-34,29004097,2026-08-02T12:47:27+0200
65f36caf8bf1fde6,auto-10d581bed771,tempest_reinforcements@e1dc316,tempest_reinforcements,e1dc316,tempest_reinforcements@65ddc55,tempest_reinforcements,65ddc55,vault,official,1,0,rating,b,b,0.0,core_destroyed,60,,26,130,13,5,27,250,13,9,ok,,5.626,n-62-12-66,29004097,2026-08-02T12:48:16+0200
66052fb6544f5d05,auto-10d581bed771,reaver@9713344,reaver,9713344,tempest_reinforcements@65ddc55,tempest_reinforcements,65ddc55,hive,official,1,0,rating,b,b,0.0,core_destroyed,60,,109,130,6,11,30,130,11,13,ok,,4.484,n-62-11-53,29004097,2026-08-02T12:46:17+0200
66090ba78dddccf2,auto-10d581bed771,tempest_reinforcements@65ddc55,tempest_reinforcements,65ddc55,e_harc@6db8844,e_harc,6db8844,crossfire,official,1,0,rating,a,a,1.0,core_destroyed,54,,10,120,11,6,48,0,5,9,ok,,3.856,n-62-28-29,29004097,2026-08-02T12:46:51+0200
661d4ce15707dd2b,auto-10d581bed771,v233_i@902be71,v233_i,902be71,tempest_reinforcements@65ddc55,tempest_reinforcements,65ddc55,quarry,official,1,0,rating,a,a,1.0,core_destroyed,112,,64,550,13,14,16,0,11,5,ok,,4.954,n-62-29-20,29004097,2026-08-02T12:49:00+0200
666465e72bda5d87,auto-10d581bed771,tempest_reinforcements@65ddc55,tempest_reinforcements,65ddc55,lockin@9713344,lockin,9713344,string,official,1,0,rating,a,a,1.0,core_destroyed,28,,30,70,9,10,570,0,0,0,ok,,2.351,n-62-30-24,29004097,2026-08-02T12:47:16+0200
66703679c11d0f00,auto-10d581bed771,tempest_reinforcements@65ddc55,tempest_reinforcements,65ddc55,undertow@da3fd8a,undertow,da3fd8a,hive,official,1,0,rating,a,a,1.0,core_destroyed,52,,28,110,11,11,17,130,11,17,ok,,4.809,n-62-21-65,29004097,2026-08-02T12:46:22+0200
668d026d7cefbbb0,auto-10d581bed771,tempest_reinforcements@65ddc55,tempest_reinforcements,65ddc55,tempest_outer@fdc1e1f,tempest_outer,fdc1e1f,quarry,official,1,0,rating,a,a,1.0,core_destroyed,39,,10,0,9,6,133,0,9,5,ok,,4.411,n-62-21-13,29004097,2026-08-02T12:46:48+0200
6690c25d2ca03d53,auto-10d581bed771,tempest_reinforcements@65ddc55,tempest_reinforcements,65ddc55,v233_f@9713344,v233_f,9713344,jackpot,official,1,0,rating,a,a,1.0,core_destroyed,73,,28,170,12,7,112,310,6,7,ok,,4.314,n-62-21-97,29004097,2026-08-02T12:48:11+0200
66a0f47994ccfeb1,auto-10d581bed771,tempest_reinforcements@65ddc55,tempest_reinforcements,65ddc55,undertow@da3fd8a,undertow,da3fd8a,longship,official,1,0,rating,a,a,1.0,core_destroyed,49,,9,100,11,12,59,190,11,14,ok,,5.015,n-62-21-65,29004097,2026-08-02T12:46:43+0200
66a99ff3d7075751,auto-10d581bed771,tempest_reinforcements@65ddc55,tempest_reinforcements,65ddc55,tempest_ferry@26b5aa1,tempest_ferry,26b5aa1,pinch,official,1,0,rating,b,b,0.0,core_destroyed,29,,9,0,9,3,59,0,11,4,ok,,5.204,n-62-12-4,29004097,2026-08-02T12:46:14+0200
66affa38729d0494,auto-10d581bed771,baiter@9713344,baiter,9713344,tempest_reinforcements@65ddc55,tempest_reinforcements,65ddc55,crossfire,official,1,0,rating,b,b,0.0,core_destroyed,38,,80,40,6,5,10,80,10,6,ok,,3.884,n-62-31-4,29004097,2026-08-02T12:47:40+0200
66b9765347821ab6,auto-10d581bed771,v233_i@902be71,v233_i,902be71,tempest_reinforcements@65ddc55,tempest_reinforcements,65ddc55,vault,official,1,0,rating,b,b,0.0,core_destroyed,55,,49,240,12,6,8,220,12,12,ok,,4.646,n-62-29-24,29004097,2026-08-02T12:49:03+0200
66ce95c7143cbd75,auto-10d581bed771,tempest_reinforcements@65ddc55,tempest_reinforcements,65ddc55,siege_v1@9713344,siege_v1,9713344,sweden,official,1,0,rating,a,a,1.0,core_destroyed,236,,30,1420,28,46,688,0,4,1,ok,,6.868,n-62-11-50,29004097,2026-08-02T12:46:36+0200
66d3d8fac7f65f91,auto-10d581bed771,tempest_reinforcements@65ddc55,tempest_reinforcements,65ddc55,vanguard@818f3b4,vanguard,818f3b4,vase,official,1,0,rating,a,a,1.0,core_destroyed,88,,16,0,10,5,66,0,8,0,ok,,3.956,n-62-29-19,29004097,2026-08-02T12:49:00+0200
66e2fa8f6f541563,auto-10d581bed771,vg_v5@9713344,vg_v5,9713344,tempest_reinforcements@65ddc55,tempest_reinforcements,65ddc55,skerry,official,1,0,rating,b,b,0.0,core_destroyed,52,,92,0,6,4,20,120,13,5,ok,,4.254,n-62-31-15,29004097,2026-08-02T12:48:26+0200
66e919d5f5423e6f,auto-10d581bed771,tempest_reinforcements@65ddc55,tempest_reinforcements,65ddc55,undertow_oracle@75591b7,undertow_oracle,75591b7,longship,official,1,0,rating,a,a,1.0,core_destroyed,51,,10,100,11,12,62,200,8,15,ok,,4.987,n-62-31-22,29004097,2026-08-02T12:48:58+0200
670237b5c033cf2b,auto-10d581bed771,tempest_reinforcements@65ddc55,tempest_reinforcements,65ddc55,reaver@9713344,reaver,9713344,runestone,official,1,0,rating,a,a,1.0,core_destroyed,50,,10,0,11,5,86,50,8,12,ok,,3.968,n-62-11-53,29004097,2026-08-02T12:46:59+0200
67136461dc731898,auto-10d581bed771,tempest_reinforcements@65ddc55,tempest_reinforcements,65ddc55,vanguard@818f3b4,vanguard,818f3b4,pinch,official,1,0,rating,a,a,1.0,core_destroyed,27,,18,50,10,9,77,0,3,4,ok,,2.874,n-62-29-17,29004097,2026-08-02T12:48:54+0200
6738990f7ea33dfd,auto-10d581bed771,titanium_v1@9713344,titanium_v1,9713344,tempest_reinforcements@65ddc55,tempest_reinforcements,65ddc55,bridge,official,1,0,rating,b,b,0.0,core_destroyed,41,,371,0,4,2,10,0,10,8,ok,,2.822,n-62-21-57,29004097,2026-08-02T12:46:50+0200
673d599dbdc4ee12,auto-10d581bed771,tempest_reinforcements@65ddc55,tempest_reinforcements,65ddc55,claude_challenger_1@fdc1e1f,claude_challenger_1,fdc1e1f,sweden,official,1,0,rating,a,a,1.0,core_destroyed,249,,17,1560,25,56,1120,0,0,0,ok,,6.735,n-62-11-66,29004097,2026-08-02T12:46:35+0200
674eaa3a2e372714,auto-10d581bed771,v233_i@902be71,v233_i,902be71,tempest_reinforcements@65ddc55,tempest_reinforcements,65ddc55,bridge,official,1,0,rating,b,b,0.0,core_destroyed,40,,105,40,8,8,20,0,11,8,ok,,3.468,n-62-29-20,29004097,2026-08-02T12:47:54+0200
674f3e1d099e36e3,auto-10d581bed771,tempest_reinforcements@65ddc55,tempest_reinforcements,65ddc55,tempest_outer@fdc1e1f,tempest_outer,fdc1e1f,sweden,official,1,0,rating,b,b,0.0,core_destroyed,125,,21,570,17,16,389,0,4,7,ok,,5.027,n-62-21-2,29004097,2026-08-02T12:46:23+0200
675f31b73dabd363,auto-10d581bed771,tempest_reinforcements@65ddc55,tempest_reinforcements,65ddc55,vanguard@da3fd8a,vanguard,da3fd8a,crossfire,official,1,0,rating,a,a,1.0,core_destroyed,34,,10,70,10,6,134,140,9,11,ok,,3.192,n-62-29-26,29004097,2026-08-02T12:48:33+0200
67607271c46a1487,auto-10d581bed771,nemesis@9713344,nemesis,9713344,tempest_reinforcements@65ddc55,tempest_reinforcements,65ddc55,vase,official,1,0,rating,b,b,0.0,core_destroyed,55,,133,0,6,3,29,0,10,6,ok,,3.838,n-62-31-20,29004097,2026-08-02T12:46:27+0200
67759dab3684342b,auto-10d581bed771,tempest_reinforcements@65ddc55,tempest_reinforcements,65ddc55,lockin@9713344,lockin,9713344,vault,official,1,0,rating,a,a,1.0,core_destroyed,43,,10,90,11,6,19,0,10,3,ok,,6.7,n-62-30-24,29004097,2026-08-02T12:47:57+0200
678d83d05319c922,auto-10d581bed771,tempest_reinforcements@65ddc55,tempest_reinforcements,65ddc55,e_final@9e77076,e_final,9e77076,fjord,official,1,0,rating,a,a,1.0,core_destroyed,38,,9,80,11,5,32,0,10,3,ok,,4.169,n-62-21-98,29004097,2026-08-02T12:47:00+0200
67aba5a04d333857,auto-10d581bed771,nemesis@9713344,nemesis,9713344,tempest_reinforcements@65ddc55,tempest_reinforcements,65ddc55,sweden,official,1,0,rating,b,b,0.0,core_destroyed,49,,14,30,8,18,10,0,10,6,ok,,3.956,n-62-31-16,29004097,2026-08-02T12:47:53+0200
67b0cdde96a5ea51,auto-10d581bed771,vg_v7@9713344,vg_v7,9713344,tempest_reinforcements@65ddc55,tempest_reinforcements,65ddc55,runestone,official,1,0,rating,b,b,0.0,core_destroyed,36,,125,60,7,9,20,0,11,5,ok,,3.823,n-62-31-22,29004097,2026-08-02T12:48:37+0200
67b21c91f7245124,auto-10d581bed771,tempest_reinforcements@65ddc55,tempest_reinforcements,65ddc55,frontier_v1@9713344,frontier_v1,9713344,longship,official,1,0,rating,a,a,1.0,core_destroyed,43,,20,90,11,12,44,0,10,2,ok,,3.863,n-62-29-21,29004097,2026-08-02T12:46:29+0200
67c5bb536fbe45be,auto-10d581bed771,tempest_reinforcements@65ddc55,tempest_reinforcements,65ddc55,tempest@da3fd8a,tempest,da3fd8a,showdown,official,1,0,rating,a,a,1.0,core_destroyed,28,,16,0,8,7,50,0,7,4,ok,,4.543,n-62-21-90,29004097,2026-08-02T12:46:12+0200
67cfe5dcc178db26,auto-10d581bed771,tempest_reinforcements@65ddc55,tempest_reinforcements,65ddc55,tempest_reinforcements@edf93ad,tempest_reinforcements,edf93ad,sprint,official,1,0,rating,a,a,1.0,core_destroyed,37,,19,100,6,7,15,40,10,5,ok,,4.891,n-62-21-55,29004097,2026-08-02T12:46:59+0200
67f144944a058e07,auto-10d581bed771,tempest_reinforcements@65ddc55,tempest_reinforcements,65ddc55,vg_v2@9713344,vg_v2,9713344,pinch,official,1,0,rating,a,a,1.0,core_destroyed,29,,8,50,10,9,95,0,2,3,ok,,3.156,n-62-31-17,29004097,2026-08-02T12:49:33+0200
6820a69a02f6689e,auto-10d581bed771,e_t4l7@9e77076,e_t4l7,9e77076,tempest_reinforcements@65ddc55,tempest_reinforcements,65ddc55,hive,official,1,0,rating,b,b,0.0,core_destroyed,42,,81,80,6,14,10,80,10,13,ok,,3.14,n-62-29-15,29004097,2026-08-02T12:47:31+0200
68240ad80e619bbf,auto-10d581bed771,tempest_reinforcements@65ddc55,tempest_reinforcements,65ddc55,v233_d@9713344,v233_d,9713344,crossfire,official,1,0,rating,a,a,1.0,core_destroyed,36,,30,130,8,8,25,20,8,12,ok,,3.004,n-62-31-9,29004097,2026-08-02T12:49:40+0200
686596d686bb94c3,auto-10d581bed771,v233_i@902be71,v233_i,902be71,tempest_reinforcements@65ddc55,tempest_reinforcements,65ddc55,jackpot,official,1,0,rating,a,a,1.0,core_destroyed,68,,187,290,2,8,24,150,15,6,ok,,4.739,n-62-29-20,29004097,2026-08-02T12:48:36+0200
688405c6ef6a3d4b,auto-10d581bed771,attack_wave_v1@9713344,attack_wave_v1,9713344,tempest_reinforcements@65ddc55,tempest_reinforcements,65ddc55,runestone,official,1,0,rating,b,b,0.0,core_destroyed,32,,136,0,6,4,20,0,11,5,ok,,3.66,n-62-31-22,29004097,2026-08-02T12:46:24+0200
688ef2ffaa15e017,auto-10d581bed771,tempest_reinforcements@65ddc55,tempest_reinforcements,65ddc55,v233_a@9713344,v233_a,9713344,skerry,official,1,0,rating,b,b,0.0,core_destroyed,76,,16,170,15,4,67,0,6,4,ok,,4.055,n-62-11-64,29004097,2026-08-02T12:48:06+0200
689253ce5dc1f157,auto-10d581bed771,tempest_reinforcements@65ddc55,tempest_reinforcements,65ddc55,vanguard@818f3b4,vanguard,818f3b4,strait,official,1,0,rating,a,a,1.0,core_destroyed,65,,10,140,12,11,87,280,5,10,ok,,4.1,n-62-29-19,29004097,2026-08-02T12:48:21+0200
689ae8db2c026e5e,auto-10d581bed771,tempest_reinforcements@65ddc55,tempest_reinforcements,65ddc55,riptide@9713344,riptide,9713344,jackpot,official,1,0,rating,a,a,1.0,core_destroyed,100,,73,400,15,11,350,0,6,1,ok,,4.773,n-62-11-55,29004097,2026-08-02T12:46:30+0200
68ac13aadcd62981,auto-10d581bed771,vg_v6@9713344,vg_v6,9713344,tempest_reinforcements@65ddc55,tempest_reinforcements,65ddc55,sweden,official,1,0,rating,b,b,0.0,core_destroyed,121,,122,230,6,9,28,280,10,31,ok,,4.025,n-62-11-54,29004097,2026-08-02T12:49:09+0200
68b3f2a60b166949,auto-10d581bed771,tempest_reinforcements@65ddc55,tempest_reinforcements,65ddc55,jonbot_190003d@da3fd8a,jonbot_190003d,da3fd8a,fjord,official,1,0,rating,a,a,1.0,core_destroyed,40,,20,80,10,5,205,80,7,6,ok,,4.482,n-62-29-32,29004097,2026-08-02T12:46:42+0200
69391c3171c92489,auto-10d581bed771,tempest_fast@eb1f0f3,tempest_fast,eb1f0f3,tempest_reinforcements@65ddc55,tempest_reinforcements,65ddc55,atoll,official,1,0,rating,a,a,1.0,core_destroyed,31,,24,0,13,3,7,50,10,4,ok,,4.611,n-62-12-6,29004097,2026-08-02T12:46:17+0200
6945b8d665826045,auto-10d581bed771,siege_v1@9713344,siege_v1,9713344,tempest_reinforcements@65ddc55,tempest_reinforcements,65ddc55,duel,official,1,0,rating,b,b,0.0,core_destroyed,36,,249,0,4,2,30,80,11,5,ok,,3.294,n-62-11-59,29004097,2026-08-02T12:46:15+0200
6962ef3c00999ec6,auto-10d581bed771,tempest_reinforcements@65ddc55,tempest_reinforcements,65ddc55,tempest_reinforcements@025dd51,tempest_reinforcements,025dd51,bridge,official,1,0,rating,b,b,0.0,core_destroyed,129,,14,0,13,5,60,40,6,10,ok,,6.415,n-62-21-23,29004097,2026-08-02T12:47:31+0200
6969cc61c53a3761,auto-10d581bed771,tempest_fast@eb1f0f3,tempest_fast,eb1f0f3,tempest_reinforcements@65ddc55,tempest_reinforcements,65ddc55,strait,official,1,0,rating,a,a,1.0,core_destroyed,54,,66,0,11,4,10,0,10,4,ok,,3.981,n-62-12-3,29004097,2026-08-02T12:46:54+0200
69a85239e5b98c69,auto-10d581bed771,e_condc@6db8844,e_condc,6db8844,tempest_reinforcements@65ddc55,tempest_reinforcements,65ddc55,atoll,official,1,0,rating,b,b,0.0,core_destroyed,82,,107,180,8,4,10,190,11,6,ok,,4.436,n-62-21-103,29004097,2026-08-02T12:47:53+0200
69c155f1fb3d685d,auto-10d581bed771,tempest_reinforcements@65ddc55,tempest_reinforcements,65ddc55,tempest_blindfire@fdc1e1f,tempest_blindfire,fdc1e1f,quarry,official,1,0,rating,a,a,1.0,core_destroyed,39,,10,0,9,5,103,0,10,5,ok,,4.315,n-62-21-91,29004097,2026-08-02T12:47:28+0200
69d6aaf37269c9bc,auto-10d581bed771,claude_challenger_1@fdc1e1f,claude_challenger_1,fdc1e1f,tempest_reinforcements@65ddc55,tempest_reinforcements,65ddc55,quarry,official,1,0,rating,b,b,0.0,core_destroyed,54,,31,0,12,4,10,0,11,6,ok,,7.152,n-62-11-65,29004097,2026-08-02T12:47:21+0200
69eb7ee1732624a5,auto-10d581bed771,tempest_reinforcements@65ddc55,tempest_reinforcements,65ddc55,vanguard@9932bec,vanguard,9932bec,atoll,official,1,0,rating,a,a,1.0,core_destroyed,40,,30,90,11,6,142,160,9,6,ok,,4.463,n-62-29-33,29004097,2026-08-02T12:47:53+0200
69f880900fb530be,auto-10d581bed771,uw_v2@9713344,uw_v2,9713344,tempest_reinforcements@65ddc55,tempest_reinforcements,65ddc55,runestone,official,1,0,rating,b,b,0.0,core_destroyed,77,,98,160,6,16,10,0,11,5,ok,,4.133,n-62-11-62,29004097,2026-08-02T12:47:49+0200
6a1c60a632402dbf,auto-10d581bed771,tempest_sentinel@fdc1e1f,tempest_sentinel,fdc1e1f,tempest_reinforcements@65ddc55,tempest_reinforcements,65ddc55,aurora,official,1,0,rating,b,b,0.0,core_destroyed,46,,59,0,8,3,10,90,9,11,ok,,4.001,n-62-21-54,29004097,2026-08-02T12:46:38+0200
6a1dba4dd16b8e23,auto-10d581bed771,tempest_reinforcements@65ddc55,tempest_reinforcements,65ddc55,vg_v3@9713344,vg_v3,9713344,vase,official,1,0,rating,a,a,1.0,core_destroyed,46,,10,0,9,6,102,0,4,2,ok,,3.414,n-62-31-18,29004097,2026-08-02T12:49:21+0200
6a297491d91ccff5,auto-10d581bed771,tempest_reinforcements@65ddc55,tempest_reinforcements,65ddc55,siege_v1@9713344,siege_v1,9713344,runestone,official,1,0,rating,a,a,1.0,core_destroyed,55,,10,0,11,5,279,0,5,2,ok,,3.275,n-62-11-59,29004097,2026-08-02T12:46:59+0200
6a2dbca6295083d3,auto-10d581bed771,tempest_reinforcements@e1dc316,tempest_reinforcements,e1dc316,tempest_reinforcements@65ddc55,tempest_reinforcements,65ddc55,bridge,official,1,0,rating,a,a,1.0,core_destroyed,72,,40,0,10,5,20,0,11,7,ok,,4.677,n-62-12-64,29004097,2026-08-02T12:46:28+0200
6a32873e9770b472,auto-10d581bed771,tempest_reinforcements@65ddc55,tempest_reinforcements,65ddc55,vanguard_oracle@902be71,vanguard_oracle,902be71,showdown,official,1,0,rating,a,a,1.0,core_destroyed,510,,10,0,11,8,56,0,5,0,ok,,7.14,n-62-29-32,29004097,2026-08-02T12:48:56+0200
6a37cfc59a2fe343,auto-10d581bed771,siege_v2@9713344,siege_v2,9713344,tempest_reinforcements@65ddc55,tempest_reinforcements,65ddc55,sweden,official,1,0,rating,b,b,0.0,core_destroyed,46,,208,0,5,3,10,0,10,6,ok,,3.032,n-62-11-52,29004097,2026-08-02T12:46:48+0200
6a4bb4629348e07f,auto-10d581bed771,tempest_reinforcements@65ddc55,tempest_reinforcements,65ddc55,uw_v1@9713344,uw_v1,9713344,sprint,official,1,0,rating,a,a,1.0,core_destroyed,52,,20,110,11,7,118,0,4,5,ok,,3.125,n-62-11-60,29004097,2026-08-02T12:47:58+0200
6a6603b6b806887e,auto-10d581bed771,opponent_luc@e83a42c,opponent_luc,e83a42c,tempest_reinforcements@65ddc55,tempest_reinforcements,65ddc55,hive,official,1,0,rating,b,b,0.0,core_destroyed,42,,176,0,9,1,10,80,10,13,ok,,5.59,n-62-31-20,29004097,2026-08-02T12:47:47+0200
6a6727573eec5f43,auto-10d581bed771,tempest_reinforcements@65ddc55,tempest_reinforcements,65ddc55,opponent_luc@e83a42c,opponent_luc,e83a42c,bridge,official,1,0,rating,a,a,1.0,core_destroyed,42,,10,0,10,8,600,0,0,0,ok,,2.355,n-62-31-20,29004097,2026-08-02T12:47:04+0200
6a6f98330a80810a,auto-10d581bed771,tempest_reinforcements@65ddc55,tempest_reinforcements,65ddc55,tempest_oracle_ferry@fdc1e1f,tempest_oracle_ferry,fdc1e1f,aurora,official,1,0,rating,a,a,1.0,core_destroyed,40,,30,80,11,8,273,70,5,10,ok,,3.828,n-62-21-4,29004097,2026-08-02T12:46:48+0200
6a7a2cc8e43a17d6,auto-10d581bed771,tempest_frontier@fdc1e1f,tempest_frontier,fdc1e1f,tempest_reinforcements@65ddc55,tempest_reinforcements,65ddc55,vault,official,1,0,rating,b,b,0.0,core_destroyed,54,,169,0,7,2,8,160,12,12,ok,,4.515,n-62-21-4,29004097,2026-08-02T12:46:34+0200
6a84905fb678816c,auto-10d581bed771,tempest_reinforcements@65ddc55,tempest_reinforcements,65ddc55,e_condc@6db8844,e_condc,6db8844,fjord,official,1,0,rating,a,a,1.0,core_destroyed,85,,20,260,12,8,97,380,9,10,ok,,5.014,n-62-21-104,29004097,2026-08-02T12:46:55+0200
6a9b60ead0d06131,auto-10d581bed771,tempest_reinforcements@65ddc55,tempest_reinforcements,65ddc55,vanguard_oracle@fdc1e1f,vanguard_oracle,fdc1e1f,sprint,official,1,0,rating,a,a,1.0,core_destroyed,31,,7,10,8,6,58,40,10,5,ok,,3.411,n-62-30-23,29004097,2026-08-02T12:47:46+0200
6aaf10f76913f748,auto-10d581bed771,tempest_fast@eb1f0f3,tempest_fast,eb1f0f3,tempest_reinforcements@65ddc55,tempest_reinforcements,65ddc55,hive,official,1,0,rating,b,b,0.0,core_destroyed,42,,344,80,4,6,10,80,10,13,ok,,3.281,n-62-12-6,29004097,2026-08-02T12:47:06+0200
6ae717e183e0ff7c,auto-10d581bed771,v233_c@9713344,v233_c,9713344,tempest_reinforcements@65ddc55,tempest_reinforcements,65ddc55,crossfire,official,1,0,rating,b,b,0.0,core_destroyed,48,,76,100,8,5,29,170,12,6,ok,,3.562,n-62-11-68,29004097,2026-08-02T12:49:02+0200
6af0bb205baea895,auto-10d581bed771,tempest_reinforcements@65ddc55,tempest_reinforcements,65ddc55,vg_v6@9713344,vg_v6,9713344,bridge,official,1,0,rating,a,a,1.0,titanium_collected,1000,,4974,8880,49,25,4447,2510,4,14,ok,,29.253,n-62-11-57,29004097,2026-08-02T12:48:45+0200
6afbf08f6b8d58da,auto-10d581bed771,tempest_reinforcements@65ddc55,tempest_reinforcements,65ddc55,casemate@902be71,casemate,902be71,sprint,official,1,0,rating,a,a,1.0,core_destroyed,40,,20,40,10,6,62,0,6,11,ok,,3.498,n-62-11-61,29004097,2026-08-02T12:47:26+0200
6b1eb0b4bf011d83,auto-10d581bed771,tempest_reinforcements@65ddc55,tempest_reinforcements,65ddc55,mistral_fast@26b5aa1,mistral_fast,26b5aa1,bridge,official,1,0,rating,a,a,1.0,core_destroyed,175,,136,1020,19,27,654,0,0,0,ok,,5.219,n-62-31-7,29004097,2026-08-02T12:46:45+0200
6b2ec18e58005a69,auto-10d581bed771,tempest_reinforcements@025dd51,tempest_reinforcements,025dd51,tempest_reinforcements@65ddc55,tempest_reinforcements,65ddc55,bridge,official,1,0,rating,b,b,0.0,core_destroyed,75,,13,0,12,7,17,0,9,7,ok,,5.407,n-62-21-23,29004097,2026-08-02T12:47:37+0200
6b30e08394769901,auto-10d581bed771,tempest_reinforcements@65ddc55,tempest_reinforcements,65ddc55,jonbot@9713344,jonbot,9713344,hive,official,1,0,rating,a,a,1.0,core_destroyed,47,,10,90,11,11,275,0,5,0,ok,,3.386,n-62-29-5,29004097,2026-08-02T12:46:25+0200
6b32d4b3a5898a3d,auto-10d581bed771,uw_v1@9713344,uw_v1,9713344,tempest_reinforcements@65ddc55,tempest_reinforcements,65ddc55,vault,official,1,0,rating,b,b,0.0,core_destroyed,60,,91,0,5,5,30,250,11,21,ok,,4.005,n-62-11-61,29004097,2026-08-02T12:47:34+0200
6b5a2a7ffffa6fde,auto-10d581bed771,tempest_reinforcements@65ddc55,tempest_reinforcements,65ddc55,autistimusprime@ecd4d24,autistimusprime,ecd4d24,crossfire,official,1,0,rating,a,a,1.0,core_destroyed,41,,10,90,10,6,98,0,7,0,ok,,4.272,n-62-31-24,29004097,2026-08-02T12:46:53+0200
6b5fb0160b14901f,auto-10d581bed771,tempest_reinforcements@65ddc55,tempest_reinforcements,65ddc55,e_final@9e77076,e_final,9e77076,sweden,official,1,0,rating,a,a,1.0,core_destroyed,83,,7,0,10,12,42,30,7,10,ok,,4.281,n-62-21-99,29004097,2026-08-02T12:47:11+0200
6b727f9d25cb2f81,auto-10d581bed771,casemate_oracle@902be71,casemate_oracle,902be71,tempest_reinforcements@65ddc55,tempest_reinforcements,65ddc55,string,official,1,0,rating,b,b,0.0,core_destroyed,97,,29,0,3,2,10,230,15,7,ok,,5.545,n-62-11-64,29004097,2026-08-02T12:46:19+0200
6b76f60968a090e6,auto-10d581bed771,tempest_reinforcements@65ddc55,tempest_reinforcements,65ddc55,v233_c@9713344,v233_c,9713344,atoll,official,1,0,rating,a,a,1.0,core_destroyed,51,,10,110,11,6,88,50,6,10,ok,,3.911,n-62-11-68,29004097,2026-08-02T12:48:04+0200
6b81f7a630b1a480,auto-10d581bed771,attack_wave_v1@9713344,attack_wave_v1,9713344,tempest_reinforcements@65ddc55,tempest_reinforcements,65ddc55,twins,official,1,0,rating,b,b,0.0,core_destroyed,41,,208,0,6,2,10,0,11,5,ok,,3.976,n-62-31-22,29004097,2026-08-02T12:47:28+0200
6b8a454c79f79fcf,auto-10d581bed771,tempest_reinforcements@65ddc55,tempest_reinforcements,65ddc55,vg_v5@9713344,vg_v5,9713344,fjord,official,1,0,rating,a,a,1.0,core_destroyed,40,,20,80,11,5,115,0,5,3,ok,,3.416,n-62-31-20,29004097,2026-08-02T12:49:31+0200
6b9f1b85f677de9a,auto-10d581bed771,tempest_reinforcements@65ddc55,tempest_reinforcements,65ddc55,autistimusprime@ecd4d24,autistimusprime,ecd4d24,string,official,1,0,rating,a,a,1.0,core_destroyed,49,,49,190,11,10,99,0,2,0,ok,,3.85,n-62-31-21,29004097,2026-08-02T12:47:07+0200
6ba9de957d6505ea,auto-10d581bed771,tempest_reinforcements@65ddc55,tempest_reinforcements,65ddc55,siege_v2@9713344,siege_v2,9713344,string,official,1,0,rating,a,a,1.0,core_destroyed,91,,114,620,16,16,377,0,3,0,ok,,3.824,n-62-11-52,29004097,2026-08-02T12:46:32+0200
6bc504519f79087e,auto-10d581bed771,e_t4l7@9e77076,e_t4l7,9e77076,tempest_reinforcements@65ddc55,tempest_reinforcements,65ddc55,twins,official,1,0,rating,a,a,1.0,titanium_collected,1000,,2617,2630,10,27,12,0,11,5,ok,,9.937,n-62-29-19,29004097,2026-08-02T12:46:48+0200
6bc923f338cd1644,auto-10d581bed771,tempest_reinforcements@65ddc55,tempest_reinforcements,65ddc55,v233_g@9713344,v233_g,9713344,sprint,official,1,0,rating,a,a,1.0,core_destroyed,31,,20,60,10,6,108,50,6,7,ok,,3.183,n-62-29-18,29004097,2026-08-02T12:47:53+0200
6c028e72e15834f1,auto-10d581bed771,tempest_reinforcements@65ddc55,tempest_reinforcements,65ddc55,casemate@902be71,casemate,902be71,longship,official,1,0,rating,a,a,1.0,core_destroyed,57,,10,120,11,12,54,0,5,18,ok,,4.602,n-62-11-61,29004097,2026-08-02T12:46:32+0200
6c3ef88d0ecf7b0c,auto-10d581bed771,tempest_reinforcements@65ddc55,tempest_reinforcements,65ddc55,jonbot@da3fd8a,jonbot,da3fd8a,crossfire,official,1,0,rating,b,b,0.0,core_destroyed,46,,33,100,6,5,56,100,8,12,ok,,4.741,n-62-29-33,29004097,2026-08-02T12:46:13+0200
6c41f602c31b2e25,auto-10d581bed771,vanguard@c407e79,vanguard,c407e79,tempest_reinforcements@65ddc55,tempest_reinforcements,65ddc55,aurora,official,1,0,rating,b,b,0.0,core_destroyed,73,,74,430,8,15,29,160,12,11,ok,,4.511,n-62-29-21,29004097,2026-08-02T12:48:13+0200
6c47dc9c77338080,auto-10d581bed771,tempest_reinforcements@65ddc55,tempest_reinforcements,65ddc55,e_t4l7@9e77076,e_t4l7,9e77076,pinch,official,1,0,rating,a,a,1.0,core_destroyed,54,,10,110,11,9,64,280,8,16,ok,,3.725,n-62-29-17,29004097,2026-08-02T12:46:27+0200
6cc1ff29a781ecea,auto-10d581bed771,tempest_reinforcements@65ddc55,tempest_reinforcements,65ddc55,jonbot_190003d@da3fd8a,jonbot_190003d,da3fd8a,hive,official,1,0,rating,a,a,1.0,core_destroyed,69,,10,150,11,11,187,0,7,11,ok,,5.232,n-62-29-32,29004097,2026-08-02T12:46:52+0200
6cc66841755c1e1c,auto-10d581bed771,tempest_reinforcements@65ddc55,tempest_reinforcements,65ddc55,titanium_v1@9713344,titanium_v1,9713344,twins,official,1,0,rating,a,a,1.0,core_destroyed,33,,10,60,10,9,316,0,3,3,ok,,3.499,n-62-21-60,29004097,2026-08-02T12:46:12+0200
6cc79c3571541822,auto-10d581bed771,tempest_reinforcements@65ddc55,tempest_reinforcements,65ddc55,vg_v6@9713344,vg_v6,9713344,twins,official,1,0,rating,a,a,1.0,core_destroyed,48,,20,100,10,9,93,100,3,10,ok,,3.568,n-62-11-58,29004097,2026-08-02T12:47:50+0200
6cd93dbd87aceb4a,auto-10d581bed771,tempest_reinforcements@65ddc55,tempest_reinforcements,65ddc55,vg_v7@9713344,vg_v7,9713344,crossfire,official,1,0,rating,a,a,1.0,core_destroyed,34,,10,120,11,9,73,0,10,6,ok,,3.707,n-62-11-58,29004097,2026-08-02T12:49:30+0200
6ce9e6c7845dc9e8,auto-10d581bed771,vanguard_oracle@fdc1e1f,vanguard_oracle,fdc1e1f,tempest_reinforcements@65ddc55,tempest_reinforcements,65ddc55,hive,official,1,0,rating,b,b,0.0,core_destroyed,56,,106,120,8,4,30,120,10,13,ok,,4.069,n-62-29-34,29004097,2026-08-02T12:48:06+0200
6cf235a3192cf26b,auto-10d581bed771,lockin@9713344,lockin,9713344,tempest_reinforcements@65ddc55,tempest_reinforcements,65ddc55,skerry,official,1,0,rating,b,b,0.0,core_destroyed,47,,47,200,12,7,39,180,12,9,ok,,7.125,n-62-30-24,29004097,2026-08-02T12:46:41+0200
6cf511d625446104,auto-10d581bed771,v233_b@9713344,v233_b,9713344,tempest_reinforcements@65ddc55,tempest_reinforcements,65ddc55,vault,official,1,0,rating,b,b,0.0,core_destroyed,69,,99,140,4,8,26,300,12,21,ok,,4.436,n-62-11-68,29004097,2026-08-02T12:48:00+0200
6d004171d9182f2e,auto-10d581bed771,tempest_reinforcements@65ddc55,tempest_reinforcements,65ddc55,tempest_sentinel@fdc1e1f,tempest_sentinel,fdc1e1f,strait,official,1,0,rating,a,a,1.0,core_destroyed,42,,10,80,11,11,334,80,4,8,ok,,3.2,n-62-21-56,29004097,2026-08-02T12:47:01+0200
6d0c7552c49f0180,auto-10d581bed771,tempest_reinforcements@65ddc55,tempest_reinforcements,65ddc55,undertow_oracle@fdc1e1f,undertow_oracle,fdc1e1f,hive,official,1,0,rating,b,b,0.0,core_destroyed,59,,7,120,12,10,78,290,10,27,ok,,3.987,n-62-31-21,29004097,2026-08-02T12:48:28+0200
6d35448b28c7396f,auto-10d581bed771,v233_i@902be71,v233_i,902be71,tempest_reinforcements@65ddc55,tempest_reinforcements,65ddc55,aurora,official,1,0,rating,b,b,0.0,core_destroyed,67,,104,360,10,15,29,150,12,11,ok,,4.931,n-62-29-20,29004097,2026-08-02T12:47:46+0200
6d3855125ecebc97,auto-10d581bed771,jonbot@da3fd8a,jonbot,da3fd8a,tempest_reinforcements@65ddc55,tempest_reinforcements,65ddc55,duel,official,1,0,rating,b,b,0.0,core_destroyed,35,,61,0,6,8,7,60,8,4,ok,,3.674,n-62-29-33,29004097,2026-08-02T12:46:26+0200
6d4ce774cc4624e1,auto-10d581bed771,uw_v1@9713344,uw_v1,9713344,tempest_reinforcements@65ddc55,tempest_reinforcements,65ddc55,crossfire,official,1,0,rating,b,b,0.0,core_destroyed,52,,101,0,6,4,30,200,10,14,ok,,3.41,n-62-31-23,29004097,2026-08-02T12:48:18+0200
6d6811bc61f06989,auto-10d581bed771,tempest_reinforcements@65ddc55,tempest_reinforcements,65ddc55,vg_v4@9713344,vg_v4,9713344,vase,official,1,0,rating,a,a,1.0,core_destroyed,46,,10,0,9,6,102,0,4,2,ok,,3.377,n-62-31-16,29004097,2026-08-02T12:49:31+0200
6d7074dbe492e8da,auto-10d581bed771,lockin@9713344,lockin,9713344,tempest_reinforcements@65ddc55,tempest_reinforcements,65ddc55,pinch,official,1,0,rating,b,b,0.0,core_destroyed,47,,143,0,7,1,10,0,10,4,ok,,5.281,n-62-30-23,29004097,2026-08-02T12:47:38+0200
6d7ddf5bf014edd1,auto-10d581bed771,tempest_reinforcements@87724ec,tempest_reinforcements,87724ec,tempest_reinforcements@65ddc55,tempest_reinforcements,65ddc55,strait,official,1,0,rating,b,b,0.0,core_destroyed,57,,45,0,11,3,10,0,11,5,ok,,13.667,n-62-12-65,29004097,2026-08-02T12:47:54+0200
6d8a132ebd7768b9,auto-10d581bed771,baiter@9713344,baiter,9713344,tempest_reinforcements@65ddc55,tempest_reinforcements,65ddc55,hive,official,1,0,rating,b,b,0.0,core_destroyed,61,,76,130,6,11,10,130,11,13,ok,,4.416,n-62-31-4,29004097,2026-08-02T12:48:07+0200
6db70164ab5e4a55,auto-10d581bed771,tempest_reinforcements@65ddc55,tempest_reinforcements,65ddc55,uw_v2@9713344,uw_v2,9713344,sprint,official,1,0,rating,a,a,1.0,core_destroyed,47,,10,60,10,7,111,110,6,7,ok,,2.926,n-62-11-62,29004097,2026-08-02T12:48:09+0200
6dc90fe6639ff197,auto-10d581bed771,e_post2@4a95297,e_post2,4a95297,tempest_reinforcements@65ddc55,tempest_reinforcements,65ddc55,runestone,official,1,0,rating,b,b,0.0,core_destroyed,62,,47,0,9,3,10,0,11,5,ok,,4.031,n-62-29-24,29004097,2026-08-02T12:46:42+0200
6dd41fbc8fa55f3b,auto-10d581bed771,mistral@ba943b9,mistral,ba943b9,tempest_reinforcements@65ddc55,tempest_reinforcements,65ddc55,twins,official,1,0,rating,b,b,0.0,core_destroyed,40,,152,0,9,0,20,0,11,5,ok,,4.862,n-62-31-17,29004097,2026-08-02T12:47:46+0200
6de87aab9c336f45,auto-10d581bed771,tempest_reinforcements@65ddc55,tempest_reinforcements,65ddc55,e9cand@9e77076,e9cand,9e77076,vase,official,1,0,rating,a,a,1.0,core_destroyed,126,,10,0,10,6,90,0,6,0,ok,,4.744,n-62-21-103,29004097,2026-08-02T12:47:31+0200
6e0c59a4c5c41aad,auto-10d581bed771,tempest_reinforcements@65ddc55,tempest_reinforcements,65ddc55,autistimusprime@ecd4d24,autistimusprime,ecd4d24,sweden,official,1,0,rating,a,a,1.0,core_destroyed,119,,33,160,11,14,104,210,10,13,ok,,4.392,n-62-31-21,29004097,2026-08-02T12:47:16+0200
6e2de541ae1329d5,auto-10d581bed771,mistral@ba943b9,mistral,ba943b9,tempest_reinforcements@65ddc55,tempest_reinforcements,65ddc55,runestone,official,1,0,rating,b,b,0.0,core_destroyed,32,,266,0,5,0,18,0,11,5,ok,,5.757,n-62-31-17,29004097,2026-08-02T12:46:35+0200
6e4a85c35a2cdcb2,auto-10d581bed771,e9cand@9e77076,e9cand,9e77076,tempest_reinforcements@65ddc55,tempest_reinforcements,65ddc55,atoll,official,1,0,rating,b,b,0.0,core_destroyed,58,,95,0,8,2,10,130,13,6,ok,,5.077,n-62-31-10,29004097,2026-08-02T12:47:50+0200
6e546293c818f17e,auto-10d581bed771,tempest_reinforcements@edf93ad,tempest_reinforcements,edf93ad,tempest_reinforcements@65ddc55,tempest_reinforcements,65ddc55,vault,official,1,0,rating,b,b,0.0,core_destroyed,62,,29,140,11,5,8,200,12,6,ok,,6.353,n-62-21-54,29004097,2026-08-02T12:46:22+0200
6ea1071d944166c4,auto-10d581bed771,e_final@9e77076,e_final,9e77076,tempest_reinforcements@65ddc55,tempest_reinforcements,65ddc55,bridge,official,1,0,rating,b,b,0.0,core_destroyed,345,,151,240,5,8,89,1710,25,25,ok,,8.565,n-62-21-98,29004097,2026-08-02T12:46:39+0200
6ebe23d47831b76e,auto-10d581bed771,tempest_reinforcements@65ddc55,tempest_reinforcements,65ddc55,tempest_reinforcements@e1dc316,tempest_reinforcements,e1dc316,atoll,official,1,0,rating,a,a,1.0,core_destroyed,39,,7,80,11,6,2,80,12,5,ok,,3.648,n-62-12-65,29004097,2026-08-02T12:48:53+0200
6ecd46aba2d28ba8,auto-10d581bed771,vg_v1@9713344,vg_v1,9713344,tempest_reinforcements@65ddc55,tempest_reinforcements,65ddc55,sweden,official,1,0,rating,b,b,0.0,core_destroyed,57,,72,0,8,3,10,0,11,6,ok,,3.78,n-62-31-14,29004097,2026-08-02T12:48:43+0200
6ed2d6f0d0d560dd,auto-10d581bed771,vg_v5@9713344,vg_v5,9713344,tempest_reinforcements@65ddc55,tempest_reinforcements,65ddc55,fjord,official,1,0,rating,b,b,0.0,core_destroyed,42,,84,170,3,8,10,90,11,5,ok,,3.657,n-62-31-20,29004097,2026-08-02T12:49:35+0200
6ef9738862eb0ce9,auto-10d581bed771,nemesis@9713344,nemesis,9713344,tempest_reinforcements@65ddc55,tempest_reinforcements,65ddc55,aurora,official,1,0,rating,b,b,0.0,core_destroyed,53,,69,110,4,13,10,110,11,11,ok,,4.338,n-62-31-13,29004097,2026-08-02T12:46:43+0200
6f20fbea97cd4363,auto-10d581bed771,tempest_outer@fdc1e1f,tempest_outer,fdc1e1f,tempest_reinforcements@65ddc55,tempest_reinforcements,65ddc55,longship,official,1,0,rating,b,b,0.0,core_destroyed,49,,195,100,7,9,9,100,10,13,ok,,4.223,n-62-21-13,29004097,2026-08-02T12:46:35+0200
6f2ac0b8ccf71d45,auto-10d581bed771,claude_challenger_1@fdc1e1f,claude_challenger_1,fdc1e1f,tempest_reinforcements@65ddc55,tempest_reinforcements,65ddc55,duel,official,1,0,rating,b,b,0.0,core_destroyed,30,,248,60,7,3,10,60,10,5,ok,,3.189,n-62-11-64,29004097,2026-08-02T12:48:29+0200
6f3865f160cf76dd,auto-10d581bed771,tempest_reinforcements@65ddc55,tempest_reinforcements,65ddc55,tempest_fast@eb1f0f3,tempest_fast,eb1f0f3,hive,official,1,0,rating,a,a,1.0,core_destroyed,71,,10,150,8,11,140,0,7,3,ok,,4.473,n-62-12-6,29004097,2026-08-02T12:47:02+0200
6f3f0d3314285266,auto-10d581bed771,tempest_reinforcements@65ddc55,tempest_reinforcements,65ddc55,vanguard@da3fd8a,vanguard,da3fd8a,string,official,1,0,rating,b,b,0.0,core_destroyed,96,,16,30,9,8,150,230,3,5,ok,,3.28,n-62-29-29,29004097,2026-08-02T12:48:51+0200
6f506e2ced29a5f5,auto-10d581bed771,tempest_reinforcements@65ddc55,tempest_reinforcements,65ddc55,frontier_v2@9713344,frontier_v2,9713344,pinch,official,1,0,rating,a,a,1.0,core_destroyed,24,,20,0,10,4,63,0,7,4,ok,,3.174,n-62-29-26,29004097,2026-08-02T12:46:42+0200
6f594ada1ce820c4,auto-10d581bed771,claude_challenger_2@fdc1e1f,claude_challenger_2,fdc1e1f,tempest_reinforcements@65ddc55,tempest_reinforcements,65ddc55,atoll,official,1,0,rating,b,b,0.0,core_destroyed,43,,107,90,9,4,10,90,12,6,ok,,6.238,n-62-11-66,29004097,2026-08-02T12:47:24+0200
6f61be8ddce834d6,auto-10d581bed771,tempest_reinforcements@65ddc55,tempest_reinforcements,65ddc55,opponent_luc@e83a42c,opponent_luc,e83a42c,strait,official,1,0,rating,a,a,1.0,core_destroyed,267,,40,2150,33,43,56,0,10,5,ok,,15.822,n-62-31-15,29004097,2026-08-02T12:47:50+0200
6f669d7bad3fb0fb,auto-10d581bed771,tempest_fast@eb1f0f3,tempest_fast,eb1f0f3,tempest_reinforcements@65ddc55,tempest_reinforcements,65ddc55,vault,official,1,0,rating,b,b,0.0,core_destroyed,54,,169,0,7,2,8,160,12,12,ok,,3.878,n-62-12-5,29004097,2026-08-02T12:46:16+0200
6f6eb0d9d2abd8be,auto-10d581bed771,tempest_reinforcements@e1dc316,tempest_reinforcements,e1dc316,tempest_reinforcements@65ddc55,tempest_reinforcements,65ddc55,duel,official,1,0,rating,b,b,0.0,core_destroyed,32,,16,70,12,4,26,70,9,5,ok,,4.253,n-62-12-64,29004097,2026-08-02T12:46:49+0200
6f6f9b9e49500fde,auto-10d581bed771,tempest_reinforcements@65ddc55,tempest_reinforcements,65ddc55,tempest_reinforcements@025dd51,tempest_reinforcements,025dd51,vase,official,1,0,rating,a,a,1.0,core_destroyed,90,,8,0,7,5,40,0,9,5,ok,,4.12,n-62-13-7,29004097,2026-08-02T12:47:05+0200
6f74e9319ad9281c,auto-10d581bed771,tempest_reinforcements@65ddc55,tempest_reinforcements,65ddc55,tempest_frontier@fdc1e1f,tempest_frontier,fdc1e1f,vase,official,1,0,rating,a,a,1.0,core_destroyed,28,,20,0,10,6,249,0,5,2,ok,,3.247,n-62-21-4,29004097,2026-08-02T12:46:21+0200
6f80e61b5d895037,auto-10d581bed771,vg_v2@9713344,vg_v2,9713344,tempest_reinforcements@65ddc55,tempest_reinforcements,65ddc55,vase,official,1,0,rating,b,b,0.0,core_destroyed,34,,409,0,3,3,10,0,11,6,ok,,2.869,n-62-31-5,29004097,2026-08-02T12:49:19+0200
6f883d729fd52e14,auto-10d581bed771,e_condc@6db8844,e_condc,6db8844,tempest_reinforcements@65ddc55,tempest_reinforcements,65ddc55,hive,official,1,0,rating,b,b,0.0,core_destroyed,58,,15,0,8,15,21,120,10,13,ok,,4.188,n-62-21-104,29004097,2026-08-02T12:47:08+0200
6f8c5fb6dbe90077,auto-10d581bed771,tempest_reinforcements@65ddc55,tempest_reinforcements,65ddc55,vanguard@c407e79,vanguard,c407e79,hive,official,1,0,rating,a,a,1.0,core_destroyed,59,,7,120,12,11,57,120,13,12,ok,,4.307,n-62-29-21,29004097,2026-08-02T12:48:49+0200
6ff6922d44b92753,auto-10d581bed771,tempest_reinforcements@65ddc55,tempest_reinforcements,65ddc55,frontier_v1@9713344,frontier_v1,9713344,duel,official,1,0,rating,a,a,1.0,core_destroyed,39,,10,90,11,5,89,0,8,3,ok,,3.368,n-62-29-19,29004097,2026-08-02T12:47:59+0200
7008ce3c09fc89e2,auto-10d581bed771,tempest_reinforcements@65ddc55,tempest_reinforcements,65ddc55,mistral@ba943b9,mistral,ba943b9,crossfire,official,1,0,rating,b,b,0.0,core_destroyed,32,,16,60,10,5,112,0,7,1,ok,,5.014,n-62-31-14,29004097,2026-08-02T12:46:53+0200
70544a33108de782,auto-10d581bed771,v233_a@9713344,v233_a,9713344,tempest_reinforcements@65ddc55,tempest_reinforcements,65ddc55,hive,official,1,0,rating,b,b,0.0,core_destroyed,57,,113,120,7,11,10,120,11,13,ok,,3.748,n-62-11-63,29004097,2026-08-02T12:49:22+0200
7058fae800514321,auto-10d581bed771,vanguard@9932bec,vanguard,9932bec,tempest_reinforcements@65ddc55,tempest_reinforcements,65ddc55,sweden,official,1,0,rating,b,b,0.0,core_destroyed,50,,111,210,6,24,10,0,10,6,ok,,2.975,n-62-29-15,29004097,2026-08-02T12:49:12+0200
705a7a3fe0410ee3,auto-10d581bed771,tempest_reinforcements@65ddc55,tempest_reinforcements,65ddc55,vanguard_oracle@75591b7,vanguard_oracle,75591b7,longship,official,1,0,rating,a,a,1.0,core_destroyed,54,,10,110,11,12,127,220,8,8,ok,,3.961,n-62-29-30,29004097,2026-08-02T12:48:09+0200
707fc8b438057140,auto-10d581bed771,tempest_reinforcements@65ddc55,tempest_reinforcements,65ddc55,tempest_oracle_ferry@fdc1e1f,tempest_oracle_ferry,fdc1e1f,fjord,official,1,0,rating,a,a,1.0,core_destroyed,26,,10,50,10,5,190,50,7,4,ok,,3.763,n-62-21-4,29004097,2026-08-02T12:47:23+0200
70add2f9a74be427,auto-10d581bed771,tempest_reinforcements@65ddc55,tempest_reinforcements,65ddc55,v233_c@9713344,v233_c,9713344,hive,official,1,0,rating,a,a,1.0,core_destroyed,53,,10,110,11,11,81,0,4,8,ok,,4.132,n-62-21-92,29004097,2026-08-02T12:47:35+0200
70b1035c434e6687,auto-10d581bed771,tempest_reinforcements@65ddc55,tempest_reinforcements,65ddc55,claude_challenger_1@fdc1e1f,claude_challenger_1,fdc1e1f,string,official,1,0,rating,a,a,1.0,core_destroyed,28,,30,70,9,10,570,0,0,0,ok,,2.433,n-62-11-66,29004097,2026-08-02T12:46:25+0200
70e0c6cdc4e148ff,auto-10d581bed771,tempest_reinforcements@65ddc55,tempest_reinforcements,65ddc55,claude_challenger_1@fdc1e1f,claude_challenger_1,fdc1e1f,aurora,official,1,0,rating,a,a,1.0,core_destroyed,40,,30,80,11,8,14,0,12,2,ok,,6.07,n-62-11-64,29004097,2026-08-02T12:48:01+0200
70e54e3cb0207732,auto-10d581bed771,lockin@9713344,lockin,9713344,tempest_reinforcements@65ddc55,tempest_reinforcements,65ddc55,bridge,official,1,0,rating,b,b,0.0,core_destroyed,42,,600,0,0,0,10,0,10,8,ok,,2.391,n-62-30-23,29004097,2026-08-02T12:46:28+0200
7109e5de05d1bfe2,auto-10d581bed771,lockin@9713344,lockin,9713344,tempest_reinforcements@65ddc55,tempest_reinforcements,65ddc55,sprint,official,1,0,rating,b,b,0.0,core_destroyed,29,,285,0,6,0,20,50,9,7,ok,,4.029,n-62-30-24,29004097,2026-08-02T12:46:49+0200
71272141e5de2b4f,auto-10d581bed771,frontier_v2@9713344,frontier_v2,9713344,tempest_reinforcements@65ddc55,tempest_reinforcements,65ddc55,fjord,official,1,0,rating,b,b,0.0,core_destroyed,29,,127,0,7,3,10,60,11,5,ok,,3.373,n-62-29-26,29004097,2026-08-02T12:46:15+0200
719788b034d969c3,auto-10d581bed771,v233_i@902be71,v233_i,902be71,tempest_reinforcements@65ddc55,tempest_reinforcements,65ddc55,string,official,1,0,rating,a,a,1.0,core_destroyed,65,,103,110,4,4,22,140,16,6,ok,,4.191,n-62-29-24,29004097,2026-08-02T12:48:28+0200
719e808cce0050c1,auto-10d581bed771,vanguard@9932bec,vanguard,9932bec,tempest_reinforcements@65ddc55,tempest_reinforcements,65ddc55,bridge,official,1,0,rating,b,b,0.0,core_destroyed,40,,105,40,8,8,20,0,11,8,ok,,3.601,n-62-29-33,29004097,2026-08-02T12:48:17+0200
71d1bbd179a9a7d7,auto-10d581bed771,v233_i@902be71,v233_i,902be71,tempest_reinforcements@65ddc55,tempest_reinforcements,65ddc55,showdown,official,1,0,rating,b,b,0.0,core_destroyed,27,,96,0,7,2,10,0,10,8,ok,,3.229,n-62-29-24,29004097,2026-08-02T12:47:51+0200
720449c0f2f87e81,auto-10d581bed771,v233_d@9713344,v233_d,9713344,tempest_reinforcements@65ddc55,tempest_reinforcements,65ddc55,pinch,official,1,0,rating,b,b,0.0,core_destroyed,25,,55,0,6,6,10,40,10,8,ok,,3.642,n-62-31-10,29004097,2026-08-02T12:48:17+0200
721553cbd12a3537,auto-10d581bed771,tempest_reinforcements@65ddc55,tempest_reinforcements,65ddc55,vanguard@da3fd8a,vanguard,da3fd8a,vase,official,1,0,rating,b,b,0.0,core_destroyed,41,,12,0,10,4,59,0,8,5,ok,,3.211,n-62-29-5,29004097,2026-08-02T12:48:01+0200
721fe53276676451,auto-10d581bed771,tempest_reinforcements@65ddc55,tempest_reinforcements,65ddc55,siege_v2@9713344,siege_v2,9713344,vault,official,1,0,rating,a,a,1.0,core_destroyed,45,,14,100,11,6,265,0,4,2,ok,,3.199,n-62-11-52,29004097,2026-08-02T12:47:04+0200
723be594efb296dc,auto-10d581bed771,casemate_oracle@902be71,casemate_oracle,902be71,tempest_reinforcements@65ddc55,tempest_reinforcements,65ddc55,crossfire,official,1,0,rating,b,b,0.0,core_destroyed,44,,238,0,5,5,30,100,11,6,ok,,3.258,n-62-11-62,29004097,2026-08-02T12:48:22+0200
723dd175299af8f4,auto-10d581bed771,tempest_reinforcements@65ddc55,tempest_reinforcements,65ddc55,vg_v5@9713344,vg_v5,9713344,twins,official,1,0,rating,a,a,1.0,core_destroyed,48,,20,100,10,9,93,100,3,10,ok,,3.31,n-62-31-15,29004097,2026-08-02T12:49:30+0200
725350d9052bc8b6,auto-10d581bed771,tempest_reinforcements@65ddc55,tempest_reinforcements,65ddc55,autistimusprime@ecd4d24,autistimusprime,ecd4d24,atoll,official,1,0,rating,a,a,1.0,core_destroyed,42,,10,90,11,6,19,0,7,9,ok,,4.37,n-62-31-24,29004097,2026-08-02T12:46:21+0200
7257272cfd178659,auto-10d581bed771,siege_v1@9713344,siege_v1,9713344,tempest_reinforcements@65ddc55,tempest_reinforcements,65ddc55,jackpot,official,1,0,rating,b,b,0.0,core_destroyed,43,,252,0,5,2,10,90,12,7,ok,,3.257,n-62-11-59,29004097,2026-08-02T12:46:36+0200
72a335dd67b813b8,auto-10d581bed771,tempest_reinforcements@65ddc55,tempest_reinforcements,65ddc55,casemate@902be71,casemate,902be71,runestone,official,1,0,rating,a,a,1.0,core_destroyed,61,,10,0,11,5,22,0,8,13,ok,,4.975,n-62-11-61,29004097,2026-08-02T12:47:00+0200
72a7b6d12d7fd883,auto-10d581bed771,tempest_reinforcements@65ddc55,tempest_reinforcements,65ddc55,v233_f@9713344,v233_f,9713344,pinch,official,1,0,rating,a,a,1.0,core_destroyed,29,,8,50,10,9,106,0,2,4,ok,,3.137,n-62-21-97,29004097,2026-08-02T12:48:27+0200
72c060dc7d673cd1,auto-10d581bed771,vanguard_oracle@fdc1e1f,vanguard_oracle,fdc1e1f,tempest_reinforcements@65ddc55,tempest_reinforcements,65ddc55,atoll,official,1,0,rating,a,a,1.0,core_destroyed,34,,60,140,10,7,8,70,11,5,ok,,3.95,n-62-28-29,29004097,2026-08-02T12:48:42+0200
72d64af97ce21d2e,auto-10d581bed771,undertow_oracle@75591b7,undertow_oracle,75591b7,tempest_reinforcements@65ddc55,tempest_reinforcements,65ddc55,sprint,official,1,0,rating,b,b,0.0,core_destroyed,51,,47,0,9,9,18,110,10,7,ok,,4.376,n-62-31-24,29004097,2026-08-02T12:47:50+0200
72ede1812764aea8,auto-10d581bed771,tempest@da3fd8a,tempest,da3fd8a,tempest_reinforcements@65ddc55,tempest_reinforcements,65ddc55,aurora,official,1,0,rating,b,b,0.0,core_destroyed,46,,100,0,11,3,10,90,9,11,ok,,6.28,n-62-11-52,29004097,2026-08-02T12:47:30+0200
730abf28d584dd4c,auto-10d581bed771,tempest_reinforcements@65ddc55,tempest_reinforcements,65ddc55,tempest_reinforcements@51ad530,tempest_reinforcements,51ad530,hive,official,1,0,rating,a,a,1.0,core_destroyed,51,,10,100,11,7,19,100,9,6,ok,,5.023,n-62-13-6,29004097,2026-08-02T12:46:41+0200
730f274aa6a0e319,auto-10d581bed771,tempest@da3fd8a,tempest,da3fd8a,tempest_reinforcements@65ddc55,tempest_reinforcements,65ddc55,fjord,official,1,0,rating,b,b,0.0,core_destroyed,28,,192,0,7,2,30,60,9,5,ok,,4.918,n-62-11-56,29004097,2026-08-02T12:46:48+0200
731d2115a2cb8eac,auto-10d581bed771,mistral_fast@26b5aa1,mistral_fast,26b5aa1,tempest_reinforcements@65ddc55,tempest_reinforcements,65ddc55,skerry,official,1,0,rating,b,b,0.0,core_destroyed,34,,304,0,4,0,20,80,11,5,ok,,3.555,n-62-31-18,29004097,2026-08-02T12:46:50+0200
7358e1cba5084480,auto-10d581bed771,claude_challenger_2@fdc1e1f,claude_challenger_2,fdc1e1f,tempest_reinforcements@65ddc55,tempest_reinforcements,65ddc55,hive,official,1,0,rating,b,b,0.0,core_destroyed,45,,22,0,11,2,13,90,10,13,ok,,6.531,n-62-11-68,29004097,2026-08-02T12:46:43+0200
73710c6feea7df68,auto-10d581bed771,tempest_reinforcements@65ddc55,tempest_reinforcements,65ddc55,tempest_picket@fdc1e1f,tempest_picket,fdc1e1f,fjord,official,1,0,rating,a,a,1.0,core_destroyed,27,,10,50,11,5,233,50,5,4,ok,,4.076,n-62-21-15,29004097,2026-08-02T12:46:12+0200
737498dc2a41e035,auto-10d581bed771,jonbot@9713344,jonbot,9713344,tempest_reinforcements@65ddc55,tempest_reinforcements,65ddc55,showdown,official,1,0,rating,b,b,0.0,core_destroyed,25,,233,0,3,0,10,0,10,8,ok,,2.773,n-62-29-5,29004097,2026-08-02T12:47:09+0200
73784ca319f8c523,auto-10d581bed771,v233_f@9713344,v233_f,9713344,tempest_reinforcements@65ddc55,tempest_reinforcements,65ddc55,string,official,1,0,rating,b,b,0.0,core_destroyed,287,,1872,1980,4,5,108,710,19,7,ok,,9.357,n-62-21-98,29004097,2026-08-02T12:48:59+0200
7394b03e9d34756c,auto-10d581bed771,uw_v2@9713344,uw_v2,9713344,tempest_reinforcements@65ddc55,tempest_reinforcements,65ddc55,quarry,official,1,0,rating,b,b,0.0,core_destroyed,80,,89,300,11,15,20,0,12,6,ok,,4.334,n-62-11-62,29004097,2026-08-02T12:47:41+0200
73a75c4efd382765,auto-10d581bed771,jonbot@da3fd8a,jonbot,da3fd8a,tempest_reinforcements@65ddc55,tempest_reinforcements,65ddc55,crossfire,official,1,0,rating,b,b,0.0,core_destroyed,37,,93,0,7,9,9,80,9,6,ok,,4.104,n-62-29-33,29004097,2026-08-02T12:46:17+0200
73caa000d33abf52,auto-10d581bed771,tempest_reinforcements@65ddc55,tempest_reinforcements,65ddc55,undertow@fdc1e1f,undertow,fdc1e1f,hive,official,1,0,rating,a,a,1.0,core_destroyed,52,,26,110,11,11,10,130,11,17,ok,,4.706,n-62-21-67,29004097,2026-08-02T12:46:30+0200
73de32ce38920851,auto-10d581bed771,vg_v3@9713344,vg_v3,9713344,tempest_reinforcements@65ddc55,tempest_reinforcements,65ddc55,jackpot,official,1,0,rating,b,b,0.0,core_destroyed,62,,86,0,4,1,26,220,11,17,ok,,3.737,n-62-31-7,29004097,2026-08-02T12:49:13+0200
73f45b55e4697dc0,auto-10d581bed771,tempest_reinforcements@65ddc55,tempest_reinforcements,65ddc55,v233_i@902be71,v233_i,902be71,string,official,1,0,rating,a,a,1.0,core_destroyed,97,,46,600,19,11,113,70,3,0,ok,,5.099,n-62-29-24,29004097,2026-08-02T12:48:23+0200
740c3ff4c02db794,auto-10d581bed771,v233_i@902be71,v233_i,902be71,tempest_reinforcements@65ddc55,tempest_reinforcements,65ddc55,pinch,official,1,0,rating,b,b,0.0,core_destroyed,27,,71,0,4,3,20,50,10,8,ok,,2.877,n-62-29-20,29004097,2026-08-02T12:48:51+0200
74180fc17044112d,auto-10d581bed771,vanguard@c407e79,vanguard,c407e79,tempest_reinforcements@65ddc55,tempest_reinforcements,65ddc55,fjord,official,1,0,rating,b,b,0.0,core_destroyed,33,,62,70,7,6,10,70,11,5,ok,,3.458,n-62-29-21,29004097,2026-08-02T12:48:44+0200
7420cd2cb428c2a2,auto-10d581bed771,tempest_reinforcements@65ddc55,tempest_reinforcements,65ddc55,tempest_outer@fdc1e1f,tempest_outer,fdc1e1f,aurora,official,1,0,rating,a,a,1.0,core_destroyed,43,,10,80,10,8,292,80,5,7,ok,,3.721,n-62-21-12,29004097,2026-08-02T12:47:01+0200
7422a217d035414c,auto-10d581bed771,tempest_reinforcements@65ddc55,tempest_reinforcements,65ddc55,tempest_oracle_ferry@fdc1e1f,tempest_oracle_ferry,fdc1e1f,vase,official,1,0,rating,a,a,1.0,core_destroyed,46,,8,0,10,6,257,70,5,6,ok,,3.369,n-62-21-12,29004097,2026-08-02T12:46:34+0200
742abb9d3dd832a0,auto-10d581bed771,tempest_reinforcements@65ddc55,tempest_reinforcements,65ddc55,turtle@9713344,turtle,9713344,bridge,official,1,0,rating,a,a,1.0,core_destroyed,460,,202,2420,34,24,2366,2160,4,10,ok,,12.554,n-62-21-60,29004097,2026-08-02T12:47:03+0200
743b00b7b9e3d869,auto-10d581bed771,tempest_reinforcements@65ddc55,tempest_reinforcements,65ddc55,vg_v4@9713344,vg_v4,9713344,atoll,official,1,0,rating,a,a,1.0,core_destroyed,49,,10,110,11,6,120,0,6,7,ok,,3.894,n-62-31-13,29004097,2026-08-02T12:47:48+0200
743de697168df68d,auto-10d581bed771,v233_e@9713344,v233_e,9713344,tempest_reinforcements@65ddc55,tempest_reinforcements,65ddc55,strait,official,1,0,rating,a,a,1.0,core_destroyed,129,,339,1020,13,43,20,340,17,19,ok,,7.541,n-62-21-104,29004097,2026-08-02T12:47:52+0200
7447577560673b87,auto-10d581bed771,tempest_reinforcements@65ddc55,tempest_reinforcements,65ddc55,vanguard@c407e79,vanguard,c407e79,jackpot,official,1,0,rating,a,a,1.0,core_destroyed,165,,65,690,20,23,306,670,3,5,ok,,6.556,n-62-29-21,29004097,2026-08-02T12:49:00+0200
745f57cb6e9a62d2,auto-10d581bed771,opponent_luc@e83a42c,opponent_luc,e83a42c,tempest_reinforcements@65ddc55,tempest_reinforcements,65ddc55,fjord,official,1,0,rating,b,b,0.0,core_destroyed,25,,103,80,9,6,10,50,11,5,ok,,4.86,n-62-31-20,29004097,2026-08-02T12:47:35+0200
748c68616ed707a7,auto-10d581bed771,attack_wave_v1@9713344,attack_wave_v1,9713344,tempest_reinforcements@65ddc55,tempest_reinforcements,65ddc55,skerry,official,1,0,rating,b,b,0.0,core_destroyed,34,,146,0,6,4,20,80,11,5,ok,,3.814,n-62-31-22,29004097,2026-08-02T12:46:40+0200
748ff3a01feae8a5,auto-10d581bed771,tempest_sentinel@fdc1e1f,tempest_sentinel,fdc1e1f,tempest_reinforcements@65ddc55,tempest_reinforcements,65ddc55,skerry,official,1,0,rating,b,b,0.0,core_destroyed,38,,231,0,6,2,20,90,9,5,ok,,3.904,n-62-21-56,29004097,2026-08-02T12:46:49+0200
7495bfdd909d4713,auto-10d581bed771,tempest_reinforcements@65ddc55,tempest_reinforcements,65ddc55,casemate_oracle@902be71,casemate_oracle,902be71,strait,official,1,0,rating,a,a,1.0,core_destroyed,67,,10,140,11,11,209,0,5,5,ok,,4.909,n-62-11-63,29004097,2026-08-02T12:48:09+0200
749f2978bd5c10e3,auto-10d581bed771,tempest_reinforcements@65ddc55,tempest_reinforcements,65ddc55,tempest_sentinel@fdc1e1f,tempest_sentinel,fdc1e1f,string,official,1,0,rating,a,a,1.0,core_destroyed,79,,10,20,6,9,46,180,5,4,ok,,3.84,n-62-21-56,29004097,2026-08-02T12:47:09+0200
74b12cda69290326,auto-10d581bed771,tempest_oracle_ferry@fdc1e1f,tempest_oracle_ferry,fdc1e1f,tempest_reinforcements@65ddc55,tempest_reinforcements,65ddc55,vase,official,1,0,rating,b,b,0.0,core_destroyed,59,,226,0,5,5,7,0,9,5,ok,,3.475,n-62-21-12,29004097,2026-08-02T12:46:37+0200
74fa6beb747aa52e,auto-10d581bed771,tempest_sentinel@fdc1e1f,tempest_sentinel,fdc1e1f,tempest_reinforcements@65ddc55,tempest_reinforcements,65ddc55,vase,official,1,0,rating,b,b,0.0,core_destroyed,27,,60,0,7,5,8,0,10,6,ok,,3.393,n-62-21-57,29004097,2026-08-02T12:46:16+0200
750d58f0891849c4,auto-10d581bed771,tempest_reinforcements@65ddc55,tempest_reinforcements,65ddc55,tempest@da3fd8a,tempest,da3fd8a,runestone,official,1,0,rating,b,b,0.0,core_destroyed,38,,10,0,10,4,59,0,10,5,ok,,6.086,n-62-11-56,29004097,2026-08-02T12:47:51+0200
750e4686fbc55050,auto-10d581bed771,tempest_reinforcements@65ddc55,tempest_reinforcements,65ddc55,vanguard@c407e79,vanguard,c407e79,vase,official,1,0,rating,a,a,1.0,core_destroyed,68,,16,0,10,4,10,0,9,5,ok,,4.567,n-62-29-26,29004097,2026-08-02T12:47:51+0200
75213090a9027006,auto-10d581bed771,tempest_reinforcements@65ddc55,tempest_reinforcements,65ddc55,jonbot_190003d@da3fd8a,jonbot_190003d,da3fd8a,quarry,official,1,0,rating,a,a,1.0,core_destroyed,45,,11,70,11,8,256,130,5,19,ok,,3.536,n-62-29-32,29004097,2026-08-02T12:47:29+0200
75436a1526b3020c,auto-10d581bed771,tempest_reinforcements@65ddc55,tempest_reinforcements,65ddc55,undertow@9713344,undertow,9713344,bridge,official,1,0,rating,a,a,1.0,core_destroyed,207,,43,1330,23,24,316,440,7,8,ok,,8.584,n-62-21-62,29004097,2026-08-02T12:47:51+0200
7578fb4f4e405e96,auto-10d581bed771,e_final@9e77076,e_final,9e77076,tempest_reinforcements@65ddc55,tempest_reinforcements,65ddc55,vault,official,1,0,rating,a,a,1.0,core_destroyed,64,,38,0,11,2,18,260,13,16,ok,,4.827,n-62-28-29,29004097,2026-08-02T12:46:17+0200
7581a0db6e4b6ae0,auto-10d581bed771,tempest_reinforcements@65ddc55,tempest_reinforcements,65ddc55,titanium_v1@9713344,titanium_v1,9713344,string,official,1,0,rating,a,a,1.0,core_destroyed,42,,22,180,10,15,377,0,1,1,ok,,2.831,n-62-21-59,29004097,2026-08-02T12:47:04+0200
7589312308146b64,auto-10d581bed771,tempest_reinforcements@65ddc55,tempest_reinforcements,65ddc55,undertow_oracle@75591b7,undertow_oracle,75591b7,crossfire,official,1,0,rating,a,a,1.0,core_destroyed,42,,8,90,10,6,103,80,5,5,ok,,4.473,n-62-31-22,29004097,2026-08-02T12:48:08+0200
7590e750ba350841,auto-10d581bed771,opponent_luc@e83a42c,opponent_luc,e83a42c,tempest_reinforcements@65ddc55,tempest_reinforcements,65ddc55,jackpot,official,1,0,rating,b,b,0.0,core_destroyed,37,,590,0,0,0,20,80,11,7,ok,,2.568,n-62-31-15,29004097,2026-08-02T12:46:14+0200
7591ca799918e1ed,auto-10d581bed771,e_t4l7@9e77076,e_t4l7,9e77076,tempest_reinforcements@65ddc55,tempest_reinforcements,65ddc55,vault,official,1,0,rating,b,b,0.0,core_destroyed,74,,116,320,7,9,0,320,12,21,ok,,4.445,n-62-29-19,29004097,2026-08-02T12:47:04+0200
75a75155e8e1e35e,auto-10d581bed771,frontier_v1@9713344,frontier_v1,9713344,tempest_reinforcements@65ddc55,tempest_reinforcements,65ddc55,quarry,official,1,0,rating,b,b,0.0,core_destroyed,54,,18,0,11,2,13,10,11,7,ok,,4.278,n-62-29-21,29004097,2026-08-02T12:46:49+0200
75d95feea1ddd02f,auto-10d581bed771,attack_wave_v1@9713344,attack_wave_v1,9713344,tempest_reinforcements@65ddc55,tempest_reinforcements,65ddc55,pinch,official,1,0,rating,b,b,0.0,core_destroyed,21,,107,0,6,4,10,30,10,8,ok,,3.305,n-62-31-5,29004097,2026-08-02T12:47:29+0200
75e84c4ac1469a4d,auto-10d581bed771,tempest_reinforcements@65ddc55,tempest_reinforcements,65ddc55,tempest_outer@fdc1e1f,tempest_outer,fdc1e1f,hive,official,1,0,rating,b,b,0.0,core_destroyed,58,,7,120,9,10,20,0,12,4,ok,,5.667,n-62-21-13,29004097,2026-08-02T12:46:14+0200
75ef5c43bcd6fc3c,auto-10d581bed771,e_harc@6db8844,e_harc,6db8844,tempest_reinforcements@65ddc55,tempest_reinforcements,65ddc55,hive,official,1,0,rating,b,b,0.0,core_destroyed,71,,1,0,8,21,15,150,12,13,ok,,4.221,n-62-28-29,29004097,2026-08-02T12:47:20+0200
75f1c9336db083da,auto-10d581bed771,tempest_reinforcements@65ddc55,tempest_reinforcements,65ddc55,undertow@9713344,undertow,9713344,string,official,1,0,rating,a,a,1.0,core_destroyed,109,,39,680,18,15,80,130,4,7,ok,,6.119,n-62-21-64,29004097,2026-08-02T12:46:15+0200
75f67903de50c914,auto-10d581bed771,vanguard_oracle@75591b7,vanguard_oracle,75591b7,tempest_reinforcements@65ddc55,tempest_reinforcements,65ddc55,sweden,official,1,0,rating,b,b,0.0,core_destroyed,56,,127,80,8,11,20,0,11,6,ok,,4.345,n-62-29-16,29004097,2026-08-02T12:48:02+0200
761a1b7cef12ab96,auto-10d581bed771,tempest_reinforcements@65ddc55,tempest_reinforcements,65ddc55,vanguard@9932bec,vanguard,9932bec,quarry,official,1,0,rating,a,a,1.0,core_destroyed,47,,7,70,11,8,88,260,11,17,ok,,4.371,n-62-29-15,29004097,2026-08-02T12:47:49+0200
762ba9ee5a67bbd5,auto-10d581bed771,tempest_reinforcements@65ddc55,tempest_reinforcements,65ddc55,v233_e@9713344,v233_e,9713344,pinch,official,1,0,rating,a,a,1.0,core_destroyed,29,,10,50,10,9,102,0,2,5,ok,,3.088,n-62-21-103,29004097,2026-08-02T12:48:45+0200
7637f5d950613280,auto-10d581bed771,undertow_oracle@fdc1e1f,undertow_oracle,fdc1e1f,tempest_reinforcements@65ddc55,tempest_reinforcements,65ddc55,runestone,official,1,0,rating,b,b,0.0,core_destroyed,58,,20,280,13,26,10,110,11,15,ok,,5.271,n-62-31-4,29004097,2026-08-02T12:47:34+0200
765e9a1921a3c856,auto-10d581bed771,claude_challenger_2@fdc1e1f,claude_challenger_2,fdc1e1f,tempest_reinforcements@65ddc55,tempest_reinforcements,65ddc55,quarry,official,1,0,rating,b,b,0.0,core_destroyed,54,,31,0,12,4,10,0,11,6,ok,,6.341,n-62-11-68,29004097,2026-08-02T12:47:26+0200
7664ba0ebebf1b90,auto-10d581bed771,jonbot_190003d@da3fd8a,jonbot_190003d,da3fd8a,tempest_reinforcements@65ddc55,tempest_reinforcements,65ddc55,fjord,official,1,0,rating,b,b,0.0,core_destroyed,30,,141,0,8,3,10,60,9,5,ok,,4.386,n-62-29-32,29004097,2026-08-02T12:46:46+0200
768bd62f2da4cc32,auto-10d581bed771,v233_b@9713344,v233_b,9713344,tempest_reinforcements@65ddc55,tempest_reinforcements,65ddc55,string,official,1,0,rating,b,b,0.0,core_destroyed,71,,241,0,3,2,40,470,13,16,ok,,3.598,n-62-11-66,29004097,2026-08-02T12:49:12+0200
76c38df3b99f3ad0,auto-10d581bed771,e_t4l7@9e77076,e_t4l7,9e77076,tempest_reinforcements@65ddc55,tempest_reinforcements,65ddc55,showdown,official,1,0,rating,b,b,0.0,core_destroyed,63,,3,0,4,13,10,0,10,8,ok,,3.482,n-62-29-17,29004097,2026-08-02T12:47:05+0200
76e55808bfbb2410,auto-10d581bed771,v233_g@9713344,v233_g,9713344,tempest_reinforcements@65ddc55,tempest_reinforcements,65ddc55,bridge,official,1,0,rating,b,b,0.0,core_destroyed,49,,108,50,8,8,10,0,11,8,ok,,3.667,n-62-21-99,29004097,2026-08-02T12:47:43+0200
76e58064c6e2f623,auto-10d581bed771,uw_v1@9713344,uw_v1,9713344,tempest_reinforcements@65ddc55,tempest_reinforcements,65ddc55,string,official,1,0,rating,b,b,0.0,core_destroyed,79,,89,50,1,3,21,190,14,7,ok,,4.178,n-62-11-60,29004097,2026-08-02T12:48:19+0200
770d2deeda7c81b3,auto-10d581bed771,tempest_picket@fdc1e1f,tempest_picket,fdc1e1f,tempest_reinforcements@65ddc55,tempest_reinforcements,65ddc55,twins,official,1,0,rating,a,a,1.0,core_destroyed,42,,58,0,11,4,10,0,9,4,ok,,4.84,n-62-21-23,29004097,2026-08-02T12:46:46+0200
771989d0dad01769,auto-10d581bed771,tempest_oracle_ferry@fdc1e1f,tempest_oracle_ferry,fdc1e1f,tempest_reinforcements@65ddc55,tempest_reinforcements,65ddc55,duel,official,1,0,rating,a,a,1.0,core_destroyed,23,,57,0,10,2,9,40,9,4,ok,,3.95,n-62-21-4,29004097,2026-08-02T12:47:19+0200
771f66348f5e6ae9,auto-10d581bed771,e_condc@6db8844,e_condc,6db8844,tempest_reinforcements@65ddc55,tempest_reinforcements,65ddc55,duel,official,1,0,rating,b,b,0.0,core_destroyed,79,,100,340,6,11,10,180,10,5,ok,,4.145,n-62-21-104,29004097,2026-08-02T12:46:50+0200
772646595c257d57,auto-10d581bed771,tempest_reinforcements@65ddc55,tempest_reinforcements,65ddc55,v233_a@9713344,v233_a,9713344,sprint,official,1,0,rating,a,a,1.0,core_destroyed,28,,20,50,10,7,88,70,3,6,ok,,2.493,n-62-11-64,29004097,2026-08-02T12:48:12+0200
7729075e98e441b9,auto-10d581bed771,tempest_reinforcements@65ddc55,tempest_reinforcements,65ddc55,baiter@9713344,baiter,9713344,runestone,official,1,0,rating,a,a,1.0,core_destroyed,50,,10,0,11,5,115,0,7,8,ok,,5.196,n-62-31-23,29004097,2026-08-02T12:46:46+0200
7735e0e441bc51a4,auto-10d581bed771,tempest_reinforcements@e1dc316,tempest_reinforcements,e1dc316,tempest_reinforcements@65ddc55,tempest_reinforcements,65ddc55,fjord,official,1,0,rating,a,a,1.0,core_destroyed,27,,10,50,11,5,7,50,11,4,ok,,4.286,n-62-12-64,29004097,2026-08-02T12:46:58+0200
773aa1c1f65479da,auto-10d581bed771,tempest_reinforcements@e1dc316,tempest_reinforcements,e1dc316,tempest_reinforcements@65ddc55,tempest_reinforcements,65ddc55,quarry,official,1,0,rating,a,a,1.0,core_destroyed,48,,25,80,13,8,16,0,10,5,ok,,4.94,n-62-12-64,29004097,2026-08-02T12:47:48+0200
773ab0671924b430,auto-10d581bed771,uw_v1@9713344,uw_v1,9713344,tempest_reinforcements@65ddc55,tempest_reinforcements,65ddc55,skerry,official,1,0,rating,b,b,0.0,core_destroyed,69,,91,0,6,5,10,280,14,9,ok,,4.166,n-62-11-60,29004097,2026-08-02T12:47:55+0200
776d2cff4d756e2a,auto-10d581bed771,tempest_reinforcements@65ddc55,tempest_reinforcements,65ddc55,vanguard@818f3b4,vanguard,818f3b4,skerry,official,1,0,rating,a,a,1.0,core_destroyed,40,,30,90,12,5,120,170,6,5,ok,,3.986,n-62-29-19,29004097,2026-08-02T12:48:05+0200
77890e5c19712022,auto-10d581bed771,claude_challenger_3@fdc1e1f,claude_challenger_3,fdc1e1f,tempest_reinforcements@65ddc55,tempest_reinforcements,65ddc55,atoll,official,1,0,rating,b,b,0.0,core_destroyed,43,,100,90,9,5,10,90,12,6,ok,,5.884,n-62-21-92,29004097,2026-08-02T12:47:25+0200
778a26466bb1eb8d,auto-10d581bed771,v233_b@9713344,v233_b,9713344,tempest_reinforcements@65ddc55,tempest_reinforcements,65ddc55,aurora,official,1,0,rating,b,b,0.0,core_destroyed,48,,101,60,7,8,20,90,10,11,ok,,3.844,n-62-11-65,29004097,2026-08-02T12:48:05+0200
77e058623c1f19a0,auto-10d581bed771,jonbot@9713344,jonbot,9713344,tempest_reinforcements@65ddc55,tempest_reinforcements,65ddc55,duel,official,1,0,rating,b,b,0.0,core_destroyed,35,,248,0,3,0,10,70,10,5,ok,,2.821,n-62-29-5,29004097,2026-08-02T12:46:14+0200
77ea5e5263353b50,auto-10d581bed771,tempest_reinforcements@65ddc55,tempest_reinforcements,65ddc55,e_final@9e77076,e_final,9e77076,jackpot,official,1,0,rating,a,a,1.0,core_destroyed,38,,10,80,11,7,31,0,7,3,ok,,3.687,n-62-21-98,29004097,2026-08-02T12:47:17+0200
77fe6fc49d0c22fc,auto-10d581bed771,tempest_reinforcements@65ddc55,tempest_reinforcements,65ddc55,undertow@da3fd8a,undertow,da3fd8a,vault,official,1,0,rating,a,a,1.0,core_destroyed,47,,10,100,12,6,122,200,7,6,ok,,4.612,n-62-21-66,29004097,2026-08-02T12:47:10+0200
7806b8a27b9e3123,auto-10d581bed771,tempest_reinforcements@65ddc55,tempest_reinforcements,65ddc55,undertow@9713344,undertow,9713344,vault,official,1,0,rating,a,a,1.0,core_destroyed,47,,10,100,12,6,122,200,7,6,ok,,4.558,n-62-21-64,29004097,2026-08-02T12:46:58+0200
781b95f9c0ffe26e,auto-10d581bed771,tempest_reinforcements@65ddc55,tempest_reinforcements,65ddc55,v233_c@9713344,v233_c,9713344,fjord,official,1,0,rating,a,a,1.0,core_destroyed,30,,10,60,11,5,104,30,5,4,ok,,3.188,n-62-11-68,29004097,2026-08-02T12:49:12+0200
78215d0aa44a4e78,auto-10d581bed771,tempest_reinforcements@65ddc55,tempest_reinforcements,65ddc55,claude_challenger_2@fdc1e1f,claude_challenger_2,fdc1e1f,sprint,official,1,0,rating,a,a,1.0,core_destroyed,27,,20,50,9,9,313,0,6,0,ok,,4.085,n-62-21-92,29004097,2026-08-02T12:46:12+0200
782ea781d9bdf764,auto-10d581bed771,tempest_reinforcements@65ddc55,tempest_reinforcements,65ddc55,tempest_sentinel@fdc1e1f,tempest_sentinel,fdc1e1f,quarry,official,1,0,rating,a,a,1.0,core_destroyed,39,,10,0,10,6,188,0,6,5,ok,,3.863,n-62-21-56,29004097,2026-08-02T12:46:21+0200
7832836c7920d32d,auto-10d581bed771,tempest_reinforcements@65ddc55,tempest_reinforcements,65ddc55,turtle@9713344,turtle,9713344,fjord,official,1,0,rating,a,a,1.0,core_destroyed,43,,10,90,11,5,62,0,6,9,ok,,3.803,n-62-21-60,29004097,2026-08-02T12:47:28+0200
7832a3fd2f256ff7,auto-10d581bed771,tempest_reinforcements@65ddc55,tempest_reinforcements,65ddc55,vanguard_oracle@75591b7,vanguard_oracle,75591b7,runestone,official,1,0,rating,a,a,1.0,core_destroyed,37,,10,0,11,5,127,120,8,10,ok,,3.526,n-62-29-30,29004097,2026-08-02T12:48:31+0200
7833e5d00cae77c4,auto-10d581bed771,v233_f@9713344,v233_f,9713344,tempest_reinforcements@65ddc55,tempest_reinforcements,65ddc55,sweden,official,1,0,rating,b,b,0.0,core_destroyed,42,,99,130,6,26,10,0,10,6,ok,,3.008,n-62-21-98,29004097,2026-08-02T12:49:06+0200
788b60de907811f3,auto-10d581bed771,tempest_reinforcements@65ddc55,tempest_reinforcements,65ddc55,riptide@9713344,riptide,9713344,sprint,official,1,0,rating,a,a,1.0,core_destroyed,29,,10,50,10,7,113,90,4,6,ok,,2.816,n-62-11-55,29004097,2026-08-02T12:47:26+0200
78a3093211f8bc23,auto-10d581bed771,tempest_reinforcements@65ddc55,tempest_reinforcements,65ddc55,e_condc@6db8844,e_condc,6db8844,hive,official,1,0,rating,a,a,1.0,core_destroyed,50,,10,100,11,11,0,0,9,17,ok,,4.133,n-62-21-104,29004097,2026-08-02T12:47:04+0200
78e608d88bfb36cd,auto-10d581bed771,tempest_reinforcements@65ddc55,tempest_reinforcements,65ddc55,undertow_oracle@fdc1e1f,undertow_oracle,fdc1e1f,sprint,official,1,0,rating,b,b,0.0,core_destroyed,33,,9,30,9,6,69,50,10,8,ok,,3.825,n-62-31-4,29004097,2026-08-02T12:47:59+0200
78f65f20ff737812,auto-10d581bed771,tempest_reinforcements@65ddc55,tempest_reinforcements,65ddc55,undertow_oracle@75591b7,undertow_oracle,75591b7,vase,official,1,0,rating,a,a,1.0,core_destroyed,100,,20,0,10,6,132,200,6,6,ok,,4.994,n-62-31-24,29004097,2026-08-02T12:48:42+0200
7925e9658f872b48,auto-10d581bed771,v233_f@9713344,v233_f,9713344,tempest_reinforcements@65ddc55,tempest_reinforcements,65ddc55,skerry,official,1,0,rating,b,b,0.0,core_destroyed,59,,91,380,11,9,10,210,13,9,ok,,4.97,n-62-21-98,29004097,2026-08-02T12:47:43+0200
794aa7a2d65f2b7b,auto-10d581bed771,e_harc@6db8844,e_harc,6db8844,tempest_reinforcements@65ddc55,tempest_reinforcements,65ddc55,bridge,official,1,0,rating,b,b,0.0,core_destroyed,101,,206,0,4,7,17,280,15,12,ok,,4.485,n-62-28-29,29004097,2026-08-02T12:46:47+0200
7956762b99f0acd1,auto-10d581bed771,v233_g@9713344,v233_g,9713344,tempest_reinforcements@65ddc55,tempest_reinforcements,65ddc55,twins,official,1,0,rating,b,b,0.0,core_destroyed,46,,99,260,9,16,10,0,11,5,ok,,3.381,n-62-29-18,29004097,2026-08-02T12:48:28+0200
795badcfe74f4302,auto-10d581bed771,claude_challenger_1@fdc1e1f,claude_challenger_1,fdc1e1f,tempest_reinforcements@65ddc55,tempest_reinforcements,65ddc55,hive,official,1,0,rating,b,b,0.0,core_destroyed,45,,22,0,11,2,13,90,10,13,ok,,6.862,n-62-11-65,29004097,2026-08-02T12:46:34+0200
7967fb6049f0fd27,auto-10d581bed771,tempest_reinforcements@65ddc55,tempest_reinforcements,65ddc55,v233_a@9713344,v233_a,9713344,vault,official,1,0,rating,a,a,1.0,core_destroyed,65,,22,250,11,22,147,150,6,11,ok,,3.768,n-62-11-65,29004097,2026-08-02T12:47:45+0200
796ce4e92c4a5a03,auto-10d581bed771,vg_v7@9713344,vg_v7,9713344,tempest_reinforcements@65ddc55,tempest_reinforcements,65ddc55,bridge,official,1,0,rating,b,b,0.0,titanium_collected,1000,,3549,1070,1,5,1068,4820,49,21,ok,,27.714,n-62-11-58,29004097,2026-08-02T12:49:26+0200
798f11ce7d777475,auto-10d581bed771,vanguard@c407e79,vanguard,c407e79,tempest_reinforcements@65ddc55,tempest_reinforcements,65ddc55,bridge,official,1,0,rating,b,b,0.0,core_destroyed,40,,105,40,8,8,20,0,11,8,ok,,3.092,n-62-29-21,29004097,2026-08-02T12:48:21+0200
799eca2559b116d7,auto-10d581bed771,tempest_reinforcements@025dd51,tempest_reinforcements,025dd51,tempest_reinforcements@65ddc55,tempest_reinforcements,65ddc55,sprint,official,1,0,rating,a,a,1.0,core_destroyed,42,,70,120,7,7,0,40,10,5,ok,,4.24,n-62-13-7,29004097,2026-08-02T12:46:17+0200
79abfec03d51a9db,auto-10d581bed771,tempest_reinforcements@65ddc55,tempest_reinforcements,65ddc55,casemate_oracle@902be71,casemate_oracle,902be71,atoll,official,1,0,rating,b,b,0.0,core_destroyed,38,,8,80,11,5,28,0,9,10,ok,,4.406,n-62-11-62,29004097,2026-08-02T12:47:50+0200
79ad85a9390faac0,auto-10d581bed771,baiter@9713344,baiter,9713344,tempest_reinforcements@65ddc55,tempest_reinforcements,65ddc55,strait,official,1,0,rating,b,b,0.0,core_destroyed,74,,58,160,5,11,10,0,11,5,ok,,4.59,n-62-31-23,29004097,2026-08-02T12:47:31+0200
79e4e58079bdaf80,auto-10d581bed771,tempest_reinforcements@65ddc55,tempest_reinforcements,65ddc55,v233_c@9713344,v233_c,9713344,vase,official,1,0,rating,a,a,1.0,core_destroyed,41,,10,0,9,6,86,0,4,2,ok,,2.796,n-62-31-9,29004097,2026-08-02T12:48:23+0200
79f137bbf3801583,auto-10d581bed771,undertow@fdc1e1f,undertow,fdc1e1f,tempest_reinforcements@65ddc55,tempest_reinforcements,65ddc55,sweden,official,1,0,rating,b,b,0.0,core_destroyed,48,,84,110,6,22,20,0,10,6,ok,,3.789,n-62-21-68,29004097,2026-08-02T12:46:54+0200
79fae54e8e9108a6,auto-10d581bed771,jonbot@9713344,jonbot,9713344,tempest_reinforcements@65ddc55,tempest_reinforcements,65ddc55,sprint,official,1,0,rating,b,b,0.0,core_destroyed,28,,244,0,5,0,20,50,10,7,ok,,2.828,n-62-29-30,29004097,2026-08-02T12:46:14+0200
79fb942c6fe7b470,auto-10d581bed771,e_harc@6db8844,e_harc,6db8844,tempest_reinforcements@65ddc55,tempest_reinforcements,65ddc55,duel,official,1,0,rating,b,b,0.0,core_destroyed,57,,115,120,6,4,10,130,11,5,ok,,4.396,n-62-28-29,29004097,2026-08-02T12:47:03+0200
7a06a6f884862af6,auto-10d581bed771,uw_v2@9713344,uw_v2,9713344,tempest_reinforcements@65ddc55,tempest_reinforcements,65ddc55,fjord,official,1,0,rating,b,b,0.0,core_destroyed,41,,98,90,6,8,21,90,10,5,ok,,3.344,n-62-11-61,29004097,2026-08-02T12:48:53+0200
7a1d45d42454a09e,auto-10d581bed771,tempest_reinforcements@65ddc55,tempest_reinforcements,65ddc55,claude_challenger_2@fdc1e1f,claude_challenger_2,fdc1e1f,quarry,official,1,0,rating,a,a,1.0,core_destroyed,36,,20,0,11,6,164,0,10,0,ok,,5.449,n-62-11-68,29004097,2026-08-02T12:47:19+0200
7a24ae9f3ccfd5ac,auto-10d581bed771,v233_i@902be71,v233_i,902be71,tempest_reinforcements@65ddc55,tempest_reinforcements,65ddc55,sprint,official,1,0,rating,b,b,0.0,core_destroyed,109,,34,0,9,3,10,30,10,6,ok,,3.496,n-62-29-24,29004097,2026-08-02T12:48:08+0200
7a267fcd7ae81b56,auto-10d581bed771,opponent_luc@e83a42c,opponent_luc,e83a42c,tempest_reinforcements@65ddc55,tempest_reinforcements,65ddc55,atoll,official,1,0,rating,b,b,0.0,core_destroyed,38,,284,80,5,4,10,80,12,6,ok,,4.897,n-62-31-20,29004097,2026-08-02T12:46:47+0200
7a29fb4997a495f4,auto-10d581bed771,tempest_oracle_ferry@fdc1e1f,tempest_oracle_ferry,fdc1e1f,tempest_reinforcements@65ddc55,tempest_reinforcements,65ddc55,fjord,official,1,0,rating,b,b,0.0,core_destroyed,36,,125,0,8,2,27,80,11,5,ok,,4.107,n-62-21-4,29004097,2026-08-02T12:47:28+0200
7a31ccc22c24cf8b,auto-10d581bed771,autistimusprime@ecd4d24,autistimusprime,ecd4d24,tempest_reinforcements@65ddc55,tempest_reinforcements,65ddc55,vase,official,1,0,rating,b,b,0.0,core_destroyed,46,,94,0,5,6,10,0,11,6,ok,,4.262,n-62-31-4,29004097,2026-08-02T12:46:19+0200
7a61351ee07e0e52,auto-10d581bed771,casemate@902be71,casemate,902be71,tempest_reinforcements@65ddc55,tempest_reinforcements,65ddc55,showdown,official,1,0,rating,b,b,0.0,core_destroyed,44,,117,0,5,15,16,0,10,8,ok,,3.756,n-62-11-61,29004097,2026-08-02T12:47:13+0200
7a6e23345ec0bbb5,auto-10d581bed771,tempest_reinforcements@65ddc55,tempest_reinforcements,65ddc55,e_condc@6db8844,e_condc,6db8844,skerry,official,1,0,rating,a,a,1.0,core_destroyed,64,,30,150,12,5,119,270,7,11,ok,,4.614,n-62-21-97,29004097,2026-08-02T12:46:44+0200
7a76ab806da0f490,auto-10d581bed771,tempest_reinforcements@65ddc55,tempest_reinforcements,65ddc55,turtle@9713344,turtle,9713344,quarry,official,1,0,rating,a,a,1.0,core_destroyed,57,,38,140,10,12,302,150,6,20,ok,,3.941,n-62-21-61,29004097,2026-08-02T12:46:41+0200
7ab45461a13fc40d,auto-10d581bed771,tempest_reinforcements@65ddc55,tempest_reinforcements,65ddc55,vg_v4@9713344,vg_v4,9713344,longship,official,1,0,rating,a,a,1.0,core_destroyed,53,,10,110,12,12,100,40,8,7,ok,,3.976,n-62-31-13,29004097,2026-08-02T12:49:21+0200
7ab5c225dfc6c57c,auto-10d581bed771,riptide@9713344,riptide,9713344,tempest_reinforcements@65ddc55,tempest_reinforcements,65ddc55,atoll,official,1,0,rating,b,b,0.0,core_destroyed,51,,83,110,4,6,10,110,12,6,ok,,4.287,n-62-11-54,29004097,2026-08-02T12:47:00+0200
7ac146277b79792d,auto-10d581bed771,v233_a@9713344,v233_a,9713344,tempest_reinforcements@65ddc55,tempest_reinforcements,65ddc55,longship,official,1,0,rating,b,b,0.0,core_destroyed,55,,96,110,6,11,10,110,11,14,ok,,3.854,n-62-11-64,29004097,2026-08-02T12:47:35+0200
7ad07f252caf80f2,auto-10d581bed771,tempest_ferry@26b5aa1,tempest_ferry,26b5aa1,tempest_reinforcements@65ddc55,tempest_reinforcements,65ddc55,sprint,official,1,0,rating,a,a,1.0,core_destroyed,29,,41,0,10,4,21,40,7,4,ok,,4.536,n-62-12-4,29004097,2026-08-02T12:47:07+0200
7ad0f8552c291f40,auto-10d581bed771,tempest_reinforcements@65ddc55,tempest_reinforcements,65ddc55,frontier_v2@9713344,frontier_v2,9713344,vase,official,1,0,rating,a,a,1.0,core_destroyed,38,,10,0,10,6,234,0,7,1,ok,,3.127,n-62-29-29,29004097,2026-08-02T12:46:48+0200
7ad976f106697eb6,auto-10d581bed771,tempest_reinforcements@65ddc55,tempest_reinforcements,65ddc55,v233_c@9713344,v233_c,9713344,showdown,official,1,0,rating,a,a,1.0,core_destroyed,38,,10,0,10,8,87,40,7,11,ok,,3.182,n-62-21-92,29004097,2026-08-02T12:48:21+0200
7ae3847108afb0d5,auto-10d581bed771,tempest_reinforcements@65ddc55,tempest_reinforcements,65ddc55,vanguard_oracle@fdc1e1f,vanguard_oracle,fdc1e1f,sweden,official,1,0,rating,b,b,0.0,core_destroyed,92,,16,0,11,7,159,370,10,13,ok,,4.148,n-62-30-23,29004097,2026-08-02T12:48:15+0200
7b028d262ea138ef,auto-10d581bed771,tempest_reinforcements@65ddc55,tempest_reinforcements,65ddc55,tempest_ferry@26b5aa1,tempest_ferry,26b5aa1,duel,official,1,0,rating,b,b,0.0,core_destroyed,22,,13,40,8,4,26,40,12,5,ok,,3.578,n-62-12-5,29004097,2026-08-02T12:46:51+0200
7b082b48259560ce,auto-10d581bed771,undertow_oracle@75591b7,undertow_oracle,75591b7,tempest_reinforcements@65ddc55,tempest_reinforcements,65ddc55,hive,official,1,0,rating,a,a,1.0,core_destroyed,69,,147,410,10,34,25,150,12,12,ok,,5.497,n-62-31-22,29004097,2026-08-02T12:48:42+0200
7b0b25d11cfdaa19,auto-10d581bed771,tempest_reinforcements@65ddc55,tempest_reinforcements,65ddc55,undertow_oracle@fdc1e1f,undertow_oracle,fdc1e1f,runestone,official,1,0,rating,a,a,1.0,core_destroyed,41,,6,0,11,5,27,140,11,12,ok,,4.863,n-62-31-4,29004097,2026-08-02T12:47:28+0200
7b153cf9bcc78d35,auto-10d581bed771,v233_f@9713344,v233_f,9713344,tempest_reinforcements@65ddc55,tempest_reinforcements,65ddc55,vault,official,1,0,rating,b,b,0.0,core_destroyed,69,,113,310,10,8,26,300,13,21,ok,,5.125,n-62-21-98,29004097,2026-08-02T12:49:31+0200
7b18f67aed237915,auto-10d581bed771,vanguard_oracle@902be71,vanguard_oracle,902be71,tempest_reinforcements@65ddc55,tempest_reinforcements,65ddc55,hive,official,1,0,rating,b,b,0.0,core_destroyed,56,,106,120,8,4,30,120,10,13,ok,,4.602,n-62-29-32,29004097,2026-08-02T12:48:00+0200
7b1da31de8f54aec,auto-10d581bed771,vg_v4@9713344,vg_v4,9713344,tempest_reinforcements@65ddc55,tempest_reinforcements,65ddc55,hive,official,1,0,rating,b,b,0.0,core_destroyed,61,,76,130,6,11,10,130,11,13,ok,,4.082,n-62-31-13,29004097,2026-08-02T12:49:06+0200
7b1fe288d9883cc7,auto-10d581bed771,tempest_reinforcements@65ddc55,tempest_reinforcements,65ddc55,e_post2@4a95297,e_post2,4a95297,showdown,official,1,0,rating,b,b,0.0,titanium_collected,1000,,12,0,10,8,363,70,7,29,ok,,7.796,n-62-29-24,29004097,2026-08-02T12:46:50+0200
7b28b421dfc4ad8c,auto-10d581bed771,undertow_1ac7ac4@da3fd8a,undertow_1ac7ac4,da3fd8a,tempest_reinforcements@65ddc55,tempest_reinforcements,65ddc55,atoll,official,1,0,rating,b,b,0.0,core_destroyed,67,,75,300,4,6,10,150,12,6,ok,,4.763,n-62-21-68,29004097,2026-08-02T12:47:34+0200
7b5a3213a43cca68,auto-10d581bed771,siege_v2@9713344,siege_v2,9713344,tempest_reinforcements@65ddc55,tempest_reinforcements,65ddc55,strait,official,1,0,rating,b,b,0.0,core_destroyed,54,,238,0,5,3,10,0,11,5,ok,,3.131,n-62-11-52,29004097,2026-08-02T12:46:28+0200
7b894ebaedc16002,auto-10d581bed771,tempest_reinforcements@65ddc55,tempest_reinforcements,65ddc55,uw_v1@9713344,uw_v1,9713344,sweden,official,1,0,rating,a,a,1.0,core_destroyed,250,,2,1510,26,53,74,310,4,7,ok,,9.509,n-62-11-60,29004097,2026-08-02T12:48:28+0200
7bb3a9b4264baa37,auto-10d581bed771,vg_v1@9713344,vg_v1,9713344,tempest_reinforcements@65ddc55,tempest_reinforcements,65ddc55,longship,official,1,0,rating,b,b,0.0,core_destroyed,51,,46,100,8,7,10,100,11,14,ok,,4.256,n-62-30-24,29004097,2026-08-02T12:48:37+0200
7c05d2c6ccc33f8c,auto-10d581bed771,v233_e@9713344,v233_e,9713344,tempest_reinforcements@65ddc55,tempest_reinforcements,65ddc55,twins,official,1,0,rating,b,b,0.0,core_destroyed,83,,87,530,5,18,2,170,12,11,ok,,4.834,n-62-21-104,29004097,2026-08-02T12:48:22+0200
7c063ae6818555f6,auto-10d581bed771,tempest_reinforcements@65ddc55,tempest_reinforcements,65ddc55,vanguard_oracle@fdc1e1f,vanguard_oracle,fdc1e1f,skerry,official,1,0,rating,b,b,0.0,core_destroyed,39,,20,140,10,7,70,160,13,6,ok,,4.215,n-62-29-34,29004097,2026-08-02T12:49:06+0200
7c1bb8f37ecb03b7,auto-10d581bed771,siege_v2@9713344,siege_v2,9713344,tempest_reinforcements@65ddc55,tempest_reinforcements,65ddc55,duel,official,1,0,rating,b,b,0.0,core_destroyed,37,,249,0,4,2,10,80,11,5,ok,,3.12,n-62-11-51,29004097,2026-08-02T12:46:21+0200
7c1eca3c82804d4e,auto-10d581bed771,jonbot@9713344,jonbot,9713344,tempest_reinforcements@65ddc55,tempest_reinforcements,65ddc55,skerry,official,1,0,rating,b,b,0.0,core_destroyed,36,,262,0,5,0,20,80,11,5,ok,,3.203,n-62-29-5,29004097,2026-08-02T12:47:16+0200
7c3d5202a985b445,auto-10d581bed771,v233_b@9713344,v233_b,9713344,tempest_reinforcements@65ddc55,tempest_reinforcements,65ddc55,sweden,official,1,0,rating,b,b,0.0,core_destroyed,46,,4,50,5,21,10,0,10,6,ok,,3.195,n-62-11-68,29004097,2026-08-02T12:47:38+0200
7c48349e02a2a05e,auto-10d581bed771,riptide@9713344,riptide,9713344,tempest_reinforcements@65ddc55,tempest_reinforcements,65ddc55,sweden,official,1,0,rating,b,b,0.0,core_destroyed,121,,122,230,6,9,28,280,10,31,ok,,5.398,n-62-11-58,29004097,2026-08-02T12:46:51+0200
7c4be16b0c950119,auto-10d581bed771,tempest_outer@fdc1e1f,tempest_outer,fdc1e1f,tempest_reinforcements@65ddc55,tempest_reinforcements,65ddc55,jackpot,official,1,0,rating,b,b,0.0,core_destroyed,43,,274,0,6,2,10,90,12,7,ok,,3.739,n-62-21-13,29004097,2026-08-02T12:46:26+0200
7c5df846c2b01f70,auto-10d581bed771,tempest_reinforcements@65ddc55,tempest_reinforcements,65ddc55,vanguard@da3fd8a,vanguard,da3fd8a,duel,official,1,0,rating,b,b,0.0,core_destroyed,41,,18,90,10,4,71,180,8,10,ok,,3.301,n-62-29-26,29004097,2026-08-02T12:48:40+0200
7c975cf03b07ca9f,auto-10d581bed771,v233_b@9713344,v233_b,9713344,tempest_reinforcements@65ddc55,tempest_reinforcements,65ddc55,strait,official,1,0,rating,b,b,0.0,core_destroyed,77,,116,170,5,14,6,0,12,5,ok,,3.864,n-62-11-66,29004097,2026-08-02T12:48:37+0200
7cb793464c024d1f,auto-10d581bed771,tempest_reinforcements@65ddc55,tempest_reinforcements,65ddc55,mistral@ba943b9,mistral,ba943b9,pinch,official,1,0,rating,b,b,0.0,core_destroyed,28,,17,0,10,2,70,0,10,1,ok,,4.093,n-62-31-14,29004097,2026-08-02T12:48:00+0200
7cbed920ff3bcd05,auto-10d581bed771,vanguard_oracle@75591b7,vanguard_oracle,75591b7,tempest_reinforcements@65ddc55,tempest_reinforcements,65ddc55,vase,official,1,0,rating,b,b,0.0,core_destroyed,55,,68,60,7,8,59,90,9,7,ok,,3.917,n-62-29-16,29004097,2026-08-02T12:48:19+0200
7cc3c972f515d944,auto-10d581bed771,undertow@9713344,undertow,9713344,tempest_reinforcements@65ddc55,tempest_reinforcements,65ddc55,jackpot,official,1,0,rating,b,b,0.0,core_destroyed,77,,105,170,3,6,40,310,14,18,ok,,5.286,n-62-21-63,29004097,2026-08-02T12:46:30+0200
7ce15db2c8621200,auto-10d581bed771,tempest_reinforcements@65ddc55,tempest_reinforcements,65ddc55,uw_v1@9713344,uw_v1,9713344,crossfire,official,1,0,rating,a,a,1.0,core_destroyed,37,,10,80,10,6,79,70,6,8,ok,,3.357,n-62-31-23,29004097,2026-08-02T12:48:14+0200
7cebb650bb489ab1,auto-10d581bed771,titanium_v1@9713344,titanium_v1,9713344,tempest_reinforcements@65ddc55,tempest_reinforcements,65ddc55,atoll,official,1,0,rating,b,b,0.0,core_destroyed,31,,311,0,4,3,10,60,11,6,ok,,3.225,n-62-21-57,29004097,2026-08-02T12:46:32+0200
7d33045df5edd5be,auto-10d581bed771,vanguard@da3fd8a,vanguard,da3fd8a,tempest_reinforcements@65ddc55,tempest_reinforcements,65ddc55,runestone,official,1,0,rating,b,b,0.0,core_destroyed,38,,84,120,9,14,10,0,11,5,ok,,3.19,n-62-29-29,29004097,2026-08-02T12:48:19+0200
7d568da6d2d16a55,auto-10d581bed771,claude_challenger_1@fdc1e1f,claude_challenger_1,fdc1e1f,tempest_reinforcements@65ddc55,tempest_reinforcements,65ddc55,crossfire,official,1,0,rating,b,b,0.0,core_destroyed,84,,42,190,5,3,56,340,15,14,ok,,6.642,n-62-11-64,29004097,2026-08-02T12:48:22+0200
7d81ea8e91068b0a,auto-10d581bed771,tempest_reinforcements@65ddc55,tempest_reinforcements,65ddc55,baiter@9713344,baiter,9713344,longship,official,1,0,rating,a,a,1.0,core_destroyed,53,,10,110,12,12,100,40,8,7,ok,,5.967,n-62-31-23,29004097,2026-08-02T12:46:15+0200
7d893f728a6695c5,auto-10d581bed771,vg_v7@9713344,vg_v7,9713344,tempest_reinforcements@65ddc55,tempest_reinforcements,65ddc55,showdown,official,1,0,rating,b,b,0.0,core_destroyed,41,,92,0,5,5,8,0,10,8,ok,,4.12,n-62-31-22,29004097,2026-08-02T12:48:46+0200
7dc6143fc3961d85,auto-10d581bed771,titanium_v1@9713344,titanium_v1,9713344,tempest_reinforcements@65ddc55,tempest_reinforcements,65ddc55,string,official,1,0,rating,b,b,0.0,core_destroyed,49,,365,0,1,1,26,190,13,10,ok,,3.388,n-62-21-59,29004097,2026-08-02T12:47:08+0200
7dea4e35efe39f1f,auto-10d581bed771,tempest_sentinel@fdc1e1f,tempest_sentinel,fdc1e1f,tempest_reinforcements@65ddc55,tempest_reinforcements,65ddc55,atoll,official,1,0,rating,b,b,0.0,core_destroyed,32,,49,0,8,2,20,50,10,4,ok,,3.841,n-62-21-54,29004097,2026-08-02T12:46:30+0200
7deb4a493ced7114,auto-10d581bed771,vg_v5@9713344,vg_v5,9713344,tempest_reinforcements@65ddc55,tempest_reinforcements,65ddc55,longship,official,1,0,rating,b,b,0.0,core_destroyed,58,,108,120,5,10,10,120,11,14,ok,,3.796,n-62-31-20,29004097,2026-08-02T12:50:01+0200
7dfdd0f8c54a5e10,auto-10d581bed771,tempest_reinforcements@65ddc55,tempest_reinforcements,65ddc55,frontier_v1@9713344,frontier_v1,9713344,sprint,official,1,0,rating,a,a,1.0,core_destroyed,34,,10,60,10,7,0,0,10,1,ok,,3.56,n-62-29-21,29004097,2026-08-02T12:47:15+0200
7e192d43821a43cc,auto-10d581bed771,tempest_reinforcements@65ddc55,tempest_reinforcements,65ddc55,claude_challenger_2@fdc1e1f,claude_challenger_2,fdc1e1f,vault,official,1,0,rating,a,a,1.0,core_destroyed,42,,12,90,11,6,17,0,11,3,ok,,6.293,n-62-21-92,29004097,2026-08-02T12:47:07+0200
7e1aa7964f6d6201,auto-10d581bed771,uw_v1@9713344,uw_v1,9713344,tempest_reinforcements@65ddc55,tempest_reinforcements,65ddc55,aurora,official,1,0,rating,b,b,0.0,core_destroyed,60,,95,50,5,6,25,130,12,11,ok,,4.694,n-62-31-23,29004097,2026-08-02T12:47:42+0200
7e4196b6fae84219,auto-10d581bed771,vg_v6@9713344,vg_v6,9713344,tempest_reinforcements@65ddc55,tempest_reinforcements,65ddc55,string,official,1,0,rating,b,b,0.0,core_destroyed,71,,361,0,3,2,40,470,13,16,ok,,3.192,n-62-11-54,29004097,2026-08-02T12:48:50+0200
7e41f7b7fec76e98,auto-10d581bed771,tempest_reinforcements@65ddc55,tempest_reinforcements,65ddc55,uw_v2@9713344,uw_v2,9713344,aurora,official,1,0,rating,a,a,1.0,core_destroyed,158,,32,1000,17,35,286,740,6,16,ok,,6.93,n-62-11-61,29004097,2026-08-02T12:47:49+0200
7e7d740e119e601b,auto-10d581bed771,tempest_reinforcements@65ddc55,tempest_reinforcements,65ddc55,v233_a@9713344,v233_a,9713344,sweden,official,1,0,rating,a,a,1.0,titanium_collected,1000,,4580,9080,49,54,2518,590,2,11,ok,,26.872,n-62-11-64,29004097,2026-08-02T12:49:25+0200
7e82cab4cfa87c55,auto-10d581bed771,tempest_reinforcements@65ddc55,tempest_reinforcements,65ddc55,tempest_reinforcements@87724ec,tempest_reinforcements,87724ec,aurora,official,1,0,rating,a,a,1.0,core_destroyed,40,,30,80,11,8,90,70,8,10,ok,,9.578,n-62-13-8,29004097,2026-08-02T12:48:39+0200
7e9b01e0f0da71e5,auto-10d581bed771,tempest_reinforcements@65ddc55,tempest_reinforcements,65ddc55,v233_i@902be71,v233_i,902be71,skerry,official,1,0,rating,b,b,0.0,core_destroyed,65,,13,340,13,9,68,300,12,9,ok,,5.142,n-62-29-24,29004097,2026-08-02T12:47:57+0200
7e9e6117fbfa3a89,auto-10d581bed771,tempest_reinforcements@65ddc55,tempest_reinforcements,65ddc55,claude_challenger_1@fdc1e1f,claude_challenger_1,fdc1e1f,longship,official,1,0,rating,a,a,1.0,core_destroyed,49,,10,100,12,12,62,100,12,6,ok,,7.552,n-62-11-65,29004097,2026-08-02T12:46:48+0200
7ea39d900c276707,auto-10d581bed771,titanium_v1@9713344,titanium_v1,9713344,tempest_reinforcements@65ddc55,tempest_reinforcements,65ddc55,quarry,official,1,0,rating,b,b,0.0,core_destroyed,54,,363,0,4,3,10,0,11,6,ok,,3.286,n-62-21-59,29004097,2026-08-02T12:46:28+0200
7eedb3489d4e1a37,auto-10d581bed771,undertow@9713344,undertow,9713344,tempest_reinforcements@65ddc55,tempest_reinforcements,65ddc55,crossfire,official,1,0,rating,b,b,0.0,core_destroyed,58,,103,130,4,5,2,130,11,6,ok,,4.033,n-62-21-62,29004097,2026-08-02T12:48:08+0200
7ef3b02493588d06,auto-10d581bed771,undertow_oracle@fdc1e1f,undertow_oracle,fdc1e1f,tempest_reinforcements@65ddc55,tempest_reinforcements,65ddc55,vase,official,1,0,rating,b,b,0.0,core_destroyed,34,,130,0,7,1,8,0,11,6,ok,,3.813,n-62-31-4,29004097,2026-08-02T12:49:25+0200
7ef88a4e9dd43ed1,auto-10d581bed771,tempest_reinforcements@65ddc55,tempest_reinforcements,65ddc55,vg_v4@9713344,vg_v4,9713344,string,official,1,0,rating,a,a,1.0,core_destroyed,102,,112,670,20,15,116,0,1,0,ok,,5.31,n-62-31-16,29004097,2026-08-02T12:48:39+0200
7ef95543dfb9f7ad,auto-10d581bed771,tempest_reinforcements@65ddc55,tempest_reinforcements,65ddc55,lockin@9713344,lockin,9713344,fjord,official,1,0,rating,a,a,1.0,core_destroyed,30,,10,60,11,5,108,70,8,4,ok,,5.323,n-62-30-23,29004097,2026-08-02T12:46:51+0200
7f1256ff4d8a9a66,auto-10d581bed771,e_condc@6db8844,e_condc,6db8844,tempest_reinforcements@65ddc55,tempest_reinforcements,65ddc55,bridge,official,1,0,rating,b,b,0.0,core_destroyed,90,,344,170,5,10,10,0,13,8,ok,,4.214,n-62-21-104,29004097,2026-08-02T12:46:32+0200
7f13c3a6e26b2928,auto-10d581bed771,tempest_reinforcements@65ddc55,tempest_reinforcements,65ddc55,vanguard@9932bec,vanguard,9932bec,jackpot,official,1,0,rating,a,a,1.0,core_destroyed,85,,26,320,12,24,115,370,5,7,ok,,4.746,n-62-29-33,29004097,2026-08-02T12:48:57+0200
7f4fd37b35e51239,auto-10d581bed771,vanguard@da3fd8a,vanguard,da3fd8a,tempest_reinforcements@65ddc55,tempest_reinforcements,65ddc55,hive,official,1,0,rating,b,b,0.0,core_destroyed,59,,96,140,10,12,17,120,10,13,ok,,3.602,n-62-29-26,29004097,2026-08-02T12:48:58+0200
7f53e980111c3724,auto-10d581bed771,riptide@9713344,riptide,9713344,tempest_reinforcements@65ddc55,tempest_reinforcements,65ddc55,duel,official,1,0,rating,b,b,0.0,core_destroyed,44,,119,90,6,4,30,100,11,5,ok,,3.435,n-62-11-54,29004097,2026-08-02T12:48:00+0200
7f548b92507f8e75,auto-10d581bed771,tempest_reinforcements@65ddc55,tempest_reinforcements,65ddc55,vanguard@c407e79,vanguard,c407e79,pinch,official,1,0,rating,a,a,1.0,core_destroyed,29,,10,50,10,9,83,0,2,4,ok,,3.208,n-62-29-22,29004097,2026-08-02T12:47:51+0200
7f5b3570006f3245,auto-10d581bed771,tempest_reinforcements@65ddc55,tempest_reinforcements,65ddc55,tempest_frontier@fdc1e1f,tempest_frontier,fdc1e1f,duel,official,1,0,rating,b,b,0.0,core_destroyed,22,,13,40,9,4,25,40,12,5,ok,,4.51,n-62-12-7,29004097,2026-08-02T12:47:10+0200
7f5b72854ea1f44d,auto-10d581bed771,tempest_reinforcements@65ddc55,tempest_reinforcements,65ddc55,vg_v4@9713344,vg_v4,9713344,strait,official,1,0,rating,a,a,1.0,core_destroyed,72,,20,160,13,11,100,310,7,16,ok,,4.333,n-62-31-16,29004097,2026-08-02T12:48:30+0200
7f6b016f459a2f9f,auto-10d581bed771,tempest_outer@fdc1e1f,tempest_outer,fdc1e1f,tempest_reinforcements@65ddc55,tempest_reinforcements,65ddc55,aurora,official,1,0,rating,b,b,0.0,core_destroyed,46,,100,0,11,3,10,90,9,11,ok,,4.574,n-62-21-12,29004097,2026-08-02T12:47:06+0200
7f7948f365639961,auto-10d581bed771,tempest_reinforcements@65ddc55,tempest_reinforcements,65ddc55,e_post2@4a95297,e_post2,4a95297,pinch,official,1,0,rating,a,a,1.0,core_destroyed,53,,10,0,11,4,118,0,8,2,ok,,4.027,n-62-29-24,29004097,2026-08-02T12:46:21+0200
7f7d401ca3a69623,auto-10d581bed771,vg_v5@9713344,vg_v5,9713344,tempest_reinforcements@65ddc55,tempest_reinforcements,65ddc55,vase,official,1,0,rating,b,b,0.0,core_destroyed,34,,409,0,3,3,10,0,11,6,ok,,2.735,n-62-11-57,29004097,2026-08-02T12:47:53+0200
7f7d4ae662b36a89,auto-10d581bed771,tempest_reinforcements@65ddc55,tempest_reinforcements,65ddc55,tempest_reinforcements@51ad530,tempest_reinforcements,51ad530,pinch,official,1,0,rating,a,a,1.0,core_destroyed,42,,8,0,8,4,0,0,8,3,ok,,4.466,n-62-13-6,29004097,2026-08-02T12:47:11+0200
7f7e511a1010965c,auto-10d581bed771,tempest_reinforcements@65ddc55,tempest_reinforcements,65ddc55,tempest_reinforcements@87724ec,tempest_reinforcements,87724ec,showdown,official,1,0,rating,a,a,1.0,core_destroyed,37,,9,0,9,6,17,0,7,7,ok,,10.866,n-62-12-65,29004097,2026-08-02T12:46:19+0200
7f829e5af4666aea,auto-10d581bed771,tempest@da3fd8a,tempest,da3fd8a,tempest_reinforcements@65ddc55,tempest_reinforcements,65ddc55,showdown,official,1,0,rating,a,a,1.0,core_destroyed,21,,21,0,12,6,7,0,10,5,ok,,5.108,n-62-21-90,29004097,2026-08-02T12:46:18+0200
7f85afbb6c0f851c,auto-10d581bed771,tempest_reinforcements@65ddc55,tempest_reinforcements,65ddc55,claude_challenger_1@fdc1e1f,claude_challenger_1,fdc1e1f,hive,official,1,0,rating,a,a,1.0,core_destroyed,44,,30,90,11,11,102,90,11,4,ok,,6.796,n-62-11-65,29004097,2026-08-02T12:46:27+0200
7fa25d7103f21327,auto-10d581bed771,v233_c@9713344,v233_c,9713344,tempest_reinforcements@65ddc55,tempest_reinforcements,65ddc55,twins,official,1,0,rating,b,b,0.0,core_destroyed,55,,103,0,5,9,10,0,10,5,ok,,2.935,n-62-31-9,29004097,2026-08-02T12:48:20+0200
7fb32144c19ff09f,auto-10d581bed771,vg_v7@9713344,vg_v7,9713344,tempest_reinforcements@65ddc55,tempest_reinforcements,65ddc55,quarry,official,1,0,rating,b,b,0.0,core_destroyed,69,,87,160,6,14,10,0,11,6,ok,,4.441,n-62-31-22,29004097,2026-08-02T12:48:28+0200
7fb45a2a1973fd93,auto-10d581bed771,titanium_v1@9713344,titanium_v1,9713344,tempest_reinforcements@65ddc55,tempest_reinforcements,65ddc55,runestone,official,1,0,rating,b,b,0.0,core_destroyed,32,,274,0,4,4,20,0,11,5,ok,,2.991,n-62-21-59,29004097,2026-08-02T12:46:35+0200
80091330259f42ae,auto-10d581bed771,mistral@ba943b9,mistral,ba943b9,tempest_reinforcements@65ddc55,tempest_reinforcements,65ddc55,strait,official,1,0,rating,a,a,1.0,core_destroyed,51,,127,0,10,1,10,0,11,4,ok,,6.344,n-62-31-17,29004097,2026-08-02T12:47:17+0200
8017f847dfb80923,auto-10d581bed771,tempest_reinforcements@65ddc55,tempest_reinforcements,65ddc55,vanguard@9932bec,vanguard,9932bec,sprint,official,1,0,rating,a,a,1.0,core_destroyed,137,,9,30,10,4,59,0,7,0,ok,,3.899,n-62-29-15,29004097,2026-08-02T12:48:21+0200
8026b2e7e9744d15,auto-10d581bed771,tempest_reinforcements@65ddc55,tempest_reinforcements,65ddc55,jonbot_190003d@da3fd8a,jonbot_190003d,da3fd8a,vase,official,1,0,rating,a,a,1.0,core_destroyed,30,,10,0,10,6,226,0,5,3,ok,,2.927,n-62-29-34,29004097,2026-08-02T12:47:11+0200
80291774de13e585,auto-10d581bed771,tempest_picket@fdc1e1f,tempest_picket,fdc1e1f,tempest_reinforcements@65ddc55,tempest_reinforcements,65ddc55,sweden,official,1,0,rating,b,b,0.0,core_destroyed,42,,254,0,5,7,10,0,10,6,ok,,3.438,n-62-21-23,29004097,2026-08-02T12:46:37+0200
803b9748943c63f6,auto-10d581bed771,autistimusprime@ecd4d24,autistimusprime,ecd4d24,tempest_reinforcements@65ddc55,tempest_reinforcements,65ddc55,sweden,official,1,0,rating,b,b,0.0,core_destroyed,128,,127,270,7,9,20,0,10,13,ok,,4.252,n-62-31-21,29004097,2026-08-02T12:47:20+0200
805986097141ba54,auto-10d581bed771,e_condc@6db8844,e_condc,6db8844,tempest_reinforcements@65ddc55,tempest_reinforcements,65ddc55,runestone,official,1,0,rating,a,a,1.0,titanium_collected,1000,,2696,2470,12,18,12,0,11,5,ok,,12.635,n-62-21-97,29004097,2026-08-02T12:46:25+0200
805ace3119e25825,auto-10d581bed771,undertow@9713344,undertow,9713344,tempest_reinforcements@65ddc55,tempest_reinforcements,65ddc55,hive,official,1,0,rating,b,b,0.0,core_destroyed,67,,97,140,6,5,10,140,11,13,ok,,4.957,n-62-21-63,29004097,2026-08-02T12:46:19+0200
8063a2af79f1c16d,auto-10d581bed771,tempest_reinforcements@65ddc55,tempest_reinforcements,65ddc55,opponent_luc@e83a42c,opponent_luc,e83a42c,quarry,official,1,0,rating,a,a,1.0,core_destroyed,35,,10,0,11,6,248,0,8,0,ok,,6.592,n-62-31-15,29004097,2026-08-02T12:46:46+0200
80672066ae72818c,auto-10d581bed771,tempest_reinforcements@65ddc55,tempest_reinforcements,65ddc55,e9cand@9e77076,e9cand,9e77076,runestone,official,1,0,rating,a,a,1.0,core_destroyed,122,,10,0,11,5,5,0,10,3,ok,,4.157,n-62-31-11,29004097,2026-08-02T12:48:11+0200
80b21853bf8a67a7,auto-10d581bed771,tempest_blindfire@fdc1e1f,tempest_blindfire,fdc1e1f,tempest_reinforcements@65ddc55,tempest_reinforcements,65ddc55,strait,official,1,0,rating,a,a,1.0,core_destroyed,54,,66,0,11,4,10,0,10,4,ok,,4.353,n-62-21-89,29004097,2026-08-02T12:46:50+0200
80bebbc884e99cbe,auto-10d581bed771,e_t4l7@9e77076,e_t4l7,9e77076,tempest_reinforcements@65ddc55,tempest_reinforcements,65ddc55,longship,official,1,0,rating,b,b,0.0,core_destroyed,50,,64,160,6,22,10,100,11,14,ok,,3.328,n-62-29-17,29004097,2026-08-02T12:46:23+0200
80e84a98be48b0d7,auto-10d581bed771,vg_v3@9713344,vg_v3,9713344,tempest_reinforcements@65ddc55,tempest_reinforcements,65ddc55,vase,official,1,0,rating,b,b,0.0,core_destroyed,34,,409,0,3,3,10,0,11,6,ok,,2.809,n-62-31-18,29004097,2026-08-02T12:49:24+0200
80f31153c97b5d89,auto-10d581bed771,jonbot_190003d@da3fd8a,jonbot_190003d,da3fd8a,tempest_reinforcements@65ddc55,tempest_reinforcements,65ddc55,hive,official,1,0,rating,b,b,0.0,core_destroyed,42,,270,80,5,12,10,80,10,13,ok,,3.604,n-62-29-32,29004097,2026-08-02T12:46:55+0200
8102c7964253727f,auto-10d581bed771,vg_v2@9713344,vg_v2,9713344,tempest_reinforcements@65ddc55,tempest_reinforcements,65ddc55,fjord,official,1,0,rating,b,b,0.0,core_destroyed,42,,84,170,3,8,10,90,11,5,ok,,3.762,n-62-31-17,29004097,2026-08-02T12:49:03+0200
8106cc76c90db8fd,auto-10d581bed771,nemesis@9713344,nemesis,9713344,tempest_reinforcements@65ddc55,tempest_reinforcements,65ddc55,strait,official,1,0,rating,b,b,0.0,core_destroyed,65,,74,140,8,12,10,0,11,5,ok,,4.968,n-62-31-16,29004097,2026-08-02T12:47:22+0200
810fd907748e7e37,auto-10d581bed771,tempest_reinforcements@65ddc55,tempest_reinforcements,65ddc55,v233_d@9713344,v233_d,9713344,showdown,official,1,0,rating,a,a,1.0,core_destroyed,38,,10,0,10,8,92,40,7,11,ok,,3.782,n-62-31-10,29004097,2026-08-02T12:48:39+0200
8114bab66e364606,auto-10d581bed771,tempest_reinforcements@65ddc55,tempest_reinforcements,65ddc55,reaver@9713344,reaver,9713344,duel,official,1,0,rating,a,a,1.0,core_destroyed,56,,20,130,11,5,85,0,2,6,ok,,3.404,n-62-11-57,29004097,2026-08-02T12:48:00+0200
81250f4611f61df7,auto-10d581bed771,tempest_reinforcements@65ddc55,tempest_reinforcements,65ddc55,e_final@9e77076,e_final,9e77076,strait,official,1,0,rating,a,a,1.0,core_destroyed,69,,10,150,12,11,48,0,8,0,ok,,4.206,n-62-21-99,29004097,2026-08-02T12:46:54+0200
817102c8d67d2478,auto-10d581bed771,tempest_reinforcements@65ddc55,tempest_reinforcements,65ddc55,vanguard@c407e79,vanguard,c407e79,sweden,official,1,0,rating,a,a,1.0,core_destroyed,212,,20,0,16,8,99,1200,13,19,ok,,8.371,n-62-29-22,29004097,2026-08-02T12:48:59+0200
8181f5fe55f586e1,auto-10d581bed771,e_final@9e77076,e_final,9e77076,tempest_reinforcements@65ddc55,tempest_reinforcements,65ddc55,quarry,official,1,0,rating,a,a,1.0,core_destroyed,46,,40,0,11,1,8,0,11,5,ok,,4.532,n-62-21-99,29004097,2026-08-02T12:46:17+0200
81be2ad4cce5de78,auto-10d581bed771,tempest_reinforcements@e1dc316,tempest_reinforcements,e1dc316,tempest_reinforcements@65ddc55,tempest_reinforcements,65ddc55,skerry,official,1,0,rating,a,a,1.0,core_destroyed,37,,14,80,13,5,20,80,11,4,ok,,4.542,n-62-12-66,29004097,2026-08-02T12:46:37+0200
81cf2156d2a932e7,auto-10d581bed771,tempest_reinforcements@65ddc55,tempest_reinforcements,65ddc55,v233_c@9713344,v233_c,9713344,string,official,1,0,rating,a,a,1.0,titanium_collected,1000,,5694,9740,46,16,2460,0,2,2,ok,,31.195,n-62-31-9,29004097,2026-08-02T12:48:02+0200
81d1ca845563c35e,auto-10d581bed771,vg_v3@9713344,vg_v3,9713344,tempest_reinforcements@65ddc55,tempest_reinforcements,65ddc55,aurora,official,1,0,rating,b,b,0.0,core_destroyed,55,,77,110,7,9,10,110,12,11,ok,,5.014,n-62-31-7,29004097,2026-08-02T12:47:54+0200
81da33634a77c37d,auto-10d581bed771,baiter@9713344,baiter,9713344,tempest_reinforcements@65ddc55,tempest_reinforcements,65ddc55,bridge,official,1,0,rating,b,b,0.0,titanium_collected,1000,,3554,1070,2,5,895,4820,49,21,ok,,32.745,n-62-31-4,29004097,2026-08-02T12:47:32+0200
81e4a6acf7fedd2b,auto-10d581bed771,vg_v4@9713344,vg_v4,9713344,tempest_reinforcements@65ddc55,tempest_reinforcements,65ddc55,pinch,official,1,0,rating,b,b,0.0,core_destroyed,27,,75,0,4,3,20,50,10,8,ok,,3.131,n-62-31-13,29004097,2026-08-02T12:49:31+0200
81e5e751e2e46e80,auto-10d581bed771,vanguard_oracle@902be71,vanguard_oracle,902be71,tempest_reinforcements@65ddc55,tempest_reinforcements,65ddc55,pinch,official,1,0,rating,b,b,0.0,core_destroyed,24,,63,0,10,3,19,40,9,8,ok,,3.543,n-62-29-32,29004097,2026-08-02T12:48:32+0200
81ee7f099247d0e0,auto-10d581bed771,tempest_reinforcements@65ddc55,tempest_reinforcements,65ddc55,titanium_v1@9713344,titanium_v1,9713344,duel,official,1,0,rating,a,a,1.0,core_destroyed,29,,10,60,10,5,272,0,4,4,ok,,2.982,n-62-21-57,29004097,2026-08-02T12:47:00+0200
820edd95c6363d20,auto-10d581bed771,tempest_reinforcements@65ddc55,tempest_reinforcements,65ddc55,casemate_oracle@902be71,casemate_oracle,902be71,skerry,official,1,0,rating,b,b,0.0,core_destroyed,44,,16,90,12,4,37,0,8,12,ok,,4.841,n-62-11-63,29004097,2026-08-02T12:47:52+0200
824cd98ad1680441,auto-10d581bed771,vanguard_oracle@75591b7,vanguard_oracle,75591b7,tempest_reinforcements@65ddc55,tempest_reinforcements,65ddc55,hive,official,1,0,rating,b,b,0.0,core_destroyed,56,,106,120,8,4,30,120,10,13,ok,,4.414,n-62-29-30,29004097,2026-08-02T12:47:49+0200
825bd2ac76a717ee,auto-10d581bed771,v233_g@9713344,v233_g,9713344,tempest_reinforcements@65ddc55,tempest_reinforcements,65ddc55,hive,official,1,0,rating,b,b,0.0,core_destroyed,65,,76,200,9,12,10,140,11,13,ok,,4.255,n-62-21-99,29004097,2026-08-02T12:48:16+0200
826919df41a1782e,auto-10d581bed771,undertow@fdc1e1f,undertow,fdc1e1f,tempest_reinforcements@65ddc55,tempest_reinforcements,65ddc55,skerry,official,1,0,rating,b,b,0.0,core_destroyed,52,,68,230,12,8,18,120,13,5,ok,,4.856,n-62-21-67,29004097,2026-08-02T12:47:43+0200
826952d47030a8a7,auto-10d581bed771,vanguard@da3fd8a,vanguard,da3fd8a,tempest_reinforcements@65ddc55,tempest_reinforcements,65ddc55,fjord,official,1,0,rating,b,b,0.0,core_destroyed,37,,104,150,6,7,10,80,11,5,ok,,3.401,n-62-29-26,29004097,2026-08-02T12:48:50+0200
8282b7dcda8ecd52,auto-10d581bed771,e_final@9e77076,e_final,9e77076,tempest_reinforcements@65ddc55,tempest_reinforcements,65ddc55,sweden,official,1,0,rating,b,b,0.0,core_destroyed,68,,13,0,7,8,16,0,10,6,ok,,4.081,n-62-21-99,29004097,2026-08-02T12:47:16+0200
82a18e3da76ef4e2,auto-10d581bed771,tempest_reinforcements@65ddc55,tempest_reinforcements,65ddc55,tempest_oracle_ferry@fdc1e1f,tempest_oracle_ferry,fdc1e1f,duel,official,1,0,rating,b,b,0.0,core_destroyed,25,,9,50,10,4,66,50,8,5,ok,,3.814,n-62-21-4,29004097,2026-08-02T12:47:15+0200
82a516cbae2f0561,auto-10d581bed771,tempest_reinforcements@65ddc55,tempest_reinforcements,65ddc55,siege_v1@9713344,siege_v1,9713344,twins,official,1,0,rating,a,a,1.0,core_destroyed,33,,10,60,10,9,234,0,5,2,ok,,2.91,n-62-11-50,29004097,2026-08-02T12:46:42+0200
82b0660eb0334d55,auto-10d581bed771,v233_i@902be71,v233_i,902be71,tempest_reinforcements@65ddc55,tempest_reinforcements,65ddc55,hive,official,1,0,rating,b,b,0.0,core_destroyed,50,,131,130,10,11,0,100,11,13,ok,,3.95,n-62-29-20,29004097,2026-08-02T12:48:26+0200
82b3c44b2cb3108b,auto-10d581bed771,tempest_reinforcements@65ddc55,tempest_reinforcements,65ddc55,v233_i@902be71,v233_i,902be71,bridge,official,1,0,rating,b,b,0.0,core_destroyed,78,,10,0,13,7,169,120,3,8,ok,,4.328,n-62-29-20,29004097,2026-08-02T12:47:50+0200
82d0c9f4917382c1,auto-10d581bed771,mistral@ba943b9,mistral,ba943b9,tempest_reinforcements@65ddc55,tempest_reinforcements,65ddc55,skerry,official,1,0,rating,b,b,0.0,core_destroyed,34,,304,0,4,0,20,80,11,5,ok,,5.93,n-62-31-17,29004097,2026-08-02T12:46:57+0200
82d6232379df0771,auto-10d581bed771,vanguard@da3fd8a,vanguard,da3fd8a,tempest_reinforcements@65ddc55,tempest_reinforcements,65ddc55,vault,official,1,0,rating,b,b,0.0,core_destroyed,56,,123,240,7,6,30,230,12,14,ok,,4.296,n-62-29-5,29004097,2026-08-02T12:48:13+0200
82fc2dda5f293ccb,auto-10d581bed771,tempest_reinforcements@65ddc55,tempest_reinforcements,65ddc55,tempest_fast@eb1f0f3,tempest_fast,eb1f0f3,crossfire,official,1,0,rating,b,b,0.0,core_destroyed,36,,16,70,10,5,132,80,6,5,ok,,3.701,n-62-12-6,29004097,2026-08-02T12:46:38+0200
83048729ed89cf03,auto-10d581bed771,lockin@9713344,lockin,9713344,tempest_reinforcements@65ddc55,tempest_reinforcements,65ddc55,aurora,official,1,0,rating,b,b,0.0,core_destroyed,57,,6,0,13,1,20,170,12,18,ok,,7.414,n-62-30-23,29004097,2026-08-02T12:46:23+0200
83070c6e35bf6850,auto-10d581bed771,v233_d@9713344,v233_d,9713344,tempest_reinforcements@65ddc55,tempest_reinforcements,65ddc55,vault,official,1,0,rating,b,b,0.0,core_destroyed,71,,103,160,4,8,14,300,12,21,ok,,4.521,n-62-31-11,29004097,2026-08-02T12:48:49+0200
831877a157225cde,auto-10d581bed771,tempest_reinforcements@65ddc55,tempest_reinforcements,65ddc55,reaver@9713344,reaver,9713344,vault,official,1,0,rating,a,a,1.0,core_destroyed,64,,30,250,11,21,351,200,7,12,ok,,3.822,n-62-11-54,29004097,2026-08-02T12:46:47+0200
832012cb89b89a2b,auto-10d581bed771,frontier_v1@9713344,frontier_v1,9713344,tempest_reinforcements@65ddc55,tempest_reinforcements,65ddc55,hive,official,1,0,rating,b,b,0.0,core_destroyed,42,,48,0,11,1,10,80,10,13,ok,,4.102,n-62-29-21,29004097,2026-08-02T12:46:17+0200
83433ecad5678bad,auto-10d581bed771,tempest_reinforcements@65ddc55,tempest_reinforcements,65ddc55,v233_f@9713344,v233_f,9713344,crossfire,official,1,0,rating,a,a,1.0,core_destroyed,37,,10,80,10,6,83,170,10,15,ok,,4.104,n-62-21-97,29004097,2026-08-02T12:47:37+0200
83525e576240ed4a,auto-10d581bed771,opponent_luc@e83a42c,opponent_luc,e83a42c,tempest_reinforcements@65ddc55,tempest_reinforcements,65ddc55,pinch,official,1,0,rating,b,b,0.0,core_destroyed,42,,222,0,8,1,10,0,10,4,ok,,5.177,n-62-31-15,29004097,2026-08-02T12:46:39+0200
83834a8cb7de88c5,auto-10d581bed771,tempest_reinforcements@65ddc55,tempest_reinforcements,65ddc55,baiter@9713344,baiter,9713344,quarry,official,1,0,rating,a,a,1.0,core_destroyed,50,,11,80,11,8,14,20,8,15,ok,,4.883,n-62-31-23,29004097,2026-08-02T12:46:35+0200
8385b67d1c262554,auto-10d581bed771,tempest_reinforcements@65ddc55,tempest_reinforcements,65ddc55,v233_i@902be71,v233_i,902be71,strait,official,1,0,rating,a,a,1.0,core_destroyed,76,,37,200,11,18,147,400,9,18,ok,,3.995,n-62-29-24,29004097,2026-08-02T12:48:13+0200
839256d6e0638593,auto-10d581bed771,lockin@9713344,lockin,9713344,tempest_reinforcements@65ddc55,tempest_reinforcements,65ddc55,vase,official,1,0,rating,b,b,0.0,core_destroyed,27,,560,0,0,0,10,0,10,6,ok,,2.599,n-62-30-24,29004097,2026-08-02T12:47:50+0200
83a00f83c8bae5d0,auto-10d581bed771,tempest_reinforcements@65ddc55,tempest_reinforcements,65ddc55,undertow@fdc1e1f,undertow,fdc1e1f,runestone,official,1,0,rating,a,a,1.0,core_destroyed,49,,10,0,11,5,58,180,13,12,ok,,4.949,n-62-21-67,29004097,2026-08-02T12:47:19+0200
83c0129feaf6ff9f,auto-10d581bed771,tempest_reinforcements@65ddc55,tempest_reinforcements,65ddc55,uw_v2@9713344,uw_v2,9713344,strait,official,1,0,rating,a,a,1.0,core_destroyed,58,,10,120,11,11,106,240,7,12,ok,,3.197,n-62-11-62,29004097,2026-08-02T12:48:16+0200
83f13a525ceb0a74,auto-10d581bed771,tempest_reinforcements@65ddc55,tempest_reinforcements,65ddc55,frontier_v2@9713344,frontier_v2,9713344,duel,official,1,0,rating,a,a,1.0,core_destroyed,31,,16,70,10,5,127,0,7,3,ok,,3.088,n-62-29-22,29004097,2026-08-02T12:47:25+0200
83f652d40176b57c,auto-10d581bed771,tempest_reinforcements@65ddc55,tempest_reinforcements,65ddc55,vanguard@da3fd8a,vanguard,da3fd8a,quarry,official,1,0,rating,a,a,1.0,core_destroyed,55,,10,90,11,8,95,200,5,23,ok,,3.244,n-62-29-29,29004097,2026-08-02T12:48:06+0200
8404e0257f1c7cfd,auto-10d581bed771,tempest_reinforcements@65ddc55,tempest_reinforcements,65ddc55,tempest_sentinel@fdc1e1f,tempest_sentinel,fdc1e1f,longship,official,1,0,rating,a,a,1.0,core_destroyed,75,,10,40,9,11,37,0,10,3,ok,,4.584,n-62-21-54,29004097,2026-08-02T12:47:32+0200
841dd5872f79b3f0,auto-10d581bed771,turtle@9713344,turtle,9713344,tempest_reinforcements@65ddc55,tempest_reinforcements,65ddc55,vault,official,1,0,rating,b,b,0.0,core_destroyed,73,,69,0,6,8,20,320,11,25,ok,,4.912,n-62-21-62,29004097,2026-08-02T12:47:21+0200
843801ab620fadb6,auto-10d581bed771,vg_v7@9713344,vg_v7,9713344,tempest_reinforcements@65ddc55,tempest_reinforcements,65ddc55,vault,official,1,0,rating,b,b,0.0,core_destroyed,61,,85,0,6,4,31,260,11,21,ok,,4.323,n-62-31-24,29004097,2026-08-02T12:48:52+0200
8442923ce8fbe9f0,auto-10d581bed771,casemate@902be71,casemate,902be71,tempest_reinforcements@65ddc55,tempest_reinforcements,65ddc55,pinch,official,1,0,rating,b,b,0.0,core_destroyed,27,,0,0,7,15,10,0,10,4,ok,,4.03,n-62-11-61,29004097,2026-08-02T12:46:45+0200
8442f832c1ceba52,auto-10d581bed771,tempest_reinforcements@65ddc55,tempest_reinforcements,65ddc55,vg_v1@9713344,vg_v1,9713344,showdown,official,1,0,rating,a,a,1.0,core_destroyed,75,,10,0,9,8,91,0,4,3,ok,,3.407,n-62-30-24,29004097,2026-08-02T12:49:05+0200
84575534c107bf1b,auto-10d581bed771,jonbot@9713344,jonbot,9713344,tempest_reinforcements@65ddc55,tempest_reinforcements,65ddc55,fjord,official,1,0,rating,b,b,0.0,core_destroyed,27,,236,0,5,0,10,50,11,5,ok,,3.361,n-62-29-5,29004097,2026-08-02T12:46:22+0200
845ddaeaa8b71e1b,auto-10d581bed771,jonbot@da3fd8a,jonbot,da3fd8a,tempest_reinforcements@65ddc55,tempest_reinforcements,65ddc55,vase,official,1,0,rating,b,b,0.0,core_destroyed,30,,279,0,4,2,10,0,11,6,ok,,3.251,n-62-29-16,29004097,2026-08-02T12:47:28+0200
84666b68cd6d61e1,auto-10d581bed771,vg_v7@9713344,vg_v7,9713344,tempest_reinforcements@65ddc55,tempest_reinforcements,65ddc55,jackpot,official,1,0,rating,b,b,0.0,core_destroyed,77,,100,0,2,2,22,180,14,7,ok,,5.178,n-62-31-22,29004097,2026-08-02T12:48:01+0200
84808f1cc4241d53,auto-10d581bed771,v233_d@9713344,v233_d,9713344,tempest_reinforcements@65ddc55,tempest_reinforcements,65ddc55,twins,official,1,0,rating,b,b,0.0,core_destroyed,55,,113,0,6,9,10,0,10,5,ok,,3.39,n-62-31-11,29004097,2026-08-02T12:48:34+0200
84810cf0676633da,auto-10d581bed771,casemate_oracle@902be71,casemate_oracle,902be71,tempest_reinforcements@65ddc55,tempest_reinforcements,65ddc55,vase,official,1,0,rating,a,a,1.0,core_destroyed,31,,138,0,8,2,7,0,9,3,ok,,3.223,n-62-11-64,29004097,2026-08-02T12:47:32+0200
84823ac5ccbc0813,auto-10d581bed771,v233_i@902be71,v233_i,902be71,tempest_reinforcements@65ddc55,tempest_reinforcements,65ddc55,twins,official,1,0,rating,b,b,0.0,core_destroyed,44,,101,170,8,11,20,0,11,5,ok,,3.43,n-62-29-24,29004097,2026-08-02T12:48:46+0200
84a67e0410bfb434,auto-10d581bed771,tempest_reinforcements@65ddc55,tempest_reinforcements,65ddc55,vg_v1@9713344,vg_v1,9713344,vault,official,1,0,rating,a,a,1.0,core_destroyed,51,,10,110,12,6,86,110,6,7,ok,,4.412,n-62-31-14,29004097,2026-08-02T12:49:03+0200
84ba02fb5a74814d,auto-10d581bed771,v233_c@9713344,v233_c,9713344,tempest_reinforcements@65ddc55,tempest_reinforcements,65ddc55,atoll,official,1,0,rating,b,b,0.0,core_destroyed,51,,80,110,4,6,10,110,10,6,ok,,3.568,n-62-11-68,29004097,2026-08-02T12:48:08+0200
84c4694efa0e2ce3,auto-10d581bed771,tempest_reinforcements@65ddc55,tempest_reinforcements,65ddc55,e9cand@9e77076,e9cand,9e77076,bridge,official,1,0,rating,a,a,1.0,titanium_collected,1000,,4243,9270,49,24,2294,0,7,14,ok,,35.504,n-62-31-11,29004097,2026-08-02T12:46:46+0200
84cef071eecd3b41,auto-10d581bed771,tempest_reinforcements@65ddc55,tempest_reinforcements,65ddc55,vg_v7@9713344,vg_v7,9713344,pinch,official,1,0,rating,a,a,1.0,core_destroyed,29,,8,50,10,9,95,0,2,3,ok,,3.885,n-62-31-22,29004097,2026-08-02T12:48:15+0200
8509fb3b3be266ba,auto-10d581bed771,tempest_reinforcements@65ddc55,tempest_reinforcements,65ddc55,claude_challenger_2@fdc1e1f,claude_challenger_2,fdc1e1f,sweden,official,1,0,rating,a,a,1.0,core_destroyed,249,,17,1560,25,56,1120,0,0,0,ok,,6.465,n-62-21-92,29004097,2026-08-02T12:46:41+0200
852548e27173e828,auto-10d581bed771,tempest_reinforcements@65ddc55,tempest_reinforcements,65ddc55,tempest_reinforcements@51ad530,tempest_reinforcements,51ad530,jackpot,official,1,0,rating,a,a,1.0,core_destroyed,56,,17,120,10,6,46,120,11,6,ok,,5.078,n-62-13-6,29004097,2026-08-02T12:46:52+0200
852a4fdbcd491b9a,auto-10d581bed771,tempest_reinforcements@65ddc55,tempest_reinforcements,65ddc55,tempest_blindfire@fdc1e1f,tempest_blindfire,fdc1e1f,aurora,official,1,0,rating,a,a,1.0,core_destroyed,43,,10,80,10,8,292,80,5,7,ok,,3.855,n-62-21-91,29004097,2026-08-02T12:46:12+0200
8539220881083795,auto-10d581bed771,tempest_reinforcements@65ddc55,tempest_reinforcements,65ddc55,v233_b@9713344,v233_b,9713344,duel,official,1,0,rating,a,a,1.0,core_destroyed,52,,18,120,12,5,62,40,6,9,ok,,3.475,n-62-11-65,29004097,2026-08-02T12:48:55+0200
85406f6207f64d3e,auto-10d581bed771,titanium_v1@9713344,titanium_v1,9713344,tempest_reinforcements@65ddc55,tempest_reinforcements,65ddc55,sweden,official,1,0,rating,b,b,0.0,core_destroyed,42,,294,0,4,4,10,0,10,6,ok,,2.853,n-62-21-59,29004097,2026-08-02T12:47:21+0200
854f44f6f07e779b,auto-10d581bed771,tempest_reinforcements@65ddc55,tempest_reinforcements,65ddc55,casemate@902be71,casemate,902be71,hive,official,1,0,rating,a,a,1.0,core_destroyed,43,,10,80,11,11,79,0,5,33,ok,,3.526,n-62-11-60,29004097,2026-08-02T12:47:53+0200
855814b02aa6bdd6,auto-10d581bed771,autistimusprime@ecd4d24,autistimusprime,ecd4d24,tempest_reinforcements@65ddc55,tempest_reinforcements,65ddc55,aurora,official,1,0,rating,b,b,0.0,core_destroyed,48,,104,90,10,4,20,90,11,11,ok,,4.696,n-62-31-24,29004097,2026-08-02T12:46:38+0200
856e3fe5e1a64d58,auto-10d581bed771,v233_e@9713344,v233_e,9713344,tempest_reinforcements@65ddc55,tempest_reinforcements,65ddc55,sprint,official,1,0,rating,b,b,0.0,core_destroyed,29,,106,50,7,6,9,50,10,7,ok,,3.392,n-62-21-104,29004097,2026-08-02T12:47:40+0200
85705d2d0271a2b7,auto-10d581bed771,tempest_outer@fdc1e1f,tempest_outer,fdc1e1f,tempest_reinforcements@65ddc55,tempest_reinforcements,65ddc55,sweden,official,1,0,rating,b,b,0.0,core_destroyed,42,,290,0,4,7,10,0,10,6,ok,,3.164,n-62-21-2,29004097,2026-08-02T12:46:26+0200
857f8a731701c54e,auto-10d581bed771,uw_v1@9713344,uw_v1,9713344,tempest_reinforcements@65ddc55,tempest_reinforcements,65ddc55,duel,official,1,0,rating,b,b,0.0,core_destroyed,43,,78,90,3,4,10,90,10,5,ok,,3.871,n-62-31-23,29004097,2026-08-02T12:48:26+0200
858481a6ec1209fa,auto-10d581bed771,tempest_reinforcements@65ddc55,tempest_reinforcements,65ddc55,reaver@9713344,reaver,9713344,showdown,official,1,0,rating,a,a,1.0,core_destroyed,38,,10,0,10,8,84,0,8,4,ok,,3.821,n-62-11-53,29004097,2026-08-02T12:47:06+0200
85bec8fad5a90f5a,auto-10d581bed771,tempest_reinforcements@65ddc55,tempest_reinforcements,65ddc55,vanguard_oracle@fdc1e1f,vanguard_oracle,fdc1e1f,twins,official,1,0,rating,b,b,0.0,core_destroyed,56,,10,50,9,3,68,230,11,9,ok,,4.354,n-62-30-23,29004097,2026-08-02T12:48:23+0200
85f5e338771f7c3c,auto-10d581bed771,vanguard_oracle@902be71,vanguard_oracle,902be71,tempest_reinforcements@65ddc55,tempest_reinforcements,65ddc55,quarry,official,1,0,rating,b,b,0.0,core_destroyed,67,,138,250,11,11,10,0,11,6,ok,,4.752,n-62-29-32,29004097,2026-08-02T12:48:41+0200
8637762be9c3550d,auto-10d581bed771,vg_v6@9713344,vg_v6,9713344,tempest_reinforcements@65ddc55,tempest_reinforcements,65ddc55,showdown,official,1,0,rating,b,b,0.0,core_destroyed,41,,92,0,5,5,8,0,10,8,ok,,3.073,n-62-11-54,29004097,2026-08-02T12:48:21+0200
86450d9986bd5083,auto-10d581bed771,casemate@902be71,casemate,902be71,tempest_reinforcements@65ddc55,tempest_reinforcements,65ddc55,duel,official,1,0,rating,b,b,0.0,core_destroyed,56,,11,0,5,25,41,200,12,8,ok,,3.697,n-62-11-60,29004097,2026-08-02T12:47:43+0200
865ff35769e4e7a7,auto-10d581bed771,vg_v6@9713344,vg_v6,9713344,tempest_reinforcements@65ddc55,tempest_reinforcements,65ddc55,atoll,official,1,0,rating,b,b,0.0,core_destroyed,44,,111,50,7,6,30,100,12,6,ok,,3.598,n-62-11-57,29004097,2026-08-02T12:48:07+0200
8677b01660c270b9,auto-10d581bed771,tempest_sentinel@fdc1e1f,tempest_sentinel,fdc1e1f,tempest_reinforcements@65ddc55,tempest_reinforcements,65ddc55,hive,official,1,0,rating,b,b,0.0,core_destroyed,42,,194,80,6,6,10,80,10,11,ok,,3.506,n-62-21-54,29004097,2026-08-02T12:47:18+0200
86bae71683bc2377,auto-10d581bed771,baiter@9713344,baiter,9713344,tempest_reinforcements@65ddc55,tempest_reinforcements,65ddc55,vault,official,1,0,rating,b,b,0.0,core_destroyed,61,,85,0,6,4,31,260,11,21,ok,,4.662,n-62-11-60,29004097,2026-08-02T12:46:35+0200
86bc96ab4a7d79a2,auto-10d581bed771,tempest_reinforcements@65ddc55,tempest_reinforcements,65ddc55,mistral_fast@26b5aa1,mistral_fast,26b5aa1,pinch,official,1,0,rating,b,b,0.0,core_destroyed,28,,17,0,10,2,70,0,10,1,ok,,4.169,n-62-31-18,29004097,2026-08-02T12:46:13+0200
86c47ab5358e5892,auto-10d581bed771,vg_v4@9713344,vg_v4,9713344,tempest_reinforcements@65ddc55,tempest_reinforcements,65ddc55,skerry,official,1,0,rating,b,b,0.0,core_destroyed,52,,92,0,6,4,20,120,13,5,ok,,4.316,n-62-31-16,29004097,2026-08-02T12:48:19+0200
86dfe792a41118cb,auto-10d581bed771,tempest_reinforcements@65ddc55,tempest_reinforcements,65ddc55,v233_i@902be71,v233_i,902be71,sweden,official,1,0,rating,a,a,1.0,core_destroyed,209,,10,0,16,8,122,1190,13,19,ok,,8.113,n-62-29-24,29004097,2026-08-02T12:48:36+0200
871a3e722995bfe9,auto-10d581bed771,tempest_reinforcements@65ddc55,tempest_reinforcements,65ddc55,autistimusprime@ecd4d24,autistimusprime,ecd4d24,strait,official,1,0,rating,b,b,0.0,core_destroyed,75,,7,160,14,13,37,0,12,1,ok,,5.783,n-62-31-21,29004097,2026-08-02T12:46:58+0200
8729d80ec1a4e801,auto-10d581bed771,v233_c@9713344,v233_c,9713344,tempest_reinforcements@65ddc55,tempest_reinforcements,65ddc55,vault,official,1,0,rating,b,b,0.0,core_destroyed,69,,99,140,4,8,26,300,12,21,ok,,3.832,n-62-31-9,29004097,2026-08-02T12:48:33+0200
875c001cfe00a13c,auto-10d581bed771,tempest_reinforcements@65ddc55,tempest_reinforcements,65ddc55,claude_challenger_1@fdc1e1f,claude_challenger_1,fdc1e1f,jackpot,official,1,0,rating,a,a,1.0,core_destroyed,36,,20,70,11,7,590,0,0,0,ok,,2.807,n-62-11-65,29004097,2026-08-02T12:46:38+0200
876b40e94ccc31a9,auto-10d581bed771,tempest_reinforcements@65ddc55,tempest_reinforcements,65ddc55,frontier_v2@9713344,frontier_v2,9713344,twins,official,1,0,rating,a,a,1.0,core_destroyed,31,,20,60,10,8,49,0,8,3,ok,,3.233,n-62-29-29,29004097,2026-08-02T12:46:41+0200
881dc89508582a58,auto-10d581bed771,tempest_reinforcements@65ddc55,tempest_reinforcements,65ddc55,uw_v1@9713344,uw_v1,9713344,duel,official,1,0,rating,a,a,1.0,core_destroyed,37,,10,80,10,5,80,50,7,5,ok,,3.728,n-62-31-23,29004097,2026-08-02T12:48:21+0200
881e163e82fdd602,auto-10d581bed771,v233_d@9713344,v233_d,9713344,tempest_reinforcements@65ddc55,tempest_reinforcements,65ddc55,string,official,1,0,rating,b,b,0.0,core_destroyed,71,,321,0,3,2,40,470,13,16,ok,,3.722,n-62-31-11,29004097,2026-08-02T12:48:18+0200
8830377d18f411a0,auto-10d581bed771,tempest_reinforcements@65ddc55,tempest_reinforcements,65ddc55,vg_v1@9713344,vg_v1,9713344,hive,official,1,0,rating,a,a,1.0,core_destroyed,57,,10,120,12,11,90,0,3,4,ok,,4.384,n-62-30-24,29004097,2026-08-02T12:48:14+0200
884f7dd03dd3db3f,auto-10d581bed771,vanguard_oracle@902be71,vanguard_oracle,902be71,tempest_reinforcements@65ddc55,tempest_reinforcements,65ddc55,twins,official,1,0,rating,b,b,0.0,core_destroyed,50,,76,0,9,0,10,0,10,5,ok,,3.577,n-62-28-29,29004097,2026-08-02T12:48:17+0200
8855daaf0daff1ed,auto-10d581bed771,claude_challenger_1@fdc1e1f,claude_challenger_1,fdc1e1f,tempest_reinforcements@65ddc55,tempest_reinforcements,65ddc55,skerry,official,1,0,rating,b,b,0.0,core_destroyed,47,,115,200,11,5,31,180,12,9,ok,,6.1,n-62-11-65,29004097,2026-08-02T12:47:50+0200
88614ef17bd3b50e,auto-10d581bed771,tempest_reinforcements@65ddc55,tempest_reinforcements,65ddc55,v233_c@9713344,v233_c,9713344,crossfire,official,1,0,rating,a,a,1.0,core_destroyed,40,,29,150,11,8,69,50,8,7,ok,,3.59,n-62-11-68,29004097,2026-08-02T12:48:58+0200
88637601b912b268,auto-10d581bed771,e_t4l7@9e77076,e_t4l7,9e77076,tempest_reinforcements@65ddc55,tempest_reinforcements,65ddc55,string,official,1,0,rating,b,b,0.0,core_destroyed,92,,99,210,3,5,16,220,11,7,ok,,3.362,n-62-29-17,29004097,2026-08-02T12:47:40+0200
8869da5bb9eac3f0,auto-10d581bed771,opponent_luc@e83a42c,opponent_luc,e83a42c,tempest_reinforcements@65ddc55,tempest_reinforcements,65ddc55,duel,official,1,0,rating,b,b,0.0,core_destroyed,31,,295,60,6,3,10,60,10,5,ok,,3.836,n-62-31-20,29004097,2026-08-02T12:47:24+0200
88733ca809d0a974,auto-10d581bed771,casemate_oracle@902be71,casemate_oracle,902be71,tempest_reinforcements@65ddc55,tempest_reinforcements,65ddc55,fjord,official,1,0,rating,b,b,0.0,core_destroyed,47,,232,0,5,5,10,100,13,5,ok,,4.01,n-62-11-62,29004097,2026-08-02T12:48:37+0200
887359e8c5fd8e61,auto-10d581bed771,frontier_v1@9713344,frontier_v1,9713344,tempest_reinforcements@65ddc55,tempest_reinforcements,65ddc55,string,official,1,0,rating,b,b,0.0,core_destroyed,78,,94,0,3,1,25,200,13,9,ok,,4.2,n-62-29-22,29004097,2026-08-02T12:46:17+0200
8881762ec18d907c,auto-10d581bed771,v233_i@902be71,v233_i,902be71,tempest_reinforcements@65ddc55,tempest_reinforcements,65ddc55,skerry,official,1,0,rating,b,b,0.0,core_destroyed,39,,71,160,9,5,10,90,11,5,ok,,3.779,n-62-29-24,29004097,2026-08-02T12:48:01+0200
8881ad3410f9f46a,auto-10d581bed771,v233_c@9713344,v233_c,9713344,tempest_reinforcements@65ddc55,tempest_reinforcements,65ddc55,jackpot,official,1,0,rating,b,b,0.0,core_destroyed,59,,85,30,3,5,10,130,12,7,ok,,4.055,n-62-21-92,29004097,2026-08-02T12:47:48+0200
88957204c8a153e6,auto-10d581bed771,vanguard@c407e79,vanguard,c407e79,tempest_reinforcements@65ddc55,tempest_reinforcements,65ddc55,pinch,official,1,0,rating,b,b,0.0,core_destroyed,27,,71,0,4,3,20,50,10,8,ok,,3.15,n-62-29-22,29004097,2026-08-02T12:47:54+0200
889ed60a172f18e2,auto-10d581bed771,tempest_reinforcements@87724ec,tempest_reinforcements,87724ec,tempest_reinforcements@65ddc55,tempest_reinforcements,65ddc55,string,official,1,0,rating,b,b,0.0,core_destroyed,91,,95,0,2,1,48,220,11,7,ok,,3.376,n-62-12-65,29004097,2026-08-02T12:48:02+0200
88a66af120351a9d,auto-10d581bed771,reaver@9713344,reaver,9713344,tempest_reinforcements@65ddc55,tempest_reinforcements,65ddc55,vase,official,1,0,rating,b,b,0.0,core_destroyed,34,,409,0,3,3,10,0,11,6,ok,,2.795,n-62-11-54,29004097,2026-08-02T12:46:43+0200
88a82692c67baba5,auto-10d581bed771,tempest_reinforcements@65ddc55,tempest_reinforcements,65ddc55,tempest_ferry@26b5aa1,tempest_ferry,26b5aa1,atoll,official,1,0,rating,b,b,0.0,titanium_stored,32,,16,60,11,5,56,60,11,5,ok,,4.127,n-62-12-5,29004097,2026-08-02T12:46:20+0200
88b0ce80eeec9044,auto-10d581bed771,v233_a@9713344,v233_a,9713344,tempest_reinforcements@65ddc55,tempest_reinforcements,65ddc55,sprint,official,1,0,rating,b,b,0.0,core_destroyed,30,,28,50,4,6,10,50,9,8,ok,,2.532,n-62-11-64,29004097,2026-08-02T12:48:15+0200
88c3a3ec62fb7186,auto-10d581bed771,tempest_reinforcements@edf93ad,tempest_reinforcements,edf93ad,tempest_reinforcements@65ddc55,tempest_reinforcements,65ddc55,fjord,official,1,0,rating,a,a,1.0,core_destroyed,27,,8,50,11,5,7,50,11,4,ok,,3.982,n-62-12-67,29004097,2026-08-02T12:47:02+0200
88cb24310df5a5d7,auto-10d581bed771,tempest_reinforcements@65ddc55,tempest_reinforcements,65ddc55,e_t4l7@9e77076,e_t4l7,9e77076,bridge,official,1,0,rating,a,a,1.0,core_destroyed,334,,139,2680,33,24,1442,1330,5,11,ok,,11.049,n-62-29-15,29004097,2026-08-02T12:46:59+0200
88cd305189726c55,auto-10d581bed771,tempest_reinforcements@65ddc55,tempest_reinforcements,65ddc55,vg_v4@9713344,vg_v4,9713344,sweden,official,1,0,rating,a,a,1.0,titanium_collected,1000,,3923,9090,49,54,3563,2090,1,8,ok,,31.461,n-62-31-16,29004097,2026-08-02T12:49:15+0200
88de52bc2fc92ee8,auto-10d581bed771,tempest_reinforcements@65ddc55,tempest_reinforcements,65ddc55,tempest_picket@fdc1e1f,tempest_picket,fdc1e1f,string,official,1,0,rating,a,a,1.0,core_destroyed,64,,34,260,14,10,272,150,2,2,ok,,4.745,n-62-21-23,29004097,2026-08-02T12:46:22+0200
88ffc8d989f2321b,auto-10d581bed771,baiter@9713344,baiter,9713344,tempest_reinforcements@65ddc55,tempest_reinforcements,65ddc55,atoll,official,1,0,rating,b,b,0.0,core_destroyed,44,,111,50,7,6,30,100,12,6,ok,,5.238,n-62-31-4,29004097,2026-08-02T12:46:41+0200
892693a74cdbdb2f,auto-10d581bed771,tempest_reinforcements@65ddc55,tempest_reinforcements,65ddc55,undertow_oracle@fdc1e1f,undertow_oracle,fdc1e1f,vase,official,1,0,rating,a,a,1.0,core_destroyed,100,,20,0,10,6,132,200,6,6,ok,,5.134,n-62-31-4,29004097,2026-08-02T12:49:21+0200
894836636c67b166,auto-10d581bed771,vg_v3@9713344,vg_v3,9713344,tempest_reinforcements@65ddc55,tempest_reinforcements,65ddc55,strait,official,1,0,rating,b,b,0.0,core_destroyed,74,,58,160,5,11,10,0,11,5,ok,,4.059,n-62-31-18,29004097,2026-08-02T12:48:25+0200
8953a639e8fc09d8,auto-10d581bed771,tempest_ferry@26b5aa1,tempest_ferry,26b5aa1,tempest_reinforcements@65ddc55,tempest_reinforcements,65ddc55,crossfire,official,1,0,rating,a,a,1.0,core_destroyed,32,,44,0,11,3,17,60,10,4,ok,,3.701,n-62-12-5,29004097,2026-08-02T12:46:48+0200
8961bc38867b8053,auto-10d581bed771,e9cand@9e77076,e9cand,9e77076,tempest_reinforcements@65ddc55,tempest_reinforcements,65ddc55,pinch,official,1,0,rating,b,b,0.0,core_destroyed,28,,41,0,9,0,20,50,10,9,ok,,3.56,n-62-31-11,29004097,2026-08-02T12:47:58+0200
897048a0fd2b32d8,auto-10d581bed771,tempest_reinforcements@65ddc55,tempest_reinforcements,65ddc55,tempest_picket@fdc1e1f,tempest_picket,fdc1e1f,strait,official,1,0,rating,a,a,1.0,core_destroyed,46,,11,90,11,11,315,90,5,8,ok,,4.083,n-62-21-23,29004097,2026-08-02T12:46:12+0200
89743ab141ddc415,auto-10d581bed771,tempest_reinforcements@65ddc55,tempest_reinforcements,65ddc55,tempest_frontier@fdc1e1f,tempest_frontier,fdc1e1f,string,official,1,0,rating,a,a,1.0,core_destroyed,61,,29,250,12,10,251,140,1,2,ok,,5.098,n-62-21-18,29004097,2026-08-02T12:47:40+0200
897afec79a5c2ec4,auto-10d581bed771,undertow_1ac7ac4@da3fd8a,undertow_1ac7ac4,da3fd8a,tempest_reinforcements@65ddc55,tempest_reinforcements,65ddc55,string,official,1,0,rating,b,b,0.0,core_destroyed,66,,95,10,1,8,20,160,12,7,ok,,4.076,n-62-31-5,29004097,2026-08-02T12:47:56+0200
897e5b398c1f7ff6,auto-10d581bed771,tempest_reinforcements@65ddc55,tempest_reinforcements,65ddc55,autistimusprime@ecd4d24,autistimusprime,ecd4d24,hive,official,1,0,rating,a,a,1.0,core_destroyed,46,,10,90,11,11,113,0,7,7,ok,,4.435,n-62-31-24,29004097,2026-08-02T12:47:21+0200
89839eb356da64ac,auto-10d581bed771,tempest_reinforcements@65ddc55,tempest_reinforcements,65ddc55,uw_v1@9713344,uw_v1,9713344,longship,official,1,0,rating,a,a,1.0,core_destroyed,55,,10,110,11,12,70,0,3,3,ok,,3.886,n-62-31-23,29004097,2026-08-02T12:49:02+0200
89e0f71f9f8b38ee,auto-10d581bed771,tempest_reinforcements@65ddc55,tempest_reinforcements,65ddc55,vanguard@c407e79,vanguard,c407e79,showdown,official,1,0,rating,a,a,1.0,core_destroyed,89,,5,0,10,8,59,0,7,6,ok,,4.235,n-62-29-22,29004097,2026-08-02T12:48:14+0200
8a00d9b244675c73,auto-10d581bed771,tempest_reinforcements@65ddc55,tempest_reinforcements,65ddc55,autistimusprime@ecd4d24,autistimusprime,ecd4d24,sprint,official,1,0,rating,b,b,0.0,core_destroyed,29,,22,50,10,5,60,10,7,5,ok,,3.297,n-62-31-21,29004097,2026-08-02T12:46:48+0200
8a01842ae85f50d5,auto-10d581bed771,undertow_oracle@fdc1e1f,undertow_oracle,fdc1e1f,tempest_reinforcements@65ddc55,tempest_reinforcements,65ddc55,crossfire,official,1,0,rating,a,a,1.0,core_destroyed,33,,49,70,10,6,9,70,10,5,ok,,3.751,n-62-31-21,29004097,2026-08-02T12:48:11+0200
8a06bb5eb762c732,auto-10d581bed771,tempest_reinforcements@65ddc55,tempest_reinforcements,65ddc55,jonbot@9713344,jonbot,9713344,crossfire,official,1,0,rating,a,a,1.0,core_destroyed,40,,30,90,11,6,262,0,5,0,ok,,3.108,n-62-29-29,29004097,2026-08-02T12:47:22+0200
8a0b7cf9523ebdef,auto-10d581bed771,tempest_reinforcements@65ddc55,tempest_reinforcements,65ddc55,tempest_reinforcements@e1dc316,tempest_reinforcements,e1dc316,bridge,official,1,0,rating,a,a,1.0,core_destroyed,71,,7,0,9,8,33,0,11,6,ok,,4.74,n-62-12-64,29004097,2026-08-02T12:46:23+0200
8a3822098840e69f,auto-10d581bed771,tempest_reinforcements@65ddc55,tempest_reinforcements,65ddc55,nemesis@9713344,nemesis,9713344,bridge,official,1,0,rating,a,a,1.0,core_destroyed,239,,134,1810,26,24,746,1030,6,15,ok,,8.647,n-62-31-13,29004097,2026-08-02T12:46:52+0200
8a927efed153ba1b,auto-10d581bed771,tempest_reinforcements@65ddc55,tempest_reinforcements,65ddc55,v233_a@9713344,v233_a,9713344,atoll,official,1,0,rating,a,a,1.0,core_destroyed,48,,30,110,11,6,125,0,6,7,ok,,3.393,n-62-11-63,29004097,2026-08-02T12:47:54+0200
8a9e268f897111f2,auto-10d581bed771,tempest_reinforcements@65ddc55,tempest_reinforcements,65ddc55,vg_v6@9713344,vg_v6,9713344,longship,official,1,0,rating,a,a,1.0,core_destroyed,53,,10,110,12,12,100,40,8,7,ok,,4.029,n-62-11-54,29004097,2026-08-02T12:47:50+0200
8ab43f720028663a,auto-10d581bed771,casemate@902be71,casemate,902be71,tempest_reinforcements@65ddc55,tempest_reinforcements,65ddc55,crossfire,official,1,0,rating,b,b,0.0,core_destroyed,49,,2,0,7,11,20,110,11,6,ok,,3.763,n-62-11-60,29004097,2026-08-02T12:47:35+0200
8ac74ef6c166d966,auto-10d581bed771,tempest_reinforcements@65ddc55,tempest_reinforcements,65ddc55,opponent_luc@e83a42c,opponent_luc,e83a42c,vault,official,1,0,rating,a,a,1.0,core_destroyed,42,,12,90,11,6,125,0,9,3,ok,,5.307,n-62-11-57,29004097,2026-08-02T12:46:52+0200
8adc75f8531047e2,auto-10d581bed771,vanguard@818f3b4,vanguard,818f3b4,tempest_reinforcements@65ddc55,tempest_reinforcements,65ddc55,hive,official,1,0,rating,b,b,0.0,core_destroyed,55,,65,110,11,4,13,110,10,13,ok,,3.934,n-62-29-17,29004097,2026-08-02T12:48:34+0200
8ae0e42259b5bd74,auto-10d581bed771,tempest_reinforcements@65ddc55,tempest_reinforcements,65ddc55,vg_v2@9713344,vg_v2,9713344,sweden,official,1,0,rating,a,a,1.0,titanium_collected,1000,,3929,9090,49,54,3566,2090,1,8,ok,,31.922,n-62-31-5,29004097,2026-08-02T12:49:00+0200
8ae425668f4cd161,auto-10d581bed771,tempest_reinforcements@65ddc55,tempest_reinforcements,65ddc55,e_final@9e77076,e_final,9e77076,runestone,official,1,0,rating,a,a,1.0,core_destroyed,42,,10,0,11,5,41,0,8,2,ok,,3.817,n-62-21-99,29004097,2026-08-02T12:46:22+0200
8b03025eab3345a7,auto-10d581bed771,tempest_reinforcements@65ddc55,tempest_reinforcements,65ddc55,attack_wave_v1@9713344,attack_wave_v1,9713344,duel,official,1,0,rating,a,a,1.0,core_destroyed,29,,10,60,10,5,136,0,6,4,ok,,3.396,n-62-31-5,29004097,2026-08-02T12:46:48+0200
8b0b767662e63e63,auto-10d581bed771,tempest_reinforcements@65ddc55,tempest_reinforcements,65ddc55,claude_challenger_3@fdc1e1f,claude_challenger_3,fdc1e1f,duel,official,1,0,rating,a,a,1.0,core_destroyed,25,,10,50,10,5,222,50,6,4,ok,,3.737,n-62-31-9,29004097,2026-08-02T12:46:26+0200
8b0dcce45158fb0f,auto-10d581bed771,tempest_reinforcements@65ddc55,tempest_reinforcements,65ddc55,attack_wave_v1@9713344,attack_wave_v1,9713344,quarry,official,1,0,rating,a,a,1.0,core_destroyed,35,,10,0,11,6,178,0,6,3,ok,,4.045,n-62-31-22,29004097,2026-08-02T12:46:12+0200
8b70e670ef274525,auto-10d581bed771,v233_d@9713344,v233_d,9713344,tempest_reinforcements@65ddc55,tempest_reinforcements,65ddc55,sprint,official,1,0,rating,b,b,0.0,core_destroyed,29,,109,50,7,6,9,50,10,7,ok,,3.496,n-62-31-10,29004097,2026-08-02T12:49:01+0200
8b776effef0fddce,auto-10d581bed771,tempest_reinforcements@65ddc55,tempest_reinforcements,65ddc55,vanguard_oracle@75591b7,vanguard_oracle,75591b7,strait,official,1,0,rating,a,a,1.0,core_destroyed,71,,10,150,12,11,87,300,11,8,ok,,4.502,n-62-29-30,29004097,2026-08-02T12:49:02+0200
8b79bd4a1bc2776a,auto-10d581bed771,tempest_reinforcements@65ddc55,tempest_reinforcements,65ddc55,titanium_v1@9713344,titanium_v1,9713344,hive,official,1,0,rating,a,a,1.0,core_destroyed,43,,10,80,11,11,336,0,4,3,ok,,3.201,n-62-21-57,29004097,2026-08-02T12:47:13+0200
8b8d4682592f205f,auto-10d581bed771,tempest_reinforcements@025dd51,tempest_reinforcements,025dd51,tempest_reinforcements@65ddc55,tempest_reinforcements,65ddc55,strait,official,1,0,rating,a,a,1.0,core_destroyed,41,,32,80,12,9,27,0,9,4,ok,,4.095,n-62-13-7,29004097,2026-08-02T12:46:25+0200
8b95140903a4cd9b,auto-10d581bed771,e_final@9e77076,e_final,9e77076,tempest_reinforcements@65ddc55,tempest_reinforcements,65ddc55,aurora,official,1,0,rating,b,b,0.0,core_destroyed,58,,19,0,11,0,9,120,12,11,ok,,4.537,n-62-21-98,29004097,2026-08-02T12:46:26+0200
8ba8f12fc6f3de2f,auto-10d581bed771,tempest_reinforcements@65ddc55,tempest_reinforcements,65ddc55,baiter@9713344,baiter,9713344,aurora,official,1,0,rating,a,a,1.0,core_destroyed,49,,10,100,12,8,126,100,6,8,ok,,5.302,n-62-31-4,29004097,2026-08-02T12:46:46+0200
8baa4fca24023738,auto-10d581bed771,tempest_reinforcements@65ddc55,tempest_reinforcements,65ddc55,v233_g@9713344,v233_g,9713344,string,official,1,0,rating,b,b,0.0,core_destroyed,96,,10,30,9,8,193,180,2,10,ok,,2.824,n-62-29-18,29004097,2026-08-02T12:48:09+0200
8baa92ef183d3813,auto-10d581bed771,undertow@fdc1e1f,undertow,fdc1e1f,tempest_reinforcements@65ddc55,tempest_reinforcements,65ddc55,jackpot,official,1,0,rating,b,b,0.0,core_destroyed,76,,99,170,6,6,36,290,14,18,ok,,5.3,n-62-21-67,29004097,2026-08-02T12:46:47+0200
8bfa19f32fe9dff8,auto-10d581bed771,tempest_reinforcements@65ddc55,tempest_reinforcements,65ddc55,mistral@ba943b9,mistral,ba943b9,twins,official,1,0,rating,b,b,0.0,core_destroyed,30,,10,40,7,3,38,0,12,1,ok,,4.784,n-62-31-17,29004097,2026-08-02T12:47:41+0200
8c210f49cb04bbd0,auto-10d581bed771,tempest_reinforcements@65ddc55,tempest_reinforcements,65ddc55,siege_v1@9713344,siege_v1,9713344,quarry,official,1,0,rating,a,a,1.0,core_destroyed,45,,11,70,11,8,208,0,6,3,ok,,3.304,n-62-11-59,29004097,2026-08-02T12:46:52+0200
8c24c004427eeaba,auto-10d581bed771,tempest_reinforcements@65ddc55,tempest_reinforcements,65ddc55,mistral_fast@26b5aa1,mistral_fast,26b5aa1,skerry,official,1,0,rating,a,a,1.0,core_destroyed,34,,10,70,11,5,304,0,4,0,ok,,3.449,n-62-31-18,29004097,2026-08-02T12:46:46+0200
8c4774e43c01f97f,auto-10d581bed771,tempest_reinforcements@65ddc55,tempest_reinforcements,65ddc55,tempest_reinforcements@51ad530,tempest_reinforcements,51ad530,crossfire,official,1,0,rating,b,b,0.0,core_destroyed,31,,8,60,11,5,0,60,10,6,ok,,4.644,n-62-13-6,29004097,2026-08-02T12:46:13+0200
8c56d859249e220d,auto-10d581bed771,tempest_reinforcements@65ddc55,tempest_reinforcements,65ddc55,tempest_reinforcements@87724ec,tempest_reinforcements,87724ec,hive,official,1,0,rating,a,a,1.0,titanium_collected,54,,9,110,9,10,16,0,10,3,ok,,10.539,n-62-13-9,29004097,2026-08-02T12:47:27+0200
8c56f906c094d0a0,auto-10d581bed771,tempest_reinforcements@65ddc55,tempest_reinforcements,65ddc55,tempest_reinforcements@e1dc316,tempest_reinforcements,e1dc316,showdown,official,1,0,rating,a,a,1.0,core_destroyed,56,,16,0,7,6,29,0,10,7,ok,,5.007,n-62-12-66,29004097,2026-08-02T12:46:23+0200
8c914595d6ea1915,auto-10d581bed771,tempest_reinforcements@65ddc55,tempest_reinforcements,65ddc55,vanguard_oracle@75591b7,vanguard_oracle,75591b7,showdown,official,1,0,rating,a,a,1.0,core_destroyed,27,,7,0,10,6,60,0,7,0,ok,,3.364,n-62-29-30,29004097,2026-08-02T12:48:38+0200
8c92b36255d72550,auto-10d581bed771,reaver@9713344,reaver,9713344,tempest_reinforcements@65ddc55,tempest_reinforcements,65ddc55,sprint,official,1,0,rating,b,b,0.0,core_destroyed,31,,108,10,6,6,20,60,9,11,ok,,2.961,n-62-11-53,29004097,2026-08-02T12:47:26+0200
8cb3fe253eee0f75,auto-10d581bed771,tempest_reinforcements@edf93ad,tempest_reinforcements,edf93ad,tempest_reinforcements@65ddc55,tempest_reinforcements,65ddc55,sprint,official,1,0,rating,a,a,1.0,core_destroyed,42,,70,120,7,7,0,40,10,5,ok,,5.131,n-62-21-55,29004097,2026-08-02T12:47:05+0200
8cc06daf97cf6246,auto-10d581bed771,v233_b@9713344,v233_b,9713344,tempest_reinforcements@65ddc55,tempest_reinforcements,65ddc55,crossfire,official,1,0,rating,b,b,0.0,core_destroyed,48,,76,100,8,5,29,170,12,6,ok,,3.668,n-62-11-65,29004097,2026-08-02T12:48:51+0200
8cd37b396631a5cb,auto-10d581bed771,v233_b@9713344,v233_b,9713344,tempest_reinforcements@65ddc55,tempest_reinforcements,65ddc55,duel,official,1,0,rating,b,b,0.0,core_destroyed,49,,101,100,3,4,19,110,10,5,ok,,3.281,n-62-11-65,29004097,2026-08-02T12:48:58+0200
8cec4e4cca2d352d,auto-10d581bed771,tempest_reinforcements@65ddc55,tempest_reinforcements,65ddc55,e_condc@6db8844,e_condc,6db8844,strait,official,1,0,rating,a,a,1.0,core_destroyed,67,,10,140,12,11,108,140,6,23,ok,,4.295,n-62-21-97,29004097,2026-08-02T12:47:13+0200
8cfc41a5999459bf,auto-10d581bed771,v233_g@9713344,v233_g,9713344,tempest_reinforcements@65ddc55,tempest_reinforcements,65ddc55,vault,official,1,0,rating,b,b,0.0,core_destroyed,65,,72,290,11,8,20,280,14,17,ok,,4.545,n-62-29-18,29004097,2026-08-02T12:48:43+0200
8d0b244f85c4714e,auto-10d581bed771,vg_v1@9713344,vg_v1,9713344,tempest_reinforcements@65ddc55,tempest_reinforcements,65ddc55,jackpot,official,1,0,rating,b,b,0.0,core_destroyed,62,,106,190,3,8,10,140,12,7,ok,,4.448,n-62-30-24,29004097,2026-08-02T12:48:28+0200
8d21ae14407fce86,auto-10d581bed771,autistimusprime@ecd4d24,autistimusprime,ecd4d24,tempest_reinforcements@65ddc55,tempest_reinforcements,65ddc55,vault,official,1,0,rating,a,a,1.0,core_destroyed,55,,28,0,11,1,8,220,13,10,ok,,6.123,n-62-31-4,29004097,2026-08-02T12:46:30+0200
8d33fd76deadd69d,auto-10d581bed771,tempest_reinforcements@65ddc55,tempest_reinforcements,65ddc55,tempest_blindfire@fdc1e1f,tempest_blindfire,fdc1e1f,skerry,official,1,0,rating,a,a,1.0,core_destroyed,39,,10,80,9,5,227,0,7,1,ok,,3.933,n-62-21-89,29004097,2026-08-02T12:46:29+0200
8d4d0ee1b5bfd730,auto-10d581bed771,tempest_picket@fdc1e1f,tempest_picket,fdc1e1f,tempest_reinforcements@65ddc55,tempest_reinforcements,65ddc55,sprint,official,1,0,rating,a,a,1.0,core_destroyed,25,,15,0,10,4,9,30,10,6,ok,,4.109,n-62-21-15,29004097,2026-08-02T12:47:42+0200
8d6efb75118aba8f,auto-10d581bed771,v233_i@902be71,v233_i,902be71,tempest_reinforcements@65ddc55,tempest_reinforcements,65ddc55,sweden,official,1,0,rating,b,b,0.0,core_destroyed,50,,111,210,6,24,10,0,10,6,ok,,2.956,n-62-29-24,29004097,2026-08-02T12:48:39+0200
8d8d0df894f35387,auto-10d581bed771,tempest_reinforcements@65ddc55,tempest_reinforcements,65ddc55,attack_wave_v1@9713344,attack_wave_v1,9713344,aurora,official,1,0,rating,a,a,1.0,core_destroyed,40,,30,80,11,8,161,0,6,4,ok,,3.928,n-62-31-5,29004097,2026-08-02T12:46:20+0200
8db39a2a4ae607f0,auto-10d581bed771,tempest_fast@eb1f0f3,tempest_fast,eb1f0f3,tempest_reinforcements@65ddc55,tempest_reinforcements,65ddc55,jackpot,official,1,0,rating,b,b,0.0,core_destroyed,43,,274,0,6,2,10,90,12,7,ok,,3.52,n-62-12-6,29004097,2026-08-02T12:47:14+0200
8db8718d39f04e0e,auto-10d581bed771,tempest_frontier@fdc1e1f,tempest_frontier,fdc1e1f,tempest_reinforcements@65ddc55,tempest_reinforcements,65ddc55,vase,official,1,0,rating,b,b,0.0,core_destroyed,24,,164,0,7,3,16,0,11,4,ok,,3.522,n-62-21-4,29004097,2026-08-02T12:46:25+0200
8ddfb1a13d88e6f2,auto-10d581bed771,turtle@9713344,turtle,9713344,tempest_reinforcements@65ddc55,tempest_reinforcements,65ddc55,atoll,official,1,0,rating,b,b,0.0,core_destroyed,69,,104,150,5,8,12,270,11,19,ok,,4.57,n-62-21-60,29004097,2026-08-02T12:46:40+0200
8de7207d6b3d4f6f,auto-10d581bed771,turtle@9713344,turtle,9713344,tempest_reinforcements@65ddc55,tempest_reinforcements,65ddc55,strait,official,1,0,rating,b,b,0.0,core_destroyed,56,,43,110,10,13,20,0,11,5,ok,,4.48,n-62-21-61,29004097,2026-08-02T12:47:30+0200
8deb9f3cd4fb638d,auto-10d581bed771,e_final@9e77076,e_final,9e77076,tempest_reinforcements@65ddc55,tempest_reinforcements,65ddc55,jackpot,official,1,0,rating,b,b,0.0,core_destroyed,78,,89,0,6,0,14,310,14,18,ok,,4.25,n-62-21-98,29004097,2026-08-02T12:47:21+0200
8df27917b7ffc644,auto-10d581bed771,e_condc@6db8844,e_condc,6db8844,tempest_reinforcements@65ddc55,tempest_reinforcements,65ddc55,crossfire,official,1,0,rating,b,b,0.0,core_destroyed,89,,12,200,9,3,10,210,11,6,ok,,4.538,n-62-21-104,29004097,2026-08-02T12:46:41+0200
8df7b9729b4c5011,auto-10d581bed771,tempest_reinforcements@65ddc55,tempest_reinforcements,65ddc55,autistimusprime@ecd4d24,autistimusprime,ecd4d24,fjord,official,1,0,rating,a,a,1.0,core_destroyed,37,,20,80,11,5,99,0,9,2,ok,,4.413,n-62-31-24,29004097,2026-08-02T12:47:12+0200
8e07ac0164701733,auto-10d581bed771,jonbot@9713344,jonbot,9713344,tempest_reinforcements@65ddc55,tempest_reinforcements,65ddc55,sweden,official,1,0,rating,b,b,0.0,core_destroyed,49,,275,0,5,0,10,0,10,6,ok,,3.443,n-62-29-30,29004097,2026-08-02T12:46:37+0200
8e08f9c8bfa4e411,auto-10d581bed771,jonbot@9713344,jonbot,9713344,tempest_reinforcements@65ddc55,tempest_reinforcements,65ddc55,strait,official,1,0,rating,b,b,0.0,core_destroyed,59,,297,0,5,0,10,0,11,5,ok,,3.389,n-62-29-30,29004097,2026-08-02T12:46:21+0200
8e2cba801d256a78,auto-10d581bed771,vg_v2@9713344,vg_v2,9713344,tempest_reinforcements@65ddc55,tempest_reinforcements,65ddc55,longship,official,1,0,rating,b,b,0.0,core_destroyed,58,,108,120,5,10,10,120,11,14,ok,,4.015,n-62-31-17,29004097,2026-08-02T12:49:30+0200
8e48a127f82ed3a9,auto-10d581bed771,tempest_reinforcements@65ddc55,tempest_reinforcements,65ddc55,tempest_reinforcements@025dd51,tempest_reinforcements,025dd51,aurora,official,1,0,rating,a,a,1.0,core_destroyed,40,,27,80,10,8,20,70,12,9,ok,,4.979,n-62-21-23,29004097,2026-08-02T12:47:19+0200
8e4f326260ca78d7,auto-10d581bed771,tempest_reinforcements@65ddc55,tempest_reinforcements,65ddc55,vg_v6@9713344,vg_v6,9713344,sprint,official,1,0,rating,a,a,1.0,core_destroyed,34,,10,60,10,7,117,90,3,6,ok,,2.582,n-62-11-54,29004097,2026-08-02T12:48:31+0200
8e625635c14dd203,auto-10d581bed771,undertow_1ac7ac4@da3fd8a,undertow_1ac7ac4,da3fd8a,tempest_reinforcements@65ddc55,tempest_reinforcements,65ddc55,skerry,official,1,0,rating,b,b,0.0,core_destroyed,52,,68,230,12,8,18,120,13,5,ok,,5.428,n-62-31-5,29004097,2026-08-02T12:47:27+0200
8e65583b938f315a,auto-10d581bed771,tempest_reinforcements@65ddc55,tempest_reinforcements,65ddc55,tempest_reinforcements@51ad530,tempest_reinforcements,51ad530,showdown,official,1,0,rating,a,a,1.0,core_destroyed,52,,16,0,6,6,13,0,10,7,ok,,4.43,n-62-13-6,29004097,2026-08-02T12:47:39+0200
8e92665db7ffae7d,auto-10d581bed771,jonbot@da3fd8a,jonbot,da3fd8a,tempest_reinforcements@65ddc55,tempest_reinforcements,65ddc55,showdown,official,1,0,rating,b,b,0.0,core_destroyed,23,,17,0,10,13,3,0,8,8,ok,,4.194,n-62-29-33,29004097,2026-08-02T12:47:42+0200
8ea61fd46b9730c9,auto-10d581bed771,e_post2@4a95297,e_post2,4a95297,tempest_reinforcements@65ddc55,tempest_reinforcements,65ddc55,hive,official,1,0,rating,b,b,0.0,core_destroyed,64,,78,0,9,1,30,140,11,13,ok,,4.156,n-62-29-20,29004097,2026-08-02T12:47:57+0200
8eb0d0d7b2d28810,auto-10d581bed771,e_post2@4a95297,e_post2,4a95297,tempest_reinforcements@65ddc55,tempest_reinforcements,65ddc55,pinch,official,1,0,rating,b,b,0.0,core_destroyed,28,,41,0,9,0,20,50,10,9,ok,,3.303,n-62-29-24,29004097,2026-08-02T12:46:24+0200
8ed915fb1bd00b09,auto-10d581bed771,tempest_reinforcements@65ddc55,tempest_reinforcements,65ddc55,lockin@9713344,lockin,9713344,strait,official,1,0,rating,a,a,1.0,core_destroyed,268,,66,2160,33,43,16,0,11,5,ok,,18.005,n-62-30-24,29004097,2026-08-02T12:47:07+0200
8f082ddd3db6655f,auto-10d581bed771,vanguard@818f3b4,vanguard,818f3b4,tempest_reinforcements@65ddc55,tempest_reinforcements,65ddc55,longship,official,1,0,rating,b,b,0.0,core_destroyed,59,,109,240,11,8,10,120,11,14,ok,,4.079,n-62-29-17,29004097,2026-08-02T12:48:51+0200
8f2372744c8b51ef,auto-10d581bed771,v233_e@9713344,v233_e,9713344,tempest_reinforcements@65ddc55,tempest_reinforcements,65ddc55,sweden,official,1,0,rating,b,b,0.0,core_destroyed,118,,65,310,9,15,10,0,11,6,ok,,4.635,n-62-21-104,29004097,2026-08-02T12:48:12+0200
8f51ca9bb764493f,auto-10d581bed771,frontier_v1@9713344,frontier_v1,9713344,tempest_reinforcements@65ddc55,tempest_reinforcements,65ddc55,twins,official,1,0,rating,b,b,0.0,core_destroyed,36,,34,0,10,2,20,0,10,5,ok,,3.555,n-62-29-22,29004097,2026-08-02T12:46:34+0200
8f79da9d055e98bb,auto-10d581bed771,v233_d@9713344,v233_d,9713344,tempest_reinforcements@65ddc55,tempest_reinforcements,65ddc55,quarry,official,1,0,rating,b,b,0.0,core_destroyed,149,,295,660,3,17,10,0,11,6,ok,,5.251,n-62-31-10,29004097,2026-08-02T12:48:27+0200
8f9939dc611a9287,auto-10d581bed771,tempest_reinforcements@65ddc55,tempest_reinforcements,65ddc55,undertow@fdc1e1f,undertow,fdc1e1f,string,official,1,0,rating,a,a,1.0,core_destroyed,82,,38,480,15,11,105,250,3,10,ok,,5.349,n-62-21-68,29004097,2026-08-02T12:46:33+0200
8fb9abb3bf68da8a,auto-10d581bed771,v233_a@9713344,v233_a,9713344,tempest_reinforcements@65ddc55,tempest_reinforcements,65ddc55,showdown,official,1,0,rating,b,b,0.0,core_destroyed,39,,84,0,5,5,4,0,10,8,ok,,2.929,n-62-11-64,29004097,2026-08-02T12:48:02+0200
8fd85ee4782095a8,auto-10d581bed771,tempest_reinforcements@65ddc55,tempest_reinforcements,65ddc55,attack_wave_v1@9713344,attack_wave_v1,9713344,vault,official,1,0,rating,a,a,1.0,core_destroyed,42,,12,90,11,6,209,0,6,3,ok,,4.224,n-62-31-24,29004097,2026-08-02T12:46:12+0200
8fe85fd24fe5bfb8,auto-10d581bed771,tempest_reinforcements@65ddc55,tempest_reinforcements,65ddc55,vanguard_oracle@fdc1e1f,vanguard_oracle,fdc1e1f,vase,official,1,0,rating,a,a,1.0,core_destroyed,47,,7,0,10,6,59,0,8,3,ok,,3.323,n-62-30-23,29004097,2026-08-02T12:48:30+0200
8ff14121791d85af,auto-10d581bed771,tempest_reinforcements@65ddc55,tempest_reinforcements,65ddc55,siege_v1@9713344,siege_v1,9713344,aurora,official,1,0,rating,a,a,1.0,core_destroyed,40,,30,80,11,8,254,0,6,2,ok,,3.813,n-62-11-58,29004097,2026-08-02T12:47:29+0200
8ffe091159654483,auto-10d581bed771,casemate@902be71,casemate,902be71,tempest_reinforcements@65ddc55,tempest_reinforcements,65ddc55,vase,official,1,0,rating,b,b,0.0,core_destroyed,257,,209,0,1,1,88,1410,26,27,ok,,8.852,n-62-11-62,29004097,2026-08-02T12:47:04+0200
9010d33eca289f11,auto-10d581bed771,e9cand@9e77076,e9cand,9e77076,tempest_reinforcements@65ddc55,tempest_reinforcements,65ddc55,strait,official,1,0,rating,b,b,0.0,core_destroyed,79,,66,0,10,0,10,0,11,5,ok,,4.838,n-62-21-103,29004097,2026-08-02T12:47:00+0200
9035a0e6e435c738,auto-10d581bed771,e9cand@9e77076,e9cand,9e77076,tempest_reinforcements@65ddc55,tempest_reinforcements,65ddc55,duel,official,1,0,rating,b,b,0.0,core_destroyed,105,,108,240,8,2,3,250,14,5,ok,,5.492,n-62-31-11,29004097,2026-08-02T12:47:10+0200
90418d15d7172e1a,auto-10d581bed771,tempest_reinforcements@65ddc55,tempest_reinforcements,65ddc55,frontier_v1@9713344,frontier_v1,9713344,runestone,official,1,0,rating,a,a,1.0,core_destroyed,32,,13,10,11,6,25,0,9,3,ok,,3.672,n-62-29-21,29004097,2026-08-02T12:46:53+0200
906b4b0c0a5f05bb,auto-10d581bed771,tempest_reinforcements@65ddc55,tempest_reinforcements,65ddc55,claude_challenger_2@fdc1e1f,claude_challenger_2,fdc1e1f,jackpot,official,1,0,rating,a,a,1.0,core_destroyed,36,,20,70,11,7,590,0,0,0,ok,,2.828,n-62-11-68,29004097,2026-08-02T12:46:46+0200
90ac810e2fcb6363,auto-10d581bed771,e_condc@6db8844,e_condc,6db8844,tempest_reinforcements@65ddc55,tempest_reinforcements,65ddc55,sprint,official,1,0,rating,a,a,1.0,harvesters,1000,,1048,0,11,14,10,0,10,7,ok,,10.093,n-62-21-97,29004097,2026-08-02T12:47:09+0200
90da1fc3ed32d77d,auto-10d581bed771,tempest_reinforcements@65ddc55,tempest_reinforcements,65ddc55,tempest_sentinel@fdc1e1f,tempest_sentinel,fdc1e1f,jackpot,official,1,0,rating,a,a,1.0,core_destroyed,77,,21,180,6,7,60,170,8,6,ok,,4.922,n-62-21-54,29004097,2026-08-02T12:47:24+0200
90da22481a0dafbc,auto-10d581bed771,siege_v2@9713344,siege_v2,9713344,tempest_reinforcements@65ddc55,tempest_reinforcements,65ddc55,runestone,official,1,0,rating,b,b,0.0,core_destroyed,32,,183,0,6,3,20,0,11,5,ok,,3.035,n-62-11-51,29004097,2026-08-02T12:47:07+0200
90f4f3f7fd6dd241,auto-10d581bed771,tempest_reinforcements@65ddc55,tempest_reinforcements,65ddc55,undertow_oracle@75591b7,undertow_oracle,75591b7,vault,official,1,0,rating,a,a,1.0,core_destroyed,44,,27,100,12,6,52,170,11,6,ok,,5.018,n-62-31-24,29004097,2026-08-02T12:48:52+0200
90ffdbb1f277d304,auto-10d581bed771,frontier_v1@9713344,frontier_v1,9713344,tempest_reinforcements@65ddc55,tempest_reinforcements,65ddc55,strait,official,1,0,rating,b,b,0.0,core_destroyed,52,,21,0,10,3,20,0,11,5,ok,,3.76,n-62-29-21,29004097,2026-08-02T12:47:26+0200
91030f17ba464ab2,auto-10d581bed771,tempest_reinforcements@65ddc55,tempest_reinforcements,65ddc55,vanguard@9932bec,vanguard,9932bec,hive,official,1,0,rating,a,a,1.0,core_destroyed,60,,30,130,12,11,107,130,10,13,ok,,4.598,n-62-29-33,29004097,2026-08-02T12:48:47+0200
910e9cdeb733a6e3,auto-10d581bed771,tempest_ferry@26b5aa1,tempest_ferry,26b5aa1,tempest_reinforcements@65ddc55,tempest_reinforcements,65ddc55,runestone,official,1,0,rating,b,b,0.0,core_destroyed,40,,191,70,7,6,16,0,10,5,ok,,4.283,n-62-12-4,29004097,2026-08-02T12:46:39+0200
9125ef7be7ead66b,auto-10d581bed771,riptide@9713344,riptide,9713344,tempest_reinforcements@65ddc55,tempest_reinforcements,65ddc55,runestone,official,1,0,rating,b,b,0.0,core_destroyed,38,,107,60,6,7,10,0,11,5,ok,,3.89,n-62-11-55,29004097,2026-08-02T12:47:07+0200
9130d0099847af1f,auto-10d581bed771,mistral@ba943b9,mistral,ba943b9,tempest_reinforcements@65ddc55,tempest_reinforcements,65ddc55,longship,official,1,0,rating,a,a,1.0,core_destroyed,40,,124,0,9,1,18,70,11,11,ok,,6.693,n-62-31-14,29004097,2026-08-02T12:47:56+0200
9131737aadb8c680,auto-10d581bed771,siege_v2@9713344,siege_v2,9713344,tempest_reinforcements@65ddc55,tempest_reinforcements,65ddc55,sprint,official,1,0,rating,b,b,0.0,core_destroyed,35,,186,0,6,3,15,110,11,10,ok,,3.142,n-62-11-52,29004097,2026-08-02T12:46:22+0200
91421bd868f3eeb4,auto-10d581bed771,tempest_reinforcements@65ddc55,tempest_reinforcements,65ddc55,tempest_reinforcements@edf93ad,tempest_reinforcements,edf93ad,bridge,official,1,0,rating,b,b,0.0,core_destroyed,129,,14,0,13,5,60,40,6,10,ok,,5.295,n-62-12-67,29004097,2026-08-02T12:46:33+0200
9170b23e9b5ccaa7,auto-10d581bed771,vg_v4@9713344,vg_v4,9713344,tempest_reinforcements@65ddc55,tempest_reinforcements,65ddc55,jackpot,official,1,0,rating,b,b,0.0,core_destroyed,61,,87,0,4,1,25,220,11,17,ok,,3.592,n-62-31-13,29004097,2026-08-02T12:49:16+0200
917825580a17e691,auto-10d581bed771,vg_v5@9713344,vg_v5,9713344,tempest_reinforcements@65ddc55,tempest_reinforcements,65ddc55,runestone,official,1,0,rating,b,b,0.0,core_destroyed,38,,76,60,5,9,10,0,11,5,ok,,3.371,n-62-31-15,29004097,2026-08-02T12:48:10+0200
91998a31b76d5243,auto-10d581bed771,frontier_v1@9713344,frontier_v1,9713344,tempest_reinforcements@65ddc55,tempest_reinforcements,65ddc55,duel,official,1,0,rating,b,b,0.0,core_destroyed,30,,67,0,9,2,10,60,10,5,ok,,3.138,n-62-29-19,29004097,2026-08-02T12:48:02+0200
91e3a2ff9e5b609c,auto-10d581bed771,tempest_reinforcements@65ddc55,tempest_reinforcements,65ddc55,tempest_fast@eb1f0f3,tempest_fast,eb1f0f3,duel,official,1,0,rating,b,b,0.0,core_destroyed,22,,13,40,8,4,26,40,12,5,ok,,3.973,n-62-12-6,29004097,2026-08-02T12:46:47+0200
91e4693d195f193b,auto-10d581bed771,tempest_reinforcements@65ddc55,tempest_reinforcements,65ddc55,baiter@9713344,baiter,9713344,jackpot,official,1,0,rating,a,a,1.0,core_destroyed,158,,75,690,18,11,100,0,6,2,ok,,7.119,n-62-31-4,29004097,2026-08-02T12:48:14+0200
9212d4bb1dd39b79,auto-10d581bed771,tempest_reinforcements@65ddc55,tempest_reinforcements,65ddc55,claude_challenger_2@fdc1e1f,claude_challenger_2,fdc1e1f,duel,official,1,0,rating,a,a,1.0,core_destroyed,25,,10,50,10,5,222,50,6,4,ok,,4.815,n-62-11-68,29004097,2026-08-02T12:46:13+0200
9249e8e0e7b6910d,auto-10d581bed771,tempest_reinforcements@65ddc55,tempest_reinforcements,65ddc55,tempest_reinforcements@025dd51,tempest_reinforcements,025dd51,hive,official,1,0,rating,a,a,1.0,core_destroyed,51,,10,100,11,7,19,100,9,6,ok,,5.879,n-62-21-24,29004097,2026-08-02T12:46:36+0200
9275d370d88aa6b2,auto-10d581bed771,tempest_reinforcements@65ddc55,tempest_reinforcements,65ddc55,baiter@9713344,baiter,9713344,vault,official,1,0,rating,a,a,1.0,core_destroyed,64,,30,250,11,21,351,200,7,12,ok,,4.441,n-62-11-60,29004097,2026-08-02T12:46:30+0200
927d07f0e4e035e1,auto-10d581bed771,tempest_reinforcements@65ddc55,tempest_reinforcements,65ddc55,casemate_oracle@902be71,casemate_oracle,902be71,bridge,official,1,0,rating,a,a,1.0,core_destroyed,63,,10,90,12,11,422,0,2,2,ok,,3.319,n-62-11-62,29004097,2026-08-02T12:48:12+0200
928807ad1d8b488f,auto-10d581bed771,tempest_reinforcements@65ddc55,tempest_reinforcements,65ddc55,frontier_v2@9713344,frontier_v2,9713344,bridge,official,1,0,rating,a,a,1.0,core_destroyed,231,,135,1530,26,24,623,0,5,2,ok,,7.33,n-62-29-22,29004097,2026-08-02T12:47:12+0200
928974f964193a87,auto-10d581bed771,tempest_reinforcements@65ddc55,tempest_reinforcements,65ddc55,undertow_oracle@75591b7,undertow_oracle,75591b7,jackpot,official,1,0,rating,a,a,1.0,core_destroyed,68,,15,150,13,7,88,230,6,20,ok,,5.009,n-62-31-22,29004097,2026-08-02T12:48:47+0200
92ba1843290375b2,auto-10d581bed771,tempest_reinforcements@65ddc55,tempest_reinforcements,65ddc55,undertow_oracle@75591b7,undertow_oracle,75591b7,sprint,official,1,0,rating,b,b,0.0,core_destroyed,33,,9,30,9,6,69,50,10,8,ok,,4.222,n-62-31-24,29004097,2026-08-02T12:47:45+0200
92da1dc925a878d8,auto-10d581bed771,tempest_reinforcements@65ddc55,tempest_reinforcements,65ddc55,vanguard_oracle@75591b7,vanguard_oracle,75591b7,atoll,official,1,0,rating,b,b,0.0,core_destroyed,39,,1,80,10,5,68,150,10,7,ok,,3.576,n-62-29-5,29004097,2026-08-02T12:48:16+0200
92f68973a25e9fed,auto-10d581bed771,tempest_reinforcements@65ddc55,tempest_reinforcements,65ddc55,siege_v2@9713344,siege_v2,9713344,fjord,official,1,0,rating,a,a,1.0,core_destroyed,37,,20,80,12,5,249,0,5,2,ok,,3.134,n-62-11-51,29004097,2026-08-02T12:46:25+0200
92f7cfda5d46d758,auto-10d581bed771,tempest_reinforcements@65ddc55,tempest_reinforcements,65ddc55,jonbot@da3fd8a,jonbot,da3fd8a,hive,official,1,0,rating,a,a,1.0,core_destroyed,46,,10,90,10,11,202,0,5,17,ok,,4.07,n-62-29-33,29004097,2026-08-02T12:46:40+0200
92f90e20982585d2,auto-10d581bed771,vanguard@c407e79,vanguard,c407e79,tempest_reinforcements@65ddc55,tempest_reinforcements,65ddc55,hive,official,1,0,rating,b,b,0.0,core_destroyed,51,,78,150,11,11,0,100,11,13,ok,,3.906,n-62-29-21,29004097,2026-08-02T12:48:53+0200
92fa092002eb0087,auto-10d581bed771,tempest_reinforcements@65ddc55,tempest_reinforcements,65ddc55,tempest_picket@fdc1e1f,tempest_picket,fdc1e1f,longship,official,1,0,rating,b,b,0.0,core_destroyed,34,,1,60,11,11,58,0,11,4,ok,,4.971,n-62-21-15,29004097,2026-08-02T12:46:41+0200
930789a00dd2ec36,auto-10d581bed771,tempest_reinforcements@65ddc55,tempest_reinforcements,65ddc55,tempest_blindfire@fdc1e1f,tempest_blindfire,fdc1e1f,sprint,official,1,0,rating,b,b,0.0,core_destroyed,25,,10,40,7,5,69,40,9,6,ok,,3.871,n-62-21-89,29004097,2026-08-02T12:46:37+0200
934a851ec259f205,auto-10d581bed771,vanguard@9932bec,vanguard,9932bec,tempest_reinforcements@65ddc55,tempest_reinforcements,65ddc55,showdown,official,1,0,rating,b,b,0.0,core_destroyed,27,,96,0,7,2,10,0,10,8,ok,,3.078,n-62-29-15,29004097,2026-08-02T12:48:08+0200
935315e42d33eacc,auto-10d581bed771,tempest_reinforcements@65ddc55,tempest_reinforcements,65ddc55,siege_v2@9713344,siege_v2,9713344,strait,official,1,0,rating,a,a,1.0,core_destroyed,42,,19,80,10,11,208,0,6,3,ok,,2.947,n-62-11-52,29004097,2026-08-02T12:46:25+0200
93736fb20e803898,auto-10d581bed771,tempest_reinforcements@65ddc55,tempest_reinforcements,65ddc55,vanguard_oracle@75591b7,vanguard_oracle,75591b7,duel,official,1,0,rating,a,a,1.0,core_destroyed,43,,19,100,10,5,87,180,11,5,ok,,3.678,n-62-29-5,29004097,2026-08-02T12:48:50+0200
9387a902c5cdee83,auto-10d581bed771,tempest_reinforcements@65ddc55,tempest_reinforcements,65ddc55,vanguard@da3fd8a,vanguard,da3fd8a,skerry,official,1,0,rating,a,a,1.0,core_destroyed,40,,16,70,11,4,121,240,10,10,ok,,3.532,n-62-29-29,29004097,2026-08-02T12:48:29+0200
9392ddf5b141a10a,auto-10d581bed771,tempest_reinforcements@65ddc55,tempest_reinforcements,65ddc55,vanguard@818f3b4,vanguard,818f3b4,runestone,official,1,0,rating,a,a,1.0,core_destroyed,37,,10,0,11,5,127,120,8,10,ok,,3.981,n-62-29-19,29004097,2026-08-02T12:47:50+0200
93a843987880fbeb,auto-10d581bed771,tempest_reinforcements@65ddc55,tempest_reinforcements,65ddc55,tempest_reinforcements@e1dc316,tempest_reinforcements,e1dc316,duel,official,1,0,rating,a,a,1.0,core_destroyed,57,,9,130,10,5,33,130,10,5,ok,,5.413,n-62-12-64,29004097,2026-08-02T12:46:44+0200
93c58059b1d7317e,auto-10d581bed771,tempest_reinforcements@65ddc55,tempest_reinforcements,65ddc55,tempest_frontier@fdc1e1f,tempest_frontier,fdc1e1f,aurora,official,1,0,rating,a,a,1.0,core_destroyed,43,,10,80,11,8,281,80,5,7,ok,,4.01,n-62-12-7,29004097,2026-08-02T12:46:41+0200
93cbb9554a0068c0,auto-10d581bed771,tempest_oracle_ferry@fdc1e1f,tempest_oracle_ferry,fdc1e1f,tempest_reinforcements@65ddc55,tempest_reinforcements,65ddc55,crossfire,official,1,0,rating,b,b,0.0,core_destroyed,37,,284,0,4,2,10,80,11,6,ok,,3.579,n-62-21-4,29004097,2026-08-02T12:47:11+0200
93d601537dfc31c5,auto-10d581bed771,tempest_reinforcements@65ddc55,tempest_reinforcements,65ddc55,v233_a@9713344,v233_a,9713344,crossfire,official,1,0,rating,a,a,1.0,core_destroyed,35,,0,120,11,8,98,0,4,3,ok,,3.013,n-62-11-63,29004097,2026-08-02T12:48:59+0200
93db1960bfcb010c,auto-10d581bed771,tempest_reinforcements@65ddc55,tempest_reinforcements,65ddc55,jonbot@9713344,jonbot,9713344,showdown,official,1,0,rating,a,a,1.0,core_destroyed,29,,10,0,10,8,239,0,2,0,ok,,2.849,n-62-29-5,29004097,2026-08-02T12:47:06+0200
93dccf90df5c5e89,auto-10d581bed771,tempest_reinforcements@65ddc55,tempest_reinforcements,65ddc55,tempest_outer@fdc1e1f,tempest_outer,fdc1e1f,fjord,official,1,0,rating,a,a,1.0,core_destroyed,27,,10,50,11,5,250,50,5,4,ok,,3.346,n-62-21-12,29004097,2026-08-02T12:47:35+0200
9408c39a66f5e4be,auto-10d581bed771,vanguard@c407e79,vanguard,c407e79,tempest_reinforcements@65ddc55,tempest_reinforcements,65ddc55,string,official,1,0,rating,a,a,1.0,core_destroyed,64,,66,100,5,8,30,140,13,6,ok,,3.838,n-62-29-22,29004097,2026-08-02T12:48:50+0200
942bb666bca385cd,auto-10d581bed771,jonbot@9713344,jonbot,9713344,tempest_reinforcements@65ddc55,tempest_reinforcements,65ddc55,runestone,official,1,0,rating,b,b,0.0,core_destroyed,35,,250,0,5,0,10,0,11,5,ok,,3.109,n-62-29-5,29004097,2026-08-02T12:47:03+0200
943a618e8e79c5d8,auto-10d581bed771,tempest_reinforcements@65ddc55,tempest_reinforcements,65ddc55,e_t4l7@9e77076,e_t4l7,9e77076,duel,official,1,0,rating,a,a,1.0,core_destroyed,62,,20,150,10,5,98,270,4,10,ok,,3.487,n-62-29-15,29004097,2026-08-02T12:47:14+0200
9464907f7aac0587,auto-10d581bed771,tempest_reinforcements@65ddc55,tempest_reinforcements,65ddc55,e9cand@9e77076,e9cand,9e77076,longship,official,1,0,rating,a,a,1.0,core_destroyed,52,,20,110,11,12,98,0,10,2,ok,,4.218,n-62-31-11,29004097,2026-08-02T12:47:45+0200
9474a38121ddc728,auto-10d581bed771,vg_v1@9713344,vg_v1,9713344,tempest_reinforcements@65ddc55,tempest_reinforcements,65ddc55,vase,official,1,0,rating,b,b,0.0,core_destroyed,34,,103,0,7,2,10,0,10,6,ok,,3.344,n-62-31-14,29004097,2026-08-02T12:48:59+0200
948ba7387f6cb21c,auto-10d581bed771,claude_challenger_3@fdc1e1f,claude_challenger_3,fdc1e1f,tempest_reinforcements@65ddc55,tempest_reinforcements,65ddc55,skerry,official,1,0,rating,b,b,0.0,core_destroyed,47,,108,200,11,6,31,180,12,9,ok,,7.238,n-62-31-10,29004097,2026-08-02T12:46:26+0200
949863791d1d0a40,auto-10d581bed771,vg_v5@9713344,vg_v5,9713344,tempest_reinforcements@65ddc55,tempest_reinforcements,65ddc55,hive,official,1,0,rating,b,b,0.0,core_destroyed,61,,61,130,7,11,10,130,11,13,ok,,3.996,n-62-31-20,29004097,2026-08-02T12:49:43+0200
9499d6798428b9ae,auto-10d581bed771,autistimusprime@ecd4d24,autistimusprime,ecd4d24,tempest_reinforcements@65ddc55,tempest_reinforcements,65ddc55,string,official,1,0,rating,b,b,0.0,core_destroyed,89,,91,0,2,4,26,210,15,7,ok,,4.102,n-62-31-21,29004097,2026-08-02T12:47:11+0200
94a65bdd1dec3491,auto-10d581bed771,tempest_reinforcements@65ddc55,tempest_reinforcements,65ddc55,e_post2@4a95297,e_post2,4a95297,vase,official,1,0,rating,a,a,1.0,core_destroyed,126,,10,0,10,6,90,0,6,0,ok,,4.524,n-62-29-15,29004097,2026-08-02T12:46:21+0200
94a8c399387a56b4,auto-10d581bed771,tempest_reinforcements@65ddc55,tempest_reinforcements,65ddc55,vanguard_oracle@fdc1e1f,vanguard_oracle,fdc1e1f,longship,official,1,0,rating,a,a,1.0,core_destroyed,54,,10,110,11,12,127,220,8,8,ok,,3.938,n-62-29-34,29004097,2026-08-02T12:48:25+0200
94b36129688a09d3,auto-10d581bed771,tempest_outer@fdc1e1f,tempest_outer,fdc1e1f,tempest_reinforcements@65ddc55,tempest_reinforcements,65ddc55,twins,official,1,0,rating,a,a,1.0,core_destroyed,42,,58,0,10,4,10,0,7,4,ok,,4.3,n-62-21-2,29004097,2026-08-02T12:46:35+0200
94bb29d6497f8f0e,auto-10d581bed771,tempest_reinforcements@65ddc55,tempest_reinforcements,65ddc55,vg_v6@9713344,vg_v6,9713344,atoll,official,1,0,rating,a,a,1.0,core_destroyed,49,,10,110,11,6,120,0,6,7,ok,,3.257,n-62-11-57,29004097,2026-08-02T12:48:04+0200
94c5b0336a7f3f24,auto-10d581bed771,tempest_reinforcements@65ddc55,tempest_reinforcements,65ddc55,uw_v1@9713344,uw_v1,9713344,runestone,official,1,0,rating,a,a,1.0,core_destroyed,39,,8,0,11,5,107,0,5,5,ok,,3.499,n-62-11-60,29004097,2026-08-02T12:47:36+0200
94e01a264f553a03,auto-10d581bed771,tempest_reinforcements@65ddc55,tempest_reinforcements,65ddc55,baiter@9713344,baiter,9713344,duel,official,1,0,rating,a,a,1.0,core_destroyed,55,,10,130,11,5,101,60,1,5,ok,,4.024,n-62-31-4,29004097,2026-08-02T12:47:44+0200
94f09a67c630b65c,auto-10d581bed771,tempest_reinforcements@65ddc55,tempest_reinforcements,65ddc55,vg_v7@9713344,vg_v7,9713344,jackpot,official,1,0,rating,a,a,1.0,core_destroyed,154,,75,690,20,20,109,0,2,1,ok,,7.521,n-62-31-22,29004097,2026-08-02T12:47:55+0200
94fb60f15f590b82,auto-10d581bed771,tempest_reinforcements@65ddc55,tempest_reinforcements,65ddc55,e_post2@4a95297,e_post2,4a95297,jackpot,official,1,0,rating,a,a,1.0,core_destroyed,209,,22,870,21,16,94,100,8,2,ok,,6.88,n-62-29-20,29004097,2026-08-02T12:48:04+0200
9513451fcb601466,auto-10d581bed771,tempest_reinforcements@edf93ad,tempest_reinforcements,edf93ad,tempest_reinforcements@65ddc55,tempest_reinforcements,65ddc55,jackpot,official,1,0,rating,b,b,0.0,core_destroyed,49,,27,100,11,6,19,110,10,7,ok,,4.442,n-62-12-67,29004097,2026-08-02T12:47:21+0200
95143d4b174d5d74,auto-10d581bed771,v233_g@9713344,v233_g,9713344,tempest_reinforcements@65ddc55,tempest_reinforcements,65ddc55,string,official,1,0,rating,b,b,0.0,titanium_collected,62,,63,120,5,7,18,140,13,6,ok,,3.667,n-62-29-18,29004097,2026-08-02T12:48:13+0200
955120ee1169d6d7,auto-10d581bed771,tempest_reinforcements@65ddc55,tempest_reinforcements,65ddc55,vg_v1@9713344,vg_v1,9713344,string,official,1,0,rating,a,a,1.0,core_destroyed,158,,12,1320,23,16,347,0,1,1,ok,,5.821,n-62-31-14,29004097,2026-08-02T12:48:14+0200
956c771edd04e5e9,auto-10d581bed771,tempest_reinforcements@65ddc55,tempest_reinforcements,65ddc55,e_condc@6db8844,e_condc,6db8844,vase,official,1,0,rating,a,a,1.0,core_destroyed,283,,10,430,24,7,369,150,2,1,ok,,7.557,n-62-21-97,29004097,2026-08-02T12:48:19+0200
956f4024341eaec6,auto-10d581bed771,tempest_reinforcements@65ddc55,tempest_reinforcements,65ddc55,autistimusprime@ecd4d24,autistimusprime,ecd4d24,quarry,official,1,0,rating,a,a,1.0,core_destroyed,36,,20,0,11,6,101,50,9,8,ok,,3.579,n-62-31-21,29004097,2026-08-02T12:46:19+0200
959bfe919abb5944,auto-10d581bed771,e_harc@6db8844,e_harc,6db8844,tempest_reinforcements@65ddc55,tempest_reinforcements,65ddc55,showdown,official,1,0,rating,a,a,1.0,harvesters,1000,,367,0,11,24,12,0,10,8,ok,,8.193,n-62-29-18,29004097,2026-08-02T12:46:51+0200
95a0644e691688d8,auto-10d581bed771,tempest_reinforcements@65ddc55,tempest_reinforcements,65ddc55,v233_a@9713344,v233_a,9713344,bridge,official,1,0,rating,a,a,1.0,titanium_collected,1000,,2589,6900,49,21,4456,2510,6,15,ok,,24.502,n-62-11-63,29004097,2026-08-02T12:48:30+0200
95a73b0437905100,auto-10d581bed771,undertow_oracle@fdc1e1f,undertow_oracle,fdc1e1f,tempest_reinforcements@65ddc55,tempest_reinforcements,65ddc55,twins,official,1,0,rating,b,b,0.0,core_destroyed,51,,0,0,8,8,10,0,10,5,ok,,4.094,n-62-31-4,29004097,2026-08-02T12:49:16+0200
95f3384bb4118de5,auto-10d581bed771,undertow@da3fd8a,undertow,da3fd8a,tempest_reinforcements@65ddc55,tempest_reinforcements,65ddc55,sweden,official,1,0,rating,b,b,0.0,core_destroyed,48,,84,110,6,22,20,0,10,6,ok,,3.749,n-62-21-66,29004097,2026-08-02T12:46:45+0200
95fce32a212459ed,auto-10d581bed771,lockin@9713344,lockin,9713344,tempest_reinforcements@65ddc55,tempest_reinforcements,65ddc55,crossfire,official,1,0,rating,b,b,0.0,core_destroyed,44,,219,70,5,4,23,100,12,6,ok,,5.053,n-62-30-23,29004097,2026-08-02T12:46:38+0200
960a6da527f4d64c,auto-10d581bed771,tempest_reinforcements@65ddc55,tempest_reinforcements,65ddc55,undertow_oracle@fdc1e1f,undertow_oracle,fdc1e1f,string,official,1,0,rating,a,a,1.0,core_destroyed,96,,37,580,17,11,252,320,5,12,ok,,5.156,n-62-31-4,29004097,2026-08-02T12:48:17+0200
9621422e078e89fe,auto-10d581bed771,tempest_reinforcements@65ddc55,tempest_reinforcements,65ddc55,riptide@9713344,riptide,9713344,quarry,official,1,0,rating,a,a,1.0,core_destroyed,50,,11,80,11,8,14,20,8,15,ok,,3.815,n-62-11-55,29004097,2026-08-02T12:46:55+0200
96271c9cbf3d679a,auto-10d581bed771,uw_v1@9713344,uw_v1,9713344,tempest_reinforcements@65ddc55,tempest_reinforcements,65ddc55,showdown,official,1,0,rating,b,b,0.0,core_destroyed,42,,58,0,6,3,10,0,10,8,ok,,3.311,n-62-11-60,29004097,2026-08-02T12:47:46+0200
964df6ff86b5a533,auto-10d581bed771,tempest_reinforcements@65ddc55,tempest_reinforcements,65ddc55,tempest_ferry@26b5aa1,tempest_ferry,26b5aa1,hive,official,1,0,rating,a,a,1.0,core_destroyed,71,,9,150,8,11,98,0,8,3,ok,,4.297,n-62-12-5,29004097,2026-08-02T12:47:06+0200
965a52001892ea27,auto-10d581bed771,tempest_reinforcements@65ddc55,tempest_reinforcements,65ddc55,vg_v4@9713344,vg_v4,9713344,jackpot,official,1,0,rating,a,a,1.0,core_destroyed,154,,75,690,18,11,89,0,6,2,ok,,6.526,n-62-31-13,29004097,2026-08-02T12:49:13+0200
966446f87d3489c8,auto-10d581bed771,tempest_outer@fdc1e1f,tempest_outer,fdc1e1f,tempest_reinforcements@65ddc55,tempest_reinforcements,65ddc55,strait,official,1,0,rating,a,a,1.0,core_destroyed,54,,66,0,11,4,10,0,10,4,ok,,4.177,n-62-21-13,29004097,2026-08-02T12:47:34+0200
967d927c45ce5e9c,auto-10d581bed771,vanguard_oracle@902be71,vanguard_oracle,902be71,tempest_reinforcements@65ddc55,tempest_reinforcements,65ddc55,jackpot,official,1,0,rating,b,b,0.0,core_destroyed,70,,75,310,7,7,18,160,14,7,ok,,4.948,n-62-29-32,29004097,2026-08-02T12:48:15+0200
9694121f63849102,auto-10d581bed771,tempest_reinforcements@65ddc55,tempest_reinforcements,65ddc55,undertow_oracle@fdc1e1f,undertow_oracle,fdc1e1f,longship,official,1,0,rating,a,a,1.0,core_destroyed,51,,10,100,11,12,62,200,8,15,ok,,3.466,n-62-31-21,29004097,2026-08-02T12:48:44+0200
96952ee3fab526dc,auto-10d581bed771,autistimusprime@ecd4d24,autistimusprime,ecd4d24,tempest_reinforcements@65ddc55,tempest_reinforcements,65ddc55,bridge,official,1,0,rating,b,b,0.0,core_destroyed,113,,87,0,5,5,16,280,16,12,ok,,5.808,n-62-31-24,29004097,2026-08-02T12:46:49+0200
969d6e53722f6f70,auto-10d581bed771,tempest_reinforcements@65ddc55,tempest_reinforcements,65ddc55,e_t4l7@9e77076,e_t4l7,9e77076,runestone,official,1,0,rating,a,a,1.0,core_destroyed,38,,10,0,11,5,119,120,6,12,ok,,3.403,n-62-29-17,29004097,2026-08-02T12:46:49+0200
96a4c29984a3caa3,auto-10d581bed771,jonbot_190003d@da3fd8a,jonbot_190003d,da3fd8a,tempest_reinforcements@65ddc55,tempest_reinforcements,65ddc55,pinch,official,1,0,rating,b,b,0.0,core_destroyed,31,,99,0,7,7,20,60,9,8,ok,,3.936,n-62-29-32,29004097,2026-08-02T12:47:26+0200
96b358cf1580abef,auto-10d581bed771,e9cand@9e77076,e9cand,9e77076,tempest_reinforcements@65ddc55,tempest_reinforcements,65ddc55,bridge,official,1,0,rating,b,b,0.0,core_destroyed,102,,64,0,7,2,20,270,14,16,ok,,5.375,n-62-31-11,29004097,2026-08-02T12:46:51+0200
96d5fd20ab41fe8e,auto-10d581bed771,tempest_reinforcements@65ddc55,tempest_reinforcements,65ddc55,tempest_reinforcements@87724ec,tempest_reinforcements,87724ec,pinch,official,1,0,rating,b,b,0.0,core_destroyed,31,,7,0,5,3,11,0,9,4,ok,,5.795,n-62-13-9,29004097,2026-08-02T12:48:15+0200
9715ffb0b60df520,auto-10d581bed771,vanguard_oracle@902be71,vanguard_oracle,902be71,tempest_reinforcements@65ddc55,tempest_reinforcements,65ddc55,atoll,official,1,0,rating,a,a,1.0,core_destroyed,34,,60,140,10,7,8,70,11,5,ok,,4.306,n-62-29-16,29004097,2026-08-02T12:48:38+0200
97406600a311227f,auto-10d581bed771,frontier_v2@9713344,frontier_v2,9713344,tempest_reinforcements@65ddc55,tempest_reinforcements,65ddc55,hive,official,1,0,rating,b,b,0.0,core_destroyed,42,,103,0,7,4,10,80,10,13,ok,,3.298,n-62-29-26,29004097,2026-08-02T12:46:22+0200
974ec75cc75d3a67,auto-10d581bed771,tempest_reinforcements@65ddc55,tempest_reinforcements,65ddc55,undertow_1ac7ac4@da3fd8a,undertow_1ac7ac4,da3fd8a,skerry,official,1,0,rating,b,b,0.0,core_destroyed,66,,25,350,14,9,117,500,8,30,ok,,6.066,n-62-31-5,29004097,2026-08-02T12:47:21+0200
975e62bab4e0178a,auto-10d581bed771,tempest_reinforcements@65ddc55,tempest_reinforcements,65ddc55,tempest@da3fd8a,tempest,da3fd8a,sweden,official,1,0,rating,b,b,0.0,core_destroyed,125,,21,570,17,16,389,0,4,7,ok,,6.864,n-62-21-90,29004097,2026-08-02T12:47:05+0200
9764f36378a33946,auto-10d581bed771,tempest_reinforcements@65ddc55,tempest_reinforcements,65ddc55,undertow_oracle@fdc1e1f,undertow_oracle,fdc1e1f,crossfire,official,1,0,rating,a,a,1.0,core_destroyed,42,,8,90,10,6,103,80,5,5,ok,,3.385,n-62-31-21,29004097,2026-08-02T12:48:07+0200
979c8ac3b286518a,auto-10d581bed771,tempest_reinforcements@65ddc55,tempest_reinforcements,65ddc55,tempest_reinforcements@edf93ad,tempest_reinforcements,edf93ad,strait,official,1,0,rating,a,a,1.0,core_destroyed,43,,7,80,11,9,5,0,10,4,ok,,5.297,n-62-21-55,29004097,2026-08-02T12:47:10+0200
97b526782fb5e98e,auto-10d581bed771,casemate_oracle@902be71,casemate_oracle,902be71,tempest_reinforcements@65ddc55,tempest_reinforcements,65ddc55,strait,official,1,0,rating,b,b,0.0,core_destroyed,180,,213,0,5,33,20,560,15,33,ok,,7.742,n-62-11-63,29004097,2026-08-02T12:48:17+0200
97dd19986ba3cb63,auto-10d581bed771,claude_challenger_3@fdc1e1f,claude_challenger_3,fdc1e1f,tempest_reinforcements@65ddc55,tempest_reinforcements,65ddc55,hive,official,1,0,rating,b,b,0.0,core_destroyed,45,,22,0,11,2,13,90,10,13,ok,,5.863,n-62-31-9,29004097,2026-08-02T12:46:52+0200
97f71fb2c1db87dd,auto-10d581bed771,e_final@9e77076,e_final,9e77076,tempest_reinforcements@65ddc55,tempest_reinforcements,65ddc55,hive,official,1,0,rating,a,a,1.0,core_destroyed,56,,15,0,7,6,19,110,10,12,ok,,4.344,n-62-21-98,29004097,2026-08-02T12:47:13+0200
980133f9fec466c2,auto-10d581bed771,tempest_blindfire@fdc1e1f,tempest_blindfire,fdc1e1f,tempest_reinforcements@65ddc55,tempest_reinforcements,65ddc55,atoll,official,1,0,rating,a,a,1.0,core_destroyed,31,,24,0,13,3,7,50,10,4,ok,,4.53,n-62-21-90,29004097,2026-08-02T12:47:46+0200
981780f3bf3e13bb,auto-10d581bed771,vanguard_oracle@902be71,vanguard_oracle,902be71,tempest_reinforcements@65ddc55,tempest_reinforcements,65ddc55,string,official,1,0,rating,b,b,0.0,core_destroyed,102,,93,60,1,2,19,250,14,7,ok,,4.619,n-62-28-29,29004097,2026-08-02T12:48:01+0200
981ab44e77bfec95,auto-10d581bed771,tempest_reinforcements@65ddc55,tempest_reinforcements,65ddc55,undertow_oracle@75591b7,undertow_oracle,75591b7,quarry,official,1,0,rating,a,a,1.0,core_destroyed,55,,10,90,11,8,94,210,7,16,ok,,4.312,n-62-31-22,29004097,2026-08-02T12:49:16+0200
9843e344aa9bce64,auto-10d581bed771,undertow_oracle@75591b7,undertow_oracle,75591b7,tempest_reinforcements@65ddc55,tempest_reinforcements,65ddc55,fjord,official,1,0,rating,b,b,0.0,core_destroyed,33,,117,70,2,7,10,70,11,5,ok,,4.067,n-62-31-22,29004097,2026-08-02T12:48:31+0200
98447828962f5cc3,auto-10d581bed771,tempest_reinforcements@65ddc55,tempest_reinforcements,65ddc55,titanium_v1@9713344,titanium_v1,9713344,fjord,official,1,0,rating,a,a,1.0,core_destroyed,36,,20,70,12,5,369,0,4,2,ok,,3.256,n-62-21-57,29004097,2026-08-02T12:47:06+0200
9868580ba6dffc37,auto-10d581bed771,vg_v7@9713344,vg_v7,9713344,tempest_reinforcements@65ddc55,tempest_reinforcements,65ddc55,string,official,1,0,rating,b,b,0.0,core_destroyed,71,,361,0,3,2,40,470,13,16,ok,,4.301,n-62-31-22,29004097,2026-08-02T12:49:23+0200
986f9b46b23fc1de,auto-10d581bed771,tempest_reinforcements@65ddc55,tempest_reinforcements,65ddc55,e9cand@9e77076,e9cand,9e77076,atoll,official,1,0,rating,a,a,1.0,core_destroyed,45,,10,100,11,6,107,0,7,2,ok,,4.297,n-62-31-10,29004097,2026-08-02T12:47:45+0200
98a0e9b3c5791288,auto-10d581bed771,tempest_reinforcements@65ddc55,tempest_reinforcements,65ddc55,undertow_1ac7ac4@da3fd8a,undertow_1ac7ac4,da3fd8a,runestone,official,1,0,rating,a,a,1.0,core_destroyed,52,,10,0,11,5,131,190,7,20,ok,,4.186,n-62-21-69,29004097,2026-08-02T12:47:26+0200
98c315347be66edb,auto-10d581bed771,tempest_reinforcements@65ddc55,tempest_reinforcements,65ddc55,tempest_outer@fdc1e1f,tempest_outer,fdc1e1f,jackpot,official,1,0,rating,a,a,1.0,core_destroyed,69,,30,170,6,8,373,150,6,6,ok,,4.373,n-62-21-13,29004097,2026-08-02T12:46:22+0200
98c4252d4c41bea8,auto-10d581bed771,titanium_v1@9713344,titanium_v1,9713344,tempest_reinforcements@65ddc55,tempest_reinforcements,65ddc55,twins,official,1,0,rating,b,b,0.0,core_destroyed,41,,336,0,4,2,10,0,11,5,ok,,3.119,n-62-21-60,29004097,2026-08-02T12:46:15+0200
98d8b06b58f756f3,auto-10d581bed771,lockin@9713344,lockin,9713344,tempest_reinforcements@65ddc55,tempest_reinforcements,65ddc55,hive,official,1,0,rating,b,b,0.0,core_destroyed,45,,75,0,10,2,13,90,10,13,ok,,6.039,n-62-30-23,29004097,2026-08-02T12:47:09+0200
990327ef1ec169c5,auto-10d581bed771,tempest_reinforcements@65ddc55,tempest_reinforcements,65ddc55,tempest_fast@eb1f0f3,tempest_fast,eb1f0f3,atoll,official,1,0,rating,b,b,0.0,core_destroyed,32,,19,60,9,5,77,70,11,6,ok,,4.33,n-62-12-6,29004097,2026-08-02T12:46:12+0200
991f316fc014eff6,auto-10d581bed771,tempest_reinforcements@65ddc55,tempest_reinforcements,65ddc55,tempest_reinforcements@87724ec,tempest_reinforcements,87724ec,runestone,official,1,0,rating,b,b,0.0,core_destroyed,37,,10,0,10,4,1,0,11,5,ok,,6.999,n-62-13-9,29004097,2026-08-02T12:48:51+0200
992542eaeb4c0317,auto-10d581bed771,tempest_reinforcements@65ddc55,tempest_reinforcements,65ddc55,v233_e@9713344,v233_e,9713344,vault,official,1,0,rating,b,b,0.0,core_destroyed,95,,20,390,16,25,96,220,9,11,ok,,5.864,n-62-21-104,29004097,2026-08-02T12:48:34+0200
99279ad6306675a6,auto-10d581bed771,tempest_reinforcements@65ddc55,tempest_reinforcements,65ddc55,v233_f@9713344,v233_f,9713344,strait,official,1,0,rating,a,a,1.0,core_destroyed,64,,30,140,12,11,133,280,5,28,ok,,4.2,n-62-21-98,29004097,2026-08-02T12:47:55+0200
9928277b4eef4e6e,auto-10d581bed771,tempest_reinforcements@65ddc55,tempest_reinforcements,65ddc55,tempest_fast@eb1f0f3,tempest_fast,eb1f0f3,fjord,official,1,0,rating,a,a,1.0,core_destroyed,27,,10,50,11,5,270,50,4,4,ok,,3.209,n-62-12-6,29004097,2026-08-02T12:46:54+0200
99532b2b9c192182,auto-10d581bed771,v233_d@9713344,v233_d,9713344,tempest_reinforcements@65ddc55,tempest_reinforcements,65ddc55,showdown,official,1,0,rating,b,b,0.0,core_destroyed,77,,108,50,6,11,10,0,10,8,ok,,3.964,n-62-31-10,29004097,2026-08-02T12:48:43+0200
9964daf345f0e96f,auto-10d581bed771,turtle@9713344,turtle,9713344,tempest_reinforcements@65ddc55,tempest_reinforcements,65ddc55,pinch,official,1,0,rating,b,b,0.0,core_destroyed,42,,106,0,7,5,10,80,11,8,ok,,3.925,n-62-21-61,29004097,2026-08-02T12:46:37+0200
9972614542be741f,auto-10d581bed771,vanguard@da3fd8a,vanguard,da3fd8a,tempest_reinforcements@65ddc55,tempest_reinforcements,65ddc55,bridge,official,1,0,rating,b,b,0.0,core_destroyed,49,,108,50,8,8,10,0,11,8,ok,,3.185,n-62-29-26,29004097,2026-08-02T12:48:29+0200
9998de6f57e2b1d1,auto-10d581bed771,mistral_fast@26b5aa1,mistral_fast,26b5aa1,tempest_reinforcements@65ddc55,tempest_reinforcements,65ddc55,vault,official,1,0,rating,a,a,1.0,core_destroyed,51,,111,0,10,1,7,160,12,11,ok,,4.701,n-62-31-13,29004097,2026-08-02T12:46:24+0200
99a6f883933f67e9,auto-10d581bed771,tempest_reinforcements@51ad530,tempest_reinforcements,51ad530,tempest_reinforcements@65ddc55,tempest_reinforcements,65ddc55,strait,official,1,0,rating,a,a,1.0,core_destroyed,41,,32,80,12,9,27,0,9,4,ok,,6.643,n-62-13-8,29004097,2026-08-02T12:46:51+0200
99ba8c915e5e8b21,auto-10d581bed771,tempest_reinforcements@65ddc55,tempest_reinforcements,65ddc55,mistral_fast@26b5aa1,mistral_fast,26b5aa1,longship,official,1,0,rating,b,b,0.0,core_destroyed,37,,19,70,10,10,65,0,10,1,ok,,4.313,n-62-31-7,29004097,2026-08-02T12:47:33+0200
99d712afa853ea36,auto-10d581bed771,tempest_reinforcements@e1dc316,tempest_reinforcements,e1dc316,tempest_reinforcements@65ddc55,tempest_reinforcements,65ddc55,string,official,1,0,rating,a,a,1.0,titanium_collected,1000,,2382,4150,9,7,248,2440,37,10,ok,,32.94,n-62-12-66,29004097,2026-08-02T12:47:36+0200
99df8ede0fb13698,auto-10d581bed771,undertow@da3fd8a,undertow,da3fd8a,tempest_reinforcements@65ddc55,tempest_reinforcements,65ddc55,pinch,official,1,0,rating,b,b,0.0,core_destroyed,30,,15,0,10,3,9,50,10,8,ok,,4.003,n-62-21-65,29004097,2026-08-02T12:46:56+0200
99e7b844bbb27c2e,auto-10d581bed771,tempest_reinforcements@65ddc55,tempest_reinforcements,65ddc55,turtle@9713344,turtle,9713344,sprint,official,1,0,rating,a,a,1.0,core_destroyed,46,,10,70,10,7,56,190,6,13,ok,,3.525,n-62-21-61,29004097,2026-08-02T12:47:17+0200
99ed7eb8be3d9bcd,auto-10d581bed771,v233_c@9713344,v233_c,9713344,tempest_reinforcements@65ddc55,tempest_reinforcements,65ddc55,sweden,official,1,0,rating,b,b,0.0,core_destroyed,46,,4,50,5,21,10,0,10,6,ok,,2.835,n-62-31-9,29004097,2026-08-02T12:48:13+0200
9a017785d474a4f7,auto-10d581bed771,e9cand@9e77076,e9cand,9e77076,tempest_reinforcements@65ddc55,tempest_reinforcements,65ddc55,jackpot,official,1,0,rating,b,b,0.0,core_destroyed,41,,489,80,2,19,20,90,12,7,ok,,2.927,n-62-31-11,29004097,2026-08-02T12:47:41+0200
9a0ca4b5d2c5f321,auto-10d581bed771,tempest_reinforcements@65ddc55,tempest_reinforcements,65ddc55,v233_g@9713344,v233_g,9713344,duel,official,1,0,rating,b,b,0.0,core_destroyed,41,,18,90,10,4,105,180,7,9,ok,,3.748,n-62-21-99,29004097,2026-08-02T12:47:55+0200
9a0e8ee2454414c2,auto-10d581bed771,tempest_picket@fdc1e1f,tempest_picket,fdc1e1f,tempest_reinforcements@65ddc55,tempest_reinforcements,65ddc55,crossfire,official,1,0,rating,a,a,1.0,core_destroyed,32,,44,0,11,3,17,60,10,4,ok,,4.047,n-62-21-2,29004097,2026-08-02T12:47:27+0200
9a20806ab5114ce5,auto-10d581bed771,tempest_reinforcements@65ddc55,tempest_reinforcements,65ddc55,autistimusprime@ecd4d24,autistimusprime,ecd4d24,pinch,official,1,0,rating,a,a,1.0,core_destroyed,32,,18,0,10,4,57,0,8,0,ok,,3.71,n-62-31-21,29004097,2026-08-02T12:46:12+0200
9a30766b4db3717b,auto-10d581bed771,tempest_reinforcements@65ddc55,tempest_reinforcements,65ddc55,tempest@da3fd8a,tempest,da3fd8a,pinch,official,1,0,rating,b,b,0.0,core_destroyed,29,,9,0,9,3,59,0,11,4,ok,,4.698,n-62-11-56,29004097,2026-08-02T12:47:29+0200
9a3128d1d9f6233f,auto-10d581bed771,jonbot_190003d@da3fd8a,jonbot_190003d,da3fd8a,tempest_reinforcements@65ddc55,tempest_reinforcements,65ddc55,runestone,official,1,0,rating,b,b,0.0,core_destroyed,36,,180,60,6,10,20,0,11,4,ok,,3.544,n-62-29-32,29004097,2026-08-02T12:47:42+0200
9a510f9bc6d45a6c,auto-10d581bed771,tempest_reinforcements@65ddc55,tempest_reinforcements,65ddc55,tempest_fast@eb1f0f3,tempest_fast,eb1f0f3,pinch,official,1,0,rating,b,b,0.0,core_destroyed,29,,9,0,9,3,59,0,11,4,ok,,4.084,n-62-12-6,29004097,2026-08-02T12:47:27+0200
9a51e810c98f85c7,auto-10d581bed771,tempest_reinforcements@65ddc55,tempest_reinforcements,65ddc55,tempest_ferry@26b5aa1,tempest_ferry,26b5aa1,skerry,official,1,0,rating,a,a,1.0,core_destroyed,39,,10,80,9,5,188,0,8,1,ok,,4.697,n-62-12-4,29004097,2026-08-02T12:46:53+0200
9aadc778d009ee66,auto-10d581bed771,jonbot@9713344,jonbot,9713344,tempest_reinforcements@65ddc55,tempest_reinforcements,65ddc55,quarry,official,1,0,rating,b,b,0.0,core_destroyed,60,,310,0,5,0,20,0,11,6,ok,,3.754,n-62-29-5,29004097,2026-08-02T12:46:56+0200
9ac80970d379b0a4,auto-10d581bed771,vanguard_oracle@75591b7,vanguard_oracle,75591b7,tempest_reinforcements@65ddc55,tempest_reinforcements,65ddc55,jackpot,official,1,0,rating,b,b,0.0,core_destroyed,70,,75,310,7,7,18,160,14,7,ok,,4.574,n-62-29-30,29004097,2026-08-02T12:48:04+0200
9aca71e6d9d63953,auto-10d581bed771,tempest_reinforcements@65ddc55,tempest_reinforcements,65ddc55,vg_v3@9713344,vg_v3,9713344,bridge,official,1,0,rating,a,a,1.0,core_destroyed,106,,29,190,16,13,79,130,2,11,ok,,4.678,n-62-31-7,29004097,2026-08-02T12:47:59+0200
9acb318d4813bf5a,auto-10d581bed771,tempest_reinforcements@65ddc55,tempest_reinforcements,65ddc55,undertow_oracle@fdc1e1f,undertow_oracle,fdc1e1f,quarry,official,1,0,rating,a,a,1.0,core_destroyed,55,,10,90,11,8,94,210,7,16,ok,,3.299,n-62-31-21,29004097,2026-08-02T12:48:58+0200
9adf51a9c8a4b620,auto-10d581bed771,tempest_reinforcements@65ddc55,tempest_reinforcements,65ddc55,undertow_1ac7ac4@da3fd8a,undertow_1ac7ac4,da3fd8a,strait,official,1,0,rating,a,a,1.0,core_destroyed,62,,10,130,11,11,139,360,9,14,ok,,4.357,n-62-31-5,29004097,2026-08-02T12:47:40+0200
9adfc6c2c021273f,auto-10d581bed771,tempest_reinforcements@65ddc55,tempest_reinforcements,65ddc55,e_post2@4a95297,e_post2,4a95297,crossfire,official,1,0,rating,a,a,1.0,core_destroyed,53,,12,120,11,8,89,0,9,1,ok,,4.088,n-62-29-20,29004097,2026-08-02T12:47:27+0200
9af6125f26402312,auto-10d581bed771,uw_v2@9713344,uw_v2,9713344,tempest_reinforcements@65ddc55,tempest_reinforcements,65ddc55,bridge,official,1,0,rating,b,b,0.0,core_destroyed,376,,215,0,5,5,194,2360,30,24,ok,,10.81,n-62-11-61,29004097,2026-08-02T12:48:29+0200
9afb53a830f24bbb,auto-10d581bed771,vg_v4@9713344,vg_v4,9713344,tempest_reinforcements@65ddc55,tempest_reinforcements,65ddc55,bridge,official,1,0,rating,b,b,0.0,titanium_collected,1000,,3549,1070,1,5,1068,4820,49,21,ok,,29.408,n-62-31-13,29004097,2026-08-02T12:48:35+0200
9b48ae80434078c2,auto-10d581bed771,tempest_reinforcements@65ddc55,tempest_reinforcements,65ddc55,autistimusprime@ecd4d24,autistimusprime,ecd4d24,vault,official,1,0,rating,a,a,1.0,core_destroyed,42,,10,90,12,6,52,0,9,10,ok,,5.082,n-62-31-4,29004097,2026-08-02T12:46:24+0200
9bbb6347e54cafba,auto-10d581bed771,vg_v1@9713344,vg_v1,9713344,tempest_reinforcements@65ddc55,tempest_reinforcements,65ddc55,duel,official,1,0,rating,b,b,0.0,core_destroyed,48,,99,100,3,4,30,110,10,5,ok,,4.074,n-62-30-24,29004097,2026-08-02T12:48:02+0200
9bf411a5bd8b1262,auto-10d581bed771,tempest_reinforcements@65ddc55,tempest_reinforcements,65ddc55,vg_v3@9713344,vg_v3,9713344,twins,official,1,0,rating,a,a,1.0,core_destroyed,48,,20,100,10,9,93,100,3,10,ok,,3.469,n-62-31-18,29004097,2026-08-02T12:49:14+0200
9bf83047a0dececa,auto-10d581bed771,tempest_reinforcements@65ddc55,tempest_reinforcements,65ddc55,tempest_reinforcements@87724ec,tempest_reinforcements,87724ec,atoll,official,1,0,rating,b,b,0.0,core_destroyed,36,,16,70,11,5,36,80,11,6,ok,,6.607,n-62-13-8,29004097,2026-08-02T12:48:24+0200
9c271cb2f6a892f3,auto-10d581bed771,claude_challenger_1@fdc1e1f,claude_challenger_1,fdc1e1f,tempest_reinforcements@65ddc55,tempest_reinforcements,65ddc55,vault,official,1,0,rating,b,b,0.0,core_destroyed,52,,304,220,10,6,30,210,11,19,ok,,6.924,n-62-11-66,29004097,2026-08-02T12:47:11+0200
9c331c680781de1d,auto-10d581bed771,reaver@9713344,reaver,9713344,tempest_reinforcements@65ddc55,tempest_reinforcements,65ddc55,fjord,official,1,0,rating,b,b,0.0,core_destroyed,40,,128,170,3,8,30,90,11,5,ok,,3.358,n-62-11-57,29004097,2026-08-02T12:48:10+0200
9c337bb68cae3dff,auto-10d581bed771,autistimusprime@ecd4d24,autistimusprime,ecd4d24,tempest_reinforcements@65ddc55,tempest_reinforcements,65ddc55,crossfire,official,1,0,rating,b,b,0.0,core_destroyed,76,,40,0,4,1,30,180,12,6,ok,,4.777,n-62-31-24,29004097,2026-08-02T12:46:58+0200
9c357a955c82869a,auto-10d581bed771,v233_c@9713344,v233_c,9713344,tempest_reinforcements@65ddc55,tempest_reinforcements,65ddc55,aurora,official,1,0,rating,b,b,0.0,core_destroyed,50,,80,100,7,9,10,100,10,11,ok,,3.828,n-62-11-68,29004097,2026-08-02T12:48:15+0200
9c4bb15fb6f0facb,auto-10d581bed771,vg_v2@9713344,vg_v2,9713344,tempest_reinforcements@65ddc55,tempest_reinforcements,65ddc55,jackpot,official,1,0,rating,b,b,0.0,core_destroyed,62,,86,0,4,1,26,220,11,17,ok,,3.666,n-62-31-17,29004097,2026-08-02T12:49:21+0200
9c5180e3830d00f0,auto-10d581bed771,tempest_reinforcements@65ddc55,tempest_reinforcements,65ddc55,uw_v1@9713344,uw_v1,9713344,string,official,1,0,rating,a,a,1.0,core_destroyed,103,,94,670,19,16,105,0,0,2,ok,,4.989,n-62-11-60,29004097,2026-08-02T12:48:14+0200
9c6700ee3f1e6259,auto-10d581bed771,tempest_reinforcements@65ddc55,tempest_reinforcements,65ddc55,attack_wave_v1@9713344,attack_wave_v1,9713344,longship,official,1,0,rating,a,a,1.0,core_destroyed,49,,25,100,11,12,181,0,6,4,ok,,3.559,n-62-31-5,29004097,2026-08-02T12:47:18+0200
9cadd734fa10b7b0,auto-10d581bed771,claude_challenger_2@fdc1e1f,claude_challenger_2,fdc1e1f,tempest_reinforcements@65ddc55,tempest_reinforcements,65ddc55,twins,official,1,0,rating,b,b,0.0,core_destroyed,75,,37,310,8,10,10,0,10,9,ok,,7.438,n-62-21-92,29004097,2026-08-02T12:46:56+0200
9cb8089aa9eccbb4,auto-10d581bed771,mistral_fast@26b5aa1,mistral_fast,26b5aa1,tempest_reinforcements@65ddc55,tempest_reinforcements,65ddc55,twins,official,1,0,rating,b,b,0.0,core_destroyed,40,,152,0,9,0,20,0,11,5,ok,,3.965,n-62-31-18,29004097,2026-08-02T12:47:31+0200
9cb8b039a29a5d87,auto-10d581bed771,tempest_oracle_ferry@fdc1e1f,tempest_oracle_ferry,fdc1e1f,tempest_reinforcements@65ddc55,tempest_reinforcements,65ddc55,sprint,official,1,0,rating,a,a,1.0,core_destroyed,27,,45,0,6,4,8,40,10,6,ok,,3.663,n-62-21-8,29004097,2026-08-02T12:47:19+0200
9cc405a6f5844d49,auto-10d581bed771,tempest_reinforcements@65ddc55,tempest_reinforcements,65ddc55,siege_v2@9713344,siege_v2,9713344,twins,official,1,0,rating,a,a,1.0,core_destroyed,41,,15,80,10,9,254,0,5,2,ok,,3.222,n-62-11-52,29004097,2026-08-02T12:46:51+0200
9ccf3604494408f5,auto-10d581bed771,casemate@902be71,casemate,902be71,tempest_reinforcements@65ddc55,tempest_reinforcements,65ddc55,runestone,official,1,0,rating,b,b,0.0,core_destroyed,49,,3,0,7,23,10,0,11,5,ok,,4.436,n-62-11-61,29004097,2026-08-02T12:47:04+0200
9cdb9b51539b9f50,auto-10d581bed771,tempest_reinforcements@65ddc55,tempest_reinforcements,65ddc55,tempest@da3fd8a,tempest,da3fd8a,fjord,official,1,0,rating,a,a,1.0,core_destroyed,27,,10,50,11,5,270,50,4,4,ok,,4.488,n-62-11-56,29004097,2026-08-02T12:46:43+0200
9ce5ccf37615c900,auto-10d581bed771,tempest_reinforcements@65ddc55,tempest_reinforcements,65ddc55,v233_d@9713344,v233_d,9713344,atoll,official,1,0,rating,a,a,1.0,core_destroyed,53,,10,120,11,6,98,60,6,10,ok,,3.461,n-62-31-9,29004097,2026-08-02T12:48:36+0200
9cfb834635ec983d,auto-10d581bed771,tempest_reinforcements@65ddc55,tempest_reinforcements,65ddc55,e_t4l7@9e77076,e_t4l7,9e77076,jackpot,official,1,0,rating,a,a,1.0,core_destroyed,57,,22,200,11,21,80,310,6,35,ok,,3.682,n-62-29-17,29004097,2026-08-02T12:46:12+0200
9d2860ad4f320717,auto-10d581bed771,tempest_picket@fdc1e1f,tempest_picket,fdc1e1f,tempest_reinforcements@65ddc55,tempest_reinforcements,65ddc55,runestone,official,1,0,rating,b,b,0.0,core_destroyed,34,,237,50,5,6,8,0,11,5,ok,,3.794,n-62-21-15,29004097,2026-08-02T12:47:16+0200
9d2c51377478b1a5,auto-10d581bed771,tempest_reinforcements@65ddc55,tempest_reinforcements,65ddc55,claude_challenger_1@fdc1e1f,claude_challenger_1,fdc1e1f,twins,official,1,0,rating,a,a,1.0,core_destroyed,42,,10,80,11,9,117,0,9,4,ok,,5.625,n-62-11-66,29004097,2026-08-02T12:46:44+0200
9d3cf7536cca3b99,auto-10d581bed771,tempest_reinforcements@65ddc55,tempest_reinforcements,65ddc55,titanium_v1@9713344,titanium_v1,9713344,quarry,official,1,0,rating,a,a,1.0,core_destroyed,35,,10,0,11,6,313,0,4,3,ok,,3.142,n-62-21-59,29004097,2026-08-02T12:46:25+0200
9d4c70344f4d3c47,auto-10d581bed771,tempest_ferry@26b5aa1,tempest_ferry,26b5aa1,tempest_reinforcements@65ddc55,tempest_reinforcements,65ddc55,pinch,official,1,0,rating,b,b,0.0,core_destroyed,26,,103,0,9,3,9,0,9,4,ok,,4.292,n-62-12-4,29004097,2026-08-02T12:46:18+0200
9d685ec61f1fd595,auto-10d581bed771,tempest_reinforcements@65ddc55,tempest_reinforcements,65ddc55,e9cand@9e77076,e9cand,9e77076,sprint,official,1,0,rating,a,a,1.0,core_destroyed,94,,10,0,10,9,69,0,5,1,ok,,4.093,n-62-21-103,29004097,2026-08-02T12:46:40+0200
9d6b342f5ffe0865,auto-10d581bed771,tempest_reinforcements@65ddc55,tempest_reinforcements,65ddc55,v233_g@9713344,v233_g,9713344,runestone,official,1,0,rating,a,a,1.0,core_destroyed,38,,10,0,11,5,120,120,8,12,ok,,3.409,n-62-21-99,29004097,2026-08-02T12:48:53+0200
9dc41c99a7ee2226,auto-10d581bed771,tempest_reinforcements@65ddc55,tempest_reinforcements,65ddc55,v233_i@902be71,v233_i,902be71,quarry,official,1,0,rating,a,a,1.0,core_destroyed,46,,8,70,11,8,60,180,10,22,ok,,3.678,n-62-29-20,29004097,2026-08-02T12:48:55+0200
9de35fe42e66f4aa,auto-10d581bed771,v233_b@9713344,v233_b,9713344,tempest_reinforcements@65ddc55,tempest_reinforcements,65ddc55,pinch,official,1,0,rating,b,b,0.0,core_destroyed,31,,53,0,5,5,20,60,10,8,ok,,3.27,n-62-11-66,29004097,2026-08-02T12:47:53+0200
9e0697cfcac95f16,auto-10d581bed771,tempest_reinforcements@65ddc55,tempest_reinforcements,65ddc55,tempest_reinforcements@51ad530,tempest_reinforcements,51ad530,quarry,official,1,0,rating,a,a,1.0,core_destroyed,54,,13,90,11,8,9,0,11,5,ok,,4.512,n-62-13-6,29004097,2026-08-02T12:47:20+0200
9e46f8814c0f51f6,auto-10d581bed771,vanguard@da3fd8a,vanguard,da3fd8a,tempest_reinforcements@65ddc55,tempest_reinforcements,65ddc55,skerry,official,1,0,rating,b,b,0.0,core_destroyed,47,,66,290,8,9,25,110,11,5,ok,,3.719,n-62-29-29,29004097,2026-08-02T12:48:33+0200
9e4e0e3ca2a25d87,auto-10d581bed771,undertow@fdc1e1f,undertow,fdc1e1f,tempest_reinforcements@65ddc55,tempest_reinforcements,65ddc55,sprint,official,1,0,rating,b,b,0.0,core_destroyed,51,,47,0,9,9,18,110,10,7,ok,,4.146,n-62-21-68,29004097,2026-08-02T12:46:17+0200
9e61d0e28947291e,auto-10d581bed771,siege_v2@9713344,siege_v2,9713344,tempest_reinforcements@65ddc55,tempest_reinforcements,65ddc55,crossfire,official,1,0,rating,b,b,0.0,core_destroyed,35,,239,0,6,2,10,70,11,6,ok,,3.061,n-62-11-51,29004097,2026-08-02T12:46:15+0200
9e6bb7bfdba80d1f,auto-10d581bed771,jonbot_190003d@da3fd8a,jonbot_190003d,da3fd8a,tempest_reinforcements@65ddc55,tempest_reinforcements,65ddc55,duel,official,1,0,rating,b,b,0.0,core_destroyed,46,,99,0,5,4,10,30,7,3,ok,,3.768,n-62-29-32,29004097,2026-08-02T12:46:37+0200
9e85dc77438125cc,auto-10d581bed771,tempest_ferry@26b5aa1,tempest_ferry,26b5aa1,tempest_reinforcements@65ddc55,tempest_reinforcements,65ddc55,aurora,official,1,0,rating,a,a,1.0,core_destroyed,43,,34,0,11,4,10,80,9,10,ok,,3.838,n-62-12-5,29004097,2026-08-02T12:46:31+0200
9ec3f8bb39b6a7d9,auto-10d581bed771,e_condc@6db8844,e_condc,6db8844,tempest_reinforcements@65ddc55,tempest_reinforcements,65ddc55,longship,official,1,0,rating,b,b,0.0,core_destroyed,62,,33,0,8,16,20,130,11,14,ok,,4.032,n-62-21-104,29004097,2026-08-02T12:47:25+0200
9ed48fd7dc87e9f4,auto-10d581bed771,siege_v1@9713344,siege_v1,9713344,tempest_reinforcements@65ddc55,tempest_reinforcements,65ddc55,string,official,1,0,rating,b,b,0.0,core_destroyed,69,,327,0,1,0,28,160,15,7,ok,,3.618,n-62-11-50,29004097,2026-08-02T12:46:29+0200
9efa8adba52c4a7f,auto-10d581bed771,casemate_oracle@902be71,casemate_oracle,902be71,tempest_reinforcements@65ddc55,tempest_reinforcements,65ddc55,aurora,official,1,0,rating,a,a,1.0,core_destroyed,70,,18,0,7,25,15,220,12,15,ok,,5.806,n-62-11-62,29004097,2026-08-02T12:48:08+0200
9f0a249672a6c6bb,auto-10d581bed771,siege_v2@9713344,siege_v2,9713344,tempest_reinforcements@65ddc55,tempest_reinforcements,65ddc55,skerry,official,1,0,rating,b,b,0.0,core_destroyed,34,,146,0,6,4,20,80,11,5,ok,,3.034,n-62-11-52,29004097,2026-08-02T12:46:15+0200
9f2719b0dafb55f0,auto-10d581bed771,jonbot_190003d@da3fd8a,jonbot_190003d,da3fd8a,tempest_reinforcements@65ddc55,tempest_reinforcements,65ddc55,bridge,official,1,0,rating,b,b,0.0,core_destroyed,177,,579,0,2,6,48,910,22,24,ok,,6.695,n-62-29-32,29004097,2026-08-02T12:46:20+0200
9f2c4011f69a0c98,auto-10d581bed771,e_harc@6db8844,e_harc,6db8844,tempest_reinforcements@65ddc55,tempest_reinforcements,65ddc55,sweden,official,1,0,rating,b,b,0.0,core_destroyed,49,,617,100,1,6,10,0,10,6,ok,,2.298,n-62-29-18,29004097,2026-08-02T12:47:47+0200
9f327110400b4bd8,auto-10d581bed771,tempest_oracle_ferry@fdc1e1f,tempest_oracle_ferry,fdc1e1f,tempest_reinforcements@65ddc55,tempest_reinforcements,65ddc55,hive,official,1,0,rating,b,b,0.0,core_destroyed,42,,289,80,5,9,10,80,10,13,ok,,3.616,n-62-21-4,29004097,2026-08-02T12:47:36+0200
9f42fb1d31da98d3,auto-10d581bed771,undertow_1ac7ac4@da3fd8a,undertow_1ac7ac4,da3fd8a,tempest_reinforcements@65ddc55,tempest_reinforcements,65ddc55,quarry,official,1,0,rating,b,b,0.0,core_destroyed,93,,116,500,9,20,8,0,11,6,ok,,5.293,n-62-21-69,29004097,2026-08-02T12:47:22+0200
9f4e10f4546fcb69,auto-10d581bed771,tempest_reinforcements@65ddc55,tempest_reinforcements,65ddc55,reaver@9713344,reaver,9713344,crossfire,official,1,0,rating,a,a,1.0,core_destroyed,45,,10,100,11,6,115,0,6,4,ok,,3.549,n-62-11-57,29004097,2026-08-02T12:47:53+0200
9f5d85af7696e0ca,auto-10d581bed771,tempest_reinforcements@65ddc55,tempest_reinforcements,65ddc55,vg_v3@9713344,vg_v3,9713344,longship,official,1,0,rating,a,a,1.0,core_destroyed,53,,10,110,12,12,100,40,8,7,ok,,4.051,n-62-31-7,29004097,2026-08-02T12:49:17+0200
9f6c8bc4f69b1d1b,auto-10d581bed771,tempest_outer@fdc1e1f,tempest_outer,fdc1e1f,tempest_reinforcements@65ddc55,tempest_reinforcements,65ddc55,sprint,official,1,0,rating,a,a,1.0,core_destroyed,25,,31,0,10,4,11,10,8,4,ok,,3.716,n-62-21-13,29004097,2026-08-02T12:47:26+0200
9f6f4681b2cfac88,auto-10d581bed771,claude_challenger_2@fdc1e1f,claude_challenger_2,fdc1e1f,tempest_reinforcements@65ddc55,tempest_reinforcements,65ddc55,aurora,official,1,0,rating,b,b,0.0,core_destroyed,44,,32,0,12,1,20,90,11,11,ok,,6.012,n-62-11-66,29004097,2026-08-02T12:47:36+0200
9f826b0a1c6583c7,auto-10d581bed771,tempest_reinforcements@65ddc55,tempest_reinforcements,65ddc55,v233_f@9713344,v233_f,9713344,fjord,official,1,0,rating,a,a,1.0,core_destroyed,45,,20,100,11,5,86,290,8,7,ok,,4.26,n-62-21-97,29004097,2026-08-02T12:47:54+0200
9f899ce733f0bf23,auto-10d581bed771,tempest_fast@eb1f0f3,tempest_fast,eb1f0f3,tempest_reinforcements@65ddc55,tempest_reinforcements,65ddc55,bridge,official,1,0,rating,b,b,0.0,core_destroyed,42,,290,0,4,7,10,0,10,8,ok,,2.719,n-62-12-6,29004097,2026-08-02T12:46:35+0200
9f93b275e6f8eb05,auto-10d581bed771,tempest_reinforcements@65ddc55,tempest_reinforcements,65ddc55,tempest_reinforcements@e1dc316,tempest_reinforcements,e1dc316,strait,official,1,0,rating,a,a,1.0,core_destroyed,53,,11,110,10,11,9,0,12,4,ok,,5.324,n-62-12-66,29004097,2026-08-02T12:46:53+0200
9f97273fc1171b3d,auto-10d581bed771,vanguard_oracle@75591b7,vanguard_oracle,75591b7,tempest_reinforcements@65ddc55,tempest_reinforcements,65ddc55,pinch,official,1,0,rating,b,b,0.0,core_destroyed,24,,106,0,9,3,20,40,10,8,ok,,3.083,n-62-29-30,29004097,2026-08-02T12:48:19+0200
9faf6e8baae08a50,auto-10d581bed771,undertow_1ac7ac4@da3fd8a,undertow_1ac7ac4,da3fd8a,tempest_reinforcements@65ddc55,tempest_reinforcements,65ddc55,hive,official,1,0,rating,b,b,0.0,core_destroyed,67,,97,140,6,5,10,140,11,13,ok,,4.927,n-62-21-69,29004097,2026-08-02T12:46:44+0200
9fbaa99ee532d007,auto-10d581bed771,vg_v2@9713344,vg_v2,9713344,tempest_reinforcements@65ddc55,tempest_reinforcements,65ddc55,vault,official,1,0,rating,b,b,0.0,core_destroyed,61,,85,0,6,4,31,260,11,21,ok,,3.976,n-62-31-5,29004097,2026-08-02T12:49:27+0200
9fcf2790b91d52ac,auto-10d581bed771,vanguard@818f3b4,vanguard,818f3b4,tempest_reinforcements@65ddc55,tempest_reinforcements,65ddc55,vault,official,1,0,rating,a,a,1.0,core_destroyed,42,,60,180,12,7,21,160,12,10,ok,,5.48,n-62-29-33,29004097,2026-08-02T12:47:48+0200
9fd7b2ab1e7efdfc,auto-10d581bed771,tempest_reinforcements@65ddc55,tempest_reinforcements,65ddc55,mistral@ba943b9,mistral,ba943b9,fjord,official,1,0,rating,a,a,1.0,core_destroyed,25,,20,50,11,5,266,0,5,0,ok,,5.255,n-62-31-14,29004097,2026-08-02T12:47:12+0200
9fec7cb44aff1ee7,auto-10d581bed771,tempest_reinforcements@65ddc55,tempest_reinforcements,65ddc55,tempest_outer@fdc1e1f,tempest_outer,fdc1e1f,string,official,1,0,rating,a,a,1.0,core_destroyed,96,,94,430,13,10,452,220,3,4,ok,,4.592,n-62-21-2,29004097,2026-08-02T12:46:13+0200
a0000fd15968148a,auto-10d581bed771,vanguard_oracle@fdc1e1f,vanguard_oracle,fdc1e1f,tempest_reinforcements@65ddc55,tempest_reinforcements,65ddc55,fjord,official,1,0,rating,b,b,0.0,core_destroyed,28,,69,60,10,4,26,60,11,5,ok,,3.79,n-62-29-34,29004097,2026-08-02T12:47:58+0200
a006a557d47a4d74,auto-10d581bed771,tempest_reinforcements@65ddc55,tempest_reinforcements,65ddc55,claude_challenger_3@fdc1e1f,claude_challenger_3,fdc1e1f,vase,official,1,0,rating,a,a,1.0,core_destroyed,46,,10,0,10,6,610,0,0,0,ok,,2.925,n-62-31-10,29004097,2026-08-02T12:47:24+0200
a011c93848ef4d74,auto-10d581bed771,tempest_reinforcements@65ddc55,tempest_reinforcements,65ddc55,baiter@9713344,baiter,9713344,hive,official,1,0,rating,a,a,1.0,core_destroyed,57,,10,120,12,11,98,0,5,7,ok,,4.398,n-62-31-4,29004097,2026-08-02T12:48:02+0200
a0202dd2a2b26da3,auto-10d581bed771,tempest_frontier@fdc1e1f,tempest_frontier,fdc1e1f,tempest_reinforcements@65ddc55,tempest_reinforcements,65ddc55,strait,official,1,0,rating,a,a,1.0,core_destroyed,54,,34,0,12,4,10,0,11,4,ok,,5.23,n-62-21-18,29004097,2026-08-02T12:47:35+0200
a07d6aa6fbd76c57,auto-10d581bed771,frontier_v2@9713344,frontier_v2,9713344,tempest_reinforcements@65ddc55,tempest_reinforcements,65ddc55,jackpot,official,1,0,rating,b,b,0.0,core_destroyed,37,,142,0,7,3,20,80,11,7,ok,,3.299,n-62-29-26,29004097,2026-08-02T12:46:29+0200
a08c102e9d9f8afc,auto-10d581bed771,tempest_reinforcements@65ddc55,tempest_reinforcements,65ddc55,tempest_reinforcements@025dd51,tempest_reinforcements,025dd51,atoll,official,1,0,rating,a,a,1.0,core_destroyed,39,,7,80,11,6,2,80,12,5,ok,,5.069,n-62-21-23,29004097,2026-08-02T12:47:09+0200
a0b9a19f5c0c30da,auto-10d581bed771,tempest_reinforcements@65ddc55,tempest_reinforcements,65ddc55,reaver@9713344,reaver,9713344,jackpot,official,1,0,rating,a,a,1.0,core_destroyed,203,,20,1490,27,28,130,0,0,1,ok,,8.161,n-62-11-53,29004097,2026-08-02T12:46:26+0200
a0c6b7fb1ba07263,auto-10d581bed771,vanguard@c407e79,vanguard,c407e79,tempest_reinforcements@65ddc55,tempest_reinforcements,65ddc55,runestone,official,1,0,rating,b,b,0.0,core_destroyed,37,,86,120,9,14,10,0,11,5,ok,,3.368,n-62-29-22,29004097,2026-08-02T12:48:10+0200
a0d582e65872a7b4,auto-10d581bed771,jonbot_190003d@da3fd8a,jonbot_190003d,da3fd8a,tempest_reinforcements@65ddc55,tempest_reinforcements,65ddc55,sprint,official,1,0,rating,b,b,0.0,core_destroyed,34,,19,60,9,9,10,20,5,5,ok,,3.447,n-62-29-34,29004097,2026-08-02T12:46:35+0200
a114a86380fd812d,auto-10d581bed771,claude_challenger_3@fdc1e1f,claude_challenger_3,fdc1e1f,tempest_reinforcements@65ddc55,tempest_reinforcements,65ddc55,string,official,1,0,rating,b,b,0.0,core_destroyed,27,,560,0,0,0,10,50,11,7,ok,,3.065,n-62-31-10,29004097,2026-08-02T12:46:56+0200
a11d8bd4866d9734,auto-10d581bed771,tempest_reinforcements@65ddc55,tempest_reinforcements,65ddc55,jonbot@da3fd8a,jonbot,da3fd8a,runestone,official,1,0,rating,b,b,0.0,core_destroyed,53,,11,0,8,4,54,0,8,14,ok,,4.583,n-62-29-33,29004097,2026-08-02T12:47:27+0200
a126889b98bf5f2a,auto-10d581bed771,v233_g@9713344,v233_g,9713344,tempest_reinforcements@65ddc55,tempest_reinforcements,65ddc55,quarry,official,1,0,rating,b,b,0.0,core_destroyed,130,,124,520,8,21,10,0,12,6,ok,,5.628,n-62-21-99,29004097,2026-08-02T12:48:49+0200
a126e893a91e77a7,auto-10d581bed771,claude_challenger_2@fdc1e1f,claude_challenger_2,fdc1e1f,tempest_reinforcements@65ddc55,tempest_reinforcements,65ddc55,pinch,official,1,0,rating,b,b,0.0,core_destroyed,47,,143,0,7,1,10,0,10,4,ok,,5.505,n-62-11-68,29004097,2026-08-02T12:47:13+0200
a12a1036f65dcb0d,auto-10d581bed771,opponent_luc@e83a42c,opponent_luc,e83a42c,tempest_reinforcements@65ddc55,tempest_reinforcements,65ddc55,sprint,official,1,0,rating,b,b,0.0,core_destroyed,34,,192,0,7,4,10,60,10,7,ok,,4.042,n-62-31-15,29004097,2026-08-02T12:47:34+0200
a132a1b3d26c8706,auto-10d581bed771,tempest_reinforcements@65ddc55,tempest_reinforcements,65ddc55,frontier_v1@9713344,frontier_v1,9713344,sweden,official,1,0,rating,a,a,1.0,core_destroyed,146,,13,720,20,26,195,0,10,2,ok,,5.932,n-62-29-22,29004097,2026-08-02T12:46:23+0200
a1625e672c7baab1,auto-10d581bed771,tempest_reinforcements@65ddc55,tempest_reinforcements,65ddc55,v233_e@9713344,v233_e,9713344,duel,official,1,0,rating,a,a,1.0,core_destroyed,51,,9,120,12,5,65,220,10,11,ok,,4.852,n-62-21-103,29004097,2026-08-02T12:47:37+0200
a188bfb764657bae,auto-10d581bed771,undertow_oracle@fdc1e1f,undertow_oracle,fdc1e1f,tempest_reinforcements@65ddc55,tempest_reinforcements,65ddc55,quarry,official,1,0,rating,a,a,1.0,titanium_collected,1000,,7614,7280,13,36,10,0,11,6,ok,,21.448,n-62-31-21,29004097,2026-08-02T12:49:19+0200
a18dc726f1d75e0a,auto-10d581bed771,tempest_reinforcements@65ddc55,tempest_reinforcements,65ddc55,lockin@9713344,lockin,9713344,sprint,official,1,0,rating,a,a,1.0,core_destroyed,28,,20,50,9,9,323,0,5,0,ok,,3.757,n-62-30-24,29004097,2026-08-02T12:46:45+0200
a19413b55a9276b2,auto-10d581bed771,tempest_reinforcements@65ddc55,tempest_reinforcements,65ddc55,siege_v2@9713344,siege_v2,9713344,jackpot,official,1,0,rating,a,a,1.0,core_destroyed,39,,10,80,11,7,196,0,5,3,ok,,3.015,n-62-11-51,29004097,2026-08-02T12:46:38+0200
a19c2d75e4bcba5f,auto-10d581bed771,tempest_reinforcements@65ddc55,tempest_reinforcements,65ddc55,baiter@9713344,baiter,9713344,twins,official,1,0,rating,a,a,1.0,core_destroyed,48,,20,100,10,9,93,100,3,10,ok,,4.543,n-62-11-60,29004097,2026-08-02T12:46:13+0200
a1a9426b6ada40db,auto-10d581bed771,tempest_reinforcements@65ddc55,tempest_reinforcements,65ddc55,reaver@9713344,reaver,9713344,bridge,official,1,0,rating,a,a,1.0,core_destroyed,216,,108,880,24,21,652,460,2,3,ok,,6.572,n-62-11-57,29004097,2026-08-02T12:47:22+0200
a1b46729be441f7a,auto-10d581bed771,tempest_reinforcements@65ddc55,tempest_reinforcements,65ddc55,tempest@da3fd8a,tempest,da3fd8a,string,official,1,0,rating,a,a,1.0,core_destroyed,96,,94,430,13,10,452,220,3,4,ok,,4.568,n-62-21-90,29004097,2026-08-02T12:46:53+0200
a1c43c9a328c0f0c,auto-10d581bed771,tempest_reinforcements@65ddc55,tempest_reinforcements,65ddc55,vg_v5@9713344,vg_v5,9713344,runestone,official,1,0,rating,a,a,1.0,core_destroyed,50,,10,0,11,5,115,0,7,8,ok,,3.991,n-62-31-15,29004097,2026-08-02T12:48:07+0200
a1c8f79e4a7a39f0,auto-10d581bed771,vanguard@c407e79,vanguard,c407e79,tempest_reinforcements@65ddc55,tempest_reinforcements,65ddc55,sweden,official,1,0,rating,b,b,0.0,core_destroyed,50,,111,210,6,24,10,0,10,6,ok,,2.96,n-62-29-22,29004097,2026-08-02T12:49:02+0200
a1d2acbbcdb0ebb3,auto-10d581bed771,tempest_reinforcements@65ddc55,tempest_reinforcements,65ddc55,titanium_v1@9713344,titanium_v1,9713344,pinch,official,1,0,rating,a,a,1.0,core_destroyed,22,,10,30,10,9,286,0,3,3,ok,,2.878,n-62-21-59,29004097,2026-08-02T12:46:19+0200
a1fa49dd06ea2c29,auto-10d581bed771,vg_v4@9713344,vg_v4,9713344,tempest_reinforcements@65ddc55,tempest_reinforcements,65ddc55,crossfire,official,1,0,rating,b,b,0.0,core_destroyed,38,,80,40,6,5,10,80,10,6,ok,,3.372,n-62-31-13,29004097,2026-08-02T12:48:42+0200
a1feb39b9900c36c,auto-10d581bed771,undertow_1ac7ac4@da3fd8a,undertow_1ac7ac4,da3fd8a,tempest_reinforcements@65ddc55,tempest_reinforcements,65ddc55,strait,official,1,0,rating,b,b,0.0,core_destroyed,77,,139,340,11,13,10,0,12,5,ok,,5.386,n-62-31-5,29004097,2026-08-02T12:47:45+0200
a226e62e9b307442,auto-10d581bed771,mistral_fast@26b5aa1,mistral_fast,26b5aa1,tempest_reinforcements@65ddc55,tempest_reinforcements,65ddc55,sprint,official,1,0,rating,a,a,1.0,core_destroyed,20,,47,0,10,1,20,10,8,4,ok,,3.91,n-62-31-18,29004097,2026-08-02T12:46:58+0200
a2499fe9dd0ebe09,auto-10d581bed771,vanguard@818f3b4,vanguard,818f3b4,tempest_reinforcements@65ddc55,tempest_reinforcements,65ddc55,fjord,official,1,0,rating,b,b,0.0,core_destroyed,38,,100,80,4,6,10,80,11,5,ok,,3.52,n-62-29-17,29004097,2026-08-02T12:48:26+0200
a26498ab4c48f0e5,auto-10d581bed771,tempest_reinforcements@65ddc55,tempest_reinforcements,65ddc55,claude_challenger_3@fdc1e1f,claude_challenger_3,fdc1e1f,bridge,official,1,0,rating,a,a,1.0,core_destroyed,42,,10,0,10,8,600,0,0,0,ok,,2.286,n-62-21-92,29004097,2026-08-02T12:47:41+0200
a268ad69203320b6,auto-10d581bed771,casemate@902be71,casemate,902be71,tempest_reinforcements@65ddc55,tempest_reinforcements,65ddc55,hive,official,1,0,rating,b,b,0.0,core_destroyed,63,,102,0,5,31,17,130,12,13,ok,,3.838,n-62-11-60,29004097,2026-08-02T12:47:57+0200
a26eea65a15b033a,auto-10d581bed771,turtle@9713344,turtle,9713344,tempest_reinforcements@65ddc55,tempest_reinforcements,65ddc55,duel,official,1,0,rating,b,b,0.0,core_destroyed,56,,85,120,4,8,30,130,10,5,ok,,4.023,n-62-21-60,29004097,2026-08-02T12:47:24+0200
a286f86d52090e7d,auto-10d581bed771,tempest_reinforcements@65ddc55,tempest_reinforcements,65ddc55,vg_v1@9713344,vg_v1,9713344,quarry,official,1,0,rating,a,a,1.0,core_destroyed,55,,10,90,12,8,106,100,7,10,ok,,4.6,n-62-30-24,29004097,2026-08-02T12:48:49+0200
a2952029524eedfe,auto-10d581bed771,vg_v6@9713344,vg_v6,9713344,tempest_reinforcements@65ddc55,tempest_reinforcements,65ddc55,aurora,official,1,0,rating,b,b,0.0,core_destroyed,53,,109,110,8,9,10,110,12,11,ok,,3.988,n-62-11-57,29004097,2026-08-02T12:48:15+0200
a29f52507c1c5dce,auto-10d581bed771,vg_v4@9713344,vg_v4,9713344,tempest_reinforcements@65ddc55,tempest_reinforcements,65ddc55,twins,official,1,0,rating,b,b,0.0,core_destroyed,54,,35,0,4,4,10,0,10,5,ok,,3.567,n-62-31-16,29004097,2026-08-02T12:49:27+0200
a2aa6e3f0354d917,auto-10d581bed771,tempest_reinforcements@87724ec,tempest_reinforcements,87724ec,tempest_reinforcements@65ddc55,tempest_reinforcements,65ddc55,vase,official,1,0,rating,b,b,0.0,core_destroyed,89,,59,0,7,6,9,0,9,5,ok,,3.548,n-62-12-65,29004097,2026-08-02T12:48:35+0200
a2c0dc2b6a1e0219,auto-10d581bed771,tempest_reinforcements@65ddc55,tempest_reinforcements,65ddc55,undertow_1ac7ac4@da3fd8a,undertow_1ac7ac4,da3fd8a,hive,official,1,0,rating,a,a,1.0,core_destroyed,52,,30,110,11,11,135,130,8,13,ok,,4.354,n-62-21-69,29004097,2026-08-02T12:46:39+0200
a2e1cb405e5ec335,auto-10d581bed771,tempest_reinforcements@65ddc55,tempest_reinforcements,65ddc55,undertow_oracle@75591b7,undertow_oracle,75591b7,sweden,official,1,0,rating,a,a,1.0,core_destroyed,304,,60,1920,34,44,1475,1210,9,15,ok,,14.747,n-62-31-24,29004097,2026-08-02T12:48:25+0200
a2f43c4db70e2c1f,auto-10d581bed771,tempest_reinforcements@65ddc55,tempest_reinforcements,65ddc55,tempest_ferry@26b5aa1,tempest_ferry,26b5aa1,jackpot,official,1,0,rating,a,a,1.0,core_destroyed,51,,20,110,9,7,305,110,6,6,ok,,3.455,n-62-12-5,29004097,2026-08-02T12:47:13+0200
a319a0d66aeb727c,auto-10d581bed771,tempest_reinforcements@65ddc55,tempest_reinforcements,65ddc55,opponent_luc@e83a42c,opponent_luc,e83a42c,twins,official,1,0,rating,a,a,1.0,core_destroyed,417,,133,2720,28,128,103,30,5,12,ok,,18.098,n-62-11-57,29004097,2026-08-02T12:46:35+0200
a3369b598dd66c40,auto-10d581bed771,tempest_reinforcements@65ddc55,tempest_reinforcements,65ddc55,e_t4l7@9e77076,e_t4l7,9e77076,hive,official,1,0,rating,a,a,1.0,core_destroyed,50,,10,100,11,11,43,100,5,19,ok,,3.386,n-62-29-15,29004097,2026-08-02T12:47:28+0200
a34aba16a79b9bd2,auto-10d581bed771,vg_v2@9713344,vg_v2,9713344,tempest_reinforcements@65ddc55,tempest_reinforcements,65ddc55,quarry,official,1,0,rating,b,b,0.0,core_destroyed,64,,110,230,6,15,20,0,11,6,ok,,3.533,n-62-31-17,29004097,2026-08-02T12:49:44+0200
a372b9bf8809d9fa,auto-10d581bed771,tempest_ferry@26b5aa1,tempest_ferry,26b5aa1,tempest_reinforcements@65ddc55,tempest_reinforcements,65ddc55,longship,official,1,0,rating,b,b,0.0,core_destroyed,49,,148,100,7,9,9,100,10,13,ok,,3.852,n-62-12-5,29004097,2026-08-02T12:47:24+0200
a38c1a180454fecf,auto-10d581bed771,claude_challenger_2@fdc1e1f,claude_challenger_2,fdc1e1f,tempest_reinforcements@65ddc55,tempest_reinforcements,65ddc55,strait,official,1,0,rating,b,b,0.0,core_destroyed,47,,40,20,9,4,10,0,11,5,ok,,6.185,n-62-21-92,29004097,2026-08-02T12:46:29+0200
a3a562ba0e2d2d1e,auto-10d581bed771,mistral@ba943b9,mistral,ba943b9,tempest_reinforcements@65ddc55,tempest_reinforcements,65ddc55,pinch,official,1,0,rating,b,b,0.0,core_destroyed,21,,229,0,6,0,10,30,10,8,ok,,3.217,n-62-31-14,29004097,2026-08-02T12:48:03+0200
a3ad51ab3ad27963,auto-10d581bed771,tempest_reinforcements@65ddc55,tempest_reinforcements,65ddc55,titanium_v1@9713344,titanium_v1,9713344,showdown,official,1,0,rating,a,a,1.0,core_destroyed,19,,10,0,10,8,311,0,4,2,ok,,2.814,n-62-21-59,29004097,2026-08-02T12:46:38+0200
a3bc7b261cba27b8,auto-10d581bed771,casemate@902be71,casemate,902be71,tempest_reinforcements@65ddc55,tempest_reinforcements,65ddc55,vault,official,1,0,rating,b,b,0.0,core_destroyed,402,,98,0,7,59,196,3050,34,62,ok,,17.544,n-62-11-62,29004097,2026-08-02T12:47:46+0200
a3e44c6351bffca3,auto-10d581bed771,tempest_reinforcements@65ddc55,tempest_reinforcements,65ddc55,e9cand@9e77076,e9cand,9e77076,twins,official,1,0,rating,a,a,1.0,core_destroyed,71,,20,160,11,9,43,0,9,1,ok,,4.456,n-62-21-103,29004097,2026-08-02T12:47:21+0200
a3f911e1a425128c,auto-10d581bed771,tempest_reinforcements@65ddc55,tempest_reinforcements,65ddc55,nemesis@9713344,nemesis,9713344,aurora,official,1,0,rating,a,a,1.0,core_destroyed,56,,30,120,11,8,99,110,3,9,ok,,4.681,n-62-31-13,29004097,2026-08-02T12:46:38+0200
a420d5578cb1cc7c,auto-10d581bed771,tempest_reinforcements@65ddc55,tempest_reinforcements,65ddc55,vanguard@c407e79,vanguard,c407e79,longship,official,1,0,rating,a,a,1.0,core_destroyed,47,,10,90,11,12,67,180,11,8,ok,,4.175,n-62-29-22,29004097,2026-08-02T12:47:43+0200
a4447658b64026c9,auto-10d581bed771,undertow@da3fd8a,undertow,da3fd8a,tempest_reinforcements@65ddc55,tempest_reinforcements,65ddc55,duel,official,1,0,rating,a,a,1.0,core_destroyed,35,,58,150,9,10,7,70,10,4,ok,,3.979,n-62-21-64,29004097,2026-08-02T12:48:00+0200
a45ab9d71a98b1ec,auto-10d581bed771,vg_v6@9713344,vg_v6,9713344,tempest_reinforcements@65ddc55,tempest_reinforcements,65ddc55,pinch,official,1,0,rating,b,b,0.0,core_destroyed,27,,75,0,4,3,20,50,10,8,ok,,2.991,n-62-11-54,29004097,2026-08-02T12:48:01+0200
a4971e75438bfb5a,auto-10d581bed771,siege_v1@9713344,siege_v1,9713344,tempest_reinforcements@65ddc55,tempest_reinforcements,65ddc55,hive,official,1,0,rating,b,b,0.0,core_destroyed,43,,250,0,6,2,10,80,10,13,ok,,3.202,n-62-11-59,29004097,2026-08-02T12:46:29+0200
a4ba68970410d2c2,auto-10d581bed771,tempest_reinforcements@65ddc55,tempest_reinforcements,65ddc55,titanium_v1@9713344,titanium_v1,9713344,sweden,official,1,0,rating,a,a,1.0,core_destroyed,361,,13,2360,35,46,1133,0,1,1,ok,,10.384,n-62-21-59,29004097,2026-08-02T12:47:18+0200
a4c8f3338707d2d2,auto-10d581bed771,tempest_reinforcements@65ddc55,tempest_reinforcements,65ddc55,claude_challenger_3@fdc1e1f,claude_challenger_3,fdc1e1f,aurora,official,1,0,rating,a,a,1.0,core_destroyed,40,,30,80,11,8,14,0,12,2,ok,,6.349,n-62-21-92,29004097,2026-08-02T12:47:32+0200
a4d3d6fde91e3d58,auto-10d581bed771,vg_v5@9713344,vg_v5,9713344,tempest_reinforcements@65ddc55,tempest_reinforcements,65ddc55,string,official,1,0,rating,b,b,0.0,core_destroyed,71,,361,0,3,2,40,470,13,16,ok,,3.582,n-62-31-15,29004097,2026-08-02T12:48:51+0200
a4e3a370663c50a5,auto-10d581bed771,tempest_reinforcements@65ddc55,tempest_reinforcements,65ddc55,tempest_blindfire@fdc1e1f,tempest_blindfire,fdc1e1f,pinch,official,1,0,rating,b,b,0.0,core_destroyed,29,,9,0,9,3,59,0,11,4,ok,,4.139,n-62-21-91,29004097,2026-08-02T12:47:20+0200
a4f269ef151606b4,auto-10d581bed771,tempest_reinforcements@025dd51,tempest_reinforcements,025dd51,tempest_reinforcements@65ddc55,tempest_reinforcements,65ddc55,atoll,official,1,0,rating,b,b,0.0,core_destroyed,46,,47,100,12,5,8,100,11,5,ok,,5.18,n-62-21-23,29004097,2026-08-02T12:47:14+0200
a509792a2e3422ea,auto-10d581bed771,tempest_blindfire@fdc1e1f,tempest_blindfire,fdc1e1f,tempest_reinforcements@65ddc55,tempest_reinforcements,65ddc55,duel,official,1,0,rating,a,a,1.0,core_destroyed,25,,74,0,9,2,9,50,10,4,ok,,3.992,n-62-21-91,29004097,2026-08-02T12:46:43+0200
a51cd0fdb0fa5b80,auto-10d581bed771,undertow_1ac7ac4@da3fd8a,undertow_1ac7ac4,da3fd8a,tempest_reinforcements@65ddc55,tempest_reinforcements,65ddc55,sweden,official,1,0,rating,b,b,0.0,core_destroyed,48,,62,110,6,25,20,0,10,6,ok,,3.565,n-62-31-5,29004097,2026-08-02T12:48:11+0200
a51d1d5bab78615c,auto-10d581bed771,tempest_reinforcements@65ddc55,tempest_reinforcements,65ddc55,claude_challenger_3@fdc1e1f,claude_challenger_3,fdc1e1f,longship,official,1,0,rating,a,a,1.0,core_destroyed,45,,10,90,11,12,59,0,12,2,ok,,5.278,n-62-31-9,29004097,2026-08-02T12:47:02+0200
a51dedccadb261aa,auto-10d581bed771,tempest_reinforcements@65ddc55,tempest_reinforcements,65ddc55,e_t4l7@9e77076,e_t4l7,9e77076,showdown,official,1,0,rating,b,b,0.0,titanium_collected,1000,,10,0,10,8,1387,250,7,10,ok,,8.484,n-62-29-17,29004097,2026-08-02T12:47:02+0200
a5298014c8c258d2,auto-10d581bed771,siege_v2@9713344,siege_v2,9713344,tempest_reinforcements@65ddc55,tempest_reinforcements,65ddc55,hive,official,1,0,rating,b,b,0.0,core_destroyed,43,,204,0,6,3,10,80,10,13,ok,,3.164,n-62-11-51,29004097,2026-08-02T12:46:34+0200
a5471f69fcbc9703,auto-10d581bed771,undertow@9713344,undertow,9713344,tempest_reinforcements@65ddc55,tempest_reinforcements,65ddc55,fjord,official,1,0,rating,b,b,0.0,core_destroyed,42,,124,90,6,6,10,90,12,5,ok,,3.502,n-62-21-62,29004097,2026-08-02T12:48:23+0200
a54f9025f2c3b470,auto-10d581bed771,tempest_reinforcements@65ddc55,tempest_reinforcements,65ddc55,vg_v4@9713344,vg_v4,9713344,quarry,official,1,0,rating,a,a,1.0,core_destroyed,50,,11,80,11,8,14,20,8,15,ok,,4.445,n-62-31-16,29004097,2026-08-02T12:47:49+0200
a55acf357ae18518,auto-10d581bed771,tempest_reinforcements@65ddc55,tempest_reinforcements,65ddc55,uw_v1@9713344,uw_v1,9713344,vault,official,1,0,rating,a,a,1.0,core_destroyed,93,,36,390,14,22,81,300,3,15,ok,,5.141,n-62-11-61,29004097,2026-08-02T12:47:30+0200
a5a05d1c4cd407b7,auto-10d581bed771,tempest_reinforcements@65ddc55,tempest_reinforcements,65ddc55,e_final@9e77076,e_final,9e77076,crossfire,official,1,0,rating,a,a,1.0,core_destroyed,53,,10,120,11,6,29,0,7,0,ok,,4.175,n-62-21-98,29004097,2026-08-02T12:46:44+0200
a5a1fb5c584155b8,auto-10d581bed771,e_post2@4a95297,e_post2,4a95297,tempest_reinforcements@65ddc55,tempest_reinforcements,65ddc55,aurora,official,1,0,rating,b,b,0.0,core_destroyed,50,,101,0,9,3,10,100,11,11,ok,,4.229,n-62-29-20,29004097,2026-08-02T12:46:45+0200
a5a4c23799d64629,auto-10d581bed771,tempest_reinforcements@65ddc55,tempest_reinforcements,65ddc55,v233_i@902be71,v233_i,902be71,crossfire,official,1,0,rating,a,a,1.0,core_destroyed,43,,12,90,10,6,78,180,12,6,ok,,4.033,n-62-29-20,29004097,2026-08-02T12:47:58+0200
a5bd3d5ff5a6ec10,auto-10d581bed771,attack_wave_v1@9713344,attack_wave_v1,9713344,tempest_reinforcements@65ddc55,tempest_reinforcements,65ddc55,aurora,official,1,0,rating,b,b,0.0,core_destroyed,44,,218,0,6,3,20,90,11,11,ok,,3.708,n-62-31-5,29004097,2026-08-02T12:46:24+0200
a5cb344652f11451,auto-10d581bed771,tempest_reinforcements@87724ec,tempest_reinforcements,87724ec,tempest_reinforcements@65ddc55,tempest_reinforcements,65ddc55,sprint,official,1,0,rating,b,b,0.0,core_destroyed,70,,15,70,5,4,8,210,11,7,ok,,16.237,n-62-12-65,29004097,2026-08-02T12:47:24+0200
a5e8a735ebdc6820,auto-10d581bed771,vanguard@c407e79,vanguard,c407e79,tempest_reinforcements@65ddc55,tempest_reinforcements,65ddc55,jackpot,official,1,0,rating,a,a,1.0,core_destroyed,68,,187,290,2,8,24,150,15,6,ok,,4.498,n-62-29-21,29004097,2026-08-02T12:49:04+0200
a5f439bc90fc2a52,auto-10d581bed771,tempest_reinforcements@65ddc55,tempest_reinforcements,65ddc55,undertow_1ac7ac4@da3fd8a,undertow_1ac7ac4,da3fd8a,fjord,official,1,0,rating,a,a,1.0,core_destroyed,43,,10,90,11,5,90,270,5,7,ok,,3.666,n-62-21-69,29004097,2026-08-02T12:46:30+0200
a601c04188ae714e,auto-10d581bed771,tempest_reinforcements@65ddc55,tempest_reinforcements,65ddc55,claude_challenger_3@fdc1e1f,claude_challenger_3,fdc1e1f,string,official,1,0,rating,a,a,1.0,core_destroyed,28,,30,70,9,10,570,0,0,0,ok,,2.713,n-62-31-10,29004097,2026-08-02T12:46:53+0200
a61a2a6bf559c8a8,auto-10d581bed771,vg_v1@9713344,vg_v1,9713344,tempest_reinforcements@65ddc55,tempest_reinforcements,65ddc55,strait,official,1,0,rating,b,b,0.0,core_destroyed,67,,114,140,8,7,10,0,11,5,ok,,4.17,n-62-31-14,29004097,2026-08-02T12:48:08+0200
a621bf4265efe6b4,auto-10d581bed771,tempest_reinforcements@65ddc55,tempest_reinforcements,65ddc55,v233_a@9713344,v233_a,9713344,quarry,official,1,0,rating,a,a,1.0,core_destroyed,49,,13,80,11,8,53,20,6,15,ok,,3.316,n-62-11-64,29004097,2026-08-02T12:47:45+0200
a64290b15b27a39d,auto-10d581bed771,tempest_reinforcements@025dd51,tempest_reinforcements,025dd51,tempest_reinforcements@65ddc55,tempest_reinforcements,65ddc55,jackpot,official,1,0,rating,b,b,0.0,core_destroyed,49,,27,100,11,6,19,110,10,7,ok,,5.754,n-62-21-24,29004097,2026-08-02T12:46:55+0200
a64646a9d4885772,auto-10d581bed771,v233_i@902be71,v233_i,902be71,tempest_reinforcements@65ddc55,tempest_reinforcements,65ddc55,longship,official,1,0,rating,b,b,0.0,core_destroyed,57,,117,240,12,8,10,120,11,14,ok,,4.192,n-62-29-20,29004097,2026-08-02T12:48:45+0200
a682ddad698a998f,auto-10d581bed771,turtle@9713344,turtle,9713344,tempest_reinforcements@65ddc55,tempest_reinforcements,65ddc55,showdown,official,1,0,rating,b,b,0.0,core_destroyed,23,,90,0,5,3,10,0,10,8,ok,,3.369,n-62-21-61,29004097,2026-08-02T12:47:03+0200
a6a14c991d35a293,auto-10d581bed771,jonbot@da3fd8a,jonbot,da3fd8a,tempest_reinforcements@65ddc55,tempest_reinforcements,65ddc55,jackpot,official,1,0,rating,b,b,0.0,core_destroyed,67,,375,140,7,8,23,240,11,14,ok,,4.513,n-62-29-33,29004097,2026-08-02T12:46:54+0200
a6a9dbad8b25e70a,auto-10d581bed771,jonbot@9713344,jonbot,9713344,tempest_reinforcements@65ddc55,tempest_reinforcements,65ddc55,pinch,official,1,0,rating,b,b,0.0,core_destroyed,27,,232,0,5,0,10,0,10,4,ok,,2.96,n-62-29-5,29004097,2026-08-02T12:46:49+0200
a6ad851da1063101,auto-10d581bed771,tempest_reinforcements@65ddc55,tempest_reinforcements,65ddc55,tempest_sentinel@fdc1e1f,tempest_sentinel,fdc1e1f,aurora,official,1,0,rating,a,a,1.0,core_destroyed,43,,10,80,10,8,156,80,7,7,ok,,3.928,n-62-21-54,29004097,2026-08-02T12:46:34+0200
a715ac6da984ff8c,auto-10d581bed771,claude_challenger_2@fdc1e1f,claude_challenger_2,fdc1e1f,tempest_reinforcements@65ddc55,tempest_reinforcements,65ddc55,jackpot,official,1,0,rating,b,b,0.0,core_destroyed,37,,590,0,0,0,20,80,11,7,ok,,2.899,n-62-11-68,29004097,2026-08-02T12:46:49+0200
a72506fba0c90120,auto-10d581bed771,tempest_reinforcements@025dd51,tempest_reinforcements,025dd51,tempest_reinforcements@65ddc55,tempest_reinforcements,65ddc55,pinch,official,1,0,rating,b,b,0.0,core_destroyed,40,,10,0,9,3,16,0,8,4,ok,,4.962,n-62-21-24,29004097,2026-08-02T12:47:16+0200
a72d7617d8f5369e,auto-10d581bed771,undertow_oracle@fdc1e1f,undertow_oracle,fdc1e1f,tempest_reinforcements@65ddc55,tempest_reinforcements,65ddc55,fjord,official,1,0,rating,b,b,0.0,core_destroyed,33,,117,70,2,7,10,70,11,5,ok,,2.978,n-62-31-21,29004097,2026-08-02T12:48:24+0200
a7350f2e5468f462,auto-10d581bed771,tempest_picket@fdc1e1f,tempest_picket,fdc1e1f,tempest_reinforcements@65ddc55,tempest_reinforcements,65ddc55,duel,official,1,0,rating,a,a,1.0,core_destroyed,25,,59,0,10,2,9,50,10,4,ok,,3.904,n-62-21-2,29004097,2026-08-02T12:47:35+0200
a73678b5aeb74f3c,auto-10d581bed771,tempest_reinforcements@65ddc55,tempest_reinforcements,65ddc55,tempest_sentinel@fdc1e1f,tempest_sentinel,fdc1e1f,fjord,official,1,0,rating,a,a,1.0,core_destroyed,27,,10,50,11,5,270,50,4,4,ok,,3.169,n-62-21-54,29004097,2026-08-02T12:47:07+0200
a73ff3797f8579a7,auto-10d581bed771,tempest_reinforcements@65ddc55,tempest_reinforcements,65ddc55,e_final@9e77076,e_final,9e77076,vault,official,1,0,rating,a,a,1.0,core_destroyed,43,,10,90,12,6,100,0,8,0,ok,,8.565,n-62-28-29,29004097,2026-08-02T12:46:12+0200
a749fe8592deb751,auto-10d581bed771,tempest_reinforcements@65ddc55,tempest_reinforcements,65ddc55,tempest_fast@eb1f0f3,tempest_fast,eb1f0f3,skerry,official,1,0,rating,a,a,1.0,core_destroyed,39,,10,80,9,5,227,0,7,1,ok,,3.69,n-62-12-3,29004097,2026-08-02T12:46:36+0200
a789210caa010ea0,auto-10d581bed771,nemesis@9713344,nemesis,9713344,tempest_reinforcements@65ddc55,tempest_reinforcements,65ddc55,runestone,official,1,0,rating,b,b,0.0,core_destroyed,38,,92,60,8,9,10,0,11,5,ok,,4.361,n-62-31-16,29004097,2026-08-02T12:46:45+0200
a78ed512c4d0348f,auto-10d581bed771,v233_b@9713344,v233_b,9713344,tempest_reinforcements@65ddc55,tempest_reinforcements,65ddc55,quarry,official,1,0,rating,b,b,0.0,core_destroyed,74,,78,170,6,15,10,0,11,6,ok,,4.209,n-62-11-66,29004097,2026-08-02T12:48:01+0200
a79210e55ef6f6d6,auto-10d581bed771,tempest_reinforcements@65ddc55,tempest_reinforcements,65ddc55,claude_challenger_2@fdc1e1f,claude_challenger_2,fdc1e1f,twins,official,1,0,rating,a,a,1.0,core_destroyed,43,,20,90,11,9,391,0,5,1,ok,,4.185,n-62-21-92,29004097,2026-08-02T12:46:48+0200
a7a217b4b8e3b5ea,auto-10d581bed771,tempest_reinforcements@65ddc55,tempest_reinforcements,65ddc55,claude_challenger_2@fdc1e1f,claude_challenger_2,fdc1e1f,vase,official,1,0,rating,a,a,1.0,core_destroyed,46,,10,0,10,6,610,0,0,0,ok,,2.452,n-62-21-92,29004097,2026-08-02T12:46:58+0200
a7c3c62a32ac29a4,auto-10d581bed771,tempest_reinforcements@65ddc55,tempest_reinforcements,65ddc55,vg_v4@9713344,vg_v4,9713344,aurora,official,1,0,rating,a,a,1.0,core_destroyed,49,,10,100,12,8,126,100,6,8,ok,,4.253,n-62-31-13,29004097,2026-08-02T12:47:57+0200
a7f14007b0267c79,auto-10d581bed771,uw_v1@9713344,uw_v1,9713344,tempest_reinforcements@65ddc55,tempest_reinforcements,65ddc55,sweden,official,1,0,rating,b,b,0.0,core_destroyed,71,,60,10,4,13,10,0,11,6,ok,,3.588,n-62-11-60,29004097,2026-08-02T12:48:32+0200
a7fe3df30a0c09b9,auto-10d581bed771,tempest_reinforcements@65ddc55,tempest_reinforcements,65ddc55,attack_wave_v1@9713344,attack_wave_v1,9713344,sweden,official,1,0,rating,a,a,1.0,core_destroyed,236,,30,1420,28,46,688,0,4,1,ok,,8.61,n-62-31-22,29004097,2026-08-02T12:47:15+0200
a80a464ecf8f563e,auto-10d581bed771,vanguard_oracle@75591b7,vanguard_oracle,75591b7,tempest_reinforcements@65ddc55,tempest_reinforcements,65ddc55,aurora,official,1,0,rating,b,b,0.0,core_destroyed,49,,127,200,8,8,20,100,11,11,ok,,3.932,n-62-29-5,29004097,2026-08-02T12:48:29+0200
a82ac7f36dee354f,auto-10d581bed771,tempest_reinforcements@65ddc55,tempest_reinforcements,65ddc55,tempest_reinforcements@edf93ad,tempest_reinforcements,edf93ad,quarry,official,1,0,rating,a,a,1.0,core_destroyed,54,,13,90,11,8,9,0,11,5,ok,,6.018,n-62-21-55,29004097,2026-08-02T12:46:14+0200
a8305d50c6024f80,auto-10d581bed771,tempest_reinforcements@65ddc55,tempest_reinforcements,65ddc55,tempest@da3fd8a,tempest,da3fd8a,skerry,official,1,0,rating,a,a,1.0,core_destroyed,39,,10,80,9,5,227,0,7,1,ok,,5.637,n-62-21-90,29004097,2026-08-02T12:46:24+0200
a83ba23e4ba8926d,auto-10d581bed771,tempest_sentinel@fdc1e1f,tempest_sentinel,fdc1e1f,tempest_reinforcements@65ddc55,tempest_reinforcements,65ddc55,string,official,1,0,rating,b,b,0.0,core_destroyed,89,,59,0,4,1,82,210,9,7,ok,,3.828,n-62-21-56,29004097,2026-08-02T12:47:13+0200
a87b4d819862db4e,auto-10d581bed771,undertow@da3fd8a,undertow,da3fd8a,tempest_reinforcements@65ddc55,tempest_reinforcements,65ddc55,aurora,official,1,0,rating,a,a,1.0,core_destroyed,57,,89,370,11,30,6,160,12,19,ok,,5.25,n-62-21-64,29004097,2026-08-02T12:47:24+0200
a8d67bf0186cdac6,auto-10d581bed771,tempest_reinforcements@65ddc55,tempest_reinforcements,65ddc55,riptide@9713344,riptide,9713344,bridge,official,1,0,rating,a,a,1.0,core_destroyed,256,,36,1290,25,21,90,230,5,9,ok,,8.456,n-62-11-54,29004097,2026-08-02T12:47:17+0200
a8e2be6942ae92a0,auto-10d581bed771,tempest_reinforcements@65ddc55,tempest_reinforcements,65ddc55,vg_v1@9713344,vg_v1,9713344,vase,official,1,0,rating,a,a,1.0,core_destroyed,39,,10,0,10,6,61,0,6,1,ok,,3.413,n-62-31-14,29004097,2026-08-02T12:48:55+0200
a90f2579898892e3,auto-10d581bed771,siege_v2@9713344,siege_v2,9713344,tempest_reinforcements@65ddc55,tempest_reinforcements,65ddc55,twins,official,1,0,rating,b,b,0.0,core_destroyed,41,,208,0,5,2,10,0,11,5,ok,,3.133,n-62-11-52,29004097,2026-08-02T12:46:54+0200
a92e44945a5a718d,auto-10d581bed771,nemesis@9713344,nemesis,9713344,tempest_reinforcements@65ddc55,tempest_reinforcements,65ddc55,skerry,official,1,0,rating,b,b,0.0,core_destroyed,43,,69,0,8,7,23,100,12,5,ok,,4.663,n-62-31-16,29004097,2026-08-02T12:47:04+0200
a96cd4031c023407,auto-10d581bed771,tempest_reinforcements@65ddc55,tempest_reinforcements,65ddc55,v233_b@9713344,v233_b,9713344,longship,official,1,0,rating,a,a,1.0,core_destroyed,49,,10,100,11,12,109,60,7,8,ok,,3.635,n-62-11-66,29004097,2026-08-02T12:47:42+0200
a995c5740a2a2f10,auto-10d581bed771,e_condc@6db8844,e_condc,6db8844,tempest_reinforcements@65ddc55,tempest_reinforcements,65ddc55,strait,official,1,0,rating,b,b,0.0,core_destroyed,510,,6,330,7,14,10,0,12,5,ok,,7.433,n-62-21-97,29004097,2026-08-02T12:47:21+0200
a9b21236d65fa84a,auto-10d581bed771,tempest_blindfire@fdc1e1f,tempest_blindfire,fdc1e1f,tempest_reinforcements@65ddc55,tempest_reinforcements,65ddc55,crossfire,official,1,0,rating,a,a,1.0,core_destroyed,32,,44,0,11,3,17,60,10,4,ok,,4.114,n-62-21-91,29004097,2026-08-02T12:46:34+0200
a9b4d3897800246a,auto-10d581bed771,tempest_reinforcements@65ddc55,tempest_reinforcements,65ddc55,casemate@902be71,casemate,902be71,crossfire,official,1,0,rating,a,a,1.0,core_destroyed,38,,10,80,9,6,13,0,7,18,ok,,3.338,n-62-11-60,29004097,2026-08-02T12:47:31+0200
a9f9ceaeac5e9b56,auto-10d581bed771,tempest_reinforcements@65ddc55,tempest_reinforcements,65ddc55,mistral_fast@26b5aa1,mistral_fast,26b5aa1,vase,official,1,0,rating,a,a,1.0,core_destroyed,46,,10,0,10,6,334,0,4,0,ok,,3.508,n-62-31-13,29004097,2026-08-02T12:46:12+0200
aa42b9a2cfed58aa,auto-10d581bed771,tempest_reinforcements@65ddc55,tempest_reinforcements,65ddc55,tempest_picket@fdc1e1f,tempest_picket,fdc1e1f,bridge,official,1,0,rating,a,a,1.0,core_destroyed,162,,77,740,20,24,554,0,1,1,ok,,5.478,n-62-21-2,29004097,2026-08-02T12:47:15+0200
aa465816f69a15f6,auto-10d581bed771,tempest_reinforcements@025dd51,tempest_reinforcements,025dd51,tempest_reinforcements@65ddc55,tempest_reinforcements,65ddc55,longship,official,1,0,rating,b,b,0.0,core_destroyed,47,,25,90,12,11,7,90,9,11,ok,,5.467,n-62-21-24,29004097,2026-08-02T12:47:06+0200
aa48aee646e5d6e0,auto-10d581bed771,tempest_reinforcements@65ddc55,tempest_reinforcements,65ddc55,undertow@9713344,undertow,9713344,quarry,official,1,0,rating,a,a,1.0,core_destroyed,51,,10,80,11,8,128,180,8,18,ok,,4.221,n-62-21-63,29004097,2026-08-02T12:46:52+0200
aa4b097eeff58bd3,auto-10d581bed771,tempest_reinforcements@65ddc55,tempest_reinforcements,65ddc55,casemate_oracle@902be71,casemate_oracle,902be71,crossfire,official,1,0,rating,a,a,1.0,core_destroyed,45,,10,100,12,6,243,0,5,9,ok,,3.553,n-62-11-62,29004097,2026-08-02T12:48:18+0200
aa4fc540e8f702a5,auto-10d581bed771,tempest_reinforcements@65ddc55,tempest_reinforcements,65ddc55,vg_v7@9713344,vg_v7,9713344,longship,official,1,0,rating,a,a,1.0,core_destroyed,52,,20,110,12,12,96,40,9,7,ok,,4.602,n-62-31-22,29004097,2026-08-02T12:48:06+0200
aa50274d0e560d54,auto-10d581bed771,tempest_reinforcements@65ddc55,tempest_reinforcements,65ddc55,vanguard@c407e79,vanguard,c407e79,aurora,official,1,0,rating,a,a,1.0,core_destroyed,49,,10,100,11,8,123,200,11,8,ok,,3.973,n-62-29-21,29004097,2026-08-02T12:48:09+0200
aa621923edf443fa,auto-10d581bed771,tempest_reinforcements@65ddc55,tempest_reinforcements,65ddc55,vg_v3@9713344,vg_v3,9713344,sweden,official,1,0,rating,a,a,1.0,titanium_collected,1000,,3194,9090,49,54,3216,2080,2,16,ok,,31.403,n-62-31-18,29004097,2026-08-02T12:49:06+0200
aa752c723aea904a,auto-10d581bed771,tempest_reinforcements@65ddc55,tempest_reinforcements,65ddc55,tempest_reinforcements@edf93ad,tempest_reinforcements,edf93ad,jackpot,official,1,0,rating,a,a,1.0,core_destroyed,56,,17,120,10,6,46,120,11,6,ok,,4.255,n-62-12-67,29004097,2026-08-02T12:47:16+0200
aaabac154f1f9f84,auto-10d581bed771,vanguard_oracle@75591b7,vanguard_oracle,75591b7,tempest_reinforcements@65ddc55,tempest_reinforcements,65ddc55,skerry,official,1,0,rating,b,b,0.0,core_destroyed,54,,96,240,9,5,20,130,12,5,ok,,4.171,n-62-29-30,29004097,2026-08-02T12:48:50+0200
aae76c0f0c3a654f,auto-10d581bed771,tempest_reinforcements@65ddc55,tempest_reinforcements,65ddc55,v233_c@9713344,v233_c,9713344,vault,official,1,0,rating,a,a,1.0,core_destroyed,65,,3,250,10,23,229,150,7,11,ok,,3.208,n-62-31-9,29004097,2026-08-02T12:48:29+0200
aaf557a2e8f46614,auto-10d581bed771,undertow_oracle@75591b7,undertow_oracle,75591b7,tempest_reinforcements@65ddc55,tempest_reinforcements,65ddc55,showdown,official,1,0,rating,b,b,0.0,core_destroyed,97,,43,0,6,11,10,0,10,8,ok,,5.182,n-62-31-24,29004097,2026-08-02T12:47:30+0200
aaf593ad5859fc2b,auto-10d581bed771,titanium_v1@9713344,titanium_v1,9713344,tempest_reinforcements@65ddc55,tempest_reinforcements,65ddc55,jackpot,official,1,0,rating,b,b,0.0,core_destroyed,37,,326,0,4,3,20,80,11,7,ok,,3.001,n-62-21-57,29004097,2026-08-02T12:47:23+0200
aaff1c89727a5c50,auto-10d581bed771,tempest_reinforcements@65ddc55,tempest_reinforcements,65ddc55,vanguard@9932bec,vanguard,9932bec,longship,official,1,0,rating,a,a,1.0,core_destroyed,48,,30,100,11,12,140,190,10,12,ok,,4.317,n-62-29-33,29004097,2026-08-02T12:49:07+0200
ab4aa29daf5203c2,auto-10d581bed771,tempest_reinforcements@65ddc55,tempest_reinforcements,65ddc55,undertow@fdc1e1f,undertow,fdc1e1f,strait,official,1,0,rating,a,a,1.0,core_destroyed,55,,10,110,11,11,112,300,8,14,ok,,4.308,n-62-21-68,29004097,2026-08-02T12:46:22+0200
ab50dcdb1ba9e4b0,auto-10d581bed771,riptide@9713344,riptide,9713344,tempest_reinforcements@65ddc55,tempest_reinforcements,65ddc55,hive,official,1,0,rating,b,b,0.0,core_destroyed,65,,109,140,2,11,10,140,11,13,ok,,4.296,n-62-11-55,29004097,2026-08-02T12:46:25+0200
ab54e04bf3255bd6,auto-10d581bed771,claude_challenger_3@fdc1e1f,claude_challenger_3,fdc1e1f,tempest_reinforcements@65ddc55,tempest_reinforcements,65ddc55,strait,official,1,0,rating,b,b,0.0,core_destroyed,47,,33,20,9,5,10,0,11,5,ok,,7.036,n-62-31-10,29004097,2026-08-02T12:46:50+0200
ab554ae00932ee17,auto-10d581bed771,tempest_frontier@fdc1e1f,tempest_frontier,fdc1e1f,tempest_reinforcements@65ddc55,tempest_reinforcements,65ddc55,string,official,1,0,rating,b,b,0.0,core_destroyed,91,,240,0,3,1,60,330,11,16,ok,,5.349,n-62-21-18,29004097,2026-08-02T12:47:46+0200
ab69ae7540e5bcda,auto-10d581bed771,tempest_reinforcements@65ddc55,tempest_reinforcements,65ddc55,undertow_oracle@75591b7,undertow_oracle,75591b7,string,official,1,0,rating,a,a,1.0,core_destroyed,96,,37,580,17,11,252,320,5,12,ok,,5.593,n-62-31-24,29004097,2026-08-02T12:48:05+0200
ab7bcdf64212e098,auto-10d581bed771,claude_challenger_2@fdc1e1f,claude_challenger_2,fdc1e1f,tempest_reinforcements@65ddc55,tempest_reinforcements,65ddc55,sweden,official,1,0,rating,b,b,0.0,core_destroyed,42,,600,0,0,0,10,0,10,6,ok,,2.462,n-62-21-92,29004097,2026-08-02T12:46:44+0200
ab9b29aa8a298414,auto-10d581bed771,jonbot_190003d@da3fd8a,jonbot_190003d,da3fd8a,tempest_reinforcements@65ddc55,tempest_reinforcements,65ddc55,atoll,official,1,0,rating,b,b,0.0,core_destroyed,47,,67,0,10,4,2,100,7,5,ok,,4.366,n-62-29-16,29004097,2026-08-02T12:47:45+0200
abb8e723d60d46b0,auto-10d581bed771,tempest_reinforcements@65ddc55,tempest_reinforcements,65ddc55,siege_v2@9713344,siege_v2,9713344,bridge,official,1,0,rating,a,a,1.0,core_destroyed,260,,48,1850,28,31,745,0,5,3,ok,,7.564,n-62-11-50,29004097,2026-08-02T12:47:19+0200
ac03f8dac00612bc,auto-10d581bed771,vg_v3@9713344,vg_v3,9713344,tempest_reinforcements@65ddc55,tempest_reinforcements,65ddc55,longship,official,1,0,rating,b,b,0.0,core_destroyed,58,,108,120,5,10,10,120,11,14,ok,,4.106,n-62-31-7,29004097,2026-08-02T12:49:21+0200
ac1374549eb1b246,auto-10d581bed771,tempest_reinforcements@65ddc55,tempest_reinforcements,65ddc55,riptide@9713344,riptide,9713344,longship,official,1,0,rating,a,a,1.0,core_destroyed,53,,10,110,12,12,46,40,9,7,ok,,4.026,n-62-11-55,29004097,2026-08-02T12:46:38+0200
ac1433fe7a3f30e5,auto-10d581bed771,v233_c@9713344,v233_c,9713344,tempest_reinforcements@65ddc55,tempest_reinforcements,65ddc55,vase,official,1,0,rating,b,b,0.0,core_destroyed,34,,289,0,3,3,10,0,11,6,ok,,2.473,n-62-31-9,29004097,2026-08-02T12:48:26+0200
ac70c1ff441c8444,auto-10d581bed771,attack_wave_v1@9713344,attack_wave_v1,9713344,tempest_reinforcements@65ddc55,tempest_reinforcements,65ddc55,quarry,official,1,0,rating,b,b,0.0,core_destroyed,54,,228,0,6,3,10,0,11,6,ok,,4.037,n-62-31-22,29004097,2026-08-02T12:46:16+0200
ac72b45f86e55d4f,auto-10d581bed771,tempest_reinforcements@65ddc55,tempest_reinforcements,65ddc55,e_final@9e77076,e_final,9e77076,sprint,official,1,0,rating,a,a,1.0,core_destroyed,43,,8,80,11,6,15,0,7,7,ok,,3.943,n-62-21-99,29004097,2026-08-02T12:46:46+0200
ac757a013775ba38,auto-10d581bed771,vg_v5@9713344,vg_v5,9713344,tempest_reinforcements@65ddc55,tempest_reinforcements,65ddc55,sprint,official,1,0,rating,b,b,0.0,core_destroyed,30,,24,30,7,6,10,50,9,11,ok,,3.023,n-62-31-15,29004097,2026-08-02T12:48:33+0200
ac86b2ab16256dec,auto-10d581bed771,tempest_reinforcements@65ddc55,tempest_reinforcements,65ddc55,undertow@9713344,undertow,9713344,atoll,official,1,0,rating,a,a,1.0,core_destroyed,46,,10,100,11,6,61,200,9,18,ok,,4.268,n-62-21-62,29004097,2026-08-02T12:47:26+0200
ac8e0619794ab3ea,auto-10d581bed771,tempest_reinforcements@edf93ad,tempest_reinforcements,edf93ad,tempest_reinforcements@65ddc55,tempest_reinforcements,65ddc55,atoll,official,1,0,rating,b,b,0.0,core_destroyed,46,,47,100,12,5,8,100,11,5,ok,,4.622,n-62-12-67,29004097,2026-08-02T12:46:18+0200
aca1bc1393289f92,auto-10d581bed771,reaver@9713344,reaver,9713344,tempest_reinforcements@65ddc55,tempest_reinforcements,65ddc55,runestone,official,1,0,rating,b,b,0.0,core_destroyed,42,,117,70,6,9,6,0,11,5,ok,,3.448,n-62-11-53,29004097,2026-08-02T12:47:02+0200
acb078ce561b7cdc,auto-10d581bed771,tempest_oracle_ferry@fdc1e1f,tempest_oracle_ferry,fdc1e1f,tempest_reinforcements@65ddc55,tempest_reinforcements,65ddc55,string,official,1,0,rating,b,b,0.0,core_destroyed,89,,72,0,4,1,70,210,8,7,ok,,5.015,n-62-21-8,29004097,2026-08-02T12:47:38+0200
acc6b2a978c87054,auto-10d581bed771,tempest_reinforcements@65ddc55,tempest_reinforcements,65ddc55,vg_v5@9713344,vg_v5,9713344,crossfire,official,1,0,rating,a,a,1.0,core_destroyed,37,,24,140,10,10,82,0,5,6,ok,,3.487,n-62-31-20,29004097,2026-08-02T12:49:16+0200
acce59bd52046039,auto-10d581bed771,tempest_reinforcements@65ddc55,tempest_reinforcements,65ddc55,vanguard@c407e79,vanguard,c407e79,crossfire,official,1,0,rating,a,a,1.0,core_destroyed,43,,12,90,10,6,78,180,12,6,ok,,3.856,n-62-29-21,29004097,2026-08-02T12:48:25+0200
acd0f86b781a249e,auto-10d581bed771,tempest_reinforcements@65ddc55,tempest_reinforcements,65ddc55,tempest_sentinel@fdc1e1f,tempest_sentinel,fdc1e1f,hive,official,1,0,rating,a,a,1.0,core_destroyed,60,,28,130,9,11,251,0,6,3,ok,,4.256,n-62-21-54,29004097,2026-08-02T12:47:15+0200
acfdad74630a061c,auto-10d581bed771,tempest_reinforcements@65ddc55,tempest_reinforcements,65ddc55,lockin@9713344,lockin,9713344,bridge,official,1,0,rating,a,a,1.0,core_destroyed,42,,10,0,10,8,600,0,0,0,ok,,2.376,n-62-30-23,29004097,2026-08-02T12:46:25+0200
ad0f70bac231dc91,auto-10d581bed771,tempest_reinforcements@65ddc55,tempest_reinforcements,65ddc55,siege_v1@9713344,siege_v1,9713344,vault,official,1,0,rating,a,a,1.0,core_destroyed,59,,12,210,11,20,295,0,5,2,ok,,3.302,n-62-11-50,29004097,2026-08-02T12:46:55+0200
ad2d4dffb5aaf05a,auto-10d581bed771,tempest_reinforcements@65ddc55,tempest_reinforcements,65ddc55,riptide@9713344,riptide,9713344,crossfire,official,1,0,rating,a,a,1.0,core_destroyed,39,,12,140,10,10,75,0,3,6,ok,,3.52,n-62-11-54,29004097,2026-08-02T12:47:49+0200
ad30e1bfb7ae0c80,auto-10d581bed771,tempest_reinforcements@65ddc55,tempest_reinforcements,65ddc55,riptide@9713344,riptide,9713344,string,official,1,0,rating,a,a,1.0,core_destroyed,89,,40,570,20,15,117,0,1,1,ok,,6.155,n-62-11-58,29004097,2026-08-02T12:46:25+0200
ad636bd8383d458b,auto-10d581bed771,tempest_fast@eb1f0f3,tempest_fast,eb1f0f3,tempest_reinforcements@65ddc55,tempest_reinforcements,65ddc55,aurora,official,1,0,rating,b,b,0.0,core_destroyed,46,,100,0,11,3,10,90,9,11,ok,,4.156,n-62-12-6,29004097,2026-08-02T12:46:25+0200
ad8bfdbcb9d9995c,auto-10d581bed771,tempest_reinforcements@65ddc55,tempest_reinforcements,65ddc55,vanguard_oracle@75591b7,vanguard_oracle,75591b7,crossfire,official,1,0,rating,a,a,1.0,core_destroyed,45,,22,100,10,6,95,90,9,5,ok,,3.476,n-62-29-5,29004097,2026-08-02T12:48:42+0200
ad9427a5b3a7cfc2,auto-10d581bed771,frontier_v2@9713344,frontier_v2,9713344,tempest_reinforcements@65ddc55,tempest_reinforcements,65ddc55,strait,official,1,0,rating,b,b,0.0,core_destroyed,52,,133,0,7,4,20,0,11,5,ok,,3.26,n-62-29-29,29004097,2026-08-02T12:46:15+0200
adc4ec9a6954afc9,auto-10d581bed771,tempest_reinforcements@65ddc55,tempest_reinforcements,65ddc55,vg_v7@9713344,vg_v7,9713344,duel,official,1,0,rating,a,a,1.0,core_destroyed,55,,10,130,11,5,101,60,1,5,ok,,3.485,n-62-11-58,29004097,2026-08-02T12:49:37+0200
ade9ebebf53a9a99,auto-10d581bed771,casemate_oracle@902be71,casemate_oracle,902be71,tempest_reinforcements@65ddc55,tempest_reinforcements,65ddc55,hive,official,1,0,rating,b,b,0.0,core_destroyed,48,,257,0,4,22,30,100,11,13,ok,,5.474,n-62-11-63,29004097,2026-08-02T12:46:20+0200
adf6820b1ea6c805,auto-10d581bed771,tempest_reinforcements@65ddc55,tempest_reinforcements,65ddc55,tempest_oracle_ferry@fdc1e1f,tempest_oracle_ferry,fdc1e1f,jackpot,official,1,0,rating,a,a,1.0,core_destroyed,47,,9,100,10,7,181,100,8,6,ok,,4.626,n-62-21-8,29004097,2026-08-02T12:46:13+0200
ae35d2d2c62737f0,auto-10d581bed771,vanguard_oracle@902be71,vanguard_oracle,902be71,tempest_reinforcements@65ddc55,tempest_reinforcements,65ddc55,sprint,official,1,0,rating,a,a,1.0,core_destroyed,43,,54,80,7,7,10,10,8,3,ok,,3.607,n-62-29-32,29004097,2026-08-02T12:49:17+0200
ae5f25dd604c9b1d,auto-10d581bed771,tempest_reinforcements@65ddc55,tempest_reinforcements,65ddc55,jonbot@9713344,jonbot,9713344,strait,official,1,0,rating,a,a,1.0,core_destroyed,53,,23,110,11,11,285,0,5,0,ok,,3.319,n-62-29-30,29004097,2026-08-02T12:46:18+0200
ae60fc1cc358afc5,auto-10d581bed771,tempest_reinforcements@65ddc55,tempest_reinforcements,65ddc55,mistral_fast@26b5aa1,mistral_fast,26b5aa1,sweden,official,1,0,rating,b,b,0.0,core_destroyed,127,,33,580,17,16,418,0,5,1,ok,,5.271,n-62-31-18,29004097,2026-08-02T12:47:19+0200
ae7031788d15201a,auto-10d581bed771,tempest_reinforcements@65ddc55,tempest_reinforcements,65ddc55,undertow_oracle@75591b7,undertow_oracle,75591b7,twins,official,1,0,rating,a,a,1.0,core_destroyed,48,,20,100,11,9,105,260,6,33,ok,,4.187,n-62-31-24,29004097,2026-08-02T12:48:33+0200
ae842c99c53f0c62,auto-10d581bed771,tempest_reinforcements@65ddc55,tempest_reinforcements,65ddc55,e_harc@6db8844,e_harc,6db8844,vault,official,1,0,rating,a,a,1.0,core_destroyed,272,,30,670,15,29,11,650,10,6,ok,,7.988,n-62-29-20,29004097,2026-08-02T12:46:23+0200
ae8fc79fef0aa5be,auto-10d581bed771,tempest_reinforcements@65ddc55,tempest_reinforcements,65ddc55,tempest_reinforcements@edf93ad,tempest_reinforcements,edf93ad,vault,official,1,0,rating,a,a,1.0,core_destroyed,54,,17,120,10,6,25,220,13,8,ok,,6.929,n-62-21-54,29004097,2026-08-02T12:46:15+0200
aea0c69ff921a86f,auto-10d581bed771,tempest_reinforcements@65ddc55,tempest_reinforcements,65ddc55,vg_v5@9713344,vg_v5,9713344,showdown,official,1,0,rating,a,a,1.0,core_destroyed,38,,10,0,10,8,84,0,8,4,ok,,3.542,n-62-31-15,29004097,2026-08-02T12:48:14+0200
aec2b0f1ad3c8aa5,auto-10d581bed771,tempest_reinforcements@65ddc55,tempest_reinforcements,65ddc55,undertow@da3fd8a,undertow,da3fd8a,crossfire,official,1,0,rating,a,a,1.0,core_destroyed,43,,7,90,10,6,56,170,9,7,ok,,4.218,n-62-21-64,29004097,2026-08-02T12:47:47+0200
aec3e8704352901c,auto-10d581bed771,tempest_reinforcements@65ddc55,tempest_reinforcements,65ddc55,tempest_oracle_ferry@fdc1e1f,tempest_oracle_ferry,fdc1e1f,pinch,official,1,0,rating,b,b,0.0,core_destroyed,23,,8,0,8,3,18,0,11,4,ok,,4.428,n-62-21-8,29004097,2026-08-02T12:46:31+0200
aef6eada2916bf73,auto-10d581bed771,tempest_reinforcements@65ddc55,tempest_reinforcements,65ddc55,mistral_fast@26b5aa1,mistral_fast,26b5aa1,fjord,official,1,0,rating,a,a,1.0,core_destroyed,25,,20,50,11,5,266,0,5,0,ok,,3.335,n-62-31-7,29004097,2026-08-02T12:47:10+0200
af1026464c01dfb4,auto-10d581bed771,titanium_v1@9713344,titanium_v1,9713344,tempest_reinforcements@65ddc55,tempest_reinforcements,65ddc55,longship,official,1,0,rating,b,b,0.0,core_destroyed,47,,346,0,4,3,10,90,11,14,ok,,3.19,n-62-21-59,29004097,2026-08-02T12:46:15+0200
af22b8ecd034bcb2,auto-10d581bed771,tempest_reinforcements@65ddc55,tempest_reinforcements,65ddc55,tempest_reinforcements@51ad530,tempest_reinforcements,51ad530,atoll,official,1,0,rating,a,a,1.0,core_destroyed,39,,7,80,11,6,2,80,12,5,ok,,4.605,n-62-13-7,29004097,2026-08-02T12:47:24+0200
af43a219212dfc7e,auto-10d581bed771,vg_v5@9713344,vg_v5,9713344,tempest_reinforcements@65ddc55,tempest_reinforcements,65ddc55,crossfire,official,1,0,rating,b,b,0.0,core_destroyed,39,,83,80,5,6,10,80,10,6,ok,,3.421,n-62-31-20,29004097,2026-08-02T12:49:20+0200
af611cb8f1ff1f03,auto-10d581bed771,tempest_reinforcements@65ddc55,tempest_reinforcements,65ddc55,tempest_reinforcements@87724ec,tempest_reinforcements,87724ec,sweden,official,1,0,rating,a,a,1.0,core_destroyed,128,,30,600,18,16,70,0,11,5,ok,,9.243,n-62-12-65,29004097,2026-08-02T12:48:11+0200
af730cc0786974e9,auto-10d581bed771,tempest_reinforcements@65ddc55,tempest_reinforcements,65ddc55,lockin@9713344,lockin,9713344,showdown,official,1,0,rating,a,a,1.0,core_destroyed,19,,10,0,10,8,540,0,0,0,ok,,2.416,n-62-30-24,29004097,2026-08-02T12:46:24+0200
af80cea364bec191,auto-10d581bed771,tempest_reinforcements@65ddc55,tempest_reinforcements,65ddc55,v233_e@9713344,v233_e,9713344,crossfire,official,1,0,rating,a,a,1.0,core_destroyed,34,,21,120,8,9,111,140,9,12,ok,,3.51,n-62-31-11,29004097,2026-08-02T12:49:34+0200
af9d12b38bad5073,auto-10d581bed771,e_condc@6db8844,e_condc,6db8844,tempest_reinforcements@65ddc55,tempest_reinforcements,65ddc55,quarry,official,1,0,rating,a,a,1.0,titanium_collected,1000,,899,230,7,19,10,0,12,6,ok,,10.194,n-62-21-104,29004097,2026-08-02T12:47:48+0200
af9d5acd2fcd4760,auto-10d581bed771,tempest_reinforcements@65ddc55,tempest_reinforcements,65ddc55,tempest_blindfire@fdc1e1f,tempest_blindfire,fdc1e1f,fjord,official,1,0,rating,a,a,1.0,core_destroyed,27,,10,50,11,5,270,50,4,4,ok,,3.204,n-62-21-91,29004097,2026-08-02T12:46:46+0200
af9e9b4771ed805b,auto-10d581bed771,tempest_reinforcements@65ddc55,tempest_reinforcements,65ddc55,e_condc@6db8844,e_condc,6db8844,twins,official,1,0,rating,a,a,1.0,core_destroyed,50,,19,100,10,9,23,0,7,19,ok,,3.558,n-62-21-97,29004097,2026-08-02T12:48:07+0200
afa97adca92cb44e,auto-10d581bed771,undertow@da3fd8a,undertow,da3fd8a,tempest_reinforcements@65ddc55,tempest_reinforcements,65ddc55,bridge,official,1,0,rating,b,b,0.0,core_destroyed,260,,72,0,7,7,88,1490,24,23,ok,,9.042,n-62-21-64,29004097,2026-08-02T12:47:43+0200
afaf94fbfcffb8b5,auto-10d581bed771,tempest_reinforcements@65ddc55,tempest_reinforcements,65ddc55,vg_v5@9713344,vg_v5,9713344,jackpot,official,1,0,rating,a,a,1.0,core_destroyed,146,,16,720,19,25,115,0,1,1,ok,,5.466,n-62-31-20,29004097,2026-08-02T12:49:49+0200
afbdab80d6bdcefd,auto-10d581bed771,tempest_reinforcements@65ddc55,tempest_reinforcements,65ddc55,vg_v2@9713344,vg_v2,9713344,crossfire,official,1,0,rating,a,a,1.0,core_destroyed,37,,24,140,10,10,82,0,5,6,ok,,3.547,n-62-31-17,29004097,2026-08-02T12:48:44+0200
afbe805f4c1bb2da,auto-10d581bed771,tempest_reinforcements@65ddc55,tempest_reinforcements,65ddc55,opponent_luc@e83a42c,opponent_luc,e83a42c,vase,official,1,0,rating,a,a,1.0,core_destroyed,46,,10,0,10,6,610,0,0,0,ok,,2.319,n-62-11-57,29004097,2026-08-02T12:46:44+0200
afdc6f4817aae364,auto-10d581bed771,tempest_reinforcements@65ddc55,tempest_reinforcements,65ddc55,tempest_outer@fdc1e1f,tempest_outer,fdc1e1f,strait,official,1,0,rating,a,a,1.0,core_destroyed,42,,10,80,11,11,334,80,4,8,ok,,3.208,n-62-21-13,29004097,2026-08-02T12:47:29+0200
afef6e583d10ce38,auto-10d581bed771,v233_e@9713344,v233_e,9713344,tempest_reinforcements@65ddc55,tempest_reinforcements,65ddc55,jackpot,official,1,0,rating,b,b,0.0,titanium_collected,1000,,2082,1220,3,7,64,4970,39,33,ok,,27.992,n-62-21-103,29004097,2026-08-02T12:48:32+0200
aff442d3b9f0965f,auto-10d581bed771,tempest_reinforcements@65ddc55,tempest_reinforcements,65ddc55,frontier_v2@9713344,frontier_v2,9713344,jackpot,official,1,0,rating,a,a,1.0,core_destroyed,43,,47,90,10,7,197,0,6,2,ok,,3.223,n-62-29-26,29004097,2026-08-02T12:46:26+0200
b00bd976286f2f28,auto-10d581bed771,tempest_reinforcements@65ddc55,tempest_reinforcements,65ddc55,uw_v1@9713344,uw_v1,9713344,skerry,official,1,0,rating,a,a,1.0,core_destroyed,53,,27,240,11,12,72,0,8,3,ok,,3.883,n-62-11-60,29004097,2026-08-02T12:47:50+0200
b031fd894689ab20,auto-10d581bed771,e9cand@9e77076,e9cand,9e77076,tempest_reinforcements@65ddc55,tempest_reinforcements,65ddc55,crossfire,official,1,0,rating,b,b,0.0,core_destroyed,47,,74,0,9,0,10,100,10,6,ok,,4.2,n-62-31-11,29004097,2026-08-02T12:47:01+0200
b03c1fa60e588c79,auto-10d581bed771,siege_v2@9713344,siege_v2,9713344,tempest_reinforcements@65ddc55,tempest_reinforcements,65ddc55,bridge,official,1,0,rating,b,b,0.0,core_destroyed,42,,244,0,6,2,10,0,10,8,ok,,2.779,n-62-11-50,29004097,2026-08-02T12:47:22+0200
b0460842fd3cab68,auto-10d581bed771,tempest_reinforcements@65ddc55,tempest_reinforcements,65ddc55,vanguard@da3fd8a,vanguard,da3fd8a,twins,official,1,0,rating,a,a,1.0,core_destroyed,76,,20,170,11,9,139,480,6,18,ok,,4.368,n-62-29-5,29004097,2026-08-02T12:47:53+0200
b096e5432d46a4a4,auto-10d581bed771,v233_f@9713344,v233_f,9713344,tempest_reinforcements@65ddc55,tempest_reinforcements,65ddc55,vase,official,1,0,rating,b,b,0.0,core_destroyed,27,,68,30,8,6,10,0,10,6,ok,,2.934,n-62-21-98,29004097,2026-08-02T12:49:22+0200
b09d2d4185755c05,auto-10d581bed771,tempest_fast@eb1f0f3,tempest_fast,eb1f0f3,tempest_reinforcements@65ddc55,tempest_reinforcements,65ddc55,duel,official,1,0,rating,a,a,1.0,core_destroyed,25,,74,0,9,2,9,50,10,4,ok,,3.731,n-62-12-6,29004097,2026-08-02T12:46:51+0200
b0bbf7341d405336,auto-10d581bed771,tempest_reinforcements@65ddc55,tempest_reinforcements,65ddc55,vg_v1@9713344,vg_v1,9713344,jackpot,official,1,0,rating,a,a,1.0,core_destroyed,57,,30,130,12,7,125,0,5,0,ok,,4.239,n-62-30-24,29004097,2026-08-02T12:48:23+0200
b0dd57f6b86cc3fc,auto-10d581bed771,vanguard@c407e79,vanguard,c407e79,tempest_reinforcements@65ddc55,tempest_reinforcements,65ddc55,vault,official,1,0,rating,b,b,0.0,core_destroyed,59,,130,260,9,6,12,240,12,17,ok,,4.752,n-62-29-26,29004097,2026-08-02T12:48:05+0200
b0e99687da7d5392,auto-10d581bed771,tempest_ferry@26b5aa1,tempest_ferry,26b5aa1,tempest_reinforcements@65ddc55,tempest_reinforcements,65ddc55,showdown,official,1,0,rating,a,a,1.0,core_destroyed,21,,21,0,12,6,7,0,10,5,ok,,4.738,n-62-12-4,29004097,2026-08-02T12:46:48+0200
b1497f2e98b05e48,auto-10d581bed771,opponent_luc@e83a42c,opponent_luc,e83a42c,tempest_reinforcements@65ddc55,tempest_reinforcements,65ddc55,bridge,official,1,0,rating,b,b,0.0,core_destroyed,42,,600,0,0,0,10,0,10,8,ok,,2.405,n-62-31-20,29004097,2026-08-02T12:47:06+0200
b175b23620955d3c,auto-10d581bed771,siege_v2@9713344,siege_v2,9713344,tempest_reinforcements@65ddc55,tempest_reinforcements,65ddc55,vault,official,1,0,rating,b,b,0.0,core_destroyed,52,,243,0,6,3,30,210,11,21,ok,,3.423,n-62-11-52,29004097,2026-08-02T12:47:08+0200
b18d14a408f11d4f,auto-10d581bed771,tempest_reinforcements@65ddc55,tempest_reinforcements,65ddc55,siege_v1@9713344,siege_v1,9713344,showdown,official,1,0,rating,a,a,1.0,core_destroyed,19,,10,0,10,8,181,0,6,2,ok,,3.017,n-62-11-59,29004097,2026-08-02T12:47:06+0200
b1997bbead9170f3,auto-10d581bed771,tempest_reinforcements@65ddc55,tempest_reinforcements,65ddc55,claude_challenger_1@fdc1e1f,claude_challenger_1,fdc1e1f,fjord,official,1,0,rating,a,a,1.0,core_destroyed,35,,10,70,12,5,186,140,10,4,ok,,6.558,n-62-11-65,29004097,2026-08-02T12:46:15+0200
b1b59391dd59ff85,auto-10d581bed771,tempest_reinforcements@65ddc55,tempest_reinforcements,65ddc55,e_condc@6db8844,e_condc,6db8844,duel,official,1,0,rating,a,a,1.0,core_destroyed,89,,6,210,10,5,6,200,7,5,ok,,4.18,n-62-21-104,29004097,2026-08-02T12:46:45+0200
b1c70859e6023d3b,auto-10d581bed771,tempest_frontier@fdc1e1f,tempest_frontier,fdc1e1f,tempest_reinforcements@65ddc55,tempest_reinforcements,65ddc55,fjord,official,1,0,rating,b,b,0.0,core_destroyed,26,,188,0,7,2,10,50,11,5,ok,,3.819,n-62-12-7,29004097,2026-08-02T12:47:23+0200
b1d9c28dac094580,auto-10d581bed771,titanium_v1@9713344,titanium_v1,9713344,tempest_reinforcements@65ddc55,tempest_reinforcements,65ddc55,pinch,official,1,0,rating,b,b,0.0,core_destroyed,21,,286,0,4,3,10,30,10,8,ok,,2.814,n-62-21-59,29004097,2026-08-02T12:46:22+0200
b1dd9de46c02d1b0,auto-10d581bed771,tempest_reinforcements@65ddc55,tempest_reinforcements,65ddc55,opponent_luc@e83a42c,opponent_luc,e83a42c,longship,official,1,0,rating,a,a,1.0,core_destroyed,43,,20,90,11,12,24,80,11,7,ok,,6.813,n-62-31-15,29004097,2026-08-02T12:46:21+0200
b1eb42db6d7485be,auto-10d581bed771,vanguard@818f3b4,vanguard,818f3b4,tempest_reinforcements@65ddc55,tempest_reinforcements,65ddc55,showdown,official,1,0,rating,b,b,0.0,core_destroyed,42,,96,0,6,0,10,0,10,8,ok,,3.214,n-62-29-19,29004097,2026-08-02T12:48:01+0200
b1ff8a5f6991d51f,auto-10d581bed771,vanguard@c407e79,vanguard,c407e79,tempest_reinforcements@65ddc55,tempest_reinforcements,65ddc55,quarry,official,1,0,rating,b,b,0.0,core_destroyed,62,,121,400,9,18,10,0,11,6,ok,,3.806,n-62-29-22,29004097,2026-08-02T12:48:02+0200
b214b27f7a918191,auto-10d581bed771,tempest_reinforcements@65ddc55,tempest_reinforcements,65ddc55,autistimusprime@ecd4d24,autistimusprime,ecd4d24,showdown,official,1,0,rating,b,b,0.0,core_destroyed,42,,8,0,10,6,41,0,6,1,ok,,3.128,n-62-31-21,29004097,2026-08-02T12:46:34+0200
b2163b4981ca3cfa,auto-10d581bed771,tempest_frontier@fdc1e1f,tempest_frontier,fdc1e1f,tempest_reinforcements@65ddc55,tempest_reinforcements,65ddc55,showdown,official,1,0,rating,a,a,1.0,core_destroyed,21,,11,0,12,6,28,0,8,5,ok,,5.362,n-62-21-18,29004097,2026-08-02T12:47:04+0200
b21e26568f874a99,auto-10d581bed771,tempest_reinforcements@025dd51,tempest_reinforcements,025dd51,tempest_reinforcements@65ddc55,tempest_reinforcements,65ddc55,crossfire,official,1,0,rating,b,b,0.0,core_destroyed,35,,8,70,12,5,7,70,6,6,ok,,4.508,n-62-21-23,29004097,2026-08-02T12:47:47+0200
b229603b7c1866df,auto-10d581bed771,tempest_reinforcements@65ddc55,tempest_reinforcements,65ddc55,e_t4l7@9e77076,e_t4l7,9e77076,crossfire,official,1,0,rating,a,a,1.0,core_destroyed,69,,10,160,10,6,119,300,6,6,ok,,3.682,n-62-29-15,29004097,2026-08-02T12:47:06+0200
b248aa9dbdc0b5bc,auto-10d581bed771,jonbot_190003d@da3fd8a,jonbot_190003d,da3fd8a,tempest_reinforcements@65ddc55,tempest_reinforcements,65ddc55,jackpot,official,1,0,rating,b,b,0.0,core_destroyed,187,,784,440,6,5,40,1180,11,34,ok,,8.038,n-62-29-32,29004097,2026-08-02T12:47:08+0200
b24ab64107536365,auto-10d581bed771,tempest_reinforcements@65ddc55,tempest_reinforcements,65ddc55,mistral_fast@26b5aa1,mistral_fast,26b5aa1,twins,official,1,0,rating,b,b,0.0,core_destroyed,30,,10,40,7,3,38,0,12,1,ok,,4.262,n-62-31-18,29004097,2026-08-02T12:47:27+0200
b255d221159eee07,auto-10d581bed771,tempest_reinforcements@65ddc55,tempest_reinforcements,65ddc55,undertow_1ac7ac4@da3fd8a,undertow_1ac7ac4,da3fd8a,showdown,official,1,0,rating,a,a,1.0,core_destroyed,48,,10,0,9,8,66,0,6,5,ok,,3.975,n-62-21-69,29004097,2026-08-02T12:47:35+0200
b2604e5b2a35280e,auto-10d581bed771,tempest_reinforcements@65ddc55,tempest_reinforcements,65ddc55,tempest_reinforcements@87724ec,tempest_reinforcements,87724ec,duel,official,1,0,rating,b,b,0.0,core_destroyed,26,,8,50,10,4,0,50,11,5,ok,,6.666,n-62-13-9,29004097,2026-08-02T12:46:53+0200
b294442d241a2cf8,auto-10d581bed771,v233_e@9713344,v233_e,9713344,tempest_reinforcements@65ddc55,tempest_reinforcements,65ddc55,duel,official,1,0,rating,b,b,0.0,core_destroyed,44,,81,190,4,10,30,100,11,5,ok,,4.145,n-62-21-103,29004097,2026-08-02T12:47:41+0200
b2b8b9101baa56e8,auto-10d581bed771,vg_v2@9713344,vg_v2,9713344,tempest_reinforcements@65ddc55,tempest_reinforcements,65ddc55,string,official,1,0,rating,b,b,0.0,core_destroyed,71,,361,0,3,2,40,470,13,16,ok,,3.792,n-62-31-5,29004097,2026-08-02T12:48:27+0200
b2c1d055aa8bd55a,auto-10d581bed771,siege_v1@9713344,siege_v1,9713344,tempest_reinforcements@65ddc55,tempest_reinforcements,65ddc55,quarry,official,1,0,rating,b,b,0.0,core_destroyed,54,,274,0,6,2,10,0,11,6,ok,,3.311,n-62-11-59,29004097,2026-08-02T12:46:56+0200
b2f4b56d19d58547,auto-10d581bed771,opponent_luc@e83a42c,opponent_luc,e83a42c,tempest_reinforcements@65ddc55,tempest_reinforcements,65ddc55,quarry,official,1,0,rating,b,b,0.0,core_destroyed,54,,298,0,8,0,10,0,11,6,ok,,7.543,n-62-31-15,29004097,2026-08-02T12:46:53+0200
b326581e9883944d,auto-10d581bed771,tempest_reinforcements@65ddc55,tempest_reinforcements,65ddc55,v233_b@9713344,v233_b,9713344,showdown,official,1,0,rating,a,a,1.0,core_destroyed,35,,10,0,10,8,23,30,5,11,ok,,3.2,n-62-11-66,29004097,2026-08-02T12:48:12+0200
b32d7caf4309af0c,auto-10d581bed771,baiter@9713344,baiter,9713344,tempest_reinforcements@65ddc55,tempest_reinforcements,65ddc55,jackpot,official,1,0,rating,b,b,0.0,core_destroyed,62,,86,0,4,1,26,220,11,17,ok,,3.795,n-62-31-4,29004097,2026-08-02T12:48:18+0200
b337cdea70ef93e8,auto-10d581bed771,tempest_reinforcements@65ddc55,tempest_reinforcements,65ddc55,undertow_1ac7ac4@da3fd8a,undertow_1ac7ac4,da3fd8a,atoll,official,1,0,rating,a,a,1.0,core_destroyed,44,,26,100,11,6,68,180,12,14,ok,,4.689,n-62-21-68,29004097,2026-08-02T12:47:29+0200
b35eb0fb88eb92de,auto-10d581bed771,tempest_reinforcements@65ddc55,tempest_reinforcements,65ddc55,v233_g@9713344,v233_g,9713344,aurora,official,1,0,rating,a,a,1.0,core_destroyed,55,,10,110,12,8,101,300,7,15,ok,,4.47,n-62-21-98,29004097,2026-08-02T12:49:43+0200
b37267df5b3f3485,auto-10d581bed771,undertow@9713344,undertow,9713344,tempest_reinforcements@65ddc55,tempest_reinforcements,65ddc55,vault,official,1,0,rating,b,b,0.0,core_destroyed,71,,73,320,9,6,10,300,13,21,ok,,6.029,n-62-21-64,29004097,2026-08-02T12:47:04+0200
b396bf11a4e8ee3a,auto-10d581bed771,opponent_luc@e83a42c,opponent_luc,e83a42c,tempest_reinforcements@65ddc55,tempest_reinforcements,65ddc55,vault,official,1,0,rating,b,b,0.0,core_destroyed,48,,274,200,10,6,22,190,11,18,ok,,5.689,n-62-11-57,29004097,2026-08-02T12:46:58+0200
b3aec151df9c9e48,auto-10d581bed771,tempest_reinforcements@65ddc55,tempest_reinforcements,65ddc55,frontier_v2@9713344,frontier_v2,9713344,atoll,official,1,0,rating,a,a,1.0,core_destroyed,31,,10,60,11,6,173,0,7,2,ok,,3.342,n-62-29-22,29004097,2026-08-02T12:46:53+0200
b3b0847be6c4c0aa,auto-10d581bed771,claude_challenger_1@fdc1e1f,claude_challenger_1,fdc1e1f,tempest_reinforcements@65ddc55,tempest_reinforcements,65ddc55,runestone,official,1,0,rating,b,b,0.0,core_destroyed,32,,129,50,9,6,20,0,11,5,ok,,5.062,n-62-11-65,29004097,2026-08-02T12:47:34+0200
b3bdfc6595b67d3b,auto-10d581bed771,tempest_reinforcements@65ddc55,tempest_reinforcements,65ddc55,undertow_oracle@fdc1e1f,undertow_oracle,fdc1e1f,pinch,official,1,0,rating,a,a,1.0,core_destroyed,27,,20,50,10,9,56,0,7,5,ok,,2.87,n-62-31-21,29004097,2026-08-02T12:48:51+0200
b3f1921e19d223fe,auto-10d581bed771,tempest_reinforcements@65ddc55,tempest_reinforcements,65ddc55,jonbot@da3fd8a,jonbot,da3fd8a,vault,official,1,0,rating,a,a,1.0,core_destroyed,48,,30,110,12,6,360,100,4,7,ok,,3.694,n-62-29-16,29004097,2026-08-02T12:47:32+0200
b3fe0b3af38b575f,auto-10d581bed771,tempest_reinforcements@65ddc55,tempest_reinforcements,65ddc55,tempest_reinforcements@edf93ad,tempest_reinforcements,edf93ad,sweden,official,1,0,rating,b,b,0.0,core_destroyed,67,,8,100,13,8,4,0,10,6,ok,,5.757,n-62-21-55,29004097,2026-08-02T12:47:46+0200
b40abae129a5707f,auto-10d581bed771,tempest_blindfire@fdc1e1f,tempest_blindfire,fdc1e1f,tempest_reinforcements@65ddc55,tempest_reinforcements,65ddc55,runestone,official,1,0,rating,b,b,0.0,core_destroyed,34,,237,50,5,6,8,0,11,5,ok,,3.58,n-62-21-89,29004097,2026-08-02T12:46:17+0200
b41b2ba75a961e50,auto-10d581bed771,claude_challenger_1@fdc1e1f,claude_challenger_1,fdc1e1f,tempest_reinforcements@65ddc55,tempest_reinforcements,65ddc55,fjord,official,1,0,rating,b,b,0.0,core_destroyed,26,,65,40,9,4,10,50,11,5,ok,,5.666,n-62-11-65,29004097,2026-08-02T12:46:21+0200
b433c191b2ff4ef4,auto-10d581bed771,tempest_reinforcements@65ddc55,tempest_reinforcements,65ddc55,baiter@9713344,baiter,9713344,sweden,official,1,0,rating,a,a,1.0,titanium_collected,1000,,3194,9090,49,54,3216,2080,2,16,ok,,31.128,n-62-31-23,29004097,2026-08-02T12:48:13+0200
b457ef879a66f40f,auto-10d581bed771,tempest_reinforcements@65ddc55,tempest_reinforcements,65ddc55,tempest_reinforcements@51ad530,tempest_reinforcements,51ad530,vault,official,1,0,rating,a,a,1.0,core_destroyed,54,,17,120,10,6,25,220,13,8,ok,,7.11,n-62-13-8,29004097,2026-08-02T12:48:09+0200
b46b0fd00a08d85a,auto-10d581bed771,v233_a@9713344,v233_a,9713344,tempest_reinforcements@65ddc55,tempest_reinforcements,65ddc55,atoll,official,1,0,rating,b,b,0.0,core_destroyed,42,,112,50,5,6,10,90,12,6,ok,,3.507,n-62-11-63,29004097,2026-08-02T12:47:58+0200
b4820ff8ebe3237e,auto-10d581bed771,v233_g@9713344,v233_g,9713344,tempest_reinforcements@65ddc55,tempest_reinforcements,65ddc55,duel,official,1,0,rating,a,a,1.0,core_destroyed,41,,87,180,8,11,9,90,11,4,ok,,3.726,n-62-21-99,29004097,2026-08-02T12:47:59+0200
b4918ee5b10da8a1,auto-10d581bed771,tempest_reinforcements@65ddc55,tempest_reinforcements,65ddc55,mistral_fast@26b5aa1,mistral_fast,26b5aa1,showdown,official,1,0,rating,b,b,0.0,core_destroyed,22,,8,0,10,5,60,0,9,1,ok,,4.147,n-62-31-18,29004097,2026-08-02T12:46:38+0200
b49f357fb631de9d,auto-10d581bed771,tempest_reinforcements@65ddc55,tempest_reinforcements,65ddc55,jonbot@9713344,jonbot,9713344,fjord,official,1,0,rating,a,a,1.0,core_destroyed,37,,20,80,11,5,261,0,5,0,ok,,3.594,n-62-29-5,29004097,2026-08-02T12:46:18+0200
b4b7c273fec4eb82,auto-10d581bed771,e_condc@6db8844,e_condc,6db8844,tempest_reinforcements@65ddc55,tempest_reinforcements,65ddc55,fjord,official,1,0,rating,b,b,0.0,core_destroyed,52,,52,110,10,2,30,120,11,5,ok,,4.263,n-62-21-104,29004097,2026-08-02T12:46:59+0200
b4b83bee35af2c0e,auto-10d581bed771,tempest_reinforcements@65ddc55,tempest_reinforcements,65ddc55,undertow@fdc1e1f,undertow,fdc1e1f,fjord,official,1,0,rating,a,a,1.0,core_destroyed,43,,10,90,11,5,90,270,5,7,ok,,3.655,n-62-21-67,29004097,2026-08-02T12:46:21+0200
b50bf111671186c8,auto-10d581bed771,siege_v1@9713344,siege_v1,9713344,tempest_reinforcements@65ddc55,tempest_reinforcements,65ddc55,aurora,official,1,0,rating,b,b,0.0,core_destroyed,44,,218,0,6,3,20,90,11,11,ok,,3.582,n-62-11-58,29004097,2026-08-02T12:47:33+0200
b582b1c5ef39dfb2,auto-10d581bed771,tempest_reinforcements@65ddc55,tempest_reinforcements,65ddc55,attack_wave_v1@9713344,attack_wave_v1,9713344,skerry,official,1,0,rating,a,a,1.0,core_destroyed,37,,10,80,12,5,199,0,6,3,ok,,3.932,n-62-31-22,29004097,2026-08-02T12:46:36+0200
b58575caca61ebf4,auto-10d581bed771,vanguard@818f3b4,vanguard,818f3b4,tempest_reinforcements@65ddc55,tempest_reinforcements,65ddc55,crossfire,official,1,0,rating,b,b,0.0,core_destroyed,68,,75,300,5,6,30,160,11,6,ok,,4.42,n-62-29-17,29004097,2026-08-02T12:48:11+0200
b5b6f5bc5b625cd3,auto-10d581bed771,undertow_oracle@fdc1e1f,undertow_oracle,fdc1e1f,tempest_reinforcements@65ddc55,tempest_reinforcements,65ddc55,strait,official,1,0,rating,b,b,0.0,core_destroyed,73,,113,130,9,14,10,0,11,5,ok,,4.536,n-62-31-4,29004097,2026-08-02T12:48:12+0200
b5d7546f7cfb1074,auto-10d581bed771,attack_wave_v1@9713344,attack_wave_v1,9713344,tempest_reinforcements@65ddc55,tempest_reinforcements,65ddc55,vault,official,1,0,rating,b,b,0.0,core_destroyed,52,,243,0,6,3,30,210,11,21,ok,,4.242,n-62-31-24,29004097,2026-08-02T12:46:17+0200
b5d93596852568e4,auto-10d581bed771,vg_v2@9713344,vg_v2,9713344,tempest_reinforcements@65ddc55,tempest_reinforcements,65ddc55,showdown,official,1,0,rating,b,b,0.0,core_destroyed,41,,92,0,5,5,8,0,10,8,ok,,4.156,n-62-31-5,29004097,2026-08-02T12:47:53+0200
b5eb47a36584d220,auto-10d581bed771,tempest_reinforcements@65ddc55,tempest_reinforcements,65ddc55,tempest_reinforcements@edf93ad,tempest_reinforcements,edf93ad,crossfire,official,1,0,rating,b,b,0.0,core_destroyed,31,,8,60,11,5,0,60,10,6,ok,,4.14,n-62-12-67,29004097,2026-08-02T12:46:42+0200
b5f78c62463822e4,auto-10d581bed771,tempest_reinforcements@65ddc55,tempest_reinforcements,65ddc55,vg_v4@9713344,vg_v4,9713344,bridge,official,1,0,rating,a,a,1.0,core_destroyed,96,,30,0,11,8,191,70,4,14,ok,,3.441,n-62-31-13,29004097,2026-08-02T12:48:06+0200
b601438fc2c7ea0d,auto-10d581bed771,tempest_reinforcements@65ddc55,tempest_reinforcements,65ddc55,v233_g@9713344,v233_g,9713344,hive,official,1,0,rating,a,a,1.0,core_destroyed,50,,10,100,11,11,99,150,9,15,ok,,3.958,n-62-21-99,29004097,2026-08-02T12:48:11+0200
b60af721ac99eb2b,auto-10d581bed771,tempest_reinforcements@65ddc55,tempest_reinforcements,65ddc55,v233_b@9713344,v233_b,9713344,hive,official,1,0,rating,a,a,1.0,core_destroyed,53,,10,110,11,11,81,0,4,8,ok,,3.643,n-62-11-65,29004097,2026-08-02T12:49:09+0200
b6702de1126bc151,auto-10d581bed771,tempest_reinforcements@65ddc55,tempest_reinforcements,65ddc55,mistral@ba943b9,mistral,ba943b9,aurora,official,1,0,rating,a,a,1.0,core_destroyed,40,,30,80,11,8,324,0,4,0,ok,,9.392,n-62-31-14,29004097,2026-08-02T12:46:29+0200
b6a54fee87ea1607,auto-10d581bed771,baiter@9713344,baiter,9713344,tempest_reinforcements@65ddc55,tempest_reinforcements,65ddc55,vase,official,1,0,rating,b,b,0.0,core_destroyed,34,,409,0,3,3,10,0,11,6,ok,,3.437,n-62-11-60,29004097,2026-08-02T12:46:25+0200
b6bf535dade05cf7,auto-10d581bed771,undertow_oracle@fdc1e1f,undertow_oracle,fdc1e1f,tempest_reinforcements@65ddc55,tempest_reinforcements,65ddc55,sprint,official,1,0,rating,b,b,0.0,core_destroyed,51,,47,0,9,9,18,110,10,7,ok,,3.762,n-62-31-4,29004097,2026-08-02T12:48:03+0200
b6f5cf714c58c9ea,auto-10d581bed771,baiter@9713344,baiter,9713344,tempest_reinforcements@65ddc55,tempest_reinforcements,65ddc55,longship,official,1,0,rating,b,b,0.0,core_destroyed,58,,108,120,5,10,10,120,11,14,ok,,5.494,n-62-31-23,29004097,2026-08-02T12:46:21+0200
b6fdd9d3a5bd15a6,auto-10d581bed771,tempest_ferry@26b5aa1,tempest_ferry,26b5aa1,tempest_reinforcements@65ddc55,tempest_reinforcements,65ddc55,atoll,official,1,0,rating,a,a,1.0,core_destroyed,29,,19,0,11,3,9,40,10,4,ok,,3.877,n-62-12-5,29004097,2026-08-02T12:46:24+0200
b7007ee42db6a0ca,auto-10d581bed771,tempest_reinforcements@65ddc55,tempest_reinforcements,65ddc55,e_final@9e77076,e_final,9e77076,longship,official,1,0,rating,a,a,1.0,core_destroyed,52,,30,110,11,12,110,60,6,5,ok,,3.938,n-62-21-98,29004097,2026-08-02T12:47:25+0200
b723ca2a69327510,auto-10d581bed771,titanium_v1@9713344,titanium_v1,9713344,tempest_reinforcements@65ddc55,tempest_reinforcements,65ddc55,sprint,official,1,0,rating,b,b,0.0,core_destroyed,32,,277,0,4,4,30,100,10,10,ok,,2.974,n-62-21-59,29004097,2026-08-02T12:46:54+0200
b72ba6d4586da504,auto-10d581bed771,tempest_reinforcements@65ddc55,tempest_reinforcements,65ddc55,claude_challenger_2@fdc1e1f,claude_challenger_2,fdc1e1f,pinch,official,1,0,rating,a,a,1.0,core_destroyed,41,,10,0,11,4,174,0,6,1,ok,,5.259,n-62-11-68,29004097,2026-08-02T12:47:08+0200
b72ce5d67a0e417f,auto-10d581bed771,uw_v2@9713344,uw_v2,9713344,tempest_reinforcements@65ddc55,tempest_reinforcements,65ddc55,sweden,official,1,0,rating,a,a,1.0,core_destroyed,220,,70,100,3,10,50,820,27,18,ok,,8.077,n-62-11-62,29004097,2026-08-02T12:48:44+0200
b72ff3ad1bae200c,auto-10d581bed771,tempest_reinforcements@65ddc55,tempest_reinforcements,65ddc55,vg_v1@9713344,vg_v1,9713344,runestone,official,1,0,rating,a,a,1.0,core_destroyed,62,,10,0,11,5,84,0,3,3,ok,,3.896,n-62-30-24,29004097,2026-08-02T12:48:58+0200
b7901423a0b79814,auto-10d581bed771,tempest_reinforcements@65ddc55,tempest_reinforcements,65ddc55,casemate@902be71,casemate,902be71,vault,official,1,0,rating,a,a,1.0,core_destroyed,523,,98,4200,49,64,565,0,4,42,ok,,23.922,n-62-11-62,29004097,2026-08-02T12:47:28+0200
b7977a18f3dbd838,auto-10d581bed771,vanguard_oracle@75591b7,vanguard_oracle,75591b7,tempest_reinforcements@65ddc55,tempest_reinforcements,65ddc55,crossfire,official,1,0,rating,b,b,0.0,core_destroyed,60,,76,260,5,6,30,140,11,6,ok,,4.044,n-62-29-5,29004097,2026-08-02T12:48:46+0200
b7a09c3a01bd4a99,auto-10d581bed771,turtle@9713344,turtle,9713344,tempest_reinforcements@65ddc55,tempest_reinforcements,65ddc55,string,official,1,0,rating,b,b,0.0,core_destroyed,70,,99,150,2,4,33,370,14,15,ok,,4.687,n-62-21-61,29004097,2026-08-02T12:47:42+0200
b7a1e3375bec4c42,auto-10d581bed771,tempest_reinforcements@65ddc55,tempest_reinforcements,65ddc55,autistimusprime@ecd4d24,autistimusprime,ecd4d24,runestone,official,1,0,rating,a,a,1.0,core_destroyed,35,,10,0,11,5,65,40,9,5,ok,,3.589,n-62-31-21,29004097,2026-08-02T12:46:27+0200
b7ddd9b1a8bda48c,auto-10d581bed771,claude_challenger_1@fdc1e1f,claude_challenger_1,fdc1e1f,tempest_reinforcements@65ddc55,tempest_reinforcements,65ddc55,sprint,official,1,0,rating,b,b,0.0,core_destroyed,34,,192,0,7,4,10,60,10,7,ok,,3.727,n-62-11-65,29004097,2026-08-02T12:47:58+0200
b7e81871b43a651a,auto-10d581bed771,tempest_reinforcements@edf93ad,tempest_reinforcements,edf93ad,tempest_reinforcements@65ddc55,tempest_reinforcements,65ddc55,sweden,official,1,0,rating,b,b,0.0,core_destroyed,66,,29,100,13,8,9,0,8,6,ok,,5.714,n-62-21-55,29004097,2026-08-02T12:47:52+0200
b7f53dfe04988cb1,auto-10d581bed771,vg_v7@9713344,vg_v7,9713344,tempest_reinforcements@65ddc55,tempest_reinforcements,65ddc55,vase,official,1,0,rating,b,b,0.0,core_destroyed,34,,409,0,3,3,10,0,11,6,ok,,2.992,n-62-31-24,29004097,2026-08-02T12:48:43+0200
b7fd2191078ca70c,auto-10d581bed771,e9cand@9e77076,e9cand,9e77076,tempest_reinforcements@65ddc55,tempest_reinforcements,65ddc55,runestone,official,1,0,rating,b,b,0.0,core_destroyed,62,,47,0,9,3,10,0,11,5,ok,,3.904,n-62-31-11,29004097,2026-08-02T12:48:15+0200
b80fc81bfa01c9d7,auto-10d581bed771,tempest_reinforcements@65ddc55,tempest_reinforcements,65ddc55,tempest_reinforcements@025dd51,tempest_reinforcements,025dd51,strait,official,1,0,rating,a,a,1.0,core_destroyed,43,,7,80,11,9,5,0,10,4,ok,,4.112,n-62-13-7,29004097,2026-08-02T12:46:21+0200
b825eb57f2706650,auto-10d581bed771,uw_v1@9713344,uw_v1,9713344,tempest_reinforcements@65ddc55,tempest_reinforcements,65ddc55,strait,official,1,0,rating,b,b,0.0,core_destroyed,61,,121,80,7,13,10,0,11,5,ok,,3.632,n-62-11-60,29004097,2026-08-02T12:48:09+0200
b82ad330cfce89c4,auto-10d581bed771,tempest_reinforcements@65ddc55,tempest_reinforcements,65ddc55,tempest_fast@eb1f0f3,tempest_fast,eb1f0f3,string,official,1,0,rating,a,a,1.0,core_destroyed,96,,94,430,13,10,452,220,3,4,ok,,3.714,n-62-12-3,29004097,2026-08-02T12:46:58+0200
b8346ca425114d10,auto-10d581bed771,tempest_reinforcements@65ddc55,tempest_reinforcements,65ddc55,tempest_blindfire@fdc1e1f,tempest_blindfire,fdc1e1f,bridge,official,1,0,rating,a,a,1.0,core_destroyed,180,,120,930,21,28,828,240,4,8,ok,,6.308,n-62-21-91,29004097,2026-08-02T12:46:23+0200
b8357be359ed46d8,auto-10d581bed771,tempest_reinforcements@65ddc55,tempest_reinforcements,65ddc55,tempest_oracle_ferry@fdc1e1f,tempest_oracle_ferry,fdc1e1f,skerry,official,1,0,rating,a,a,1.0,core_destroyed,36,,30,80,9,5,214,0,7,1,ok,,4.156,n-62-21-8,29004097,2026-08-02T12:47:07+0200
b845f0b88eb2cd9e,auto-10d581bed771,casemate_oracle@902be71,casemate_oracle,902be71,tempest_reinforcements@65ddc55,tempest_reinforcements,65ddc55,twins,official,1,0,rating,a,a,1.0,harvesters,1000,,815,0,2,9,12,0,10,5,ok,,20.057,n-62-11-64,29004097,2026-08-02T12:47:24+0200
b84871dcc7154500,auto-10d581bed771,tempest_reinforcements@65ddc55,tempest_reinforcements,65ddc55,mistral_fast@26b5aa1,mistral_fast,26b5aa1,quarry,official,1,0,rating,a,a,1.0,core_destroyed,35,,10,0,10,6,227,0,7,0,ok,,4.003,n-62-31-18,29004097,2026-08-02T12:46:20+0200
b872d8f0dfe01d29,auto-10d581bed771,tempest_outer@fdc1e1f,tempest_outer,fdc1e1f,tempest_reinforcements@65ddc55,tempest_reinforcements,65ddc55,skerry,official,1,0,rating,b,b,0.0,core_destroyed,38,,231,0,6,2,20,90,9,5,ok,,3.81,n-62-21-13,29004097,2026-08-02T12:47:18+0200
b873cb17a5ed9f0b,auto-10d581bed771,autistimusprime@ecd4d24,autistimusprime,ecd4d24,tempest_reinforcements@65ddc55,tempest_reinforcements,65ddc55,atoll,official,1,0,rating,b,b,0.0,core_destroyed,55,,58,0,6,0,7,120,12,6,ok,,5.071,n-62-31-24,29004097,2026-08-02T12:46:27+0200
b8820eeb00603154,auto-10d581bed771,tempest_reinforcements@65ddc55,tempest_reinforcements,65ddc55,jonbot_190003d@da3fd8a,jonbot_190003d,da3fd8a,aurora,official,1,0,rating,a,a,1.0,core_destroyed,42,,10,80,10,8,223,80,6,12,ok,,3.701,n-62-29-16,29004097,2026-08-02T12:47:49+0200
b897d28bfa2a3bb7,auto-10d581bed771,tempest_reinforcements@65ddc55,tempest_reinforcements,65ddc55,tempest_ferry@26b5aa1,tempest_ferry,26b5aa1,bridge,official,1,0,rating,a,a,1.0,core_destroyed,180,,120,930,21,28,789,240,4,8,ok,,5.645,n-62-12-5,29004097,2026-08-02T12:46:37+0200
b8af777fa15f914b,auto-10d581bed771,tempest_reinforcements@65ddc55,tempest_reinforcements,65ddc55,jonbot_190003d@da3fd8a,jonbot_190003d,da3fd8a,duel,official,1,0,rating,a,a,1.0,core_destroyed,43,,1,50,7,3,52,90,9,7,ok,,4.514,n-62-29-32,29004097,2026-08-02T12:46:33+0200
b8b1ee3dd86d3a0f,auto-10d581bed771,e9cand@9e77076,e9cand,9e77076,tempest_reinforcements@65ddc55,tempest_reinforcements,65ddc55,string,official,1,0,rating,b,b,0.0,core_destroyed,56,,101,0,4,0,20,130,13,7,ok,,4.475,n-62-21-103,29004097,2026-08-02T12:47:09+0200
b8cab7f631493789,auto-10d581bed771,tempest_reinforcements@65ddc55,tempest_reinforcements,65ddc55,tempest_fast@eb1f0f3,tempest_fast,eb1f0f3,longship,official,1,0,rating,b,b,0.0,core_destroyed,34,,1,60,11,11,58,0,10,4,ok,,4.21,n-62-12-6,29004097,2026-08-02T12:47:19+0200
b8dd06bf000df163,auto-10d581bed771,v233_f@9713344,v233_f,9713344,tempest_reinforcements@65ddc55,tempest_reinforcements,65ddc55,jackpot,official,1,0,rating,b,b,0.0,core_destroyed,45,,112,170,6,12,20,100,12,7,ok,,3.891,n-62-21-97,29004097,2026-08-02T12:48:15+0200
b8f11b6cb586f6c5,auto-10d581bed771,jonbot@da3fd8a,jonbot,da3fd8a,tempest_reinforcements@65ddc55,tempest_reinforcements,65ddc55,string,official,1,0,rating,b,b,0.0,core_destroyed,112,,747,470,2,14,50,780,17,16,ok,,5.24,n-62-29-16,29004097,2026-08-02T12:46:47+0200
b9127d5f4701803e,auto-10d581bed771,e_harc@6db8844,e_harc,6db8844,tempest_reinforcements@65ddc55,tempest_reinforcements,65ddc55,fjord,official,1,0,rating,b,b,0.0,core_destroyed,66,,69,250,8,7,20,390,12,23,ok,,4.421,n-62-28-29,29004097,2026-08-02T12:47:12+0200
b9197ce99aa58a81,auto-10d581bed771,tempest_blindfire@fdc1e1f,tempest_blindfire,fdc1e1f,tempest_reinforcements@65ddc55,tempest_reinforcements,65ddc55,pinch,official,1,0,rating,b,b,0.0,core_destroyed,26,,103,0,9,3,9,0,9,4,ok,,3.661,n-62-21-91,29004097,2026-08-02T12:47:24+0200
b926e1b917a46af0,auto-10d581bed771,riptide@9713344,riptide,9713344,tempest_reinforcements@65ddc55,tempest_reinforcements,65ddc55,fjord,official,1,0,rating,b,b,0.0,core_destroyed,34,,118,130,1,8,10,70,11,5,ok,,4.015,n-62-11-55,29004097,2026-08-02T12:46:16+0200
b92b66b84d7d5a8c,auto-10d581bed771,riptide@9713344,riptide,9713344,tempest_reinforcements@65ddc55,tempest_reinforcements,65ddc55,twins,official,1,0,rating,b,b,0.0,core_destroyed,54,,35,0,4,4,10,0,10,5,ok,,4.242,n-62-11-58,29004097,2026-08-02T12:46:59+0200
b93b1ece62a3c3ef,auto-10d581bed771,tempest_reinforcements@edf93ad,tempest_reinforcements,edf93ad,tempest_reinforcements@65ddc55,tempest_reinforcements,65ddc55,longship,official,1,0,rating,b,b,0.0,core_destroyed,47,,25,90,12,11,7,90,9,11,ok,,4.311,n-62-12-67,29004097,2026-08-02T12:47:30+0200
b946c468f116d7ec,auto-10d581bed771,tempest_reinforcements@65ddc55,tempest_reinforcements,65ddc55,tempest_ferry@26b5aa1,tempest_ferry,26b5aa1,longship,official,1,0,rating,b,b,0.0,core_destroyed,41,,21,80,11,11,59,0,9,4,ok,,3.885,n-62-12-5,29004097,2026-08-02T12:47:20+0200
b95ec8a093d0b7bf,auto-10d581bed771,tempest_reinforcements@65ddc55,tempest_reinforcements,65ddc55,undertow@9713344,undertow,9713344,duel,official,1,0,rating,a,a,1.0,core_destroyed,37,,9,80,10,5,46,160,11,8,ok,,3.768,n-62-21-62,29004097,2026-08-02T12:48:12+0200
b962c93a2a768c8e,auto-10d581bed771,vg_v1@9713344,vg_v1,9713344,tempest_reinforcements@65ddc55,tempest_reinforcements,65ddc55,vault,official,1,0,rating,b,b,0.0,core_destroyed,67,,96,0,7,3,10,280,13,21,ok,,4.979,n-62-31-14,29004097,2026-08-02T12:49:08+0200
b9809d81c2ef7be7,auto-10d581bed771,tempest_reinforcements@65ddc55,tempest_reinforcements,65ddc55,vanguard_oracle@fdc1e1f,vanguard_oracle,fdc1e1f,string,official,1,0,rating,a,a,1.0,core_destroyed,110,,71,490,19,10,107,150,3,5,ok,,5.57,n-62-30-23,29004097,2026-08-02T12:48:06+0200
b990919f5d30bfe4,auto-10d581bed771,tempest_reinforcements@65ddc55,tempest_reinforcements,65ddc55,frontier_v2@9713344,frontier_v2,9713344,quarry,official,1,0,rating,a,a,1.0,core_destroyed,45,,10,60,11,11,86,0,8,3,ok,,3.769,n-62-29-26,29004097,2026-08-02T12:46:49+0200
b99ccf2c34ef2714,auto-10d581bed771,nemesis@9713344,nemesis,9713344,tempest_reinforcements@65ddc55,tempest_reinforcements,65ddc55,hive,official,1,0,rating,b,b,0.0,core_destroyed,57,,112,200,6,17,10,120,11,13,ok,,4.263,n-62-31-13,29004097,2026-08-02T12:47:38+0200
b9c7651aae5d348d,auto-10d581bed771,undertow@da3fd8a,undertow,da3fd8a,tempest_reinforcements@65ddc55,tempest_reinforcements,65ddc55,string,official,1,0,rating,b,b,0.0,core_destroyed,66,,95,10,1,8,20,160,12,7,ok,,4.081,n-62-21-66,29004097,2026-08-02T12:46:29+0200
b9dc2028b7e98e44,auto-10d581bed771,tempest_reinforcements@65ddc55,tempest_reinforcements,65ddc55,jonbot_190003d@da3fd8a,jonbot_190003d,da3fd8a,bridge,official,1,0,rating,a,a,1.0,core_destroyed,103,,10,230,13,17,335,10,3,12,ok,,4.924,n-62-29-32,29004097,2026-08-02T12:46:13+0200
b9ed93a96639f35d,auto-10d581bed771,tempest_reinforcements@65ddc55,tempest_reinforcements,65ddc55,autistimusprime@ecd4d24,autistimusprime,ecd4d24,jackpot,official,1,0,rating,a,a,1.0,core_destroyed,48,,20,100,12,7,72,0,6,0,ok,,4.508,n-62-31-24,29004097,2026-08-02T12:47:31+0200
b9f7fb3fe4449fdf,auto-10d581bed771,frontier_v1@9713344,frontier_v1,9713344,tempest_reinforcements@65ddc55,tempest_reinforcements,65ddc55,pinch,official,1,0,rating,b,b,0.0,core_destroyed,40,,45,0,9,3,31,80,10,8,ok,,3.639,n-62-29-21,29004097,2026-08-02T12:46:41+0200
ba0eca4cbca28362,auto-10d581bed771,tempest_reinforcements@65ddc55,tempest_reinforcements,65ddc55,undertow_1ac7ac4@da3fd8a,undertow_1ac7ac4,da3fd8a,vase,official,1,0,rating,a,a,1.0,core_destroyed,118,,11,0,12,6,111,220,8,8,ok,,4.876,n-62-31-5,29004097,2026-08-02T12:48:25+0200
ba14051a92e5507f,auto-10d581bed771,jonbot@da3fd8a,jonbot,da3fd8a,tempest_reinforcements@65ddc55,tempest_reinforcements,65ddc55,sprint,official,1,0,rating,b,b,0.0,core_destroyed,30,,85,90,10,14,3,50,8,13,ok,,4.154,n-62-29-16,29004097,2026-08-02T12:46:27+0200
ba17c87988e24ed5,auto-10d581bed771,undertow_oracle@75591b7,undertow_oracle,75591b7,tempest_reinforcements@65ddc55,tempest_reinforcements,65ddc55,runestone,official,1,0,rating,b,b,0.0,core_destroyed,58,,20,280,13,26,10,110,11,15,ok,,4.896,n-62-31-22,29004097,2026-08-02T12:49:54+0200
ba23f24ad4a324b1,auto-10d581bed771,vg_v6@9713344,vg_v6,9713344,tempest_reinforcements@65ddc55,tempest_reinforcements,65ddc55,crossfire,official,1,0,rating,b,b,0.0,core_destroyed,39,,83,80,5,6,10,80,10,6,ok,,3.03,n-62-11-57,29004097,2026-08-02T12:49:18+0200
ba3948850d304a78,auto-10d581bed771,reaver@9713344,reaver,9713344,tempest_reinforcements@65ddc55,tempest_reinforcements,65ddc55,bridge,official,1,0,rating,b,b,0.0,titanium_collected,1000,,3554,1070,2,5,895,4820,49,21,ok,,27.715,n-62-11-57,29004097,2026-08-02T12:47:50+0200
ba4a6ee82e00797c,auto-10d581bed771,opponent_luc@e83a42c,opponent_luc,e83a42c,tempest_reinforcements@65ddc55,tempest_reinforcements,65ddc55,vase,official,1,0,rating,b,b,0.0,core_destroyed,27,,560,0,0,0,10,0,10,6,ok,,2.091,n-62-11-57,29004097,2026-08-02T12:46:47+0200
ba5916ce4790c76d,auto-10d581bed771,tempest_reinforcements@65ddc55,tempest_reinforcements,65ddc55,vg_v6@9713344,vg_v6,9713344,jackpot,official,1,0,rating,a,a,1.0,core_destroyed,146,,16,720,19,25,115,0,1,1,ok,,4.854,n-62-11-57,29004097,2026-08-02T12:49:44+0200
ba7219621883e019,auto-10d581bed771,lockin@9713344,lockin,9713344,tempest_reinforcements@65ddc55,tempest_reinforcements,65ddc55,showdown,official,1,0,rating,b,b,0.0,core_destroyed,19,,540,0,0,0,10,0,10,8,ok,,2.42,n-62-30-24,29004097,2026-08-02T12:46:27+0200
ba738ded81af3647,auto-10d581bed771,uw_v2@9713344,uw_v2,9713344,tempest_reinforcements@65ddc55,tempest_reinforcements,65ddc55,longship,official,1,0,rating,a,a,1.0,core_destroyed,47,,88,190,9,14,9,90,11,13,ok,,3.91,n-62-11-61,29004097,2026-08-02T12:49:24+0200
ba83427273c56e64,auto-10d581bed771,e_t4l7@9e77076,e_t4l7,9e77076,tempest_reinforcements@65ddc55,tempest_reinforcements,65ddc55,atoll,official,1,0,rating,b,b,0.0,core_destroyed,61,,97,240,2,7,6,140,11,6,ok,,3.785,n-62-29-15,29004097,2026-08-02T12:46:41+0200
bab53880ae5a4e2d,auto-10d581bed771,titanium_v1@9713344,titanium_v1,9713344,tempest_reinforcements@65ddc55,tempest_reinforcements,65ddc55,strait,official,1,0,rating,b,b,0.0,core_destroyed,52,,327,0,4,4,20,0,11,5,ok,,3.115,n-62-21-59,29004097,2026-08-02T12:47:01+0200
bac040a70fcb27f9,auto-10d581bed771,tempest_reinforcements@65ddc55,tempest_reinforcements,65ddc55,mistral@ba943b9,mistral,ba943b9,bridge,official,1,0,rating,a,a,1.0,core_destroyed,175,,136,1020,19,27,654,0,0,0,ok,,5.491,n-62-31-14,29004097,2026-08-02T12:46:43+0200
bae0be98ad5f9739,auto-10d581bed771,tempest_reinforcements@65ddc55,tempest_reinforcements,65ddc55,v233_e@9713344,v233_e,9713344,skerry,official,1,0,rating,a,a,1.0,core_destroyed,40,,30,90,11,5,112,240,6,13,ok,,3.744,n-62-21-103,29004097,2026-08-02T12:49:25+0200
bb090362bf2f9c0c,auto-10d581bed771,tempest_reinforcements@65ddc55,tempest_reinforcements,65ddc55,tempest_sentinel@fdc1e1f,tempest_sentinel,fdc1e1f,vase,official,1,0,rating,a,a,1.0,core_destroyed,28,,17,0,9,6,84,0,6,5,ok,,3.658,n-62-21-57,29004097,2026-08-02T12:46:12+0200
bb090ea501283f15,auto-10d581bed771,undertow@da3fd8a,undertow,da3fd8a,tempest_reinforcements@65ddc55,tempest_reinforcements,65ddc55,longship,official,1,0,rating,a,a,1.0,core_destroyed,46,,89,180,9,10,10,80,11,13,ok,,4.578,n-62-21-65,29004097,2026-08-02T12:46:48+0200
bb1e72e0adb4f918,auto-10d581bed771,vanguard_oracle@fdc1e1f,vanguard_oracle,fdc1e1f,tempest_reinforcements@65ddc55,tempest_reinforcements,65ddc55,longship,official,1,0,rating,b,b,0.0,core_destroyed,56,,117,230,10,8,30,120,11,14,ok,,4.119,n-62-29-34,29004097,2026-08-02T12:48:29+0200
bb4a67be5d06e16d,auto-10d581bed771,vanguard_oracle@75591b7,vanguard_oracle,75591b7,tempest_reinforcements@65ddc55,tempest_reinforcements,65ddc55,runestone,official,1,0,rating,b,b,0.0,core_destroyed,37,,114,120,9,10,10,0,11,5,ok,,3.395,n-62-29-30,29004097,2026-08-02T12:48:35+0200
bb5b698c14e4f788,auto-10d581bed771,tempest_reinforcements@65ddc55,tempest_reinforcements,65ddc55,v233_b@9713344,v233_b,9713344,crossfire,official,1,0,rating,a,a,1.0,core_destroyed,40,,29,150,11,8,69,50,8,7,ok,,3.574,n-62-11-65,29004097,2026-08-02T12:48:47+0200
bb65eb39c2e83c27,auto-10d581bed771,v233_e@9713344,v233_e,9713344,tempest_reinforcements@65ddc55,tempest_reinforcements,65ddc55,vault,official,1,0,rating,b,b,0.0,core_destroyed,103,,126,480,5,22,0,460,16,22,ok,,6.169,n-62-21-104,29004097,2026-08-02T12:48:40+0200
bb675f90bd0cb51a,auto-10d581bed771,tempest_reinforcements@65ddc55,tempest_reinforcements,65ddc55,undertow@9713344,undertow,9713344,showdown,official,1,0,rating,b,b,0.0,core_destroyed,85,,9,0,10,7,59,0,3,3,ok,,4.219,n-62-21-63,29004097,2026-08-02T12:47:11+0200
bb866b006139bd8f,auto-10d581bed771,tempest_reinforcements@65ddc55,tempest_reinforcements,65ddc55,v233_d@9713344,v233_d,9713344,jackpot,official,1,0,rating,b,b,0.0,core_destroyed,102,,38,420,15,7,58,0,4,4,ok,,5.181,n-62-31-10,29004097,2026-08-02T12:47:55+0200
bb9e4a445e5daef7,auto-10d581bed771,opponent_luc@e83a42c,opponent_luc,e83a42c,tempest_reinforcements@65ddc55,tempest_reinforcements,65ddc55,string,official,1,0,rating,b,b,0.0,core_destroyed,27,,560,0,0,0,10,50,11,7,ok,,2.359,n-62-31-15,29004097,2026-08-02T12:48:01+0200
bba2cbbd0bf1aa1e,auto-10d581bed771,riptide@9713344,riptide,9713344,tempest_reinforcements@65ddc55,tempest_reinforcements,65ddc55,crossfire,official,1,0,rating,b,b,0.0,core_destroyed,38,,100,40,5,5,10,80,10,6,ok,,3.373,n-62-11-54,29004097,2026-08-02T12:47:52+0200
bba34c4b090ce705,auto-10d581bed771,tempest_reinforcements@65ddc55,tempest_reinforcements,65ddc55,turtle@9713344,turtle,9713344,vase,official,1,0,rating,a,a,1.0,core_destroyed,46,,10,0,10,6,102,0,4,2,ok,,3.891,n-62-21-62,29004097,2026-08-02T12:46:57+0200
bbab3250ba6d7e87,auto-10d581bed771,tempest_reinforcements@65ddc55,tempest_reinforcements,65ddc55,undertow_oracle@fdc1e1f,undertow_oracle,fdc1e1f,aurora,official,1,0,rating,a,a,1.0,core_destroyed,49,,10,100,11,8,89,90,8,11,ok,,4.039,n-62-31-21,29004097,2026-08-02T12:47:26+0200
bbac3f3b56eb2880,auto-10d581bed771,tempest_reinforcements@65ddc55,tempest_reinforcements,65ddc55,tempest_picket@fdc1e1f,tempest_picket,fdc1e1f,twins,official,1,0,rating,b,b,0.0,core_destroyed,34,,10,60,10,4,22,60,12,7,ok,,4.687,n-62-21-23,29004097,2026-08-02T12:46:41+0200
bbada0cf194ab7fd,auto-10d581bed771,v233_b@9713344,v233_b,9713344,tempest_reinforcements@65ddc55,tempest_reinforcements,65ddc55,vase,official,1,0,rating,b,b,0.0,core_destroyed,34,,289,0,3,3,10,0,11,6,ok,,2.82,n-62-11-68,29004097,2026-08-02T12:47:51+0200
bbd035f61f22b5dc,auto-10d581bed771,tempest_reinforcements@65ddc55,tempest_reinforcements,65ddc55,lockin@9713344,lockin,9713344,vase,official,1,0,rating,a,a,1.0,core_destroyed,46,,10,0,10,6,610,0,0,0,ok,,2.809,n-62-30-24,29004097,2026-08-02T12:47:48+0200
bbe0d11c0014b4ce,auto-10d581bed771,e_t4l7@9e77076,e_t4l7,9e77076,tempest_reinforcements@65ddc55,tempest_reinforcements,65ddc55,aurora,official,1,0,rating,b,b,0.0,core_destroyed,48,,126,230,6,19,20,90,11,11,ok,,3.503,n-62-29-15,29004097,2026-08-02T12:46:48+0200
bc10bb132240007d,auto-10d581bed771,e_harc@6db8844,e_harc,6db8844,tempest_reinforcements@65ddc55,tempest_reinforcements,65ddc55,pinch,official,1,0,rating,b,b,0.0,core_destroyed,29,,61,40,7,8,1,50,10,10,ok,,3.318,n-62-29-18,29004097,2026-08-02T12:46:17+0200
bc1381552c814bea,auto-10d581bed771,tempest_reinforcements@65ddc55,tempest_reinforcements,65ddc55,vanguard_oracle@902be71,vanguard_oracle,902be71,strait,official,1,0,rating,a,a,1.0,core_destroyed,71,,10,150,12,11,87,300,11,8,ok,,4.934,n-62-28-29,29004097,2026-08-02T12:47:46+0200
bc177549f0e09471,auto-10d581bed771,frontier_v1@9713344,frontier_v1,9713344,tempest_reinforcements@65ddc55,tempest_reinforcements,65ddc55,vault,official,1,0,rating,b,b,0.0,core_destroyed,52,,41,0,12,1,30,210,11,21,ok,,4.426,n-62-29-22,29004097,2026-08-02T12:46:50+0200
bc18b3af7b4f50eb,auto-10d581bed771,tempest_reinforcements@65ddc55,tempest_reinforcements,65ddc55,attack_wave_v1@9713344,attack_wave_v1,9713344,strait,official,1,0,rating,a,a,1.0,core_destroyed,42,,19,80,10,11,161,0,6,4,ok,,3.72,n-62-31-22,29004097,2026-08-02T12:46:52+0200
bc1f8898fa150e7b,auto-10d581bed771,vg_v3@9713344,vg_v3,9713344,tempest_reinforcements@65ddc55,tempest_reinforcements,65ddc55,hive,official,1,0,rating,b,b,0.0,core_destroyed,61,,76,130,6,11,10,130,11,13,ok,,4.255,n-62-31-7,29004097,2026-08-02T12:49:03+0200
bc274e71585f95cb,auto-10d581bed771,tempest@da3fd8a,tempest,da3fd8a,tempest_reinforcements@65ddc55,tempest_reinforcements,65ddc55,twins,official,1,0,rating,a,a,1.0,core_destroyed,42,,58,0,10,4,10,0,7,4,ok,,4.992,n-62-21-90,29004097,2026-08-02T12:47:20+0200
bc35ad2b94b9abdb,auto-10d581bed771,undertow@fdc1e1f,undertow,fdc1e1f,tempest_reinforcements@65ddc55,tempest_reinforcements,65ddc55,aurora,official,1,0,rating,a,a,1.0,core_destroyed,57,,89,370,11,30,6,160,12,19,ok,,5.094,n-62-21-66,29004097,2026-08-02T12:47:36+0200
bc4073605337ba69,auto-10d581bed771,casemate_oracle@902be71,casemate_oracle,902be71,tempest_reinforcements@65ddc55,tempest_reinforcements,65ddc55,sprint,official,1,0,rating,b,b,0.0,core_destroyed,96,,36,0,5,8,20,0,8,4,ok,,3.704,n-62-11-63,29004097,2026-08-02T12:48:04+0200
bc5061fa5b4d433a,auto-10d581bed771,v233_e@9713344,v233_e,9713344,tempest_reinforcements@65ddc55,tempest_reinforcements,65ddc55,aurora,official,1,0,rating,b,b,0.0,core_destroyed,59,,99,240,9,14,29,130,8,11,ok,,4.059,n-62-31-11,29004097,2026-08-02T12:49:05+0200
bc61aa29c9928510,auto-10d581bed771,tempest_reinforcements@65ddc55,tempest_reinforcements,65ddc55,uw_v2@9713344,uw_v2,9713344,jackpot,official,1,0,rating,a,a,1.0,core_destroyed,69,,57,160,12,7,107,290,6,9,ok,,4.239,n-62-11-61,29004097,2026-08-02T12:49:07+0200
bc6c1d9cd65eadca,auto-10d581bed771,tempest_reinforcements@65ddc55,tempest_reinforcements,65ddc55,v233_i@902be71,v233_i,902be71,aurora,official,1,0,rating,a,a,1.0,core_destroyed,54,,10,110,12,8,60,220,11,8,ok,,4.691,n-62-29-20,29004097,2026-08-02T12:47:41+0200
bc881e6c0e33d362,auto-10d581bed771,tempest_reinforcements@65ddc55,tempest_reinforcements,65ddc55,vg_v7@9713344,vg_v7,9713344,aurora,official,1,0,rating,a,a,1.0,core_destroyed,49,,10,100,12,8,120,100,8,8,ok,,4.11,n-62-11-58,29004097,2026-08-02T12:48:21+0200
bcad1281141e78b6,auto-10d581bed771,siege_v2@9713344,siege_v2,9713344,tempest_reinforcements@65ddc55,tempest_reinforcements,65ddc55,longship,official,1,0,rating,b,b,0.0,core_destroyed,47,,218,0,6,3,10,90,11,14,ok,,3.281,n-62-11-51,29004097,2026-08-02T12:46:48+0200
bcb5151d7829959f,auto-10d581bed771,undertow@9713344,undertow,9713344,tempest_reinforcements@65ddc55,tempest_reinforcements,65ddc55,vase,official,1,0,rating,b,b,0.0,core_destroyed,34,,204,0,6,0,10,0,11,6,ok,,3.657,n-62-21-64,29004097,2026-08-02T12:46:53+0200
bcd334bd67db4b24,auto-10d581bed771,v233_e@9713344,v233_e,9713344,tempest_reinforcements@65ddc55,tempest_reinforcements,65ddc55,string,official,1,0,rating,b,b,0.0,core_destroyed,97,,154,260,4,2,102,520,14,16,ok,,4.959,n-62-21-104,29004097,2026-08-02T12:48:02+0200
bcf9e7a8e143efc7,auto-10d581bed771,tempest_reinforcements@65ddc55,tempest_reinforcements,65ddc55,vanguard@da3fd8a,vanguard,da3fd8a,aurora,official,1,0,rating,a,a,1.0,core_destroyed,57,,10,120,12,8,59,320,9,15,ok,,4.425,n-62-29-26,29004097,2026-08-02T12:48:18+0200
bcfa5974355c30e8,auto-10d581bed771,frontier_v2@9713344,frontier_v2,9713344,tempest_reinforcements@65ddc55,tempest_reinforcements,65ddc55,sweden,official,1,0,rating,b,b,0.0,core_destroyed,44,,110,0,6,4,20,0,10,6,ok,,3.02,n-62-29-29,29004097,2026-08-02T12:46:38+0200
bd009783c624e910,auto-10d581bed771,e9cand@9e77076,e9cand,9e77076,tempest_reinforcements@65ddc55,tempest_reinforcements,65ddc55,fjord,official,1,0,rating,b,b,0.0,core_destroyed,37,,69,0,7,1,12,80,11,5,ok,,4.191,n-62-31-11,29004097,2026-08-02T12:47:20+0200
bd133ab29f13b06a,auto-10d581bed771,undertow@da3fd8a,undertow,da3fd8a,tempest_reinforcements@65ddc55,tempest_reinforcements,65ddc55,fjord,official,1,0,rating,b,b,0.0,core_destroyed,42,,124,90,6,6,10,90,12,5,ok,,4.166,n-62-21-65,29004097,2026-08-02T12:46:17+0200
bd15950824f30fee,auto-10d581bed771,tempest_ferry@26b5aa1,tempest_ferry,26b5aa1,tempest_reinforcements@65ddc55,tempest_reinforcements,65ddc55,jackpot,official,1,0,rating,b,b,0.0,core_destroyed,37,,251,0,5,2,20,80,11,7,ok,,3.052,n-62-12-5,29004097,2026-08-02T12:47:16+0200
bd16566acf8d3a5a,auto-10d581bed771,tempest_reinforcements@65ddc55,tempest_reinforcements,65ddc55,vanguard_oracle@75591b7,vanguard_oracle,75591b7,jackpot,official,1,0,rating,a,a,1.0,core_destroyed,279,,30,1910,28,40,646,1180,3,3,ok,,10.135,n-62-29-30,29004097,2026-08-02T12:48:00+0200
bd1e92f8f2c88769,auto-10d581bed771,tempest_reinforcements@65ddc55,tempest_reinforcements,65ddc55,undertow@fdc1e1f,undertow,fdc1e1f,duel,official,1,0,rating,a,a,1.0,core_destroyed,37,,10,80,10,5,125,160,8,11,ok,,4.206,n-62-21-67,29004097,2026-08-02T12:46:13+0200
bd2c157f5358feb2,auto-10d581bed771,casemate@902be71,casemate,902be71,tempest_reinforcements@65ddc55,tempest_reinforcements,65ddc55,bridge,official,1,0,rating,b,b,0.0,core_destroyed,50,,287,0,5,9,10,0,11,8,ok,,3.163,n-62-11-60,29004097,2026-08-02T12:47:28+0200
bd4bdfc0569ff948,auto-10d581bed771,tempest_reinforcements@65ddc55,tempest_reinforcements,65ddc55,tempest_reinforcements@87724ec,tempest_reinforcements,87724ec,skerry,official,1,0,rating,a,a,1.0,core_destroyed,39,,10,80,9,5,60,0,9,1,ok,,13.24,n-62-12-65,29004097,2026-08-02T12:46:43+0200
bd816d771b1722cc,auto-10d581bed771,v233_f@9713344,v233_f,9713344,tempest_reinforcements@65ddc55,tempest_reinforcements,65ddc55,twins,official,1,0,rating,b,b,0.0,core_destroyed,46,,99,260,9,16,10,0,11,5,ok,,3.657,n-62-21-98,29004097,2026-08-02T12:49:15+0200
bd8c50f787c96f37,auto-10d581bed771,tempest_reinforcements@65ddc55,tempest_reinforcements,65ddc55,tempest_reinforcements@025dd51,tempest_reinforcements,025dd51,vault,official,1,0,rating,a,a,1.0,core_destroyed,54,,17,120,10,6,25,220,13,8,ok,,4.777,n-62-13-7,29004097,2026-08-02T12:47:14+0200
bd8f9fee404d468b,auto-10d581bed771,tempest_reinforcements@65ddc55,tempest_reinforcements,65ddc55,reaver@9713344,reaver,9713344,pinch,official,1,0,rating,a,a,1.0,core_destroyed,29,,8,50,10,9,95,0,2,3,ok,,3.951,n-62-11-53,29004097,2026-08-02T12:46:43+0200
bd9ac05d471e1a02,auto-10d581bed771,tempest_reinforcements@65ddc55,tempest_reinforcements,65ddc55,vanguard_oracle@75591b7,vanguard_oracle,75591b7,fjord,official,1,0,rating,a,a,1.0,core_destroyed,36,,20,70,11,5,111,80,6,4,ok,,3.287,n-62-29-5,29004097,2026-08-02T12:48:57+0200
bda7afc0c39773ee,auto-10d581bed771,tempest_reinforcements@65ddc55,tempest_reinforcements,65ddc55,tempest_ferry@26b5aa1,tempest_ferry,26b5aa1,twins,official,1,0,rating,b,b,0.0,core_destroyed,31,,9,40,9,3,33,60,12,7,ok,,4.777,n-62-12-4,29004097,2026-08-02T12:47:39+0200
bdb07f07976cb714,auto-10d581bed771,v233_b@9713344,v233_b,9713344,tempest_reinforcements@65ddc55,tempest_reinforcements,65ddc55,skerry,official,1,0,rating,b,b,0.0,core_destroyed,50,,87,80,8,4,20,120,13,5,ok,,3.884,n-62-11-66,29004097,2026-08-02T12:48:23+0200
bdbc3befd4233da6,auto-10d581bed771,tempest_reinforcements@65ddc55,tempest_reinforcements,65ddc55,jonbot@9713344,jonbot,9713344,quarry,official,1,0,rating,a,a,1.0,core_destroyed,38,,10,0,11,6,259,0,5,0,ok,,3.322,n-62-29-5,29004097,2026-08-02T12:46:52+0200
bdd019a6b8a59597,auto-10d581bed771,tempest_frontier@fdc1e1f,tempest_frontier,fdc1e1f,tempest_reinforcements@65ddc55,tempest_reinforcements,65ddc55,longship,official,1,0,rating,a,a,1.0,titanium_collected,55,,121,190,10,8,9,110,10,12,ok,,5.74,n-62-21-18,29004097,2026-08-02T12:46:20+0200
bdd310f58e36840b,auto-10d581bed771,siege_v1@9713344,siege_v1,9713344,tempest_reinforcements@65ddc55,tempest_reinforcements,65ddc55,vase,official,1,0,rating,b,b,0.0,core_destroyed,34,,266,0,4,1,10,0,11,6,ok,,2.982,n-62-11-50,29004097,2026-08-02T12:46:51+0200
bdf9ac4da93a6016,auto-10d581bed771,tempest_reinforcements@65ddc55,tempest_reinforcements,65ddc55,undertow_1ac7ac4@da3fd8a,undertow_1ac7ac4,da3fd8a,vault,official,1,0,rating,a,a,1.0,core_destroyed,47,,10,100,12,6,122,200,7,6,ok,,4.164,n-62-31-5,29004097,2026-08-02T12:48:33+0200
bdfc2041c233f235,auto-10d581bed771,tempest_reinforcements@65ddc55,tempest_reinforcements,65ddc55,vanguard@9932bec,vanguard,9932bec,duel,official,1,0,rating,a,a,1.0,core_destroyed,34,,18,80,10,5,111,140,9,5,ok,,3.778,n-62-29-33,29004097,2026-08-02T12:48:30+0200
bdfeb1c574bd7073,auto-10d581bed771,tempest_reinforcements@65ddc55,tempest_reinforcements,65ddc55,undertow_1ac7ac4@da3fd8a,undertow_1ac7ac4,da3fd8a,sprint,official,1,0,rating,b,b,0.0,core_destroyed,32,,18,30,10,6,66,20,10,9,ok,,3.857,n-62-31-5,29004097,2026-08-02T12:47:31+0200
be488a502292ab93,auto-10d581bed771,tempest_reinforcements@65ddc55,tempest_reinforcements,65ddc55,tempest_reinforcements@e1dc316,tempest_reinforcements,e1dc316,runestone,official,1,0,rating,a,a,1.0,core_destroyed,39,,10,70,9,13,1,60,12,6,ok,,5.087,n-62-12-66,29004097,2026-08-02T12:46:13+0200
be82f6a8de1cc6bd,auto-10d581bed771,tempest_reinforcements@65ddc55,tempest_reinforcements,65ddc55,frontier_v1@9713344,frontier_v1,9713344,showdown,official,1,0,rating,a,a,1.0,core_destroyed,30,,10,0,9,8,256,0,6,1,ok,,3.018,n-62-29-21,29004097,2026-08-02T12:47:00+0200
bea433445b64362a,auto-10d581bed771,undertow_oracle@fdc1e1f,undertow_oracle,fdc1e1f,tempest_reinforcements@65ddc55,tempest_reinforcements,65ddc55,jackpot,official,1,0,rating,b,b,0.0,core_destroyed,95,,85,460,4,21,3,430,16,18,ok,,4.264,n-62-31-21,29004097,2026-08-02T12:48:40+0200
bebb2a574aa5a6f3,auto-10d581bed771,tempest_reinforcements@65ddc55,tempest_reinforcements,65ddc55,tempest_reinforcements@e1dc316,tempest_reinforcements,e1dc316,crossfire,official,1,0,rating,a,a,1.0,core_destroyed,62,,8,140,10,6,60,140,8,4,ok,,5.467,n-62-12-64,29004097,2026-08-02T12:46:34+0200
becf76a1b2204a6d,auto-10d581bed771,tempest_oracle_ferry@fdc1e1f,tempest_oracle_ferry,fdc1e1f,tempest_reinforcements@65ddc55,tempest_reinforcements,65ddc55,atoll,official,1,0,rating,a,a,1.0,core_destroyed,26,,16,0,12,3,4,50,11,5,ok,,4.777,n-62-21-4,29004097,2026-08-02T12:46:44+0200
bf1977f71cc6693d,auto-10d581bed771,tempest_outer@fdc1e1f,tempest_outer,fdc1e1f,tempest_reinforcements@65ddc55,tempest_reinforcements,65ddc55,crossfire,official,1,0,rating,a,a,1.0,core_destroyed,32,,44,0,11,3,17,60,10,4,ok,,4.025,n-62-21-12,29004097,2026-08-02T12:47:23+0200
bf5e29ddeb076d10,auto-10d581bed771,tempest_reinforcements@65ddc55,tempest_reinforcements,65ddc55,e_final@9e77076,e_final,9e77076,duel,official,1,0,rating,a,a,1.0,titanium_collected,34,,8,70,10,4,7,60,8,13,ok,,3.742,n-62-21-98,29004097,2026-08-02T12:46:51+0200
bf672a32cdb77628,auto-10d581bed771,undertow_1ac7ac4@da3fd8a,undertow_1ac7ac4,da3fd8a,tempest_reinforcements@65ddc55,tempest_reinforcements,65ddc55,aurora,official,1,0,rating,a,a,1.0,core_destroyed,58,,79,370,10,30,40,170,11,19,ok,,5.034,n-62-21-68,29004097,2026-08-02T12:47:44+0200
bf691a3e72fa782a,auto-10d581bed771,tempest_reinforcements@65ddc55,tempest_reinforcements,65ddc55,vg_v5@9713344,vg_v5,9713344,bridge,official,1,0,rating,a,a,1.0,titanium_collected,1000,,4799,8880,49,25,4438,2510,4,14,ok,,30.757,n-62-31-20,29004097,2026-08-02T12:48:43+0200
bf74c4cbe0217213,auto-10d581bed771,tempest_reinforcements@65ddc55,tempest_reinforcements,65ddc55,claude_challenger_2@fdc1e1f,claude_challenger_2,fdc1e1f,bridge,official,1,0,rating,a,a,1.0,core_destroyed,42,,10,0,10,8,600,0,0,0,ok,,2.207,n-62-11-66,29004097,2026-08-02T12:47:39+0200
bf7bc3685382c790,auto-10d581bed771,uw_v2@9713344,uw_v2,9713344,tempest_reinforcements@65ddc55,tempest_reinforcements,65ddc55,strait,official,1,0,rating,b,b,0.0,core_destroyed,66,,86,280,7,15,10,0,11,5,ok,,3.492,n-62-11-62,29004097,2026-08-02T12:48:19+0200
bf9a0375f80b0c0b,auto-10d581bed771,vanguard_oracle@75591b7,vanguard_oracle,75591b7,tempest_reinforcements@65ddc55,tempest_reinforcements,65ddc55,vault,official,1,0,rating,a,a,1.0,core_destroyed,44,,49,190,13,7,19,160,12,10,ok,,4.975,n-62-29-16,29004097,2026-08-02T12:48:29+0200
bfc5e8de1da3dbc3,auto-10d581bed771,tempest_reinforcements@65ddc55,tempest_reinforcements,65ddc55,siege_v2@9713344,siege_v2,9713344,vase,official,1,0,rating,a,a,1.0,core_destroyed,46,,10,0,10,6,296,0,6,1,ok,,2.96,n-62-11-52,29004097,2026-08-02T12:46:58+0200
bfd07bc3901139ca,auto-10d581bed771,tempest_reinforcements@65ddc55,tempest_reinforcements,65ddc55,turtle@9713344,turtle,9713344,longship,official,1,0,rating,a,a,1.0,core_destroyed,56,,30,120,10,13,74,60,9,10,ok,,4.132,n-62-21-61,29004097,2026-08-02T12:46:23+0200
bfe71fbfffdf68cb,auto-10d581bed771,tempest_reinforcements@65ddc55,tempest_reinforcements,65ddc55,claude_challenger_3@fdc1e1f,claude_challenger_3,fdc1e1f,skerry,official,1,0,rating,a,a,1.0,core_destroyed,34,,10,70,11,5,114,130,11,5,ok,,8.178,n-62-31-10,29004097,2026-08-02T12:46:19+0200
bfea449cdf959f28,auto-10d581bed771,mistral_fast@26b5aa1,mistral_fast,26b5aa1,tempest_reinforcements@65ddc55,tempest_reinforcements,65ddc55,pinch,official,1,0,rating,b,b,0.0,core_destroyed,21,,229,0,6,0,10,30,10,8,ok,,3.533,n-62-31-18,29004097,2026-08-02T12:46:16+0200
bfff8b9f388a813e,auto-10d581bed771,v233_b@9713344,v233_b,9713344,tempest_reinforcements@65ddc55,tempest_reinforcements,65ddc55,longship,official,1,0,rating,b,b,0.0,core_destroyed,53,,55,110,10,10,10,100,11,14,ok,,3.974,n-62-11-66,29004097,2026-08-02T12:47:46+0200
c0077b7273eac859,auto-10d581bed771,claude_challenger_2@fdc1e1f,claude_challenger_2,fdc1e1f,tempest_reinforcements@65ddc55,tempest_reinforcements,65ddc55,vase,official,1,0,rating,b,b,0.0,core_destroyed,27,,560,0,0,0,10,0,10,6,ok,,2.294,n-62-21-92,29004097,2026-08-02T12:47:01+0200
c030e5fa7d84a2c7,auto-10d581bed771,frontier_v1@9713344,frontier_v1,9713344,tempest_reinforcements@65ddc55,tempest_reinforcements,65ddc55,longship,official,1,0,rating,b,b,0.0,core_destroyed,47,,0,0,10,3,10,90,11,14,ok,,3.991,n-62-29-21,29004097,2026-08-02T12:46:33+0200
c07d53882e0d2ba0,auto-10d581bed771,casemate_oracle@902be71,casemate_oracle,902be71,tempest_reinforcements@65ddc55,tempest_reinforcements,65ddc55,quarry,official,1,0,rating,b,b,0.0,core_destroyed,62,,153,0,4,31,10,0,12,6,ok,,5.757,n-62-11-63,29004097,2026-08-02T12:47:31+0200
c0a1ab3c49aca238,auto-10d581bed771,tempest_reinforcements@65ddc55,tempest_reinforcements,65ddc55,vanguard_oracle@75591b7,vanguard_oracle,75591b7,skerry,official,1,0,rating,b,b,0.0,core_destroyed,39,,20,140,10,7,70,160,13,6,ok,,4.201,n-62-29-30,29004097,2026-08-02T12:48:46+0200
c0b101fc14c8dae7,auto-10d581bed771,tempest_reinforcements@edf93ad,tempest_reinforcements,edf93ad,tempest_reinforcements@65ddc55,tempest_reinforcements,65ddc55,runestone,official,1,0,rating,a,a,1.0,core_destroyed,36,,33,60,10,13,18,50,11,7,ok,,5.117,n-62-21-55,29004097,2026-08-02T12:46:31+0200
c0bf4954be8b5dbd,auto-10d581bed771,tempest_reinforcements@65ddc55,tempest_reinforcements,65ddc55,vg_v5@9713344,vg_v5,9713344,pinch,official,1,0,rating,a,a,1.0,core_destroyed,29,,8,50,10,9,95,0,2,3,ok,,3.75,n-62-31-15,29004097,2026-08-02T12:47:50+0200
c0f828849ccf9f54,auto-10d581bed771,jonbot@da3fd8a,jonbot,da3fd8a,tempest_reinforcements@65ddc55,tempest_reinforcements,65ddc55,quarry,official,1,0,rating,b,b,0.0,core_destroyed,59,,184,0,5,18,7,0,11,5,ok,,4.017,n-62-29-33,29004097,2026-08-02T12:47:22+0200
c1198a90ce119e64,auto-10d581bed771,frontier_v2@9713344,frontier_v2,9713344,tempest_reinforcements@65ddc55,tempest_reinforcements,65ddc55,runestone,official,1,0,rating,b,b,0.0,core_destroyed,32,,80,0,7,4,20,0,11,5,ok,,3.308,n-62-29-26,29004097,2026-08-02T12:47:00+0200
c13fd9e8ceefefc0,auto-10d581bed771,tempest_reinforcements@65ddc55,tempest_reinforcements,65ddc55,jonbot@da3fd8a,jonbot,da3fd8a,longship,official,1,0,rating,a,a,1.0,core_destroyed,219,,12,560,13,25,54,0,9,11,ok,,6.964,n-62-29-33,29004097,2026-08-02T12:47:01+0200
c148c9192aa7ce69,auto-10d581bed771,jonbot_190003d@da3fd8a,jonbot_190003d,da3fd8a,tempest_reinforcements@65ddc55,tempest_reinforcements,65ddc55,skerry,official,1,0,rating,b,b,0.0,core_destroyed,45,,173,0,7,3,10,100,9,5,ok,,3.902,n-62-29-34,29004097,2026-08-02T12:46:27+0200
c152e5ad130ba796,auto-10d581bed771,vg_v5@9713344,vg_v5,9713344,tempest_reinforcements@65ddc55,tempest_reinforcements,65ddc55,jackpot,official,1,0,rating,b,b,0.0,core_destroyed,61,,87,0,4,1,25,220,11,17,ok,,3.514,n-62-31-20,29004097,2026-08-02T12:49:53+0200
c16b2a943cdc29fe,auto-10d581bed771,e_t4l7@9e77076,e_t4l7,9e77076,tempest_reinforcements@65ddc55,tempest_reinforcements,65ddc55,sweden,official,1,0,rating,b,b,0.0,core_destroyed,53,,23,180,6,23,10,0,10,6,ok,,3.203,n-62-29-19,29004097,2026-08-02T12:46:35+0200
c16c020d81bef860,auto-10d581bed771,tempest_reinforcements@87724ec,tempest_reinforcements,87724ec,tempest_reinforcements@65ddc55,tempest_reinforcements,65ddc55,pinch,official,1,0,rating,a,a,1.0,core_destroyed,24,,28,0,10,4,20,0,8,3,ok,,5.292,n-62-13-9,29004097,2026-08-02T12:48:21+0200
c17109afef34d26b,auto-10d581bed771,tempest_reinforcements@65ddc55,tempest_reinforcements,65ddc55,tempest_outer@fdc1e1f,tempest_outer,fdc1e1f,sprint,official,1,0,rating,b,b,0.0,core_destroyed,24,,20,10,6,3,67,30,11,6,ok,,3.92,n-62-21-13,29004097,2026-08-02T12:47:22+0200
c177d646475781c7,auto-10d581bed771,siege_v2@9713344,siege_v2,9713344,tempest_reinforcements@65ddc55,tempest_reinforcements,65ddc55,pinch,official,1,0,rating,b,b,0.0,core_destroyed,21,,154,0,6,3,10,30,10,8,ok,,2.89,n-62-11-51,29004097,2026-08-02T12:46:54+0200
c1788c320a6021f2,auto-10d581bed771,casemate_oracle@902be71,casemate_oracle,902be71,tempest_reinforcements@65ddc55,tempest_reinforcements,65ddc55,pinch,official,1,0,rating,b,b,0.0,core_destroyed,24,,143,0,7,6,20,40,9,8,ok,,4.211,n-62-11-63,29004097,2026-08-02T12:46:49+0200
c1876fa6dc36959d,auto-10d581bed771,vanguard@818f3b4,vanguard,818f3b4,tempest_reinforcements@65ddc55,tempest_reinforcements,65ddc55,jackpot,official,1,0,rating,b,b,0.0,core_destroyed,69,,91,290,8,7,19,160,14,7,ok,,4.525,n-62-29-17,29004097,2026-08-02T12:48:43+0200
c1937f1fca60c250,auto-10d581bed771,frontier_v1@9713344,frontier_v1,9713344,tempest_reinforcements@65ddc55,tempest_reinforcements,65ddc55,sweden,official,1,0,rating,b,b,0.0,core_destroyed,44,,57,0,10,1,20,0,10,6,ok,,3.73,n-62-29-22,29004097,2026-08-02T12:46:27+0200
c19a120b0d0b83f1,auto-10d581bed771,opponent_luc@e83a42c,opponent_luc,e83a42c,tempest_reinforcements@65ddc55,tempest_reinforcements,65ddc55,aurora,official,1,0,rating,b,b,0.0,core_destroyed,57,,6,0,13,1,20,170,12,18,ok,,7.471,n-62-31-20,29004097,2026-08-02T12:47:01+0200
c1a4da101a8d112b,auto-10d581bed771,vanguard_oracle@75591b7,vanguard_oracle,75591b7,tempest_reinforcements@65ddc55,tempest_reinforcements,65ddc55,string,official,1,0,rating,a,a,1.0,core_destroyed,58,,83,110,4,7,27,130,14,6,ok,,4.737,n-62-29-16,29004097,2026-08-02T12:47:52+0200
c1a90c5b129d9e54,auto-10d581bed771,tempest_reinforcements@65ddc55,tempest_reinforcements,65ddc55,v233_i@902be71,v233_i,902be71,atoll,official,1,0,rating,a,a,1.0,core_destroyed,43,,7,90,11,6,56,180,12,6,ok,,3.819,n-62-29-18,29004097,2026-08-02T12:48:47+0200
c1bbf98deb26d735,auto-10d581bed771,v233_e@9713344,v233_e,9713344,tempest_reinforcements@65ddc55,tempest_reinforcements,65ddc55,bridge,official,1,0,rating,b,b,0.0,core_destroyed,106,,399,50,5,9,41,60,11,13,ok,,3.234,n-62-31-11,29004097,2026-08-02T12:49:31+0200
c1cddf675f6d392f,auto-10d581bed771,jonbot_190003d@da3fd8a,jonbot_190003d,da3fd8a,tempest_reinforcements@65ddc55,tempest_reinforcements,65ddc55,longship,official,1,0,rating,b,b,0.0,core_destroyed,51,,247,100,6,12,10,100,11,13,ok,,4.23,n-62-29-32,29004097,2026-08-02T12:47:17+0200
c1def663ff78ddd5,auto-10d581bed771,nemesis@9713344,nemesis,9713344,tempest_reinforcements@65ddc55,tempest_reinforcements,65ddc55,longship,official,1,0,rating,b,b,0.0,core_destroyed,57,,84,120,8,11,10,120,11,14,ok,,4.867,n-62-31-16,29004097,2026-08-02T12:46:18+0200
c1f9d294f24e24f6,auto-10d581bed771,tempest_reinforcements@65ddc55,tempest_reinforcements,65ddc55,attack_wave_v1@9713344,attack_wave_v1,9713344,showdown,official,1,0,rating,a,a,1.0,core_destroyed,18,,10,0,10,8,181,0,6,2,ok,,3.496,n-62-31-22,29004097,2026-08-02T12:46:28+0200
c213ef3e507b3f92,auto-10d581bed771,tempest_reinforcements@65ddc55,tempest_reinforcements,65ddc55,vg_v7@9713344,vg_v7,9713344,bridge,official,1,0,rating,a,a,1.0,titanium_collected,1000,,4166,8880,49,25,4471,2510,7,17,ok,,31.733,n-62-11-58,29004097,2026-08-02T12:48:58+0200
c23e25326d26667a,auto-10d581bed771,tempest_reinforcements@65ddc55,tempest_reinforcements,65ddc55,opponent_luc@e83a42c,opponent_luc,e83a42c,pinch,official,1,0,rating,a,a,1.0,core_destroyed,41,,10,0,11,4,174,0,6,1,ok,,5.335,n-62-31-15,29004097,2026-08-02T12:46:33+0200
c24b88b01ab4b21f,auto-10d581bed771,vg_v5@9713344,vg_v5,9713344,tempest_reinforcements@65ddc55,tempest_reinforcements,65ddc55,sweden,official,1,0,rating,b,b,0.0,core_destroyed,121,,122,230,6,9,28,280,10,31,ok,,4.472,n-62-31-15,29004097,2026-08-02T12:49:27+0200
c24df4edec54c102,auto-10d581bed771,tempest_reinforcements@51ad530,tempest_reinforcements,51ad530,tempest_reinforcements@65ddc55,tempest_reinforcements,65ddc55,crossfire,official,1,0,rating,b,b,0.0,core_destroyed,35,,8,70,12,5,7,70,6,6,ok,,4.725,n-62-13-6,29004097,2026-08-02T12:46:18+0200
c2a26ed74f61b3a3,auto-10d581bed771,v233_c@9713344,v233_c,9713344,tempest_reinforcements@65ddc55,tempest_reinforcements,65ddc55,sprint,official,1,0,rating,b,b,0.0,core_destroyed,28,,81,50,8,6,19,50,10,7,ok,,2.985,n-62-21-92,29004097,2026-08-02T12:48:39+0200
c2b731169a141f19,auto-10d581bed771,baiter@9713344,baiter,9713344,tempest_reinforcements@65ddc55,tempest_reinforcements,65ddc55,aurora,official,1,0,rating,b,b,0.0,core_destroyed,55,,77,110,7,9,10,110,12,11,ok,,6.104,n-62-31-4,29004097,2026-08-02T12:46:52+0200
c2c02f6dd287290f,auto-10d581bed771,tempest_reinforcements@65ddc55,tempest_reinforcements,65ddc55,v233_f@9713344,v233_f,9713344,atoll,official,1,0,rating,a,a,1.0,core_destroyed,38,,10,80,11,6,87,160,6,9,ok,,3.61,n-62-21-104,29004097,2026-08-02T12:48:44+0200
c2da7bee4020a714,auto-10d581bed771,e_t4l7@9e77076,e_t4l7,9e77076,tempest_reinforcements@65ddc55,tempest_reinforcements,65ddc55,jackpot,official,1,0,rating,b,b,0.0,core_destroyed,58,,12,300,6,39,22,190,12,15,ok,,3.411,n-62-29-17,29004097,2026-08-02T12:46:15+0200
c2eb36d537a2bb23,auto-10d581bed771,tempest_reinforcements@65ddc55,tempest_reinforcements,65ddc55,undertow_oracle@75591b7,undertow_oracle,75591b7,bridge,official,1,0,rating,a,a,1.0,titanium_collected,1000,,3816,9260,49,24,4807,2440,3,11,ok,,34.557,n-62-31-22,29004097,2026-08-02T12:47:53+0200
c33adf2c0e2da2fb,auto-10d581bed771,tempest_reinforcements@65ddc55,tempest_reinforcements,65ddc55,lockin@9713344,lockin,9713344,runestone,official,1,0,rating,a,a,1.0,core_destroyed,42,,10,0,11,5,3,70,12,7,ok,,7.378,n-62-30-24,29004097,2026-08-02T12:46:15+0200
c37bf2212bec11af,auto-10d581bed771,autistimusprime@ecd4d24,autistimusprime,ecd4d24,tempest_reinforcements@65ddc55,tempest_reinforcements,65ddc55,runestone,official,1,0,rating,b,b,0.0,core_destroyed,36,,77,50,9,5,20,0,11,5,ok,,3.393,n-62-31-21,29004097,2026-08-02T12:46:30+0200
c392394f325729b2,auto-10d581bed771,e_harc@6db8844,e_harc,6db8844,tempest_reinforcements@65ddc55,tempest_reinforcements,65ddc55,twins,official,1,0,rating,b,b,0.0,core_destroyed,121,,77,0,5,2,10,0,11,5,ok,,3.857,n-62-29-18,29004097,2026-08-02T12:47:56+0200
c39282cce7360a63,auto-10d581bed771,tempest_reinforcements@65ddc55,tempest_reinforcements,65ddc55,tempest_outer@fdc1e1f,tempest_outer,fdc1e1f,pinch,official,1,0,rating,b,b,0.0,core_destroyed,29,,9,0,9,3,59,0,11,4,ok,,4.33,n-62-21-13,29004097,2026-08-02T12:46:40+0200
c3a12cdb2002cf6a,auto-10d581bed771,tempest_fast@eb1f0f3,tempest_fast,eb1f0f3,tempest_reinforcements@65ddc55,tempest_reinforcements,65ddc55,skerry,official,1,0,rating,b,b,0.0,core_destroyed,38,,231,0,6,2,20,90,9,5,ok,,3.351,n-62-12-3,29004097,2026-08-02T12:46:40+0200
c3b5f5ebe89f5615,auto-10d581bed771,autistimusprime@ecd4d24,autistimusprime,ecd4d24,tempest_reinforcements@65ddc55,tempest_reinforcements,65ddc55,strait,official,1,0,rating,a,a,1.0,core_destroyed,47,,52,60,11,9,10,0,11,4,ok,,4.855,n-62-31-21,29004097,2026-08-02T12:47:03+0200
c3c53183c21cacc8,auto-10d581bed771,baiter@9713344,baiter,9713344,tempest_reinforcements@65ddc55,tempest_reinforcements,65ddc55,fjord,official,1,0,rating,b,b,0.0,core_destroyed,42,,84,170,3,8,10,90,11,5,ok,,4.181,n-62-31-4,29004097,2026-08-02T12:47:57+0200
c3cbbd8fd91e376a,auto-10d581bed771,tempest_reinforcements@65ddc55,tempest_reinforcements,65ddc55,claude_challenger_1@fdc1e1f,claude_challenger_1,fdc1e1f,runestone,official,1,0,rating,a,a,1.0,core_destroyed,42,,10,0,11,5,3,70,12,7,ok,,6.988,n-62-11-65,29004097,2026-08-02T12:47:28+0200
c3d08014c76190fe,auto-10d581bed771,tempest_reinforcements@51ad530,tempest_reinforcements,51ad530,tempest_reinforcements@65ddc55,tempest_reinforcements,65ddc55,runestone,official,1,0,rating,a,a,1.0,core_destroyed,36,,33,60,10,13,18,50,11,7,ok,,4.255,n-62-13-6,29004097,2026-08-02T12:47:34+0200
c3d950f910ac969c,auto-10d581bed771,autistimusprime@ecd4d24,autistimusprime,ecd4d24,tempest_reinforcements@65ddc55,tempest_reinforcements,65ddc55,pinch,official,1,0,rating,b,b,0.0,core_destroyed,26,,54,0,8,0,8,40,10,7,ok,,3.151,n-62-31-21,29004097,2026-08-02T12:46:15+0200
c3ec78dbcc0e59ad,auto-10d581bed771,tempest_reinforcements@65ddc55,tempest_reinforcements,65ddc55,e9cand@9e77076,e9cand,9e77076,aurora,official,1,0,rating,a,a,1.0,core_destroyed,53,,10,110,11,8,83,0,10,0,ok,,4.519,n-62-31-10,29004097,2026-08-02T12:47:55+0200
c3f3b91b5885ce7d,auto-10d581bed771,tempest_reinforcements@65ddc55,tempest_reinforcements,65ddc55,e_t4l7@9e77076,e_t4l7,9e77076,sprint,official,1,0,rating,a,a,1.0,core_destroyed,29,,10,50,10,7,107,110,4,10,ok,,2.997,n-62-29-17,29004097,2026-08-02T12:47:17+0200
c3f436ff6f59346d,auto-10d581bed771,tempest_reinforcements@65ddc55,tempest_reinforcements,65ddc55,claude_challenger_3@fdc1e1f,claude_challenger_3,fdc1e1f,hive,official,1,0,rating,a,a,1.0,core_destroyed,44,,30,90,11,11,179,90,10,5,ok,,5.376,n-62-31-9,29004097,2026-08-02T12:46:46+0200
c3ff26d0a0eef9d6,auto-10d581bed771,frontier_v1@9713344,frontier_v1,9713344,tempest_reinforcements@65ddc55,tempest_reinforcements,65ddc55,vase,official,1,0,rating,b,b,0.0,core_destroyed,38,,191,0,6,2,12,30,10,10,ok,,3.422,n-62-29-22,29004097,2026-08-02T12:46:41+0200
c405eef69fa09201,auto-10d581bed771,attack_wave_v1@9713344,attack_wave_v1,9713344,tempest_reinforcements@65ddc55,tempest_reinforcements,65ddc55,sweden,official,1,0,rating,b,b,0.0,core_destroyed,42,,151,0,6,4,10,0,10,6,ok,,3.675,n-62-31-22,29004097,2026-08-02T12:47:19+0200
c40e0aeaf056a912,auto-10d581bed771,uw_v1@9713344,uw_v1,9713344,tempest_reinforcements@65ddc55,tempest_reinforcements,65ddc55,pinch,official,1,0,rating,b,b,0.0,core_destroyed,25,,69,0,6,3,10,40,10,8,ok,,3.197,n-62-31-23,29004097,2026-08-02T12:49:13+0200
c4225be58732e323,auto-10d581bed771,v233_c@9713344,v233_c,9713344,tempest_reinforcements@65ddc55,tempest_reinforcements,65ddc55,showdown,official,1,0,rating,b,b,0.0,core_destroyed,77,,99,50,5,11,10,0,10,8,ok,,3.211,n-62-21-92,29004097,2026-08-02T12:48:25+0200
c4397948b3c39f0b,auto-10d581bed771,tempest_reinforcements@65ddc55,tempest_reinforcements,65ddc55,v233_d@9713344,v233_d,9713344,twins,official,1,0,rating,a,a,1.0,core_destroyed,55,,20,120,11,9,142,320,8,16,ok,,4.09,n-62-31-11,29004097,2026-08-02T12:48:30+0200
c44a90ebfaea326b,auto-10d581bed771,v233_g@9713344,v233_g,9713344,tempest_reinforcements@65ddc55,tempest_reinforcements,65ddc55,aurora,official,1,0,rating,b,b,0.0,core_destroyed,64,,74,450,10,22,20,130,12,11,ok,,4.463,n-62-21-98,29004097,2026-08-02T12:49:48+0200
c465a12a55d9157e,auto-10d581bed771,tempest_reinforcements@65ddc55,tempest_reinforcements,65ddc55,mistral_fast@26b5aa1,mistral_fast,26b5aa1,atoll,official,1,0,rating,b,b,0.0,core_destroyed,31,,10,60,9,5,60,0,11,1,ok,,4.361,n-62-31-7,29004097,2026-08-02T12:46:27+0200
c47870778d40a079,auto-10d581bed771,tempest_reinforcements@65ddc55,tempest_reinforcements,65ddc55,tempest_fast@eb1f0f3,tempest_fast,eb1f0f3,strait,official,1,0,rating,a,a,1.0,core_destroyed,42,,10,80,11,11,334,80,4,8,ok,,2.839,n-62-12-3,29004097,2026-08-02T12:46:50+0200
c47bd16797086188,auto-10d581bed771,tempest_reinforcements@65ddc55,tempest_reinforcements,65ddc55,tempest_blindfire@fdc1e1f,tempest_blindfire,fdc1e1f,string,official,1,0,rating,a,a,1.0,core_destroyed,96,,94,430,13,10,452,220,3,4,ok,,4.175,n-62-21-89,29004097,2026-08-02T12:46:54+0200
c47c6cc6673366b3,auto-10d581bed771,attack_wave_v1@9713344,attack_wave_v1,9713344,tempest_reinforcements@65ddc55,tempest_reinforcements,65ddc55,vase,official,1,0,rating,b,b,0.0,core_destroyed,38,,276,0,4,1,10,0,11,6,ok,,3.897,n-62-31-22,29004097,2026-08-02T12:47:35+0200
c4869d2db1068984,auto-10d581bed771,tempest_reinforcements@65ddc55,tempest_reinforcements,65ddc55,e9cand@9e77076,e9cand,9e77076,crossfire,official,1,0,rating,a,a,1.0,core_destroyed,53,,12,120,11,8,89,0,9,1,ok,,4.625,n-62-31-11,29004097,2026-08-02T12:46:56+0200
c4a64f34f7f0457c,auto-10d581bed771,tempest_reinforcements@65ddc55,tempest_reinforcements,65ddc55,undertow_1ac7ac4@da3fd8a,undertow_1ac7ac4,da3fd8a,string,official,1,0,rating,a,a,1.0,core_destroyed,82,,38,480,15,11,105,250,3,10,ok,,5.751,n-62-31-5,29004097,2026-08-02T12:47:51+0200
c4c6c1fc00f60f62,auto-10d581bed771,tempest@da3fd8a,tempest,da3fd8a,tempest_reinforcements@65ddc55,tempest_reinforcements,65ddc55,string,official,1,0,rating,b,b,0.0,core_destroyed,89,,307,0,5,1,70,420,12,16,ok,,4.244,n-62-21-90,29004097,2026-08-02T12:46:58+0200
c502d3aa9fd06d43,auto-10d581bed771,tempest_reinforcements@65ddc55,tempest_reinforcements,65ddc55,v233_b@9713344,v233_b,9713344,fjord,official,1,0,rating,a,a,1.0,core_destroyed,30,,10,60,11,5,104,30,5,4,ok,,2.89,n-62-11-65,29004097,2026-08-02T12:49:01+0200
c5128c4fa0a8d0e8,auto-10d581bed771,v233_b@9713344,v233_b,9713344,tempest_reinforcements@65ddc55,tempest_reinforcements,65ddc55,twins,official,1,0,rating,b,b,0.0,core_destroyed,55,,103,0,5,9,10,0,10,5,ok,,3.256,n-62-11-68,29004097,2026-08-02T12:47:45+0200
c51ecc98dc87a69e,auto-10d581bed771,tempest_reinforcements@65ddc55,tempest_reinforcements,65ddc55,tempest_picket@fdc1e1f,tempest_picket,fdc1e1f,crossfire,official,1,0,rating,b,b,0.0,core_destroyed,36,,16,70,8,5,45,70,9,5,ok,,4.295,n-62-21-2,29004097,2026-08-02T12:47:23+0200
c5262bb7576d2c3d,auto-10d581bed771,claude_challenger_2@fdc1e1f,claude_challenger_2,fdc1e1f,tempest_reinforcements@65ddc55,tempest_reinforcements,65ddc55,bridge,official,1,0,rating,b,b,0.0,core_destroyed,42,,600,0,0,0,10,0,10,8,ok,,2.245,n-62-11-66,29004097,2026-08-02T12:47:41+0200
c527d741a177630a,auto-10d581bed771,tempest_reinforcements@65ddc55,tempest_reinforcements,65ddc55,undertow_oracle@75591b7,undertow_oracle,75591b7,pinch,official,1,0,rating,a,a,1.0,core_destroyed,27,,20,50,10,9,56,0,7,5,ok,,3.987,n-62-31-22,29004097,2026-08-02T12:49:07+0200
c576ae1e52e26d40,auto-10d581bed771,e_post2@4a95297,e_post2,4a95297,tempest_reinforcements@65ddc55,tempest_reinforcements,65ddc55,duel,official,1,0,rating,b,b,0.0,core_destroyed,105,,108,240,8,2,3,250,14,5,ok,,4.823,n-62-29-20,29004097,2026-08-02T12:47:39+0200
c583ba190a067694,auto-10d581bed771,tempest_outer@fdc1e1f,tempest_outer,fdc1e1f,tempest_reinforcements@65ddc55,tempest_reinforcements,65ddc55,fjord,official,1,0,rating,b,b,0.0,core_destroyed,28,,198,0,7,2,30,60,9,5,ok,,3.445,n-62-21-12,29004097,2026-08-02T12:47:38+0200
c5a40f4d004959f1,auto-10d581bed771,tempest_reinforcements@65ddc55,tempest_reinforcements,65ddc55,e_post2@4a95297,e_post2,4a95297,hive,official,1,0,rating,a,a,1.0,core_destroyed,58,,10,120,12,11,117,0,10,0,ok,,4.221,n-62-29-20,29004097,2026-08-02T12:47:52+0200
c5aac7aa3e096990,auto-10d581bed771,v233_c@9713344,v233_c,9713344,tempest_reinforcements@65ddc55,tempest_reinforcements,65ddc55,strait,official,1,0,rating,b,b,0.0,core_destroyed,89,,81,200,6,16,10,0,12,5,ok,,4.165,n-62-21-92,29004097,2026-08-02T12:48:47+0200
c5ac284a714043bd,auto-10d581bed771,tempest_reinforcements@65ddc55,tempest_reinforcements,65ddc55,e_t4l7@9e77076,e_t4l7,9e77076,vault,official,1,0,rating,a,a,1.0,core_destroyed,80,,30,190,11,6,80,350,6,6,ok,,3.834,n-62-29-19,29004097,2026-08-02T12:46:59+0200
c5c5030dd6bc495b,auto-10d581bed771,vg_v1@9713344,vg_v1,9713344,tempest_reinforcements@65ddc55,tempest_reinforcements,65ddc55,sprint,official,1,0,rating,b,b,0.0,core_destroyed,36,,76,70,5,6,20,70,9,8,ok,,2.923,n-62-31-14,29004097,2026-08-02T12:48:00+0200
c5c5fbc1b8b200dd,auto-10d581bed771,uw_v1@9713344,uw_v1,9713344,tempest_reinforcements@65ddc55,tempest_reinforcements,65ddc55,longship,official,1,0,rating,b,b,0.0,core_destroyed,54,,94,110,7,9,20,110,11,14,ok,,4.143,n-62-31-23,29004097,2026-08-02T12:49:06+0200
c5ca57f84ab9e8ee,auto-10d581bed771,tempest_reinforcements@65ddc55,tempest_reinforcements,65ddc55,claude_challenger_2@fdc1e1f,claude_challenger_2,fdc1e1f,hive,official,1,0,rating,a,a,1.0,core_destroyed,44,,30,90,11,11,186,90,10,4,ok,,6.14,n-62-11-68,29004097,2026-08-02T12:46:36+0200
c5ee00c83d13f09a,auto-10d581bed771,mistral_fast@26b5aa1,mistral_fast,26b5aa1,tempest_reinforcements@65ddc55,tempest_reinforcements,65ddc55,atoll,official,1,0,rating,a,a,1.0,core_destroyed,29,,38,0,12,1,9,50,11,4,ok,,4.734,n-62-31-7,29004097,2026-08-02T12:46:31+0200
c5f51e0ec537efa0,auto-10d581bed771,tempest_reinforcements@65ddc55,tempest_reinforcements,65ddc55,baiter@9713344,baiter,9713344,skerry,official,1,0,rating,a,a,1.0,core_destroyed,51,,16,110,12,5,72,0,6,5,ok,,5.453,n-62-31-23,29004097,2026-08-02T12:47:06+0200
c5fabb6a8fb73230,auto-10d581bed771,tempest_reinforcements@65ddc55,tempest_reinforcements,65ddc55,undertow@da3fd8a,undertow,da3fd8a,duel,official,1,0,rating,a,a,1.0,core_destroyed,37,,10,80,10,5,125,160,8,11,ok,,3.673,n-62-21-64,29004097,2026-08-02T12:47:56+0200
c6106439a7c14cda,auto-10d581bed771,casemate_oracle@902be71,casemate_oracle,902be71,tempest_reinforcements@65ddc55,tempest_reinforcements,65ddc55,jackpot,official,1,0,rating,b,b,0.0,core_destroyed,72,,10,0,4,35,29,160,12,7,ok,,4.736,n-62-11-63,29004097,2026-08-02T12:46:29+0200
c61bbfd79b8d25ab,auto-10d581bed771,v233_d@9713344,v233_d,9713344,tempest_reinforcements@65ddc55,tempest_reinforcements,65ddc55,hive,official,1,0,rating,b,b,0.0,core_destroyed,61,,85,130,6,11,10,130,11,13,ok,,4.831,n-62-31-10,29004097,2026-08-02T12:47:49+0200
c620188e99c96e7e,auto-10d581bed771,siege_v2@9713344,siege_v2,9713344,tempest_reinforcements@65ddc55,tempest_reinforcements,65ddc55,string,official,1,0,rating,b,b,0.0,core_destroyed,50,,277,0,1,2,25,110,12,7,ok,,3.113,n-62-11-52,29004097,2026-08-02T12:46:35+0200
c647f66b34a1239f,auto-10d581bed771,undertow_oracle@fdc1e1f,undertow_oracle,fdc1e1f,tempest_reinforcements@65ddc55,tempest_reinforcements,65ddc55,bridge,official,1,0,rating,b,b,0.0,core_destroyed,224,,111,0,5,4,41,1230,26,23,ok,,7.773,n-62-31-21,29004097,2026-08-02T12:48:03+0200
c665fa842d9a7233,auto-10d581bed771,autistimusprime@ecd4d24,autistimusprime,ecd4d24,tempest_reinforcements@65ddc55,tempest_reinforcements,65ddc55,sprint,official,1,0,rating,a,a,1.0,core_destroyed,34,,23,0,8,1,8,0,10,3,ok,,3.802,n-62-31-21,29004097,2026-08-02T12:46:52+0200
c6682d3d3444437f,auto-10d581bed771,v233_c@9713344,v233_c,9713344,tempest_reinforcements@65ddc55,tempest_reinforcements,65ddc55,longship,official,1,0,rating,b,b,0.0,core_destroyed,53,,55,110,10,10,10,100,11,14,ok,,4.084,n-62-21-92,29004097,2026-08-02T12:47:56+0200
c6e8eb015e5c7f68,auto-10d581bed771,tempest_reinforcements@65ddc55,tempest_reinforcements,65ddc55,claude_challenger_2@fdc1e1f,claude_challenger_2,fdc1e1f,atoll,official,1,0,rating,a,a,1.0,core_destroyed,48,,30,110,12,6,34,0,5,2,ok,,6.162,n-62-11-66,29004097,2026-08-02T12:47:17+0200
c6ff22059cb31cfa,auto-10d581bed771,jonbot@da3fd8a,jonbot,da3fd8a,tempest_reinforcements@65ddc55,tempest_reinforcements,65ddc55,bridge,official,1,0,rating,b,b,0.0,core_destroyed,71,,260,0,6,8,10,0,10,8,ok,,3.244,n-62-29-30,29004097,2026-08-02T12:47:24+0200
c706a92dd9720c03,auto-10d581bed771,tempest_reinforcements@65ddc55,tempest_reinforcements,65ddc55,vanguard@818f3b4,vanguard,818f3b4,sprint,official,1,0,rating,a,a,1.0,core_destroyed,133,,9,30,10,4,59,0,7,0,ok,,4.017,n-62-29-19,29004097,2026-08-02T12:48:13+0200
c706f522a0a75e59,auto-10d581bed771,tempest_reinforcements@65ddc55,tempest_reinforcements,65ddc55,v233_e@9713344,v233_e,9713344,sweden,official,1,0,rating,b,b,0.0,core_destroyed,99,,7,300,14,15,251,640,12,27,ok,,5.029,n-62-21-104,29004097,2026-08-02T12:48:08+0200
c70adc7f227e1508,auto-10d581bed771,tempest_reinforcements@65ddc55,tempest_reinforcements,65ddc55,opponent_luc@e83a42c,opponent_luc,e83a42c,duel,official,1,0,rating,a,a,1.0,core_destroyed,30,,20,70,10,5,289,60,5,4,ok,,3.848,n-62-31-20,29004097,2026-08-02T12:47:20+0200
c70ddcf52ec42353,auto-10d581bed771,tempest_reinforcements@65ddc55,tempest_reinforcements,65ddc55,jonbot@9713344,jonbot,9713344,atoll,official,1,0,rating,a,a,1.0,core_destroyed,39,,10,80,11,6,259,0,4,0,ok,,3.396,n-62-29-29,29004097,2026-08-02T12:47:02+0200
c7382abe2d3b546b,auto-10d581bed771,tempest_reinforcements@65ddc55,tempest_reinforcements,65ddc55,casemate_oracle@902be71,casemate_oracle,902be71,duel,official,1,0,rating,a,a,1.0,core_destroyed,54,,18,130,12,5,243,0,4,5,ok,,3.684,n-62-11-62,29004097,2026-08-02T12:48:26+0200
c7550e91a4bf5696,auto-10d581bed771,nemesis@9713344,nemesis,9713344,tempest_reinforcements@65ddc55,tempest_reinforcements,65ddc55,duel,official,1,0,rating,b,b,0.0,core_destroyed,41,,89,80,2,5,10,90,10,5,ok,,4.032,n-62-31-13,29004097,2026-08-02T12:47:22+0200
c759c6f0cb43aaa0,auto-10d581bed771,e9cand@9e77076,e9cand,9e77076,tempest_reinforcements@65ddc55,tempest_reinforcements,65ddc55,vase,official,1,0,rating,b,b,0.0,core_destroyed,30,,424,0,2,8,10,0,10,6,ok,,2.525,n-62-21-103,29004097,2026-08-02T12:47:33+0200
c75e559d330259b3,auto-10d581bed771,tempest_reinforcements@65ddc55,tempest_reinforcements,65ddc55,lockin@9713344,lockin,9713344,duel,official,1,0,rating,a,a,1.0,core_destroyed,24,,20,50,11,5,216,40,5,4,ok,,4.06,n-62-30-23,29004097,2026-08-02T12:46:42+0200
c7a32dc3d7ac2c78,auto-10d581bed771,undertow@fdc1e1f,undertow,fdc1e1f,tempest_reinforcements@65ddc55,tempest_reinforcements,65ddc55,vase,official,1,0,rating,b,b,0.0,core_destroyed,34,,204,0,6,0,10,0,11,6,ok,,3.526,n-62-21-68,29004097,2026-08-02T12:47:13+0200
c7e0ac8d7b11f887,auto-10d581bed771,tempest_reinforcements@65ddc55,tempest_reinforcements,65ddc55,vg_v1@9713344,vg_v1,9713344,atoll,official,1,0,rating,a,a,1.0,core_destroyed,41,,10,90,11,6,79,0,7,4,ok,,3.448,n-62-30-23,29004097,2026-08-02T12:48:46+0200
c7ec7e77a123d625,auto-10d581bed771,tempest_reinforcements@87724ec,tempest_reinforcements,87724ec,tempest_reinforcements@65ddc55,tempest_reinforcements,65ddc55,fjord,official,1,0,rating,b,b,0.0,core_destroyed,26,,33,0,9,2,10,50,10,5,ok,,7.285,n-62-13-9,29004097,2026-08-02T12:47:16+0200
c7ef35e8ebefe90e,auto-10d581bed771,tempest_reinforcements@65ddc55,tempest_reinforcements,65ddc55,undertow@9713344,undertow,9713344,fjord,official,1,0,rating,a,a,1.0,core_destroyed,34,,10,70,11,5,108,210,6,7,ok,,3.382,n-62-21-62,29004097,2026-08-02T12:48:19+0200
c827ff1549a8ce3a,auto-10d581bed771,tempest_reinforcements@65ddc55,tempest_reinforcements,65ddc55,jonbot_190003d@da3fd8a,jonbot_190003d,da3fd8a,sweden,official,1,0,rating,b,b,0.0,core_destroyed,139,,49,290,13,19,282,0,7,13,ok,,4.718,n-62-29-34,29004097,2026-08-02T12:46:57+0200
c8426801696e23ad,auto-10d581bed771,tempest_reinforcements@65ddc55,tempest_reinforcements,65ddc55,vanguard@da3fd8a,vanguard,da3fd8a,sweden,official,1,0,rating,b,b,0.0,core_destroyed,95,,50,260,15,11,205,540,12,22,ok,,5.023,n-62-29-5,29004097,2026-08-02T12:47:45+0200
c85650c78c329904,auto-10d581bed771,e_harc@6db8844,e_harc,6db8844,tempest_reinforcements@65ddc55,tempest_reinforcements,65ddc55,strait,official,1,0,rating,b,b,0.0,core_destroyed,227,,0,170,7,6,10,0,11,5,ok,,4.711,n-62-29-18,29004097,2026-08-02T12:47:27+0200
c888ab21ace4d3d8,auto-10d581bed771,tempest_reinforcements@65ddc55,tempest_reinforcements,65ddc55,vg_v1@9713344,vg_v1,9713344,crossfire,official,1,0,rating,a,a,1.0,core_destroyed,38,,10,80,11,6,100,0,5,3,ok,,4.468,n-62-30-24,29004097,2026-08-02T12:47:47+0200
c8986fb21c5f7e8d,auto-10d581bed771,tempest_reinforcements@65ddc55,tempest_reinforcements,65ddc55,riptide@9713344,riptide,9713344,skerry,official,1,0,rating,a,a,1.0,core_destroyed,51,,16,110,12,5,72,0,6,5,ok,,3.942,n-62-11-55,29004097,2026-08-02T12:47:19+0200
c8c1d098f29151e9,auto-10d581bed771,tempest_reinforcements@65ddc55,tempest_reinforcements,65ddc55,vg_v5@9713344,vg_v5,9713344,sweden,official,1,0,rating,a,a,1.0,titanium_collected,1000,,3923,9090,49,54,3563,2090,1,8,ok,,30.969,n-62-31-15,29004097,2026-08-02T12:49:22+0200
c8d5bc5307b4585f,auto-10d581bed771,tempest_reinforcements@edf93ad,tempest_reinforcements,edf93ad,tempest_reinforcements@65ddc55,tempest_reinforcements,65ddc55,string,official,1,0,rating,b,b,0.0,core_destroyed,111,,16,30,10,5,7,30,3,4,ok,,5.792,n-62-21-55,29004097,2026-08-02T12:47:40+0200
c8dfe527c55325d1,auto-10d581bed771,tempest_reinforcements@65ddc55,tempest_reinforcements,65ddc55,vg_v3@9713344,vg_v3,9713344,strait,official,1,0,rating,a,a,1.0,core_destroyed,72,,20,160,13,11,100,310,7,16,ok,,4.397,n-62-31-18,29004097,2026-08-02T12:48:21+0200
c8e1d22ecdbd4b4f,auto-10d581bed771,undertow_oracle@75591b7,undertow_oracle,75591b7,tempest_reinforcements@65ddc55,tempest_reinforcements,65ddc55,longship,official,1,0,rating,b,b,0.0,core_destroyed,58,,78,240,10,11,10,120,11,14,ok,,5.426,n-62-31-22,29004097,2026-08-02T12:49:03+0200
c8f43e9cef6cb841,auto-10d581bed771,tempest_reinforcements@65ddc55,tempest_reinforcements,65ddc55,tempest_sentinel@fdc1e1f,tempest_sentinel,fdc1e1f,showdown,official,1,0,rating,a,a,1.0,core_destroyed,27,,10,0,9,8,47,0,5,4,ok,,3.393,n-62-21-56,29004097,2026-08-02T12:46:37+0200
c8faa33daf8fed07,auto-10d581bed771,vanguard_oracle@75591b7,vanguard_oracle,75591b7,tempest_reinforcements@65ddc55,tempest_reinforcements,65ddc55,duel,official,1,0,rating,b,b,0.0,core_destroyed,59,,66,270,8,5,9,130,10,5,ok,,3.478,n-62-29-5,29004097,2026-08-02T12:48:54+0200
c9088594f6dc2824,auto-10d581bed771,tempest_reinforcements@65ddc55,tempest_reinforcements,65ddc55,tempest_frontier@fdc1e1f,tempest_frontier,fdc1e1f,atoll,official,1,0,rating,b,b,0.0,core_destroyed,32,,19,60,9,5,77,70,11,6,ok,,4.717,n-62-12-7,29004097,2026-08-02T12:46:31+0200
c90df92a52ca02b2,auto-10d581bed771,vg_v2@9713344,vg_v2,9713344,tempest_reinforcements@65ddc55,tempest_reinforcements,65ddc55,bridge,official,1,0,rating,b,b,0.0,titanium_collected,1000,,3564,1090,2,4,1018,4820,49,21,ok,,27.914,n-62-31-17,29004097,2026-08-02T12:48:40+0200
c90f242755c9c6c8,auto-10d581bed771,vanguard@9932bec,vanguard,9932bec,tempest_reinforcements@65ddc55,tempest_reinforcements,65ddc55,vault,official,1,0,rating,a,a,1.0,core_destroyed,42,,60,180,12,7,21,160,12,10,ok,,4.928,n-62-29-21,29004097,2026-08-02T12:47:56+0200
c913a8f1c6ccd305,auto-10d581bed771,e_condc@6db8844,e_condc,6db8844,tempest_reinforcements@65ddc55,tempest_reinforcements,65ddc55,sweden,official,1,0,rating,b,b,0.0,core_destroyed,49,,617,100,1,6,10,0,10,6,ok,,2.335,n-62-21-97,29004097,2026-08-02T12:48:03+0200
c9142c313d1029b6,auto-10d581bed771,tempest_reinforcements@51ad530,tempest_reinforcements,51ad530,tempest_reinforcements@65ddc55,tempest_reinforcements,65ddc55,showdown,official,1,0,rating,b,b,0.0,core_destroyed,40,,40,0,8,5,16,0,6,8,ok,,3.719,n-62-13-6,29004097,2026-08-02T12:47:43+0200
c915f83213ce1099,auto-10d581bed771,tempest_reinforcements@65ddc55,tempest_reinforcements,65ddc55,frontier_v1@9713344,frontier_v1,9713344,jackpot,official,1,0,rating,a,a,1.0,core_destroyed,44,,20,90,12,7,56,0,9,1,ok,,4.041,n-62-29-21,29004097,2026-08-02T12:46:21+0200
c924a75aa12ad03f,auto-10d581bed771,undertow_oracle@75591b7,undertow_oracle,75591b7,tempest_reinforcements@65ddc55,tempest_reinforcements,65ddc55,duel,official,1,0,rating,a,a,1.0,core_destroyed,38,,68,170,10,10,8,80,8,4,ok,,4.341,n-62-31-22,29004097,2026-08-02T12:48:22+0200
c93fe732bb815e95,auto-10d581bed771,tempest_reinforcements@65ddc55,tempest_reinforcements,65ddc55,v233_i@902be71,v233_i,902be71,showdown,official,1,0,rating,a,a,1.0,core_destroyed,89,,5,0,10,8,59,0,7,6,ok,,4.484,n-62-29-24,29004097,2026-08-02T12:47:48+0200
c941a2bff28ed7f6,auto-10d581bed771,v233_f@9713344,v233_f,9713344,tempest_reinforcements@65ddc55,tempest_reinforcements,65ddc55,duel,official,1,0,rating,b,b,0.0,core_destroyed,51,,91,230,2,8,10,110,10,5,ok,,4.238,n-62-21-97,29004097,2026-08-02T12:47:49+0200
c9473f4ffc28551f,auto-10d581bed771,tempest_reinforcements@65ddc55,tempest_reinforcements,65ddc55,jonbot_190003d@da3fd8a,jonbot_190003d,da3fd8a,crossfire,official,1,0,rating,a,a,1.0,core_destroyed,36,,30,80,10,6,190,70,8,5,ok,,3.747,n-62-29-32,29004097,2026-08-02T12:46:24+0200
c95326136a46bb53,auto-10d581bed771,tempest_reinforcements@65ddc55,tempest_reinforcements,65ddc55,vg_v2@9713344,vg_v2,9713344,vault,official,1,0,rating,a,a,1.0,core_destroyed,64,,30,250,11,21,351,200,7,12,ok,,3.876,n-62-31-5,29004097,2026-08-02T12:49:23+0200
c96b10c04d06a6ff,auto-10d581bed771,vg_v1@9713344,vg_v1,9713344,tempest_reinforcements@65ddc55,tempest_reinforcements,65ddc55,bridge,official,1,0,rating,b,b,0.0,core_destroyed,135,,117,70,3,9,12,0,11,8,ok,,3.519,n-62-30-23,29004097,2026-08-02T12:49:14+0200
c97ebb8c4813cf1e,auto-10d581bed771,vg_v6@9713344,vg_v6,9713344,tempest_reinforcements@65ddc55,tempest_reinforcements,65ddc55,duel,official,1,0,rating,b,b,0.0,core_destroyed,46,,95,100,7,4,11,100,11,5,ok,,3.468,n-62-11-57,29004097,2026-08-02T12:49:25+0200
c9808b35a69c9e2d,auto-10d581bed771,tempest_reinforcements@65ddc55,tempest_reinforcements,65ddc55,undertow@9713344,undertow,9713344,twins,official,1,0,rating,a,a,1.0,core_destroyed,48,,20,100,11,9,77,250,10,13,ok,,4.514,n-62-21-64,29004097,2026-08-02T12:46:39+0200
c9898323bec0d344,auto-10d581bed771,riptide@9713344,riptide,9713344,tempest_reinforcements@65ddc55,tempest_reinforcements,65ddc55,longship,official,1,0,rating,b,b,0.0,core_destroyed,61,,17,130,7,11,10,120,11,14,ok,,4.748,n-62-11-55,29004097,2026-08-02T12:46:43+0200
c993cdf0b0eea6e5,auto-10d581bed771,e_final@9e77076,e_final,9e77076,tempest_reinforcements@65ddc55,tempest_reinforcements,65ddc55,strait,official,1,0,rating,b,b,0.0,core_destroyed,58,,102,60,7,9,10,0,11,5,ok,,4.038,n-62-21-99,29004097,2026-08-02T12:46:58+0200
c99d5135a4121ed5,auto-10d581bed771,tempest_reinforcements@65ddc55,tempest_reinforcements,65ddc55,tempest_reinforcements@025dd51,tempest_reinforcements,025dd51,sprint,official,1,0,rating,a,a,1.0,core_destroyed,37,,19,100,6,7,15,40,10,5,ok,,4.382,n-62-13-7,29004097,2026-08-02T12:46:12+0200
c99e47317b01419b,auto-10d581bed771,baiter@9713344,baiter,9713344,tempest_reinforcements@65ddc55,tempest_reinforcements,65ddc55,showdown,official,1,0,rating,b,b,0.0,core_destroyed,41,,92,0,5,5,8,0,10,8,ok,,4.674,n-62-31-23,29004097,2026-08-02T12:47:01+0200
c9ae91b40afb4a36,auto-10d581bed771,tempest_reinforcements@65ddc55,tempest_reinforcements,65ddc55,tempest@da3fd8a,tempest,da3fd8a,aurora,official,1,0,rating,a,a,1.0,core_destroyed,43,,10,80,10,8,292,80,5,7,ok,,6.17,n-62-11-52,29004097,2026-08-02T12:47:23+0200
c9c69831aff98899,auto-10d581bed771,tempest_reinforcements@65ddc55,tempest_reinforcements,65ddc55,uw_v2@9713344,uw_v2,9713344,skerry,official,1,0,rating,b,b,0.0,core_destroyed,46,,22,200,10,9,104,300,11,17,ok,,3.794,n-62-11-62,29004097,2026-08-02T12:48:02+0200
c9db2614acc5e31e,auto-10d581bed771,claude_challenger_1@fdc1e1f,claude_challenger_1,fdc1e1f,tempest_reinforcements@65ddc55,tempest_reinforcements,65ddc55,twins,official,1,0,rating,b,b,0.0,core_destroyed,72,,509,300,7,10,20,0,11,9,ok,,6.834,n-62-11-66,29004097,2026-08-02T12:46:51+0200
ca07cfe1b0548375,auto-10d581bed771,tempest_reinforcements@65ddc55,tempest_reinforcements,65ddc55,vg_v3@9713344,vg_v3,9713344,sprint,official,1,0,rating,a,a,1.0,core_destroyed,34,,10,60,10,7,117,90,3,6,ok,,2.991,n-62-31-18,29004097,2026-08-02T12:48:13+0200
ca0f940d845ebb98,auto-10d581bed771,e_condc@6db8844,e_condc,6db8844,tempest_reinforcements@65ddc55,tempest_reinforcements,65ddc55,vase,official,1,0,rating,b,b,0.0,core_destroyed,30,,516,0,1,0,10,0,10,6,ok,,2.149,n-62-21-97,29004097,2026-08-02T12:48:21+0200
ca43aa44b5d7f09b,auto-10d581bed771,v233_c@9713344,v233_c,9713344,tempest_reinforcements@65ddc55,tempest_reinforcements,65ddc55,duel,official,1,0,rating,b,b,0.0,core_destroyed,49,,101,100,3,4,19,110,10,5,ok,,3.508,n-62-11-68,29004097,2026-08-02T12:49:09+0200
ca7e4d219a2c187c,auto-10d581bed771,v233_e@9713344,v233_e,9713344,tempest_reinforcements@65ddc55,tempest_reinforcements,65ddc55,pinch,official,1,0,rating,b,b,0.0,core_destroyed,26,,53,0,5,6,10,40,10,8,ok,,3.068,n-62-21-103,29004097,2026-08-02T12:48:48+0200
ca8ded92a21d7ef2,auto-10d581bed771,tempest_reinforcements@65ddc55,tempest_reinforcements,65ddc55,v233_e@9713344,v233_e,9713344,atoll,official,1,0,rating,a,a,1.0,core_destroyed,50,,10,110,11,6,120,220,9,11,ok,,3.979,n-62-31-11,29004097,2026-08-02T12:48:53+0200
ca9a902d91774756,auto-10d581bed771,frontier_v1@9713344,frontier_v1,9713344,tempest_reinforcements@65ddc55,tempest_reinforcements,65ddc55,fjord,official,1,0,rating,b,b,0.0,core_destroyed,26,,15,0,10,1,10,50,11,5,ok,,3.53,n-62-29-19,29004097,2026-08-02T12:48:09+0200
caa366ec91144b05,auto-10d581bed771,tempest_reinforcements@65ddc55,tempest_reinforcements,65ddc55,vg_v5@9713344,vg_v5,9713344,sprint,official,1,0,rating,a,a,1.0,core_destroyed,34,,10,60,10,7,117,90,3,6,ok,,3.066,n-62-31-15,29004097,2026-08-02T12:48:30+0200
cacbcc022df945c6,auto-10d581bed771,claude_challenger_1@fdc1e1f,claude_challenger_1,fdc1e1f,tempest_reinforcements@65ddc55,tempest_reinforcements,65ddc55,showdown,official,1,0,rating,b,b,0.0,core_destroyed,19,,540,0,0,0,10,0,10,8,ok,,2.158,n-62-11-65,29004097,2026-08-02T12:47:38+0200
cad588019e018523,auto-10d581bed771,e_final@9e77076,e_final,9e77076,tempest_reinforcements@65ddc55,tempest_reinforcements,65ddc55,duel,official,1,0,rating,b,b,0.0,core_destroyed,46,,35,90,6,10,8,100,11,5,ok,,3.895,n-62-21-98,29004097,2026-08-02T12:46:55+0200
cad9dd784d7ebdbd,auto-10d581bed771,tempest_oracle_ferry@fdc1e1f,tempest_oracle_ferry,fdc1e1f,tempest_reinforcements@65ddc55,tempest_reinforcements,65ddc55,jackpot,official,1,0,rating,b,b,0.0,core_destroyed,43,,182,0,8,2,8,90,11,7,ok,,4.209,n-62-21-8,29004097,2026-08-02T12:46:17+0200
cb2ce8d2ba43c0b3,auto-10d581bed771,tempest_reinforcements@65ddc55,tempest_reinforcements,65ddc55,e_harc@6db8844,e_harc,6db8844,sprint,official,1,0,rating,b,b,0.0,titanium_collected,1000,,12,0,10,9,514,70,9,14,ok,,8.282,n-62-29-18,29004097,2026-08-02T12:47:07+0200
cb3405f1b3ae44fe,auto-10d581bed771,tempest_reinforcements@65ddc55,tempest_reinforcements,65ddc55,tempest_reinforcements@51ad530,tempest_reinforcements,51ad530,duel,official,1,0,rating,b,b,0.0,core_destroyed,31,,10,70,10,4,5,60,9,5,ok,,4.466,n-62-13-6,29004097,2026-08-02T12:46:22+0200
cb34c738567083f4,auto-10d581bed771,tempest_reinforcements@65ddc55,tempest_reinforcements,65ddc55,v233_e@9713344,v233_e,9713344,strait,official,1,0,rating,a,a,1.0,core_destroyed,58,,17,120,11,11,130,240,7,14,ok,,4.279,n-62-21-104,29004097,2026-08-02T12:47:45+0200
cb34df38bdbab374,auto-10d581bed771,undertow@fdc1e1f,undertow,fdc1e1f,tempest_reinforcements@65ddc55,tempest_reinforcements,65ddc55,longship,official,1,0,rating,a,a,1.0,core_destroyed,46,,89,180,9,10,10,80,11,13,ok,,4.459,n-62-21-67,29004097,2026-08-02T12:46:56+0200
cb352c7ad75fc6ce,auto-10d581bed771,tempest_reinforcements@65ddc55,tempest_reinforcements,65ddc55,v233_d@9713344,v233_d,9713344,pinch,official,1,0,rating,a,a,1.0,core_destroyed,29,,10,50,10,9,102,0,2,5,ok,,3.642,n-62-31-10,29004097,2026-08-02T12:48:13+0200
cb3827569bc7b02e,auto-10d581bed771,tempest_reinforcements@65ddc55,tempest_reinforcements,65ddc55,tempest_picket@fdc1e1f,tempest_picket,fdc1e1f,runestone,official,1,0,rating,b,b,0.0,core_destroyed,38,,10,0,10,4,56,0,11,5,ok,,4.898,n-62-21-15,29004097,2026-08-02T12:47:12+0200
cb3ebaaba91eff7f,auto-10d581bed771,tempest_reinforcements@65ddc55,tempest_reinforcements,65ddc55,undertow_1ac7ac4@da3fd8a,undertow_1ac7ac4,da3fd8a,bridge,official,1,0,rating,a,a,1.0,core_destroyed,207,,43,1330,23,24,316,440,7,8,ok,,8.568,n-62-21-68,29004097,2026-08-02T12:47:53+0200
cb5ccfe86ebba0fd,auto-10d581bed771,tempest_reinforcements@65ddc55,tempest_reinforcements,65ddc55,frontier_v1@9713344,frontier_v1,9713344,vase,official,1,0,rating,a,a,1.0,core_destroyed,40,,20,0,10,6,244,0,6,1,ok,,3.199,n-62-29-22,29004097,2026-08-02T12:46:38+0200
cb5d642676635258,auto-10d581bed771,tempest_reinforcements@65ddc55,tempest_reinforcements,65ddc55,v233_d@9713344,v233_d,9713344,strait,official,1,0,rating,a,a,1.0,core_destroyed,58,,17,120,11,11,130,240,7,14,ok,,4.469,n-62-31-11,29004097,2026-08-02T12:47:36+0200
cb5ffa1c40c336ca,auto-10d581bed771,tempest_reinforcements@65ddc55,tempest_reinforcements,65ddc55,nemesis@9713344,nemesis,9713344,string,official,1,0,rating,a,a,1.0,core_destroyed,122,,106,970,20,16,98,70,1,4,ok,,5.833,n-62-31-16,29004097,2026-08-02T12:47:28+0200
cb62d11ffb006b45,auto-10d581bed771,undertow@9713344,undertow,9713344,tempest_reinforcements@65ddc55,tempest_reinforcements,65ddc55,runestone,official,1,0,rating,b,b,0.0,core_destroyed,41,,62,140,8,13,8,0,11,5,ok,,4.28,n-62-21-63,29004097,2026-08-02T12:47:06+0200
cb71c83d98913f8a,auto-10d581bed771,e_post2@4a95297,e_post2,4a95297,tempest_reinforcements@65ddc55,tempest_reinforcements,65ddc55,sprint,official,1,0,rating,a,a,1.0,harvesters,1000,,500,0,9,12,12,0,10,9,ok,,8.308,n-62-29-24,29004097,2026-08-02T12:47:18+0200
cb79e5281aaaaf8c,auto-10d581bed771,tempest_oracle_ferry@fdc1e1f,tempest_oracle_ferry,fdc1e1f,tempest_reinforcements@65ddc55,tempest_reinforcements,65ddc55,strait,official,1,0,rating,a,a,1.0,core_destroyed,53,,59,0,12,4,10,0,11,4,ok,,4.945,n-62-21-8,29004097,2026-08-02T12:47:29+0200
cb7d2d9c3034b0d8,auto-10d581bed771,tempest_reinforcements@65ddc55,tempest_reinforcements,65ddc55,autistimusprime@ecd4d24,autistimusprime,ecd4d24,twins,official,1,0,rating,a,a,1.0,core_destroyed,38,,8,70,10,7,48,60,9,7,ok,,3.54,n-62-31-21,29004097,2026-08-02T12:47:24+0200
cb99e3a2e8fda9af,auto-10d581bed771,tempest_reinforcements@65ddc55,tempest_reinforcements,65ddc55,nemesis@9713344,nemesis,9713344,fjord,official,1,0,rating,a,a,1.0,core_destroyed,32,,20,60,11,5,120,0,5,5,ok,,3.755,n-62-31-13,29004097,2026-08-02T12:47:26+0200
cbaad8efc4f9775a,auto-10d581bed771,tempest_reinforcements@65ddc55,tempest_reinforcements,65ddc55,vg_v6@9713344,vg_v6,9713344,fjord,official,1,0,rating,a,a,1.0,core_destroyed,40,,20,80,11,5,115,0,5,3,ok,,3.107,n-62-11-57,29004097,2026-08-02T12:49:28+0200
cbb736c82080daca,auto-10d581bed771,vanguard@9932bec,vanguard,9932bec,tempest_reinforcements@65ddc55,tempest_reinforcements,65ddc55,hive,official,1,0,rating,b,b,0.0,core_destroyed,57,,94,190,9,11,10,120,11,13,ok,,4.5,n-62-29-33,29004097,2026-08-02T12:48:52+0200
cbbb6745906fc971,auto-10d581bed771,tempest_reinforcements@65ddc55,tempest_reinforcements,65ddc55,vanguard_oracle@902be71,vanguard_oracle,902be71,sprint,official,1,0,rating,a,a,1.0,core_destroyed,31,,7,10,8,6,58,40,10,5,ok,,3.388,n-62-29-32,29004097,2026-08-02T12:49:13+0200
cbc6566099709892,auto-10d581bed771,tempest_reinforcements@65ddc55,tempest_reinforcements,65ddc55,tempest_oracle_ferry@fdc1e1f,tempest_oracle_ferry,fdc1e1f,longship,official,1,0,rating,b,b,0.0,core_destroyed,36,,12,60,9,11,16,0,13,4,ok,,4.725,n-62-21-8,29004097,2026-08-02T12:46:22+0200
cbcb1c370854ed8f,auto-10d581bed771,e_post2@4a95297,e_post2,4a95297,tempest_reinforcements@65ddc55,tempest_reinforcements,65ddc55,jackpot,official,1,0,rating,b,b,0.0,core_destroyed,41,,489,80,2,19,20,90,12,7,ok,,2.528,n-62-29-20,29004097,2026-08-02T12:48:06+0200
cbd91d950eabf52a,auto-10d581bed771,e_condc@6db8844,e_condc,6db8844,tempest_reinforcements@65ddc55,tempest_reinforcements,65ddc55,vault,official,1,0,rating,b,b,0.0,core_destroyed,65,,126,140,9,5,23,280,11,21,ok,,4.087,n-62-21-97,29004097,2026-08-02T12:48:29+0200
cbece09a3b5ed797,auto-10d581bed771,undertow_1ac7ac4@da3fd8a,undertow_1ac7ac4,da3fd8a,tempest_reinforcements@65ddc55,tempest_reinforcements,65ddc55,sprint,official,1,0,rating,b,b,0.0,core_destroyed,42,,115,0,8,6,10,80,10,7,ok,,3.969,n-62-31-5,29004097,2026-08-02T12:47:35+0200
cbf59463eea7d5ea,auto-10d581bed771,tempest_reinforcements@65ddc55,tempest_reinforcements,65ddc55,undertow@fdc1e1f,undertow,fdc1e1f,sweden,official,1,0,rating,a,a,1.0,core_destroyed,233,,25,1390,28,44,852,1340,6,18,ok,,12.771,n-62-21-68,29004097,2026-08-02T12:46:50+0200
cc0663353ef6b365,auto-10d581bed771,vg_v2@9713344,vg_v2,9713344,tempest_reinforcements@65ddc55,tempest_reinforcements,65ddc55,runestone,official,1,0,rating,b,b,0.0,core_destroyed,38,,95,60,6,9,10,0,11,5,ok,,3.283,n-62-31-17,29004097,2026-08-02T12:49:51+0200
cc0e792bdd075cb6,auto-10d581bed771,tempest_picket@fdc1e1f,tempest_picket,fdc1e1f,tempest_reinforcements@65ddc55,tempest_reinforcements,65ddc55,showdown,official,1,0,rating,a,a,1.0,core_destroyed,21,,11,0,12,6,28,0,8,5,ok,,4.422,n-62-21-15,29004097,2026-08-02T12:47:25+0200
cc1b1fa58a6dc86d,auto-10d581bed771,tempest_reinforcements@65ddc55,tempest_reinforcements,65ddc55,vg_v2@9713344,vg_v2,9713344,hive,official,1,0,rating,a,a,1.0,core_destroyed,57,,10,120,12,11,98,0,5,7,ok,,4.081,n-62-31-17,29004097,2026-08-02T12:49:07+0200
cc24782251dc6188,auto-10d581bed771,e_final@9e77076,e_final,9e77076,tempest_reinforcements@65ddc55,tempest_reinforcements,65ddc55,skerry,official,1,0,rating,b,b,0.0,core_destroyed,40,,92,70,8,3,20,90,11,5,ok,,4.178,n-62-21-99,29004097,2026-08-02T12:46:42+0200
cc5692188f14428c,auto-10d581bed771,tempest_reinforcements@65ddc55,tempest_reinforcements,65ddc55,tempest_picket@fdc1e1f,tempest_picket,fdc1e1f,aurora,official,1,0,rating,a,a,1.0,core_destroyed,43,,10,80,11,8,281,80,5,7,ok,,3.802,n-62-21-2,29004097,2026-08-02T12:47:04+0200
cc9d2c32703472d3,auto-10d581bed771,e_final@9e77076,e_final,9e77076,tempest_reinforcements@65ddc55,tempest_reinforcements,65ddc55,longship,official,1,0,rating,b,b,0.0,core_destroyed,70,,109,150,8,15,12,180,11,19,ok,,4.202,n-62-21-98,29004097,2026-08-02T12:47:29+0200
cca7eb30e3efb163,auto-10d581bed771,tempest_reinforcements@65ddc55,tempest_reinforcements,65ddc55,e9cand@9e77076,e9cand,9e77076,sweden,official,1,0,rating,a,a,1.0,core_destroyed,67,,10,0,10,7,112,0,10,5,ok,,4.218,n-62-21-103,29004097,2026-08-02T12:47:13+0200
ccb6bedac10198c0,auto-10d581bed771,tempest_reinforcements@65ddc55,tempest_reinforcements,65ddc55,v233_c@9713344,v233_c,9713344,twins,official,1,0,rating,a,a,1.0,core_destroyed,64,,20,140,11,9,83,390,6,15,ok,,3.759,n-62-31-9,29004097,2026-08-02T12:48:17+0200
cccf682492f19ad7,auto-10d581bed771,vanguard@818f3b4,vanguard,818f3b4,tempest_reinforcements@65ddc55,tempest_reinforcements,65ddc55,sweden,official,1,0,rating,b,b,0.0,core_destroyed,42,,97,110,8,14,10,0,10,6,ok,,3.076,n-62-29-19,29004097,2026-08-02T12:48:48+0200
cd2c27b4c446f2b5,auto-10d581bed771,tempest_reinforcements@65ddc55,tempest_reinforcements,65ddc55,v233_g@9713344,v233_g,9713344,vault,official,1,0,rating,a,a,1.0,core_destroyed,51,,10,110,11,6,80,220,6,6,ok,,3.781,n-62-29-18,29004097,2026-08-02T12:48:38+0200
cd510f85fb4ebdc7,auto-10d581bed771,baiter@9713344,baiter,9713344,tempest_reinforcements@65ddc55,tempest_reinforcements,65ddc55,skerry,official,1,0,rating,b,b,0.0,core_destroyed,52,,92,0,6,4,20,120,13,5,ok,,5.673,n-62-31-23,29004097,2026-08-02T12:47:12+0200
cd6cda019ee3f39f,auto-10d581bed771,tempest_oracle_ferry@fdc1e1f,tempest_oracle_ferry,fdc1e1f,tempest_reinforcements@65ddc55,tempest_reinforcements,65ddc55,vault,official,1,0,rating,b,b,0.0,core_destroyed,54,,85,0,10,2,8,160,10,14,ok,,4.824,n-62-21-12,29004097,2026-08-02T12:46:48+0200
cd88b1840ded45f0,auto-10d581bed771,tempest_reinforcements@65ddc55,tempest_reinforcements,65ddc55,undertow@9713344,undertow,9713344,crossfire,official,1,0,rating,a,a,1.0,core_destroyed,47,,10,100,10,6,113,190,5,7,ok,,3.753,n-62-21-62,29004097,2026-08-02T12:48:03+0200
cd8ad13ff983af4b,auto-10d581bed771,tempest_fast@eb1f0f3,tempest_fast,eb1f0f3,tempest_reinforcements@65ddc55,tempest_reinforcements,65ddc55,longship,official,1,0,rating,b,b,0.0,core_destroyed,49,,195,100,7,9,9,100,10,13,ok,,3.975,n-62-12-6,29004097,2026-08-02T12:47:23+0200
cdacc14241a8467b,auto-10d581bed771,tempest_blindfire@fdc1e1f,tempest_blindfire,fdc1e1f,tempest_reinforcements@65ddc55,tempest_reinforcements,65ddc55,bridge,official,1,0,rating,b,b,0.0,core_destroyed,42,,290,0,4,7,10,0,10,8,ok,,2.853,n-62-21-91,29004097,2026-08-02T12:46:26+0200
cdb51a12a5214d6b,auto-10d581bed771,turtle@9713344,turtle,9713344,tempest_reinforcements@65ddc55,tempest_reinforcements,65ddc55,aurora,official,1,0,rating,b,b,0.0,core_destroyed,106,,575,400,7,15,34,450,12,34,ok,,4.8,n-62-21-60,29004097,2026-08-02T12:46:50+0200
cdbca4f0e7f33c29,auto-10d581bed771,v233_f@9713344,v233_f,9713344,tempest_reinforcements@65ddc55,tempest_reinforcements,65ddc55,atoll,official,1,0,rating,b,b,0.0,core_destroyed,58,,92,260,6,9,10,130,11,6,ok,,3.808,n-62-21-104,29004097,2026-08-02T12:48:48+0200
cdbdb044e022d341,auto-10d581bed771,tempest_reinforcements@65ddc55,tempest_reinforcements,65ddc55,lockin@9713344,lockin,9713344,pinch,official,1,0,rating,a,a,1.0,core_destroyed,46,,10,0,11,4,141,0,5,2,ok,,4.674,n-62-30-23,29004097,2026-08-02T12:47:33+0200
cdd2ec7e3a813663,auto-10d581bed771,v233_a@9713344,v233_a,9713344,tempest_reinforcements@65ddc55,tempest_reinforcements,65ddc55,string,official,1,0,rating,b,b,0.0,core_destroyed,71,,241,0,3,2,40,470,13,16,ok,,3.576,n-62-11-64,29004097,2026-08-02T12:48:58+0200
cddbb0228b20ab67,auto-10d581bed771,tempest_reinforcements@65ddc55,tempest_reinforcements,65ddc55,vg_v3@9713344,vg_v3,9713344,jackpot,official,1,0,rating,a,a,1.0,core_destroyed,174,,34,1060,21,28,86,0,4,2,ok,,6.253,n-62-31-7,29004097,2026-08-02T12:49:09+0200
cde1b3105a718d66,auto-10d581bed771,vanguard@818f3b4,vanguard,818f3b4,tempest_reinforcements@65ddc55,tempest_reinforcements,65ddc55,aurora,official,1,0,rating,b,b,0.0,core_destroyed,51,,79,200,8,8,20,110,11,11,ok,,4.481,n-62-29-17,29004097,2026-08-02T12:47:55+0200
cde9ce1cdac5a3dd,auto-10d581bed771,tempest_reinforcements@65ddc55,tempest_reinforcements,65ddc55,v233_f@9713344,v233_f,9713344,bridge,official,1,0,rating,b,b,0.0,core_destroyed,130,,66,0,14,7,281,330,9,13,ok,,4.939,n-62-21-104,29004097,2026-08-02T12:49:03+0200
cdf7c4aaf1fb665b,auto-10d581bed771,tempest_reinforcements@65ddc55,tempest_reinforcements,65ddc55,e_harc@6db8844,e_harc,6db8844,sweden,official,1,0,rating,b,b,0.0,titanium_collected,1000,,12,0,14,7,4684,4760,11,32,ok,,10.439,n-62-29-18,29004097,2026-08-02T12:47:45+0200
cdfcf5dcc890048d,auto-10d581bed771,tempest_reinforcements@65ddc55,tempest_reinforcements,65ddc55,e_final@9e77076,e_final,9e77076,aurora,official,1,0,rating,a,a,1.0,core_destroyed,53,,10,110,11,8,85,110,7,5,ok,,4.208,n-62-21-98,29004097,2026-08-02T12:46:22+0200
ce1bd375eb955342,auto-10d581bed771,mistral_fast@26b5aa1,mistral_fast,26b5aa1,tempest_reinforcements@65ddc55,tempest_reinforcements,65ddc55,vase,official,1,0,rating,b,b,0.0,core_destroyed,28,,181,0,6,0,16,0,10,5,ok,,3.339,n-62-31-13,29004097,2026-08-02T12:46:15+0200
ce2e2c0d1a3c1c91,auto-10d581bed771,tempest_reinforcements@65ddc55,tempest_reinforcements,65ddc55,mistral@ba943b9,mistral,ba943b9,strait,official,1,0,rating,a,a,1.0,core_destroyed,42,,19,80,10,11,306,0,5,0,ok,,4.628,n-62-31-17,29004097,2026-08-02T12:47:10+0200
ce2f919a68ccea10,auto-10d581bed771,tempest_reinforcements@65ddc55,tempest_reinforcements,65ddc55,turtle@9713344,turtle,9713344,vault,official,1,0,rating,a,a,1.0,core_destroyed,408,,192,2960,36,53,1689,1000,3,12,ok,,14.513,n-62-21-62,29004097,2026-08-02T12:47:16+0200
ce74217e0a9f3c38,auto-10d581bed771,nemesis@9713344,nemesis,9713344,tempest_reinforcements@65ddc55,tempest_reinforcements,65ddc55,string,official,1,0,rating,b,b,0.0,core_destroyed,96,,117,10,1,0,101,630,18,16,ok,,5.495,n-62-31-16,29004097,2026-08-02T12:47:34+0200
ce74d50f90850404,auto-10d581bed771,tempest_reinforcements@65ddc55,tempest_reinforcements,65ddc55,tempest_reinforcements@e1dc316,tempest_reinforcements,e1dc316,skerry,official,1,0,rating,b,b,0.0,core_destroyed,39,,7,80,12,4,25,90,13,5,ok,,5.17,n-62-12-66,29004097,2026-08-02T12:46:33+0200
ce785195b5c24431,auto-10d581bed771,tempest_reinforcements@65ddc55,tempest_reinforcements,65ddc55,undertow@9713344,undertow,9713344,aurora,official,1,0,rating,a,a,1.0,core_destroyed,54,,10,110,11,8,121,220,6,9,ok,,4.525,n-62-21-62,29004097,2026-08-02T12:47:36+0200
ce7c49cccc68dd57,auto-10d581bed771,tempest_reinforcements@65ddc55,tempest_reinforcements,65ddc55,tempest_picket@fdc1e1f,tempest_picket,fdc1e1f,vault,official,1,0,rating,a,a,1.0,core_destroyed,42,,10,90,11,6,331,160,6,5,ok,,4.291,n-62-21-23,29004097,2026-08-02T12:46:59+0200
cede4bba02b61cbe,auto-10d581bed771,e9cand@9e77076,e9cand,9e77076,tempest_reinforcements@65ddc55,tempest_reinforcements,65ddc55,twins,official,1,0,rating,b,b,0.0,core_destroyed,69,,49,0,10,1,10,0,10,5,ok,,4.267,n-62-21-103,29004097,2026-08-02T12:47:26+0200
cee54b583c59e473,auto-10d581bed771,titanium_v1@9713344,titanium_v1,9713344,tempest_reinforcements@65ddc55,tempest_reinforcements,65ddc55,showdown,official,1,0,rating,b,b,0.0,core_destroyed,19,,311,0,4,2,10,0,10,8,ok,,3.236,n-62-21-59,29004097,2026-08-02T12:46:41+0200
cef216891b6955e5,auto-10d581bed771,tempest_reinforcements@65ddc55,tempest_reinforcements,65ddc55,nemesis@9713344,nemesis,9713344,jackpot,official,1,0,rating,a,a,1.0,core_destroyed,87,,62,350,11,24,108,0,4,3,ok,,4.009,n-62-31-13,29004097,2026-08-02T12:47:43+0200
cefc9d87876e75cd,auto-10d581bed771,tempest_picket@fdc1e1f,tempest_picket,fdc1e1f,tempest_reinforcements@65ddc55,tempest_reinforcements,65ddc55,skerry,official,1,0,rating,b,b,0.0,core_destroyed,39,,201,0,7,2,10,90,10,5,ok,,4.18,n-62-21-15,29004097,2026-08-02T12:47:34+0200
cf0720106db822fa,auto-10d581bed771,tempest_reinforcements@65ddc55,tempest_reinforcements,65ddc55,casemate_oracle@902be71,casemate_oracle,902be71,sprint,official,1,0,rating,b,b,0.0,core_destroyed,28,,20,0,8,1,23,0,9,5,ok,,3.704,n-62-11-63,29004097,2026-08-02T12:48:01+0200
cf1d8f59b9eabdd7,auto-10d581bed771,frontier_v1@9713344,frontier_v1,9713344,tempest_reinforcements@65ddc55,tempest_reinforcements,65ddc55,skerry,official,1,0,rating,b,b,0.0,core_destroyed,36,,43,0,9,2,20,80,11,5,ok,,3.986,n-62-29-21,29004097,2026-08-02T12:47:11+0200
cf2648a1ad4ac851,auto-10d581bed771,uw_v2@9713344,uw_v2,9713344,tempest_reinforcements@65ddc55,tempest_reinforcements,65ddc55,aurora,official,1,0,rating,b,b,0.0,core_destroyed,115,,109,460,3,13,33,570,18,33,ok,,6.532,n-62-11-61,29004097,2026-08-02T12:47:56+0200
cf75909103a9973d,auto-10d581bed771,tempest_reinforcements@65ddc55,tempest_reinforcements,65ddc55,tempest_reinforcements@edf93ad,tempest_reinforcements,edf93ad,duel,official,1,0,rating,b,b,0.0,core_destroyed,31,,10,70,10,4,5,60,9,5,ok,,3.889,n-62-12-67,29004097,2026-08-02T12:46:50+0200
cf77d16b826a74a9,auto-10d581bed771,undertow_oracle@75591b7,undertow_oracle,75591b7,tempest_reinforcements@65ddc55,tempest_reinforcements,65ddc55,pinch,official,1,0,rating,b,b,0.0,core_destroyed,30,,54,0,8,5,10,50,10,8,ok,,3.861,n-62-31-22,29004097,2026-08-02T12:49:12+0200
cf8787f51e87b55b,auto-10d581bed771,tempest_reinforcements@65ddc55,tempest_reinforcements,65ddc55,v233_i@902be71,v233_i,902be71,vase,official,1,0,rating,a,a,1.0,core_destroyed,68,,16,0,10,4,10,0,9,5,ok,,3.989,n-62-29-24,29004097,2026-08-02T12:48:50+0200
cf8d7f45d38d6489,auto-10d581bed771,vanguard@9932bec,vanguard,9932bec,tempest_reinforcements@65ddc55,tempest_reinforcements,65ddc55,crossfire,official,1,0,rating,b,b,0.0,core_destroyed,48,,95,200,7,7,30,110,11,6,ok,,4.502,n-62-29-33,29004097,2026-08-02T12:48:26+0200
cfa7349bfddf964f,auto-10d581bed771,e_condc@6db8844,e_condc,6db8844,tempest_reinforcements@65ddc55,tempest_reinforcements,65ddc55,showdown,official,1,0,rating,a,a,1.0,harvesters,1000,,367,0,11,24,12,0,10,8,ok,,9.0,n-62-21-97,29004097,2026-08-02T12:46:39+0200
cfbf486aba7940e1,auto-10d581bed771,tempest_reinforcements@65ddc55,tempest_reinforcements,65ddc55,siege_v1@9713344,siege_v1,9713344,bridge,official,1,0,rating,a,a,1.0,core_destroyed,260,,54,1850,28,31,745,0,6,2,ok,,8.419,n-62-11-58,29004097,2026-08-02T12:47:41+0200
cffb76aad2cdc9e1,auto-10d581bed771,tempest_reinforcements@65ddc55,tempest_reinforcements,65ddc55,claude_challenger_1@fdc1e1f,claude_challenger_1,fdc1e1f,pinch,official,1,0,rating,a,a,1.0,core_destroyed,41,,10,0,11,4,174,0,6,1,ok,,5.406,n-62-11-65,29004097,2026-08-02T12:47:01+0200
d0183ff4fdc9ebf5,auto-10d581bed771,lockin@9713344,lockin,9713344,tempest_reinforcements@65ddc55,tempest_reinforcements,65ddc55,longship,official,1,0,rating,b,b,0.0,core_destroyed,47,,49,90,12,5,10,90,11,14,ok,,6.33,n-62-30-23,29004097,2026-08-02T12:47:28+0200
d02bfe657ca0a4bb,auto-10d581bed771,riptide@9713344,riptide,9713344,tempest_reinforcements@65ddc55,tempest_reinforcements,65ddc55,aurora,official,1,0,rating,b,b,0.0,core_destroyed,46,,110,70,5,9,10,90,12,11,ok,,4.124,n-62-11-54,29004097,2026-08-02T12:47:09+0200
d0312ea3763a94ae,auto-10d581bed771,frontier_v2@9713344,frontier_v2,9713344,tempest_reinforcements@65ddc55,tempest_reinforcements,65ddc55,crossfire,official,1,0,rating,b,b,0.0,core_destroyed,32,,137,0,6,3,30,70,10,6,ok,,3.332,n-62-29-22,29004097,2026-08-02T12:47:22+0200
d0503ce870fa4f4c,auto-10d581bed771,tempest_reinforcements@65ddc55,tempest_reinforcements,65ddc55,vanguard@818f3b4,vanguard,818f3b4,duel,official,1,0,rating,a,a,1.0,core_destroyed,34,,18,80,10,5,111,140,9,5,ok,,3.519,n-62-29-17,29004097,2026-08-02T12:48:14+0200
d0566a22f73cdaf2,auto-10d581bed771,e_final@9e77076,e_final,9e77076,tempest_reinforcements@65ddc55,tempest_reinforcements,65ddc55,vase,official,1,0,rating,b,b,0.0,core_destroyed,38,,45,0,6,9,10,0,11,6,ok,,3.281,n-62-21-99,29004097,2026-08-02T12:47:38+0200
d074891a471baca5,auto-10d581bed771,tempest_reinforcements@65ddc55,tempest_reinforcements,65ddc55,e_condc@6db8844,e_condc,6db8844,pinch,official,1,0,rating,a,a,1.0,core_destroyed,81,,10,180,12,9,77,170,5,11,ok,,4.805,n-62-21-104,29004097,2026-08-02T12:47:30+0200
d084a33c849c5e44,auto-10d581bed771,nemesis@9713344,nemesis,9713344,tempest_reinforcements@65ddc55,tempest_reinforcements,65ddc55,quarry,official,1,0,rating,b,b,0.0,core_destroyed,69,,84,0,8,15,10,0,11,6,ok,,4.726,n-62-31-16,29004097,2026-08-02T12:46:36+0200
d0ad2888737d615e,auto-10d581bed771,tempest_reinforcements@65ddc55,tempest_reinforcements,65ddc55,e_harc@6db8844,e_harc,6db8844,pinch,official,1,0,rating,a,a,1.0,core_destroyed,237,,10,0,11,4,75,180,7,4,ok,,5.307,n-62-29-18,29004097,2026-08-02T12:46:13+0200
d0b3540b0f39c2a7,auto-10d581bed771,tempest_reinforcements@edf93ad,tempest_reinforcements,edf93ad,tempest_reinforcements@65ddc55,tempest_reinforcements,65ddc55,vase,official,1,0,rating,b,b,0.0,core_destroyed,113,,3,0,12,4,9,0,6,5,ok,,5.219,n-62-21-55,29004097,2026-08-02T12:48:14+0200
d0bbf725e21702f3,auto-10d581bed771,tempest_reinforcements@65ddc55,tempest_reinforcements,65ddc55,vanguard_oracle@fdc1e1f,vanguard_oracle,fdc1e1f,vault,official,1,0,rating,a,a,1.0,core_destroyed,46,,10,100,11,6,110,180,8,6,ok,,3.797,n-62-30-23,29004097,2026-08-02T12:48:38+0200
d0d9bf1a8b304231,auto-10d581bed771,uw_v2@9713344,uw_v2,9713344,tempest_reinforcements@65ddc55,tempest_reinforcements,65ddc55,vase,official,1,0,rating,b,b,0.0,core_destroyed,55,,254,0,7,0,25,60,9,14,ok,,2.943,n-62-11-63,29004097,2026-08-02T12:47:36+0200
d0e4303423039b95,auto-10d581bed771,tempest_reinforcements@65ddc55,tempest_reinforcements,65ddc55,tempest_oracle_ferry@fdc1e1f,tempest_oracle_ferry,fdc1e1f,twins,official,1,0,rating,a,a,1.0,core_destroyed,38,,8,50,8,8,59,0,11,4,ok,,4.341,n-62-21-12,29004097,2026-08-02T12:46:25+0200
d0ecc27e1a946adf,auto-10d581bed771,e_final@9e77076,e_final,9e77076,tempest_reinforcements@65ddc55,tempest_reinforcements,65ddc55,runestone,official,1,0,rating,b,b,0.0,core_destroyed,50,,47,0,8,0,10,0,11,5,ok,,3.839,n-62-21-99,29004097,2026-08-02T12:46:26+0200
d0f47c68a3336dd6,auto-10d581bed771,tempest_reinforcements@65ddc55,tempest_reinforcements,65ddc55,v233_f@9713344,v233_f,9713344,runestone,official,1,0,rating,a,a,1.0,core_destroyed,38,,10,0,11,5,120,120,8,12,ok,,3.505,n-62-21-97,29004097,2026-08-02T12:48:44+0200
d0feeca79c8dca30,auto-10d581bed771,v233_i@902be71,v233_i,902be71,tempest_reinforcements@65ddc55,tempest_reinforcements,65ddc55,crossfire,official,1,0,rating,b,b,0.0,core_destroyed,59,,67,260,8,8,7,130,11,6,ok,,4.357,n-62-29-20,29004097,2026-08-02T12:48:02+0200
d10aa8c6d05ff1e4,auto-10d581bed771,tempest_reinforcements@65ddc55,tempest_reinforcements,65ddc55,jonbot@9713344,jonbot,9713344,vault,official,1,0,rating,a,a,1.0,core_destroyed,44,,30,100,11,6,282,0,5,0,ok,,3.42,n-62-29-30,29004097,2026-08-02T12:46:55+0200
d128396acdf5e0fd,auto-10d581bed771,tempest_reinforcements@65ddc55,tempest_reinforcements,65ddc55,tempest_reinforcements@025dd51,tempest_reinforcements,025dd51,runestone,official,1,0,rating,a,a,1.0,core_destroyed,38,,20,70,9,13,16,50,11,7,ok,,4.725,n-62-21-24,29004097,2026-08-02T12:47:33+0200
d159fff92399ce66,auto-10d581bed771,tempest_reinforcements@65ddc55,tempest_reinforcements,65ddc55,v233_a@9713344,v233_a,9713344,jackpot,official,1,0,rating,a,a,1.0,core_destroyed,154,,40,690,17,20,95,0,4,2,ok,,5.181,n-62-11-63,29004097,2026-08-02T12:49:28+0200
d16c1db42283e4fe,auto-10d581bed771,e_post2@4a95297,e_post2,4a95297,tempest_reinforcements@65ddc55,tempest_reinforcements,65ddc55,skerry,official,1,0,rating,b,b,0.0,core_destroyed,36,,89,0,10,0,20,80,11,5,ok,,3.753,n-62-29-24,29004097,2026-08-02T12:47:06+0200
d1a3aa2a2d033e07,auto-10d581bed771,frontier_v2@9713344,frontier_v2,9713344,tempest_reinforcements@65ddc55,tempest_reinforcements,65ddc55,string,official,1,0,rating,b,b,0.0,core_destroyed,55,,233,0,0,0,18,210,13,10,ok,,3.505,n-62-29-29,29004097,2026-08-02T12:46:23+0200
d1d405c2832d3fef,auto-10d581bed771,tempest_reinforcements@65ddc55,tempest_reinforcements,65ddc55,vg_v7@9713344,vg_v7,9713344,quarry,official,1,0,rating,a,a,1.0,core_destroyed,50,,11,80,11,8,14,20,8,15,ok,,4.366,n-62-31-22,29004097,2026-08-02T12:48:23+0200
d1d4258a2a47d6f7,auto-10d581bed771,tempest_reinforcements@65ddc55,tempest_reinforcements,65ddc55,vg_v1@9713344,vg_v1,9713344,aurora,official,1,0,rating,a,a,1.0,core_destroyed,54,,10,110,11,8,108,110,2,6,ok,,3.727,n-62-30-23,29004097,2026-08-02T12:48:54+0200
d1e3fc10953e94ca,auto-10d581bed771,tempest_picket@fdc1e1f,tempest_picket,fdc1e1f,tempest_reinforcements@65ddc55,tempest_reinforcements,65ddc55,jackpot,official,1,0,rating,b,b,0.0,core_destroyed,43,,258,0,6,2,10,90,12,7,ok,,4.066,n-62-21-15,29004097,2026-08-02T12:46:36+0200
d1ee5b8fc540b1c4,auto-10d581bed771,tempest_reinforcements@65ddc55,tempest_reinforcements,65ddc55,vg_v6@9713344,vg_v6,9713344,pinch,official,1,0,rating,a,a,1.0,core_destroyed,29,,8,50,10,9,95,0,2,3,ok,,3.073,n-62-11-54,29004097,2026-08-02T12:47:58+0200
d207f9f35c79d4c7,auto-10d581bed771,vg_v4@9713344,vg_v4,9713344,tempest_reinforcements@65ddc55,tempest_reinforcements,65ddc55,quarry,official,1,0,rating,b,b,0.0,core_destroyed,69,,87,160,6,14,10,0,11,6,ok,,4.298,n-62-31-16,29004097,2026-08-02T12:47:54+0200
d2108f4982eda7f5,auto-10d581bed771,tempest_reinforcements@65ddc55,tempest_reinforcements,65ddc55,v233_e@9713344,v233_e,9713344,fjord,official,1,0,rating,a,a,1.0,core_destroyed,46,,10,100,12,5,106,300,10,9,ok,,4.544,n-62-21-103,29004097,2026-08-02T12:47:46+0200
d233b4b29e9b9ddb,auto-10d581bed771,lockin@9713344,lockin,9713344,tempest_reinforcements@65ddc55,tempest_reinforcements,65ddc55,duel,official,1,0,rating,b,b,0.0,core_destroyed,25,,246,20,5,3,20,50,10,5,ok,,3.748,n-62-30-23,29004097,2026-08-02T12:46:46+0200
d2377fa5c79cb978,auto-10d581bed771,tempest_reinforcements@65ddc55,tempest_reinforcements,65ddc55,frontier_v2@9713344,frontier_v2,9713344,sprint,official,1,0,rating,a,a,1.0,core_destroyed,35,,20,70,10,7,4,0,8,4,ok,,3.221,n-62-29-26,29004097,2026-08-02T12:47:17+0200
d258a9fc681667fe,auto-10d581bed771,tempest_reinforcements@65ddc55,tempest_reinforcements,65ddc55,vg_v4@9713344,vg_v4,9713344,vault,official,1,0,rating,a,a,1.0,core_destroyed,64,,30,250,11,21,351,200,7,12,ok,,4.2,n-62-31-20,29004097,2026-08-02T12:47:51+0200
d26af6f386af8449,auto-10d581bed771,uw_v2@9713344,uw_v2,9713344,tempest_reinforcements@65ddc55,tempest_reinforcements,65ddc55,atoll,official,1,0,rating,b,b,0.0,core_destroyed,46,,122,200,6,10,10,100,11,6,ok,,3.781,n-62-11-61,29004097,2026-08-02T12:47:42+0200
d26ed24ee68b8d99,auto-10d581bed771,tempest_reinforcements@65ddc55,tempest_reinforcements,65ddc55,e_condc@6db8844,e_condc,6db8844,runestone,official,1,0,rating,a,a,1.0,core_destroyed,39,,10,0,11,5,102,70,7,17,ok,,4.165,n-62-21-97,29004097,2026-08-02T12:46:12+0200
d285b05007d63c96,auto-10d581bed771,tempest_reinforcements@65ddc55,tempest_reinforcements,65ddc55,tempest_reinforcements@e1dc316,tempest_reinforcements,e1dc316,hive,official,1,0,rating,a,a,1.0,core_destroyed,51,,10,100,11,7,19,100,9,6,ok,,4.898,n-62-12-64,29004097,2026-08-02T12:47:03+0200
d290018548a3381d,auto-10d581bed771,v233_i@902be71,v233_i,902be71,tempest_reinforcements@65ddc55,tempest_reinforcements,65ddc55,runestone,official,1,0,rating,b,b,0.0,core_destroyed,37,,86,120,9,14,10,0,11,5,ok,,3.673,n-62-29-24,29004097,2026-08-02T12:47:43+0200
d2a9011327555c34,auto-10d581bed771,undertow@da3fd8a,undertow,da3fd8a,tempest_reinforcements@65ddc55,tempest_reinforcements,65ddc55,hive,official,1,0,rating,b,b,0.0,core_destroyed,67,,54,140,10,5,9,140,10,13,ok,,5.166,n-62-21-65,29004097,2026-08-02T12:46:27+0200
d2c5d9e857179653,auto-10d581bed771,tempest_reinforcements@65ddc55,tempest_reinforcements,65ddc55,tempest_reinforcements@edf93ad,tempest_reinforcements,edf93ad,skerry,official,1,0,rating,b,b,0.0,core_destroyed,38,,8,80,12,4,24,90,13,5,ok,,6.248,n-62-21-55,29004097,2026-08-02T12:46:48+0200
d2cd36439fc7e52f,auto-10d581bed771,v233_a@9713344,v233_a,9713344,tempest_reinforcements@65ddc55,tempest_reinforcements,65ddc55,aurora,official,1,0,rating,b,b,0.0,core_destroyed,47,,93,90,7,9,10,90,11,11,ok,,3.611,n-62-11-63,29004097,2026-08-02T12:48:05+0200
d2e1b947b033aa9c,auto-10d581bed771,undertow_1ac7ac4@da3fd8a,undertow_1ac7ac4,da3fd8a,tempest_reinforcements@65ddc55,tempest_reinforcements,65ddc55,showdown,official,1,0,rating,b,b,0.0,core_destroyed,101,,54,0,6,11,6,0,10,8,ok,,4.471,n-62-21-69,29004097,2026-08-02T12:47:39+0200
d33c9d0c1a57bc58,auto-10d581bed771,tempest_reinforcements@65ddc55,tempest_reinforcements,65ddc55,riptide@9713344,riptide,9713344,vault,official,1,0,rating,a,a,1.0,core_destroyed,64,,30,250,11,21,351,200,7,12,ok,,4.331,n-62-11-58,29004097,2026-08-02T12:47:12+0200
d36cd9452b983487,auto-10d581bed771,tempest_reinforcements@65ddc55,tempest_reinforcements,65ddc55,tempest_reinforcements@51ad530,tempest_reinforcements,51ad530,sweden,official,1,0,rating,b,b,0.0,core_destroyed,67,,8,100,13,8,4,0,10,6,ok,,7.864,n-62-13-8,29004097,2026-08-02T12:47:27+0200
d37e824398013ab7,auto-10d581bed771,tempest_reinforcements@65ddc55,tempest_reinforcements,65ddc55,v233_f@9713344,v233_f,9713344,string,official,1,0,rating,b,b,0.0,titanium_collected,1000,,2477,4940,42,8,9577,7320,8,15,ok,,46.852,n-62-21-98,29004097,2026-08-02T12:48:49+0200
d395971f2b2637f4,auto-10d581bed771,tempest_reinforcements@65ddc55,tempest_reinforcements,65ddc55,vg_v5@9713344,vg_v5,9713344,vault,official,1,0,rating,a,a,1.0,core_destroyed,64,,30,250,11,21,351,200,7,12,ok,,3.589,n-62-11-57,29004097,2026-08-02T12:47:56+0200
d3a4ff01a58b7773,auto-10d581bed771,tempest_reinforcements@65ddc55,tempest_reinforcements,65ddc55,uw_v2@9713344,uw_v2,9713344,bridge,official,1,0,rating,a,a,1.0,titanium_collected,1000,,280,7030,47,21,2011,2440,7,10,ok,,22.095,n-62-11-61,29004097,2026-08-02T12:48:18+0200
d3c2be8220fc44b7,auto-10d581bed771,autistimusprime@ecd4d24,autistimusprime,ecd4d24,tempest_reinforcements@65ddc55,tempest_reinforcements,65ddc55,skerry,official,1,0,rating,b,b,0.0,core_destroyed,41,,92,80,9,3,12,90,11,5,ok,,3.687,n-62-31-21,29004097,2026-08-02T12:46:44+0200
d3feaf80a49ab9e6,auto-10d581bed771,tempest_reinforcements@65ddc55,tempest_reinforcements,65ddc55,tempest_frontier@fdc1e1f,tempest_frontier,fdc1e1f,quarry,official,1,0,rating,a,a,1.0,core_destroyed,39,,10,0,9,5,62,0,11,5,ok,,5.905,n-62-21-18,29004097,2026-08-02T12:46:37+0200
d4038367cbd75745,auto-10d581bed771,uw_v1@9713344,uw_v1,9713344,tempest_reinforcements@65ddc55,tempest_reinforcements,65ddc55,sprint,official,1,0,rating,b,b,0.0,core_destroyed,49,,118,0,5,5,10,100,11,7,ok,,3.535,n-62-11-60,29004097,2026-08-02T12:48:02+0200
d41c211069bac1af,auto-10d581bed771,tempest_reinforcements@65ddc55,tempest_reinforcements,65ddc55,uw_v1@9713344,uw_v1,9713344,fjord,official,1,0,rating,a,a,1.0,core_destroyed,47,,10,100,11,5,69,0,5,3,ok,,3.891,n-62-31-23,29004097,2026-08-02T12:48:30+0200
d423a94336f9d963,auto-10d581bed771,jonbot_190003d@da3fd8a,jonbot_190003d,da3fd8a,tempest_reinforcements@65ddc55,tempest_reinforcements,65ddc55,crossfire,official,1,0,rating,b,b,0.0,core_destroyed,34,,67,0,7,4,8,40,7,4,ok,,3.791,n-62-29-32,29004097,2026-08-02T12:46:28+0200
d4251072770b1499,auto-10d581bed771,tempest_reinforcements@51ad530,tempest_reinforcements,51ad530,tempest_reinforcements@65ddc55,tempest_reinforcements,65ddc55,atoll,official,1,0,rating,b,b,0.0,core_destroyed,46,,47,100,12,5,8,100,11,5,ok,,4.581,n-62-13-7,29004097,2026-08-02T12:47:28+0200
d42af42e2f5b5acf,auto-10d581bed771,tempest_reinforcements@65ddc55,tempest_reinforcements,65ddc55,vanguard@da3fd8a,vanguard,da3fd8a,longship,official,1,0,rating,a,a,1.0,core_destroyed,59,,10,120,12,12,67,240,10,19,ok,,4.284,n-62-29-29,29004097,2026-08-02T12:47:52+0200
d438c63582fbd660,auto-10d581bed771,tempest_reinforcements@65ddc55,tempest_reinforcements,65ddc55,frontier_v2@9713344,frontier_v2,9713344,fjord,official,1,0,rating,a,a,1.0,core_destroyed,31,,10,60,11,5,175,0,6,2,ok,,3.773,n-62-29-26,29004097,2026-08-02T12:46:12+0200
d4423d8d45c87c05,auto-10d581bed771,tempest_reinforcements@87724ec,tempest_reinforcements,87724ec,tempest_reinforcements@65ddc55,tempest_reinforcements,65ddc55,sweden,official,1,0,rating,a,a,1.0,core_destroyed,68,,28,0,9,8,17,0,9,4,ok,,5.018,n-62-12-65,29004097,2026-08-02T12:48:16+0200
d46e349a97352541,auto-10d581bed771,tempest_reinforcements@65ddc55,tempest_reinforcements,65ddc55,tempest_outer@fdc1e1f,tempest_outer,fdc1e1f,longship,official,1,0,rating,b,b,0.0,core_destroyed,34,,9,60,10,10,58,0,11,4,ok,,4.573,n-62-21-13,29004097,2026-08-02T12:46:31+0200
d480a692f4c5aecd,auto-10d581bed771,v233_a@9713344,v233_a,9713344,tempest_reinforcements@65ddc55,tempest_reinforcements,65ddc55,quarry,official,1,0,rating,b,b,0.0,core_destroyed,67,,109,160,5,14,10,0,11,6,ok,,3.648,n-62-11-64,29004097,2026-08-02T12:47:49+0200
d49f39a05415828a,auto-10d581bed771,tempest_reinforcements@65ddc55,tempest_reinforcements,65ddc55,tempest_reinforcements@51ad530,tempest_reinforcements,51ad530,sprint,official,1,0,rating,a,a,1.0,core_destroyed,37,,19,100,6,7,15,40,10,5,ok,,6.508,n-62-13-8,29004097,2026-08-02T12:46:30+0200
d4b7c8174cb337b6,auto-10d581bed771,tempest_reinforcements@51ad530,tempest_reinforcements,51ad530,tempest_reinforcements@65ddc55,tempest_reinforcements,65ddc55,longship,official,1,0,rating,b,b,0.0,core_destroyed,47,,25,90,12,11,7,90,9,11,ok,,4.93,n-62-13-6,29004097,2026-08-02T12:47:06+0200
d4c344681a22c7aa,auto-10d581bed771,tempest_reinforcements@65ddc55,tempest_reinforcements,65ddc55,vanguard@9932bec,vanguard,9932bec,fjord,official,1,0,rating,a,a,1.0,core_destroyed,41,,20,90,11,5,88,260,11,7,ok,,4.241,n-62-29-33,29004097,2026-08-02T12:48:38+0200
d4d549f385cc525e,auto-10d581bed771,tempest_reinforcements@65ddc55,tempest_reinforcements,65ddc55,tempest_picket@fdc1e1f,tempest_picket,fdc1e1f,hive,official,1,0,rating,a,a,1.0,core_destroyed,50,,9,100,10,11,103,0,10,3,ok,,5.006,n-62-21-15,29004097,2026-08-02T12:46:22+0200
d4e2b4946260a784,auto-10d581bed771,vanguard@c407e79,vanguard,c407e79,tempest_reinforcements@65ddc55,tempest_reinforcements,65ddc55,duel,official,1,0,rating,b,b,0.0,core_destroyed,52,,82,230,9,8,28,120,10,5,ok,,3.432,n-62-29-21,29004097,2026-08-02T12:48:37+0200
d4fc8ae9b07dcca2,auto-10d581bed771,tempest_reinforcements@edf93ad,tempest_reinforcements,edf93ad,tempest_reinforcements@65ddc55,tempest_reinforcements,65ddc55,bridge,official,1,0,rating,b,b,0.0,core_destroyed,75,,13,0,12,7,17,0,9,7,ok,,4.297,n-62-12-67,29004097,2026-08-02T12:46:37+0200
d513ba67121f77ac,auto-10d581bed771,tempest_reinforcements@65ddc55,tempest_reinforcements,65ddc55,tempest_reinforcements@87724ec,tempest_reinforcements,87724ec,longship,official,1,0,rating,b,b,0.0,core_destroyed,44,,16,80,10,11,19,0,10,4,ok,,8.574,n-62-13-9,29004097,2026-08-02T12:48:01+0200
d5265eedeac1be1a,auto-10d581bed771,tempest_reinforcements@65ddc55,tempest_reinforcements,65ddc55,tempest_frontier@fdc1e1f,tempest_frontier,fdc1e1f,vault,official,1,0,rating,a,a,1.0,core_destroyed,42,,10,90,11,6,331,160,6,5,ok,,4.094,n-62-21-4,29004097,2026-08-02T12:46:29+0200
d5287d66d2b5dcd1,auto-10d581bed771,vg_v7@9713344,vg_v7,9713344,tempest_reinforcements@65ddc55,tempest_reinforcements,65ddc55,strait,official,1,0,rating,b,b,0.0,core_destroyed,74,,58,160,5,11,10,0,11,5,ok,,4.467,n-62-31-22,29004097,2026-08-02T12:49:13+0200
d53d5d51b52d229d,auto-10d581bed771,undertow_oracle@fdc1e1f,undertow_oracle,fdc1e1f,tempest_reinforcements@65ddc55,tempest_reinforcements,65ddc55,pinch,official,1,0,rating,b,b,0.0,core_destroyed,30,,54,0,8,5,10,50,10,8,ok,,2.743,n-62-31-21,29004097,2026-08-02T12:48:54+0200
d5425a702bfe5ee7,auto-10d581bed771,tempest_reinforcements@51ad530,tempest_reinforcements,51ad530,tempest_reinforcements@65ddc55,tempest_reinforcements,65ddc55,bridge,official,1,0,rating,b,b,0.0,core_destroyed,75,,13,0,12,7,17,0,9,7,ok,,4.382,n-62-13-7,29004097,2026-08-02T12:47:47+0200
d55f76e60df6cb17,auto-10d581bed771,nemesis@9713344,nemesis,9713344,tempest_reinforcements@65ddc55,tempest_reinforcements,65ddc55,sprint,official,1,0,rating,b,b,0.0,core_destroyed,65,,86,110,8,14,10,210,11,23,ok,,4.384,n-62-31-16,29004097,2026-08-02T12:47:13+0200
d562bfaa99028d7c,auto-10d581bed771,tempest_reinforcements@65ddc55,tempest_reinforcements,65ddc55,tempest_reinforcements@e1dc316,tempest_reinforcements,e1dc316,jackpot,official,1,0,rating,b,b,0.0,titanium_collected,89,,9,170,12,3,60,200,9,6,ok,,5.7,n-62-12-64,29004097,2026-08-02T12:47:15+0200
d567e3fb8dec074e,auto-10d581bed771,uw_v2@9713344,uw_v2,9713344,tempest_reinforcements@65ddc55,tempest_reinforcements,65ddc55,pinch,official,1,0,rating,b,b,0.0,core_destroyed,36,,105,70,6,8,20,70,10,8,ok,,3.215,n-62-11-62,29004097,2026-08-02T12:47:32+0200
d591d85453f438b7,auto-10d581bed771,tempest_reinforcements@65ddc55,tempest_reinforcements,65ddc55,vg_v3@9713344,vg_v3,9713344,duel,official,1,0,rating,a,a,1.0,core_destroyed,55,,10,130,11,5,101,60,1,5,ok,,3.608,n-62-31-7,29004097,2026-08-02T12:48:42+0200
d5b47f3694b79906,auto-10d581bed771,titanium_v1@9713344,titanium_v1,9713344,tempest_reinforcements@65ddc55,tempest_reinforcements,65ddc55,vault,official,1,0,rating,b,b,0.0,core_destroyed,52,,371,0,4,3,30,210,11,21,ok,,3.445,n-62-21-60,29004097,2026-08-02T12:46:28+0200
d5cff3aac2a7d37e,auto-10d581bed771,vanguard@da3fd8a,vanguard,da3fd8a,tempest_reinforcements@65ddc55,tempest_reinforcements,65ddc55,jackpot,official,1,0,rating,b,b,0.0,core_destroyed,73,,119,170,4,6,20,170,15,7,ok,,4.826,n-62-29-29,29004097,2026-08-02T12:47:48+0200
d5ea01e486873c2a,auto-10d581bed771,tempest_reinforcements@65ddc55,tempest_reinforcements,65ddc55,tempest_reinforcements@87724ec,tempest_reinforcements,87724ec,quarry,official,1,0,rating,a,a,1.0,core_destroyed,45,,10,0,8,6,18,70,11,7,ok,,8.884,n-62-13-9,29004097,2026-08-02T12:48:30+0200
d6077f7a38e71aa9,auto-10d581bed771,e_post2@4a95297,e_post2,4a95297,tempest_reinforcements@65ddc55,tempest_reinforcements,65ddc55,twins,official,1,0,rating,b,b,0.0,core_destroyed,69,,49,0,10,1,10,0,10,5,ok,,4.175,n-62-29-15,29004097,2026-08-02T12:46:17+0200
d622ef93234ab94a,auto-10d581bed771,tempest_reinforcements@51ad530,tempest_reinforcements,51ad530,tempest_reinforcements@65ddc55,tempest_reinforcements,65ddc55,hive,official,1,0,rating,b,b,0.0,core_destroyed,64,,20,130,12,6,16,100,10,4,ok,,5.382,n-62-13-6,29004097,2026-08-02T12:46:46+0200
d62bd9554cb71b56,auto-10d581bed771,tempest_reinforcements@65ddc55,tempest_reinforcements,65ddc55,jonbot_190003d@da3fd8a,jonbot_190003d,da3fd8a,atoll,official,1,0,rating,a,a,1.0,core_destroyed,42,,10,90,10,5,172,90,5,6,ok,,4.123,n-62-29-16,29004097,2026-08-02T12:47:40+0200
d6328e713a43b8a0,auto-10d581bed771,tempest_reinforcements@65ddc55,tempest_reinforcements,65ddc55,casemate_oracle@902be71,casemate_oracle,902be71,showdown,official,1,0,rating,b,b,0.0,core_destroyed,28,,28,0,6,5,91,0,7,4,ok,,3.47,n-62-11-63,29004097,2026-08-02T12:47:44+0200
d647c65cb476ea48,auto-10d581bed771,tempest_reinforcements@65ddc55,tempest_reinforcements,65ddc55,vg_v3@9713344,vg_v3,9713344,aurora,official,1,0,rating,a,a,1.0,core_destroyed,49,,10,100,12,8,126,100,6,8,ok,,4.667,n-62-31-7,29004097,2026-08-02T12:47:49+0200
d6a428f1449a9a57,auto-10d581bed771,jonbot@da3fd8a,jonbot,da3fd8a,tempest_reinforcements@65ddc55,tempest_reinforcements,65ddc55,hive,official,1,0,rating,b,b,0.0,core_destroyed,60,,156,130,8,18,20,130,11,12,ok,,4.82,n-62-29-33,29004097,2026-08-02T12:46:45+0200
d6a552d17863a596,auto-10d581bed771,tempest_reinforcements@65ddc55,tempest_reinforcements,65ddc55,vanguard@da3fd8a,vanguard,da3fd8a,hive,official,1,0,rating,a,a,1.0,core_destroyed,61,,3,130,13,11,117,210,11,16,ok,,4.045,n-62-29-26,29004097,2026-08-02T12:48:54+0200
d6c2f16d147ea006,auto-10d581bed771,tempest_reinforcements@65ddc55,tempest_reinforcements,65ddc55,undertow@fdc1e1f,undertow,fdc1e1f,vase,official,1,0,rating,a,a,1.0,core_destroyed,118,,17,0,12,6,105,220,9,8,ok,,5.517,n-62-21-68,29004097,2026-08-02T12:47:09+0200
d6c5ccef3d56ade9,auto-10d581bed771,e_condc@6db8844,e_condc,6db8844,tempest_reinforcements@65ddc55,tempest_reinforcements,65ddc55,jackpot,official,1,0,rating,b,b,0.0,core_destroyed,44,,557,90,1,19,20,90,12,7,ok,,2.8,n-62-21-104,29004097,2026-08-02T12:47:16+0200
d711c6e97437e78c,auto-10d581bed771,e_post2@4a95297,e_post2,4a95297,tempest_reinforcements@65ddc55,tempest_reinforcements,65ddc55,showdown,official,1,0,rating,a,a,1.0,harvesters,1000,,502,0,9,11,12,0,10,8,ok,,8.134,n-62-29-24,29004097,2026-08-02T12:46:58+0200
d72f2459366b4566,auto-10d581bed771,titanium_v1@9713344,titanium_v1,9713344,tempest_reinforcements@65ddc55,tempest_reinforcements,65ddc55,aurora,official,1,0,rating,b,b,0.0,core_destroyed,44,,346,0,4,3,20,90,11,11,ok,,3.261,n-62-21-57,29004097,2026-08-02T12:46:38+0200
d73c842a7b97fe80,auto-10d581bed771,tempest_reinforcements@65ddc55,tempest_reinforcements,65ddc55,vanguard_oracle@fdc1e1f,vanguard_oracle,fdc1e1f,jackpot,official,1,0,rating,a,a,1.0,core_destroyed,279,,30,1910,28,40,646,1180,3,3,ok,,9.748,n-62-29-34,29004097,2026-08-02T12:48:16+0200
d74e85164eede2ae,auto-10d581bed771,tempest_reinforcements@65ddc55,tempest_reinforcements,65ddc55,tempest_outer@fdc1e1f,tempest_outer,fdc1e1f,twins,official,1,0,rating,b,b,0.0,core_destroyed,31,,9,40,9,3,33,60,12,7,ok,,4.655,n-62-21-2,29004097,2026-08-02T12:46:31+0200
d7630338abcbaf58,auto-10d581bed771,v233_e@9713344,v233_e,9713344,tempest_reinforcements@65ddc55,tempest_reinforcements,65ddc55,crossfire,official,1,0,rating,b,b,0.0,core_destroyed,41,,60,170,7,7,10,90,10,6,ok,,3.227,n-62-31-11,29004097,2026-08-02T12:49:38+0200
d774571b9576ed61,auto-10d581bed771,tempest_reinforcements@65ddc55,tempest_reinforcements,65ddc55,vg_v7@9713344,vg_v7,9713344,showdown,official,1,0,rating,a,a,1.0,core_destroyed,38,,10,0,10,8,84,0,8,4,ok,,4.133,n-62-31-22,29004097,2026-08-02T12:48:41+0200
d7749aaceed2d5d4,auto-10d581bed771,tempest_reinforcements@65ddc55,tempest_reinforcements,65ddc55,vanguard_oracle@902be71,vanguard_oracle,902be71,string,official,1,0,rating,a,a,1.0,core_destroyed,56,,68,300,11,11,129,150,3,6,ok,,3.811,n-62-28-29,29004097,2026-08-02T12:47:56+0200
d787a4db886e358d,auto-10d581bed771,tempest_reinforcements@65ddc55,tempest_reinforcements,65ddc55,v233_b@9713344,v233_b,9713344,sprint,official,1,0,rating,a,a,1.0,core_destroyed,30,,10,50,10,7,116,90,2,6,ok,,2.746,n-62-11-66,29004097,2026-08-02T12:48:26+0200
d78c0ae9e350b6b6,auto-10d581bed771,tempest_reinforcements@65ddc55,tempest_reinforcements,65ddc55,undertow@fdc1e1f,undertow,fdc1e1f,bridge,official,1,0,rating,a,a,1.0,core_destroyed,207,,35,1330,23,24,318,440,6,8,ok,,8.779,n-62-21-66,29004097,2026-08-02T12:47:45+0200
d7ae2b0f517a069b,auto-10d581bed771,vanguard_oracle@fdc1e1f,vanguard_oracle,fdc1e1f,tempest_reinforcements@65ddc55,tempest_reinforcements,65ddc55,quarry,official,1,0,rating,b,b,0.0,core_destroyed,67,,138,250,11,11,10,0,11,6,ok,,4.372,n-62-29-34,29004097,2026-08-02T12:48:44+0200
d7ae712a51f2a187,auto-10d581bed771,tempest_reinforcements@65ddc55,tempest_reinforcements,65ddc55,v233_f@9713344,v233_f,9713344,sweden,official,1,0,rating,b,b,0.0,core_destroyed,93,,11,250,13,14,369,530,11,22,ok,,4.542,n-62-21-98,29004097,2026-08-02T12:49:03+0200
d7aed590efe75e3c,auto-10d581bed771,tempest_reinforcements@65ddc55,tempest_reinforcements,65ddc55,vg_v3@9713344,vg_v3,9713344,fjord,official,1,0,rating,a,a,1.0,core_destroyed,40,,20,80,11,5,115,0,5,3,ok,,3.638,n-62-31-7,29004097,2026-08-02T12:48:50+0200
d7b8b824b4f5cc25,auto-10d581bed771,tempest_reinforcements@65ddc55,tempest_reinforcements,65ddc55,claude_challenger_3@fdc1e1f,claude_challenger_3,fdc1e1f,fjord,official,1,0,rating,a,a,1.0,core_destroyed,33,,30,110,10,8,116,130,10,6,ok,,4.697,n-62-31-9,29004097,2026-08-02T12:46:35+0200
d7baf83880cee592,auto-10d581bed771,tempest_reinforcements@65ddc55,tempest_reinforcements,65ddc55,v233_a@9713344,v233_a,9713344,twins,official,1,0,rating,a,a,1.0,core_destroyed,39,,20,80,10,9,85,80,3,10,ok,,3.021,n-62-11-65,29004097,2026-08-02T12:47:32+0200
d7caa084be23bf67,auto-10d581bed771,tempest_reinforcements@65ddc55,tempest_reinforcements,65ddc55,attack_wave_v1@9713344,attack_wave_v1,9713344,fjord,official,1,0,rating,a,a,1.0,core_destroyed,31,,10,60,11,5,229,0,5,2,ok,,3.525,n-62-31-5,29004097,2026-08-02T12:46:55+0200
d804b56f68c398a3,auto-10d581bed771,undertow@da3fd8a,undertow,da3fd8a,tempest_reinforcements@65ddc55,tempest_reinforcements,65ddc55,atoll,official,1,0,rating,b,b,0.0,core_destroyed,67,,75,300,4,6,10,150,12,6,ok,,4.94,n-62-21-64,29004097,2026-08-02T12:47:14+0200
d814af9a1debb8a0,auto-10d581bed771,tempest_blindfire@fdc1e1f,tempest_blindfire,fdc1e1f,tempest_reinforcements@65ddc55,tempest_reinforcements,65ddc55,showdown,official,1,0,rating,a,a,1.0,core_destroyed,21,,21,0,12,6,7,0,10,5,ok,,4.159,n-62-21-89,29004097,2026-08-02T12:46:25+0200
d82d2aa166555de0,auto-10d581bed771,tempest_reinforcements@87724ec,tempest_reinforcements,87724ec,tempest_reinforcements@65ddc55,tempest_reinforcements,65ddc55,hive,official,1,0,rating,b,b,0.0,core_destroyed,55,,105,110,7,9,10,110,9,13,ok,,11.806,n-62-13-9,29004097,2026-08-02T12:47:39+0200
d848037755f8c387,auto-10d581bed771,e9cand@9e77076,e9cand,9e77076,tempest_reinforcements@65ddc55,tempest_reinforcements,65ddc55,showdown,official,1,0,rating,a,a,1.0,harvesters,1000,,502,0,9,11,12,0,10,8,ok,,8.994,n-62-21-103,29004097,2026-08-02T12:46:27+0200
d8627daf68cc6db5,auto-10d581bed771,reaver@9713344,reaver,9713344,tempest_reinforcements@65ddc55,tempest_reinforcements,65ddc55,atoll,official,1,0,rating,b,b,0.0,core_destroyed,46,,90,40,8,6,10,100,11,6,ok,,3.95,n-62-11-57,29004097,2026-08-02T12:47:06+0200
d86d2f794bde1f29,auto-10d581bed771,tempest_reinforcements@65ddc55,tempest_reinforcements,65ddc55,tempest_reinforcements@87724ec,tempest_reinforcements,87724ec,crossfire,official,1,0,rating,b,b,0.0,core_destroyed,67,,14,150,10,4,57,150,6,6,ok,,9.16,n-62-13-9,29004097,2026-08-02T12:46:38+0200
d88e79b42f4347b3,auto-10d581bed771,v233_b@9713344,v233_b,9713344,tempest_reinforcements@65ddc55,tempest_reinforcements,65ddc55,fjord,official,1,0,rating,b,b,0.0,core_destroyed,45,,94,190,9,7,10,100,12,5,ok,,3.546,n-62-11-65,29004097,2026-08-02T12:49:05+0200
d8980e1b2cd3e0f0,auto-10d581bed771,tempest_reinforcements@025dd51,tempest_reinforcements,025dd51,tempest_reinforcements@65ddc55,tempest_reinforcements,65ddc55,sweden,official,1,0,rating,b,b,0.0,core_destroyed,66,,29,100,13,8,9,0,8,6,ok,,4.619,n-62-13-7,29004097,2026-08-02T12:46:52+0200
d8d9ef63341a3112,auto-10d581bed771,jonbot_190003d@da3fd8a,jonbot_190003d,da3fd8a,tempest_reinforcements@65ddc55,tempest_reinforcements,65ddc55,sweden,official,1,0,rating,b,b,0.0,core_destroyed,53,,245,0,4,13,10,0,11,6,ok,,3.713,n-62-29-34,29004097,2026-08-02T12:47:01+0200
d8f3d64d40b060d0,auto-10d581bed771,vg_v5@9713344,vg_v5,9713344,tempest_reinforcements@65ddc55,tempest_reinforcements,65ddc55,aurora,official,1,0,rating,b,b,0.0,core_destroyed,53,,109,110,8,9,10,110,12,11,ok,,4.518,n-62-31-20,29004097,2026-08-02T12:48:12+0200
d929c544dad8727e,auto-10d581bed771,tempest_reinforcements@65ddc55,tempest_reinforcements,65ddc55,e_post2@4a95297,e_post2,4a95297,fjord,official,1,0,rating,a,a,1.0,core_destroyed,54,,10,120,12,5,50,0,10,2,ok,,4.095,n-62-29-20,29004097,2026-08-02T12:47:44+0200
d947e8e731fa827c,auto-10d581bed771,tempest_reinforcements@65ddc55,tempest_reinforcements,65ddc55,v233_c@9713344,v233_c,9713344,duel,official,1,0,rating,a,a,1.0,core_destroyed,51,,9,120,11,5,88,60,5,6,ok,,3.309,n-62-11-68,29004097,2026-08-02T12:49:05+0200
d949b27309eceee2,auto-10d581bed771,tempest_reinforcements@65ddc55,tempest_reinforcements,65ddc55,tempest_reinforcements@e1dc316,tempest_reinforcements,e1dc316,vault,official,1,0,rating,a,a,1.0,core_destroyed,54,,17,120,10,6,29,220,13,8,ok,,5.183,n-62-12-66,29004097,2026-08-02T12:48:10+0200
d963f3df87762cb2,auto-10d581bed771,vg_v2@9713344,vg_v2,9713344,tempest_reinforcements@65ddc55,tempest_reinforcements,65ddc55,pinch,official,1,0,rating,b,b,0.0,core_destroyed,27,,75,0,4,3,20,50,10,8,ok,,3.144,n-62-31-17,29004097,2026-08-02T12:49:37+0200
d977f5897bbbe00c,auto-10d581bed771,tempest_reinforcements@65ddc55,tempest_reinforcements,65ddc55,undertow@da3fd8a,undertow,da3fd8a,skerry,official,1,0,rating,b,b,0.0,core_destroyed,66,,25,350,14,9,117,500,8,30,ok,,5.73,n-62-21-65,29004097,2026-08-02T12:47:31+0200
d9976d53767899b2,auto-10d581bed771,mistral_fast@26b5aa1,mistral_fast,26b5aa1,tempest_reinforcements@65ddc55,tempest_reinforcements,65ddc55,showdown,official,1,0,rating,a,a,1.0,core_destroyed,22,,36,0,11,1,11,0,8,6,ok,,4.438,n-62-31-18,29004097,2026-08-02T12:46:42+0200
d9a6451a64451768,auto-10d581bed771,tempest_reinforcements@65ddc55,tempest_reinforcements,65ddc55,undertow@fdc1e1f,undertow,fdc1e1f,skerry,official,1,0,rating,b,b,0.0,core_destroyed,66,,25,350,14,9,117,500,8,30,ok,,5.578,n-62-21-67,29004097,2026-08-02T12:47:38+0200
d9bbd57b48e57abe,auto-10d581bed771,tempest_reinforcements@65ddc55,tempest_reinforcements,65ddc55,e_post2@4a95297,e_post2,4a95297,atoll,official,1,0,rating,a,a,1.0,core_destroyed,45,,10,100,11,6,107,0,7,2,ok,,4.05,n-62-29-20,29004097,2026-08-02T12:46:33+0200
d9bf6e28063bda08,auto-10d581bed771,vg_v3@9713344,vg_v3,9713344,tempest_reinforcements@65ddc55,tempest_reinforcements,65ddc55,sprint,official,1,0,rating,b,b,0.0,core_destroyed,33,,89,20,5,6,10,60,9,11,ok,,3.042,n-62-31-18,29004097,2026-08-02T12:48:16+0200
d9d54b8256e59a35,auto-10d581bed771,frontier_v1@9713344,frontier_v1,9713344,tempest_reinforcements@65ddc55,tempest_reinforcements,65ddc55,runestone,official,1,0,rating,b,b,0.0,core_destroyed,32,,28,0,8,4,20,0,11,5,ok,,3.451,n-62-29-21,29004097,2026-08-02T12:46:57+0200
d9f0f9b8db6641a3,auto-10d581bed771,tempest_reinforcements@65ddc55,tempest_reinforcements,65ddc55,undertow_1ac7ac4@da3fd8a,undertow_1ac7ac4,da3fd8a,duel,official,1,0,rating,a,a,1.0,core_destroyed,37,,10,80,10,5,125,160,8,11,ok,,3.877,n-62-21-69,29004097,2026-08-02T12:46:22+0200
d9f6415dda86ed0d,auto-10d581bed771,tempest_reinforcements@65ddc55,tempest_reinforcements,65ddc55,claude_challenger_3@fdc1e1f,claude_challenger_3,fdc1e1f,atoll,official,1,0,rating,a,a,1.0,core_destroyed,48,,30,110,12,6,34,0,5,2,ok,,5.803,n-62-21-92,29004097,2026-08-02T12:47:19+0200
da169f9d28b0a33d,auto-10d581bed771,tempest_picket@fdc1e1f,tempest_picket,fdc1e1f,tempest_reinforcements@65ddc55,tempest_reinforcements,65ddc55,longship,official,1,0,rating,a,a,1.0,titanium_collected,55,,121,190,10,8,9,110,10,12,ok,,5.287,n-62-21-15,29004097,2026-08-02T12:46:46+0200
da3acae992f20aa3,auto-10d581bed771,tempest_reinforcements@65ddc55,tempest_reinforcements,65ddc55,turtle@9713344,turtle,9713344,pinch,official,1,0,rating,a,a,1.0,core_destroyed,31,,20,60,10,9,82,0,4,5,ok,,3.83,n-62-21-61,29004097,2026-08-02T12:46:32+0200
da526484c6692544,auto-10d581bed771,tempest_reinforcements@65ddc55,tempest_reinforcements,65ddc55,tempest_ferry@26b5aa1,tempest_ferry,26b5aa1,runestone,official,1,0,rating,b,b,0.0,core_destroyed,33,,10,0,11,4,14,0,13,5,ok,,5.063,n-62-12-4,29004097,2026-08-02T12:46:34+0200
da5dc11b53406a50,auto-10d581bed771,tempest_reinforcements@65ddc55,tempest_reinforcements,65ddc55,claude_challenger_1@fdc1e1f,claude_challenger_1,fdc1e1f,quarry,official,1,0,rating,a,a,1.0,core_destroyed,36,,20,0,11,6,164,0,10,0,ok,,6.657,n-62-11-65,29004097,2026-08-02T12:47:14+0200
da6ed0ff371ee9ac,auto-10d581bed771,casemate@902be71,casemate,902be71,tempest_reinforcements@65ddc55,tempest_reinforcements,65ddc55,fjord,official,1,0,rating,b,b,0.0,core_destroyed,45,,105,0,5,10,10,100,11,5,ok,,3.495,n-62-11-60,29004097,2026-08-02T12:47:50+0200
da9bd79679e41831,auto-10d581bed771,uw_v1@9713344,uw_v1,9713344,tempest_reinforcements@65ddc55,tempest_reinforcements,65ddc55,quarry,official,1,0,rating,b,b,0.0,core_destroyed,76,,127,260,8,15,20,0,12,6,ok,,4.744,n-62-11-60,29004097,2026-08-02T12:47:32+0200
dac1372ad24e4061,auto-10d581bed771,e_t4l7@9e77076,e_t4l7,9e77076,tempest_reinforcements@65ddc55,tempest_reinforcements,65ddc55,sprint,official,1,0,rating,b,b,0.0,core_destroyed,36,,14,70,5,13,30,100,10,10,ok,,3.161,n-62-29-17,29004097,2026-08-02T12:47:20+0200
dad2f92d33bf1cbd,auto-10d581bed771,casemate_oracle@902be71,casemate_oracle,902be71,tempest_reinforcements@65ddc55,tempest_reinforcements,65ddc55,vault,official,1,0,rating,b,b,0.0,core_destroyed,96,,11,0,5,47,70,430,13,15,ok,,6.587,n-62-11-64,29004097,2026-08-02T12:47:44+0200
dad3fdeb40c60eb5,auto-10d581bed771,tempest_reinforcements@65ddc55,tempest_reinforcements,65ddc55,undertow@fdc1e1f,undertow,fdc1e1f,atoll,official,1,0,rating,a,a,1.0,core_destroyed,44,,26,100,11,6,50,180,12,15,ok,,4.834,n-62-21-66,29004097,2026-08-02T12:47:21+0200
dad9fc3bd9d5c5c9,auto-10d581bed771,tempest_reinforcements@65ddc55,tempest_reinforcements,65ddc55,nemesis@9713344,nemesis,9713344,atoll,official,1,0,rating,a,a,1.0,core_destroyed,65,,10,230,11,14,86,0,8,12,ok,,4.323,n-62-31-13,29004097,2026-08-02T12:46:29+0200
dafa0dac512e645e,auto-10d581bed771,undertow_oracle@75591b7,undertow_oracle,75591b7,tempest_reinforcements@65ddc55,tempest_reinforcements,65ddc55,vault,official,1,0,rating,b,b,0.0,core_destroyed,66,,53,300,16,6,17,280,13,17,ok,,6.97,n-62-31-24,29004097,2026-08-02T12:48:59+0200
db0848bac2093a10,auto-10d581bed771,tempest_reinforcements@65ddc55,tempest_reinforcements,65ddc55,tempest_reinforcements@87724ec,tempest_reinforcements,87724ec,bridge,official,1,0,rating,a,a,1.0,core_destroyed,185,,24,880,24,24,74,0,3,4,ok,,12.597,n-62-13-9,29004097,2026-08-02T12:46:22+0200
db15e29a696c100f,auto-10d581bed771,v233_f@9713344,v233_f,9713344,tempest_reinforcements@65ddc55,tempest_reinforcements,65ddc55,quarry,official,1,0,rating,b,b,0.0,core_destroyed,130,,124,520,8,21,10,0,12,6,ok,,5.613,n-62-21-97,29004097,2026-08-02T12:48:40+0200
db2a9d865193112c,auto-10d581bed771,tempest_reinforcements@65ddc55,tempest_reinforcements,65ddc55,autistimusprime@ecd4d24,autistimusprime,ecd4d24,bridge,official,1,0,rating,b,b,0.0,core_destroyed,43,,0,0,11,7,69,40,7,6,ok,,4.201,n-62-31-24,29004097,2026-08-02T12:46:43+0200
db3171dad695596d,auto-10d581bed771,vanguard@da3fd8a,vanguard,da3fd8a,tempest_reinforcements@65ddc55,tempest_reinforcements,65ddc55,strait,official,1,0,rating,b,b,0.0,core_destroyed,121,,143,580,8,16,10,0,12,5,ok,,4.59,n-62-29-29,29004097,2026-08-02T12:48:47+0200
db3905d563cd4c88,auto-10d581bed771,e_final@9e77076,e_final,9e77076,tempest_reinforcements@65ddc55,tempest_reinforcements,65ddc55,crossfire,official,1,0,rating,b,b,0.0,core_destroyed,43,,24,0,8,0,10,90,10,6,ok,,3.751,n-62-21-98,29004097,2026-08-02T12:46:47+0200
db494dd60851d5c2,auto-10d581bed771,siege_v1@9713344,siege_v1,9713344,tempest_reinforcements@65ddc55,tempest_reinforcements,65ddc55,atoll,official,1,0,rating,b,b,0.0,core_destroyed,46,,269,0,4,2,11,100,12,6,ok,,4.002,n-62-11-58,29004097,2026-08-02T12:47:25+0200
db6a1436ebc40ec3,auto-10d581bed771,frontier_v2@9713344,frontier_v2,9713344,tempest_reinforcements@65ddc55,tempest_reinforcements,65ddc55,aurora,official,1,0,rating,b,b,0.0,core_destroyed,44,,113,0,7,4,20,90,11,11,ok,,3.429,n-62-29-22,29004097,2026-08-02T12:47:04+0200
db6c479d35ba5be7,auto-10d581bed771,tempest@da3fd8a,tempest,da3fd8a,tempest_reinforcements@65ddc55,tempest_reinforcements,65ddc55,vault,official,1,0,rating,b,b,0.0,core_destroyed,54,,169,0,7,2,8,160,12,12,ok,,5.287,n-62-21-90,29004097,2026-08-02T12:47:37+0200
db7a8802b3bc43e1,auto-10d581bed771,tempest_reinforcements@65ddc55,tempest_reinforcements,65ddc55,vg_v1@9713344,vg_v1,9713344,duel,official,1,0,rating,a,a,1.0,core_destroyed,44,,15,150,11,10,117,0,7,2,ok,,4.181,n-62-30-24,29004097,2026-08-02T12:47:57+0200
db7bf0d4a3b591ef,auto-10d581bed771,vg_v3@9713344,vg_v3,9713344,tempest_reinforcements@65ddc55,tempest_reinforcements,65ddc55,string,official,1,0,rating,b,b,0.0,core_destroyed,71,,361,0,3,2,40,470,13,16,ok,,3.522,n-62-31-18,29004097,2026-08-02T12:48:34+0200
db7f9c380c059dfb,auto-10d581bed771,tempest_oracle_ferry@fdc1e1f,tempest_oracle_ferry,fdc1e1f,tempest_reinforcements@65ddc55,tempest_reinforcements,65ddc55,quarry,official,1,0,rating,a,a,1.0,core_destroyed,47,,104,80,9,8,10,0,9,4,ok,,4.456,n-62-21-8,29004097,2026-08-02T12:46:44+0200
dbd24afd3426489a,auto-10d581bed771,undertow@9713344,undertow,9713344,tempest_reinforcements@65ddc55,tempest_reinforcements,65ddc55,longship,official,1,0,rating,a,a,1.0,core_destroyed,41,,50,160,12,12,14,80,11,12,ok,,4.887,n-62-21-63,29004097,2026-08-02T12:46:40+0200
dbe31e6d83b0e0ff,auto-10d581bed771,tempest_reinforcements@65ddc55,tempest_reinforcements,65ddc55,tempest_reinforcements@edf93ad,tempest_reinforcements,edf93ad,pinch,official,1,0,rating,a,a,1.0,core_destroyed,42,,8,0,8,4,0,0,8,3,ok,,3.717,n-62-12-67,29004097,2026-08-02T12:47:34+0200
dbeced1c38ad7d53,auto-10d581bed771,v233_e@9713344,v233_e,9713344,tempest_reinforcements@65ddc55,tempest_reinforcements,65ddc55,vase,official,1,0,rating,b,b,0.0,core_destroyed,34,,369,0,3,3,10,0,11,6,ok,,2.718,n-62-21-104,29004097,2026-08-02T12:48:28+0200
dbf8897ec4e9c365,auto-10d581bed771,tempest_reinforcements@65ddc55,tempest_reinforcements,65ddc55,tempest_reinforcements@e1dc316,tempest_reinforcements,e1dc316,fjord,official,1,0,rating,a,a,1.0,core_destroyed,28,,17,50,10,5,18,50,12,4,ok,,4.288,n-62-12-64,29004097,2026-08-02T12:46:53+0200
dc028fc1bbea56d5,auto-10d581bed771,tempest_reinforcements@65ddc55,tempest_reinforcements,65ddc55,v233_d@9713344,v233_d,9713344,skerry,official,1,0,rating,a,a,1.0,core_destroyed,44,,16,80,11,4,51,0,6,4,ok,,4.274,n-62-31-10,29004097,2026-08-02T12:48:48+0200
dc063f2ddb3ea9c7,auto-10d581bed771,tempest_reinforcements@65ddc55,tempest_reinforcements,65ddc55,mistral@ba943b9,mistral,ba943b9,showdown,official,1,0,rating,b,b,0.0,core_destroyed,22,,8,0,10,5,60,0,9,1,ok,,4.482,n-62-31-17,29004097,2026-08-02T12:46:40+0200
dc1b0d97fa74682e,auto-10d581bed771,tempest_reinforcements@65ddc55,tempest_reinforcements,65ddc55,vg_v6@9713344,vg_v6,9713344,aurora,official,1,0,rating,a,a,1.0,core_destroyed,49,,10,100,12,8,126,100,6,8,ok,,3.666,n-62-11-57,29004097,2026-08-02T12:48:11+0200
dc211370b8f75a5e,auto-10d581bed771,tempest_reinforcements@65ddc55,tempest_reinforcements,65ddc55,e_t4l7@9e77076,e_t4l7,9e77076,longship,official,1,0,rating,a,a,1.0,core_destroyed,69,,10,150,12,12,80,280,6,22,ok,,4.072,n-62-29-17,29004097,2026-08-02T12:46:19+0200
dc3c6a56267499c3,auto-10d581bed771,tempest_reinforcements@65ddc55,tempest_reinforcements,65ddc55,tempest_ferry@26b5aa1,tempest_ferry,26b5aa1,sprint,official,1,0,rating,b,b,0.0,core_destroyed,25,,10,40,7,5,69,40,9,6,ok,,4.483,n-62-12-4,29004097,2026-08-02T12:47:02+0200
dc4e468681eafb9e,auto-10d581bed771,undertow_1ac7ac4@da3fd8a,undertow_1ac7ac4,da3fd8a,tempest_reinforcements@65ddc55,tempest_reinforcements,65ddc55,vault,official,1,0,rating,a,a,1.0,core_destroyed,67,,61,300,11,7,17,280,12,15,ok,,5.682,n-62-31-5,29004097,2026-08-02T12:48:39+0200
dc4ed547cf854ff8,auto-10d581bed771,tempest_reinforcements@65ddc55,tempest_reinforcements,65ddc55,v233_g@9713344,v233_g,9713344,vase,official,1,0,rating,b,b,0.0,core_destroyed,41,,12,0,10,4,59,0,8,5,ok,,3.12,n-62-29-18,29004097,2026-08-02T12:48:31+0200
dc81439ed35c2852,auto-10d581bed771,e_post2@4a95297,e_post2,4a95297,tempest_reinforcements@65ddc55,tempest_reinforcements,65ddc55,atoll,official,1,0,rating,b,b,0.0,core_destroyed,70,,91,0,8,2,10,160,11,16,ok,,4.144,n-62-29-20,29004097,2026-08-02T12:46:37+0200
dc8770bce8027121,auto-10d581bed771,casemate@902be71,casemate,902be71,tempest_reinforcements@65ddc55,tempest_reinforcements,65ddc55,strait,official,1,0,rating,b,b,0.0,core_destroyed,595,,539,0,7,34,657,6510,49,88,ok,,21.948,n-62-11-61,29004097,2026-08-02T12:47:56+0200
dc8a9f864148cf40,auto-10d581bed771,mistral_fast@26b5aa1,mistral_fast,26b5aa1,tempest_reinforcements@65ddc55,tempest_reinforcements,65ddc55,aurora,official,1,0,rating,b,b,0.0,core_destroyed,44,,198,0,9,0,20,90,11,11,ok,,4.331,n-62-31-7,29004097,2026-08-02T12:46:40+0200
dc8b0767a87742d9,auto-10d581bed771,tempest_reinforcements@65ddc55,tempest_reinforcements,65ddc55,v233_d@9713344,v233_d,9713344,string,official,1,0,rating,a,a,1.0,titanium_collected,1000,,7522,9740,39,16,2444,0,2,2,ok,,32.029,n-62-31-11,29004097,2026-08-02T12:48:14+0200
dc9cc62202ff9bdb,auto-10d581bed771,opponent_luc@e83a42c,opponent_luc,e83a42c,tempest_reinforcements@65ddc55,tempest_reinforcements,65ddc55,longship,official,1,0,rating,b,b,0.0,core_destroyed,47,,51,90,11,6,10,90,11,14,ok,,6.797,n-62-31-15,29004097,2026-08-02T12:46:28+0200
dccb7291037ca86e,auto-10d581bed771,tempest_picket@fdc1e1f,tempest_picket,fdc1e1f,tempest_reinforcements@65ddc55,tempest_reinforcements,65ddc55,strait,official,1,0,rating,a,a,1.0,core_destroyed,54,,34,0,12,4,10,0,11,4,ok,,4.963,n-62-21-23,29004097,2026-08-02T12:46:17+0200
dccf3497f985238a,auto-10d581bed771,tempest_reinforcements@65ddc55,tempest_reinforcements,65ddc55,vg_v2@9713344,vg_v2,9713344,twins,official,1,0,rating,a,a,1.0,core_destroyed,47,,20,100,10,9,54,260,5,14,ok,,3.957,n-62-31-5,29004097,2026-08-02T12:49:09+0200
dcd3062d1dce003f,auto-10d581bed771,vg_v5@9713344,vg_v5,9713344,tempest_reinforcements@65ddc55,tempest_reinforcements,65ddc55,bridge,official,1,0,rating,b,b,0.0,titanium_collected,1000,,3549,1070,1,5,1068,4820,49,21,ok,,29.349,n-62-31-20,29004097,2026-08-02T12:49:13+0200
dcf0452d40cbdd85,auto-10d581bed771,v233_d@9713344,v233_d,9713344,tempest_reinforcements@65ddc55,tempest_reinforcements,65ddc55,jackpot,official,1,0,rating,b,b,0.0,core_destroyed,78,,115,0,4,3,52,180,14,7,ok,,4.616,n-62-31-10,29004097,2026-08-02T12:48:00+0200
dcfc8c0347f8224f,auto-10d581bed771,tempest_reinforcements@65ddc55,tempest_reinforcements,65ddc55,vg_v6@9713344,vg_v6,9713344,showdown,official,1,0,rating,a,a,1.0,core_destroyed,38,,10,0,10,8,84,0,8,4,ok,,3.097,n-62-11-54,29004097,2026-08-02T12:48:18+0200
dcfcdeeb4a6980a3,auto-10d581bed771,mistral@ba943b9,mistral,ba943b9,tempest_reinforcements@65ddc55,tempest_reinforcements,65ddc55,vase,official,1,0,rating,b,b,0.0,core_destroyed,28,,181,0,6,0,16,0,10,5,ok,,3.53,n-62-31-17,29004097,2026-08-02T12:47:54+0200
dcfe0cd74bbca9c3,auto-10d581bed771,casemate_oracle@902be71,casemate_oracle,902be71,tempest_reinforcements@65ddc55,tempest_reinforcements,65ddc55,longship,official,1,0,rating,b,b,0.0,core_destroyed,49,,81,0,6,26,10,100,10,13,ok,,5.358,n-62-11-63,29004097,2026-08-02T12:46:40+0200
dd1a55f2b01b6fef,auto-10d581bed771,tempest_reinforcements@65ddc55,tempest_reinforcements,65ddc55,v233_d@9713344,v233_d,9713344,sprint,official,1,0,rating,a,a,1.0,core_destroyed,36,,19,70,10,7,67,130,9,8,ok,,4.08,n-62-31-10,29004097,2026-08-02T12:48:57+0200
dd36a8933ca53581,auto-10d581bed771,tempest_reinforcements@65ddc55,tempest_reinforcements,65ddc55,undertow_oracle@75591b7,undertow_oracle,75591b7,fjord,official,1,0,rating,a,a,1.0,core_destroyed,33,,20,70,11,5,95,120,5,7,ok,,3.991,n-62-31-22,29004097,2026-08-02T12:48:26+0200
dd3e726dd32a42a7,auto-10d581bed771,tempest_reinforcements@65ddc55,tempest_reinforcements,65ddc55,vg_v6@9713344,vg_v6,9713344,skerry,official,1,0,rating,a,a,1.0,core_destroyed,51,,16,110,12,5,72,0,6,5,ok,,3.523,n-62-11-54,29004097,2026-08-02T12:48:25+0200
dd4d89a11dda1f4e,auto-10d581bed771,tempest_reinforcements@65ddc55,tempest_reinforcements,65ddc55,claude_challenger_3@fdc1e1f,claude_challenger_3,fdc1e1f,jackpot,official,1,0,rating,a,a,1.0,core_destroyed,36,,20,70,11,7,590,0,0,0,ok,,2.433,n-62-31-9,29004097,2026-08-02T12:46:54+0200
dd5b2991e9acd398,auto-10d581bed771,undertow_1ac7ac4@da3fd8a,undertow_1ac7ac4,da3fd8a,tempest_reinforcements@65ddc55,tempest_reinforcements,65ddc55,duel,official,1,0,rating,a,a,1.0,core_destroyed,35,,58,150,9,10,7,70,10,4,ok,,4.318,n-62-21-69,29004097,2026-08-02T12:46:26+0200
dd69dd1613ea4097,auto-10d581bed771,casemate@902be71,casemate,902be71,tempest_reinforcements@65ddc55,tempest_reinforcements,65ddc55,atoll,official,1,0,rating,b,b,0.0,titanium_collected,1000,,2347,0,1,30,206,4930,49,107,ok,,28.158,n-62-11-60,29004097,2026-08-02T12:47:09+0200
dd7254dfb031db20,auto-10d581bed771,claude_challenger_3@fdc1e1f,claude_challenger_3,fdc1e1f,tempest_reinforcements@65ddc55,tempest_reinforcements,65ddc55,showdown,official,1,0,rating,b,b,0.0,core_destroyed,19,,540,0,0,0,10,0,10,8,ok,,2.099,n-62-31-9,29004097,2026-08-02T12:47:44+0200
dd824141a7196ee9,auto-10d581bed771,tempest_reinforcements@65ddc55,tempest_reinforcements,65ddc55,vanguard@818f3b4,vanguard,818f3b4,longship,official,1,0,rating,a,a,1.0,core_destroyed,47,,10,90,11,12,71,180,11,8,ok,,3.929,n-62-29-17,29004097,2026-08-02T12:48:47+0200
ddc331ff3d0c90b2,auto-10d581bed771,tempest_reinforcements@65ddc55,tempest_reinforcements,65ddc55,vanguard@818f3b4,vanguard,818f3b4,jackpot,official,1,0,rating,a,a,1.0,core_destroyed,85,,26,320,12,24,115,370,5,7,ok,,4.191,n-62-29-17,29004097,2026-08-02T12:48:38+0200
ddd2b33c8db7f991,auto-10d581bed771,v233_a@9713344,v233_a,9713344,tempest_reinforcements@65ddc55,tempest_reinforcements,65ddc55,jackpot,official,1,0,rating,b,b,0.0,core_destroyed,62,,60,0,1,4,10,140,12,7,ok,,3.669,n-62-11-63,29004097,2026-08-02T12:49:32+0200
ddd7603d1bfe734a,auto-10d581bed771,attack_wave_v1@9713344,attack_wave_v1,9713344,tempest_reinforcements@65ddc55,tempest_reinforcements,65ddc55,string,official,1,0,rating,b,b,0.0,core_destroyed,88,,339,0,2,2,68,440,14,16,ok,,4.609,n-62-31-22,29004097,2026-08-02T12:47:07+0200
dde1dd44b0491b6a,auto-10d581bed771,tempest_reinforcements@65ddc55,tempest_reinforcements,65ddc55,v233_e@9713344,v233_e,9713344,twins,official,1,0,rating,a,a,1.0,core_destroyed,55,,20,120,11,9,142,320,8,16,ok,,4.071,n-62-21-104,29004097,2026-08-02T12:48:17+0200
dde39525bf26b7b3,auto-10d581bed771,tempest_reinforcements@65ddc55,tempest_reinforcements,65ddc55,tempest_reinforcements@87724ec,tempest_reinforcements,87724ec,sprint,official,1,0,rating,a,a,1.0,core_destroyed,33,,9,60,8,6,21,60,10,5,ok,,10.802,n-62-12-65,29004097,2026-08-02T12:47:07+0200
de02bac2ff122e3c,auto-10d581bed771,tempest_reinforcements@65ddc55,tempest_reinforcements,65ddc55,nemesis@9713344,nemesis,9713344,vase,official,1,0,rating,a,a,1.0,core_destroyed,172,,20,0,14,10,110,0,5,2,ok,,5.497,n-62-31-20,29004097,2026-08-02T12:46:23+0200
de1e33ab3b1f79f0,auto-10d581bed771,tempest_frontier@fdc1e1f,tempest_frontier,fdc1e1f,tempest_reinforcements@65ddc55,tempest_reinforcements,65ddc55,bridge,official,1,0,rating,b,b,0.0,core_destroyed,71,,295,0,5,3,20,0,10,8,ok,,4.066,n-62-12-7,29004097,2026-08-02T12:46:56+0200
de3d178d1094e56e,auto-10d581bed771,tempest_reinforcements@65ddc55,tempest_reinforcements,65ddc55,vanguard_oracle@fdc1e1f,vanguard_oracle,fdc1e1f,atoll,official,1,0,rating,b,b,0.0,core_destroyed,39,,1,80,10,5,68,150,10,7,ok,,4.072,n-62-28-29,29004097,2026-08-02T12:48:38+0200
de89314cd040e399,auto-10d581bed771,tempest_reinforcements@65ddc55,tempest_reinforcements,65ddc55,vg_v7@9713344,vg_v7,9713344,hive,official,1,0,rating,a,a,1.0,core_destroyed,55,,10,110,12,11,64,0,7,8,ok,,3.99,n-62-11-58,29004097,2026-08-02T12:49:52+0200
de8fcfc0ea2c0c06,auto-10d581bed771,tempest_reinforcements@65ddc55,tempest_reinforcements,65ddc55,riptide@9713344,riptide,9713344,atoll,official,1,0,rating,a,a,1.0,core_destroyed,50,,10,110,12,6,54,0,7,5,ok,,4.011,n-62-11-54,29004097,2026-08-02T12:46:56+0200
de93328cc322825e,auto-10d581bed771,tempest@da3fd8a,tempest,da3fd8a,tempest_reinforcements@65ddc55,tempest_reinforcements,65ddc55,hive,official,1,0,rating,b,b,0.0,core_destroyed,42,,344,80,4,6,10,80,10,13,ok,,6.206,n-62-11-56,29004097,2026-08-02T12:47:01+0200
decfb46dcfe956e6,auto-10d581bed771,tempest_reinforcements@65ddc55,tempest_reinforcements,65ddc55,vanguard@da3fd8a,vanguard,da3fd8a,vault,official,1,0,rating,a,a,1.0,core_destroyed,45,,10,100,12,6,109,190,8,6,ok,,3.867,n-62-29-5,29004097,2026-08-02T12:48:08+0200
dee84c89f96ec75d,auto-10d581bed771,tempest_reinforcements@65ddc55,tempest_reinforcements,65ddc55,e_harc@6db8844,e_harc,6db8844,vase,official,1,0,rating,a,a,1.0,core_destroyed,94,,10,0,13,6,224,0,8,0,ok,,4.784,n-62-29-20,29004097,2026-08-02T12:46:13+0200
deee5448017e0af7,auto-10d581bed771,tempest_reinforcements@87724ec,tempest_reinforcements,87724ec,tempest_reinforcements@65ddc55,tempest_reinforcements,65ddc55,atoll,official,1,0,rating,a,a,1.0,core_destroyed,29,,1,0,11,3,9,60,11,5,ok,,5.419,n-62-13-8,29004097,2026-08-02T12:48:29+0200
df1413ff575bad5f,auto-10d581bed771,tempest_reinforcements@65ddc55,tempest_reinforcements,65ddc55,vanguard@9932bec,vanguard,9932bec,pinch,official,1,0,rating,a,a,1.0,core_destroyed,29,,10,50,10,9,83,0,2,4,ok,,3.244,n-62-29-15,29004097,2026-08-02T12:47:41+0200
df28b6dee3f7207e,auto-10d581bed771,tempest_reinforcements@65ddc55,tempest_reinforcements,65ddc55,vanguard@c407e79,vanguard,c407e79,vault,official,1,0,rating,a,a,1.0,core_destroyed,42,,8,90,11,6,32,180,15,6,ok,,4.606,n-62-29-26,29004097,2026-08-02T12:48:00+0200
df2f8640d0f849f1,auto-10d581bed771,tempest_reinforcements@e1dc316,tempest_reinforcements,e1dc316,tempest_reinforcements@65ddc55,tempest_reinforcements,65ddc55,strait,official,1,0,rating,a,a,1.0,core_destroyed,39,,0,70,13,7,17,0,9,4,ok,,4.849,n-62-12-66,29004097,2026-08-02T12:46:58+0200
df397dc1c7a76294,auto-10d581bed771,attack_wave_v1@9713344,attack_wave_v1,9713344,tempest_reinforcements@65ddc55,tempest_reinforcements,65ddc55,longship,official,1,0,rating,b,b,0.0,core_destroyed,47,,171,0,6,4,10,100,11,15,ok,,3.868,n-62-31-5,29004097,2026-08-02T12:47:22+0200
df418e29b3b72b80,auto-10d581bed771,tempest_reinforcements@65ddc55,tempest_reinforcements,65ddc55,lockin@9713344,lockin,9713344,hive,official,1,0,rating,a,a,1.0,core_destroyed,48,,30,100,10,15,65,100,12,4,ok,,6.26,n-62-30-23,29004097,2026-08-02T12:47:03+0200
df5bab4dc884a737,auto-10d581bed771,tempest_reinforcements@65ddc55,tempest_reinforcements,65ddc55,tempest_reinforcements@51ad530,tempest_reinforcements,51ad530,aurora,official,1,0,rating,a,a,1.0,core_destroyed,40,,27,80,10,8,20,70,12,9,ok,,4.254,n-62-13-7,29004097,2026-08-02T12:47:33+0200
df61c259d45e1872,auto-10d581bed771,attack_wave_v1@9713344,attack_wave_v1,9713344,tempest_reinforcements@65ddc55,tempest_reinforcements,65ddc55,hive,official,1,0,rating,b,b,0.0,core_destroyed,42,,157,0,6,4,10,80,10,13,ok,,3.616,n-62-31-5,29004097,2026-08-02T12:47:07+0200
df82e567c44b1606,auto-10d581bed771,v233_b@9713344,v233_b,9713344,tempest_reinforcements@65ddc55,tempest_reinforcements,65ddc55,bridge,official,1,0,rating,b,b,0.0,titanium_collected,1000,,2965,620,6,8,485,4820,49,21,ok,,30.939,n-62-11-65,29004097,2026-08-02T12:48:43+0200
df87f84af42d4996,auto-10d581bed771,tempest_reinforcements@65ddc55,tempest_reinforcements,65ddc55,undertow_oracle@fdc1e1f,undertow_oracle,fdc1e1f,vault,official,1,0,rating,a,a,1.0,core_destroyed,44,,27,100,12,6,52,170,11,6,ok,,5.237,n-62-31-4,29004097,2026-08-02T12:49:31+0200
dfa6a9786c3d065d,auto-10d581bed771,tempest_ferry@26b5aa1,tempest_ferry,26b5aa1,tempest_reinforcements@65ddc55,tempest_reinforcements,65ddc55,twins,official,1,0,rating,a,a,1.0,core_destroyed,41,,23,0,12,4,10,0,7,4,ok,,4.715,n-62-12-4,29004097,2026-08-02T12:47:44+0200
dfacc05f7fff6f13,auto-10d581bed771,uw_v1@9713344,uw_v1,9713344,tempest_reinforcements@65ddc55,tempest_reinforcements,65ddc55,hive,official,1,0,rating,b,b,0.0,core_destroyed,82,,60,20,5,5,10,180,13,13,ok,,4.793,n-62-31-23,29004097,2026-08-02T12:48:43+0200
dfc2bb9ba511dcdd,auto-10d581bed771,tempest_reinforcements@65ddc55,tempest_reinforcements,65ddc55,vanguard@da3fd8a,vanguard,da3fd8a,atoll,official,1,0,rating,b,b,0.0,core_destroyed,58,,8,70,12,4,58,260,11,10,ok,,4.156,n-62-29-26,29004097,2026-08-02T12:48:09+0200
dfe0046ad3f8151a,auto-10d581bed771,vg_v7@9713344,vg_v7,9713344,tempest_reinforcements@65ddc55,tempest_reinforcements,65ddc55,longship,official,1,0,rating,b,b,0.0,core_destroyed,63,,108,130,7,10,11,130,11,14,ok,,4.765,n-62-31-22,29004097,2026-08-02T12:48:11+0200
dfe2300af2e65132,auto-10d581bed771,tempest_reinforcements@65ddc55,tempest_reinforcements,65ddc55,tempest@da3fd8a,tempest,da3fd8a,hive,official,1,0,rating,a,a,1.0,core_destroyed,71,,10,150,8,11,140,0,7,3,ok,,6.976,n-62-11-56,29004097,2026-08-02T12:46:55+0200
e0040ce22a9619c7,auto-10d581bed771,tempest_reinforcements@65ddc55,tempest_reinforcements,65ddc55,siege_v2@9713344,siege_v2,9713344,duel,official,1,0,rating,a,a,1.0,core_destroyed,32,,20,70,10,5,193,0,5,3,ok,,3.004,n-62-11-51,29004097,2026-08-02T12:46:18+0200
e0077923cfa10cee,auto-10d581bed771,casemate_oracle@902be71,casemate_oracle,902be71,tempest_reinforcements@65ddc55,tempest_reinforcements,65ddc55,bridge,official,1,0,rating,b,b,0.0,core_destroyed,41,,178,0,6,4,10,0,10,8,ok,,2.837,n-62-11-62,29004097,2026-08-02T12:48:15+0200
e010fc4c2b80893d,auto-10d581bed771,tempest_reinforcements@65ddc55,tempest_reinforcements,65ddc55,mistral@ba943b9,mistral,ba943b9,vault,official,1,0,rating,a,a,1.0,core_destroyed,42,,9,90,11,6,182,0,8,0,ok,,7.041,n-62-31-7,29004097,2026-08-02T12:46:15+0200
e01229e585594285,auto-10d581bed771,jonbot@da3fd8a,jonbot,da3fd8a,tempest_reinforcements@65ddc55,tempest_reinforcements,65ddc55,longship,official,1,0,rating,b,b,0.0,core_destroyed,56,,142,120,7,20,28,120,10,13,ok,,4.52,n-62-29-33,29004097,2026-08-02T12:47:06+0200
e0131b62757cb803,auto-10d581bed771,tempest_sentinel@fdc1e1f,tempest_sentinel,fdc1e1f,tempest_reinforcements@65ddc55,tempest_reinforcements,65ddc55,twins,official,1,0,rating,b,b,0.0,core_destroyed,68,,31,0,7,3,20,0,7,4,ok,,4.129,n-62-21-56,29004097,2026-08-02T12:47:32+0200
e0135970d3bacd85,auto-10d581bed771,tempest_reinforcements@65ddc55,tempest_reinforcements,65ddc55,jonbot@da3fd8a,jonbot,da3fd8a,fjord,official,1,0,rating,a,a,1.0,core_destroyed,47,,10,100,8,5,90,100,10,6,ok,,5.209,n-62-29-33,29004097,2026-08-02T12:46:31+0200
e0218cdeb6b5dda5,auto-10d581bed771,tempest_reinforcements@65ddc55,tempest_reinforcements,65ddc55,tempest_sentinel@fdc1e1f,tempest_sentinel,fdc1e1f,atoll,official,1,0,rating,a,a,1.0,core_destroyed,32,,18,50,11,5,66,60,7,5,ok,,3.712,n-62-21-54,29004097,2026-08-02T12:46:26+0200
e02ea9901e621699,auto-10d581bed771,vanguard@9932bec,vanguard,9932bec,tempest_reinforcements@65ddc55,tempest_reinforcements,65ddc55,string,official,1,0,rating,b,b,0.0,core_destroyed,62,,34,50,5,14,16,140,13,7,ok,,3.603,n-62-29-15,29004097,2026-08-02T12:48:42+0200
e02f808edd90315a,auto-10d581bed771,tempest_reinforcements@65ddc55,tempest_reinforcements,65ddc55,tempest_reinforcements@025dd51,tempest_reinforcements,025dd51,sweden,official,1,0,rating,b,b,0.0,core_destroyed,67,,8,100,13,8,4,0,10,6,ok,,4.921,n-62-13-7,29004097,2026-08-02T12:46:47+0200
e03452ae3a9b4f05,auto-10d581bed771,tempest_sentinel@fdc1e1f,tempest_sentinel,fdc1e1f,tempest_reinforcements@65ddc55,tempest_reinforcements,65ddc55,duel,official,1,0,rating,b,b,0.0,core_destroyed,33,,44,0,7,1,9,30,9,4,ok,,3.603,n-62-21-54,29004097,2026-08-02T12:47:03+0200
e0376d6a2c7e8a98,auto-10d581bed771,e_t4l7@9e77076,e_t4l7,9e77076,tempest_reinforcements@65ddc55,tempest_reinforcements,65ddc55,vase,official,1,0,rating,b,b,0.0,core_destroyed,46,,13,0,4,10,10,0,10,6,ok,,3.06,n-62-29-19,29004097,2026-08-02T12:46:55+0200
e06a24a9ea5ebd00,auto-10d581bed771,tempest@da3fd8a,tempest,da3fd8a,tempest_reinforcements@65ddc55,tempest_reinforcements,65ddc55,atoll,official,1,0,rating,a,a,1.0,core_destroyed,31,,24,0,13,3,7,50,10,4,ok,,4.512,n-62-11-52,29004097,2026-08-02T12:47:17+0200
e06c7c4cb423960c,auto-10d581bed771,claude_challenger_2@fdc1e1f,claude_challenger_2,fdc1e1f,tempest_reinforcements@65ddc55,tempest_reinforcements,65ddc55,skerry,official,1,0,rating,b,b,0.0,core_destroyed,47,,115,200,11,5,31,180,12,9,ok,,5.687,n-62-11-68,29004097,2026-08-02T12:47:53+0200
e08afbbb19142392,auto-10d581bed771,tempest_reinforcements@65ddc55,tempest_reinforcements,65ddc55,e_harc@6db8844,e_harc,6db8844,jackpot,official,1,0,rating,a,a,1.0,core_destroyed,77,,20,180,14,7,111,140,5,10,ok,,4.337,n-62-28-29,29004097,2026-08-02T12:47:25+0200
e08c6e33bd99b7b7,auto-10d581bed771,vanguard@9932bec,vanguard,9932bec,tempest_reinforcements@65ddc55,tempest_reinforcements,65ddc55,vase,official,1,0,rating,b,b,0.0,core_destroyed,55,,88,20,6,5,10,0,11,6,ok,,3.79,n-62-29-21,29004097,2026-08-02T12:47:46+0200
e08e4c6adc20fccc,auto-10d581bed771,tempest_reinforcements@65ddc55,tempest_reinforcements,65ddc55,nemesis@9713344,nemesis,9713344,skerry,official,1,0,rating,a,a,1.0,core_destroyed,82,,59,470,15,16,100,130,7,10,ok,,5.706,n-62-31-16,29004097,2026-08-02T12:46:59+0200
e09b98a3c5e8526d,auto-10d581bed771,tempest_reinforcements@65ddc55,tempest_reinforcements,65ddc55,vanguard_oracle@fdc1e1f,vanguard_oracle,fdc1e1f,strait,official,1,0,rating,a,a,1.0,core_destroyed,71,,10,150,12,11,87,300,11,8,ok,,4.848,n-62-30-23,29004097,2026-08-02T12:47:55+0200
e09f05187dd425ff,auto-10d581bed771,tempest_reinforcements@65ddc55,tempest_reinforcements,65ddc55,casemate_oracle@902be71,casemate_oracle,902be71,sweden,official,1,0,rating,a,a,1.0,titanium_collected,1000,,3198,7140,43,51,2571,0,4,28,ok,,36.436,n-62-11-64,29004097,2026-08-02T12:46:55+0200
e0a8d1e82ef9fdd9,auto-10d581bed771,tempest_frontier@fdc1e1f,tempest_frontier,fdc1e1f,tempest_reinforcements@65ddc55,tempest_reinforcements,65ddc55,duel,official,1,0,rating,a,a,1.0,core_destroyed,25,,59,0,10,2,9,50,10,4,ok,,4.225,n-62-12-7,29004097,2026-08-02T12:47:15+0200
e0af46b44b45bffc,auto-10d581bed771,tempest_reinforcements@65ddc55,tempest_reinforcements,65ddc55,undertow_1ac7ac4@da3fd8a,undertow_1ac7ac4,da3fd8a,aurora,official,1,0,rating,a,a,1.0,core_destroyed,54,,10,110,11,8,121,220,6,9,ok,,4.524,n-62-21-68,29004097,2026-08-02T12:47:39+0200
e0bf97bde1d5d8e0,auto-10d581bed771,claude_challenger_1@fdc1e1f,claude_challenger_1,fdc1e1f,tempest_reinforcements@65ddc55,tempest_reinforcements,65ddc55,sweden,official,1,0,rating,b,b,0.0,core_destroyed,42,,600,0,0,0,10,0,10,6,ok,,2.793,n-62-11-66,29004097,2026-08-02T12:46:38+0200
e0cf664db820a170,auto-10d581bed771,tempest_reinforcements@65ddc55,tempest_reinforcements,65ddc55,mistral_fast@26b5aa1,mistral_fast,26b5aa1,duel,official,1,0,rating,b,b,0.0,core_destroyed,22,,17,40,9,3,60,0,10,1,ok,,3.905,n-62-31-7,29004097,2026-08-02T12:47:02+0200
e0dbb79b85213be2,auto-10d581bed771,v233_d@9713344,v233_d,9713344,tempest_reinforcements@65ddc55,tempest_reinforcements,65ddc55,fjord,official,1,0,rating,b,b,0.0,core_destroyed,50,,70,210,9,6,6,110,13,5,ok,,4.744,n-62-31-10,29004097,2026-08-02T12:47:40+0200
e0e1abd415b5430a,auto-10d581bed771,tempest_reinforcements@65ddc55,tempest_reinforcements,65ddc55,e_post2@4a95297,e_post2,4a95297,sweden,official,1,0,rating,a,a,1.0,core_destroyed,67,,10,0,10,7,112,0,10,5,ok,,3.766,n-62-29-24,29004097,2026-08-02T12:47:40+0200
e0ee77c5a8009e44,auto-10d581bed771,tempest_reinforcements@65ddc55,tempest_reinforcements,65ddc55,undertow@da3fd8a,undertow,da3fd8a,sweden,official,1,0,rating,a,a,1.0,core_destroyed,233,,25,1390,28,44,852,1340,6,18,ok,,12.616,n-62-21-66,29004097,2026-08-02T12:46:41+0200
e0f1964d97e7a055,auto-10d581bed771,tempest_reinforcements@65ddc55,tempest_reinforcements,65ddc55,vanguard@da3fd8a,vanguard,da3fd8a,strait,official,1,0,rating,a,a,1.0,core_destroyed,60,,30,130,12,11,131,300,7,14,ok,,3.605,n-62-29-29,29004097,2026-08-02T12:48:43+0200
e104f5e12ba1b391,auto-10d581bed771,tempest_reinforcements@87724ec,tempest_reinforcements,87724ec,tempest_reinforcements@65ddc55,tempest_reinforcements,65ddc55,jackpot,official,1,0,rating,b,b,0.0,core_destroyed,40,,80,0,8,2,20,80,11,7,ok,,6.19,n-62-13-9,29004097,2026-08-02T12:47:52+0200
e1079bbb7ac3d9f8,auto-10d581bed771,tempest_reinforcements@65ddc55,tempest_reinforcements,65ddc55,reaver@9713344,reaver,9713344,quarry,official,1,0,rating,a,a,1.0,core_destroyed,50,,11,80,11,8,14,20,8,15,ok,,3.972,n-62-11-53,29004097,2026-08-02T12:46:51+0200
e10bb40cc5b77cae,auto-10d581bed771,tempest_fast@eb1f0f3,tempest_fast,eb1f0f3,tempest_reinforcements@65ddc55,tempest_reinforcements,65ddc55,twins,official,1,0,rating,a,a,1.0,core_destroyed,42,,58,0,10,4,10,0,7,4,ok,,4.206,n-62-12-3,29004097,2026-08-02T12:47:19+0200
e10e3a67000e012e,auto-10d581bed771,siege_v1@9713344,siege_v1,9713344,tempest_reinforcements@65ddc55,tempest_reinforcements,65ddc55,bridge,official,1,0,rating,b,b,0.0,core_destroyed,42,,289,0,6,1,10,0,10,8,ok,,3.036,n-62-11-58,29004097,2026-08-02T12:47:45+0200
e11acc86d3eda6ba,auto-10d581bed771,claude_challenger_2@fdc1e1f,claude_challenger_2,fdc1e1f,tempest_reinforcements@65ddc55,tempest_reinforcements,65ddc55,longship,official,1,0,rating,b,b,0.0,core_destroyed,47,,49,90,12,5,10,90,11,14,ok,,6.619,n-62-11-68,29004097,2026-08-02T12:47:02+0200
e12cca57da9677d9,auto-10d581bed771,tempest_reinforcements@65ddc55,tempest_reinforcements,65ddc55,vg_v1@9713344,vg_v1,9713344,skerry,official,1,0,rating,a,a,1.0,core_destroyed,52,,34,120,12,5,85,0,5,4,ok,,4.744,n-62-31-14,29004097,2026-08-02T12:47:48+0200
e12da5e22a2e26c0,auto-10d581bed771,tempest_reinforcements@e1dc316,tempest_reinforcements,e1dc316,tempest_reinforcements@65ddc55,tempest_reinforcements,65ddc55,twins,official,1,0,rating,a,a,1.0,core_destroyed,33,,9,60,12,6,4,0,11,4,ok,,4.258,n-62-12-66,29004097,2026-08-02T12:47:55+0200
e13cf27d06e004b7,auto-10d581bed771,tempest_reinforcements@65ddc55,tempest_reinforcements,65ddc55,vg_v6@9713344,vg_v6,9713344,strait,official,1,0,rating,a,a,1.0,core_destroyed,72,,20,160,13,11,100,310,7,16,ok,,3.745,n-62-11-54,29004097,2026-08-02T12:48:38+0200
e14e1edf115ffab0,auto-10d581bed771,vanguard_oracle@fdc1e1f,vanguard_oracle,fdc1e1f,tempest_reinforcements@65ddc55,tempest_reinforcements,65ddc55,aurora,official,1,0,rating,b,b,0.0,core_destroyed,49,,127,200,8,8,20,100,11,11,ok,,4.141,n-62-28-29,29004097,2026-08-02T12:48:51+0200
e184bf34ed43b79e,auto-10d581bed771,attack_wave_v1@9713344,attack_wave_v1,9713344,tempest_reinforcements@65ddc55,tempest_reinforcements,65ddc55,fjord,official,1,0,rating,b,b,0.0,core_destroyed,25,,126,0,6,4,10,50,11,5,ok,,3.57,n-62-31-5,29004097,2026-08-02T12:46:59+0200
e189eeeaaa886f2c,auto-10d581bed771,opponent_luc@e83a42c,opponent_luc,e83a42c,tempest_reinforcements@65ddc55,tempest_reinforcements,65ddc55,twins,official,1,0,rating,b,b,0.0,core_destroyed,75,,37,310,8,10,10,0,10,9,ok,,6.928,n-62-11-57,29004097,2026-08-02T12:46:42+0200
e1954ea834897c6f,auto-10d581bed771,tempest_reinforcements@65ddc55,tempest_reinforcements,65ddc55,tempest_blindfire@fdc1e1f,tempest_blindfire,fdc1e1f,crossfire,official,1,0,rating,b,b,0.0,core_destroyed,36,,16,70,10,5,132,80,6,5,ok,,3.807,n-62-21-91,29004097,2026-08-02T12:46:30+0200
e1ba47a2178e4402,auto-10d581bed771,e_t4l7@9e77076,e_t4l7,9e77076,tempest_reinforcements@65ddc55,tempest_reinforcements,65ddc55,fjord,official,1,0,rating,b,b,0.0,core_destroyed,54,,83,320,3,11,10,120,11,5,ok,,3.698,n-62-29-15,29004097,2026-08-02T12:47:24+0200
e1c19e923893fa16,auto-10d581bed771,tempest_reinforcements@65ddc55,tempest_reinforcements,65ddc55,vanguard_oracle@902be71,vanguard_oracle,902be71,hive,official,1,0,rating,a,a,1.0,core_destroyed,48,,30,100,11,11,99,100,9,4,ok,,4.971,n-62-29-32,29004097,2026-08-02T12:47:55+0200
e1dcbae8480c5b63,auto-10d581bed771,tempest_reinforcements@65ddc55,tempest_reinforcements,65ddc55,jonbot@da3fd8a,jonbot,da3fd8a,duel,official,1,0,rating,b,b,0.0,core_destroyed,43,,9,100,10,3,46,90,8,11,ok,,4.423,n-62-29-33,29004097,2026-08-02T12:46:22+0200
e1e858f344e7d272,auto-10d581bed771,tempest_reinforcements@65ddc55,tempest_reinforcements,65ddc55,vanguard_oracle@75591b7,vanguard_oracle,75591b7,pinch,official,1,0,rating,a,a,1.0,core_destroyed,25,,10,40,10,9,113,0,7,3,ok,,3.11,n-62-29-30,29004097,2026-08-02T12:48:16+0200
e1edcd4eeb5c96ea,auto-10d581bed771,tempest_reinforcements@65ddc55,tempest_reinforcements,65ddc55,tempest_frontier@fdc1e1f,tempest_frontier,fdc1e1f,longship,official,1,0,rating,b,b,0.0,core_destroyed,34,,1,60,11,11,58,0,11,4,ok,,6.027,n-62-21-18,29004097,2026-08-02T12:46:14+0200
e20d37dda819ad05,auto-10d581bed771,tempest_reinforcements@65ddc55,tempest_reinforcements,65ddc55,jonbot@da3fd8a,jonbot,da3fd8a,bridge,official,1,0,rating,a,a,1.0,core_destroyed,105,,41,240,11,21,328,20,4,13,ok,,3.327,n-62-29-30,29004097,2026-08-02T12:47:20+0200
e21d0989fcc14315,auto-10d581bed771,vanguard@818f3b4,vanguard,818f3b4,tempest_reinforcements@65ddc55,tempest_reinforcements,65ddc55,skerry,official,1,0,rating,b,b,0.0,core_destroyed,43,,70,180,8,5,10,100,11,5,ok,,4.06,n-62-29-19,29004097,2026-08-02T12:48:09+0200
e2208960d1ece15f,auto-10d581bed771,tempest_reinforcements@65ddc55,tempest_reinforcements,65ddc55,vanguard_oracle@902be71,vanguard_oracle,902be71,quarry,official,1,0,rating,a,a,1.0,core_destroyed,39,,10,0,11,6,114,120,8,12,ok,,3.678,n-62-29-32,29004097,2026-08-02T12:48:36+0200
e22943e6733bd4f7,auto-10d581bed771,tempest_reinforcements@65ddc55,tempest_reinforcements,65ddc55,titanium_v1@9713344,titanium_v1,9713344,jackpot,official,1,0,rating,a,a,1.0,core_destroyed,39,,10,80,11,7,364,0,3,2,ok,,3.009,n-62-21-57,29004097,2026-08-02T12:47:19+0200
e22af24432a82b1f,auto-10d581bed771,tempest_reinforcements@65ddc55,tempest_reinforcements,65ddc55,vanguard@818f3b4,vanguard,818f3b4,sweden,official,1,0,rating,a,a,1.0,core_destroyed,231,,10,0,18,3,258,1240,14,17,ok,,8.852,n-62-29-19,29004097,2026-08-02T12:48:45+0200
e232c92393a5b0d4,auto-10d581bed771,vg_v3@9713344,vg_v3,9713344,tempest_reinforcements@65ddc55,tempest_reinforcements,65ddc55,crossfire,official,1,0,rating,b,b,0.0,core_destroyed,38,,80,40,6,5,10,80,10,6,ok,,3.523,n-62-31-7,29004097,2026-08-02T12:48:38+0200
e23da650b4698b18,auto-10d581bed771,tempest_reinforcements@65ddc55,tempest_reinforcements,65ddc55,v233_d@9713344,v233_d,9713344,vault,official,1,0,rating,a,a,1.0,core_destroyed,65,,3,250,10,23,309,150,7,11,ok,,3.609,n-62-31-11,29004097,2026-08-02T12:48:44+0200
e251794720a174f7,auto-10d581bed771,tempest_reinforcements@65ddc55,tempest_reinforcements,65ddc55,vanguard@da3fd8a,vanguard,da3fd8a,pinch,official,1,0,rating,a,a,1.0,core_destroyed,29,,8,50,10,9,106,0,2,4,ok,,2.949,n-62-29-29,29004097,2026-08-02T12:48:00+0200
e25ba940a70eed25,auto-10d581bed771,vanguard_oracle@fdc1e1f,vanguard_oracle,fdc1e1f,tempest_reinforcements@65ddc55,tempest_reinforcements,65ddc55,crossfire,official,1,0,rating,a,a,1.0,core_destroyed,37,,83,130,8,7,9,80,12,5,ok,,3.788,n-62-28-29,29004097,2026-08-02T12:49:09+0200
e2831189e77ce0a9,auto-10d581bed771,v233_b@9713344,v233_b,9713344,tempest_reinforcements@65ddc55,tempest_reinforcements,65ddc55,atoll,official,1,0,rating,b,b,0.0,core_destroyed,51,,80,110,4,6,10,110,10,6,ok,,3.485,n-62-11-65,29004097,2026-08-02T12:47:57+0200
e28cb311b37d7609,auto-10d581bed771,v233_d@9713344,v233_d,9713344,tempest_reinforcements@65ddc55,tempest_reinforcements,65ddc55,skerry,official,1,0,rating,b,b,0.0,core_destroyed,52,,98,80,7,4,20,120,13,5,ok,,4.699,n-62-31-10,29004097,2026-08-02T12:48:53+0200
e28f2fd19289ceca,auto-10d581bed771,tempest_reinforcements@65ddc55,tempest_reinforcements,65ddc55,claude_challenger_3@fdc1e1f,claude_challenger_3,fdc1e1f,quarry,official,1,0,rating,a,a,1.0,core_destroyed,36,,20,0,11,6,164,0,10,0,ok,,4.913,n-62-31-9,29004097,2026-08-02T12:47:23+0200
e29c3c6dc0b60c45,auto-10d581bed771,tempest_reinforcements@65ddc55,tempest_reinforcements,65ddc55,lockin@9713344,lockin,9713344,quarry,official,1,0,rating,a,a,1.0,core_destroyed,38,,10,0,11,6,263,0,6,0,ok,,5.417,n-62-30-23,29004097,2026-08-02T12:47:44+0200
e2ad66592a0b7178,auto-10d581bed771,tempest_reinforcements@65ddc55,tempest_reinforcements,65ddc55,vanguard_oracle@902be71,vanguard_oracle,902be71,aurora,official,1,0,rating,a,a,1.0,core_destroyed,50,,10,100,12,8,115,180,7,8,ok,,4.683,n-62-29-16,29004097,2026-08-02T12:48:43+0200
e2c6b1cc39031bc7,auto-10d581bed771,tempest_reinforcements@65ddc55,tempest_reinforcements,65ddc55,jonbot@da3fd8a,jonbot,da3fd8a,quarry,official,1,0,rating,a,a,1.0,core_destroyed,45,,11,70,9,8,211,60,5,22,ok,,3.624,n-62-29-33,29004097,2026-08-02T12:47:18+0200
e2f7111410b88651,auto-10d581bed771,tempest_reinforcements@e1dc316,tempest_reinforcements,e1dc316,tempest_reinforcements@65ddc55,tempest_reinforcements,65ddc55,vase,official,1,0,rating,b,b,0.0,core_destroyed,109,,15,0,15,4,9,0,7,6,ok,,5.007,n-62-12-66,29004097,2026-08-02T12:48:05+0200
e3072f1214e205fd,auto-10d581bed771,tempest_reinforcements@65ddc55,tempest_reinforcements,65ddc55,jonbot_190003d@da3fd8a,jonbot_190003d,da3fd8a,runestone,official,1,0,rating,b,b,0.0,core_destroyed,69,,11,0,7,1,7,0,9,10,ok,,4.273,n-62-29-32,29004097,2026-08-02T12:47:38+0200
e324c6acef10c60c,auto-10d581bed771,tempest_frontier@fdc1e1f,tempest_frontier,fdc1e1f,tempest_reinforcements@65ddc55,tempest_reinforcements,65ddc55,runestone,official,1,0,rating,b,b,0.0,core_destroyed,34,,237,50,5,6,8,0,11,5,ok,,4.446,n-62-21-18,29004097,2026-08-02T12:46:53+0200
e335f03718c79ff7,auto-10d581bed771,vanguard@c407e79,vanguard,c407e79,tempest_reinforcements@65ddc55,tempest_reinforcements,65ddc55,showdown,official,1,0,rating,b,b,0.0,core_destroyed,27,,96,0,7,2,10,0,10,8,ok,,3.082,n-62-29-22,29004097,2026-08-02T12:48:17+0200
e33d38cc8c22cfca,auto-10d581bed771,jonbot@9713344,jonbot,9713344,tempest_reinforcements@65ddc55,tempest_reinforcements,65ddc55,bridge,official,1,0,rating,b,b,0.0,core_destroyed,56,,300,0,4,0,20,0,11,8,ok,,2.925,n-62-29-29,29004097,2026-08-02T12:47:19+0200
e352b914ac2007cf,auto-10d581bed771,tempest_reinforcements@65ddc55,tempest_reinforcements,65ddc55,vg_v3@9713344,vg_v3,9713344,atoll,official,1,0,rating,a,a,1.0,core_destroyed,49,,10,110,11,6,120,0,6,7,ok,,3.536,n-62-31-5,29004097,2026-08-02T12:49:31+0200
e35f318248da12d8,auto-10d581bed771,tempest_reinforcements@65ddc55,tempest_reinforcements,65ddc55,nemesis@9713344,nemesis,9713344,showdown,official,1,0,rating,a,a,1.0,core_destroyed,25,,8,0,10,8,68,0,6,4,ok,,3.784,n-62-31-16,29004097,2026-08-02T12:46:49+0200
e37e5eb6dd52bcd8,auto-10d581bed771,undertow@9713344,undertow,9713344,tempest_reinforcements@65ddc55,tempest_reinforcements,65ddc55,sprint,official,1,0,rating,b,b,0.0,core_destroyed,43,,56,0,7,7,20,90,10,7,ok,,3.714,n-62-21-63,29004097,2026-08-02T12:47:35+0200
e3a6cdd96848fb3e,auto-10d581bed771,tempest_reinforcements@65ddc55,tempest_reinforcements,65ddc55,vanguard@da3fd8a,vanguard,da3fd8a,fjord,official,1,0,rating,a,a,1.0,core_destroyed,38,,8,60,11,4,81,240,7,7,ok,,3.626,n-62-29-26,29004097,2026-08-02T12:48:47+0200
e3c791ea63505d17,auto-10d581bed771,jonbot@da3fd8a,jonbot,da3fd8a,tempest_reinforcements@65ddc55,tempest_reinforcements,65ddc55,atoll,official,1,0,rating,b,b,0.0,core_destroyed,39,,90,0,8,4,7,80,8,6,ok,,3.647,n-62-29-30,29004097,2026-08-02T12:47:07+0200
e3dd0787b96a040b,auto-10d581bed771,tempest_reinforcements@51ad530,tempest_reinforcements,51ad530,tempest_reinforcements@65ddc55,tempest_reinforcements,65ddc55,skerry,official,1,0,rating,a,a,1.0,core_destroyed,41,,24,90,13,5,24,90,11,4,ok,,6.929,n-62-13-8,29004097,2026-08-02T12:46:23+0200
e3ea5a442ba7252a,auto-10d581bed771,tempest_reinforcements@65ddc55,tempest_reinforcements,65ddc55,jonbot@9713344,jonbot,9713344,skerry,official,1,0,rating,a,a,1.0,core_destroyed,36,,30,80,11,5,262,0,5,0,ok,,3.512,n-62-29-5,29004097,2026-08-02T12:47:12+0200
e3f10f138baeeb23,auto-10d581bed771,turtle@9713344,turtle,9713344,tempest_reinforcements@65ddc55,tempest_reinforcements,65ddc55,crossfire,official,1,0,rating,b,b,0.0,core_destroyed,46,,68,100,6,7,10,100,11,6,ok,,4.17,n-62-21-60,29004097,2026-08-02T12:47:16+0200
e3ff3bf75059fcb0,auto-10d581bed771,tempest_ferry@26b5aa1,tempest_ferry,26b5aa1,tempest_reinforcements@65ddc55,tempest_reinforcements,65ddc55,hive,official,1,0,rating,b,b,0.0,core_destroyed,42,,307,80,5,6,10,80,10,13,ok,,3.131,n-62-12-5,29004097,2026-08-02T12:47:09+0200
e405ce8604ed2ec7,auto-10d581bed771,tempest_reinforcements@65ddc55,tempest_reinforcements,65ddc55,jonbot_190003d@da3fd8a,jonbot_190003d,da3fd8a,vault,official,1,0,rating,a,a,1.0,core_destroyed,44,,30,100,11,5,276,90,6,5,ok,,3.22,n-62-29-34,29004097,2026-08-02T12:47:18+0200
e448f7b0e0850939,auto-10d581bed771,tempest_ferry@26b5aa1,tempest_ferry,26b5aa1,tempest_reinforcements@65ddc55,tempest_reinforcements,65ddc55,fjord,official,1,0,rating,b,b,0.0,core_destroyed,26,,175,0,6,2,10,50,11,5,ok,,3.211,n-62-12-5,29004097,2026-08-02T12:47:02+0200
e45f111a25e0af9c,auto-10d581bed771,undertow_oracle@75591b7,undertow_oracle,75591b7,tempest_reinforcements@65ddc55,tempest_reinforcements,65ddc55,crossfire,official,1,0,rating,a,a,1.0,core_destroyed,33,,49,70,10,6,9,70,10,5,ok,,4.659,n-62-31-22,29004097,2026-08-02T12:48:13+0200
e464e5d9bc43dff7,auto-10d581bed771,tempest_reinforcements@65ddc55,tempest_reinforcements,65ddc55,opponent_luc@e83a42c,opponent_luc,e83a42c,atoll,official,1,0,rating,a,a,1.0,core_destroyed,32,,30,70,11,6,42,0,8,6,ok,,5.131,n-62-31-20,29004097,2026-08-02T12:46:42+0200
e48fa9018cbe50fd,auto-10d581bed771,tempest_reinforcements@65ddc55,tempest_reinforcements,65ddc55,casemate@902be71,casemate,902be71,fjord,official,1,0,rating,a,a,1.0,core_destroyed,40,,20,80,11,5,150,0,4,12,ok,,3.251,n-62-11-60,29004097,2026-08-02T12:47:46+0200
e496aba1b8c2b77b,auto-10d581bed771,casemate@902be71,casemate,902be71,tempest_reinforcements@65ddc55,tempest_reinforcements,65ddc55,quarry,official,1,0,rating,b,b,0.0,core_destroyed,64,,24,0,4,44,20,0,11,6,ok,,4.524,n-62-11-61,29004097,2026-08-02T12:46:55+0200
e4a0be43a4d70406,auto-10d581bed771,mistral@ba943b9,mistral,ba943b9,tempest_reinforcements@65ddc55,tempest_reinforcements,65ddc55,bridge,official,1,0,rating,a,a,1.0,core_destroyed,48,,207,0,6,1,20,0,11,6,ok,,3.919,n-62-31-14,29004097,2026-08-02T12:46:47+0200
e4ae01ab694218a9,auto-10d581bed771,tempest_reinforcements@65ddc55,tempest_reinforcements,65ddc55,vg_v5@9713344,vg_v5,9713344,string,official,1,0,rating,a,a,1.0,core_destroyed,102,,112,670,20,15,116,0,1,0,ok,,5.036,n-62-31-15,29004097,2026-08-02T12:48:47+0200
e4d60686cede30e6,auto-10d581bed771,vanguard@c407e79,vanguard,c407e79,tempest_reinforcements@65ddc55,tempest_reinforcements,65ddc55,atoll,official,1,0,rating,b,b,0.0,core_destroyed,45,,60,190,9,6,9,100,12,6,ok,,4.222,n-62-29-21,29004097,2026-08-02T12:48:04+0200
e4f6f0900a4f32bb,auto-10d581bed771,tempest_reinforcements@65ddc55,tempest_reinforcements,65ddc55,v233_b@9713344,v233_b,9713344,string,official,1,0,rating,a,a,1.0,titanium_collected,1000,,5694,9740,46,16,2460,0,2,2,ok,,31.526,n-62-11-66,29004097,2026-08-02T12:49:08+0200
e4fa573b4617ffaa,auto-10d581bed771,tempest_reinforcements@65ddc55,tempest_reinforcements,65ddc55,v233_g@9713344,v233_g,9713344,jackpot,official,1,0,rating,a,a,1.0,core_destroyed,83,,31,310,11,24,105,370,5,7,ok,,4.369,n-62-21-99,29004097,2026-08-02T12:48:20+0200
e52289240ede41b9,auto-10d581bed771,vanguard@c407e79,vanguard,c407e79,tempest_reinforcements@65ddc55,tempest_reinforcements,65ddc55,strait,official,1,0,rating,b,b,0.0,core_destroyed,77,,111,340,9,11,10,0,11,5,ok,,4.077,n-62-29-22,29004097,2026-08-02T12:48:42+0200
e52b6e3297006af0,auto-10d581bed771,tempest_reinforcements@65ddc55,tempest_reinforcements,65ddc55,riptide@9713344,riptide,9713344,vase,official,1,0,rating,a,a,1.0,core_destroyed,46,,10,0,9,6,102,0,4,2,ok,,4.182,n-62-11-58,29004097,2026-08-02T12:47:04+0200
e538d1bd878c597e,auto-10d581bed771,tempest_reinforcements@65ddc55,tempest_reinforcements,65ddc55,vg_v6@9713344,vg_v6,9713344,duel,official,1,0,rating,a,a,1.0,core_destroyed,55,,10,130,11,5,101,60,1,5,ok,,3.168,n-62-11-57,29004097,2026-08-02T12:49:21+0200
e5439ec25881d614,auto-10d581bed771,vanguard@9932bec,vanguard,9932bec,tempest_reinforcements@65ddc55,tempest_reinforcements,65ddc55,jackpot,official,1,0,rating,b,b,0.0,core_destroyed,69,,91,290,8,7,19,160,14,7,ok,,5.102,n-62-29-33,29004097,2026-08-02T12:49:02+0200
e58007c86fb5fdd0,auto-10d581bed771,vanguard_oracle@fdc1e1f,vanguard_oracle,fdc1e1f,tempest_reinforcements@65ddc55,tempest_reinforcements,65ddc55,jackpot,official,1,0,rating,b,b,0.0,core_destroyed,70,,75,310,7,7,18,160,14,7,ok,,4.527,n-62-29-34,29004097,2026-08-02T12:48:21+0200
e58213dd2e359a3f,auto-10d581bed771,v233_f@9713344,v233_f,9713344,tempest_reinforcements@65ddc55,tempest_reinforcements,65ddc55,bridge,official,1,0,rating,b,b,0.0,core_destroyed,49,,108,50,8,8,10,0,11,8,ok,,3.295,n-62-21-104,29004097,2026-08-02T12:49:06+0200
e586304fdd7d9afe,auto-10d581bed771,tempest_reinforcements@65ddc55,tempest_reinforcements,65ddc55,e9cand@9e77076,e9cand,9e77076,jackpot,official,1,0,rating,a,a,1.0,core_destroyed,233,,96,1000,23,16,83,90,7,2,ok,,8.361,n-62-31-11,29004097,2026-08-02T12:47:38+0200
e5b33e5a4dab714e,auto-10d581bed771,tempest_oracle_ferry@fdc1e1f,tempest_oracle_ferry,fdc1e1f,tempest_reinforcements@65ddc55,tempest_reinforcements,65ddc55,longship,official,1,0,rating,b,b,0.0,core_destroyed,47,,243,90,5,11,9,90,11,14,ok,,3.966,n-62-21-8,29004097,2026-08-02T12:46:26+0200
e5b882e241493e4a,auto-10d581bed771,tempest_reinforcements@65ddc55,tempest_reinforcements,65ddc55,turtle@9713344,turtle,9713344,showdown,official,1,0,rating,a,a,1.0,core_destroyed,113,,10,0,10,8,112,0,0,0,ok,,4.326,n-62-21-61,29004097,2026-08-02T12:46:59+0200
e5f0c4f93ef2551f,auto-10d581bed771,v233_g@9713344,v233_g,9713344,tempest_reinforcements@65ddc55,tempest_reinforcements,65ddc55,crossfire,official,1,0,rating,a,a,1.0,core_destroyed,35,,39,140,9,8,7,70,10,5,ok,,4.052,n-62-21-99,29004097,2026-08-02T12:47:51+0200
e5f9c04acb9c5823,auto-10d581bed771,tempest_reinforcements@65ddc55,tempest_reinforcements,65ddc55,jonbot@da3fd8a,jonbot,da3fd8a,pinch,official,1,0,rating,a,a,1.0,core_destroyed,50,,23,100,5,8,11,0,9,10,ok,,3.911,n-62-29-33,29004097,2026-08-02T12:47:10+0200
e614d24c79d2dab0,auto-10d581bed771,tempest_reinforcements@65ddc55,tempest_reinforcements,65ddc55,vg_v7@9713344,vg_v7,9713344,vault,official,1,0,rating,a,a,1.0,core_destroyed,64,,30,250,11,21,351,200,7,12,ok,,4.177,n-62-31-24,29004097,2026-08-02T12:48:47+0200
e621caafae957944,auto-10d581bed771,tempest_reinforcements@65ddc55,tempest_reinforcements,65ddc55,lockin@9713344,lockin,9713344,aurora,official,1,0,rating,a,a,1.0,core_destroyed,41,,10,80,11,8,20,0,13,0,ok,,6.878,n-62-30-23,29004097,2026-08-02T12:46:15+0200
e627f34c4fbf20a7,auto-10d581bed771,claude_challenger_3@fdc1e1f,claude_challenger_3,fdc1e1f,tempest_reinforcements@65ddc55,tempest_reinforcements,65ddc55,vase,official,1,0,rating,b,b,0.0,core_destroyed,27,,560,0,0,0,10,0,10,6,ok,,2.816,n-62-31-10,29004097,2026-08-02T12:47:27+0200
e6512904e06acab0,auto-10d581bed771,tempest_reinforcements@65ddc55,tempest_reinforcements,65ddc55,frontier_v1@9713344,frontier_v1,9713344,fjord,official,1,0,rating,a,a,1.0,core_destroyed,25,,20,50,11,5,9,0,10,2,ok,,3.184,n-62-29-19,29004097,2026-08-02T12:48:05+0200
e658cefa879ddc44,auto-10d581bed771,tempest_reinforcements@65ddc55,tempest_reinforcements,65ddc55,turtle@9713344,turtle,9713344,aurora,official,1,0,rating,a,a,1.0,core_destroyed,60,,30,210,12,15,87,120,6,11,ok,,4.794,n-62-21-60,29004097,2026-08-02T12:46:45+0200
e6631fe2e6a9f786,auto-10d581bed771,v233_b@9713344,v233_b,9713344,tempest_reinforcements@65ddc55,tempest_reinforcements,65ddc55,runestone,official,1,0,rating,b,b,0.0,core_destroyed,40,,86,70,8,8,20,0,11,5,ok,,3.499,n-62-11-66,29004097,2026-08-02T12:48:08+0200
e6682d3de1ba68ba,auto-10d581bed771,tempest_reinforcements@65ddc55,tempest_reinforcements,65ddc55,vanguard_oracle@75591b7,vanguard_oracle,75591b7,hive,official,1,0,rating,a,a,1.0,core_destroyed,48,,30,100,11,11,99,100,9,4,ok,,4.542,n-62-29-30,29004097,2026-08-02T12:47:45+0200
e668d27e47aea8cf,auto-10d581bed771,uw_v1@9713344,uw_v1,9713344,tempest_reinforcements@65ddc55,tempest_reinforcements,65ddc55,bridge,official,1,0,rating,b,b,0.0,core_destroyed,97,,171,10,4,5,6,20,10,12,ok,,3.255,n-62-31-23,29004097,2026-08-02T12:48:10+0200
e66ba34da506a12e,auto-10d581bed771,tempest_reinforcements@65ddc55,tempest_reinforcements,65ddc55,v233_f@9713344,v233_f,9713344,vase,official,1,0,rating,a,a,1.0,core_destroyed,68,,20,90,10,7,65,0,8,9,ok,,3.59,n-62-21-98,29004097,2026-08-02T12:49:19+0200
e676cd5eb408c705,auto-10d581bed771,undertow_1ac7ac4@da3fd8a,undertow_1ac7ac4,da3fd8a,tempest_reinforcements@65ddc55,tempest_reinforcements,65ddc55,fjord,official,1,0,rating,b,b,0.0,core_destroyed,42,,124,90,6,6,10,90,12,5,ok,,3.902,n-62-21-69,29004097,2026-08-02T12:46:34+0200
e67e913a4004c1f2,auto-10d581bed771,undertow_oracle@fdc1e1f,undertow_oracle,fdc1e1f,tempest_reinforcements@65ddc55,tempest_reinforcements,65ddc55,duel,official,1,0,rating,a,a,1.0,core_destroyed,38,,68,170,10,10,8,80,8,4,ok,,3.201,n-62-31-21,29004097,2026-08-02T12:48:18+0200
e685f5774ec070de,auto-10d581bed771,tempest_reinforcements@65ddc55,tempest_reinforcements,65ddc55,reaver@9713344,reaver,9713344,string,official,1,0,rating,a,a,1.0,core_destroyed,93,,127,660,16,16,96,0,2,0,ok,,5.051,n-62-11-54,29004097,2026-08-02T12:46:13+0200
e68c89fc3fc53a98,auto-10d581bed771,baiter@9713344,baiter,9713344,tempest_reinforcements@65ddc55,tempest_reinforcements,65ddc55,sweden,official,1,0,rating,b,b,0.0,core_destroyed,121,,122,230,6,9,28,280,10,31,ok,,4.703,n-62-31-23,29004097,2026-08-02T12:48:17+0200
e6b7dbb504eb3116,auto-10d581bed771,tempest_reinforcements@65ddc55,tempest_reinforcements,65ddc55,titanium_v1@9713344,titanium_v1,9713344,skerry,official,1,0,rating,a,a,1.0,core_destroyed,38,,10,80,12,5,329,0,3,3,ok,,3.382,n-62-21-59,29004097,2026-08-02T12:46:45+0200
e6c1fd8259799be7,auto-10d581bed771,tempest_reinforcements@65ddc55,tempest_reinforcements,65ddc55,jonbot_190003d@da3fd8a,jonbot_190003d,da3fd8a,strait,official,1,0,rating,a,a,1.0,core_destroyed,53,,14,110,10,10,194,110,8,11,ok,,3.638,n-62-29-34,29004097,2026-08-02T12:46:39+0200
e6d037a175e770ea,auto-10d581bed771,tempest_reinforcements@e1dc316,tempest_reinforcements,e1dc316,tempest_reinforcements@65ddc55,tempest_reinforcements,65ddc55,runestone,official,1,0,rating,a,a,1.0,core_destroyed,35,,21,60,10,13,9,50,11,7,ok,,4.515,n-62-12-66,29004097,2026-08-02T12:46:18+0200
e6e50935bd0c5e9d,auto-10d581bed771,tempest_reinforcements@65ddc55,tempest_reinforcements,65ddc55,riptide@9713344,riptide,9713344,runestone,official,1,0,rating,a,a,1.0,core_destroyed,51,,2,0,12,5,67,0,5,7,ok,,4.312,n-62-11-55,29004097,2026-08-02T12:47:03+0200
e721562ffd282f5b,auto-10d581bed771,undertow_oracle@75591b7,undertow_oracle,75591b7,tempest_reinforcements@65ddc55,tempest_reinforcements,65ddc55,aurora,official,1,0,rating,b,b,0.0,core_destroyed,47,,104,250,7,33,10,90,12,11,ok,,4.117,n-62-31-5,29004097,2026-08-02T12:48:56+0200
e72178a99c4202f7,auto-10d581bed771,tempest_blindfire@fdc1e1f,tempest_blindfire,fdc1e1f,tempest_reinforcements@65ddc55,tempest_reinforcements,65ddc55,skerry,official,1,0,rating,b,b,0.0,core_destroyed,38,,231,0,6,2,20,90,9,5,ok,,3.882,n-62-21-89,29004097,2026-08-02T12:46:33+0200
e7268861219eca5b,auto-10d581bed771,tempest_frontier@fdc1e1f,tempest_frontier,fdc1e1f,tempest_reinforcements@65ddc55,tempest_reinforcements,65ddc55,hive,official,1,0,rating,b,b,0.0,core_destroyed,42,,292,80,6,4,10,80,10,13,ok,,3.782,n-62-12-7,29004097,2026-08-02T12:47:31+0200
e72cc38020a5f1cd,auto-10d581bed771,tempest_oracle_ferry@fdc1e1f,tempest_oracle_ferry,fdc1e1f,tempest_reinforcements@65ddc55,tempest_reinforcements,65ddc55,sweden,official,1,0,rating,b,b,0.0,core_destroyed,42,,255,0,4,7,10,0,10,6,ok,,3.484,n-62-21-12,29004097,2026-08-02T12:46:21+0200
e73e036133822af8,auto-10d581bed771,vg_v6@9713344,vg_v6,9713344,tempest_reinforcements@65ddc55,tempest_reinforcements,65ddc55,longship,official,1,0,rating,b,b,0.0,core_destroyed,58,,108,120,5,10,10,120,11,14,ok,,3.971,n-62-11-54,29004097,2026-08-02T12:47:54+0200
e7661047d41034fa,auto-10d581bed771,tempest_reinforcements@65ddc55,tempest_reinforcements,65ddc55,vg_v3@9713344,vg_v3,9713344,crossfire,official,1,0,rating,a,a,1.0,core_destroyed,37,,24,140,10,10,82,0,5,6,ok,,3.619,n-62-31-7,29004097,2026-08-02T12:48:34+0200
e771907fac8cdb65,auto-10d581bed771,jonbot@da3fd8a,jonbot,da3fd8a,tempest_reinforcements@65ddc55,tempest_reinforcements,65ddc55,vault,official,1,0,rating,b,b,0.0,core_destroyed,57,,220,0,5,4,19,240,12,15,ok,,4.267,n-62-29-16,29004097,2026-08-02T12:47:36+0200
e7ac810f135bbabd,auto-10d581bed771,tempest_reinforcements@65ddc55,tempest_reinforcements,65ddc55,e_final@9e77076,e_final,9e77076,atoll,official,1,0,rating,a,a,1.0,core_destroyed,45,,10,100,11,6,81,0,4,3,ok,,4.234,n-62-21-98,29004097,2026-08-02T12:46:13+0200
e7caee83021d3971,auto-10d581bed771,tempest_reinforcements@65ddc55,tempest_reinforcements,65ddc55,tempest_blindfire@fdc1e1f,tempest_blindfire,fdc1e1f,sweden,official,1,0,rating,b,b,0.0,core_destroyed,125,,21,570,17,16,389,0,4,7,ok,,4.919,n-62-21-89,29004097,2026-08-02T12:47:03+0200
e7d563596bf69153,auto-10d581bed771,tempest_reinforcements@65ddc55,tempest_reinforcements,65ddc55,tempest_oracle_ferry@fdc1e1f,tempest_oracle_ferry,fdc1e1f,sprint,official,1,0,rating,b,b,0.0,core_destroyed,20,,24,10,8,4,54,10,10,5,ok,,3.923,n-62-21-8,29004097,2026-08-02T12:47:15+0200
e7f51e4d2147df7f,auto-10d581bed771,tempest_reinforcements@65ddc55,tempest_reinforcements,65ddc55,v233_g@9713344,v233_g,9713344,fjord,official,1,0,rating,a,a,1.0,core_destroyed,45,,20,100,11,5,86,290,8,7,ok,,3.975,n-62-21-99,29004097,2026-08-02T12:48:03+0200
e808a97bb3995ae2,auto-10d581bed771,siege_v1@9713344,siege_v1,9713344,tempest_reinforcements@65ddc55,tempest_reinforcements,65ddc55,showdown,official,1,0,rating,b,b,0.0,core_destroyed,25,,246,0,4,1,10,0,10,8,ok,,2.955,n-62-11-59,29004097,2026-08-02T12:47:09+0200
e815c3a87f1583e1,auto-10d581bed771,undertow_oracle@fdc1e1f,undertow_oracle,fdc1e1f,tempest_reinforcements@65ddc55,tempest_reinforcements,65ddc55,string,official,1,0,rating,b,b,0.0,core_destroyed,66,,95,10,1,8,20,160,12,7,ok,,4.048,n-62-31-4,29004097,2026-08-02T12:48:21+0200
e83f63321f363216,auto-10d581bed771,reaver@9713344,reaver,9713344,tempest_reinforcements@65ddc55,tempest_reinforcements,65ddc55,strait,official,1,0,rating,b,b,0.0,core_destroyed,74,,58,160,5,11,10,0,11,5,ok,,4.139,n-62-11-53,29004097,2026-08-02T12:47:35+0200
e889299d4666a9cb,auto-10d581bed771,tempest_reinforcements@65ddc55,tempest_reinforcements,65ddc55,baiter@9713344,baiter,9713344,atoll,official,1,0,rating,a,a,1.0,core_destroyed,49,,10,110,11,6,120,0,6,7,ok,,4.622,n-62-31-4,29004097,2026-08-02T12:46:35+0200
e8916dac65b2690b,auto-10d581bed771,vg_v6@9713344,vg_v6,9713344,tempest_reinforcements@65ddc55,tempest_reinforcements,65ddc55,bridge,official,1,0,rating,b,b,0.0,titanium_collected,1000,,3549,1070,1,5,1068,4820,49,21,ok,,26.349,n-62-11-57,29004097,2026-08-02T12:49:11+0200
e8ad13e8028b768c,auto-10d581bed771,tempest_reinforcements@65ddc55,tempest_reinforcements,65ddc55,siege_v2@9713344,siege_v2,9713344,atoll,official,1,0,rating,a,a,1.0,core_destroyed,40,,30,90,12,6,255,0,6,2,ok,,3.265,n-62-11-50,29004097,2026-08-02T12:47:01+0200
e932b31892dcf151,auto-10d581bed771,tempest_reinforcements@65ddc55,tempest_reinforcements,65ddc55,uw_v1@9713344,uw_v1,9713344,bridge,official,1,0,rating,a,a,1.0,titanium_collected,1000,,280,7030,47,21,2010,2450,6,10,ok,,24.921,n-62-31-23,29004097,2026-08-02T12:48:07+0200
e9540e8accb52107,auto-10d581bed771,vanguard@da3fd8a,vanguard,da3fd8a,tempest_reinforcements@65ddc55,tempest_reinforcements,65ddc55,duel,official,1,0,rating,b,b,0.0,core_destroyed,39,,71,170,6,9,7,80,10,5,ok,,3.129,n-62-29-26,29004097,2026-08-02T12:48:43+0200
e96724be1be3ef37,auto-10d581bed771,tempest_sentinel@fdc1e1f,tempest_sentinel,fdc1e1f,tempest_reinforcements@65ddc55,tempest_reinforcements,65ddc55,strait,official,1,0,rating,b,b,0.0,core_destroyed,60,,185,0,7,3,20,0,10,5,ok,,3.912,n-62-21-56,29004097,2026-08-02T12:47:05+0200
e97eec4e8eb5fa3a,auto-10d581bed771,jonbot_190003d@da3fd8a,jonbot_190003d,da3fd8a,tempest_reinforcements@65ddc55,tempest_reinforcements,65ddc55,string,official,1,0,rating,b,b,0.0,core_destroyed,48,,233,0,3,10,28,110,12,7,ok,,3.444,n-62-29-34,29004097,2026-08-02T12:46:52+0200
e985d6fd230925ed,auto-10d581bed771,tempest_reinforcements@65ddc55,tempest_reinforcements,65ddc55,attack_wave_v1@9713344,attack_wave_v1,9713344,string,official,1,0,rating,a,a,1.0,core_destroyed,91,,36,650,18,16,377,0,2,0,ok,,5.334,n-62-31-22,29004097,2026-08-02T12:47:02+0200
e99e9b9ead86ae0b,auto-10d581bed771,tempest_reinforcements@65ddc55,tempest_reinforcements,65ddc55,tempest_reinforcements@edf93ad,tempest_reinforcements,edf93ad,longship,official,1,0,rating,b,b,0.0,core_destroyed,45,,9,90,11,11,30,90,11,11,ok,,4.191,n-62-12-67,29004097,2026-08-02T12:47:25+0200
e9b5ced4a58cf61b,auto-10d581bed771,tempest_reinforcements@65ddc55,tempest_reinforcements,65ddc55,siege_v2@9713344,siege_v2,9713344,runestone,official,1,0,rating,a,a,1.0,core_destroyed,55,,10,0,11,5,233,0,5,3,ok,,3.099,n-62-11-51,29004097,2026-08-02T12:47:04+0200
e9cd6b8a92be34da,auto-10d581bed771,tempest_reinforcements@65ddc55,tempest_reinforcements,65ddc55,v233_c@9713344,v233_c,9713344,strait,official,1,0,rating,a,a,1.0,core_destroyed,58,,17,120,11,11,114,240,6,16,ok,,3.689,n-62-21-92,29004097,2026-08-02T12:48:43+0200
e9cebc2e6939dd00,auto-10d581bed771,tempest_reinforcements@65ddc55,tempest_reinforcements,65ddc55,tempest_oracle_ferry@fdc1e1f,tempest_oracle_ferry,fdc1e1f,crossfire,official,1,0,rating,b,b,0.0,core_destroyed,33,,10,70,9,4,70,70,6,5,ok,,4.035,n-62-21-4,29004097,2026-08-02T12:47:08+0200
e9d06482980f99fb,auto-10d581bed771,tempest_reinforcements@65ddc55,tempest_reinforcements,65ddc55,undertow@fdc1e1f,undertow,fdc1e1f,jackpot,official,1,0,rating,a,a,1.0,core_destroyed,93,,40,340,12,24,103,510,7,18,ok,,5.147,n-62-21-67,29004097,2026-08-02T12:46:41+0200
e9d9dba8dfb6a68b,auto-10d581bed771,tempest_reinforcements@65ddc55,tempest_reinforcements,65ddc55,jonbot@9713344,jonbot,9713344,runestone,official,1,0,rating,a,a,1.0,core_destroyed,35,,10,0,11,5,250,0,5,0,ok,,3.068,n-62-29-5,29004097,2026-08-02T12:46:59+0200
e9db01e367e5828e,auto-10d581bed771,tempest_reinforcements@65ddc55,tempest_reinforcements,65ddc55,mistral_fast@26b5aa1,mistral_fast,26b5aa1,hive,official,1,0,rating,a,a,1.0,core_destroyed,43,,9,80,11,11,280,0,5,0,ok,,3.768,n-62-31-7,29004097,2026-08-02T12:47:17+0200
e9f2f665565a9f89,auto-10d581bed771,undertow@fdc1e1f,undertow,fdc1e1f,tempest_reinforcements@65ddc55,tempest_reinforcements,65ddc55,quarry,official,1,0,rating,b,b,0.0,core_destroyed,93,,116,500,9,20,8,0,11,6,ok,,5.216,n-62-21-67,29004097,2026-08-02T12:47:14+0200
ea11c89a659e1939,auto-10d581bed771,e_final@9e77076,e_final,9e77076,tempest_reinforcements@65ddc55,tempest_reinforcements,65ddc55,showdown,official,1,0,rating,b,b,0.0,core_destroyed,23,,0,0,7,7,8,0,10,6,ok,,3.544,n-62-21-99,29004097,2026-08-02T12:46:33+0200
ea3161ade9952ad4,auto-10d581bed771,tempest_reinforcements@65ddc55,tempest_reinforcements,65ddc55,tempest_oracle_ferry@fdc1e1f,tempest_oracle_ferry,fdc1e1f,bridge,official,1,0,rating,a,a,1.0,core_destroyed,179,,39,830,22,21,605,0,2,5,ok,,5.989,n-62-21-4,29004097,2026-08-02T12:46:59+0200
ea4fbbea848be979,auto-10d581bed771,tempest_reinforcements@65ddc55,tempest_reinforcements,65ddc55,claude_challenger_1@fdc1e1f,claude_challenger_1,fdc1e1f,bridge,official,1,0,rating,a,a,1.0,core_destroyed,42,,10,0,10,8,600,0,0,0,ok,,1.893,n-62-11-64,29004097,2026-08-02T12:48:09+0200
ea53f91409a3db61,auto-10d581bed771,tempest_reinforcements@65ddc55,tempest_reinforcements,65ddc55,tempest@da3fd8a,tempest,da3fd8a,quarry,official,1,0,rating,a,a,1.0,core_destroyed,39,,10,0,9,5,103,0,10,5,ok,,5.884,n-62-11-56,29004097,2026-08-02T12:47:39+0200
ea70d793b596da2d,auto-10d581bed771,vg_v4@9713344,vg_v4,9713344,tempest_reinforcements@65ddc55,tempest_reinforcements,65ddc55,longship,official,1,0,rating,b,b,0.0,core_destroyed,58,,108,120,5,10,10,120,11,14,ok,,3.984,n-62-31-13,29004097,2026-08-02T12:49:25+0200
ea8184cf9625d4f5,auto-10d581bed771,lockin@9713344,lockin,9713344,tempest_reinforcements@65ddc55,tempest_reinforcements,65ddc55,sweden,official,1,0,rating,b,b,0.0,core_destroyed,42,,600,0,0,0,10,0,10,6,ok,,2.55,n-62-30-24,29004097,2026-08-02T12:47:30+0200
ea8dd6e9460a4b36,auto-10d581bed771,tempest_reinforcements@65ddc55,tempest_reinforcements,65ddc55,undertow_oracle@fdc1e1f,undertow_oracle,fdc1e1f,skerry,official,1,0,rating,a,a,1.0,core_destroyed,48,,30,190,10,9,68,290,12,12,ok,,5.295,n-62-31-4,29004097,2026-08-02T12:47:50+0200
eaa561ce7be3e031,auto-10d581bed771,claude_challenger_1@fdc1e1f,claude_challenger_1,fdc1e1f,tempest_reinforcements@65ddc55,tempest_reinforcements,65ddc55,bridge,official,1,0,rating,b,b,0.0,core_destroyed,42,,600,0,0,0,10,0,10,8,ok,,1.921,n-62-11-64,29004097,2026-08-02T12:48:11+0200
eaae1ad8ca8900cc,auto-10d581bed771,tempest_reinforcements@65ddc55,tempest_reinforcements,65ddc55,vanguard_oracle@902be71,vanguard_oracle,902be71,vase,official,1,0,rating,a,a,1.0,core_destroyed,47,,7,0,10,6,59,0,8,3,ok,,3.5,n-62-28-29,29004097,2026-08-02T12:48:21+0200
eabe1723e457e9ec,auto-10d581bed771,tempest_reinforcements@65ddc55,tempest_reinforcements,65ddc55,e_condc@6db8844,e_condc,6db8844,sweden,official,1,0,rating,b,b,0.0,titanium_collected,1000,,3746,7140,42,43,11829,9480,4,23,ok,,27.208,n-62-21-97,29004097,2026-08-02T12:48:01+0200
eacd267b48a5f865,auto-10d581bed771,tempest_reinforcements@65ddc55,tempest_reinforcements,65ddc55,nemesis@9713344,nemesis,9713344,pinch,official,1,0,rating,a,a,1.0,core_destroyed,39,,11,80,11,9,68,0,7,4,ok,,4.205,n-62-31-16,29004097,2026-08-02T12:46:23+0200
eb003bd584cf8781,auto-10d581bed771,mistral_fast@26b5aa1,mistral_fast,26b5aa1,tempest_reinforcements@65ddc55,tempest_reinforcements,65ddc55,longship,official,1,0,rating,a,a,1.0,core_destroyed,40,,124,0,9,1,18,70,11,11,ok,,4.129,n-62-31-7,29004097,2026-08-02T12:47:37+0200
eb32e305e098c621,auto-10d581bed771,siege_v1@9713344,siege_v1,9713344,tempest_reinforcements@65ddc55,tempest_reinforcements,65ddc55,pinch,official,1,0,rating,b,b,0.0,core_destroyed,21,,200,0,6,2,10,30,10,8,ok,,3.019,n-62-11-59,29004097,2026-08-02T12:46:49+0200
eb48423e03ad2c53,auto-10d581bed771,tempest_reinforcements@87724ec,tempest_reinforcements,87724ec,tempest_reinforcements@65ddc55,tempest_reinforcements,65ddc55,runestone,official,1,0,rating,b,b,0.0,core_destroyed,40,,68,70,9,7,16,0,9,5,ok,,6.601,n-62-13-9,29004097,2026-08-02T12:48:58+0200
eb56a8e4d6098e39,auto-10d581bed771,tempest_oracle_ferry@fdc1e1f,tempest_oracle_ferry,fdc1e1f,tempest_reinforcements@65ddc55,tempest_reinforcements,65ddc55,bridge,official,1,0,rating,b,b,0.0,core_destroyed,73,,303,0,5,3,10,0,12,8,ok,,4.0,n-62-21-4,29004097,2026-08-02T12:47:03+0200
eb7e29d93d21d38f,auto-10d581bed771,tempest_picket@fdc1e1f,tempest_picket,fdc1e1f,tempest_reinforcements@65ddc55,tempest_reinforcements,65ddc55,hive,official,1,0,rating,b,b,0.0,core_destroyed,42,,292,80,6,4,10,80,10,13,ok,,4.031,n-62-21-15,29004097,2026-08-02T12:46:26+0200
eb87f1d6772398fd,auto-10d581bed771,claude_challenger_3@fdc1e1f,claude_challenger_3,fdc1e1f,tempest_reinforcements@65ddc55,tempest_reinforcements,65ddc55,runestone,official,1,0,rating,b,b,0.0,core_destroyed,32,,121,50,9,7,20,0,11,5,ok,,4.517,n-62-31-9,29004097,2026-08-02T12:47:39+0200
eb9004651657b5bd,auto-10d581bed771,tempest_outer@fdc1e1f,tempest_outer,fdc1e1f,tempest_reinforcements@65ddc55,tempest_reinforcements,65ddc55,atoll,official,1,0,rating,a,a,1.0,core_destroyed,31,,24,0,13,3,7,50,10,4,ok,,4.677,n-62-21-12,29004097,2026-08-02T12:46:57+0200
ebce166648985337,auto-10d581bed771,tempest_picket@fdc1e1f,tempest_picket,fdc1e1f,tempest_reinforcements@65ddc55,tempest_reinforcements,65ddc55,string,official,1,0,rating,b,b,0.0,core_destroyed,91,,252,0,5,1,60,330,11,16,ok,,4.559,n-62-21-23,29004097,2026-08-02T12:46:27+0200
ebe96c486e89cb1f,auto-10d581bed771,tempest_reinforcements@65ddc55,tempest_reinforcements,65ddc55,jonbot@9713344,jonbot,9713344,sprint,official,1,0,rating,a,a,1.0,core_destroyed,30,,10,0,10,4,242,0,5,0,ok,,3.441,n-62-29-30,29004097,2026-08-02T12:46:11+0200
ec403877f951bb8b,auto-10d581bed771,tempest_reinforcements@65ddc55,tempest_reinforcements,65ddc55,tempest_blindfire@fdc1e1f,tempest_blindfire,fdc1e1f,vase,official,1,0,rating,a,a,1.0,core_destroyed,29,,10,0,10,6,270,0,3,5,ok,,2.807,n-62-21-89,29004097,2026-08-02T12:47:19+0200
ec4204ebf7842352,auto-10d581bed771,vg_v5@9713344,vg_v5,9713344,tempest_reinforcements@65ddc55,tempest_reinforcements,65ddc55,duel,official,1,0,rating,b,b,0.0,core_destroyed,46,,95,100,7,4,11,100,11,5,ok,,3.868,n-62-31-20,29004097,2026-08-02T12:49:28+0200
ec48a124c389d8c5,auto-10d581bed771,tempest_reinforcements@65ddc55,tempest_reinforcements,65ddc55,vg_v1@9713344,vg_v1,9713344,bridge,official,1,0,rating,a,a,1.0,core_destroyed,519,,73,2090,37,19,2215,880,1,6,ok,,11.682,n-62-30-23,29004097,2026-08-02T12:49:10+0200
ec5f9a85ff0f2250,auto-10d581bed771,tempest_reinforcements@65ddc55,tempest_reinforcements,65ddc55,siege_v1@9713344,siege_v1,9713344,longship,official,1,0,rating,a,a,1.0,core_destroyed,51,,17,100,11,12,274,0,5,2,ok,,3.306,n-62-11-59,29004097,2026-08-02T12:46:39+0200
ec6a2884c5f293bd,auto-10d581bed771,tempest_reinforcements@65ddc55,tempest_reinforcements,65ddc55,vg_v2@9713344,vg_v2,9713344,atoll,official,1,0,rating,a,a,1.0,core_destroyed,49,,10,110,11,6,120,0,6,7,ok,,3.571,n-62-31-14,29004097,2026-08-02T12:49:12+0200
ec74a933da690ee8,auto-10d581bed771,turtle@9713344,turtle,9713344,tempest_reinforcements@65ddc55,tempest_reinforcements,65ddc55,sweden,official,1,0,rating,b,b,0.0,core_destroyed,107,,116,400,8,18,11,290,11,32,ok,,5.295,n-62-21-62,29004097,2026-08-02T12:46:44+0200
ecb9645b3114092b,auto-10d581bed771,tempest_reinforcements@65ddc55,tempest_reinforcements,65ddc55,undertow_oracle@75591b7,undertow_oracle,75591b7,atoll,official,1,0,rating,a,a,1.0,core_destroyed,46,,10,100,11,6,101,190,8,21,ok,,3.901,n-62-31-5,29004097,2026-08-02T12:48:43+0200
eceb3be1d31b9650,auto-10d581bed771,mistral_fast@26b5aa1,mistral_fast,26b5aa1,tempest_reinforcements@65ddc55,tempest_reinforcements,65ddc55,strait,official,1,0,rating,a,a,1.0,core_destroyed,51,,127,0,10,1,10,0,11,4,ok,,4.573,n-62-31-18,29004097,2026-08-02T12:47:06+0200
eced245aa96f73fd,auto-10d581bed771,tempest_reinforcements@65ddc55,tempest_reinforcements,65ddc55,claude_challenger_2@fdc1e1f,claude_challenger_2,fdc1e1f,showdown,official,1,0,rating,a,a,1.0,core_destroyed,19,,10,0,10,8,540,0,0,0,ok,,2.142,n-62-11-68,29004097,2026-08-02T12:47:39+0200
ed0e78344b04f2a7,auto-10d581bed771,mistral@ba943b9,mistral,ba943b9,tempest_reinforcements@65ddc55,tempest_reinforcements,65ddc55,hive,official,1,0,rating,b,b,0.0,core_destroyed,42,,324,0,4,0,10,80,10,13,ok,,7.917,n-62-31-14,29004097,2026-08-02T12:47:34+0200
ed1bd3355fd6bcff,auto-10d581bed771,tempest_reinforcements@65ddc55,tempest_reinforcements,65ddc55,tempest@da3fd8a,tempest,da3fd8a,vase,official,1,0,rating,a,a,1.0,core_destroyed,29,,10,0,10,6,270,0,3,5,ok,,3.046,n-62-21-90,29004097,2026-08-02T12:47:23+0200
ed325d67c10c0af3,auto-10d581bed771,tempest_reinforcements@65ddc55,tempest_reinforcements,65ddc55,mistral_fast@26b5aa1,mistral_fast,26b5aa1,strait,official,1,0,rating,a,a,1.0,core_destroyed,42,,19,80,10,11,306,0,5,0,ok,,3.338,n-62-31-18,29004097,2026-08-02T12:47:01+0200
ed3a1cd188f421ca,auto-10d581bed771,mistral@ba943b9,mistral,ba943b9,tempest_reinforcements@65ddc55,tempest_reinforcements,65ddc55,quarry,official,1,0,rating,a,a,1.0,core_destroyed,50,,148,0,8,1,10,0,9,4,ok,,6.899,n-62-31-17,29004097,2026-08-02T12:46:22+0200
ed4787bfb6f6d64f,auto-10d581bed771,vg_v4@9713344,vg_v4,9713344,tempest_reinforcements@65ddc55,tempest_reinforcements,65ddc55,duel,official,1,0,rating,b,b,0.0,core_destroyed,46,,117,100,6,4,11,100,11,5,ok,,3.765,n-62-31-13,29004097,2026-08-02T12:48:50+0200
ed5cd8ac6babdfee,auto-10d581bed771,tempest_reinforcements@65ddc55,tempest_reinforcements,65ddc55,undertow_1ac7ac4@da3fd8a,undertow_1ac7ac4,da3fd8a,twins,official,1,0,rating,a,a,1.0,core_destroyed,48,,20,100,11,9,77,250,10,13,ok,,4.161,n-62-31-5,29004097,2026-08-02T12:48:16+0200
ed73cc6a6885986b,auto-10d581bed771,vg_v5@9713344,vg_v5,9713344,tempest_reinforcements@65ddc55,tempest_reinforcements,65ddc55,vault,official,1,0,rating,b,b,0.0,core_destroyed,61,,85,0,6,4,31,260,11,21,ok,,3.607,n-62-11-57,29004097,2026-08-02T12:48:00+0200
ed73f99172ffbea5,auto-10d581bed771,vanguard@da3fd8a,vanguard,da3fd8a,tempest_reinforcements@65ddc55,tempest_reinforcements,65ddc55,quarry,official,1,0,rating,b,b,0.0,core_destroyed,194,,662,1250,7,21,10,0,13,6,ok,,6.014,n-62-29-29,29004097,2026-08-02T12:48:12+0200
ed802c637bfc1629,auto-10d581bed771,v233_c@9713344,v233_c,9713344,tempest_reinforcements@65ddc55,tempest_reinforcements,65ddc55,hive,official,1,0,rating,b,b,0.0,core_destroyed,56,,115,120,8,11,30,120,11,13,ok,,4.275,n-62-21-92,29004097,2026-08-02T12:47:39+0200
ed9635c322bc727a,auto-10d581bed771,tempest_reinforcements@65ddc55,tempest_reinforcements,65ddc55,nemesis@9713344,nemesis,9713344,strait,official,1,0,rating,a,a,1.0,core_destroyed,62,,10,130,11,11,100,130,5,10,ok,,4.502,n-62-31-16,29004097,2026-08-02T12:47:17+0200
ed9c7436d8ce5491,auto-10d581bed771,tempest_reinforcements@65ddc55,tempest_reinforcements,65ddc55,tempest_blindfire@fdc1e1f,tempest_blindfire,fdc1e1f,showdown,official,1,0,rating,a,a,1.0,core_destroyed,28,,16,0,8,7,50,0,7,4,ok,,3.766,n-62-21-89,29004097,2026-08-02T12:46:21+0200
edba1c2e5025f84b,auto-10d581bed771,tempest_reinforcements@65ddc55,tempest_reinforcements,65ddc55,casemate_oracle@902be71,casemate_oracle,902be71,string,official,1,0,rating,a,a,1.0,core_destroyed,36,,30,130,11,8,258,0,5,1,ok,,4.438,n-62-11-64,29004097,2026-08-02T12:46:13+0200
eddd45fcb32659d7,auto-10d581bed771,tempest_reinforcements@65ddc55,tempest_reinforcements,65ddc55,siege_v1@9713344,siege_v1,9713344,duel,official,1,0,rating,a,a,1.0,core_destroyed,31,,16,70,10,5,183,0,6,3,ok,,3.432,n-62-11-59,29004097,2026-08-02T12:46:11+0200
edf4d58790205a75,auto-10d581bed771,tempest_reinforcements@65ddc55,tempest_reinforcements,65ddc55,e_final@9e77076,e_final,9e77076,hive,official,1,0,rating,a,a,1.0,core_destroyed,51,,10,100,11,11,89,0,8,0,ok,,4.063,n-62-21-98,29004097,2026-08-02T12:47:08+0200
ee25b79aeaecf335,auto-10d581bed771,tempest_reinforcements@65ddc55,tempest_reinforcements,65ddc55,vg_v4@9713344,vg_v4,9713344,duel,official,1,0,rating,a,a,1.0,core_destroyed,55,,10,130,11,5,101,60,1,5,ok,,3.523,n-62-31-13,29004097,2026-08-02T12:48:46+0200
ee3b0358588d1055,auto-10d581bed771,tempest_reinforcements@65ddc55,tempest_reinforcements,65ddc55,uw_v1@9713344,uw_v1,9713344,jackpot,official,1,0,rating,a,a,1.0,core_destroyed,219,,74,1600,30,28,106,390,0,1,ok,,10.015,n-62-31-23,29004097,2026-08-02T12:48:53+0200
ee3b729a733052c0,auto-10d581bed771,reaver@9713344,reaver,9713344,tempest_reinforcements@65ddc55,tempest_reinforcements,65ddc55,duel,official,1,0,rating,b,b,0.0,core_destroyed,42,,81,90,7,4,10,90,11,5,ok,,3.383,n-62-11-57,29004097,2026-08-02T12:48:04+0200
ee3f076b9dce6137,auto-10d581bed771,tempest_reinforcements@65ddc55,tempest_reinforcements,65ddc55,casemate@902be71,casemate,902be71,pinch,official,1,0,rating,a,a,1.0,core_destroyed,29,,10,0,10,4,4,0,5,16,ok,,3.778,n-62-11-61,29004097,2026-08-02T12:46:41+0200
ee46464708eb921c,auto-10d581bed771,tempest_reinforcements@65ddc55,tempest_reinforcements,65ddc55,claude_challenger_1@fdc1e1f,claude_challenger_1,fdc1e1f,vault,official,1,0,rating,a,a,1.0,core_destroyed,42,,12,90,11,6,17,0,11,3,ok,,6.729,n-62-11-66,29004097,2026-08-02T12:47:04+0200
ee51d2c9a647e2b1,auto-10d581bed771,tempest_frontier@fdc1e1f,tempest_frontier,fdc1e1f,tempest_reinforcements@65ddc55,tempest_reinforcements,65ddc55,twins,official,1,0,rating,a,a,1.0,core_destroyed,42,,58,0,11,4,10,0,9,4,ok,,4.669,n-62-21-4,29004097,2026-08-02T12:46:18+0200
ee553e573f4024be,auto-10d581bed771,tempest_reinforcements@65ddc55,tempest_reinforcements,65ddc55,turtle@9713344,turtle,9713344,duel,official,1,0,rating,a,a,1.0,core_destroyed,40,,20,90,11,5,86,0,5,6,ok,,3.869,n-62-21-60,29004097,2026-08-02T12:47:20+0200
ee72146ccf96c47e,auto-10d581bed771,tempest_reinforcements@65ddc55,tempest_reinforcements,65ddc55,siege_v1@9713344,siege_v1,9713344,vase,official,1,0,rating,a,a,1.0,core_destroyed,46,,10,0,10,6,296,0,6,1,ok,,2.929,n-62-11-50,29004097,2026-08-02T12:46:48+0200
ee94e38fecaaf6ba,auto-10d581bed771,tempest_reinforcements@65ddc55,tempest_reinforcements,65ddc55,undertow@fdc1e1f,undertow,fdc1e1f,vault,official,1,0,rating,a,a,1.0,core_destroyed,47,,10,100,12,6,122,200,7,6,ok,,4.531,n-62-21-68,29004097,2026-08-02T12:47:18+0200
ee9858da6fb4ce6b,auto-10d581bed771,vg_v1@9713344,vg_v1,9713344,tempest_reinforcements@65ddc55,tempest_reinforcements,65ddc55,twins,official,1,0,rating,b,b,0.0,core_destroyed,84,,120,0,4,4,20,0,10,5,ok,,3.744,n-62-31-14,29004097,2026-08-02T12:48:51+0200
eea8b59aba9f2ae2,auto-10d581bed771,tempest_reinforcements@65ddc55,tempest_reinforcements,65ddc55,casemate@902be71,casemate,902be71,aurora,official,1,0,rating,a,a,1.0,core_destroyed,54,,10,110,11,8,55,0,5,29,ok,,4.232,n-62-11-60,29004097,2026-08-02T12:47:13+0200
eebc6c3c315214b5,auto-10d581bed771,tempest_frontier@fdc1e1f,tempest_frontier,fdc1e1f,tempest_reinforcements@65ddc55,tempest_reinforcements,65ddc55,quarry,official,1,0,rating,a,a,1.0,core_destroyed,57,,103,0,8,6,10,0,9,5,ok,,5.663,n-62-21-18,29004097,2026-08-02T12:46:43+0200
eed08d4d0bc9689b,auto-10d581bed771,e_post2@4a95297,e_post2,4a95297,tempest_reinforcements@65ddc55,tempest_reinforcements,65ddc55,vase,official,1,0,rating,b,b,0.0,core_destroyed,30,,424,0,2,8,10,0,10,6,ok,,2.424,n-62-29-15,29004097,2026-08-02T12:46:24+0200
eed526902f5c20f0,auto-10d581bed771,tempest_reinforcements@65ddc55,tempest_reinforcements,65ddc55,v233_i@902be71,v233_i,902be71,sprint,official,1,0,rating,a,a,1.0,core_destroyed,137,,9,30,10,4,59,0,7,0,ok,,3.939,n-62-29-24,29004097,2026-08-02T12:48:05+0200
ef5320c4e008008a,auto-10d581bed771,tempest_reinforcements@65ddc55,tempest_reinforcements,65ddc55,turtle@9713344,turtle,9713344,runestone,official,1,0,rating,a,a,1.0,core_destroyed,51,,10,0,11,5,107,50,7,12,ok,,4.078,n-62-21-61,29004097,2026-08-02T12:46:50+0200
ef5919d877d58171,auto-10d581bed771,tempest_reinforcements@025dd51,tempest_reinforcements,025dd51,tempest_reinforcements@65ddc55,tempest_reinforcements,65ddc55,skerry,official,1,0,rating,a,a,1.0,core_destroyed,41,,24,90,13,5,24,90,11,4,ok,,5.285,n-62-21-24,29004097,2026-08-02T12:48:00+0200
efc8f320c7d7c12d,auto-10d581bed771,nemesis@9713344,nemesis,9713344,tempest_reinforcements@65ddc55,tempest_reinforcements,65ddc55,fjord,official,1,0,rating,b,b,0.0,core_destroyed,31,,111,70,4,10,10,60,11,5,ok,,3.713,n-62-31-13,29004097,2026-08-02T12:47:30+0200
efd68e65b50aa6a7,auto-10d581bed771,tempest_reinforcements@65ddc55,tempest_reinforcements,65ddc55,tempest_blindfire@fdc1e1f,tempest_blindfire,fdc1e1f,hive,official,1,0,rating,a,a,1.0,core_destroyed,71,,10,150,8,11,140,0,7,3,ok,,4.714,n-62-21-91,29004097,2026-08-02T12:46:55+0200
f0033ea790db39cc,auto-10d581bed771,vg_v7@9713344,vg_v7,9713344,tempest_reinforcements@65ddc55,tempest_reinforcements,65ddc55,crossfire,official,1,0,rating,b,b,0.0,core_destroyed,42,,81,90,5,5,10,90,10,6,ok,,3.206,n-62-11-58,29004097,2026-08-02T12:49:33+0200
f027426bc64da1bd,auto-10d581bed771,tempest_reinforcements@65ddc55,tempest_reinforcements,65ddc55,tempest_fast@eb1f0f3,tempest_fast,eb1f0f3,showdown,official,1,0,rating,a,a,1.0,core_destroyed,28,,16,0,8,7,50,0,7,4,ok,,3.627,n-62-12-3,29004097,2026-08-02T12:46:28+0200
f02efd03bf0c0b11,auto-10d581bed771,tempest_reinforcements@65ddc55,tempest_reinforcements,65ddc55,vanguard_oracle@75591b7,vanguard_oracle,75591b7,twins,official,1,0,rating,b,b,0.0,core_destroyed,47,,7,60,11,4,78,190,7,9,ok,,4.476,n-62-29-16,29004097,2026-08-02T12:48:06+0200
f0763fc0aa8f5e85,auto-10d581bed771,e_post2@4a95297,e_post2,4a95297,tempest_reinforcements@65ddc55,tempest_reinforcements,65ddc55,crossfire,official,1,0,rating,b,b,0.0,core_destroyed,47,,74,0,9,0,10,100,10,6,ok,,3.584,n-62-29-20,29004097,2026-08-02T12:47:31+0200
f08af48e936d0b27,auto-10d581bed771,tempest_reinforcements@65ddc55,tempest_reinforcements,65ddc55,reaver@9713344,reaver,9713344,twins,official,1,0,rating,a,a,1.0,core_destroyed,48,,20,100,10,9,93,100,3,10,ok,,3.47,n-62-11-54,29004097,2026-08-02T12:46:33+0200
f098f0f4710de239,auto-10d581bed771,siege_v1@9713344,siege_v1,9713344,tempest_reinforcements@65ddc55,tempest_reinforcements,65ddc55,sweden,official,1,0,rating,b,b,0.0,core_destroyed,44,,254,0,5,2,20,0,10,6,ok,,2.804,n-62-11-50,29004097,2026-08-02T12:46:39+0200
f0a639cabeae72af,auto-10d581bed771,tempest_reinforcements@65ddc55,tempest_reinforcements,65ddc55,reaver@9713344,reaver,9713344,longship,official,1,0,rating,a,a,1.0,core_destroyed,53,,19,110,11,12,71,40,8,7,ok,,4.089,n-62-11-53,29004097,2026-08-02T12:46:34+0200
f0aa5cb19f37bd04,auto-10d581bed771,v233_a@9713344,v233_a,9713344,tempest_reinforcements@65ddc55,tempest_reinforcements,65ddc55,crossfire,official,1,0,rating,b,b,0.0,core_destroyed,39,,54,50,7,4,10,80,11,6,ok,,2.998,n-62-11-63,29004097,2026-08-02T12:49:02+0200
f0b1afe639139725,auto-10d581bed771,vg_v2@9713344,vg_v2,9713344,tempest_reinforcements@65ddc55,tempest_reinforcements,65ddc55,aurora,official,1,0,rating,b,b,0.0,core_destroyed,55,,77,110,7,9,10,110,12,11,ok,,4.362,n-62-31-14,29004097,2026-08-02T12:49:25+0200
f0b590d986bc2a00,auto-10d581bed771,tempest_reinforcements@e1dc316,tempest_reinforcements,e1dc316,tempest_reinforcements@65ddc55,tempest_reinforcements,65ddc55,sweden,official,1,0,rating,b,b,0.0,core_destroyed,66,,15,0,11,7,10,0,7,6,ok,,4.597,n-62-12-66,29004097,2026-08-02T12:47:46+0200
f0c28001fc346c26,auto-10d581bed771,tempest_reinforcements@65ddc55,tempest_reinforcements,65ddc55,frontier_v2@9713344,frontier_v2,9713344,strait,official,1,0,rating,a,a,1.0,core_destroyed,42,,19,80,10,11,103,0,7,4,ok,,3.706,n-62-29-29,29004097,2026-08-02T12:46:11+0200
f0cbc045fdb7d0a6,auto-10d581bed771,tempest_reinforcements@65ddc55,tempest_reinforcements,65ddc55,tempest_picket@fdc1e1f,tempest_picket,fdc1e1f,jackpot,official,1,0,rating,a,a,1.0,core_destroyed,80,,11,180,13,7,281,180,6,6,ok,,5.133,n-62-21-15,29004097,2026-08-02T12:46:31+0200
f0d76358bbb38971,auto-10d581bed771,tempest_reinforcements@65ddc55,tempest_reinforcements,65ddc55,e_post2@4a95297,e_post2,4a95297,twins,official,1,0,rating,a,a,1.0,core_destroyed,71,,20,160,11,9,43,0,9,1,ok,,4.603,n-62-29-15,29004097,2026-08-02T12:46:12+0200
f0dacff8b28af008,auto-10d581bed771,vanguard@c407e79,vanguard,c407e79,tempest_reinforcements@65ddc55,tempest_reinforcements,65ddc55,crossfire,official,1,0,rating,b,b,0.0,core_destroyed,59,,67,260,8,8,7,130,11,6,ok,,4.091,n-62-29-21,29004097,2026-08-02T12:48:29+0200
f0def3979b47cb71,auto-10d581bed771,riptide@9713344,riptide,9713344,tempest_reinforcements@65ddc55,tempest_reinforcements,65ddc55,string,official,1,0,rating,b,b,0.0,core_destroyed,71,,334,0,3,1,40,470,13,16,ok,,4.628,n-62-11-58,29004097,2026-08-02T12:46:30+0200
f0e12c301d843b8c,auto-10d581bed771,tempest_reinforcements@65ddc55,tempest_reinforcements,65ddc55,frontier_v1@9713344,frontier_v1,9713344,twins,official,1,0,rating,a,a,1.0,core_destroyed,31,,20,60,10,8,14,0,10,2,ok,,3.592,n-62-29-22,29004097,2026-08-02T12:46:31+0200
f0ede82f7414c95d,auto-10d581bed771,tempest_reinforcements@65ddc55,tempest_reinforcements,65ddc55,tempest_picket@fdc1e1f,tempest_picket,fdc1e1f,vase,official,1,0,rating,a,a,1.0,core_destroyed,28,,20,0,10,6,249,0,5,2,ok,,3.473,n-62-21-23,29004097,2026-08-02T12:46:50+0200
f1269261f25eae3b,auto-10d581bed771,lockin@9713344,lockin,9713344,tempest_reinforcements@65ddc55,tempest_reinforcements,65ddc55,strait,official,1,0,rating,b,b,0.0,core_destroyed,48,,165,0,6,3,20,0,11,5,ok,,6.226,n-62-30-24,29004097,2026-08-02T12:47:14+0200
f12fc317b6eac5fd,auto-10d581bed771,tempest_reinforcements@65ddc55,tempest_reinforcements,65ddc55,undertow@9713344,undertow,9713344,sweden,official,1,0,rating,a,a,1.0,core_destroyed,222,,49,1300,23,44,986,1490,9,22,ok,,10.864,n-62-21-64,29004097,2026-08-02T12:46:30+0200
f13b299a7229f62e,auto-10d581bed771,tempest_reinforcements@65ddc55,tempest_reinforcements,65ddc55,vg_v2@9713344,vg_v2,9713344,runestone,official,1,0,rating,a,a,1.0,core_destroyed,50,,10,0,11,5,115,0,7,8,ok,,3.693,n-62-31-17,29004097,2026-08-02T12:49:48+0200
f14163f6dc2467c2,auto-10d581bed771,riptide@9713344,riptide,9713344,tempest_reinforcements@65ddc55,tempest_reinforcements,65ddc55,vase,official,1,0,rating,b,b,0.0,core_destroyed,34,,409,0,3,3,10,0,11,6,ok,,3.457,n-62-11-58,29004097,2026-08-02T12:47:07+0200
f14288c851b69159,auto-10d581bed771,tempest_reinforcements@65ddc55,tempest_reinforcements,65ddc55,vg_v5@9713344,vg_v5,9713344,atoll,official,1,0,rating,a,a,1.0,core_destroyed,49,,10,110,11,6,120,0,6,7,ok,,3.68,n-62-31-20,29004097,2026-08-02T12:47:59+0200
f142d8e35be1c840,auto-10d581bed771,tempest_reinforcements@65ddc55,tempest_reinforcements,65ddc55,tempest_outer@fdc1e1f,tempest_outer,fdc1e1f,bridge,official,1,0,rating,a,a,1.0,core_destroyed,180,,120,930,21,28,828,240,4,8,ok,,6.372,n-62-21-12,29004097,2026-08-02T12:47:12+0200
f16a9958560206e3,auto-10d581bed771,mistral_fast@26b5aa1,mistral_fast,26b5aa1,tempest_reinforcements@65ddc55,tempest_reinforcements,65ddc55,duel,official,1,0,rating,a,a,1.0,core_destroyed,24,,84,0,9,1,17,40,10,4,ok,,3.917,n-62-31-7,29004097,2026-08-02T12:47:06+0200
f1c694990048c200,auto-10d581bed771,tempest_reinforcements@65ddc55,tempest_reinforcements,65ddc55,riptide@9713344,riptide,9713344,strait,official,1,0,rating,a,a,1.0,core_destroyed,72,,20,160,13,11,100,310,7,16,ok,,5.382,n-62-11-58,29004097,2026-08-02T12:46:13+0200
f1d788bc78ddb13e,auto-10d581bed771,vg_v7@9713344,vg_v7,9713344,tempest_reinforcements@65ddc55,tempest_reinforcements,65ddc55,aurora,official,1,0,rating,b,b,0.0,core_destroyed,57,,73,90,9,8,20,120,12,11,ok,,4.388,n-62-11-58,29004097,2026-08-02T12:48:26+0200
f1e1271fcc4bc606,auto-10d581bed771,vanguard@9932bec,vanguard,9932bec,tempest_reinforcements@65ddc55,tempest_reinforcements,65ddc55,atoll,official,1,0,rating,b,b,0.0,core_destroyed,51,,74,220,6,6,10,110,12,6,ok,,5.128,n-62-29-33,29004097,2026-08-02T12:47:58+0200
f1f9365ea7a27130,auto-10d581bed771,baiter@9713344,baiter,9713344,tempest_reinforcements@65ddc55,tempest_reinforcements,65ddc55,duel,official,1,0,rating,b,b,0.0,core_destroyed,46,,117,100,6,4,11,100,11,5,ok,,4.451,n-62-31-4,29004097,2026-08-02T12:47:49+0200
f20e02fed1d9b2e0,auto-10d581bed771,tempest_reinforcements@65ddc55,tempest_reinforcements,65ddc55,vanguard_oracle@902be71,vanguard_oracle,902be71,vault,official,1,0,rating,a,a,1.0,core_destroyed,46,,10,100,11,6,110,180,8,6,ok,,3.985,n-62-28-29,29004097,2026-08-02T12:48:29+0200
f227ba2bdee504a1,auto-10d581bed771,jonbot@9713344,jonbot,9713344,tempest_reinforcements@65ddc55,tempest_reinforcements,65ddc55,crossfire,official,1,0,rating,b,b,0.0,core_destroyed,33,,249,0,5,0,10,70,10,6,ok,,2.873,n-62-29-29,29004097,2026-08-02T12:47:25+0200
f24ebd9267aaae58,auto-10d581bed771,tempest_reinforcements@65ddc55,tempest_reinforcements,65ddc55,vg_v4@9713344,vg_v4,9713344,runestone,official,1,0,rating,a,a,1.0,core_destroyed,50,,10,0,11,5,115,0,7,8,ok,,4.293,n-62-31-16,29004097,2026-08-02T12:47:58+0200
f2587a7034bda5a3,auto-10d581bed771,tempest_reinforcements@65ddc55,tempest_reinforcements,65ddc55,jonbot_190003d@da3fd8a,jonbot_190003d,da3fd8a,string,official,1,0,rating,a,a,1.0,core_destroyed,81,,68,410,17,11,459,320,2,7,ok,,4.42,n-62-29-34,29004097,2026-08-02T12:46:48+0200
f295eb6a5ac9b207,auto-10d581bed771,tempest_reinforcements@65ddc55,tempest_reinforcements,65ddc55,v233_c@9713344,v233_c,9713344,runestone,official,1,0,rating,a,a,1.0,core_destroyed,49,,10,0,11,5,108,0,8,9,ok,,3.545,n-62-21-92,29004097,2026-08-02T12:48:14+0200
f296f33b45bf69c8,auto-10d581bed771,turtle@9713344,turtle,9713344,tempest_reinforcements@65ddc55,tempest_reinforcements,65ddc55,quarry,official,1,0,rating,b,b,0.0,core_destroyed,104,,42,180,7,19,20,0,11,6,ok,,5.39,n-62-21-61,29004097,2026-08-02T12:46:46+0200
f2ccdfb171720cfb,auto-10d581bed771,tempest_reinforcements@65ddc55,tempest_reinforcements,65ddc55,vg_v1@9713344,vg_v1,9713344,twins,official,1,0,rating,a,a,1.0,core_destroyed,68,,20,150,11,9,84,290,6,9,ok,,4.508,n-62-31-14,29004097,2026-08-02T12:48:48+0200
f2d3fbf35191350c,auto-10d581bed771,tempest_frontier@fdc1e1f,tempest_frontier,fdc1e1f,tempest_reinforcements@65ddc55,tempest_reinforcements,65ddc55,pinch,official,1,0,rating,b,b,0.0,core_destroyed,26,,62,0,10,3,9,0,9,4,ok,,5.104,n-62-21-18,29004097,2026-08-02T12:46:31+0200
f2dccbd62fbccc3e,auto-10d581bed771,claude_challenger_2@fdc1e1f,claude_challenger_2,fdc1e1f,tempest_reinforcements@65ddc55,tempest_reinforcements,65ddc55,vault,official,1,0,rating,b,b,0.0,core_destroyed,47,,264,200,10,6,2,180,11,18,ok,,5.896,n-62-21-92,29004097,2026-08-02T12:47:13+0200
f2e37d85188644df,auto-10d581bed771,vanguard@c407e79,vanguard,c407e79,tempest_reinforcements@65ddc55,tempest_reinforcements,65ddc55,twins,official,1,0,rating,b,b,0.0,core_destroyed,43,,91,160,8,10,10,0,11,5,ok,,3.693,n-62-29-26,29004097,2026-08-02T12:47:47+0200
f305e065a6729c36,auto-10d581bed771,opponent_luc@e83a42c,opponent_luc,e83a42c,tempest_reinforcements@65ddc55,tempest_reinforcements,65ddc55,skerry,official,1,0,rating,b,b,0.0,core_destroyed,63,,179,280,13,5,46,320,13,17,ok,,7.696,n-62-31-15,29004097,2026-08-02T12:47:26+0200
f31a5f70d9e06119,auto-10d581bed771,tempest_reinforcements@65ddc55,tempest_reinforcements,65ddc55,e_t4l7@9e77076,e_t4l7,9e77076,strait,official,1,0,rating,a,a,1.0,core_destroyed,46,,23,90,10,11,89,230,6,28,ok,,3.132,n-62-29-17,29004097,2026-08-02T12:47:23+0200
f31edbb8bf3dd204,auto-10d581bed771,tempest_reinforcements@65ddc55,tempest_reinforcements,65ddc55,turtle@9713344,turtle,9713344,twins,official,1,0,rating,a,a,1.0,core_destroyed,58,,10,120,11,9,96,350,6,16,ok,,4.73,n-62-21-62,29004097,2026-08-02T12:46:49+0200
f31fe0d788d63c3c,auto-10d581bed771,jonbot_190003d@da3fd8a,jonbot_190003d,da3fd8a,tempest_reinforcements@65ddc55,tempest_reinforcements,65ddc55,quarry,official,1,0,rating,b,b,0.0,core_destroyed,54,,251,70,4,19,10,0,11,6,ok,,3.932,n-62-29-32,29004097,2026-08-02T12:47:33+0200
f320b6c33508c6e7,auto-10d581bed771,tempest_oracle_ferry@fdc1e1f,tempest_oracle_ferry,fdc1e1f,tempest_reinforcements@65ddc55,tempest_reinforcements,65ddc55,twins,official,1,0,rating,a,a,1.0,core_destroyed,38,,6,0,10,4,10,0,8,3,ok,,4.799,n-62-21-12,29004097,2026-08-02T12:46:30+0200
f32cb53ac5cd4d91,auto-10d581bed771,riptide@9713344,riptide,9713344,tempest_reinforcements@65ddc55,tempest_reinforcements,65ddc55,pinch,official,1,0,rating,b,b,0.0,core_destroyed,27,,75,0,4,3,20,50,10,8,ok,,3.386,n-62-11-55,29004097,2026-08-02T12:46:51+0200
f3367e9ddbd7ee96,auto-10d581bed771,undertow_oracle@75591b7,undertow_oracle,75591b7,tempest_reinforcements@65ddc55,tempest_reinforcements,65ddc55,bridge,official,1,0,rating,b,b,0.0,core_destroyed,224,,111,0,5,4,41,1230,26,23,ok,,10.606,n-62-31-22,29004097,2026-08-02T12:48:04+0200
f3447697d9404bbb,auto-10d581bed771,riptide@9713344,riptide,9713344,tempest_reinforcements@65ddc55,tempest_reinforcements,65ddc55,strait,official,1,0,rating,b,b,0.0,core_destroyed,74,,58,160,5,11,10,0,11,5,ok,,4.991,n-62-11-58,29004097,2026-08-02T12:46:19+0200
f351c479a15d7aba,auto-10d581bed771,tempest_reinforcements@edf93ad,tempest_reinforcements,edf93ad,tempest_reinforcements@65ddc55,tempest_reinforcements,65ddc55,strait,official,1,0,rating,a,a,1.0,core_destroyed,41,,32,80,12,9,27,0,9,4,ok,,5.409,n-62-21-55,29004097,2026-08-02T12:47:16+0200
f372057f3d1625c4,auto-10d581bed771,tempest_reinforcements@65ddc55,tempest_reinforcements,65ddc55,v233_a@9713344,v233_a,9713344,runestone,official,1,0,rating,a,a,1.0,core_destroyed,48,,20,0,11,5,103,30,7,11,ok,,3.523,n-62-11-64,29004097,2026-08-02T12:47:52+0200
f376b8c4fcec7af7,auto-10d581bed771,tempest@da3fd8a,tempest,da3fd8a,tempest_reinforcements@65ddc55,tempest_reinforcements,65ddc55,pinch,official,1,0,rating,b,b,0.0,core_destroyed,26,,103,0,9,3,9,0,9,4,ok,,3.956,n-62-11-56,29004097,2026-08-02T12:47:33+0200
f37e71dc2e621c10,auto-10d581bed771,tempest_outer@fdc1e1f,tempest_outer,fdc1e1f,tempest_reinforcements@65ddc55,tempest_reinforcements,65ddc55,quarry,official,1,0,rating,a,a,1.0,core_destroyed,57,,144,0,7,6,10,0,9,5,ok,,4.531,n-62-21-13,29004097,2026-08-02T12:46:53+0200
f3e023ab2490f102,auto-10d581bed771,undertow_1ac7ac4@da3fd8a,undertow_1ac7ac4,da3fd8a,tempest_reinforcements@65ddc55,tempest_reinforcements,65ddc55,longship,official,1,0,rating,a,a,1.0,core_destroyed,46,,89,180,9,10,10,80,11,13,ok,,4.461,n-62-21-69,29004097,2026-08-02T12:47:04+0200
f3e7cbf71c56e79b,auto-10d581bed771,tempest_reinforcements@65ddc55,tempest_reinforcements,65ddc55,vanguard_oracle@902be71,vanguard_oracle,902be71,sweden,official,1,0,rating,b,b,0.0,core_destroyed,92,,16,0,11,7,159,370,10,13,ok,,4.392,n-62-28-29,29004097,2026-08-02T12:48:06+0200
f3f5ed81c75a82dc,auto-10d581bed771,v233_e@9713344,v233_e,9713344,tempest_reinforcements@65ddc55,tempest_reinforcements,65ddc55,atoll,official,1,0,rating,b,b,0.0,core_destroyed,52,,99,220,6,10,30,120,9,6,ok,,3.973,n-62-31-11,29004097,2026-08-02T12:48:57+0200
f41fde88d75118b6,auto-10d581bed771,tempest_reinforcements@65ddc55,tempest_reinforcements,65ddc55,uw_v2@9713344,uw_v2,9713344,crossfire,official,1,0,rating,a,a,1.0,core_destroyed,73,,10,170,11,6,90,320,5,13,ok,,4.176,n-62-11-61,29004097,2026-08-02T12:48:33+0200
f4236dd75a23a57e,auto-10d581bed771,tempest_reinforcements@65ddc55,tempest_reinforcements,65ddc55,undertow_oracle@75591b7,undertow_oracle,75591b7,runestone,official,1,0,rating,a,a,1.0,core_destroyed,41,,6,0,11,5,27,140,11,12,ok,,4.735,n-62-31-22,29004097,2026-08-02T12:49:49+0200
f4322260cc29b55b,auto-10d581bed771,tempest_reinforcements@65ddc55,tempest_reinforcements,65ddc55,casemate_oracle@902be71,casemate_oracle,902be71,quarry,official,1,0,rating,a,a,1.0,core_destroyed,465,,1379,7180,49,44,1011,0,2,30,ok,,35.769,n-62-11-63,29004097,2026-08-02T12:47:25+0200
f45a2b7424699d29,auto-10d581bed771,tempest_reinforcements@65ddc55,tempest_reinforcements,65ddc55,casemate@902be71,casemate,902be71,showdown,official,1,0,rating,a,a,1.0,core_destroyed,33,,8,0,10,7,17,0,5,10,ok,,4.03,n-62-11-61,29004097,2026-08-02T12:47:09+0200
f476de423179ca5e,auto-10d581bed771,vg_v3@9713344,vg_v3,9713344,tempest_reinforcements@65ddc55,tempest_reinforcements,65ddc55,runestone,official,1,0,rating,b,b,0.0,core_destroyed,38,,95,60,6,9,10,0,11,5,ok,,3.879,n-62-31-18,29004097,2026-08-02T12:47:53+0200
f4968643e77bcffa,auto-10d581bed771,baiter@9713344,baiter,9713344,tempest_reinforcements@65ddc55,tempest_reinforcements,65ddc55,sprint,official,1,0,rating,b,b,0.0,core_destroyed,33,,89,20,5,6,10,60,9,11,ok,,3.917,n-62-31-23,29004097,2026-08-02T12:47:21+0200
f4b01f9a50577160,auto-10d581bed771,tempest_reinforcements@65ddc55,tempest_reinforcements,65ddc55,baiter@9713344,baiter,9713344,pinch,official,1,0,rating,a,a,1.0,core_destroyed,29,,8,50,10,9,95,0,2,3,ok,,4.426,n-62-31-23,29004097,2026-08-02T12:46:25+0200
f4b9e0042ad9b678,auto-10d581bed771,v233_f@9713344,v233_f,9713344,tempest_reinforcements@65ddc55,tempest_reinforcements,65ddc55,longship,official,1,0,rating,b,b,0.0,core_destroyed,53,,124,360,14,16,10,100,11,14,ok,,4.552,n-62-21-97,29004097,2026-08-02T12:48:24+0200
f4e0328b7b5826fb,auto-10d581bed771,uw_v1@9713344,uw_v1,9713344,tempest_reinforcements@65ddc55,tempest_reinforcements,65ddc55,vase,official,1,0,rating,b,b,0.0,core_destroyed,34,,70,0,6,1,10,0,10,6,ok,,3.119,n-62-11-60,29004097,2026-08-02T12:48:47+0200
f5070f97f9703f73,auto-10d581bed771,vanguard@818f3b4,vanguard,818f3b4,tempest_reinforcements@65ddc55,tempest_reinforcements,65ddc55,atoll,official,1,0,rating,b,b,0.0,core_destroyed,51,,74,220,6,6,10,110,12,6,ok,,4.539,n-62-29-17,29004097,2026-08-02T12:47:45+0200
f50bab7c5363eaca,auto-10d581bed771,tempest_reinforcements@65ddc55,tempest_reinforcements,65ddc55,uw_v2@9713344,uw_v2,9713344,fjord,official,1,0,rating,a,a,1.0,core_destroyed,68,,47,250,12,8,76,460,7,14,ok,,4.554,n-62-11-61,29004097,2026-08-02T12:48:50+0200
f514367e1f1f3662,auto-10d581bed771,tempest_reinforcements@65ddc55,tempest_reinforcements,65ddc55,tempest_picket@fdc1e1f,tempest_picket,fdc1e1f,duel,official,1,0,rating,b,b,0.0,core_destroyed,22,,13,40,9,4,25,40,12,5,ok,,3.983,n-62-21-2,29004097,2026-08-02T12:47:31+0200
f51563a52b20df2c,auto-10d581bed771,baiter@9713344,baiter,9713344,tempest_reinforcements@65ddc55,tempest_reinforcements,65ddc55,string,official,1,0,rating,b,b,0.0,core_destroyed,71,,361,0,3,2,40,470,13,16,ok,,4.142,n-62-31-23,29004097,2026-08-02T12:47:41+0200
f523a5514180a80b,auto-10d581bed771,tempest_reinforcements@65ddc55,tempest_reinforcements,65ddc55,vanguard@9932bec,vanguard,9932bec,vase,official,1,0,rating,a,a,1.0,core_destroyed,88,,16,0,10,5,66,0,8,0,ok,,4.575,n-62-29-21,29004097,2026-08-02T12:47:42+0200
f5308111a4e877b7,auto-10d581bed771,nemesis@9713344,nemesis,9713344,tempest_reinforcements@65ddc55,tempest_reinforcements,65ddc55,crossfire,official,1,0,rating,b,b,0.0,core_destroyed,48,,96,100,5,7,30,110,11,6,ok,,4.106,n-62-31-13,29004097,2026-08-02T12:47:14+0200
f5386cebe45af906,auto-10d581bed771,casemate@902be71,casemate,902be71,tempest_reinforcements@65ddc55,tempest_reinforcements,65ddc55,longship,official,1,0,rating,b,b,0.0,core_destroyed,52,,16,0,8,16,20,100,11,14,ok,,4.549,n-62-11-61,29004097,2026-08-02T12:46:37+0200
f5410c2400641675,auto-10d581bed771,frontier_v1@9713344,frontier_v1,9713344,tempest_reinforcements@65ddc55,tempest_reinforcements,65ddc55,showdown,official,1,0,rating,b,b,0.0,core_destroyed,21,,236,0,5,1,10,0,10,8,ok,,3.022,n-62-29-21,29004097,2026-08-02T12:47:03+0200
f563891d2c324dfe,auto-10d581bed771,undertow@da3fd8a,undertow,da3fd8a,tempest_reinforcements@65ddc55,tempest_reinforcements,65ddc55,sprint,official,1,0,rating,b,b,0.0,core_destroyed,51,,47,0,9,9,18,110,10,7,ok,,3.848,n-62-21-65,29004097,2026-08-02T12:47:44+0200
f56c529da0d07cbc,auto-10d581bed771,tempest_picket@fdc1e1f,tempest_picket,fdc1e1f,tempest_reinforcements@65ddc55,tempest_reinforcements,65ddc55,vase,official,1,0,rating,b,b,0.0,core_destroyed,24,,164,0,7,3,16,0,11,4,ok,,3.847,n-62-21-23,29004097,2026-08-02T12:46:54+0200
f57739aacec8c080,auto-10d581bed771,jonbot@9713344,jonbot,9713344,tempest_reinforcements@65ddc55,tempest_reinforcements,65ddc55,vault,official,1,0,rating,b,b,0.0,core_destroyed,55,,299,0,5,0,10,220,11,21,ok,,3.459,n-62-29-30,29004097,2026-08-02T12:46:59+0200
f591b116ec2aa66a,auto-10d581bed771,tempest_reinforcements@65ddc55,tempest_reinforcements,65ddc55,vanguard_oracle@902be71,vanguard_oracle,902be71,bridge,official,1,0,rating,a,a,1.0,core_destroyed,509,,21,1520,36,16,569,30,2,5,ok,,14.597,n-62-29-16,29004097,2026-08-02T12:49:02+0200
f5a0dfc670edd4ae,auto-10d581bed771,tempest_reinforcements@65ddc55,tempest_reinforcements,65ddc55,e_harc@6db8844,e_harc,6db8844,hive,official,1,0,rating,a,a,1.0,core_destroyed,52,,30,110,11,11,10,0,9,15,ok,,3.895,n-62-28-29,29004097,2026-08-02T12:47:16+0200
f5ee565b1a9537cd,auto-10d581bed771,tempest_reinforcements@65ddc55,tempest_reinforcements,65ddc55,jonbot@9713344,jonbot,9713344,vase,official,1,0,rating,a,a,1.0,core_destroyed,130,,46,200,17,7,480,0,0,0,ok,,4.659,n-62-29-30,29004097,2026-08-02T12:46:48+0200
f5fb6d4d30baa4f6,auto-10d581bed771,tempest_reinforcements@65ddc55,tempest_reinforcements,65ddc55,claude_challenger_3@fdc1e1f,claude_challenger_3,fdc1e1f,sweden,official,1,0,rating,a,a,1.0,core_destroyed,249,,17,1560,25,56,1120,0,0,0,ok,,7.319,n-62-31-10,29004097,2026-08-02T12:47:04+0200
f61431f433b53e41,auto-10d581bed771,v233_g@9713344,v233_g,9713344,tempest_reinforcements@65ddc55,tempest_reinforcements,65ddc55,atoll,official,1,0,rating,b,b,0.0,core_destroyed,40,,110,160,7,11,30,90,11,6,ok,,3.255,n-62-21-98,29004097,2026-08-02T12:49:38+0200
f630856baed649e7,auto-10d581bed771,vanguard_oracle@902be71,vanguard_oracle,902be71,tempest_reinforcements@65ddc55,tempest_reinforcements,65ddc55,strait,official,1,0,rating,b,b,0.0,core_destroyed,100,,139,410,13,8,30,150,13,12,ok,,5.717,n-62-28-29,29004097,2026-08-02T12:47:52+0200
f6403e0a14b3a73c,auto-10d581bed771,casemate_oracle@902be71,casemate_oracle,902be71,tempest_reinforcements@65ddc55,tempest_reinforcements,65ddc55,atoll,official,1,0,rating,b,b,0.0,core_destroyed,49,,15,0,9,25,9,50,11,5,ok,,4.565,n-62-11-62,29004097,2026-08-02T12:47:55+0200
f644dedc6fec70a4,auto-10d581bed771,reaver@9713344,reaver,9713344,tempest_reinforcements@65ddc55,tempest_reinforcements,65ddc55,showdown,official,1,0,rating,b,b,0.0,core_destroyed,41,,92,0,5,5,8,0,10,8,ok,,3.776,n-62-11-53,29004097,2026-08-02T12:47:10+0200
f64ed4843226b3a5,auto-10d581bed771,autistimusprime@ecd4d24,autistimusprime,ecd4d24,tempest_reinforcements@65ddc55,tempest_reinforcements,65ddc55,duel,official,1,0,rating,b,b,0.0,core_destroyed,55,,59,110,4,2,7,120,10,5,ok,,4.422,n-62-31-24,29004097,2026-08-02T12:47:07+0200
f65aae49ce1a48ea,auto-10d581bed771,tempest_reinforcements@65ddc55,tempest_reinforcements,65ddc55,casemate_oracle@902be71,casemate_oracle,902be71,fjord,official,1,0,rating,a,a,1.0,core_destroyed,27,,10,50,11,5,176,0,5,9,ok,,3.272,n-62-11-62,29004097,2026-08-02T12:48:33+0200
f66b897dd69bb5ed,auto-10d581bed771,tempest_reinforcements@65ddc55,tempest_reinforcements,65ddc55,titanium_v1@9713344,titanium_v1,9713344,runestone,official,1,0,rating,a,a,1.0,core_destroyed,32,,20,0,11,5,274,0,4,4,ok,,3.118,n-62-21-59,29004097,2026-08-02T12:46:32+0200
f67d931826dc352a,auto-10d581bed771,titanium_v1@9713344,titanium_v1,9713344,tempest_reinforcements@65ddc55,tempest_reinforcements,65ddc55,duel,official,1,0,rating,b,b,0.0,core_destroyed,30,,272,0,4,4,10,60,10,5,ok,,2.961,n-62-21-57,29004097,2026-08-02T12:47:03+0200
f696c19148a22351,auto-10d581bed771,tempest@da3fd8a,tempest,da3fd8a,tempest_reinforcements@65ddc55,tempest_reinforcements,65ddc55,strait,official,1,0,rating,a,a,1.0,core_destroyed,54,,66,0,11,4,10,0,10,4,ok,,5.845,n-62-21-90,29004097,2026-08-02T12:46:48+0200
f6a8a3832d294744,auto-10d581bed771,tempest_reinforcements@65ddc55,tempest_reinforcements,65ddc55,frontier_v1@9713344,frontier_v1,9713344,atoll,official,1,0,rating,a,a,1.0,core_destroyed,37,,10,80,12,6,44,0,9,2,ok,,4.064,n-62-29-19,29004097,2026-08-02T12:47:08+0200
f6a96b22ca28e9f9,auto-10d581bed771,tempest_reinforcements@65ddc55,tempest_reinforcements,65ddc55,riptide@9713344,riptide,9713344,pinch,official,1,0,rating,a,a,1.0,core_destroyed,29,,8,50,10,9,95,0,2,3,ok,,3.402,n-62-11-55,29004097,2026-08-02T12:46:47+0200
f6db7f34255fb71f,auto-10d581bed771,tempest_reinforcements@65ddc55,tempest_reinforcements,65ddc55,casemate_oracle@902be71,casemate_oracle,902be71,vault,official,1,0,rating,a,a,1.0,core_destroyed,48,,36,180,11,13,32,0,9,24,ok,,5.495,n-62-11-64,29004097,2026-08-02T12:47:37+0200
f6e74ccecf6bb95d,auto-10d581bed771,turtle@9713344,turtle,9713344,tempest_reinforcements@65ddc55,tempest_reinforcements,65ddc55,sprint,official,1,0,rating,b,b,0.0,core_destroyed,42,,81,80,5,9,10,80,10,11,ok,,3.472,n-62-21-61,29004097,2026-08-02T12:47:21+0200
f6fc2d01e78e309c,auto-10d581bed771,tempest_ferry@26b5aa1,tempest_ferry,26b5aa1,tempest_reinforcements@65ddc55,tempest_reinforcements,65ddc55,skerry,official,1,0,rating,b,b,0.0,core_destroyed,38,,193,0,7,2,20,90,9,5,ok,,4.316,n-62-12-4,29004097,2026-08-02T12:46:58+0200
f7657494fa5b39e1,auto-10d581bed771,tempest_reinforcements@025dd51,tempest_reinforcements,025dd51,tempest_reinforcements@65ddc55,tempest_reinforcements,65ddc55,quarry,official,1,0,rating,a,a,1.0,core_destroyed,48,,25,80,13,8,16,0,10,5,ok,,5.657,n-62-21-24,29004097,2026-08-02T12:47:28+0200
f777caf47102e389,auto-10d581bed771,tempest_reinforcements@65ddc55,tempest_reinforcements,65ddc55,opponent_luc@e83a42c,opponent_luc,e83a42c,fjord,official,1,0,rating,a,a,1.0,core_destroyed,26,,10,50,11,5,73,100,10,6,ok,,5.397,n-62-31-20,29004097,2026-08-02T12:47:30+0200
f7e7ace97db59fb1,auto-10d581bed771,tempest_reinforcements@65ddc55,tempest_reinforcements,65ddc55,tempest_reinforcements@51ad530,tempest_reinforcements,51ad530,longship,official,1,0,rating,b,b,0.0,core_destroyed,45,,9,90,11,11,30,90,11,11,ok,,4.525,n-62-13-6,29004097,2026-08-02T12:47:01+0200
f7ea808d51bfbaf2,auto-10d581bed771,tempest_reinforcements@65ddc55,tempest_reinforcements,65ddc55,attack_wave_v1@9713344,attack_wave_v1,9713344,vase,official,1,0,rating,a,a,1.0,core_destroyed,46,,10,0,10,6,296,0,6,1,ok,,3.678,n-62-31-22,29004097,2026-08-02T12:47:31+0200
f88116b7013f67c3,auto-10d581bed771,tempest_reinforcements@65ddc55,tempest_reinforcements,65ddc55,vg_v7@9713344,vg_v7,9713344,runestone,official,1,0,rating,a,a,1.0,core_destroyed,51,,10,0,11,5,73,60,9,11,ok,,4.642,n-62-31-22,29004097,2026-08-02T12:48:33+0200
f882f6eea79ada0c,auto-10d581bed771,tempest_reinforcements@65ddc55,tempest_reinforcements,65ddc55,e_harc@6db8844,e_harc,6db8844,quarry,official,1,0,rating,a,a,1.0,core_destroyed,41,,10,0,11,6,33,0,9,11,ok,,3.747,n-62-29-18,29004097,2026-08-02T12:46:21+0200
f8882bd0b97e0e07,auto-10d581bed771,tempest_reinforcements@65ddc55,tempest_reinforcements,65ddc55,reaver@9713344,reaver,9713344,sprint,official,1,0,rating,a,a,1.0,core_destroyed,36,,20,70,10,7,90,70,4,6,ok,,3.254,n-62-11-53,29004097,2026-08-02T12:47:23+0200
f889f8997dc11bc1,auto-10d581bed771,tempest_reinforcements@65ddc55,tempest_reinforcements,65ddc55,vg_v7@9713344,vg_v7,9713344,sprint,official,1,0,rating,a,a,1.0,core_destroyed,34,,10,60,10,7,117,90,3,6,ok,,3.44,n-62-31-22,29004097,2026-08-02T12:48:59+0200
f8b008441b4c2edc,auto-10d581bed771,tempest_reinforcements@65ddc55,tempest_reinforcements,65ddc55,tempest_blindfire@fdc1e1f,tempest_blindfire,fdc1e1f,longship,official,1,0,rating,b,b,0.0,core_destroyed,34,,1,60,11,11,58,0,10,4,ok,,4.357,n-62-21-91,29004097,2026-08-02T12:47:11+0200
f8be5205f113072d,auto-10d581bed771,vg_v2@9713344,vg_v2,9713344,tempest_reinforcements@65ddc55,tempest_reinforcements,65ddc55,sweden,official,1,0,rating,b,b,0.0,core_destroyed,121,,122,230,6,9,28,280,10,31,ok,,4.553,n-62-31-5,29004097,2026-08-02T12:49:04+0200
f8c1458ab9b7700a,auto-10d581bed771,tempest_ferry@26b5aa1,tempest_ferry,26b5aa1,tempest_reinforcements@65ddc55,tempest_reinforcements,65ddc55,strait,official,1,0,rating,a,a,1.0,core_destroyed,52,,68,0,11,4,20,0,10,4,ok,,4.646,n-62-12-4,29004097,2026-08-02T12:47:16+0200
f8e9f77dc2231c5d,auto-10d581bed771,tempest_reinforcements@65ddc55,tempest_reinforcements,65ddc55,tempest_frontier@fdc1e1f,tempest_frontier,fdc1e1f,hive,official,1,0,rating,a,a,1.0,core_destroyed,50,,9,100,10,11,103,0,10,3,ok,,4.642,n-62-12-7,29004097,2026-08-02T12:47:27+0200
f91353935211270c,auto-10d581bed771,vg_v6@9713344,vg_v6,9713344,tempest_reinforcements@65ddc55,tempest_reinforcements,65ddc55,fjord,official,1,0,rating,b,b,0.0,core_destroyed,42,,84,170,3,8,10,90,11,5,ok,,3.319,n-62-11-57,29004097,2026-08-02T12:49:31+0200
f92bddbd2e85790f,auto-10d581bed771,tempest_reinforcements@65ddc55,tempest_reinforcements,65ddc55,vanguard@c407e79,vanguard,c407e79,fjord,official,1,0,rating,a,a,1.0,core_destroyed,41,,20,90,11,5,63,260,12,7,ok,,3.562,n-62-29-21,29004097,2026-08-02T12:48:41+0200
f932ea2f3e2eb49a,auto-10d581bed771,lockin@9713344,lockin,9713344,tempest_reinforcements@65ddc55,tempest_reinforcements,65ddc55,quarry,official,1,0,rating,b,b,0.0,core_destroyed,54,,140,0,10,4,10,0,11,6,ok,,6.535,n-62-30-23,29004097,2026-08-02T12:47:51+0200
f937e676054a8cad,auto-10d581bed771,tempest_reinforcements@65ddc55,tempest_reinforcements,65ddc55,vg_v7@9713344,vg_v7,9713344,string,official,1,0,rating,a,a,1.0,core_destroyed,102,,112,670,20,15,116,0,1,0,ok,,5.797,n-62-31-22,29004097,2026-08-02T12:49:19+0200
f9465e65ab886065,auto-10d581bed771,v233_e@9713344,v233_e,9713344,tempest_reinforcements@65ddc55,tempest_reinforcements,65ddc55,hive,official,1,0,rating,b,b,0.0,core_destroyed,61,,85,130,6,11,10,130,11,13,ok,,4.263,n-62-21-103,29004097,2026-08-02T12:47:59+0200
f94ed3fc4e502f18,auto-10d581bed771,tempest_reinforcements@65ddc55,tempest_reinforcements,65ddc55,vg_v3@9713344,vg_v3,9713344,runestone,official,1,0,rating,a,a,1.0,core_destroyed,50,,10,0,11,5,115,0,7,8,ok,,4.413,n-62-31-18,29004097,2026-08-02T12:47:49+0200
f9553c92fd401242,auto-10d581bed771,vg_v7@9713344,vg_v7,9713344,tempest_reinforcements@65ddc55,tempest_reinforcements,65ddc55,twins,official,1,0,rating,b,b,0.0,core_destroyed,54,,35,0,4,4,10,0,10,5,ok,,3.781,n-62-31-24,29004097,2026-08-02T12:48:36+0200
f9717cf5bb60fedf,auto-10d581bed771,v233_g@9713344,v233_g,9713344,tempest_reinforcements@65ddc55,tempest_reinforcements,65ddc55,sweden,official,1,0,rating,b,b,0.0,core_destroyed,42,,99,130,6,26,10,0,10,6,ok,,2.745,n-62-29-18,29004097,2026-08-02T12:48:20+0200
f977a2ccb8f30ef9,auto-10d581bed771,frontier_v2@9713344,frontier_v2,9713344,tempest_reinforcements@65ddc55,tempest_reinforcements,65ddc55,vase,official,1,0,rating,b,b,0.0,core_destroyed,55,,276,0,3,1,10,0,11,6,ok,,3.228,n-62-29-29,29004097,2026-08-02T12:46:51+0200
f9d82e0ab06e5dc1,auto-10d581bed771,siege_v2@9713344,siege_v2,9713344,tempest_reinforcements@65ddc55,tempest_reinforcements,65ddc55,vase,official,1,0,rating,b,b,0.0,core_destroyed,34,,266,0,4,1,10,0,11,6,ok,,2.961,n-62-11-52,29004097,2026-08-02T12:47:01+0200
f9fc03d9949b5f0b,auto-10d581bed771,jonbot_190003d@da3fd8a,jonbot_190003d,da3fd8a,tempest_reinforcements@65ddc55,tempest_reinforcements,65ddc55,vase,official,1,0,rating,b,b,0.0,core_destroyed,42,,263,0,5,5,10,0,10,6,ok,,2.952,n-62-29-34,29004097,2026-08-02T12:47:15+0200
fa0fc5ad4cc6a254,auto-10d581bed771,v233_a@9713344,v233_a,9713344,tempest_reinforcements@65ddc55,tempest_reinforcements,65ddc55,fjord,official,1,0,rating,b,b,0.0,core_destroyed,36,,128,150,4,8,30,80,11,5,ok,,3.149,n-62-11-63,29004097,2026-08-02T12:49:15+0200
fa3bbb5a80513354,auto-10d581bed771,tempest_reinforcements@65ddc55,tempest_reinforcements,65ddc55,uw_v2@9713344,uw_v2,9713344,pinch,official,1,0,rating,a,a,1.0,core_destroyed,36,,20,70,10,9,118,70,2,5,ok,,3.522,n-62-11-62,29004097,2026-08-02T12:47:29+0200
fa405026b73694b4,auto-10d581bed771,tempest_reinforcements@65ddc55,tempest_reinforcements,65ddc55,jonbot@9713344,jonbot,9713344,sweden,official,1,0,rating,a,a,1.0,core_destroyed,137,,18,670,16,41,509,0,5,0,ok,,4.936,n-62-29-30,29004097,2026-08-02T12:46:33+0200
fa4c06c903bbcf0f,auto-10d581bed771,frontier_v2@9713344,frontier_v2,9713344,tempest_reinforcements@65ddc55,tempest_reinforcements,65ddc55,bridge,official,1,0,rating,b,b,0.0,core_destroyed,38,,234,0,7,1,10,0,11,8,ok,,3.145,n-62-29-22,29004097,2026-08-02T12:47:15+0200
fa4d3a36883cab73,auto-10d581bed771,tempest_reinforcements@65ddc55,tempest_reinforcements,65ddc55,tempest_outer@fdc1e1f,tempest_outer,fdc1e1f,duel,official,1,0,rating,a,a,1.0,titanium_collected,35,,10,80,5,2,68,70,8,4,ok,,3.717,n-62-21-12,29004097,2026-08-02T12:47:27+0200
fa68a59e42ab1fe6,auto-10d581bed771,tempest_reinforcements@65ddc55,tempest_reinforcements,65ddc55,v233_i@902be71,v233_i,902be71,jackpot,official,1,0,rating,a,a,1.0,core_destroyed,76,,23,170,14,7,135,330,7,7,ok,,4.718,n-62-29-20,29004097,2026-08-02T12:48:31+0200
fa69a1b8f60cee0c,auto-10d581bed771,tempest_reinforcements@65ddc55,tempest_reinforcements,65ddc55,undertow@fdc1e1f,undertow,fdc1e1f,crossfire,official,1,0,rating,a,a,1.0,core_destroyed,43,,7,90,10,6,56,170,9,7,ok,,4.177,n-62-21-66,29004097,2026-08-02T12:47:59+0200
fa7e60e3dd1dedb2,auto-10d581bed771,tempest_reinforcements@65ddc55,tempest_reinforcements,65ddc55,titanium_v1@9713344,titanium_v1,9713344,crossfire,official,1,0,rating,a,a,1.0,core_destroyed,31,,10,60,10,6,270,0,4,4,ok,,3.045,n-62-21-57,29004097,2026-08-02T12:46:53+0200
fa9108f75d746bad,auto-10d581bed771,tempest_reinforcements@65ddc55,tempest_reinforcements,65ddc55,v233_i@902be71,v233_i,902be71,fjord,official,1,0,rating,a,a,1.0,core_destroyed,42,,10,90,11,5,112,180,10,6,ok,,3.703,n-62-29-20,29004097,2026-08-02T12:48:14+0200
fa9cc33bebd124a8,auto-10d581bed771,reaver@9713344,reaver,9713344,tempest_reinforcements@65ddc55,tempest_reinforcements,65ddc55,quarry,official,1,0,rating,b,b,0.0,core_destroyed,69,,87,160,6,14,10,0,11,6,ok,,3.92,n-62-11-53,29004097,2026-08-02T12:46:55+0200
faa55cd2dfdff9a5,auto-10d581bed771,tempest_reinforcements@65ddc55,tempest_reinforcements,65ddc55,e_final@9e77076,e_final,9e77076,bridge,official,1,0,rating,b,b,0.0,core_destroyed,63,,31,0,11,7,24,0,6,17,ok,,3.859,n-62-21-98,29004097,2026-08-02T12:46:30+0200
fac3253d21fc490e,auto-10d581bed771,tempest_reinforcements@65ddc55,tempest_reinforcements,65ddc55,attack_wave_v1@9713344,attack_wave_v1,9713344,twins,official,1,0,rating,a,a,1.0,core_destroyed,33,,10,60,10,9,188,0,5,3,ok,,3.96,n-62-31-22,29004097,2026-08-02T12:47:23+0200
faf782a915951692,auto-10d581bed771,tempest_reinforcements@65ddc55,tempest_reinforcements,65ddc55,titanium_v1@9713344,titanium_v1,9713344,longship,official,1,0,rating,a,a,1.0,core_destroyed,50,,0,100,12,12,317,0,4,4,ok,,3.839,n-62-21-59,29004097,2026-08-02T12:46:12+0200
fb14c43eb1afe043,auto-10d581bed771,autistimusprime@ecd4d24,autistimusprime,ecd4d24,tempest_reinforcements@65ddc55,tempest_reinforcements,65ddc55,twins,official,1,0,rating,a,a,1.0,core_destroyed,85,,19,0,9,1,10,0,10,4,ok,,3.623,n-62-31-21,29004097,2026-08-02T12:47:28+0200
fb1da29277f4ea4b,auto-10d581bed771,autistimusprime@ecd4d24,autistimusprime,ecd4d24,tempest_reinforcements@65ddc55,tempest_reinforcements,65ddc55,showdown,official,1,0,rating,b,b,0.0,core_destroyed,25,,5,0,7,8,7,0,10,6,ok,,3.114,n-62-31-21,29004097,2026-08-02T12:46:37+0200
fb23201a1f07bb53,auto-10d581bed771,undertow@fdc1e1f,undertow,fdc1e1f,tempest_reinforcements@65ddc55,tempest_reinforcements,65ddc55,runestone,official,1,0,rating,b,b,0.0,core_destroyed,41,,109,140,7,13,10,0,11,5,ok,,4.027,n-62-21-67,29004097,2026-08-02T12:47:23+0200
fb2700e497cc60fd,auto-10d581bed771,vg_v4@9713344,vg_v4,9713344,tempest_reinforcements@65ddc55,tempest_reinforcements,65ddc55,showdown,official,1,0,rating,b,b,0.0,core_destroyed,41,,92,0,5,5,8,0,10,8,ok,,3.67,n-62-31-16,29004097,2026-08-02T12:48:10+0200
fb3d2e5390463691,auto-10d581bed771,tempest_reinforcements@65ddc55,tempest_reinforcements,65ddc55,opponent_luc@e83a42c,opponent_luc,e83a42c,aurora,official,1,0,rating,a,a,1.0,core_destroyed,40,,30,80,11,8,15,0,12,2,ok,,6.712,n-62-31-20,29004097,2026-08-02T12:46:54+0200
fb48e73fa469cc09,auto-10d581bed771,tempest_reinforcements@65ddc55,tempest_reinforcements,65ddc55,vanguard@818f3b4,vanguard,818f3b4,aurora,official,1,0,rating,a,a,1.0,core_destroyed,52,,30,110,12,8,106,210,10,8,ok,,4.681,n-62-29-17,29004097,2026-08-02T12:47:50+0200
fb995339be94f28d,auto-10d581bed771,nemesis@9713344,nemesis,9713344,tempest_reinforcements@65ddc55,tempest_reinforcements,65ddc55,twins,official,1,0,rating,b,b,0.0,core_destroyed,50,,69,0,6,6,10,0,10,5,ok,,4.179,n-62-31-20,29004097,2026-08-02T12:46:17+0200
fba1be98d8dd1a14,auto-10d581bed771,mistral@ba943b9,mistral,ba943b9,tempest_reinforcements@65ddc55,tempest_reinforcements,65ddc55,jackpot,official,1,0,rating,b,b,0.0,core_destroyed,37,,314,0,4,0,20,80,11,7,ok,,3.839,n-62-31-14,29004097,2026-08-02T12:47:42+0200
fbb6fb2659936024,auto-10d581bed771,tempest_picket@fdc1e1f,tempest_picket,fdc1e1f,tempest_reinforcements@65ddc55,tempest_reinforcements,65ddc55,atoll,official,1,0,rating,a,a,1.0,core_destroyed,31,,24,0,13,3,7,50,10,4,ok,,4.747,n-62-21-2,29004097,2026-08-02T12:47:00+0200
fbd185d668e98b3e,auto-10d581bed771,siege_v1@9713344,siege_v1,9713344,tempest_reinforcements@65ddc55,tempest_reinforcements,65ddc55,longship,official,1,0,rating,b,b,0.0,core_destroyed,47,,264,0,6,2,10,90,11,14,ok,,3.268,n-62-11-59,29004097,2026-08-02T12:46:42+0200
fbedbf284651bd48,auto-10d581bed771,tempest_reinforcements@65ddc55,tempest_reinforcements,65ddc55,reaver@9713344,reaver,9713344,sweden,official,1,0,rating,a,a,1.0,core_destroyed,194,,24,1090,26,19,663,350,8,3,ok,,7.571,n-62-11-54,29004097,2026-08-02T12:46:25+0200
fc17d8e73aa2be54,auto-10d581bed771,tempest_reinforcements@65ddc55,tempest_reinforcements,65ddc55,uw_v2@9713344,uw_v2,9713344,twins,official,1,0,rating,a,a,1.0,core_destroyed,53,,10,110,10,9,52,170,6,22,ok,,3.528,n-62-11-62,29004097,2026-08-02T12:48:47+0200
fc243c56c6342f67,auto-10d581bed771,v233_f@9713344,v233_f,9713344,tempest_reinforcements@65ddc55,tempest_reinforcements,65ddc55,sprint,official,1,0,rating,b,b,0.0,core_destroyed,58,,80,230,6,10,8,120,10,9,ok,,4.008,n-62-21-98,29004097,2026-08-02T12:47:51+0200
fc41794748c75a29,auto-10d581bed771,tempest_reinforcements@65ddc55,tempest_reinforcements,65ddc55,vg_v2@9713344,vg_v2,9713344,showdown,official,1,0,rating,a,a,1.0,core_destroyed,38,,10,0,10,8,73,0,8,7,ok,,4.133,n-62-31-5,29004097,2026-08-02T12:47:49+0200
fc50fea112c38ac5,auto-10d581bed771,tempest_reinforcements@65ddc55,tempest_reinforcements,65ddc55,tempest_reinforcements@edf93ad,tempest_reinforcements,edf93ad,aurora,official,1,0,rating,a,a,1.0,core_destroyed,40,,27,80,10,8,20,70,12,9,ok,,4.351,n-62-12-67,29004097,2026-08-02T12:46:23+0200
fc577b8bccd2ec4e,auto-10d581bed771,tempest_reinforcements@65ddc55,tempest_reinforcements,65ddc55,vg_v4@9713344,vg_v4,9713344,pinch,official,1,0,rating,a,a,1.0,core_destroyed,29,,8,50,10,9,95,0,2,3,ok,,3.179,n-62-31-13,29004097,2026-08-02T12:49:28+0200
fc7b8453d2141c8b,auto-10d581bed771,reaver@9713344,reaver,9713344,tempest_reinforcements@65ddc55,tempest_reinforcements,65ddc55,skerry,official,1,0,rating,b,b,0.0,core_destroyed,55,,113,0,4,4,10,130,13,5,ok,,4.304,n-62-11-53,29004097,2026-08-02T12:47:19+0200
fc85d034d40ddd86,auto-10d581bed771,tempest_reinforcements@65ddc55,tempest_reinforcements,65ddc55,claude_challenger_3@fdc1e1f,claude_challenger_3,fdc1e1f,twins,official,1,0,rating,a,a,1.0,core_destroyed,43,,20,90,11,9,391,0,5,1,ok,,5.013,n-62-31-10,29004097,2026-08-02T12:47:13+0200
fca4a90d57bbaacb,auto-10d581bed771,tempest_reinforcements@65ddc55,tempest_reinforcements,65ddc55,tempest@da3fd8a,tempest,da3fd8a,strait,official,1,0,rating,a,a,1.0,core_destroyed,42,,10,80,11,11,334,80,4,8,ok,,3.437,n-62-21-90,29004097,2026-08-02T12:46:42+0200
fcd170c030be6dab,auto-10d581bed771,tempest_reinforcements@65ddc55,tempest_reinforcements,65ddc55,vanguard_oracle@902be71,vanguard_oracle,902be71,longship,official,1,0,rating,a,a,1.0,core_destroyed,54,,10,110,11,12,127,220,8,8,ok,,4.251,n-62-29-32,29004097,2026-08-02T12:48:20+0200
fcd58ef6f33599cd,auto-10d581bed771,vg_v3@9713344,vg_v3,9713344,tempest_reinforcements@65ddc55,tempest_reinforcements,65ddc55,atoll,official,1,0,rating,b,b,0.0,core_destroyed,44,,111,50,7,6,30,100,12,6,ok,,3.959,n-62-31-5,29004097,2026-08-02T12:49:35+0200
fcdf9c5d95079840,auto-10d581bed771,vg_v4@9713344,vg_v4,9713344,tempest_reinforcements@65ddc55,tempest_reinforcements,65ddc55,vase,official,1,0,rating,b,b,0.0,core_destroyed,34,,409,0,3,3,10,0,11,6,ok,,2.78,n-62-31-16,29004097,2026-08-02T12:49:34+0200
fd0c632aeb6e08ba,auto-10d581bed771,v233_d@9713344,v233_d,9713344,tempest_reinforcements@65ddc55,tempest_reinforcements,65ddc55,sweden,official,1,0,rating,b,b,0.0,core_destroyed,46,,4,50,6,19,10,0,10,6,ok,,3.341,n-62-31-11,29004097,2026-08-02T12:48:26+0200
fd1d62a85825284e,auto-10d581bed771,tempest_reinforcements@65ddc55,tempest_reinforcements,65ddc55,attack_wave_v1@9713344,attack_wave_v1,9713344,atoll,official,1,0,rating,a,a,1.0,core_destroyed,31,,10,60,11,6,179,0,6,3,ok,,3.929,n-62-31-5,29004097,2026-08-02T12:46:12+0200
fd4d8905cde97517,auto-10d581bed771,tempest_reinforcements@51ad530,tempest_reinforcements,51ad530,tempest_reinforcements@65ddc55,tempest_reinforcements,65ddc55,vault,official,1,0,rating,b,b,0.0,core_destroyed,62,,29,140,11,5,8,200,12,6,ok,,7.241,n-62-13-8,29004097,2026-08-02T12:48:17+0200
fd80f01aa77cd25c,auto-10d581bed771,tempest_reinforcements@65ddc55,tempest_reinforcements,65ddc55,tempest_picket@fdc1e1f,tempest_picket,fdc1e1f,pinch,official,1,0,rating,b,b,0.0,core_destroyed,29,,9,0,10,3,53,0,11,4,ok,,4.717,n-62-21-15,29004097,2026-08-02T12:46:51+0200
fd83b845777ceb0c,auto-10d581bed771,tempest_reinforcements@65ddc55,tempest_reinforcements,65ddc55,riptide@9713344,riptide,9713344,duel,official,1,0,rating,a,a,1.0,core_destroyed,55,,10,130,11,5,101,60,1,5,ok,,3.407,n-62-11-54,29004097,2026-08-02T12:47:56+0200
fd8d976358a8b7bf,auto-10d581bed771,tempest_reinforcements@65ddc55,tempest_reinforcements,65ddc55,vanguard@818f3b4,vanguard,818f3b4,twins,official,1,0,rating,a,a,1.0,core_destroyed,52,,20,110,11,9,100,210,9,8,ok,,3.886,n-62-29-19,29004097,2026-08-02T12:48:52+0200
fd9a2060f49221b4,auto-10d581bed771,v233_a@9713344,v233_a,9713344,tempest_reinforcements@65ddc55,tempest_reinforcements,65ddc55,vase,official,1,0,rating,b,b,0.0,core_destroyed,34,,289,0,3,3,10,0,11,6,ok,,2.879,n-62-11-65,29004097,2026-08-02T12:47:41+0200
fda25f1673105463,auto-10d581bed771,tempest_reinforcements@65ddc55,tempest_reinforcements,65ddc55,undertow_oracle@75591b7,undertow_oracle,75591b7,duel,official,1,0,rating,b,b,0.0,core_destroyed,38,,8,80,11,4,85,160,10,11,ok,,4.399,n-62-31-22,29004097,2026-08-02T12:48:18+0200
fdcc339818d8514b,auto-10d581bed771,claude_challenger_3@fdc1e1f,claude_challenger_3,fdc1e1f,tempest_reinforcements@65ddc55,tempest_reinforcements,65ddc55,bridge,official,1,0,rating,b,b,0.0,core_destroyed,42,,600,0,0,0,10,0,10,8,ok,,2.271,n-62-21-92,29004097,2026-08-02T12:47:43+0200
fdd599620a26cbd8,auto-10d581bed771,vg_v4@9713344,vg_v4,9713344,tempest_reinforcements@65ddc55,tempest_reinforcements,65ddc55,sweden,official,1,0,rating,b,b,0.0,core_destroyed,121,,122,230,6,9,28,280,10,31,ok,,4.763,n-62-31-16,29004097,2026-08-02T12:49:20+0200
fde980a9f2699d42,auto-10d581bed771,tempest_reinforcements@65ddc55,tempest_reinforcements,65ddc55,jonbot@9713344,jonbot,9713344,aurora,official,1,0,rating,a,a,1.0,core_destroyed,43,,10,80,11,8,266,0,5,0,ok,,3.225,n-62-29-29,29004097,2026-08-02T12:47:09+0200
fe062834ef48764f,auto-10d581bed771,e9cand@9e77076,e9cand,9e77076,tempest_reinforcements@65ddc55,tempest_reinforcements,65ddc55,vault,official,1,0,rating,b,b,0.0,core_destroyed,55,,96,0,11,1,1,220,12,20,ok,,4.69,n-62-21-103,29004097,2026-08-02T12:47:43+0200
fe3a3c0154262831,auto-10d581bed771,casemate@902be71,casemate,902be71,tempest_reinforcements@65ddc55,tempest_reinforcements,65ddc55,twins,official,1,0,rating,b,b,0.0,core_destroyed,38,,63,0,5,15,10,0,10,5,ok,,3.924,n-62-11-62,29004097,2026-08-02T12:46:51+0200
fe53a88736cc378e,auto-10d581bed771,claude_challenger_2@fdc1e1f,claude_challenger_2,fdc1e1f,tempest_reinforcements@65ddc55,tempest_reinforcements,65ddc55,crossfire,official,1,0,rating,b,b,0.0,core_destroyed,84,,42,190,5,3,56,340,15,14,ok,,7.482,n-62-11-66,29004097,2026-08-02T12:47:53+0200
fe5ca5afc7f212e4,auto-10d581bed771,e_final@9e77076,e_final,9e77076,tempest_reinforcements@65ddc55,tempest_reinforcements,65ddc55,string,official,1,0,rating,b,b,0.0,core_destroyed,60,,74,0,1,5,21,140,12,7,ok,,3.859,n-62-21-99,29004097,2026-08-02T12:47:07+0200
fe5d8dc524ef933d,auto-10d581bed771,vg_v7@9713344,vg_v7,9713344,tempest_reinforcements@65ddc55,tempest_reinforcements,65ddc55,fjord,official,1,0,rating,b,b,0.0,core_destroyed,40,,78,170,5,8,30,90,11,5,ok,,3.532,n-62-11-58,29004097,2026-08-02T12:49:48+0200
fe61e09f03cd210e,auto-10d581bed771,tempest_reinforcements@65ddc55,tempest_reinforcements,65ddc55,v233_c@9713344,v233_c,9713344,sweden,official,1,0,rating,b,b,0.0,core_destroyed,111,,51,460,14,21,246,220,8,9,ok,,4.385,n-62-31-9,29004097,2026-08-02T12:48:10+0200
fe7198947688c5e8,auto-10d581bed771,jonbot@9713344,jonbot,9713344,tempest_reinforcements@65ddc55,tempest_reinforcements,65ddc55,aurora,official,1,0,rating,b,b,0.0,core_destroyed,47,,279,0,5,0,10,90,11,11,ok,,3.197,n-62-29-29,29004097,2026-08-02T12:47:12+0200
fe85620da1470487,auto-10d581bed771,tempest@da3fd8a,tempest,da3fd8a,tempest_reinforcements@65ddc55,tempest_reinforcements,65ddc55,vase,official,1,0,rating,b,b,0.0,core_destroyed,34,,212,0,4,4,8,0,10,6,ok,,3.387,n-62-21-90,29004097,2026-08-02T12:47:26+0200
fe8a53e0aac21961,auto-10d581bed771,v233_d@9713344,v233_d,9713344,tempest_reinforcements@65ddc55,tempest_reinforcements,65ddc55,vase,official,1,0,rating,b,b,0.0,core_destroyed,34,,369,0,3,3,10,0,11,6,ok,,2.781,n-62-31-11,29004097,2026-08-02T12:48:40+0200
fe8eaa84b3a94c6f,auto-10d581bed771,reaver@9713344,reaver,9713344,tempest_reinforcements@65ddc55,tempest_reinforcements,65ddc55,aurora,official,1,0,rating,b,b,0.0,core_destroyed,53,,134,110,8,9,10,110,12,11,ok,,4.188,n-62-11-57,29004097,2026-08-02T12:47:15+0200
feaff6b850f6a973,auto-10d581bed771,tempest_reinforcements@65ddc55,tempest_reinforcements,65ddc55,mistral@ba943b9,mistral,ba943b9,jackpot,official,1,0,rating,a,a,1.0,core_destroyed,36,,20,70,11,7,282,0,5,0,ok,,3.89,n-62-31-14,29004097,2026-08-02T12:47:38+0200
fec87d3809652cba,auto-10d581bed771,tempest_reinforcements@65ddc55,tempest_reinforcements,65ddc55,tempest_reinforcements@025dd51,tempest_reinforcements,025dd51,quarry,official,1,0,rating,a,a,1.0,core_destroyed,54,,13,90,11,8,9,0,11,5,ok,,5.795,n-62-21-24,29004097,2026-08-02T12:47:22+0200
fef2c68d49f54cd2,auto-10d581bed771,tempest_reinforcements@65ddc55,tempest_reinforcements,65ddc55,undertow@9713344,undertow,9713344,pinch,official,1,0,rating,a,a,1.0,core_destroyed,28,,20,50,10,9,107,0,6,3,ok,,3.701,n-62-21-63,29004097,2026-08-02T12:46:44+0200
ff059ed43ca5a5d1,auto-10d581bed771,tempest_reinforcements@65ddc55,tempest_reinforcements,65ddc55,tempest_sentinel@fdc1e1f,tempest_sentinel,fdc1e1f,vault,official,1,0,rating,a,a,1.0,core_destroyed,42,,10,80,10,4,32,160,9,5,ok,,4.26,n-62-21-57,29004097,2026-08-02T12:46:20+0200
ff0c31cfc4c9bc7d,auto-10d581bed771,tempest_reinforcements@65ddc55,tempest_reinforcements,65ddc55,reaver@9713344,reaver,9713344,fjord,official,1,0,rating,a,a,1.0,core_destroyed,32,,20,60,11,5,90,0,4,2,ok,,2.795,n-62-11-57,29004097,2026-08-02T12:48:07+0200
ff4c2d1a004ad4d3,auto-10d581bed771,e_condc@6db8844,e_condc,6db8844,tempest_reinforcements@65ddc55,tempest_reinforcements,65ddc55,pinch,official,1,0,rating,b,b,0.0,core_destroyed,26,,21,0,8,9,10,40,10,8,ok,,3.446,n-62-21-104,29004097,2026-08-02T12:47:34+0200
ff6c2025e85ca35d,auto-10d581bed771,tempest_reinforcements@65ddc55,tempest_reinforcements,65ddc55,frontier_v2@9713344,frontier_v2,9713344,runestone,official,1,0,rating,a,a,1.0,core_destroyed,32,,20,0,11,5,80,0,7,4,ok,,3.296,n-62-29-26,29004097,2026-08-02T12:46:57+0200
ff86711810997af5,auto-10d581bed771,tempest_reinforcements@65ddc55,tempest_reinforcements,65ddc55,undertow@da3fd8a,undertow,da3fd8a,sprint,official,1,0,rating,b,b,0.0,core_destroyed,32,,18,30,10,6,66,20,10,9,ok,,3.768,n-62-21-65,29004097,2026-08-02T12:47:40+0200
ff8d8a992bcba56a,auto-10d581bed771,undertow@da3fd8a,undertow,da3fd8a,tempest_reinforcements@65ddc55,tempest_reinforcements,65ddc55,vase,official,1,0,rating,b,b,0.0,core_destroyed,34,,204,0,6,0,10,0,11,6,ok,,3.546,n-62-21-66,29004097,2026-08-02T12:47:05+0200
fff912362b69b7ec,auto-10d581bed771,tempest_reinforcements@65ddc55,tempest_reinforcements,65ddc55,jonbot@9713344,jonbot,9713344,string,official,1,0,rating,a,a,1.0,core_destroyed,36,,27,120,11,10,274,0,3,0,ok,,3.064,n-62-29-30,29004097,2026-08-02T12:46:25+0200
